Unnamed: 0,OID_,Elevation,Latitude,Longitude,Interpolated_Tmean(C),Adjusted_Tmean(C)
0,148,72.0,-47.275,167.475,12.35762522090954,11.92562522090954
1,153,244.0,-47.275,167.525,12.37003598953379,10.90603598953379
2,156,49.0,-47.225,167.475,12.403283144754823,12.109283144754823
3,165,326.0,-47.225,167.525,12.413043754197133,10.457043754197134
4,174,36.0,-47.225,167.575,12.422993167376262,12.206993167376263
5,183,127.0,-47.175,167.575,12.461578193502646,11.699578193502646
6,272,179.0,-47.175,167.625,12.4689645424005,11.3949645424005
7,278,24.0,-47.175,167.675,12.477358278807515,12.333358278807514
8,285,104.0,-47.175,167.725,12.487201761421602,11.863201761421601
9,403,141.0,-47.125,167.625,12.502391844245722,11.656391844245722
10,405,259.0,-47.125,167.675,12.507149129483878,10.953149129483878
11,413,184.0,-47.125,167.725,12.513475194333296,11.409475194333297
12,293,124.0,-47.175,167.775,12.498911076709192,11.754911076709192
13,301,165.0,-47.175,167.825,12.512850916435127,11.522850916435127
14,309,0.0,-47.175,167.875,12.529305982501683,12.529305982501683
15,415,252.0,-47.125,167.775,12.521888647112064,11.009888647112064
16,418,256.0,-47.125,167.825,12.532863497362996,10.996863497362996
17,422,293.0,-47.125,167.875,12.546793861460174,10.788793861460174
18,425,75.0,-47.125,167.925,12.56395356901703,12.113953569017031
19,430,119.0,-47.125,167.975,12.584455198546493,11.870455198546493
20,436,61.0,-47.125,168.025,12.608218903686065,12.242218903686066
21,449,204.0,-47.075,167.625,12.534082738387951,11.310082738387951
22,456,363.0,-47.075,167.675,12.534556284736027,10.356556284736026
23,549,158.0,-47.075,167.725,12.5366653986639,11.588665398663899
24,667,380.0,-47.025,167.725,12.557040302210225,10.277040302210226
25,906,112.0,-46.975,167.725,12.5750284773967,11.903028477396699
26,556,176.0,-47.075,167.775,12.541045321348065,11.485045321348064
27,562,506.0,-47.075,167.825,12.548300480080798,9.512300480080798
28,568,258.0,-47.075,167.875,12.558963471947209,11.010963471947209
29,672,192.0,-47.025,167.775,12.556538855315011,11.404538855315012
30,677,419.0,-47.025,167.825,12.559180456144531,10.045180456144532
31,682,402.0,-47.025,167.875,12.565666632803186,10.153666632803187
32,944,100.0,-46.975,167.775,12.568690948817675,11.968690948817676
33,945,218.0,-46.975,167.825,12.565677943024639,11.257677943024639
34,946,59.0,-46.975,167.875,12.566885298245325,12.212885298245325
35,950,15.0,-46.925,167.775,12.578047166720353,12.488047166720353
36,951,60.0,-46.925,167.825,12.56820155229434,12.20820155229434
37,952,262.0,-46.925,167.875,12.562829086946294,10.990829086946295
38,574,183.0,-47.075,167.925,12.573443475292152,11.47544347529215
39,580,36.0,-47.075,167.975,12.591966127871274,12.375966127871274
40,652,61.0,-47.075,168.025,12.614514665423485,12.248514665423485
41,656,65.0,-47.075,168.075,12.640799844117282,12.250799844117282
42,687,299.0,-47.025,167.925,12.576586207287619,10.782586207287618
43,692,278.0,-47.025,167.975,12.592335687408195,10.924335687408195
44,697,165.0,-47.025,168.025,12.613021604149253,11.623021604149253
45,702,107.0,-47.025,168.075,12.638368207106396,11.996368207106396
46,947,462.0,-46.975,167.975,12.58503690872385,9.81303690872385
47,948,252.0,-46.975,168.025,12.602951355402183,11.090951355402183
48,949,156.0,-46.975,168.075,12.626708744479402,11.690708744479402
49,953,274.0,-46.925,167.925,12.562996094016853,10.918996094016853
50,954,34.0,-46.925,167.975,12.569640633450035,12.365640633450035
51,662,63.0,-47.075,168.125,12.67030744172007,12.29230744172007
52,767,140.0,-47.025,168.125,12.667730058390589,11.827730058390589
53,858,121.0,-47.025,168.175,12.700360958446254,11.974360958446255
54,968,161.0,-46.775,167.625,12.721381395262142,11.755381395262143
55,969,177.0,-46.775,167.725,12.639694654379127,11.577694654379128
56,955,228.0,-46.875,167.775,12.58544094809622,11.21744094809622
57,956,54.0,-46.875,167.825,12.567485627936549,12.243485627936549
58,957,20.0,-46.875,167.875,12.554064423420641,12.434064423420642
59,962,70.0,-46.825,167.775,12.592049900893471,12.172049900893471
60,963,19.0,-46.825,167.825,12.564677761802159,12.450677761802158
61,964,16.0,-46.825,167.875,12.5416468437179,12.445646843717899
62,970,38.0,-46.775,167.775,12.599430731945176,12.371430731945177
63,971,39.0,-46.775,167.825,12.561401236005622,12.327401236005622
64,972,96.0,-46.775,167.875,12.52721882870901,11.95121882870901
65,958,20.0,-46.875,167.925,12.546504011268553,12.426504011268554
66,959,304.0,-46.875,167.975,12.546066521077591,10.722066521077592
67,960,121.0,-46.875,168.025,12.553800311688974,11.827800311688975
68,961,112.0,-46.875,168.075,12.570281827924191,11.89828182792419
69,965,26.0,-46.825,167.925,12.524530663467885,12.368530663467885
70,966,263.0,-46.825,167.975,12.514922540154657,10.936922540154658
71,967,230.0,-46.825,168.025,12.514290568593424,11.134290568593425
72,973,238.0,-46.775,167.925,12.498671172917966,11.070671172917965
73,974,164.0,-46.775,167.975,12.477683067863836,11.493683067863836
74,975,72.0,-46.725,167.725,12.660605987002782,12.228605987002782
75,976,218.0,-46.725,167.775,12.609521195645357,11.301521195645357
76,977,149.0,-46.725,167.825,12.559778327002277,11.665778327002277
77,978,403.0,-46.725,167.875,12.513058621676464,10.095058621676465
78,979,444.0,-46.725,167.925,12.471299278407969,9.80729927840797
79,989,8.0,-46.575,168.525,12.497780395715381,12.449780395715381
80,990,7.0,-46.575,168.575,12.588177804831503,12.546177804831503
81,991,1.0,-46.575,168.625,12.687174223698094,12.681174223698093
82,992,0.0,-46.575,168.675,12.793104393738759,12.793104393738759
83,993,8.0,-46.575,168.775,13.02135294963955,12.97335294963955
84,980,20.0,-46.625,168.875,13.3016062015231,13.1816062015231
85,981,122.0,-46.625,168.925,13.416957214860304,12.684957214860304
86,982,94.0,-46.625,168.975,13.532047264456196,12.968047264456196
87,994,19.0,-46.575,168.825,13.142004727495078,13.028004727495077
88,995,39.0,-46.575,168.875,13.265820757420443,13.031820757420443
89,996,51.0,-46.575,168.925,13.39157445393721,13.08557445393721
90,997,194.0,-46.575,168.975,13.517599294977117,12.353599294977117
91,983,20.0,-46.625,169.025,13.644445648071269,13.52444564807127
92,984,141.0,-46.625,169.075,13.75115979766997,12.90515979766997
93,985,61.0,-46.625,169.125,13.84852832175602,13.482528321756021
94,998,276.0,-46.575,169.025,13.641686341608874,11.985686341608874
95,999,243.0,-46.575,169.075,13.761001304228557,12.303001304228557
96,1000,71.0,-46.575,169.125,13.871996907364519,13.445996907364519
97,29,116.0,-46.575,169.175,13.970288206906844,13.274288206906844
98,32,222.0,-46.575,169.225,14.050448971593141,12.71844897159314
99,35,45.0,-46.575,169.275,14.105663607813767,13.835663607813768
100,38,167.0,-46.575,169.325,14.127094436546031,13.12509443654603
101,986,25.0,-46.625,169.175,13.93207830571555,13.78207830571555
102,987,106.0,-46.625,169.225,13.996305554624996,13.360305554624997
103,988,60.0,-46.625,169.325,14.037046915993415,13.677046915993415
104,41,158.0,-46.575,169.375,14.102547526366834,13.154547526366834
105,43,20.0,-46.575,169.425,14.01247499202509,13.892474992025091
106,46,0.0,-46.575,169.475,13.809987529322825,13.809987529322825
107,48,16.0,-46.525,168.275,11.918037876144808,11.822037876144808
108,51,5.0,-46.525,168.325,11.96195637049459,11.931956370494591
109,54,11.0,-46.525,168.375,12.049570243612834,11.983570243612833
110,57,10.0,-46.525,168.425,12.150422381575481,12.09042238157548
111,564,13.0,-46.475,168.275,11.744943193105428,11.666943193105428
112,570,1.0,-46.475,168.375,11.834331874306372,11.828331874306372
113,576,11.0,-46.475,168.425,11.966260396766302,11.900260396766301
114,793,10.0,-46.425,168.275,11.649984731709992,11.589984731709992
115,795,0.0,-46.425,168.325,11.609511011578434,11.609511011578434
116,797,20.0,-46.425,168.375,11.702712343831081,11.582712343831082
117,799,27.0,-46.425,168.425,11.854271218504437,11.692271218504436
118,60,12.0,-46.525,168.475,12.254711354915344,12.182711354915345
119,152,13.0,-46.525,168.525,12.363768495975819,12.28576849597582
120,157,10.0,-46.525,168.575,12.477081918874319,12.417081918874318
121,582,10.0,-46.475,168.475,12.106753836724238,12.046753836724237
122,650,21.0,-46.475,168.525,12.245010835569701,12.119010835569702
123,657,20.0,-46.475,168.575,12.379812257699086,12.259812257699087
124,801,30.0,-46.425,168.475,12.013559260365582,11.833559260365583
125,803,32.0,-46.425,168.525,12.167491127391258,11.975491127391258
126,805,40.0,-46.425,168.575,12.31392469011189,12.07392469011189
127,166,20.0,-46.525,168.625,12.593863098540169,12.47386309854017
128,175,10.0,-46.525,168.675,12.713730809857225,12.653730809857224
129,184,10.0,-46.525,168.725,12.836642243586539,12.776642243586538
130,267,22.0,-46.525,168.775,12.962680357359204,12.830680357359205
131,665,30.0,-46.475,168.625,12.512071170360286,12.332071170360287
132,670,25.0,-46.475,168.675,12.643127480423573,12.493127480423572
133,675,10.0,-46.475,168.725,12.774332984216016,12.714332984216016
134,680,41.0,-46.475,168.775,12.906871356299234,12.660871356299234
135,807,39.0,-46.425,168.625,12.454162602563883,12.220162602563883
136,809,48.0,-46.425,168.675,12.590375175463123,12.302375175463123
137,811,43.0,-46.425,168.725,12.724784407324478,12.466784407324479
138,813,13.0,-46.425,168.775,12.859378321310942,12.781378321310942
139,271,25.0,-46.525,168.825,13.09183612556808,12.941836125568079
140,276,43.0,-46.525,168.875,13.223810684463388,12.965810684463388
141,282,101.0,-46.525,168.925,13.357848000985541,12.751848000985541
142,290,197.0,-46.525,168.975,13.49260882641829,12.31060882641829
143,685,61.0,-46.475,168.825,13.041602994646382,12.675602994646383
144,690,60.0,-46.475,168.875,13.1788992214897,12.818899221489701
145,695,171.0,-46.475,168.925,13.318483337305224,12.292483337305224
146,700,258.0,-46.475,168.975,13.459313604900672,11.911313604900672
147,815,79.0,-46.425,168.825,12.995729528698575,12.521729528698575
148,817,99.0,-46.425,168.875,13.134795440841117,12.540795440841118
149,820,122.0,-46.425,168.925,13.27671123946493,12.544711239464931
150,822,367.0,-46.425,168.975,13.420647366910998,11.218647366910998
151,298,89.0,-46.525,169.025,13.626087864711735,13.092087864711734
152,306,82.0,-46.525,169.075,13.755557757889619,13.26355775788962
153,416,59.0,-46.525,169.125,13.877505439952074,13.523505439952075
154,769,441.0,-46.475,169.025,13.59952790098032,10.953527900980319
155,770,336.0,-46.475,169.075,13.736431067398371,11.720431067398371
156,771,310.0,-46.475,169.125,13.866471782173903,12.006471782173904
157,859,88.0,-46.425,169.025,13.564783604739205,13.036783604739204
158,860,116.0,-46.425,169.075,13.70637042209637,13.01037042209637
159,862,116.0,-46.425,169.125,13.841784432333952,13.145784432333953
160,419,100.0,-46.525,169.175,13.987515139288007,13.387515139288007
161,421,237.0,-46.525,169.225,14.080041766996146,12.658041766996146
162,424,404.0,-46.525,169.275,14.14798756447999,11.723987564479991
163,427,301.0,-46.525,169.325,14.18189169634934,12.37589169634934
164,772,284.0,-46.475,169.175,13.985143696456362,12.281143696456361
165,773,237.0,-46.475,169.225,14.086744416246802,12.664744416246801
166,774,123.0,-46.475,169.275,14.16391071943508,13.42591071943508
167,776,504.0,-46.475,169.325,14.20681293178859,11.18281293178859
168,863,432.0,-46.425,169.175,13.966486984551011,11.37448698455101
169,865,253.0,-46.425,169.225,14.074833144346485,12.556833144346484
170,867,408.0,-46.425,169.275,14.159714087003522,11.711714087003521
171,869,458.0,-46.425,169.325,14.212083817317762,11.464083817317762
172,435,73.0,-46.525,169.375,14.168192355078645,13.730192355078644
173,440,20.0,-46.525,169.425,14.085148071204458,13.965148071204458
174,443,20.0,-46.525,169.475,13.904242062810226,13.784242062810227
175,778,316.0,-46.475,169.375,14.201971315698756,12.305971315698756
176,780,317.0,-46.475,169.425,14.131867587508168,12.229867587508169
177,782,286.0,-46.475,169.475,13.981023877931875,12.265023877931876
178,871,425.0,-46.425,169.375,14.220705412133611,11.67070541213361
179,873,375.0,-46.425,169.425,14.173248766393954,11.923248766393954
180,875,342.0,-46.425,169.475,14.060269763884207,12.008269763884208
181,450,131.0,-46.525,169.525,13.629575038621624,12.843575038621625
182,457,60.0,-46.525,169.575,13.287969612380039,12.92796961238004
183,546,202.0,-46.525,169.625,12.899151647419785,11.687151647419785
184,552,99.0,-46.525,169.675,12.481965207212852,11.887965207212853
185,784,324.0,-46.475,169.525,13.748955915109036,11.804955915109037
186,785,58.0,-46.475,169.575,13.447821725803806,13.099821725803805
187,787,13.0,-46.475,169.625,13.090699146372572,13.012699146372572
188,789,20.0,-46.475,169.675,12.690544197097552,12.570544197097552
189,877,382.0,-46.425,169.525,13.879836041402086,11.587836041402086
190,879,59.0,-46.425,169.575,13.63663111333517,13.28263111333517
191,881,20.0,-46.425,169.625,13.337000851444827,13.217000851444828
192,883,63.0,-46.425,169.675,12.987172545470457,12.609172545470457
193,791,8.0,-46.475,169.725,12.267577410430022,12.219577410430022
194,938,107.0,-46.425,169.725,12.599141759606937,11.957141759606937
195,939,85.0,-46.425,169.775,12.209295183625727,11.699295183625727
196,21,24.0,-46.225,166.975,14.064141009144805,13.920141009144805
197,22,20.0,-46.225,167.025,14.108038192291133,13.988038192291134
198,23,95.0,-46.225,167.075,14.140932900823827,13.570932900823827
199,24,96.0,-46.225,167.125,14.161923601041053,13.585923601041053
200,26,140.0,-46.225,167.175,14.170299642992177,13.330299642992177
201,27,73.0,-46.225,167.225,14.165562493846664,13.727562493846664
202,31,78.0,-46.225,167.275,14.14744367160165,13.67944367160165
203,34,239.0,-46.225,167.325,14.115915643989865,12.681915643989866
204,37,49.0,-46.225,167.675,13.564326755520597,13.270326755520596
205,42,169.0,-46.225,167.725,13.449867537394312,12.435867537394312
206,572,37.0,-46.325,167.725,13.184593315876555,12.962593315876555
207,625,0.0,-46.275,167.725,13.311370187835564,13.311370187835564
208,47,99.0,-46.225,167.775,13.330303711783927,12.736303711783927
209,50,513.0,-46.225,167.825,13.207137188906927,10.129137188906927
210,53,419.0,-46.225,167.875,13.081991214359732,10.567991214359733
211,578,20.0,-46.325,167.775,13.06577865237341,12.945778652373411
212,584,23.0,-46.325,167.825,12.941579882088263,12.803579882088263
213,585,205.0,-46.325,167.875,12.813035261064215,11.583035261064214
214,626,96.0,-46.275,167.775,13.19141579522693,12.61541579522693
215,627,583.0,-46.275,167.825,13.066815458045312,9.568815458045313
216,628,180.0,-46.275,167.875,12.938881934311212,11.858881934311212
217,940,42.0,-46.375,167.775,12.955556627028272,12.703556627028272
218,941,36.0,-46.375,167.875,12.707695754044835,12.491695754044835
219,56,60.0,-46.225,167.925,12.956667174479662,12.596667174479663
220,59,95.0,-46.225,167.975,12.833237038292282,12.263237038292282
221,62,59.0,-46.225,168.025,12.714181891264161,12.360181891264162
222,63,39.0,-46.225,168.075,12.602582160499878,12.368582160499878
223,586,39.0,-46.325,167.925,12.681237998902361,12.447237998902361
224,587,23.0,-46.325,167.975,12.547381103693624,12.409381103693624
225,588,9.0,-46.325,168.025,12.412849042557355,12.358849042557354
226,589,11.0,-46.325,168.075,12.27940157068224,12.213401570682239
227,629,80.0,-46.275,167.925,12.809048082312074,12.329048082312074
228,630,22.0,-46.275,167.975,12.678941978203511,12.546941978203511
229,631,40.0,-46.275,168.025,12.55051612810712,12.31051612810712
230,632,20.0,-46.275,168.075,12.426262909335492,12.306262909335492
231,942,0.0,-46.375,167.975,12.444074454801012,12.444074454801012
232,64,47.0,-46.225,168.125,12.5023354169316,12.2203354169316
233,65,39.0,-46.225,168.175,12.41826892280369,12.18426892280369
234,66,47.0,-46.225,168.225,12.355694578167459,12.073694578167459
235,129,3.0,-46.375,168.225,11.785623279083666,11.767623279083665
236,590,9.0,-46.325,168.125,12.149551754824643,12.095551754824642
237,591,11.0,-46.325,168.175,12.02737132605398,11.96137132605398
238,592,15.0,-46.325,168.225,11.920223940622236,11.830223940622236
239,633,40.0,-46.275,168.125,12.309562818772974,12.069562818772974
240,634,23.0,-46.275,168.175,12.205205363919958,12.067205363919959
241,635,30.0,-46.275,168.225,12.119991971325362,11.939991971325362
242,943,2.0,-46.375,168.175,11.906520235228527,11.894520235228526
243,67,34.0,-46.225,168.275,12.318276513138699,12.114276513138698
244,68,39.0,-46.225,168.325,12.303500699425058,12.069500699425058
245,69,40.0,-46.225,168.375,12.305525556119392,12.065525556119391
246,70,95.0,-46.225,168.425,12.327463009882194,11.757463009882194
247,130,4.0,-46.375,168.275,11.688949583491194,11.664949583491195
248,131,10.0,-46.375,168.325,11.651888045689702,11.591888045689702
249,132,11.0,-46.375,168.375,11.718982449539908,11.652982449539907
250,133,21.0,-46.375,168.425,11.850670042615093,11.724670042615093
251,593,10.0,-46.325,168.275,11.842056023248006,11.782056023248005
252,594,9.0,-46.325,168.325,11.815408510952693,11.761408510952693
253,595,20.0,-46.325,168.375,11.856017538244487,11.736017538244488
254,596,20.0,-46.325,168.425,11.948861660057446,11.828861660057447
255,636,13.0,-46.275,168.275,12.062784930953057,11.984784930953058
256,637,26.0,-46.275,168.325,12.042355085832241,11.88635508583224
257,638,27.0,-46.275,168.375,12.06238092282365,11.900380922823649
258,639,23.0,-46.275,168.425,12.11787749938594,11.97987749938594
259,71,37.0,-46.225,168.475,12.370823900648247,12.148823900648248
260,72,37.0,-46.225,168.525,12.431034965902654,12.209034965902655
261,73,69.0,-46.225,168.575,12.502359178270126,12.088359178270126
262,134,24.0,-46.375,168.475,11.999965647122735,11.855965647122735
263,135,31.0,-46.375,168.525,12.14890304421715,11.96290304421715
264,136,41.0,-46.375,168.575,12.292239248072292,12.046239248072292
265,597,39.0,-46.325,168.475,12.066958123614313,11.832958123614313
266,598,44.0,-46.325,168.525,12.193046139313083,11.929046139313083
267,599,53.0,-46.325,168.575,12.3193698652467,12.0013698652467
268,640,41.0,-46.275,168.475,12.197924199692352,11.951924199692352
269,641,58.0,-46.275,168.525,12.291780798819673,11.943780798819672
270,642,83.0,-46.275,168.575,12.392098958756833,11.894098958756834
271,74,92.0,-46.225,168.625,12.580437092692591,12.028437092692592
272,75,102.0,-46.225,168.675,12.662779834921821,12.050779834921821
273,76,120.0,-46.225,168.725,12.748614219381125,12.028614219381124
274,77,122.0,-46.225,168.775,12.838696888629784,12.106696888629784
275,137,56.0,-46.375,168.625,12.42971609459346,12.093716094593459
276,138,60.0,-46.375,168.675,12.562911198314396,12.202911198314396
277,151,39.0,-46.375,168.725,12.693990503004898,12.459990503004898
278,154,21.0,-46.375,168.775,12.825190601302893,12.699190601302893
279,600,60.0,-46.325,168.625,12.443416535774304,12.083416535774305
280,601,67.0,-46.325,168.675,12.56526364275851,12.16326364275851
281,602,66.0,-46.325,168.725,12.68626193673117,12.29026193673117
282,603,33.0,-46.325,168.775,12.808382569310197,12.610382569310197
283,643,60.0,-46.275,168.625,12.494941906705208,12.134941906705208
284,644,61.0,-46.275,168.675,12.598860274563776,12.232860274563777
285,645,80.0,-46.275,168.725,12.704092502459389,12.224092502459388
286,646,54.0,-46.275,168.775,12.812053164510871,12.488053164510871
287,1,205.0,-46.275,168.975,13.309074585817143,12.079074585817143
288,78,41.0,-46.225,168.825,12.935225250941585,12.689225250941584
289,79,208.0,-46.225,168.875,13.041409928981011,11.793409928981012
290,80,302.0,-46.225,168.925,13.159424710003805,11.347424710003805
291,81,179.0,-46.225,168.975,13.287656574808352,12.213656574808352
292,162,68.0,-46.375,168.825,12.958499060045142,12.550499060045142
293,171,101.0,-46.375,168.875,13.09531593376596,12.48931593376596
294,180,63.0,-46.375,168.925,13.23609024662801,12.85809024662801
295,274,101.0,-46.375,168.975,13.380078222548036,12.774078222548036
296,604,22.0,-46.325,168.825,12.933766614205524,12.801766614205524
297,605,41.0,-46.325,168.875,13.064183874786977,12.818183874786977
298,606,60.0,-46.325,168.925,13.20035582512719,12.84035582512719
299,607,106.0,-46.325,168.975,13.341473734832107,12.705473734832108
300,647,35.0,-46.275,168.825,12.924927443582419,12.714927443582418
301,648,84.0,-46.275,168.875,13.04499314763234,12.54099314763234
302,649,219.0,-46.275,168.925,13.17339415821698,11.859394158216979
303,2,258.0,-46.275,169.025,13.449070041671803,11.901070041671803
304,3,230.0,-46.275,169.075,13.589632851355418,12.209632851355419
305,4,285.0,-46.275,169.125,13.726939125468562,12.01693912546856
306,82,409.0,-46.225,169.025,13.421723369508982,10.967723369508981
307,83,284.0,-46.225,169.075,13.557165078747857,11.853165078747857
308,84,225.0,-46.225,169.125,13.690267018622762,12.340267018622763
309,280,128.0,-46.375,169.025,13.525352997323353,12.757352997323352
310,288,307.0,-46.375,169.075,13.669003442664689,11.827003442664688
311,296,120.0,-46.375,169.125,13.807328802766278,13.087328802766278
312,608,399.0,-46.325,169.025,13.485280321594473,11.091280321594473
313,609,474.0,-46.325,169.075,13.628551219240762,10.784551219240763
314,610,625.0,-46.325,169.125,13.767510028170364,10.017510028170364
315,5,382.0,-46.275,169.175,13.857218536464643,11.565218536464643
316,6,232.0,-46.275,169.225,13.976670446216303,12.584670446216304
317,7,258.0,-46.275,169.275,14.081445641671962,12.533445641671962
318,8,345.0,-46.275,169.325,14.167884708283964,12.097884708283964
319,85,377.0,-46.225,169.175,13.81787245688065,11.55587245688065
320,86,200.0,-46.225,169.225,13.937110817443681,12.737110817443682
321,87,222.0,-46.225,169.275,14.04528151010345,12.71328151010345
322,88,256.0,-46.225,169.325,14.140019856558865,12.604019856558866
323,304,211.0,-46.375,169.175,13.935894273094164,12.669894273094163
324,409,378.0,-46.375,169.225,14.049435885306593,11.781435885306593
325,428,488.0,-46.375,169.275,14.141684898797394,11.213684898797393
326,441,263.0,-46.375,169.325,14.205250653018084,12.627250653018084
327,611,293.0,-46.325,169.175,13.897976304629992,12.139976304629993
328,612,212.0,-46.325,169.225,14.015334854168032,12.743334854168031
329,613,243.0,-46.325,169.275,14.114498252680278,12.656498252680278
330,614,419.0,-46.325,169.325,14.190027449336412,11.676027449336413
331,9,318.0,-46.275,169.375,14.233046936713436,12.325046936713436
332,10,292.0,-46.275,169.425,14.274618975265184,12.522618975265184
333,11,507.0,-46.275,169.475,14.290128129834557,11.248128129834557
334,89,296.0,-46.225,169.375,14.220082695625024,12.444082695625024
335,90,118.0,-46.225,169.425,14.285852703158525,13.577852703158525
336,91,97.0,-46.225,169.475,14.33411753841574,13.752117538415739
337,444,218.0,-46.375,169.375,14.231838523757688,12.923838523757688
338,451,662.0,-46.375,169.425,14.21328549538157,10.24128549538157
339,458,112.0,-46.375,169.475,14.143662728005438,13.471662728005438
340,615,339.0,-46.325,169.375,14.236486377865731,12.202486377865732
341,616,406.0,-46.325,169.425,14.248944362097973,11.812944362097973
342,617,402.0,-46.325,169.475,14.223809975574113,11.811809975574114
343,12,328.0,-46.275,169.525,14.278553435085996,12.310553435085996
344,13,115.0,-46.275,169.575,14.241226951007775,13.551226951007775
345,14,40.0,-46.275,169.625,14.18041519448343,13.94041519448343
346,15,36.0,-46.275,169.675,14.095758933191973,13.879758933191974
347,92,60.0,-46.225,169.525,14.362744472995473,14.002744472995474
348,93,60.0,-46.225,169.575,14.3714427296527,14.0114427296527
349,94,61.0,-46.225,169.625,14.359225228148716,13.993225228148717
350,95,83.0,-46.225,169.675,14.319622163180611,13.821622163180612
351,544,295.0,-46.375,169.525,14.021209609172729,12.25120960917273
352,547,452.0,-46.375,169.575,13.847907350198511,11.135907350198512
353,550,200.0,-46.375,169.625,13.626721448115859,12.42672144811586
354,553,100.0,-46.375,169.675,13.358968011745674,12.758968011745674
355,618,304.0,-46.325,169.525,14.16003661407558,12.33603661407558
356,619,124.0,-46.325,169.575,14.05929113561615,13.31529113561615
357,620,195.0,-46.325,169.625,13.924219053969864,12.754219053969864
358,621,40.0,-46.325,169.675,13.7545461362879,13.5145461362879
359,16,36.0,-46.275,169.725,13.972947461075819,13.75694746107582
360,17,7.0,-46.275,169.775,13.736831426060235,13.694831426060235
361,18,10.0,-46.275,169.825,13.463429276851457,13.403429276851456
362,96,18.0,-46.225,169.725,14.228901627346204,14.120901627346203
363,97,81.0,-46.225,169.775,14.049506626035509,13.563506626035508
364,98,1.0,-46.225,169.825,13.821215349980775,13.815215349980775
365,560,146.0,-46.375,169.725,13.046962178450485,12.170962178450486
366,566,20.0,-46.375,169.775,12.716100714707864,12.596100714707864
367,622,19.0,-46.325,169.725,13.538526245398316,13.424526245398315
368,623,12.0,-46.325,169.775,13.261811868864243,13.189811868864243
369,624,5.0,-46.325,169.825,12.985242936601935,12.955242936601936
370,19,74.0,-46.275,169.875,13.23869574748096,12.79469574748096
371,20,44.0,-46.275,169.925,13.08266088873279,12.81866088873279
372,99,99.0,-46.225,169.875,13.610548701130028,13.016548701130029
373,100,111.0,-46.225,169.925,13.446400719631129,12.780400719631128
374,101,68.0,-46.225,169.975,13.33430593912999,12.92630593912999
375,102,17.0,-46.225,170.025,13.269142750341416,13.167142750341416
376,314,198.0,-46.075,166.575,13.76747706893002,12.57947706893002
377,384,239.0,-46.025,166.625,13.962175914613908,12.52817591461391
378,710,82.0,-46.125,166.625,13.753607282378653,13.261607282378653
379,103,44.0,-46.175,166.675,13.740357190235954,13.476357190235955
380,104,298.0,-46.175,166.725,13.827790898259991,12.03979089825999
381,105,209.0,-46.175,166.775,13.913228004963457,12.659228004963458
382,106,406.0,-46.175,166.825,13.994491948673385,11.558491948673385
383,315,504.0,-46.075,166.775,14.143613631473272,11.119613631473271
384,316,600.0,-46.075,166.825,14.234712229321303,10.634712229321304
385,385,500.0,-46.025,166.675,14.06094168589334,11.06094168589334
386,386,11.0,-46.025,166.775,14.259769310621778,14.193769310621777
387,387,312.0,-46.025,166.825,14.35526638954616,12.48326638954616
388,711,298.0,-46.125,166.725,13.93687193984806,12.14887193984806
389,712,502.0,-46.125,166.775,14.027399033137044,11.015399033137044
390,713,236.0,-46.125,166.825,14.113833579409402,12.697833579409401
391,107,251.0,-46.175,166.875,14.069773523260665,12.563773523260664
392,108,280.0,-46.175,166.925,14.137471783156798,12.457471783156798
393,109,439.0,-46.175,166.975,14.196139435574878,11.562139435574878
394,317,554.0,-46.075,166.875,14.320036221040937,10.996036221040937
395,318,854.0,-46.075,166.925,14.397754641016945,9.273754641016946
396,319,183.0,-46.075,166.975,14.46617983725082,13.36817983725082
397,388,696.0,-46.025,166.875,14.445297207686963,10.269297207686963
398,389,939.0,-46.025,166.925,14.52791450148652,8.89391450148652
399,390,578.0,-46.025,166.975,14.60128703800001,11.13328703800001
400,714,546.0,-46.125,166.875,14.194280582032661,10.918280582032661
401,715,587.0,-46.125,166.925,14.267046992299584,10.745046992299583
402,716,57.0,-46.125,166.975,14.330583614220814,13.988583614220813
403,110,418.0,-46.175,167.025,14.244470367422764,11.736470367422765
404,111,175.0,-46.175,167.075,14.281309517842601,13.2313095178426
405,112,227.0,-46.175,167.125,14.305675941723166,12.943675941723166
406,113,481.0,-46.175,167.175,14.316792794179491,11.430792794179492
407,320,899.0,-46.075,167.025,14.523751836306474,9.129751836306474
408,321,687.0,-46.075,167.075,14.56905514322716,10.44705514322716
409,322,750.0,-46.075,167.125,14.600857961646398,10.100857961646398
410,323,363.0,-46.075,167.175,14.618165971351118,12.440165971351117
411,391,427.0,-46.025,167.025,14.663692036843713,12.101692036843714
412,392,367.0,-46.025,167.075,14.71353776021715,12.51153776021715
413,393,30.0,-46.025,167.125,14.749413175915834,14.569413175915834
414,394,671.0,-46.025,167.175,14.770158699757303,10.744158699757303
415,717,718.0,-46.125,167.025,14.383474115009449,10.075474115009449
416,718,584.0,-46.125,167.075,14.424450006259576,10.920450006259577
417,719,30.0,-46.125,167.125,14.452422059668606,14.272422059668607
418,720,214.0,-46.125,167.175,14.466521255410044,13.182521255410043
419,114,100.0,-46.175,167.225,14.3141185129316,13.7141185129316
420,115,223.0,-46.175,167.275,14.297373564651934,12.959373564651935
421,116,396.0,-46.175,167.325,14.266557692786591,11.890557692786592
422,324,489.0,-46.075,167.225,14.620281658437307,11.686281658437307
423,325,179.0,-46.075,167.275,14.606858339855535,13.532858339855535
424,326,408.0,-46.075,167.325,14.577937605601619,12.129937605601619
425,395,735.0,-46.025,167.225,14.774947711925051,10.364947711925051
426,396,378.0,-46.025,167.275,14.763363700607442,12.495363700607442
427,397,189.0,-46.025,167.325,14.73545547953836,13.601455479538359
428,721,322.0,-46.125,167.225,14.466142208359088,12.534142208359087
429,722,228.0,-46.125,167.275,14.450981399622833,13.082981399622833
430,723,801.0,-46.125,167.325,14.421062823756074,9.615062823756073
431,25,170.0,-46.025,167.475,14.561354553246929,13.54135455324693
432,28,177.0,-46.025,167.525,14.477754327632283,13.415754327632284
433,117,57.0,-46.175,167.375,14.221954080978321,13.87995408097832
434,327,230.0,-46.075,167.375,14.533961390836339,13.15396139083634
435,328,451.0,-46.075,167.425,14.47575529559981,11.769755295599811
436,329,119.0,-46.075,167.475,14.404486416740838,13.690486416740837
437,330,174.0,-46.075,167.525,14.32160437604034,13.27760437604034
438,398,197.0,-46.025,167.375,14.691755874515366,13.509755874515365
439,399,289.0,-46.025,167.425,14.633258001216745,12.899258001216745
440,724,198.0,-46.125,167.375,14.376745577126712,13.188745577126712
441,725,136.0,-46.125,167.425,14.31871137446069,13.50271137446069
442,726,91.0,-46.125,167.475,14.247934082042775,13.701934082042776
443,727,158.0,-46.125,167.525,14.165636824585818,13.217636824585817
444,30,404.0,-46.025,167.575,14.384393160369655,11.960393160369655
445,33,196.0,-46.025,167.625,14.28335371267167,13.107353712671669
446,36,140.0,-46.025,167.675,14.176802854377456,13.336802854377456
447,39,69.0,-46.025,167.725,14.06694960268942,13.65294960268942
448,118,41.0,-46.175,167.575,13.920341737652052,13.674341737652052
449,119,17.0,-46.175,167.625,13.819638529297663,13.717638529297663
450,120,30.0,-46.175,167.675,13.711555048521404,13.531555048521405
451,121,141.0,-46.175,167.725,13.597654938690539,12.751654938690539
452,331,160.0,-46.075,167.575,14.228776643405581,13.26877664340558
453,332,200.0,-46.075,167.625,14.127828486423823,12.927828486423824
454,333,144.0,-46.075,167.675,14.020695063300082,13.15669506330008
455,334,48.0,-46.075,167.725,13.909389801730867,13.621389801730867
456,728,128.0,-46.125,167.575,14.073244100582087,13.305244100582087
457,729,75.0,-46.125,167.625,13.97233641137791,13.52233641137791
458,730,31.0,-46.125,167.675,13.864613672412816,13.678613672412816
459,731,96.0,-46.125,167.725,13.751871904987638,13.175871904987638
460,40,156.0,-46.025,167.775,13.956022166650655,13.020022166650655
461,44,80.0,-46.025,167.825,13.846259628768166,13.366259628768166
462,45,141.0,-46.025,167.875,13.73991123261294,12.89391123261294
463,122,415.0,-46.175,167.775,13.479595296459593,10.989595296459592
464,123,706.0,-46.175,167.825,13.359140087213746,9.123140087213745
465,124,273.0,-46.175,167.875,13.238194508372544,11.600194508372544
466,335,90.0,-46.075,167.775,13.795990253289347,13.255990253289347
467,336,97.0,-46.075,167.825,13.68264028743215,13.10064028743215
468,337,119.0,-46.075,167.875,13.571565277299669,12.857565277299669
469,732,205.0,-46.125,167.775,13.635996053712006,12.405996053712006
470,733,471.0,-46.125,167.825,13.518970484277816,10.692970484277815
471,734,577.0,-46.125,167.875,13.402907563984627,9.940907563984627
472,49,244.0,-46.025,167.925,13.639232826106308,12.175232826106308
473,52,113.0,-46.025,167.975,13.546464227052638,12.868464227052637
474,55,120.0,-46.025,168.025,13.463761579048878,12.743761579048877
475,58,112.0,-46.025,168.075,13.39304410857585,12.72104410857585
476,125,134.0,-46.175,167.925,13.118863772320765,12.314863772320765
477,126,196.0,-46.175,167.975,13.003538773282344,11.827538773282344
478,144,46.0,-46.175,168.025,12.895005928068713,12.619005928068713
479,161,60.0,-46.175,168.075,12.796561641123844,12.436561641123845
480,338,74.0,-46.075,167.925,13.46509371206048,13.021093712060479
481,339,72.0,-46.075,167.975,13.365672638261458,12.933672638261458
482,340,80.0,-46.075,168.025,13.275852676833892,12.795852676833892
483,341,79.0,-46.075,168.075,13.198196919711336,12.724196919711336
484,735,140.0,-46.125,167.925,13.290092906903737,12.450092906903738
485,736,60.0,-46.125,167.975,13.183041660780873,12.823041660780873
486,737,60.0,-46.125,168.025,13.084550251587643,12.724550251587644
487,738,64.0,-46.125,168.075,12.997705943933397,12.613705943933397
488,61,108.0,-46.025,168.125,13.335696799498692,12.687696799498692
489,139,106.0,-46.025,168.175,13.292061945274327,12.656061945274327
490,141,100.0,-46.025,168.225,13.260707631321566,12.660707631321566
491,170,60.0,-46.175,168.125,12.712066258838604,12.352066258838605
492,179,59.0,-46.175,168.175,12.645763494616403,12.291763494616404
493,268,53.0,-46.175,168.225,12.601460073190538,12.283460073190538
494,342,84.0,-46.075,168.125,13.135031312405772,12.631031312405772
495,343,81.0,-46.075,168.175,13.087896606684808,12.601896606684807
496,344,79.0,-46.075,168.225,13.056484996704967,12.582484996704967
497,739,63.0,-46.125,168.125,12.925771518530382,12.547771518530382
498,740,62.0,-46.125,168.175,12.871777661934175,12.499777661934175
499,741,59.0,-46.125,168.225,12.837501432648423,12.483501432648424
500,142,98.0,-46.025,168.275,13.237779727613088,12.649779727613089
501,143,87.0,-46.025,168.325,13.217703634862119,12.695703634862118
502,147,85.0,-46.025,168.375,13.196810317422205,12.686810317422205
503,160,259.0,-46.025,168.425,13.176513786758733,11.622513786758732
504,283,36.0,-46.175,168.275,12.58017140654556,12.36417140654556
505,291,43.0,-46.175,168.325,12.572994028349058,12.314994028349059
506,299,56.0,-46.175,168.375,12.557460346964945,12.221460346964944
507,307,151.0,-46.175,168.425,12.551640707624756,11.645640707624755
508,345,72.0,-46.075,168.275,13.036855437028862,12.604855437028862
509,346,68.0,-46.075,168.325,13.020113947037316,12.612113947037317
510,347,70.0,-46.075,168.375,12.998887161302264,12.578887161302264
511,348,75.0,-46.075,168.425,12.977695649875386,12.527695649875387
512,742,54.0,-46.125,168.275,12.821131747688923,12.497131747688924
513,743,56.0,-46.125,168.325,12.81126780140039,12.47526780140039
514,744,138.0,-46.125,168.375,12.789728996976919,11.96172899697692
515,745,65.0,-46.125,168.425,12.7705701486193,12.380570148619299
516,169,345.0,-46.025,168.475,13.16081954512265,11.090819545122649
517,178,391.0,-46.025,168.525,13.152563563668082,10.806563563668082
518,187,361.0,-46.025,168.575,13.15254493509201,10.98654493509201
519,349,119.0,-46.075,168.475,12.964289526353241,12.25028952635324
520,350,121.0,-46.075,168.525,12.961927620704955,12.235927620704956
521,351,372.0,-46.075,168.575,12.97044296943568,10.738442969435681
522,400,60.0,-46.175,168.475,12.565090734216938,12.205090734216938
523,401,41.0,-46.175,168.525,12.596172442674288,12.350172442674287
524,406,101.0,-46.175,168.575,12.64065960656444,12.034659606564441
525,746,64.0,-46.125,168.475,12.765395395956148,12.381395395956147
526,747,72.0,-46.125,168.525,12.775493588665995,12.343493588665995
527,748,122.0,-46.125,168.575,12.798657064020517,12.066657064020518
528,188,323.0,-46.025,168.625,13.160233416019764,11.222233416019764
529,189,218.0,-46.025,168.675,13.174650625747745,11.866650625747745
530,190,169.0,-46.025,168.725,13.195072785543744,12.181072785543744
531,191,140.0,-46.025,168.775,13.221607527431843,12.381607527431843
532,352,579.0,-46.075,168.625,12.98822525646392,9.51422525646392
533,353,481.0,-46.075,168.675,13.013470193614921,10.127470193614922
534,354,356.0,-46.075,168.725,13.044899677417561,10.908899677417562
535,355,291.0,-46.075,168.775,13.082253352658881,11.336253352658881
536,410,151.0,-46.175,168.625,12.694516934112471,11.78851693411247
537,429,83.0,-46.175,168.675,12.754875699250988,12.256875699250989
538,437,80.0,-46.175,168.725,12.820292815253197,12.340292815253196
539,445,120.0,-46.175,168.775,12.890855127836403,12.170855127836402
540,749,173.0,-46.125,168.625,12.831894553652091,11.793894553652091
541,750,431.0,-46.125,168.675,12.872636883672385,10.286636883672385
542,751,159.0,-46.125,168.725,12.91927145527734,11.965271455277339
543,752,109.0,-46.125,168.775,12.971433991056983,12.317433991056983
544,192,439.0,-46.025,168.825,13.255781824418591,10.62178182441859
545,193,103.0,-46.025,168.875,13.300902656723338,12.682902656723337
546,194,96.0,-46.025,168.925,13.359884366873302,12.783884366873302
547,195,133.0,-46.025,168.975,13.430484825710664,12.632484825710664
548,356,156.0,-46.075,168.825,13.126900320919958,12.190900320919958
549,357,173.0,-46.075,168.875,13.183409458664755,12.145409458664755
550,358,84.0,-46.075,168.925,13.259659531368015,12.755659531368016
551,359,90.0,-46.075,168.975,13.350856675553587,12.810856675553588
552,452,118.0,-46.175,168.825,12.968499722028355,12.260499722028355
553,459,57.0,-46.175,168.875,13.057739177333133,12.715739177333132
554,543,120.0,-46.175,168.925,13.163567651085032,12.443567651085031
555,548,217.0,-46.175,168.975,13.282941568962997,11.980941568962997
556,753,123.0,-46.125,168.825,13.030413525390031,12.292413525390032
557,754,122.0,-46.125,168.875,13.100599674718978,12.368599674718979
558,755,69.0,-46.125,168.925,13.193480794054267,12.779480794054267
559,756,220.0,-46.125,168.975,13.301933912172899,11.981933912172899
560,196,116.0,-46.025,169.025,13.507505142189984,12.811505142189985
561,197,139.0,-46.025,169.075,13.58716403573817,12.75316403573817
562,198,180.0,-46.025,169.125,13.66766739960076,12.58766739960076
563,360,142.0,-46.075,169.025,13.448324898547071,12.59632489854707
564,361,158.0,-46.075,169.075,13.547830197445364,12.599830197445364
565,362,173.0,-46.075,169.125,13.647342943047988,12.609342943047988
566,551,212.0,-46.175,169.025,13.408803286543844,12.136803286543843
567,554,209.0,-46.175,169.075,13.536240414521671,12.282240414521672
568,558,188.0,-46.175,169.125,13.662043683871161,12.534043683871161
569,757,372.0,-46.125,169.025,13.416109957204753,11.184109957204754
570,758,148.0,-46.125,169.075,13.531771554860825,12.643771554860825
571,759,221.0,-46.125,169.125,13.646505363800316,12.320505363800315
572,199,242.0,-46.025,169.175,13.74879215648798,12.29679215648798
573,200,114.0,-46.025,169.225,13.831559600290348,13.147559600290348
574,201,323.0,-46.025,169.275,13.917634499019186,11.979634499019186
575,202,176.0,-46.025,169.325,14.007521401394115,12.951521401394114
576,363,188.0,-46.075,169.175,13.746142289244744,12.618142289244744
577,364,185.0,-46.075,169.225,13.844373352141702,12.734373352141702
578,365,125.0,-46.075,169.275,13.942500536555599,13.192500536555599
579,366,154.0,-46.075,169.325,14.040536235221225,13.116536235221226
580,563,180.0,-46.175,169.175,13.783901076260008,12.703901076260008
581,569,325.0,-46.175,169.225,13.899969364874778,11.949969364874779
582,575,369.0,-46.175,169.275,14.008653514407342,11.794653514407342
583,581,137.0,-46.175,169.325,14.108629746488077,13.286629746488078
584,760,140.0,-46.125,169.175,13.758903604135412,12.918903604135412
585,761,152.0,-46.125,169.225,13.86816063464721,12.956160634647212
586,762,123.0,-46.125,169.275,13.973741747016902,13.235741747016903
587,763,117.0,-46.125,169.325,14.075163908099057,13.373163908099057
588,203,117.0,-46.025,169.375,14.09964449376821,13.39764449376821
589,204,100.0,-46.025,169.425,14.191233717407158,13.591233717407158
590,205,80.0,-46.025,169.475,14.27841180944597,13.79841180944597
591,367,100.0,-46.075,169.375,14.137582315797772,13.537582315797772
592,368,40.0,-46.075,169.425,14.231635426282082,13.991635426282082
593,369,66.0,-46.075,169.475,14.31928000841799,13.92328000841799
594,658,120.0,-46.175,169.375,14.199458766675889,13.479458766675888
595,660,116.0,-46.175,169.425,14.281888046205495,13.585888046205495
596,664,79.0,-46.175,169.475,14.352381737206088,13.878381737206087
597,764,132.0,-46.125,169.375,14.172018086690514,13.380018086690514
598,765,70.0,-46.125,169.425,14.263325774227269,13.843325774227269
599,766,40.0,-46.125,169.475,14.34605199863654,14.10605199863654
600,128,45.0,-46.125,169.525,14.416010303772055,14.146010303772055
601,149,40.0,-46.125,169.575,14.468350931927489,14.228350931927489
602,155,112.0,-46.125,169.625,14.4963875110152,13.8243875110152
603,163,141.0,-46.125,169.675,14.490597933801837,13.644597933801837
604,206,54.0,-46.025,169.525,14.356136861641062,14.032136861641062
605,207,117.0,-46.025,169.575,14.418440333607577,13.716440333607578
606,208,257.0,-46.025,169.625,14.458878821153121,12.916878821153121
607,209,243.0,-46.025,169.675,14.471468610898228,13.013468610898228
608,370,20.0,-46.075,169.525,14.39583780414614,14.275837804146141
609,371,84.0,-46.075,169.575,14.45557490806641,13.95157490806641
610,372,80.0,-46.075,169.625,14.4916119156278,14.0116119156278
611,373,206.0,-46.075,169.675,14.496380589764158,13.260380589764157
612,669,60.0,-46.175,169.525,14.40751923426069,14.04751923426069
613,674,101.0,-46.175,169.575,14.444501469317402,13.838501469317402
614,679,67.0,-46.175,169.625,14.458522512977652,14.056522512977653
615,684,62.0,-46.175,169.675,14.439302571719963,14.067302571719964
616,172,226.0,-46.125,169.725,14.440629730974251,13.084629730974251
617,181,205.0,-46.125,169.775,14.343607766137211,13.11360776613721
618,210,145.0,-46.025,169.725,14.452435522123778,13.58243552212378
619,211,141.0,-46.025,169.775,14.402366621587134,13.556366621587134
620,212,287.0,-46.025,169.825,14.327223475002029,12.60522347500203
621,275,126.0,-46.125,169.825,14.212437633525042,13.456437633525042
622,374,269.0,-46.075,169.725,14.463923928293298,12.849923928293297
623,375,365.0,-46.075,169.775,14.39415691033355,12.20415691033355
624,376,121.0,-46.075,169.825,14.295723072849796,13.569723072849797
625,689,161.0,-46.175,169.725,14.369097673919896,13.403097673919897
626,694,86.0,-46.175,169.775,14.236271492634842,13.720271492634842
627,699,20.0,-46.175,169.825,14.061699368903646,13.941699368903647
628,213,237.0,-46.025,169.875,14.236895750538679,12.814895750538678
629,214,310.0,-46.025,169.925,14.141990118729154,12.281990118729155
630,215,202.0,-46.025,169.975,14.050785774659744,12.838785774659744
631,216,80.0,-46.025,170.025,13.96738710622958,13.48738710622958
632,279,25.0,-46.125,169.875,14.070438181621284,13.920438181621284
633,287,20.0,-46.125,169.925,13.938457793899943,13.818457793899944
634,295,20.0,-46.125,169.975,13.82848651031054,13.708486510310541
635,303,122.0,-46.125,170.025,13.7439553230015,13.011955323001501
636,377,153.0,-46.075,169.875,14.183436289415113,13.265436289415113
637,378,140.0,-46.075,169.925,14.072182271387646,13.232182271387646
638,379,40.0,-46.075,169.975,13.972285728381394,13.732285728381393
639,380,96.0,-46.075,170.025,13.887956655078597,13.311956655078596
640,704,47.0,-46.175,169.875,13.884444781904676,13.602444781904676
641,705,241.0,-46.175,169.925,13.73205436040189,12.28605436040189
642,706,69.0,-46.175,169.975,13.615843639003288,13.201843639003288
643,707,136.0,-46.175,170.025,13.536327304840597,12.720327304840596
644,217,0.0,-46.025,170.075,13.890707071648649,13.890707071648649
645,218,124.0,-46.025,170.125,13.813464539032793,13.069464539032793
646,219,84.0,-46.025,170.175,13.722576939142527,13.218576939142528
647,220,20.0,-46.025,170.225,13.612674865173176,13.492674865173177
648,311,396.0,-46.125,170.075,13.682350481944013,11.306350481944014
649,312,118.0,-46.125,170.125,13.638396096332144,12.930396096332144
650,313,46.0,-46.125,170.175,13.608159105129744,13.332159105129744
651,381,163.0,-46.075,170.075,13.817627170463311,12.839627170463311
652,382,180.0,-46.075,170.125,13.755359786971894,12.675359786971894
653,383,21.0,-46.075,170.175,13.694773361952684,13.568773361952685
654,708,92.0,-46.175,170.075,13.488605908432874,12.936605908432874
655,709,58.0,-46.175,170.125,13.46640652732276,13.11840652732276
656,221,154.0,-45.975,166.475,13.768423059205816,12.844423059205816
657,222,133.0,-45.975,166.525,13.864000422232493,13.066000422232493
658,223,0.0,-45.975,166.575,13.962246511509875,13.962246511509875
659,289,140.0,-45.875,166.475,13.922652182434831,13.082652182434831
660,297,354.0,-45.875,166.525,14.028569864698511,11.90456986469851
661,305,111.0,-45.875,166.575,14.136894288873009,13.470894288873009
662,408,655.0,-45.875,166.625,14.24734468828683,10.31734468828683
663,471,161.0,-45.925,166.475,13.848546340781468,12.882546340781468
664,472,364.0,-45.925,166.525,13.949548039669025,11.765548039669024
665,473,504.0,-45.925,166.575,14.053071316218848,11.029071316218847
666,474,307.0,-45.925,166.625,14.158962064942898,12.316962064942897
667,224,100.0,-45.975,166.775,14.373381266774231,13.773381266774232
668,411,170.0,-45.875,166.675,14.359272111738392,13.339272111738392
669,417,155.0,-45.875,166.725,14.471624145786336,13.541624145786336
670,420,669.0,-45.875,166.775,14.582991411978583,10.568991411978583
671,423,623.0,-45.875,166.825,14.691697337642836,10.953697337642836
672,475,201.0,-45.925,166.675,14.266586419103987,13.060586419103988
673,476,342.0,-45.925,166.725,14.374774835767312,12.322774835767312
674,477,141.0,-45.925,166.775,14.481931610120228,13.635931610120227
675,478,621.0,-45.925,166.825,14.586209779427008,10.86020977942701
676,225,774.0,-45.975,166.925,14.65550072584665,10.01150072584665
677,226,850.0,-45.975,166.975,14.733938241548458,9.633938241548458
678,426,714.0,-45.875,166.875,14.79588020900701,10.51188020900701
679,433,655.0,-45.875,166.925,14.893544367831055,10.963544367831055
680,439,378.0,-45.875,166.975,14.982586828893545,12.714586828893545
681,479,551.0,-45.925,166.875,14.685643388282188,11.379643388282188
682,480,415.0,-45.925,166.925,14.778213500736456,12.288213500736456
683,481,843.0,-45.925,166.975,14.861876064103853,9.803876064103854
684,227,773.0,-45.975,167.025,14.801374938171648,10.163374938171648
685,228,1189.0,-45.975,167.075,14.856020363760763,7.7220203637607625
686,229,411.0,-45.975,167.125,14.89624590900712,12.43024590900712
687,230,785.0,-45.975,167.175,14.920678363509069,10.210678363509068
688,446,939.0,-45.875,167.025,15.060819377456937,9.426819377456937
689,453,649.0,-45.875,167.075,15.126010098418192,11.232010098418192
690,460,1006.0,-45.875,167.125,15.175968925264897,9.139968925264895
691,482,393.0,-45.925,167.025,14.934584865273791,12.57658486527379
692,483,167.0,-45.925,167.075,14.994334000104573,13.992334000104572
693,484,1042.0,-45.925,167.125,15.039236131397047,8.787236131397048
694,485,401.0,-45.925,167.175,15.067644022932654,12.661644022932656
695,545,155.0,-45.875,167.175,15.208697661542828,14.278697661542829
696,231,539.0,-45.975,167.225,14.92831320931873,11.69431320931873
697,232,949.0,-45.975,167.275,14.918626991024212,9.224626991024213
698,233,155.0,-45.975,167.325,14.891660854271322,13.961660854271322
699,486,474.0,-45.925,167.225,15.0783085267758,12.2343085267758
700,487,155.0,-45.925,167.275,15.070545668484556,14.140545668484556
701,488,871.0,-45.925,167.325,15.044367259895807,9.818367259895808
702,555,795.0,-45.875,167.225,15.222607857289404,10.452607857289404
703,559,1061.0,-45.875,167.275,15.216773753061716,8.850773753061716
704,565,845.0,-45.875,167.325,15.191144444528618,10.121144444528618
705,234,307.0,-45.975,167.375,14.848050004609831,13.00605000460983
706,235,305.0,-45.975,167.425,14.788988482803688,12.958988482803688
707,236,143.0,-45.975,167.475,14.716138923275139,13.858138923275138
708,237,130.0,-45.975,167.525,14.631511918298202,13.851511918298202
709,489,939.0,-45.925,167.375,15.00052911961393,9.36652911961393
710,490,499.0,-45.925,167.425,14.940476649167977,11.946476649167977
711,491,318.0,-45.925,167.475,14.86620633034181,12.958206330341811
712,492,529.0,-45.925,167.525,14.780088259412878,11.606088259412878
713,571,198.0,-45.875,167.375,15.146626661458868,13.958626661458867
714,577,208.0,-45.875,167.425,15.08499645566917,13.836996455669171
715,583,757.0,-45.875,167.475,15.008678328755195,10.466678328755195
716,651,519.0,-45.875,167.525,14.920479526219424,11.806479526219423
717,238,160.0,-45.975,167.575,14.537342568666645,13.577342568666644
718,239,118.0,-45.975,167.625,14.435984535848547,13.727984535848547
719,240,64.0,-45.975,167.675,14.329830971419142,13.945830971419142
720,241,95.0,-45.975,167.725,14.22126249835128,13.65126249835128
721,493,286.0,-45.925,167.575,14.684695419069612,12.968695419069613
722,494,183.0,-45.925,167.625,14.5826675854114,13.4846675854114
723,495,80.0,-45.925,167.675,14.476617392596381,13.99661739259638
724,496,127.0,-45.925,167.725,14.369072680146928,13.607072680146928
725,654,462.0,-45.875,167.575,14.823356607757887,12.051356607757887
726,659,134.0,-45.875,167.625,14.720248952558904,13.916248952558904
727,661,222.0,-45.875,167.675,14.61397758646126,13.28197758646126
728,666,168.0,-45.875,167.725,14.507191244512796,13.499191244512797
729,242,134.0,-45.975,167.775,14.112616808524763,13.308616808524762
730,243,153.0,-45.975,167.825,14.0061716018281,13.088171601828101
731,244,330.0,-45.975,167.875,13.904130827795598,11.924130827795597
732,497,204.0,-45.925,167.775,14.26244364977174,13.03844364977174
733,498,140.0,-45.925,167.825,14.159002350777882,13.319002350777883
734,499,142.0,-45.925,167.875,14.060862423702929,13.208862423702929
735,671,206.0,-45.875,167.775,14.402339471907908,13.166339471907907
736,676,286.0,-45.875,167.825,14.301656057083164,12.585656057083165
737,681,397.0,-45.875,167.875,14.207140003454697,11.825140003454697
738,245,306.0,-45.975,167.925,13.80860196210051,11.97260196210051
739,246,158.0,-45.975,167.975,13.721548399549647,12.773548399549647
740,247,156.0,-45.975,168.025,13.644695889131981,12.708695889131981
741,248,161.0,-45.975,168.075,13.579367129263119,12.61336712926312
742,500,154.0,-45.925,167.925,13.9699470871019,13.0459470871019
743,501,199.0,-45.925,167.975,13.887932697423821,12.693932697423822
744,502,309.0,-45.925,168.025,13.816154875356006,11.962154875356006
745,503,219.0,-45.925,168.075,13.755467273236718,12.441467273236718
746,686,367.0,-45.875,167.925,14.120523977693665,11.918523977693665
747,691,288.0,-45.875,167.975,14.043222165335465,12.315222165335465
748,696,405.0,-45.875,168.025,13.976252371150622,11.546252371150622
749,701,322.0,-45.875,168.075,13.920133848518162,11.988133848518162
750,249,133.0,-45.975,168.125,13.526220904466754,12.728220904466754
751,250,232.0,-45.975,168.175,13.484900239338458,12.092900239338459
752,251,259.0,-45.975,168.225,13.453691095575778,11.899691095575777
753,504,166.0,-45.925,168.125,13.706056225739303,12.710056225739303
754,505,301.0,-45.925,168.175,13.667249490488757,11.861249490488758
755,506,532.0,-45.925,168.225,13.63742581873521,10.44542581873521
756,768,195.0,-45.875,168.125,13.874776684588142,12.704776684588142
757,775,291.0,-45.875,168.175,13.839403968318948,12.093403968318947
758,777,519.0,-45.875,168.225,13.812580101883214,10.698580101883213
759,252,206.0,-45.975,168.275,13.429515380223165,12.193515380223165
760,253,99.0,-45.975,168.325,13.408805594939622,12.814805594939623
761,254,169.0,-45.975,168.375,13.389298416888778,12.375298416888779
762,255,379.0,-45.975,168.425,13.37122066496886,11.097220664968859
763,507,181.0,-45.925,168.275,13.614214149376494,12.528214149376494
764,508,112.0,-45.925,168.325,13.595140939385601,12.9231409393856
765,509,242.0,-45.925,168.375,13.578541796148784,12.126541796148784
766,510,343.0,-45.925,168.425,13.56408839746291,11.50608839746291
767,779,146.0,-45.875,168.275,13.792430258283275,12.916430258283276
768,781,132.0,-45.875,168.325,13.777070646356151,12.985070646356151
769,783,138.0,-45.875,168.375,13.765101733799384,12.937101733799384
770,786,281.0,-45.875,168.425,13.755879633288714,12.069879633288714
771,256,162.0,-45.975,168.475,13.35644459213654,12.384444592136541
772,257,458.0,-45.975,168.525,13.346786631249415,10.598786631249416
773,258,593.0,-45.975,168.575,13.343127686806838,9.785127686806838
774,511,268.0,-45.925,168.475,13.552472330535238,11.944472330535238
775,512,478.0,-45.925,168.525,13.5446188728165,10.6766188728165
776,513,157.0,-45.925,168.575,13.541106209275313,12.599106209275313
777,788,385.0,-45.875,168.475,13.749395945145807,11.439395945145806
778,790,150.0,-45.875,168.525,13.745902263675816,12.845902263675816
779,792,156.0,-45.875,168.575,13.745565466146218,12.809565466146218
780,259,362.0,-45.975,168.625,13.345472953657008,11.173472953657008
781,260,231.0,-45.975,168.675,13.353413055727287,11.967413055727288
782,261,144.0,-45.975,168.725,13.366641589753272,12.50264158975327
783,262,120.0,-45.975,168.775,13.385408926227683,12.665408926227682
784,514,139.0,-45.925,168.625,13.54203625779519,12.70803625779519
785,515,180.0,-45.925,168.675,13.54722137459612,12.46722137459612
786,516,143.0,-45.925,168.725,13.556485992530725,12.698485992530724
787,517,119.0,-45.925,168.775,13.569933092947394,12.855933092947394
788,794,180.0,-45.875,168.625,13.748322517012639,12.668322517012639
789,796,160.0,-45.875,168.675,13.753925585879188,12.793925585879187
790,798,137.0,-45.875,168.725,13.762081026819942,12.940081026819943
791,800,131.0,-45.875,168.775,13.77257247838861,12.986572478388611
792,150,141.0,-45.975,168.925,13.487463507783104,12.641463507783104
793,158,154.0,-45.975,168.975,13.538192803840502,12.614192803840503
794,263,98.0,-45.975,168.825,13.410810123794363,12.822810123794364
795,264,118.0,-45.975,168.875,13.444530427870632,12.736530427870631
796,518,161.0,-45.925,168.825,13.588029560110954,12.622029560110954
797,519,140.0,-45.925,168.875,13.611323803515916,12.771323803515916
798,520,221.0,-45.925,168.925,13.639773766124563,12.313773766124562
799,521,155.0,-45.925,168.975,13.67225219059037,12.74225219059037
800,802,164.0,-45.875,168.825,13.785266330676677,12.801266330676677
801,804,159.0,-45.875,168.875,13.799936465251449,12.845936465251448
802,806,316.0,-45.875,168.925,13.815983550559395,11.919983550559394
803,808,230.0,-45.875,168.975,13.8323243335617,12.452324333561702
804,167,118.0,-45.975,169.025,13.593736246077242,12.885736246077242
805,176,179.0,-45.975,169.075,13.651504112995099,12.577504112995099
806,185,142.0,-45.975,169.125,13.710286904710301,12.858286904710301
807,522,151.0,-45.925,169.025,13.706939965899437,12.800939965899437
808,523,220.0,-45.925,169.075,13.74232180933177,12.42232180933177
809,524,177.0,-45.925,169.125,13.777988917558105,12.715988917558105
810,810,317.0,-45.875,169.025,13.847701611630328,11.945701611630328
811,812,360.0,-45.875,169.075,13.86132578901561,11.701325789015609
812,814,235.0,-45.875,169.125,13.873536463819619,12.463536463819619
813,273,186.0,-45.975,169.175,13.770384100589581,12.654384100589581
814,277,120.0,-45.975,169.225,13.833540319381427,13.113540319381427
815,284,243.0,-45.975,169.275,13.903154130011899,12.445154130011899
816,292,433.0,-45.975,169.325,13.980699528288824,11.382699528288825
817,525,160.0,-45.925,169.175,13.814990410606697,12.854990410606696
818,526,221.0,-45.925,169.225,13.855915983491286,12.529915983491286
819,527,181.0,-45.925,169.275,13.905377675302589,12.819377675302588
820,528,525.0,-45.925,169.325,13.96594009969158,10.815940099691579
821,816,156.0,-45.875,169.175,13.886273466136117,12.950273466136117
822,818,160.0,-45.875,169.225,13.90327278173936,12.94327278173936
823,819,187.0,-45.875,169.275,13.929524369983483,12.807524369983483
824,821,240.0,-45.875,169.325,13.968512735265904,12.528512735265904
825,300,468.0,-45.975,169.375,14.063432506973186,11.255432506973186
826,308,228.0,-45.975,169.425,14.148237607665578,12.780237607665578
827,402,78.0,-45.975,169.475,14.230931285321276,13.762931285321276
828,529,732.0,-45.925,169.375,14.034973104578967,9.642973104578967
829,530,520.0,-45.925,169.425,14.109409484697608,10.989409484697607
830,531,264.0,-45.925,169.475,14.18464906277768,12.60064906277768
831,823,545.0,-45.875,169.375,14.02017033476477,10.750170334764771
832,825,504.0,-45.875,169.425,14.081597474480077,11.057597474480076
833,826,161.0,-45.875,169.475,14.147402840948416,13.181402840948417
834,407,138.0,-45.975,169.525,14.3061435206655,13.478143520665501
835,412,216.0,-45.975,169.575,14.36778711712941,13.07178711712941
836,432,157.0,-45.975,169.625,14.40979793241786,13.46779793241786
837,434,320.0,-45.975,169.675,14.427115634945949,12.507115634945949
838,532,206.0,-45.925,169.525,14.254762877731991,13.01876287773199
839,533,238.0,-45.925,169.575,14.313313987264337,12.885313987264336
840,534,201.0,-45.925,169.625,14.35429556381132,13.14829556381132
841,535,159.0,-45.925,169.675,14.373019168328028,13.419019168328028
842,827,282.0,-45.875,169.525,14.210620797819502,12.518620797819501
843,828,236.0,-45.875,169.575,14.264068870132178,12.848068870132177
844,829,176.0,-45.875,169.625,14.301472438601195,13.245472438601194
845,830,211.0,-45.875,169.675,14.318187530165233,13.052187530165233
846,438,232.0,-45.975,169.725,14.416889064401403,13.024889064401403
847,448,167.0,-45.975,169.775,14.37957021832517,13.37757021832517
848,455,190.0,-45.975,169.825,14.31922276473233,13.17922276473233
849,536,198.0,-45.925,169.725,14.366893677455664,13.178893677455664
850,537,241.0,-45.925,169.775,14.335936216573828,12.889936216573828
851,538,354.0,-45.925,169.825,14.282750631587987,12.158750631587987
852,831,464.0,-45.875,169.725,14.311604330443515,11.527604330443516
853,832,476.0,-45.875,169.775,14.281262899970898,11.425262899970898
854,833,379.0,-45.875,169.825,14.228620644582406,11.954620644582405
855,462,474.0,-45.975,169.875,14.24258650824595,11.39858650824595
856,463,448.0,-45.975,169.925,14.15720928391238,11.46920928391238
857,464,388.0,-45.975,169.975,14.06946587015591,11.74146587015591
858,465,232.0,-45.975,170.025,13.983012905382566,12.591012905382566
859,539,303.0,-45.925,169.875,14.211824297441126,12.393824297441126
860,540,584.0,-45.925,169.925,14.128303305898953,10.624303305898954
861,541,453.0,-45.925,169.975,14.03661937301149,11.31861937301149
862,542,86.0,-45.925,170.025,13.939247058637193,13.423247058637193
863,834,426.0,-45.875,169.875,14.156432354799108,11.600432354799109
864,835,400.0,-45.875,169.925,14.067816971630236,11.667816971630236
865,836,400.0,-45.875,169.975,13.965160908472171,11.565160908472171
866,837,520.0,-45.875,170.025,13.848930353417018,10.728930353417017
867,127,110.0,-45.925,170.075,13.83550330649814,13.17550330649814
868,146,26.0,-45.925,170.125,13.719591050532472,13.563591050532471
869,164,1.0,-45.925,170.175,13.574156171573122,13.568156171573122
870,173,3.0,-45.925,170.225,13.332553515467225,13.314553515467225
871,466,32.0,-45.975,170.075,13.897496110459542,13.705496110459542
872,467,2.0,-45.975,170.125,13.80629595040591,13.79429595040591
873,468,17.0,-45.975,170.175,13.689714801681475,13.587714801681475
874,469,159.0,-45.975,170.225,13.514946656829125,12.560946656829124
875,838,658.0,-45.875,170.075,13.716165399104284,9.768165399104284
876,839,860.0,-45.875,170.125,13.55767578612722,8.39767578612722
877,840,31.0,-45.875,170.175,13.351492163894363,13.165492163894363
878,841,7.0,-45.875,170.225,13.067282332622199,13.025282332622199
879,182,153.0,-45.925,170.275,13.048756988771856,12.130756988771857
880,265,115.0,-45.925,170.325,12.864111748282085,12.174111748282085
881,270,84.0,-45.925,170.375,12.911654475876276,12.407654475876276
882,470,42.0,-45.975,170.275,13.32698595342481,13.07498595342481
883,842,14.0,-45.875,170.275,12.743897776577796,12.659897776577797
884,843,20.0,-45.875,170.325,12.485787420624547,12.365787420624548
885,844,32.0,-45.875,170.375,12.435072034471887,12.243072034471886
886,281,52.0,-45.925,170.425,13.29062343383157,12.97862343383157
887,845,201.0,-45.875,170.425,12.855327477764149,11.64932747776415
888,846,156.0,-45.875,170.475,13.486407430023974,12.550407430023974
889,847,292.0,-45.875,170.625,13.891421730351794,12.139421730351794
890,848,117.0,-45.875,170.725,13.481645790003313,12.779645790003313
891,849,356.0,-45.825,166.525,14.099454555278498,11.9634545552785
892,850,656.0,-45.825,166.625,14.326606988270214,10.390606988270214
893,1200,249.0,-45.675,166.525,14.250031983068766,12.756031983068766
894,1201,241.0,-45.675,166.575,14.371264882051037,12.925264882051037
895,1202,445.0,-45.675,166.625,14.49431286257095,11.82431286257095
896,1955,52.0,-45.725,166.475,14.094436414485244,13.782436414485245
897,1956,412.0,-45.725,166.625,14.451448167379567,11.979448167379568
898,851,397.0,-45.825,166.675,14.442522733461374,12.060522733461374
899,852,530.0,-45.825,166.725,14.558823660911003,11.378823660911003
900,853,240.0,-45.825,166.775,14.674242601417063,13.234242601417064
901,854,1139.0,-45.825,166.825,14.787248957392876,7.9532489573928755
902,912,85.0,-45.775,166.675,14.51454646862112,14.00454646862112
903,913,433.0,-45.775,166.775,14.753487695921649,12.15548769592165
904,914,398.0,-45.775,166.825,14.870465568423242,12.482465568423242
905,1203,328.0,-45.675,166.675,14.618634320766432,12.650634320766432
906,1204,477.0,-45.675,166.775,14.86796359899381,12.00596359899381
907,1205,682.0,-45.675,166.825,14.990891016255773,10.898891016255774
908,1957,472.0,-45.725,166.675,14.573723503803194,11.741723503803193
909,855,733.0,-45.825,166.875,14.896091659629747,10.498091659629747
910,856,1088.0,-45.825,166.925,14.998826459788688,8.470826459788688
911,857,913.0,-45.825,166.975,15.093326641377644,9.615326641377642
912,915,757.0,-45.775,166.875,14.983683989019482,10.441683989019483
913,916,669.0,-45.775,166.925,15.091279463180399,11.0772794631804
914,917,700.0,-45.775,166.975,15.191145389610028,10.991145389610029
915,1206,375.0,-45.675,166.875,15.110911213752843,12.860911213752843
916,1207,414.0,-45.675,166.925,15.226410567873245,12.742410567873245
917,1208,218.0,-45.675,166.975,15.335483349645074,14.027483349645074
918,1958,455.0,-45.725,166.975,15.272927740978048,12.542927740978048
919,140,939.0,-45.825,167.025,15.177289034189016,9.543289034189016
920,145,601.0,-45.825,167.075,15.248257703369745,11.642257703369745
921,159,1144.0,-45.825,167.125,15.303698646981502,8.439698646981501
922,168,363.0,-45.825,167.175,15.341167105329077,13.163167105329077
923,918,691.0,-45.775,167.025,15.280910059373127,11.134910059373127
924,919,824.0,-45.775,167.075,15.357922193419654,10.413922193419655
925,920,973.0,-45.775,167.125,15.419282893344644,9.581282893344643
926,921,825.0,-45.775,167.175,15.461994437879184,10.511994437879185
927,1209,828.0,-45.675,167.025,15.435854103721795,10.467854103721795
928,1210,402.0,-45.675,167.075,15.524757582683378,13.112757582683379
929,1211,462.0,-45.675,167.125,15.598774598933232,12.826774598933232
930,1212,1534.0,-45.675,167.175,15.653677487542154,6.449677487542155
931,1959,1038.0,-45.725,167.025,15.368305669453548,9.140305669453546
932,1960,1112.0,-45.725,167.075,15.45143109383207,8.77943109383207
933,1961,961.0,-45.725,167.125,15.519075084594078,9.75307508459408
934,1962,900.0,-45.725,167.175,15.567605458028993,10.167605458028994
935,177,968.0,-45.825,167.225,15.358598110000457,9.550598110000458
936,186,747.0,-45.825,167.275,15.35469442601243,10.87269442601243
937,266,772.0,-45.825,167.325,15.32928700836419,10.69728700836419
938,922,1441.0,-45.775,167.225,15.483317446625733,6.837317446625734
939,923,907.0,-45.775,167.275,15.481365816816833,10.039365816816833
940,924,607.0,-45.775,167.325,15.455752358797326,11.813752358797327
941,1213,933.0,-45.675,167.225,15.684549950641667,10.086549950641668
942,1214,740.0,-45.675,167.275,15.686877632295364,11.246877632295362
943,1215,451.0,-45.675,167.325,15.658993054832536,12.952993054832536
944,1963,1133.0,-45.725,167.225,15.59333939283897,8.79533939283897
945,1964,1383.0,-45.725,167.275,15.593420499186323,7.2954204991863225
946,1965,436.0,-45.725,167.325,15.567044669041934,12.951044669041934
947,269,945.0,-45.825,167.375,15.283485739462776,9.613485739462778
948,286,845.0,-45.825,167.425,15.219526312164817,10.149526312164816
949,294,240.0,-45.825,167.475,15.140400694872369,13.70040069487237
950,302,372.0,-45.825,167.525,15.049452949577244,12.817452949577245
951,925,749.0,-45.775,167.375,15.407885240550968,10.913885240550968
952,926,1133.0,-45.775,167.425,15.340677816417156,8.542677816417156
953,927,430.0,-45.775,167.475,15.257893218476966,12.677893218476965
954,928,265.0,-45.775,167.525,15.163526289012225,13.573526289012225
955,1216,1168.0,-45.675,167.375,15.603699418279575,8.595699418279576
956,1217,1423.0,-45.675,167.425,15.5267346693945,6.9887346693945
957,1218,932.0,-45.675,167.475,15.434278757431457,9.842278757431458
958,1219,1235.0,-45.675,167.525,15.331788791045255,7.921788791045256
959,1966,1017.0,-45.725,167.375,15.516106810246129,9.414106810246128
960,1967,1419.0,-45.725,167.425,15.444582498024829,6.93058249802483
961,1968,391.0,-45.725,167.475,15.357286827886128,13.011286827886128
962,1969,727.0,-45.725,167.525,15.258958303274994,10.896958303274996
963,310,307.0,-45.825,167.575,14.950069272043038,13.108069272043037
964,404,134.0,-45.825,167.625,14.8454918634161,14.0414918634161
965,414,288.0,-45.825,167.675,14.738728177730081,13.010728177730082
966,431,239.0,-45.825,167.725,14.632515709206928,13.198515709206928
967,929,164.0,-45.775,167.575,15.06142096612166,14.07742096612166
968,930,120.0,-45.775,167.625,14.95509978334303,14.23509978334303
969,931,264.0,-45.775,167.675,14.847715049221733,13.263715049221734
970,932,413.0,-45.775,167.725,14.742051310011448,12.264051310011448
971,1220,400.0,-45.675,167.575,15.223838764035463,12.823838764035463
972,1221,266.0,-45.675,167.625,15.114252793897322,13.518252793897322
973,1222,203.0,-45.675,167.675,15.006253688945435,13.788253688945435
974,1223,300.0,-45.675,167.725,14.902569336118177,13.102569336118176
975,1970,232.0,-45.725,167.575,15.153872127975774,13.761872127975774
976,1971,265.0,-45.725,167.625,15.045763258767693,13.455763258767693
977,1972,403.0,-45.725,167.675,14.937861835165677,12.519861835165678
978,1973,409.0,-45.725,167.725,14.832948811923416,12.378948811923415
979,442,377.0,-45.825,167.775,14.529311507641978,12.267311507641978
980,447,596.0,-45.825,167.825,14.431286972132511,10.855286972132511
981,454,561.0,-45.825,167.875,14.340316460959002,10.974316460959002
982,933,721.0,-45.775,167.775,14.64054077365654,10.314540773656539
983,934,957.0,-45.775,167.825,14.545274216448888,8.803274216448887
984,935,777.0,-45.775,167.875,14.458000363250903,9.796000363250904
985,1224,978.0,-45.675,167.775,14.805498099267425,8.937498099267426
986,1225,1002.0,-45.675,167.825,14.716943719467963,8.704943719467963
987,1226,962.0,-45.675,167.875,14.638429109974822,8.866429109974824
988,1974,801.0,-45.725,167.775,14.733400541877927,9.927400541877926
989,1975,1078.0,-45.725,167.825,14.641215183019085,8.173215183019085
990,1976,1328.0,-45.725,167.875,14.558021694730996,6.590021694730997
991,461,576.0,-45.825,167.925,14.257953046559123,10.801953046559124
992,557,532.0,-45.825,167.975,14.185388122212316,10.993388122212316
993,561,518.0,-45.825,168.025,14.1233955741518,11.0153955741518
994,567,468.0,-45.825,168.075,14.072267852086952,11.264267852086952
995,936,602.0,-45.775,167.925,14.380111708862387,10.768111708862387
996,937,603.0,-45.775,167.975,14.31261783087757,10.69461783087757
997,1002,485.0,-45.775,168.025,14.256110590205935,11.346110590205935
998,1010,592.0,-45.775,168.075,14.210730389440869,10.65873038944087
999,1227,714.0,-45.675,167.925,14.571096512172517,10.287096512172518
1000,1228,524.0,-45.675,167.975,14.515700567488238,11.371700567488238
1001,1229,760.0,-45.675,168.025,14.472601008077618,9.912601008077619
1002,1230,376.0,-45.675,168.075,14.441762436839781,12.18576243683978
1003,1977,806.0,-45.725,167.925,14.485074624455592,9.649074624455592
1004,1978,460.0,-45.725,167.975,14.423239192168694,11.663239192168694
1005,1979,556.0,-45.725,168.025,14.372972934030258,11.036972934030258
1006,1980,376.0,-45.725,168.075,14.334312717139255,12.078312717139255
1007,573,258.0,-45.825,168.125,14.03176193876061,12.48376193876061
1008,579,393.0,-45.825,168.175,14.001086982047127,11.643086982047127
1009,653,380.0,-45.825,168.225,13.97897511825795,11.69897511825795
1010,1011,369.0,-45.775,168.125,14.176148858954548,11.962148858954547
1011,1013,255.0,-45.775,168.175,14.151588923778036,12.621588923778036
1012,1014,260.0,-45.775,168.225,14.13590302695593,12.57590302695593
1013,1231,359.0,-45.675,168.125,14.422769222299394,12.268769222299394
1014,1232,341.0,-45.675,168.175,14.414862621561042,12.368862621561043
1015,1233,296.0,-45.675,168.225,14.417003488033515,12.641003488033515
1016,1981,334.0,-45.725,168.125,14.306878655828768,12.302878655828769
1017,1982,288.0,-45.725,168.175,14.289907561553264,12.561907561553264
1018,1983,310.0,-45.725,168.225,14.282325167132512,12.422325167132513
1019,655,194.0,-45.825,168.275,13.963866496866103,12.799866496866104
1020,663,230.0,-45.825,168.325,13.954191168028046,12.574191168028047
1021,668,154.0,-45.825,168.375,13.948655072836118,13.024655072836119
1022,673,221.0,-45.825,168.425,13.946398134285118,12.620398134285118
1023,1016,445.0,-45.775,168.275,14.12771710283414,11.45771710283414
1024,1018,268.0,-45.775,168.325,14.125618731341092,12.517618731341091
1025,1021,342.0,-45.775,168.375,14.128334566576086,12.076334566576087
1026,1023,180.0,-45.775,168.425,14.134832073506914,13.054832073506914
1027,1234,276.0,-45.675,168.275,14.427956734771215,12.771956734771214
1028,1235,255.0,-45.675,168.325,14.446384684097211,12.916384684097212
1029,1236,232.0,-45.675,168.375,14.470929761260777,13.078929761260778
1030,1237,225.0,-45.675,168.425,14.500267633844487,13.150267633844487
1031,1984,337.0,-45.725,168.275,14.282855939862202,12.260855939862202
1032,1985,333.0,-45.725,168.325,14.290152885167117,12.292152885167118
1033,1986,268.0,-45.725,168.375,14.302914926662197,12.694914926662197
1034,1987,200.0,-45.725,168.425,14.319957874869942,13.119957874869943
1035,678,168.0,-45.825,168.475,13.946953785327423,12.938953785327424
1036,683,157.0,-45.825,168.525,13.950064919152283,13.008064919152282
1037,688,216.0,-45.825,168.575,13.955484309793974,12.659484309793974
1038,1025,188.0,-45.775,168.475,14.14431286501167,13.01631286501167
1039,1029,262.0,-45.775,168.525,14.156121184307267,12.584121184307268
1040,1033,229.0,-45.775,168.575,14.169627500781644,12.795627500781643
1041,1238,733.0,-45.675,168.475,14.53312132674364,10.13512132674364
1042,1239,385.0,-45.675,168.525,14.568240529912146,12.258240529912145
1043,1240,559.0,-45.675,168.575,14.604360423234539,11.25036042323454
1044,1988,357.0,-45.725,168.475,14.340222224998797,12.198222224998798
1045,1989,363.0,-45.725,168.525,14.362727994039233,12.184727994039232
1046,1990,264.0,-45.725,168.575,14.386505621025208,12.802505621025208
1047,693,176.0,-45.825,168.625,13.962856706197272,12.90685670619727
1048,698,153.0,-45.825,168.675,13.971701222113552,13.053701222113553
1049,703,145.0,-45.825,168.725,13.981453560669252,13.111453560669252
1050,824,148.0,-45.825,168.775,13.991506024092814,13.103506024092814
1051,1037,178.0,-45.775,168.625,14.184140544175534,13.116140544175535
1052,1041,197.0,-45.775,168.675,14.198866986465873,13.016866986465873
1053,1045,188.0,-45.775,168.725,14.212905141415831,13.084905141415831
1054,1049,180.0,-45.775,168.775,14.225244061521153,13.145244061521153
1055,1241,256.0,-45.675,168.625,14.640155886274442,13.104155886274443
1056,1242,685.0,-45.675,168.675,14.674201210547835,10.564201210547836
1057,1243,636.0,-45.675,168.725,14.704937978982343,10.888937978982344
1058,1244,527.0,-45.675,168.775,14.730650223293196,11.568650223293197
1059,1991,240.0,-45.725,168.625,14.410531937612177,12.970531937612177
1060,1992,189.0,-45.725,168.675,14.433685779782536,13.299685779782536
1061,1993,261.0,-45.725,168.725,14.454721431549842,12.888721431549843
1062,1994,199.0,-45.725,168.775,14.472250049167997,13.278250049167998
1063,861,193.0,-45.825,168.825,14.001191951025248,12.843191951025249
1064,864,240.0,-45.825,168.875,14.009702695271699,12.5697026952717
1065,866,331.0,-45.825,168.925,14.0160035131521,12.0300035131521
1066,868,346.0,-45.825,168.975,14.01888477167995,11.94288477167995
1067,1053,507.0,-45.775,168.825,14.234746154266759,11.192746154266759
1068,1057,380.0,-45.775,168.875,14.24011919935765,11.960119199357651
1069,1161,700.0,-45.775,168.925,14.239923920356887,10.039923920356888
1070,1170,384.0,-45.775,168.975,14.232690316142907,11.928690316142907
1071,1245,277.0,-45.675,168.825,14.749449148996064,13.087449148996065
1072,1246,180.0,-45.675,168.875,14.759278810472097,13.679278810472097
1073,1247,329.0,-45.675,168.925,14.757964890470248,12.783964890470248
1074,1248,408.0,-45.675,168.975,14.743335305063738,12.295335305063738
1075,1995,225.0,-45.725,168.825,14.484723833442331,13.134723833442331
1076,1996,189.0,-45.725,168.875,14.490433840905098,13.356433840905098
1077,1997,371.0,-45.725,168.925,14.487552770826369,12.26155277082637
1078,1998,680.0,-45.725,168.975,14.474266170600458,10.394266170600458
1079,870,589.0,-45.825,169.025,14.017256084851397,10.483256084851398
1080,872,235.0,-45.825,169.075,14.010660598683899,12.600660598683898
1081,874,217.0,-45.825,169.125,13.999882808244365,12.697882808244366
1082,1028,328.0,-45.725,169.125,14.360445127051207,12.392445127051207
1083,1179,604.0,-45.775,169.025,14.21720050710428,10.593200507104282
1084,1249,1009.0,-45.675,169.025,14.713440510313376,8.659440510313377
1085,1250,650.0,-45.675,169.075,14.666896957236531,10.766896957236531
1086,1251,506.0,-45.675,169.125,14.60338049593156,11.56738049593156
1087,1271,615.0,-45.775,169.075,14.19294420534061,10.50294420534061
1088,1272,310.0,-45.775,169.125,14.160707675913727,12.300707675913728
1089,1999,698.0,-45.725,169.025,14.449029572298969,10.26102957229897
1090,2000,718.0,-45.725,169.075,14.410970716880911,10.102970716880911
1091,876,491.0,-45.825,169.175,13.987501810272079,11.041501810272079
1092,878,302.0,-45.825,169.225,13.978161641911356,12.166161641911357
1093,880,221.0,-45.825,169.275,13.978007913439797,12.652007913439796
1094,882,227.0,-45.825,169.325,13.992693619182319,12.630693619182319
1095,1032,523.0,-45.725,169.175,14.299767701182645,11.161767701182645
1096,1035,589.0,-45.725,169.225,14.234184406792338,10.700184406792339
1097,1039,516.0,-45.725,169.275,14.173114896884726,11.077114896884726
1098,1043,370.0,-45.725,169.325,14.130672650358974,11.910672650358974
1099,1252,603.0,-45.675,169.175,14.524327410726983,10.906327410726982
1100,1253,586.0,-45.675,169.225,14.434008795329646,10.918008795329646
1101,1254,309.0,-45.675,169.275,14.34150066575603,12.48750066575603
1102,1255,269.0,-45.675,169.325,14.264991161497164,12.650991161497164
1103,1273,240.0,-45.775,169.175,14.123231981784556,12.683231981784557
1104,1275,424.0,-45.775,169.225,14.085801722623728,11.541801722623727
1105,1292,337.0,-45.775,169.275,14.056351592305873,12.034351592305873
1106,1300,279.0,-45.775,169.325,14.044063261477277,12.370063261477277
1107,884,287.0,-45.825,169.375,14.024726417062993,12.302726417062994
1108,885,394.0,-45.825,169.425,14.071794192259404,11.707794192259403
1109,886,293.0,-45.825,169.475,14.127224479589131,12.369224479589132
1110,1047,499.0,-45.725,169.375,14.120019678261087,11.126019678261088
1111,1051,493.0,-45.725,169.425,14.13969705553427,11.18169705553427
1112,1055,60.0,-45.725,169.475,14.174605811613219,13.81460581161322
1113,1256,339.0,-45.675,169.375,14.23223255728044,12.198232557280441
1114,1257,81.0,-45.675,169.425,14.241334801927223,13.755334801927223
1115,1258,353.0,-45.675,169.475,14.264407034594115,12.146407034594114
1116,1409,340.0,-45.775,169.375,14.055151131055027,12.015151131055028
1117,1411,343.0,-45.775,169.425,14.087848000455779,12.029848000455779
1118,1413,162.0,-45.775,169.475,14.132882083202276,13.160882083202276
1119,887,43.0,-45.825,169.525,14.182340299057614,13.924340299057615
1120,888,141.0,-45.825,169.575,14.228824685744257,13.382824685744257
1121,889,374.0,-45.825,169.625,14.259994587579058,12.015994587579058
1122,890,513.0,-45.825,169.675,14.27120473101786,11.193204731017861
1123,1059,377.0,-45.725,169.525,14.209679139255968,11.947679139255968
1124,1158,460.0,-45.725,169.575,14.234651952627246,11.474651952627246
1125,1165,705.0,-45.725,169.625,14.243232283677571,10.01323228367757
1126,1174,960.0,-45.725,169.675,14.231809997372693,8.471809997372693
1127,1259,400.0,-45.675,169.525,14.284034809035802,11.884034809035802
1128,1260,615.0,-45.675,169.575,14.291217517813493,10.601217517813494
1129,1261,929.0,-45.675,169.625,14.281201686128043,8.707201686128045
1130,1262,1140.0,-45.675,169.675,14.251579952171596,7.411579952171596
1131,1416,209.0,-45.775,169.525,14.178880137422311,12.924880137422312
1132,1419,559.0,-45.775,169.575,14.216240489266056,10.862240489266057
1133,1438,520.0,-45.775,169.625,14.238102604267624,11.118102604267623
1134,1443,686.0,-45.775,169.675,14.240086909656384,10.124086909656384
1135,891,542.0,-45.825,169.725,14.259838645717537,11.007838645717538
1136,892,497.0,-45.825,169.775,14.225096690845021,11.243096690845022
1137,893,388.0,-45.825,169.825,14.167603582427546,11.839603582427547
1138,1183,1076.0,-45.725,169.725,14.1985525483542,7.742552548354201
1139,1184,985.0,-45.725,169.775,14.142782890839953,8.232782890839953
1140,1185,882.0,-45.725,169.825,14.064491892471779,8.772491892471779
1141,1263,1011.0,-45.675,169.725,14.201298441445033,8.135298441445034
1142,1264,1080.0,-45.675,169.775,14.13006408387264,7.650064083872639
1143,1265,944.0,-45.675,169.825,14.037948191564283,8.373948191564283
1144,1450,779.0,-45.775,169.725,14.219804096508597,9.545804096508597
1145,1555,878.0,-45.775,169.775,14.17637409380768,8.90837409380768
1146,1558,878.0,-45.775,169.825,14.10993772629081,8.841937726290809
1147,894,396.0,-45.825,169.875,14.088815014150896,11.712815014150896
1148,895,421.0,-45.825,169.925,13.990237771304237,11.464237771304237
1149,896,469.0,-45.825,169.975,13.872503850045177,11.058503850045177
1150,897,435.0,-45.825,170.025,13.734297524037174,11.124297524037175
1151,1186,604.0,-45.725,169.875,13.963896080776976,10.339896080776978
1152,1187,653.0,-45.725,169.925,13.8410128700325,9.923012870032501
1153,1188,520.0,-45.725,169.975,13.69529074215825,10.575290742158248
1154,1189,526.0,-45.725,170.025,13.52542969096794,10.36942969096794
1155,1266,600.0,-45.675,169.875,13.925095772556233,10.325095772556233
1156,1267,487.0,-45.675,169.925,13.79152066833376,10.86952066833376
1157,1268,455.0,-45.675,169.975,13.63703712449751,10.90703712449751
1158,1269,387.0,-45.675,170.025,13.461470900207132,11.139470900207133
1159,1562,658.0,-45.775,169.875,14.021109702411195,10.073109702411195
1160,1568,553.0,-45.775,169.925,13.910353149172806,10.592353149172807
1161,1666,441.0,-45.775,169.975,13.777294673023789,11.131294673023788
1162,1669,341.0,-45.775,170.025,13.620043380115021,11.574043380115022
1163,898,515.0,-45.825,170.075,13.571037548917957,10.481037548917957
1164,899,497.0,-45.825,170.125,13.373368048878547,10.391368048878547
1165,900,295.0,-45.825,170.175,13.127849208165571,11.357849208165572
1166,901,225.0,-45.825,170.225,12.83073496121142,11.48073496121142
1167,1143,416.0,-45.675,170.125,13.051949635517303,10.555949635517303
1168,1145,359.0,-45.675,170.175,12.829457167366854,10.675457167366854
1169,1149,320.0,-45.675,170.225,12.61509828333692,10.69509828333692
1170,1190,520.0,-45.725,170.075,13.329727620221092,10.209727620221091
1171,1191,520.0,-45.725,170.125,13.107673544043791,9.98767354404379
1172,1192,501.0,-45.725,170.175,12.863875551602177,9.857875551602177
1173,1193,388.0,-45.725,170.225,12.614611063816483,10.286611063816483
1174,1270,514.0,-45.675,170.075,13.265420214906044,10.181420214906044
1175,1673,429.0,-45.775,170.075,13.43472553761967,10.86072553761967
1176,1678,472.0,-45.775,170.125,13.216032107873616,10.384032107873615
1177,1683,409.0,-45.775,170.175,12.961116262655196,10.507116262655195
1178,1689,387.0,-45.775,170.225,12.680086576214308,10.358086576214308
1179,902,52.0,-45.825,170.275,12.517366906355164,12.205366906355165
1180,903,138.0,-45.825,170.325,12.269733764933335,11.441733764933335
1181,904,147.0,-45.825,170.375,12.22678095480478,11.344780954804781
1182,1168,299.0,-45.675,170.275,12.436465791644878,10.642465791644877
1183,1177,382.0,-45.675,170.325,12.327630884061364,10.035630884061364
1184,1194,341.0,-45.725,170.275,12.394083340119323,10.348083340119324
1185,1195,358.0,-45.725,170.325,12.253975517227445,10.105975517227446
1186,1196,400.0,-45.725,170.375,12.246994176268345,9.846994176268344
1187,1279,437.0,-45.675,170.375,12.315822850647237,9.693822850647237
1188,1697,406.0,-45.775,170.275,12.409939113662404,9.973939113662404
1189,1700,53.0,-45.775,170.325,12.221176199962429,11.903176199962429
1190,1704,202.0,-45.775,170.375,12.209804689133307,10.997804689133307
1191,905,199.0,-45.825,170.425,12.557044142187806,11.363044142187807
1192,907,544.0,-45.825,170.475,13.067542412751209,9.80354241275121
1193,908,362.0,-45.825,170.525,13.456830736171469,11.284830736171468
1194,909,274.0,-45.825,170.575,13.595191452326617,11.951191452326617
1195,1197,376.0,-45.725,170.425,12.385941543554509,10.129941543554509
1196,1198,420.0,-45.725,170.475,12.610444376741725,10.090444376741726
1197,1199,202.0,-45.725,170.525,12.820549102067162,11.608549102067162
1198,1282,327.0,-45.675,170.425,12.40118689976407,10.43918689976407
1199,1284,364.0,-45.675,170.475,12.546451897631414,10.362451897631413
1200,1288,259.0,-45.675,170.525,12.693248846258939,11.139248846258939
1201,1296,251.0,-45.675,170.575,12.792967702625901,11.286967702625901
1202,1709,379.0,-45.775,170.425,12.4284130298729,10.154413029872899
1203,1713,456.0,-45.775,170.475,12.77427516359603,10.03827516359603
1204,1718,230.0,-45.775,170.525,13.070671150606358,11.69067115060636
1205,1867,198.0,-45.775,170.575,13.213042681012666,12.025042681012666
1206,910,96.0,-45.825,170.675,13.370665705690044,12.794665705690043
1207,911,13.0,-45.825,170.725,13.189961725871399,13.1119617258714
1208,1304,143.0,-45.675,170.625,12.826499030905325,11.968499030905324
1209,1950,123.0,-45.775,170.625,13.198675717512742,12.460675717512743
1210,1954,174.0,-45.775,170.675,13.079278085664555,12.035278085664554
1211,1408,410.0,-45.625,166.625,14.522681580296194,12.062681580296195
1212,1421,350.0,-45.625,166.675,14.648099985130102,12.548099985130102
1213,1437,417.0,-45.625,166.775,14.899769189811195,12.397769189811196
1214,1444,706.0,-45.625,166.825,15.02413694284769,10.78813694284769
1215,1617,588.0,-45.525,166.725,14.782154308952158,11.254154308952158
1216,1618,596.0,-45.525,166.775,14.906485162111494,11.330485162111493
1217,1619,858.0,-45.525,166.825,15.029539487419243,9.881539487419243
1218,1933,267.0,-45.575,166.725,14.787186622055742,13.185186622055742
1219,1934,602.0,-45.575,166.825,15.037336388351832,11.425336388351832
1220,1451,421.0,-45.625,166.875,15.145943868505128,12.619943868505128
1221,1549,244.0,-45.625,166.925,15.263722415380471,13.79972241538047
1222,1553,893.0,-45.625,166.975,15.375727467780962,10.017727467780961
1223,1620,978.0,-45.525,166.975,15.37936678900951,9.51136678900951
1224,1935,341.0,-45.575,166.875,15.159445523458999,13.113445523459
1225,1936,252.0,-45.575,166.925,15.277858780827955,13.765858780827955
1226,1937,674.0,-45.575,166.975,15.390981612101314,11.346981612101313
1227,1565,1158.0,-45.625,167.025,15.479853428339993,8.531853428339993
1228,1571,685.0,-45.625,167.075,15.5734924735807,11.4634924735807
1229,1621,338.0,-45.525,167.025,15.484455873051047,13.456455873051047
1230,1622,1029.0,-45.525,167.075,15.580401089544466,9.406401089544467
1231,1623,1046.0,-45.525,167.125,15.664355988603347,9.388355988603347
1232,1624,875.0,-45.525,167.175,15.732470694292715,10.482470694292715
1233,1646,622.0,-45.625,167.125,15.653291527720285,11.921291527720285
1234,1648,800.0,-45.625,167.175,15.714745649336692,10.914745649336691
1235,1938,1236.0,-45.575,167.025,15.496892921499239,8.080892921499238
1236,1939,764.0,-45.575,167.075,15.593218179146788,11.009218179146789
1237,1940,1124.0,-45.575,167.125,15.676897770557844,8.932897770557844
1238,1941,335.0,-45.575,167.175,15.743717045952508,13.733717045952508
1239,1120,838.0,-45.575,167.225,15.787192313418927,10.759192313418927
1240,1144,1140.0,-45.575,167.275,15.796193034151656,8.956193034151656
1241,1148,1229.0,-45.575,167.325,15.761356315793819,8.38735631579382
1242,1625,767.0,-45.525,167.225,15.778979563390749,11.176979563390748
1243,1626,181.0,-45.525,167.275,15.7925833130721,14.7065833130721
1244,1627,459.0,-45.525,167.325,15.751912109168188,12.997912109168189
1245,1650,740.0,-45.625,167.225,15.751681257625023,11.311681257625022
1246,1653,362.0,-45.625,167.275,15.756763617562683,13.584763617562682
1247,1656,873.0,-45.625,167.325,15.72628799688755,10.48828799688755
1248,1163,265.0,-45.575,167.375,15.69299901425984,14.10299901425984
1249,1172,1169.0,-45.575,167.425,15.603973554498225,8.589973554498226
1250,1181,642.0,-45.575,167.475,15.502371532737016,11.650371532737015
1251,1276,179.0,-45.575,167.525,15.393887893540523,14.319887893540523
1252,1628,1166.0,-45.525,167.375,15.679115185255796,8.683115185255797
1253,1629,179.0,-45.525,167.425,15.587667068521114,14.513667068521114
1254,1630,179.0,-45.525,167.475,15.485043421958835,14.411043421958835
1255,1631,179.0,-45.525,167.525,15.37668555604614,14.302685556046141
1256,1661,561.0,-45.625,167.375,15.665076702956867,12.299076702956867
1257,1665,1025.0,-45.625,167.425,15.581844615553564,9.431844615553565
1258,1670,993.0,-45.625,167.475,15.48419690549781,9.526196905497812
1259,1674,438.0,-45.625,167.525,15.37799935883595,12.74999935883595
1260,1287,205.0,-45.575,167.575,15.282957040337351,14.05295704033735
1261,1294,201.0,-45.575,167.625,15.17321679811721,13.96721679811721
1262,1302,209.0,-45.575,167.675,15.067724889006058,13.813724889006059
1263,1403,233.0,-45.575,167.725,14.969067607918987,13.571067607918987
1264,1632,179.0,-45.525,167.575,15.26692955575345,14.19292955575345
1265,1633,200.0,-45.525,167.625,15.159381165231025,13.959381165231026
1266,1634,220.0,-45.525,167.675,15.057095073643723,13.737095073643722
1267,1635,277.0,-45.525,167.725,14.962665627666865,13.300665627666866
1268,1679,257.0,-45.625,167.575,15.267870815900096,13.725870815900096
1269,1684,682.0,-45.625,167.625,15.157578017511696,11.065578017511697
1270,1691,230.0,-45.625,167.675,15.050264925608644,13.670264925608645
1271,1696,243.0,-45.625,167.725,14.948579279796832,13.490579279796831
1272,1406,371.0,-45.575,167.775,14.879414364968397,12.653414364968398
1273,1410,375.0,-45.575,167.825,14.80054265826766,12.55054265826766
1274,1412,390.0,-45.575,167.875,14.733846742074093,12.393846742074093
1275,1636,260.0,-45.525,167.775,14.8782715579473,13.3182715579473
1276,1637,279.0,-45.525,167.825,14.80569535777613,13.131695357776131
1277,1638,305.0,-45.525,167.875,14.746329145214986,12.916329145214986
1278,1701,538.0,-45.625,167.775,14.854740184044203,11.626740184044204
1279,1706,1023.0,-45.625,167.825,14.770571228644258,8.632571228644258
1280,1710,950.0,-45.625,167.875,14.697513279068517,8.997513279068517
1281,1415,501.0,-45.575,167.925,14.680338438905892,11.674338438905892
1282,1417,523.0,-45.575,167.975,14.640646364125132,11.502646364125132
1283,1423,622.0,-45.575,168.025,14.615018737138598,10.883018737138599
1284,1431,531.0,-45.575,168.075,14.60333414229899,11.41733414229899
1285,1639,424.0,-45.525,167.925,14.701174872287083,12.157174872287083
1286,1640,365.0,-45.525,167.975,14.670844712898543,12.480844712898543
1287,1641,678.0,-45.525,168.025,14.655566156121495,10.587566156121495
1288,1642,573.0,-45.525,168.075,14.655195170817024,11.217195170817023
1289,1715,1115.0,-45.625,167.925,14.636626067022007,7.946626067022007
1290,1719,658.0,-45.625,167.975,14.588585521920322,10.640585521920322
1291,1866,1030.0,-45.625,168.025,14.55368297599125,8.373682975991251
1292,1869,410.0,-45.625,168.075,14.531832081163884,12.071832081163885
1293,1434,379.0,-45.575,168.125,14.605123550374628,12.331123550374627
1294,1439,463.0,-45.575,168.175,14.619605216217678,11.841605216217678
1295,1446,928.0,-45.575,168.225,14.645731584776513,9.077731584776513
1296,1643,419.0,-45.525,168.125,14.669239469727472,12.155239469727473
1297,1644,471.0,-45.525,168.175,14.696892247162396,11.870892247162395
1298,1645,695.0,-45.525,168.225,14.737074824457522,10.567074824457523
1299,1871,390.0,-45.625,168.125,14.522588716008613,12.182588716008613
1300,1873,331.0,-45.625,168.175,14.525187568917318,12.539187568917317
1301,1875,332.0,-45.625,168.225,14.538595895097387,12.546595895097388
1302,1118,783.0,-45.525,168.275,14.788484691907797,10.090484691907797
1303,1154,660.0,-45.525,168.325,14.84964398475313,10.88964398475313
1304,1157,883.0,-45.525,168.375,14.918943030503215,9.620943030503215
1305,1160,531.0,-45.525,168.425,14.994674568584742,11.808674568584742
1306,1532,508.0,-45.575,168.275,14.682244326466389,11.634244326466389
1307,1534,565.0,-45.575,168.325,14.727730898670416,11.337730898670415
1308,1548,339.0,-45.575,168.375,14.780674735864523,12.746674735864524
1309,1551,299.0,-45.575,168.425,14.839492163790055,13.045492163790055
1310,1877,281.0,-45.625,168.275,14.561580253790453,12.875580253790453
1311,1879,255.0,-45.625,168.325,14.592777063544418,13.062777063544418
1312,1881,259.0,-45.625,168.375,14.63075479863437,13.07675479863437
1313,1883,248.0,-45.625,168.425,14.674056681978982,13.186056681978982
1314,1169,510.0,-45.525,168.475,15.075056330522784,12.015056330522786
1315,1178,420.0,-45.525,168.525,15.158242069601329,12.63824206960133
1316,1280,282.0,-45.525,168.575,15.242322843774673,13.550322843774673
1317,1561,338.0,-45.575,168.475,14.902552306122743,12.874552306122743
1318,1567,1008.0,-45.575,168.525,14.968180315518111,8.920180315518111
1319,1573,941.0,-45.575,168.575,15.034647427361051,9.38864742736105
1320,1885,326.0,-45.625,168.475,14.7212180647075,12.7652180647075
1321,1887,746.0,-45.625,168.525,14.77075997078282,10.29475997078282
1322,1889,595.0,-45.625,168.575,14.821165909948832,11.251165909948831
1323,1286,611.0,-45.525,168.625,15.325320803076465,11.659320803076465
1324,1293,518.0,-45.525,168.675,15.40517720498974,12.29717720498974
1325,1301,682.0,-45.525,168.725,15.479735952649207,11.387735952649209
1326,1396,816.0,-45.525,168.775,15.546724804144105,10.650724804144104
1327,1574,420.0,-45.575,168.625,15.100152469403838,12.580152469403838
1328,1575,796.0,-45.575,168.675,15.16279880307411,10.386798803074111
1329,1576,1120.0,-45.575,168.725,15.220569631594117,8.500569631594118
1330,1577,775.0,-45.575,168.775,15.271304808964487,10.621304808964489
1331,1891,952.0,-45.625,168.625,14.870850647832413,9.158850647832413
1332,1893,504.0,-45.625,168.675,14.918127591898156,11.894127591898155
1333,1894,439.0,-45.625,168.725,14.96117842858257,12.32717842858257
1334,1895,438.0,-45.625,168.775,14.998027566434757,12.370027566434757
1335,1397,1025.0,-45.525,168.825,15.603739010186473,9.453739010186474
1336,1398,1032.0,-45.525,168.875,15.648235990212925,9.456235990212924
1337,1399,1034.0,-45.525,168.925,15.677553965802872,9.473553965802871
1338,1400,1188.0,-45.525,168.975,15.68897246443521,8.56097246443521
1339,1578,934.0,-45.575,168.825,15.31268457252736,9.70868457252736
1340,1579,549.0,-45.575,168.875,15.342229690975728,12.048229690975727
1341,1580,258.0,-45.575,168.925,15.357332353460151,13.809332353460151
1342,1581,409.0,-45.575,168.975,15.355337117282033,12.901337117282033
1343,1896,862.0,-45.625,168.825,15.02652638980544,9.85452638980544
1344,1897,277.0,-45.625,168.875,15.044357850245433,13.382357850245434
1345,1898,199.0,-45.625,168.925,15.049078359392297,13.855078359392298
1346,1899,401.0,-45.625,168.975,15.038218840605623,12.632218840605624
1347,1401,631.0,-45.525,169.025,15.679840716324179,11.89384071632418
1348,1402,631.0,-45.525,169.075,15.647816489639808,11.861816489639809
1349,1405,1017.0,-45.525,169.125,15.591290746995583,9.489290746995582
1350,1582,378.0,-45.575,169.025,15.333697522852162,13.065697522852162
1351,1583,1040.0,-45.575,169.075,15.290245276555652,9.050245276555652
1352,1584,1094.0,-45.575,169.125,15.223631861619651,8.659631861619651
1353,1900,867.0,-45.625,169.025,15.009469496875681,9.807469496875681
1354,1901,1213.0,-45.625,169.075,14.96097610729339,7.68297610729339
1355,1902,743.0,-45.625,169.125,14.8917857129818,10.433785712981802
1356,1420,790.0,-45.525,169.175,15.510130073125765,10.770130073125765
1357,1435,976.0,-45.525,169.225,15.406940007260346,9.550940007260346
1358,1440,428.0,-45.525,169.275,15.289005287137115,12.721005287137116
1359,1447,135.0,-45.525,169.325,15.169910830500157,14.359910830500157
1360,1585,696.0,-45.575,169.175,15.134049453228727,10.958049453228726
1361,1586,1046.0,-45.575,169.225,15.024446781795632,8.748446781795632
1362,1587,867.0,-45.575,169.275,14.902789435040177,9.700789435040177
1363,1588,145.0,-45.575,169.325,14.786974993770855,13.916974993770856
1364,1903,403.0,-45.625,169.175,14.802507659200273,12.384507659200274
1365,1904,813.0,-45.625,169.225,14.696333640988087,9.818333640988087
1366,1905,638.0,-45.625,169.275,14.580825177223232,10.752825177223233
1367,1906,183.0,-45.625,169.325,14.472272518671161,13.37427251867116
1368,1453,473.0,-45.525,169.375,15.064679355920816,12.226679355920815
1369,1454,556.0,-45.525,169.425,14.975215195314377,11.639215195314376
1370,1455,630.0,-45.525,169.475,14.891008644526664,11.111008644526665
1371,1589,342.0,-45.575,169.375,14.706961194879113,12.654961194879114
1372,1590,531.0,-45.575,169.425,14.66235627808237,11.47635627808237
1373,1591,652.0,-45.575,169.475,14.62634600313504,10.714346003135041
1374,1907,80.0,-45.625,169.375,14.417232487267029,13.937232487267028
1375,1908,242.0,-45.625,169.425,14.411901568839312,12.959901568839312
1376,1909,465.0,-45.625,169.475,14.413833560816784,11.623833560816784
1377,1456,842.0,-45.525,169.525,14.802982804774729,9.75098280477473
1378,1457,893.0,-45.525,169.575,14.707041380626833,9.349041380626833
1379,1458,690.0,-45.525,169.625,14.6021134188195,10.462113418819499
1380,1459,794.0,-45.525,169.675,14.488344238976424,9.724344238976425
1381,1592,764.0,-45.575,169.525,14.58453562656905,10.00053562656905
1382,1593,733.0,-45.575,169.575,14.531058144984854,10.133058144984854
1383,1594,757.0,-45.575,169.625,14.463810345980164,9.921810345980164
1384,1595,735.0,-45.575,169.675,14.38232869370404,9.97232869370404
1385,1910,660.0,-45.625,169.525,14.40880896427916,10.448808964279161
1386,1911,908.0,-45.625,169.575,14.390230147015245,8.942230147015245
1387,1912,894.0,-45.625,169.625,14.3550364810053,8.991036481005299
1388,1913,1071.0,-45.625,169.675,14.301990144864249,7.875990144864248
1389,1460,659.0,-45.525,169.725,14.366143288007152,10.412143288007151
1390,1461,764.0,-45.525,169.775,14.235813221277567,9.651813221277568
1391,1462,859.0,-45.525,169.825,14.09749952238235,8.94349952238235
1392,1596,737.0,-45.575,169.725,14.286770067970792,9.864770067970792
1393,1597,795.0,-45.575,169.775,14.177438399066887,9.407438399066887
1394,1598,922.0,-45.575,169.825,14.054608593414741,8.522608593414741
1395,1914,959.0,-45.625,169.725,14.230768388622892,8.476768388622892
1396,1915,984.0,-45.625,169.775,14.141457739244288,8.237457739244288
1397,1916,996.0,-45.625,169.825,14.034276243231943,8.058276243231944
1398,1463,969.0,-45.525,169.875,13.95131230408333,8.13731230408333
1399,1464,822.0,-45.525,169.925,13.797555815579472,8.865555815579471
1400,1465,941.0,-45.525,169.975,13.637050925366566,7.991050925366566
1401,1466,972.0,-45.525,170.025,13.471554850222674,7.639554850222674
1402,1599,915.0,-45.575,169.875,13.918526161236514,8.428526161236514
1403,1600,811.0,-45.575,169.925,13.769538367221685,8.903538367221685
1404,1601,709.0,-45.575,169.975,13.608367992374042,9.354367992374042
1405,1602,397.0,-45.575,170.025,13.436575506717418,11.054575506717418
1406,1917,784.0,-45.625,169.875,13.909439287261193,9.205439287261193
1407,1918,539.0,-45.625,169.925,13.767148049571915,10.533148049571915
1408,1919,507.0,-45.625,169.975,13.607740366414873,10.565740366414873
1409,1920,463.0,-45.625,170.025,13.432104936608084,10.654104936608084
1410,1467,246.0,-45.525,170.075,13.304263778869426,11.828263778869427
1411,1468,199.0,-45.525,170.125,13.140313081257773,11.946313081257774
1412,1469,218.0,-45.525,170.175,12.987062201829758,11.679062201829758
1413,1470,391.0,-45.525,170.225,12.853808640369607,10.507808640369607
1414,1603,241.0,-45.575,170.075,13.257252563676957,11.811252563676957
1415,1604,195.0,-45.575,170.125,13.075909574119578,11.905909574119578
1416,1605,256.0,-45.575,170.175,12.901314693646782,11.365314693646782
1417,1606,303.0,-45.575,170.225,12.745718356214638,10.927718356214639
1418,1921,441.0,-45.625,170.075,13.242504312162055,10.596504312162054
1419,1922,380.0,-45.625,170.125,13.043915468399064,10.763915468399064
1420,1923,290.0,-45.625,170.175,12.8457453124538,11.1057453124538
1421,1924,249.0,-45.625,170.225,12.663189430424609,11.169189430424609
1422,1471,335.0,-45.525,170.275,12.750539347469385,10.740539347469385
1423,1472,365.0,-45.525,170.325,12.685580990184462,10.495580990184463
1424,1473,571.0,-45.525,170.375,12.662656368609532,9.236656368609532
1425,1607,260.0,-45.575,170.275,12.623626033324399,11.063626033324399
1426,1608,446.0,-45.575,170.325,12.548446436185259,9.872446436185259
1427,1609,622.0,-45.575,170.375,12.527388375943701,8.795388375943702
1428,1925,323.0,-45.625,170.275,12.516718088047128,10.578718088047127
1429,1926,404.0,-45.625,170.325,12.42783457126825,10.00383457126825
1430,1927,587.0,-45.625,170.375,12.410487922630637,8.888487922630636
1431,1474,634.0,-45.525,170.425,12.678649668303478,8.874649668303478
1432,1475,413.0,-45.525,170.475,12.723600842587985,10.245600842587985
1433,1476,424.0,-45.525,170.525,12.783427110523917,10.239427110523916
1434,1477,306.0,-45.525,170.575,12.844048316483168,11.008048316483167
1435,1610,482.0,-45.575,170.425,12.556835881514417,9.664835881514417
1436,1611,521.0,-45.575,170.475,12.621604165047756,9.495604165047757
1437,1612,223.0,-45.575,170.525,12.699731828752192,11.361731828752193
1438,1613,258.0,-45.575,170.575,12.770352356730655,11.222352356730655
1439,1928,412.0,-45.625,170.425,12.46140344914238,9.989403449142381
1440,1929,320.0,-45.625,170.475,12.556981460002135,10.636981460002135
1441,1930,299.0,-45.625,170.525,12.661947120424884,10.867947120424883
1442,1931,21.0,-45.625,170.575,12.744701352748962,12.618701352748962
1443,1478,192.0,-45.525,170.625,12.894386662494071,11.742386662494072
1444,1479,49.0,-45.525,170.675,12.925784969129381,12.63178496912938
1445,1480,156.0,-45.525,170.725,12.927498094819384,11.991498094819384
1446,1614,173.0,-45.575,170.625,12.819767805936863,11.781767805936862
1447,1615,125.0,-45.575,170.675,12.842462594961034,12.092462594961034
1448,1616,47.0,-45.575,170.725,12.838591496059962,12.556591496059962
1449,1932,20.0,-45.625,170.625,12.788878701669091,12.668878701669092
1450,1070,607.0,-45.425,166.775,14.834529452808056,11.192529452808056
1451,1071,826.0,-45.425,166.825,14.95012212423535,9.99412212423535
1452,1422,601.0,-45.375,166.825,14.879585892933392,11.273585892933392
1453,1481,178.0,-45.475,166.725,14.758724139192054,13.690724139192055
1454,1482,667.0,-45.475,166.775,14.880303613215801,10.878303613215802
1455,1483,625.0,-45.475,166.825,15.000383725502616,11.250383725502616
1456,1773,728.0,-45.325,166.825,14.79009117415626,10.42209117415626
1457,1072,1130.0,-45.425,166.975,15.273962590148585,8.493962590148584
1458,1436,520.0,-45.375,166.875,14.985864416503318,11.865864416503317
1459,1445,756.0,-45.375,166.925,15.087368048829376,10.551368048829376
1460,1452,81.0,-45.375,166.975,15.182508071186021,14.69650807118602
1461,1484,290.0,-45.475,166.875,15.11792299344961,13.37792299344961
1462,1485,840.0,-45.475,166.925,15.231679577053,10.191679577053002
1463,1486,628.0,-45.475,166.975,15.340163959444908,11.572163959444907
1464,1774,782.0,-45.325,166.875,14.888783200931357,10.196783200931357
1465,1775,349.0,-45.325,166.925,14.982068135166628,12.888068135166629
1466,1073,356.0,-45.425,167.025,15.369060042070487,13.233060042070488
1467,1074,986.0,-45.425,167.075,15.454140426700178,9.538140426700178
1468,1075,167.0,-45.425,167.175,15.580557959659927,14.578557959659927
1469,1487,81.0,-45.475,167.025,15.441562736057676,14.955562736057676
1470,1488,1073.0,-45.475,167.125,15.613356408393884,9.175356408393885
1471,1489,218.0,-45.475,167.175,15.676697407074244,14.368697407074244
1472,1531,310.0,-45.375,167.125,15.407592628194834,13.547592628194835
1473,1535,528.0,-45.375,167.175,15.452032413497363,12.284032413497364
1474,1776,180.0,-45.325,167.025,15.145647177974752,14.065647177974752
1475,1777,319.0,-45.325,167.075,15.211647901080141,13.297647901080142
1476,1778,1175.0,-45.325,167.125,15.263531166987377,8.213531166987377
1477,1076,872.0,-45.425,167.225,15.611659835471073,10.379659835471074
1478,1078,513.0,-45.425,167.275,15.612269147186453,12.534269147186453
1479,1079,521.0,-45.425,167.325,15.578919722021965,12.452919722021965
1480,1490,959.0,-45.475,167.225,15.717262364003545,9.963262364003546
1481,1491,1117.0,-45.475,167.275,15.724036722964229,9.022036722964229
1482,1492,877.0,-45.475,167.325,15.687777689356153,10.425777689356153
1483,1537,1091.0,-45.375,167.225,15.474124284915888,8.928124284915889
1484,1539,1012.0,-45.375,167.275,15.469694214843912,9.397694214843913
1485,1541,249.0,-45.375,167.325,15.437428431036096,13.943428431036097
1486,1779,910.0,-45.325,167.225,15.312066060792858,9.852066060792858
1487,1780,362.0,-45.325,167.275,15.30305421680896,13.131054216808959
1488,1781,1023.0,-45.325,167.325,15.270711984521768,9.132711984521768
1489,1020,1060.0,-45.325,167.475,15.0667982610139,8.706798261013901
1490,1026,204.0,-45.325,167.525,14.980103208155924,13.756103208155924
1491,1080,581.0,-45.425,167.375,15.516682271325408,12.030682271325407
1492,1081,1052.0,-45.425,167.425,15.43453010725716,9.12253010725716
1493,1082,1104.0,-45.425,167.475,15.340335475171742,8.716335475171743
1494,1083,904.0,-45.425,167.525,15.240236582118087,9.816236582118087
1495,1493,179.0,-45.475,167.375,15.618926942661346,14.544926942661347
1496,1494,1018.0,-45.475,167.425,15.530466484637145,9.422466484637145
1497,1495,275.0,-45.475,167.475,15.430621489580517,13.780621489580517
1498,1496,258.0,-45.475,167.525,15.325222791419947,13.777222791419947
1499,1544,734.0,-45.375,167.375,15.380499572711415,10.976499572711415
1500,1547,1341.0,-45.375,167.425,15.305031358089764,7.259031358089764
1501,1554,1034.0,-45.375,167.475,15.217604067642242,9.013604067642241
1502,1559,1049.0,-45.375,167.525,15.124085001552885,8.830085001552884
1503,1782,1499.0,-45.325,167.375,15.217420787761512,6.223420787761512
1504,1783,474.0,-45.325,167.425,15.147666842698527,12.303666842698528
1505,1030,810.0,-45.325,167.575,14.892412744753528,10.032412744753529
1506,1034,1054.0,-45.325,167.625,14.808008252413856,8.484008252413858
1507,1038,962.0,-45.325,167.675,14.730636190368386,8.958636190368388
1508,1042,257.0,-45.325,167.725,14.66353909503232,13.12153909503232
1509,1084,1267.0,-45.425,167.575,15.13912461407017,7.53712461407017
1510,1085,636.0,-45.425,167.625,15.04103101869623,11.225031018696232
1511,1086,259.0,-45.425,167.675,14.949347431000206,13.395347431000205
1512,1087,221.0,-45.425,167.725,14.866941734326247,13.540941734326246
1513,1497,200.0,-45.475,167.575,15.218840276069386,14.018840276069387
1514,1498,232.0,-45.475,167.625,15.115243114501936,13.723243114501937
1515,1499,324.0,-45.475,167.675,15.017611677150853,13.073611677150854
1516,1500,280.0,-45.475,167.725,14.928641197268007,13.248641197268007
1517,1564,1206.0,-45.375,167.575,15.029460152974934,7.7934601529749346
1518,1570,625.0,-45.375,167.625,14.937955896224594,11.187955896224594
1519,1657,260.0,-45.375,167.675,14.85317282511096,13.29317282511096
1520,1660,204.0,-45.375,167.725,14.778175237497635,13.554175237497635
1521,1046,219.0,-45.325,167.775,14.609473950980828,13.295473950980828
1522,1050,293.0,-45.325,167.825,14.570714612420488,12.81271461242049
1523,1054,358.0,-45.325,167.875,14.549043954604713,12.401043954604713
1524,1088,324.0,-45.425,167.775,14.796215260517783,12.852215260517784
1525,1089,380.0,-45.425,167.825,14.73912724361071,12.45912724361071
1526,1090,393.0,-45.425,167.875,14.697202412044135,12.339202412044134
1527,1501,348.0,-45.475,167.775,14.850591445359896,12.762591445359895
1528,1502,361.0,-45.475,167.825,14.785307738518895,12.619307738518895
1529,1503,371.0,-45.475,167.875,14.734227337492484,12.508227337492485
1530,1664,285.0,-45.375,167.775,14.71553928254798,13.005539282547979
1531,1675,338.0,-45.375,167.825,14.667372883712233,12.639372883712232
1532,1680,390.0,-45.375,167.875,14.635319901708499,12.295319901708499
1533,1058,440.0,-45.325,167.925,14.545743982611384,11.905743982611384
1534,1091,529.0,-45.425,167.925,14.6715322807122,11.4975322807122
1535,1092,515.0,-45.425,167.975,14.662777553050546,11.572777553050546
1536,1093,561.0,-45.425,168.025,14.671176680287317,11.305176680287317
1537,1094,461.0,-45.425,168.075,14.696563463710845,11.930563463710845
1538,1146,703.0,-45.325,167.975,14.561591844307259,10.343591844307259
1539,1150,523.0,-45.325,168.025,14.59686772357054,11.45886772357054
1540,1164,817.0,-45.325,168.075,14.651377539381429,9.749377539381427
1541,1504,420.0,-45.475,167.925,14.698380269765039,12.17838026976504
1542,1505,465.0,-45.475,167.975,14.678390959539684,11.888390959539684
1543,1506,538.0,-45.475,168.025,14.674485219980852,11.446485219980852
1544,1507,439.0,-45.475,168.075,14.6865055396338,12.052505539633799
1545,1687,393.0,-45.375,167.925,14.620558795011675,12.262558795011675
1546,1692,464.0,-45.375,167.975,14.623803749242143,11.839803749242144
1547,1695,625.0,-45.375,168.025,14.645313831500971,10.895313831500971
1548,1702,691.0,-45.375,168.075,14.68491310578247,10.53891310578247
1549,1095,520.0,-45.425,168.125,14.738394494483146,11.618394494483145
1550,1096,934.0,-45.425,168.175,14.795785315534886,9.191785315534887
1551,1097,1360.0,-45.425,168.225,14.867552666413758,6.707552666413758
1552,1173,913.0,-45.325,168.125,14.72448996570165,9.246489965701649
1553,1182,617.0,-45.325,168.175,14.81518434497957,11.11318434497957
1554,1274,610.0,-45.325,168.225,14.922104239465625,11.262104239465625
1555,1508,533.0,-45.475,168.125,14.713935936826601,11.515935936826601
1556,1509,1092.0,-45.475,168.175,14.75593595395003,8.20393595395003
1557,1510,798.0,-45.475,168.225,14.811381739380522,10.023381739380522
1558,1707,978.0,-45.375,168.125,14.742022005493709,8.87402200549371
1559,1712,855.0,-45.375,168.175,14.815697956575605,9.685697956575606
1560,1717,677.0,-45.375,168.225,14.904681646636163,10.842681646636164
1561,1098,1336.0,-45.425,168.275,14.95225925372688,6.936259253726879
1562,1099,1203.0,-45.425,168.325,15.048257336449751,7.830257336449752
1563,1100,1071.0,-45.425,168.375,15.153728081739246,8.727728081739246
1564,1101,959.0,-45.425,168.425,15.266715046527679,9.51271504652768
1565,1295,1473.0,-45.325,168.275,15.043610916738544,6.205610916738545
1566,1303,1823.0,-45.325,168.325,15.17783188179419,4.23983188179419
1567,1404,1123.0,-45.325,168.375,15.322701358338236,8.584701358338236
1568,1424,1265.0,-45.325,168.425,15.475992145631608,7.885992145631608
1569,1511,1215.0,-45.475,168.275,14.878910866764272,7.588910866764272
1570,1512,1144.0,-45.475,168.325,14.956966856116196,8.092966856116195
1571,1513,903.0,-45.475,168.375,15.043839540841873,9.625839540841874
1572,1514,860.0,-45.475,168.425,15.137698503358479,9.977698503358479
1573,1721,873.0,-45.375,168.275,15.007444656343068,9.769444656343069
1574,1722,1198.0,-45.375,168.325,15.122234470311014,7.934234470311014
1575,1723,1238.0,-45.375,168.375,15.247114067467919,7.819114067467919
1576,1724,958.0,-45.375,168.425,15.379995199684345,9.631995199684344
1577,1102,1222.0,-45.425,168.475,15.385151924978345,8.053151924978344
1578,1103,799.0,-45.425,168.525,15.506886240729727,10.712886240729727
1579,1104,475.0,-45.425,168.575,15.629701053427198,12.779701053427198
1580,1432,1576.0,-45.325,168.475,15.635341445811719,6.179341445811719
1581,1441,1331.0,-45.325,168.525,15.798276852478011,7.8122768524780115
1582,1448,660.0,-45.325,168.575,15.962251409804594,12.002251409804595
1583,1515,378.0,-45.475,168.475,15.236618481971163,12.968618481971163
1584,1516,616.0,-45.475,168.525,15.338597281521288,11.642597281521288
1585,1517,457.0,-45.475,168.575,15.441567533845955,12.699567533845954
1586,1725,676.0,-45.375,168.475,15.51866680490457,11.462666804904568
1587,1726,802.0,-45.375,168.525,15.660822170566462,10.848822170566462
1588,1727,400.0,-45.375,168.575,15.80408922098104,13.40408922098104
1589,1105,653.0,-45.425,168.625,15.75133522213946,11.83333522213946
1590,1106,350.0,-45.425,168.675,15.869499605218152,13.769499605218153
1591,1107,625.0,-45.425,168.725,15.981883945058144,12.231883945058144
1592,1108,1151.0,-45.425,168.775,16.086150271439692,9.180150271439693
1593,1518,422.0,-45.475,168.625,15.543403210949691,13.011403210949691
1594,1519,313.0,-45.475,168.675,15.641920482705245,13.763920482705245
1595,1520,670.0,-45.475,168.725,15.734871671695146,11.714871671695146
1596,1521,703.0,-45.475,168.775,15.819932222788339,11.601932222788339
1597,1536,914.0,-45.325,168.625,16.124694680680477,10.640694680680477
1598,1540,639.0,-45.325,168.675,16.283074962861065,12.449074962861065
1599,1543,308.0,-45.325,168.725,16.434948842272206,14.586948842272207
1600,1546,990.0,-45.325,168.775,16.57796774707822,10.637967747078218
1601,1728,795.0,-45.375,168.625,15.946065813206587,11.176065813206588
1602,1729,354.0,-45.375,168.675,16.084355338411115,13.960355338411114
1603,1730,1184.0,-45.375,168.725,16.216590601054122,9.112590601054123
1604,1731,1547.0,-45.375,168.775,16.3404337108841,7.058433710884099
1605,1109,1378.0,-45.425,168.825,16.17991444544714,7.91191444544714
1606,1110,1336.0,-45.425,168.875,16.26072467760423,8.24472467760423
1607,1111,1470.0,-45.425,168.925,16.32604976194125,7.5060497619412505
1608,1112,1520.0,-45.425,168.975,16.373288876502556,7.253288876502557
1609,1522,989.0,-45.475,168.825,15.89468416467571,9.960684164675708
1610,1523,1433.0,-45.475,168.875,15.956604177497866,7.358604177497867
1611,1524,1291.0,-45.475,168.925,16.00306834420553,8.257068344205532
1612,1525,1069.0,-45.475,168.975,16.031388865487315,9.617388865487316
1613,1552,1505.0,-45.325,168.825,16.70983400043042,7.67983400043042
1614,1556,852.0,-45.325,168.875,16.828231702933408,11.71623170293341
1615,1560,1284.0,-45.325,168.925,16.930765995539332,9.226765995539331
1616,1566,1565.0,-45.325,168.975,17.014926140551324,7.624926140551324
1617,1732,884.0,-45.375,168.825,16.45355064751857,11.14955064751857
1618,1733,1283.0,-45.375,168.875,16.55357338079739,8.855573380797388
1619,1734,1371.0,-45.375,168.925,16.638067569678242,8.412067569678241
1620,1735,1779.0,-45.375,168.975,16.704516815778334,6.030516815778334
1621,1113,1268.0,-45.425,169.025,16.399811589615638,8.791811589615637
1622,1114,1009.0,-45.425,169.075,16.403035459547027,10.349035459547029
1623,1115,1169.0,-45.425,169.125,16.380555863193877,9.366555863193877
1624,1526,1094.0,-45.475,169.025,16.03890317657897,9.47490317657897
1625,1527,698.0,-45.475,169.075,16.023148581683927,11.835148581683928
1626,1528,923.0,-45.475,169.125,15.98218289036231,10.44418289036231
1627,1572,1519.0,-45.325,169.025,17.07806349634484,7.96406349634484
1628,1649,1478.0,-45.325,169.075,17.117347742630955,8.249347742630956
1629,1652,1444.0,-45.325,169.125,17.129609795843862,8.465609795843863
1630,1736,1343.0,-45.375,169.025,16.7503201600357,8.692320160035699
1631,1737,1221.0,-45.375,169.075,16.77278007602945,9.446780076029448
1632,1738,1270.0,-45.375,169.125,16.769033020458664,9.149033020458665
1633,1001,595.0,-45.475,169.275,15.710652587378718,12.140652587378717
1634,1003,131.0,-45.475,169.325,15.585052972857738,14.799052972857739
1635,1116,1416.0,-45.425,169.175,16.330369410685307,7.834369410685307
1636,1117,1362.0,-45.425,169.225,16.251275348895433,8.079275348895434
1637,1122,500.0,-45.425,169.275,16.14349992887037,13.14349992887037
1638,1123,317.0,-45.425,169.325,16.00925489716974,14.10725489716974
1639,1529,1054.0,-45.475,169.175,15.915152870662496,9.591152870662498
1640,1530,1201.0,-45.475,169.225,15.823215140411776,8.617215140411776
1641,1654,1346.0,-45.325,169.175,17.110875853159087,9.034875853159086
1642,1658,1406.0,-45.325,169.225,17.055381460098943,8.619381460098943
1643,1662,658.0,-45.325,169.275,16.9546749285837,13.0066749285837
1644,1667,435.0,-45.325,169.325,16.799837624468637,14.189837624468638
1645,1739,1523.0,-45.375,169.175,16.735867551979027,7.597867551979027
1646,1740,1317.0,-45.375,169.225,16.669496467526187,8.767496467526188
1647,1741,312.0,-45.375,169.275,16.565771789370046,14.693771789370047
1648,1742,374.0,-45.375,169.325,16.421710564432942,14.177710564432942
1649,1004,407.0,-45.475,169.375,15.454388505506358,13.012388505506358
1650,1005,735.0,-45.475,169.425,15.322214641042592,10.912214641042592
1651,1006,884.0,-45.475,169.475,15.187542502288125,9.883542502288126
1652,1124,486.0,-45.425,169.375,15.852602583454427,12.936602583454427
1653,1125,905.0,-45.425,169.425,15.678761725057484,10.248761725057484
1654,1126,818.0,-45.425,169.475,15.493692565782112,10.585692565782113
1655,1671,582.0,-45.325,169.375,16.58827707825003,13.09627707825003
1656,1676,540.0,-45.325,169.425,16.328903698680733,13.088903698680733
1657,1681,536.0,-45.325,169.475,16.044161518288092,12.828161518288091
1658,1743,651.0,-45.375,169.375,16.238209712639218,12.33220971263922
1659,1744,663.0,-45.375,169.425,16.022331385847792,12.044331385847793
1660,1745,773.0,-45.375,169.475,15.787097900107256,11.149097900107256
1661,1007,871.0,-45.475,169.525,15.048892298769715,9.822892298769716
1662,1008,860.0,-45.475,169.575,14.906247309463652,9.746247309463651
1663,1009,785.0,-45.475,169.625,14.760514872885324,10.050514872885323
1664,1012,800.0,-45.475,169.675,14.612639961207606,9.812639961207605
1665,1127,852.0,-45.425,169.525,15.303507690372498,10.1915076903725
1666,1128,817.0,-45.425,169.575,15.113374948326964,10.211374948326963
1667,1129,743.0,-45.425,169.625,14.926801209188852,10.468801209188854
1668,1130,975.0,-45.425,169.675,14.745623770300881,8.895623770300881
1669,1685,680.0,-45.325,169.525,15.757853205923311,11.677853205923311
1670,1688,759.0,-45.325,169.575,15.484260448312853,10.930260448312854
1671,1693,733.0,-45.325,169.625,15.22980496868513,10.83180496868513
1672,1698,707.0,-45.325,169.675,14.99642021443833,10.75442021443833
1673,1746,765.0,-45.375,169.525,15.546716556778847,10.956716556778847
1674,1747,799.0,-45.375,169.575,15.31161113565031,10.51761113565031
1675,1748,802.0,-45.375,169.625,15.087537628325663,10.275537628325663
1676,1749,991.0,-45.375,169.675,14.876820668841901,8.930820668841902
1677,1015,728.0,-45.475,169.725,14.463165916526123,10.095165916526122
1678,1017,671.0,-45.475,169.775,14.312183165297029,10.286183165297029
1679,1019,553.0,-45.475,169.825,14.159487244402044,10.841487244402044
1680,1131,980.0,-45.425,169.725,14.570371012398027,8.690371012398028
1681,1132,871.0,-45.425,169.775,14.400707234121,9.174707234121001
1682,1133,586.0,-45.425,169.825,14.235862893419835,10.719862893419835
1683,1703,916.0,-45.325,169.725,14.783609591966524,9.287609591966525
1684,1708,833.0,-45.325,169.775,14.589587239408502,9.5915872394085
1685,1714,993.0,-45.325,169.825,14.412024310890047,8.454024310890048
1686,1750,1103.0,-45.375,169.725,14.67966199636794,8.061661996367942
1687,1751,1077.0,-45.375,169.775,14.495075618860938,8.033075618860938
1688,1752,907.0,-45.375,169.825,14.32155259409592,8.87955259409592
1689,1022,674.0,-45.475,169.875,14.004834644452785,9.960834644452785
1690,1024,929.0,-45.475,169.925,13.848245129971474,8.274245129971476
1691,1027,1098.0,-45.475,169.975,13.690330005934811,7.102330005934811
1692,1031,1244.0,-45.475,170.025,13.532632384323733,6.068632384323734
1693,1134,591.0,-45.425,169.875,14.075032362548882,10.529032362548882
1694,1135,556.0,-45.425,169.925,13.917734083190226,10.581734083190225
1695,1136,893.0,-45.425,169.975,13.764124658837318,8.406124658837317
1696,1137,1227.0,-45.425,170.025,13.615253047706574,6.253253047706575
1697,1720,460.0,-45.325,169.875,14.248633917686675,11.488633917686675
1698,1753,502.0,-45.375,169.875,14.15757483068046,11.14557483068046
1699,1754,557.0,-45.375,169.925,14.002018704231887,10.660018704231886
1700,1755,567.0,-45.375,169.975,13.854447494341002,10.452447494341003
1701,1756,963.0,-45.375,170.025,13.715284744241217,7.937284744241216
1702,1784,389.0,-45.325,169.925,14.09761376103961,11.763613761039611
1703,1785,447.0,-45.325,169.975,13.957917767760591,11.27591776776059
1704,1786,925.0,-45.325,170.025,13.829355107192896,8.279355107192895
1705,1036,550.0,-45.475,170.075,13.377946796234028,10.077946796234027
1706,1040,233.0,-45.475,170.125,13.23053898697981,11.83253898697981
1707,1044,239.0,-45.475,170.175,13.096122353645114,11.662122353645115
1708,1048,539.0,-45.475,170.225,12.981402366474867,9.747402366474867
1709,1138,1403.0,-45.425,170.075,13.473227922117076,5.055227922117076
1710,1139,614.0,-45.425,170.125,13.34124766527384,9.657247665273841
1711,1140,257.0,-45.425,170.175,13.223418229335948,11.681418229335948
1712,1141,319.0,-45.425,170.225,13.124282071210473,11.210282071210473
1713,1757,1190.0,-45.375,170.075,13.585858326259768,6.445858326259768
1714,1758,1192.0,-45.375,170.125,13.468298257133938,6.316298257133938
1715,1759,748.0,-45.375,170.175,13.365269880277992,8.877269880277993
1716,1760,248.0,-45.375,170.225,13.279538338618295,11.791538338618295
1717,1788,1065.0,-45.325,170.075,13.712529761143742,7.322529761143742
1718,1789,1146.0,-45.325,170.125,13.608633130130329,6.732633130130329
1719,1791,1142.0,-45.325,170.175,13.519113981405098,6.667113981405099
1720,1793,531.0,-45.325,170.225,13.445277216518662,10.259277216518662
1721,1052,456.0,-45.475,170.275,12.893042741874524,10.157042741874523
1722,1056,384.0,-45.475,170.325,12.836106430917425,10.532106430917425
1723,1060,501.0,-45.475,170.375,12.812371183845244,9.806371183845243
1724,1121,480.0,-45.425,170.325,12.99750570620381,10.117505706203811
1725,1142,624.0,-45.425,170.275,13.048031955240731,9.304031955240731
1726,1147,458.0,-45.425,170.375,12.973224425530134,10.225224425530135
1727,1761,387.0,-45.375,170.275,13.21339451212225,10.89139451212225
1728,1762,646.0,-45.375,170.325,13.168027255997004,9.292027255997004
1729,1763,450.0,-45.375,170.375,13.14298952797435,10.442989527974351
1730,1795,320.0,-45.325,170.275,13.387877730123364,11.467877730123364
1731,1797,533.0,-45.325,170.325,13.34676686777857,10.14876686777857
1732,1799,696.0,-45.325,170.375,13.320643242761435,9.144643242761434
1733,1061,539.0,-45.475,170.425,12.81923434547025,9.58523434547025
1734,1062,614.0,-45.475,170.475,12.849886666144812,9.165886666144813
1735,1063,444.0,-45.475,170.525,12.894864361587679,10.23086436158768
1736,1064,327.0,-45.475,170.575,12.944235862840287,10.982235862840287
1737,1151,596.0,-45.425,170.425,12.972846791484699,9.396846791484698
1738,1167,517.0,-45.425,170.475,12.99133178478769,9.88933178478769
1739,1176,475.0,-45.425,170.525,13.02178244751667,10.171782447516671
1740,1278,360.0,-45.425,170.575,13.056509766498493,10.896509766498493
1741,1764,520.0,-45.375,170.425,13.135933807399852,10.01593380739985
1742,1765,553.0,-45.375,170.475,13.14272677817462,9.82472677817462
1743,1766,484.0,-45.375,170.525,13.157879313373996,10.253879313373996
1744,1767,339.0,-45.375,170.575,13.175013792792015,11.141013792792016
1745,1801,599.0,-45.325,170.425,13.30696306732716,9.712963067327161
1746,1803,395.0,-45.325,170.475,13.302038840767636,10.932038840767635
1747,1805,261.0,-45.325,170.525,13.30127953713054,11.735279537130541
1748,1807,119.0,-45.325,170.575,13.299449507787358,12.585449507787358
1749,1065,174.0,-45.475,170.625,12.989094833830677,11.945094833830677
1750,1066,69.0,-45.475,170.675,13.020853042215094,12.606853042215095
1751,1067,15.0,-45.475,170.725,13.023068678921845,12.933068678921845
1752,1289,240.0,-45.425,170.625,13.087508861339302,11.647508861339302
1753,1297,59.0,-45.425,170.675,13.105255154800034,12.751255154800035
1754,1305,100.0,-45.425,170.725,13.095793642127319,12.49579364212732
1755,1768,61.0,-45.375,170.625,13.186977222472706,12.820977222472706
1756,1769,147.0,-45.375,170.675,13.185530567599926,12.303530567599926
1757,1770,385.0,-45.375,170.725,13.162475930483197,10.852475930483196
1758,1809,584.0,-45.325,170.625,13.290865766990464,9.786865766990465
1759,1811,449.0,-45.325,170.675,13.269795682861513,10.575795682861514
1760,1813,504.0,-45.325,170.725,13.231888673115463,10.207888673115463
1761,1068,20.0,-45.475,170.775,12.981469161033601,12.861469161033602
1762,1069,53.0,-45.475,170.825,12.923889183564825,12.605889183564825
1763,1407,188.0,-45.425,170.775,13.053138147630307,11.925138147630307
1764,1771,170.0,-45.375,170.775,13.115687169622106,12.095687169622106
1765,1772,40.0,-45.375,170.825,13.051905953720052,12.811905953720052
1766,1815,89.0,-45.325,170.775,13.176675056613021,12.64267505661302
1767,1821,5.0,-45.325,170.825,13.108171605601456,13.078171605601456
1768,1790,606.0,-45.225,166.925,14.717025259720685,11.081025259720686
1769,1823,307.0,-45.275,166.925,14.857755110962898,13.015755110962898
1770,1825,640.0,-45.275,166.975,14.934381289574958,11.094381289574958
1771,1320,155.0,-45.175,167.025,14.66592221479732,13.73592221479732
1772,1321,1107.0,-45.175,167.075,14.70136492070742,8.05936492070742
1773,1322,850.0,-45.175,167.175,14.732206026787026,9.632206026787026
1774,1792,834.0,-45.225,167.025,14.84058690270831,9.83658690270831
1775,1794,1143.0,-45.225,167.075,14.885944620858936,8.027944620858936
1776,1796,678.0,-45.225,167.125,14.917792553227628,10.849792553227628
1777,1798,734.0,-45.225,167.175,14.934278311935486,10.530278311935486
1778,1826,638.0,-45.275,167.025,15.001573060017108,11.173573060017109
1779,1828,397.0,-45.275,167.075,15.057195644210879,12.675195644210879
1780,1830,826.0,-45.275,167.175,15.124086198215082,10.168086198215082
1781,1323,806.0,-45.175,167.225,14.725350825152418,9.889350825152418
1782,1324,1125.0,-45.175,167.275,14.703118527701008,7.953118527701008
1783,1325,179.0,-45.175,167.325,14.666203875138308,13.592203875138308
1784,1800,465.0,-45.225,167.225,14.933941750903614,12.143941750903615
1785,1802,1164.0,-45.225,167.275,14.916113929652056,7.932113929652056
1786,1804,1030.0,-45.225,167.325,14.881287315623922,8.701287315623922
1787,1832,914.0,-45.275,167.225,15.130653340009303,9.646653340009303
1788,1834,1240.0,-45.275,167.275,15.11721826412031,7.677218264120311
1789,1836,1366.0,-45.275,167.325,15.083960774678417,6.887960774678417
1790,1326,1191.0,-45.175,167.375,14.616311166493688,7.470311166493688
1791,1327,1182.0,-45.175,167.425,14.556073048850521,7.464073048850522
1792,1328,1350.0,-45.175,167.475,14.488832374107005,6.388832374107006
1793,1329,1166.0,-45.175,167.525,14.418372947791795,7.4223729477917955
1794,1806,795.0,-45.225,167.375,14.83127416625939,10.061274166259391
1795,1808,1170.0,-45.225,167.425,14.769057992070884,7.749057992070885
1796,1810,1208.0,-45.225,167.475,14.698424317237368,7.450424317237369
1797,1812,974.0,-45.225,167.525,14.623550963740854,8.779550963740853
1798,1868,938.0,-45.275,167.375,15.032887109806325,9.404887109806324
1799,1870,471.0,-45.275,167.425,14.967542463502468,12.141542463502468
1800,1872,1201.0,-45.275,167.475,14.892354445903038,7.686354445903039
1801,1874,1396.0,-45.275,167.525,14.812008891844016,6.436008891844017
1802,1330,1185.0,-45.175,167.575,14.348673749116642,7.238673749116643
1803,1331,353.0,-45.175,167.625,14.283718243435942,12.165718243435942
1804,1332,204.0,-45.175,167.675,14.227354111048044,13.003354111048044
1805,1333,343.0,-45.175,167.725,14.183183291715977,12.125183291715977
1806,1814,895.0,-45.225,167.575,14.548684912340832,9.178684912340833
1807,1816,1293.0,-45.225,167.625,14.47793348412597,6.719933484125971
1808,1817,782.0,-45.225,167.675,14.415139973545593,9.723139973545592
1809,1818,204.0,-45.225,167.725,14.36380379016191,13.13980379016191
1810,1876,1462.0,-45.275,167.575,14.731054925632634,5.9590549256326355
1811,1878,1071.0,-45.275,167.625,14.653714935018797,8.227714935018797
1812,1880,918.0,-45.275,167.675,14.58380862496415,9.07580862496415
1813,1882,204.0,-45.275,167.725,14.524721560650505,13.300721560650505
1814,1334,204.0,-45.175,167.775,14.154463021157426,12.930463021157426
1815,1335,225.0,-45.175,167.825,14.144007324193808,12.794007324193808
1816,1336,231.0,-45.175,167.875,14.154089713611029,12.76808971361103
1817,1819,204.0,-45.225,167.775,14.327016678791551,13.103016678791551
1818,1820,239.0,-45.225,167.825,14.307401656204092,12.873401656204093
1819,1822,361.0,-45.225,167.875,14.307053597234699,12.141053597234698
1820,1884,204.0,-45.275,167.775,14.479382561952661,13.255382561952661
1821,1886,375.0,-45.275,167.825,14.450237539036607,12.200237539036607
1822,1888,364.0,-45.275,167.875,14.439220133730487,12.255220133730486
1823,1337,297.0,-45.175,167.925,14.18635795897535,12.40435795897535
1824,1338,559.0,-45.175,167.975,14.241777272394756,10.887777272394757
1825,1339,1074.0,-45.175,168.025,14.32061636934668,7.876616369346681
1826,1340,898.0,-45.175,168.075,14.422481754398177,9.034481754398177
1827,1824,530.0,-45.225,167.925,14.327488548917245,11.147488548917245
1828,1827,583.0,-45.225,167.975,14.369612324811897,10.871612324811897
1829,1829,1026.0,-45.225,168.025,14.433717468518807,8.277717468518809
1830,1831,804.0,-45.225,168.075,14.519512131382726,9.695512131382728
1831,1890,400.0,-45.275,167.925,14.44772568010012,12.04772568010012
1832,1892,485.0,-45.275,167.975,14.476596791804695,11.566596791804695
1833,1942,707.0,-45.275,168.025,14.526127380595426,10.284127380595425
1834,1943,1051.0,-45.275,168.075,14.596088090784178,8.290088090784177
1835,1341,1137.0,-45.175,168.125,14.54639332068109,7.7243933206810915
1836,1342,1101.0,-45.175,168.175,14.69088478708909,8.08488478708909
1837,1343,1014.0,-45.175,168.225,14.854109398002038,8.770109398002038
1838,1833,1358.0,-45.225,168.125,14.626177140633445,6.478177140633445
1839,1835,615.0,-45.225,168.175,14.752441539181746,11.062441539181746
1840,1837,839.0,-45.225,168.225,14.896664209614755,9.862664209614756
1841,1944,1284.0,-45.275,168.125,14.685771403394028,6.981771403394029
1842,1945,631.0,-45.275,168.175,14.794050624333977,11.008050624333977
1843,1946,991.0,-45.275,168.225,14.919444778555771,8.973444778555772
1844,1344,940.0,-45.175,168.275,15.033934354474695,9.393934354474695
1845,1345,459.0,-45.175,168.325,15.228013511321478,12.474013511321479
1846,1346,808.0,-45.175,168.375,15.433833667630097,10.585833667630098
1847,1347,1286.0,-45.175,168.425,15.648733510055536,7.932733510055536
1848,1838,912.0,-45.225,168.275,15.056910053101092,9.584910053101092
1849,1839,668.0,-45.225,168.325,15.231012306974662,11.223012306974663
1850,1840,1279.0,-45.225,168.375,15.416616332355261,7.7426163323552615
1851,1841,1141.0,-45.225,168.425,15.611203635611673,8.765203635611673
1852,1947,679.0,-45.275,168.275,15.060181376871697,10.986181376871697
1853,1948,1040.0,-45.275,168.325,15.214250641047329,8.974250641047329
1854,1949,1296.0,-45.275,168.375,15.379447338153113,7.603447338153114
1855,1951,1236.0,-45.275,168.425,15.553399453527163,8.137399453527163
1856,1119,1445.0,-45.275,168.575,16.10195946771637,7.43195946771637
1857,1348,1468.0,-45.175,168.475,15.86989593735234,7.06189593735234
1858,1349,1634.0,-45.175,168.525,16.094316409573366,6.290316409573366
1859,1350,1283.0,-45.175,168.575,16.318761057600568,8.620761057600568
1860,1842,1294.0,-45.225,168.475,15.812098334346956,8.048098334346957
1861,1843,539.0,-45.225,168.525,16.016464001522763,12.782464001522763
1862,1844,1175.0,-45.225,168.575,16.221311620331107,9.171311620331107
1863,1952,943.0,-45.275,168.475,15.733586735663266,10.075586735663267
1864,1953,1463.0,-45.275,168.525,15.91735752567729,7.139357525677289
1865,1162,1308.0,-45.275,168.625,16.284603626585522,8.436603626585523
1866,1171,1585.0,-45.275,168.675,16.462565982537853,6.952565982537854
1867,1180,326.0,-45.275,168.725,16.6332839336701,14.6772839336701
1868,1281,464.0,-45.275,168.775,16.79437270778908,14.010372707789081
1869,1351,384.0,-45.175,168.625,16.53977538291292,14.235775382912921
1870,1352,786.0,-45.175,168.675,16.75389746318615,12.037897463186148
1871,1353,308.0,-45.175,168.725,16.958103338871297,15.110103338871298
1872,1354,974.0,-45.175,168.775,17.1499428677962,11.305942867796198
1873,1845,1310.0,-45.225,168.625,16.423561180374236,8.563561180374236
1874,1846,1316.0,-45.225,168.675,16.620200081029907,8.724200081029906
1875,1847,308.0,-45.225,168.725,16.808481622800173,14.960481622800174
1876,1848,938.0,-45.225,168.775,16.985967534399606,11.357967534399606
1877,1283,1754.0,-45.275,168.825,16.94353771103124,6.419537711031241
1878,1285,1538.0,-45.275,168.875,17.078443940026773,7.850443940026773
1879,1290,835.0,-45.275,168.925,17.196612107736655,12.186612107736655
1880,1298,1396.0,-45.275,168.975,17.295361285907347,8.919361285907348
1881,1355,1895.0,-45.175,168.825,17.32708111707143,5.95708111707143
1882,1356,2071.0,-45.175,168.875,17.48683336702925,5.0608333670292485
1883,1357,1405.0,-45.175,168.925,17.62596502937231,9.19596502937231
1884,1358,754.0,-45.175,168.975,17.740602263016626,13.216602263016625
1885,1849,1493.0,-45.225,168.825,17.150337331078845,8.192337331078845
1886,1850,1690.0,-45.225,168.875,17.299138660851895,7.159138660851896
1887,1851,1094.0,-45.225,168.925,17.429625003844194,10.865625003844194
1888,1852,709.0,-45.225,168.975,17.53867566831832,13.28467566831832
1889,1306,1404.0,-45.275,169.025,17.37178412229696,8.947784122296959
1890,1359,944.0,-45.175,169.025,17.82613073300672,12.162130733006721
1891,1360,1181.0,-45.175,169.075,17.877051863184533,10.791051863184533
1892,1361,632.0,-45.175,169.125,17.88690360192959,14.09490360192959
1893,1414,1712.0,-45.275,169.075,17.42273304205264,7.150733042052641
1894,1418,1320.0,-45.275,169.125,17.44476621717331,9.524766217173312
1895,1853,902.0,-45.225,169.025,17.62275238622533,12.21075238622533
1896,1854,1583.0,-45.225,169.075,17.67788868462958,8.17988868462958
1897,1855,1218.0,-45.225,169.125,17.69978757455101,10.39178757455101
1898,1362,583.0,-45.175,169.175,17.84877895417958,14.35077895417958
1899,1363,607.0,-45.175,169.225,17.757374103952316,14.115374103952316
1900,1364,642.0,-45.175,169.275,17.609524338387928,13.757524338387928
1901,1365,293.0,-45.175,169.325,17.379131915420658,15.621131915420658
1902,1425,1358.0,-45.275,169.175,17.43382371673215,9.28582371673215
1903,1426,1127.0,-45.275,169.225,17.38386367347266,10.62186367347266
1904,1427,565.0,-45.275,169.275,17.283375875254933,13.893375875254932
1905,1428,252.0,-45.275,169.325,17.114886552268217,15.602886552268217
1906,1856,778.0,-45.225,169.175,17.684122250851942,13.016122250851943
1907,1857,801.0,-45.225,169.225,17.62645306111881,12.820453061118808
1908,1858,480.0,-45.225,169.275,17.51784735916226,14.637847359162262
1909,1859,173.0,-45.225,169.325,17.327252646407942,16.28925264640794
1910,1366,280.0,-45.175,169.375,17.053877938587902,15.373877938587903
1911,1367,269.0,-45.175,169.425,16.70400462845464,15.09000462845464
1912,1368,180.0,-45.175,169.475,16.35936781586861,15.279367815868609
1913,1429,261.0,-45.275,169.375,16.87303334922035,15.307033349220351
1914,1430,368.0,-45.275,169.425,16.56859705327588,14.36059705327588
1915,1433,330.0,-45.275,169.475,16.238818808151336,14.258818808151336
1916,1860,169.0,-45.225,169.375,17.041759584724787,16.027759584724787
1917,1861,199.0,-45.225,169.425,16.70035645418102,15.50635645418102
1918,1862,225.0,-45.225,169.475,16.346306809558882,14.996306809558883
1919,1077,437.0,-45.225,169.675,15.17539422781374,12.55339422781374
1920,1369,292.0,-45.175,169.525,16.03577728714663,14.283777287146629
1921,1370,468.0,-45.175,169.575,15.739106340615763,12.931106340615763
1922,1371,622.0,-45.175,169.625,15.471410033957,11.739410033957
1923,1372,412.0,-45.175,169.675,15.233972719963276,12.761972719963277
1924,1442,361.0,-45.275,169.525,15.917081129082362,13.751081129082362
1925,1449,558.0,-45.275,169.575,15.61695631172006,12.26895631172006
1926,1533,618.0,-45.275,169.625,15.34331424654738,11.63531424654738
1927,1538,624.0,-45.275,169.675,15.0970157240572,11.353015724057201
1928,1863,344.0,-45.225,169.525,16.01001905116391,13.946019051163908
1929,1864,601.0,-45.225,169.575,15.70128368924452,12.09528368924452
1930,1865,450.0,-45.225,169.625,15.422985738054194,12.722985738054195
1931,1152,521.0,-45.225,169.725,14.957184855980813,11.831184855980814
1932,1153,619.0,-45.225,169.775,14.765546574126347,11.051546574126347
1933,1155,870.0,-45.225,169.825,14.596777846503755,9.376777846503757
1934,1373,447.0,-45.175,169.725,15.026826114750293,12.344826114750292
1935,1374,631.0,-45.175,169.775,14.84738000377547,11.06138000377547
1936,1375,1006.0,-45.175,169.825,14.691337362452032,8.65533736245203
1937,1542,739.0,-45.275,169.725,14.876817002830649,10.44281700283065
1938,1545,781.0,-45.275,169.775,14.680218383744432,9.994218383744432
1939,1550,844.0,-45.275,169.825,14.504129306931645,9.440129306931645
1940,1156,894.0,-45.225,169.875,14.44727580061226,9.08327580061226
1941,1159,439.0,-45.225,169.925,14.314210099353659,11.680210099353658
1942,1166,387.0,-45.225,169.975,14.195732043017415,11.873732043017416
1943,1175,375.0,-45.225,170.025,14.090908129010131,11.840908129010131
1944,1376,858.0,-45.175,169.875,14.554654754469084,9.406654754469084
1945,1377,471.0,-45.175,169.925,14.434378105819633,11.608378105819632
1946,1378,404.0,-45.175,169.975,14.328650470682987,11.904650470682988
1947,1379,381.0,-45.175,170.025,14.236519582986148,11.950519582986148
1948,1557,662.0,-45.275,169.875,14.345543118710339,10.373543118710339
1949,1563,401.0,-45.275,169.925,14.20205333359445,11.79605333359445
1950,1569,372.0,-45.275,169.975,14.072108279635358,11.84010827963536
1951,1647,417.0,-45.275,170.025,13.955035900477014,11.453035900477015
1952,1277,388.0,-45.225,170.075,13.999494794192287,11.671494794192288
1953,1291,419.0,-45.225,170.125,13.9215478754777,11.4075478754777
1954,1299,596.0,-45.225,170.175,13.856875856719853,10.280875856719852
1955,1307,584.0,-45.225,170.225,13.8045511119617,10.3005511119617
1956,1380,381.0,-45.175,170.075,14.157705198047552,11.871705198047552
1957,1381,368.0,-45.175,170.125,14.092199503260417,11.884199503260417
1958,1382,409.0,-45.175,170.175,14.039487898675361,11.58548789867536
1959,1383,362.0,-45.175,170.225,13.997731747074795,11.825731747074794
1960,1651,498.0,-45.275,170.075,13.850890478159272,10.862890478159272
1961,1655,735.0,-45.275,170.125,13.760147559150937,9.350147559150937
1962,1659,805.0,-45.275,170.175,13.683293399595641,8.85329339959564
1963,1663,746.0,-45.275,170.225,13.620423307838792,9.144423307838792
1964,1308,482.0,-45.225,170.275,13.762773833357642,10.870773833357642
1965,1309,542.0,-45.225,170.325,13.729052833405149,10.47705283340515
1966,1310,631.0,-45.225,170.375,13.700439356172865,9.914439356172865
1967,1384,379.0,-45.175,170.275,13.963810445646232,11.68981044564623
1968,1385,549.0,-45.175,170.325,13.934008992426243,10.640008992426242
1969,1386,620.0,-45.175,170.375,13.90452158136577,10.184521581365772
1970,1668,340.0,-45.275,170.275,13.570973203470203,11.530973203470204
1971,1672,425.0,-45.275,170.325,13.533607365550779,10.983607365550778
1972,1677,691.0,-45.275,170.375,13.506205388881426,9.360205388881425
1973,1311,491.0,-45.225,170.425,13.673707689873481,10.727707689873482
1974,1312,503.0,-45.225,170.475,13.645523751023575,10.627523751023574
1975,1313,775.0,-45.225,170.525,13.612639567261795,8.962639567261796
1976,1314,852.0,-45.225,170.575,13.57212389088454,8.460123890884542
1977,1387,757.0,-45.175,170.425,13.871699712206464,9.329699712206464
1978,1388,1345.0,-45.175,170.475,13.83225139566639,5.762251395666391
1979,1389,1105.0,-45.175,170.525,13.783462501125541,7.153462501125541
1980,1390,744.0,-45.175,170.575,13.723431032864028,9.259431032864027
1981,1682,642.0,-45.275,170.425,13.485915783345263,9.633915783345262
1982,1686,381.0,-45.275,170.475,13.469280984108991,11.183280984108992
1983,1690,413.0,-45.275,170.525,13.45242572384086,10.974425723840861
1984,1694,606.0,-45.275,170.575,13.431283131307282,9.795283131307283
1985,1315,840.0,-45.225,170.625,13.521655546721377,8.481655546721377
1986,1316,567.0,-45.225,170.675,13.459932047462644,10.057932047462645
1987,1317,326.0,-45.225,170.725,13.387165559453933,11.431165559453934
1988,1391,492.0,-45.175,170.625,13.651307454683774,10.699307454683774
1989,1392,541.0,-45.175,170.675,13.56754249597725,10.32154249597725
1990,1393,237.0,-45.175,170.725,13.474088928665878,12.052088928665878
1991,1699,703.0,-45.275,170.625,13.40188622583264,9.18388622583264
1992,1705,339.0,-45.275,170.675,13.360891982589237,11.326891982589238
1993,1711,325.0,-45.275,170.725,13.306519508405472,11.356519508405473
1994,1318,98.0,-45.225,170.775,13.305384620867699,12.7173846208677
1995,1319,57.0,-45.225,170.825,13.218096261562096,12.876096261562095
1996,1394,52.0,-45.175,170.775,13.374384924072729,13.06238492407273
1997,1395,26.0,-45.175,170.825,13.272880497623191,13.11688049762319
1998,1716,56.0,-45.275,170.775,13.239531900742804,12.903531900742804
1999,1787,21.0,-45.275,170.825,13.163183720451343,13.037183720451344
2000,2062,20.0,-45.175,170.875,13.1739772315741,13.0539772315741
2001,2114,884.0,-45.125,167.025,14.480524556762248,9.17652455676225
2002,2124,457.0,-45.125,167.075,14.506529828504426,11.764529828504426
2003,2228,437.0,-45.125,167.125,14.520314792807767,11.898314792807767
2004,2231,687.0,-45.125,167.175,14.520943071132933,10.398943071132933
2005,2530,375.0,-44.975,167.175,13.858247896296234,11.608247896296234
2006,2798,621.0,-45.025,167.125,14.09478437055077,10.36878437055077
2007,2981,864.0,-45.075,167.075,14.304180331531825,9.120180331531824
2008,2982,535.0,-45.075,167.125,14.309779387218441,11.099779387218442
2009,2983,907.0,-45.075,167.175,14.303234047809383,8.861234047809383
2010,2251,936.0,-45.125,167.225,14.507896319122665,8.891896319122665
2011,2256,395.0,-45.125,167.275,14.481257601735706,12.111257601735705
2012,2264,913.0,-45.125,167.325,14.441856715777249,8.963856715777247
2013,2531,160.0,-44.975,167.225,13.828678253114049,12.868678253114048
2014,2532,1165.0,-44.975,167.275,13.789413421927748,6.799413421927747
2015,2533,411.0,-44.975,167.325,13.741454066988808,11.275454066988807
2016,2799,104.0,-45.025,167.225,14.057127181811666,13.433127181811665
2017,2800,530.0,-45.025,167.275,14.02188534891684,10.84188534891684
2018,2801,110.0,-45.025,167.325,13.976821196687524,13.316821196687524
2019,2984,1240.0,-45.075,167.225,14.284314115127927,6.844314115127927
2020,2985,1047.0,-45.075,167.275,14.253313731140224,7.971313731140224
2021,2986,148.0,-45.075,167.325,14.211151677049202,13.323151677049202
2022,2272,221.0,-45.125,167.375,14.391331231621734,13.065331231621734
2023,2380,1383.0,-45.125,167.425,14.332082287586672,6.034082287586672
2024,2392,260.0,-45.125,167.475,14.267142386259366,12.707142386259365
2025,2490,749.0,-45.125,167.525,14.199998164194767,9.705998164194767
2026,2534,651.0,-44.975,167.375,13.686295157522181,9.780295157522183
2027,2535,60.0,-44.975,167.475,13.562830901302732,13.202830901302733
2028,2536,474.0,-44.975,167.525,13.499910639666268,10.655910639666269
2029,2802,228.0,-45.025,167.375,13.923477987689694,12.555477987689693
2030,2803,426.0,-45.025,167.425,13.863962766736222,11.307962766736223
2031,2804,417.0,-45.025,167.475,13.80090204246153,11.298902042461531
2032,2805,822.0,-45.025,167.525,13.73737194406749,8.80537194406749
2033,2987,172.0,-45.075,167.375,14.159416315480485,13.127416315480485
2034,2988,897.0,-45.075,167.425,14.100344143200346,8.718344143200344
2035,2989,935.0,-45.075,167.475,14.036740510280652,8.426740510280652
2036,2990,1166.0,-45.075,167.525,13.971865009287285,6.975865009287285
2037,2494,737.0,-45.125,167.575,14.134410627410034,9.712410627410033
2038,2500,827.0,-45.125,167.625,14.074256342690205,9.112256342690205
2039,2506,1286.0,-45.125,167.675,14.023391729780997,6.307391729780997
2040,2537,710.0,-44.975,167.575,13.44047987164231,9.18047987164231
2041,2538,1194.0,-44.975,167.625,13.388199277855165,6.224199277855165
2042,2539,704.0,-44.975,167.675,13.347026828785602,9.123026828785601
2043,2540,1015.0,-44.975,167.725,13.321142578588479,7.231142578588479
2044,2602,560.0,-45.125,167.725,13.985529295046945,10.625529295046945
2045,2806,1140.0,-45.025,167.575,13.676816644949213,6.836816644949213
2046,2807,912.0,-45.025,167.625,13.622963311319836,8.150963311319837
2047,2808,1574.0,-45.025,167.675,13.579731896892554,4.135731896892555
2048,2809,490.0,-45.025,167.725,13.551126910484527,10.611126910484527
2049,2991,218.0,-45.075,167.575,13.909305510769627,12.601305510769627
2050,2992,1667.0,-45.075,167.625,13.852855509585424,3.8508555095854238
2051,2993,1104.0,-45.075,167.675,13.80639606312252,7.18239606312252
2052,2994,726.0,-45.075,167.725,13.773772418322551,9.417772418322551
2053,2541,1167.0,-44.975,167.775,13.314818716686204,6.312818716686205
2054,2542,830.0,-44.975,167.825,13.332190258193805,8.352190258193804
2055,2543,473.0,-44.975,167.875,13.37689379895528,10.538893798955279
2056,2606,1174.0,-45.125,167.775,13.964111605464495,6.920111605464496
2057,2613,204.0,-45.125,167.825,13.962174521975612,12.738174521975612
2058,2615,260.0,-45.125,167.875,13.982203270226819,12.422203270226818
2059,2810,957.0,-45.025,167.775,13.541089542593909,7.799089542593909
2060,2811,922.0,-45.025,167.825,13.553288383533072,8.021288383533072
2061,2812,204.0,-45.025,167.875,13.590844654638204,12.366844654638204
2062,2995,973.0,-45.075,167.775,13.758650399759063,7.9206503997590625
2063,2996,312.0,-45.075,167.825,13.764341596554004,11.892341596554004
2064,2997,528.0,-45.075,167.875,13.793601345754723,10.625601345754724
2065,2064,1262.0,-45.075,168.075,14.172410230616151,6.600410230616152
2066,2544,597.0,-44.975,167.925,13.45160681768175,9.869606817681749
2067,2545,1207.0,-44.975,167.975,13.55763091863082,6.315630918630821
2068,2546,452.0,-44.975,168.025,13.694721060031952,10.982721060031952
2069,2547,1388.0,-44.975,168.075,13.861257352949906,5.5332573529499065
2070,2617,275.0,-45.125,167.925,14.025999318970207,12.375999318970207
2071,2622,738.0,-45.125,167.975,14.094585908558656,9.666585908558655
2072,2688,1135.0,-45.125,168.025,14.188177955114952,7.3781779551149524
2073,2731,1026.0,-45.125,168.075,14.306226058588436,8.150226058588437
2074,2813,662.0,-45.025,167.925,13.656028614057504,9.684028614057505
2075,2814,1375.0,-45.025,167.975,13.75001161610271,5.500011616102711
2076,2815,882.0,-45.025,168.025,13.872770427109572,8.580770427109572
2077,2816,675.0,-45.025,168.075,14.023185659290903,9.973185659290902
2078,2998,947.0,-45.075,167.925,13.84842718312575,8.16642718312575
2079,2999,376.0,-45.075,167.975,13.929906327139179,11.673906327139179
2080,3000,933.0,-45.075,168.025,14.03816087317864,8.440160873178641
2081,2123,1378.0,-45.075,168.125,14.331127237535839,6.06312723753584
2082,2229,1692.0,-45.075,168.175,14.512235759231771,4.36023575923177
2083,2232,731.0,-45.075,168.225,14.713297845661145,10.327297845661146
2084,2548,1512.0,-44.975,168.125,14.054653333647366,4.982653333647367
2085,2549,1511.0,-44.975,168.175,14.271795449923957,5.205795449923958
2086,2550,496.0,-44.975,168.225,14.509371406546052,11.533371406546053
2087,2745,905.0,-45.125,168.125,14.447522087844845,9.017522087844846
2088,2746,1227.0,-45.125,168.175,14.610337644962783,7.248337644962784
2089,2747,822.0,-45.125,168.225,14.79256385447843,9.86056385447843
2090,2817,1637.0,-45.025,168.125,14.199286659850259,4.377286659850258
2091,2818,1477.0,-45.025,168.175,14.398542543773146,5.536542543773146
2092,2819,1196.0,-45.025,168.225,14.618112826383367,7.442112826383367
2093,2238,1001.0,-45.075,168.275,14.931658590456209,8.925658590456209
2094,2240,847.0,-45.075,168.325,15.164538991335576,10.082538991335575
2095,2245,756.0,-45.075,168.375,15.409080838026057,10.873080838026057
2096,2258,308.0,-45.075,168.425,15.662351858560214,13.814351858560215
2097,2551,777.0,-44.975,168.275,14.764055122828722,10.102055122828723
2098,2552,1708.0,-44.975,168.325,15.032578729684246,4.784578729684247
2099,2553,308.0,-44.975,168.375,15.311732919353744,13.463732919353745
2100,2554,308.0,-44.975,168.425,15.598325023645884,13.750325023645885
2101,2748,843.0,-45.125,168.275,14.99182909492447,9.93382909492447
2102,2750,1670.0,-45.125,168.325,15.205583054264935,5.185583054264935
2103,2753,412.0,-45.125,168.375,15.43114468166641,12.95914468166641
2104,2757,537.0,-45.125,168.425,15.665715859555348,12.443715859555349
2105,2820,1338.0,-45.025,168.275,14.855018680304056,6.827018680304056
2106,2821,1051.0,-45.025,168.325,15.106235339093473,8.800235339093472
2107,2822,889.0,-45.025,168.375,15.368723116231195,10.034723116231195
2108,2823,308.0,-45.025,168.425,15.639414965964534,13.791414965964535
2109,2268,725.0,-45.075,168.475,15.921316798992848,11.571316798992848
2110,2276,308.0,-45.075,168.525,16.18277191627567,14.33477191627567
2111,2377,308.0,-45.075,168.575,16.443219818112993,14.595219818112994
2112,2555,724.0,-44.975,168.475,15.889108401021076,11.545108401021075
2113,2556,1464.0,-44.975,168.525,16.18068108378793,7.39668108378793
2114,2557,582.0,-44.975,168.575,16.46932920690233,12.97732920690233
2115,2761,379.0,-45.125,168.475,15.906362042675028,13.632362042675027
2116,2765,495.0,-45.125,168.525,16.14995616579654,13.179956165796538
2117,2769,923.0,-45.125,168.575,16.3930746311853,10.8550746311853
2118,2824,1532.0,-45.025,168.475,15.915171563317926,6.723171563317926
2119,2825,1035.0,-45.025,168.525,16.19270448415955,9.982704484159548
2120,2826,607.0,-45.025,168.575,16.468449531081205,12.826449531081206
2121,2390,308.0,-45.075,168.625,16.69858918668615,14.85058918668615
2122,2486,308.0,-45.075,168.675,16.943635811971035,15.095635811971036
2123,2493,400.0,-45.075,168.725,17.17396427033418,14.773964270334181
2124,2499,637.0,-45.075,168.775,17.388301364073413,13.566301364073414
2125,2558,954.0,-44.975,168.625,16.75074861572466,11.02674861572466
2126,2559,752.0,-44.975,168.675,17.019786721906712,12.507786721906712
2127,2560,414.0,-44.975,168.725,17.27206498745909,14.788064987459089
2128,2561,420.0,-44.975,168.775,17.50519934543081,14.98519934543081
2129,2773,1572.0,-45.125,168.625,16.63185645492922,7.19985645492922
2130,2778,665.0,-45.125,168.675,16.862113043393038,12.872113043393037
2131,2781,308.0,-45.125,168.725,17.080373498625704,15.232373498625705
2132,2785,1187.0,-45.125,168.775,17.284403944742735,10.162403944742735
2133,2827,879.0,-45.025,168.625,16.738308304989914,11.464308304989915
2134,2828,661.0,-45.025,168.675,16.996557238686364,13.030557238686363
2135,2829,308.0,-45.025,168.725,17.23771689539717,15.389716895397171
2136,2830,785.0,-45.025,168.775,17.461485441030163,12.751485441030162
2137,2505,1786.0,-45.075,168.825,17.584328760935023,6.868328760935023
2138,2562,459.0,-44.975,168.825,17.716119283133594,14.962119283133594
2139,2563,641.0,-44.975,168.875,17.90027738383469,14.054277383834691
2140,2564,1315.0,-44.975,168.925,18.051592029725725,10.161592029725725
2141,2565,1026.0,-44.975,168.975,18.162113000078534,12.006113000078535
2142,2614,1499.0,-45.075,168.875,17.75836832526329,8.764368325263291
2143,2618,960.0,-45.075,168.925,17.9055969568617,12.1455969568617
2144,2623,888.0,-45.075,168.975,18.01992694767432,12.691926947674322
2145,2789,2051.0,-45.125,168.825,17.471921976615704,5.165921976615703
2146,2793,1433.0,-45.125,168.875,17.639857177602607,9.041857177602608
2147,2831,1000.0,-45.025,168.825,17.66506298130662,11.665062981306619
2148,2832,1126.0,-45.025,168.875,17.844168801546402,11.088168801546402
2149,2833,537.0,-45.025,168.925,17.993183886625047,14.771183886625048
2150,2834,325.0,-45.025,168.975,18.104894160644108,16.15489416064411
2151,2878,917.0,-45.125,168.925,17.784259124944583,12.282259124944584
2152,2941,962.0,-45.125,168.975,17.90022514614975,12.128225146149752
2153,2566,833.0,-44.975,169.025,18.22136655446957,13.223366554469568
2154,2567,973.0,-44.975,169.075,18.21524568890709,12.377245688907088
2155,2568,1198.0,-44.975,169.125,18.124062066241095,10.936062066241096
2156,2689,396.0,-45.075,169.025,18.093719616665112,15.717719616665113
2157,2691,782.0,-45.075,169.075,18.117332311363498,13.425332311363498
2158,2693,302.0,-45.075,169.125,18.078284950588568,16.266284950588567
2159,2835,466.0,-45.025,169.025,18.170034026912617,15.374034026912618
2160,2836,889.0,-45.025,169.075,18.176659728229424,12.842659728229425
2161,2837,605.0,-45.025,169.125,18.109414065113015,14.479414065113016
2162,2942,1196.0,-45.125,169.025,17.98171773224567,10.80571773224567
2163,2943,1083.0,-45.125,169.075,18.021212797215412,11.523212797215411
2164,2944,719.0,-45.125,169.125,18.0090666200158,13.695066620015801
2165,2108,196.0,-45.025,169.225,17.661920360797012,16.485920360797014
2166,2118,595.0,-45.025,169.275,17.202725191533318,13.632725191533318
2167,2127,1283.0,-45.025,169.325,16.779296337605047,9.081296337605046
2168,2569,337.0,-44.975,169.175,17.918562925808146,15.896562925808146
2169,2570,302.0,-44.975,169.225,17.548840754281628,15.736840754281628
2170,2571,325.0,-44.975,169.275,16.991550859656854,15.041550859656855
2171,2572,734.0,-44.975,169.325,16.556043244025204,12.152043244025204
2172,2695,199.0,-45.075,169.175,17.959108317685605,16.765108317685605
2173,2697,201.0,-45.075,169.225,17.734272976518696,16.528272976518696
2174,2699,598.0,-45.075,169.275,17.400905563334163,13.812905563334162
2175,2701,1014.0,-45.075,169.325,17.03971317064679,10.955713170646792
2176,2838,316.0,-45.025,169.175,17.948574371528593,16.052574371528593
2177,2945,368.0,-45.125,169.175,17.932856799450747,15.724856799450746
2178,2946,602.0,-45.125,169.225,17.779909051934737,14.167909051934737
2179,2947,987.0,-45.125,169.275,17.54906506698171,11.62706506698171
2180,2948,355.0,-45.125,169.325,17.255406804046288,15.125406804046289
2181,2237,1455.0,-45.025,169.375,16.503642820398454,7.773642820398454
2182,2239,1427.0,-45.025,169.425,16.30962136729977,7.74762136729977
2183,2241,772.0,-45.025,169.475,16.133774464802627,11.501774464802628
2184,2573,1085.0,-44.975,169.375,16.382390435843263,9.872390435843263
2185,2574,1235.0,-44.975,169.425,16.267854865060144,8.857854865060144
2186,2575,850.0,-44.975,169.475,16.1425598746373,11.0425598746373
2187,2703,1157.0,-45.075,169.375,16.721845728052358,9.779845728052358
2188,2705,599.0,-45.075,169.425,16.450576438497592,12.856576438497592
2189,2706,359.0,-45.075,169.475,16.204904854495908,14.050904854495908
2190,2949,519.0,-45.125,169.375,16.92843245028598,13.814432450285981
2191,2950,399.0,-45.125,169.425,16.604678744321063,14.210678744321063
2192,2951,319.0,-45.125,169.475,16.298428458620037,14.384428458620038
2193,2247,431.0,-45.025,169.525,15.9537493517455,13.3677493517455
2194,2252,376.0,-45.025,169.575,15.767892383406434,13.511892383406433
2195,2255,380.0,-45.025,169.625,15.582406762398023,13.302406762398023
2196,2263,378.0,-45.025,169.675,15.408043495614038,13.140043495614037
2197,2576,813.0,-44.975,169.525,15.998098921632845,11.120098921632845
2198,2577,848.0,-44.975,169.575,15.840190979455656,10.752190979455655
2199,2578,489.0,-44.975,169.625,15.678603342268616,12.744603342268617
2200,2579,409.0,-44.975,169.675,15.525287382106399,13.071287382106398
2201,2708,323.0,-45.075,169.525,15.97072057159312,14.032720571593119
2202,2711,323.0,-45.075,169.575,15.744361362980271,13.80636136298027
2203,2713,356.0,-45.075,169.625,15.52876423118505,13.392764231185051
2204,2715,398.0,-45.075,169.675,15.33199444150523,12.94399444150523
2205,2952,269.0,-45.125,169.525,16.011712112025634,14.397712112025634
2206,2953,282.0,-45.125,169.575,15.744937320971076,14.052937320971076
2207,2954,460.0,-45.125,169.625,15.500075733933045,12.740075733933045
2208,2955,456.0,-45.125,169.675,15.28135939409185,12.54535939409185
2209,2271,358.0,-45.025,169.725,15.261647626930426,13.113647626930426
2210,2381,514.0,-45.025,169.775,15.138366998211495,12.054366998211496
2211,2385,549.0,-45.025,169.825,15.031514181395323,11.737514181395323
2212,2580,413.0,-44.975,169.725,15.390989860270565,12.912989860270566
2213,2581,402.0,-44.975,169.775,15.276780746629811,12.864780746629812
2214,2582,508.0,-44.975,169.825,15.179216941318373,12.131216941318373
2215,2716,521.0,-45.075,169.725,15.165302198161953,12.039302198161954
2216,2718,433.0,-45.075,169.775,15.024777471737252,12.426777471737253
2217,2720,436.0,-45.075,169.825,14.903186179293698,12.287186179293698
2218,2956,401.0,-45.125,169.725,15.092427876999864,12.686427876999865
2219,2957,437.0,-45.125,169.775,14.930983570498938,12.308983570498938
2220,2958,781.0,-45.125,169.825,14.791617985216362,10.105617985216362
2221,2391,470.0,-45.025,169.875,14.93892417569623,12.118924175696229
2222,2483,766.0,-45.025,169.925,14.859508232773806,10.263508232773805
2223,2487,557.0,-45.025,169.975,14.792566757356326,11.450566757356325
2224,2498,564.0,-45.025,170.025,14.737561159099641,11.353561159099641
2225,2583,691.0,-44.975,169.875,15.096277783053665,10.950277783053664
2226,2584,574.0,-44.975,169.925,15.026993219591532,11.582993219591533
2227,2585,570.0,-44.975,169.975,14.970791264981017,11.550791264981017
2228,2586,691.0,-44.975,170.025,14.927225926126994,10.781225926126993
2229,2722,862.0,-45.075,169.875,14.79725465908814,9.625254659088139
2230,2725,567.0,-45.075,169.925,14.705221419513691,11.303221419513692
2231,2727,479.0,-45.075,169.975,14.626016061269183,11.752016061269183
2232,2728,499.0,-45.075,170.025,14.558989206636397,11.564989206636398
2233,2959,791.0,-45.125,169.875,14.670171423280408,9.92417142328041
2234,2960,480.0,-45.125,169.925,14.564037889484098,11.684037889484099
2235,2961,422.0,-45.125,169.975,14.471663332769822,11.939663332769822
2236,2962,423.0,-45.125,170.025,14.39224107197515,11.85424107197515
2237,2504,640.0,-45.025,170.075,14.69409701976656,10.85409701976656
2238,2510,642.0,-45.025,170.125,14.662329896929805,10.810329896929805
2239,2511,586.0,-45.025,170.175,14.645433423278519,11.129433423278519
2240,2512,534.0,-45.025,170.225,14.637611809430382,11.433611809430381
2241,2587,884.0,-44.975,170.075,14.895967409995137,9.591967409995139
2242,2588,945.0,-44.975,170.125,14.877143770245311,9.207143770245313
2243,2589,721.0,-44.975,170.175,14.870831931724751,10.544831931724751
2244,2590,606.0,-44.975,170.225,14.871997855261725,11.235997855261726
2245,2730,509.0,-45.075,170.075,14.503910936700777,11.449910936700777
2246,2737,519.0,-45.075,170.125,14.461378381214672,11.347378381214671
2247,2739,499.0,-45.075,170.175,14.432555652083465,11.438555652083465
2248,2742,480.0,-45.075,170.225,14.413419500380769,11.53341950038077
2249,2963,438.0,-45.125,170.075,14.325589042386127,11.697589042386127
2250,2964,439.0,-45.125,170.125,14.271995716795573,11.637995716795572
2251,2965,417.0,-45.125,170.175,14.23119322142702,11.729193221427021
2252,2966,419.0,-45.125,170.225,14.200420529819894,11.686420529819895
2253,2109,817.0,-44.975,170.325,14.863112096418263,9.961112096418262
2254,2119,1223.0,-44.975,170.375,14.837155612680363,7.4991556126803625
2255,2513,503.0,-45.025,170.275,14.629686604755989,11.611686604755988
2256,2514,848.0,-45.025,170.325,14.614763507302996,9.526763507302995
2257,2515,1069.0,-45.025,170.375,14.586463773517607,8.172463773517608
2258,2591,627.0,-44.975,170.275,14.872134055340211,11.110134055340211
2259,2749,469.0,-45.075,170.275,14.396762618662251,11.582762618662251
2260,2754,573.0,-45.075,170.325,14.376421340663,10.938421340663
2261,2758,1155.0,-45.075,170.375,14.346954697499314,7.416954697499313
2262,2967,441.0,-45.125,170.275,14.174874464117238,11.528874464117237
2263,2968,477.0,-45.125,170.325,14.149522124476789,11.287522124476789
2264,2969,674.0,-45.125,170.375,14.119707256251786,10.075707256251786
2265,2128,974.0,-44.975,170.425,14.787207007946563,8.943207007946562
2266,2227,653.0,-44.975,170.475,14.707994917092947,10.789994917092947
2267,2233,461.0,-44.975,170.525,14.597234871360342,11.831234871360342
2268,2248,300.0,-44.975,170.575,14.456138248366187,12.656138248366187
2269,2516,860.0,-45.025,170.425,14.539165348200186,9.379165348200186
2270,2517,669.0,-45.025,170.475,14.468680774029053,10.454680774029054
2271,2518,461.0,-45.025,170.525,14.372959810551038,11.606959810551038
2272,2519,519.0,-45.025,170.575,14.25244205794661,11.138442057946609
2273,2762,1352.0,-45.075,170.425,14.303650209054467,6.191650209054467
2274,2766,612.0,-45.075,170.475,14.242899765926268,10.570899765926267
2275,2770,734.0,-45.075,170.525,14.162632521893102,9.758632521893102
2276,2774,478.0,-45.075,170.575,14.062597102350992,11.194597102350992
2277,2970,1107.0,-45.125,170.425,14.08130824939144,7.43930824939144
2278,2971,814.0,-45.125,170.475,14.030968397193647,9.146968397193646
2279,2972,854.0,-45.125,170.525,13.966380441575893,8.842380441575894
2280,2973,570.0,-45.125,170.575,13.886532891347088,10.466532891347088
2281,2253,241.0,-44.975,170.625,14.288894974415598,12.842894974415598
2282,2261,243.0,-44.975,170.675,14.10167912243196,12.64367912243196
2283,2269,288.0,-44.975,170.725,13.901903695226792,12.173903695226793
2284,2520,406.0,-45.025,170.625,14.109920686620171,11.673920686620171
2285,2521,223.0,-45.025,170.675,13.950120437206351,12.612120437206352
2286,2522,179.0,-45.025,170.725,13.779306856989933,12.705306856989933
2287,2777,561.0,-45.075,170.625,13.944415919631865,10.578415919631865
2288,2782,358.0,-45.075,170.675,13.811476324994146,11.663476324994146
2289,2786,158.0,-45.075,170.725,13.668767467883299,12.720767467883299
2290,2974,472.0,-45.125,170.625,13.79187332199399,10.959873321993989
2291,2975,294.0,-45.125,170.675,13.684394887872259,11.92039488787226
2292,2976,217.0,-45.125,170.725,13.567643156504346,12.265643156504346
2293,2277,160.0,-44.975,170.775,13.698009739480767,12.738009739480766
2294,2278,216.0,-44.975,170.825,13.499758018053399,12.2037580180534
2295,2279,198.0,-44.975,170.875,13.318847933909638,12.130847933909637
2296,2280,240.0,-44.975,170.925,13.168598959580777,11.728598959580777
2297,2523,173.0,-45.025,170.775,13.605088310820065,12.567088310820065
2298,2524,119.0,-45.025,170.825,13.43632590462039,12.722325904620389
2299,2525,62.0,-45.025,170.875,13.282697476015528,12.910697476015528
2300,2526,141.0,-45.025,170.925,13.152724132338335,12.306724132338335
2301,2790,83.0,-45.075,170.775,13.522687199127176,13.024687199127177
2302,2794,108.0,-45.075,170.825,13.38068106342871,12.73268106342871
2303,2795,40.0,-45.075,170.875,13.250363677409041,13.01036367740904
2304,2796,80.0,-45.075,170.925,13.137568362644743,12.657568362644742
2305,2977,80.0,-45.125,170.775,13.446563715104276,12.966563715104275
2306,2978,33.0,-45.125,170.825,13.32702138613422,13.12902138613422
2307,2979,16.0,-45.125,170.875,13.214777617304208,13.118777617304207
2308,2980,40.0,-45.125,170.925,13.113714151788372,12.873714151788372
2309,2281,55.0,-44.975,170.975,13.058033158060425,12.728033158060425
2310,2282,43.0,-44.975,171.025,12.982980874285204,12.724980874285205
2311,2283,29.0,-44.975,171.075,12.931830641948181,12.757830641948182
2312,2527,158.0,-45.025,170.975,13.049184419589437,12.101184419589437
2313,2528,38.0,-45.025,171.025,12.967698027174265,12.739698027174265
2314,2529,20.0,-45.025,171.075,12.903995566384765,12.783995566384766
2315,2797,71.0,-45.075,170.975,13.042473496512685,12.616473496512684
2316,2284,850.0,-44.925,167.275,13.558185188059724,8.458185188059725
2317,2285,445.0,-44.925,167.325,13.50749810682646,10.83749810682646
2318,2361,553.0,-44.875,167.325,13.277241668774877,9.959241668774878
2319,2286,164.0,-44.925,167.425,13.389133473536276,12.405133473536276
2320,2287,529.0,-44.925,167.475,13.325666901542718,10.151666901542718
2321,2288,625.0,-44.925,167.525,13.262873359815785,9.512873359815785
2322,2362,575.0,-44.875,167.425,13.156329660119809,9.70632966011981
2323,2363,503.0,-44.875,167.475,13.092456940561533,10.074456940561532
2324,2656,119.0,-44.825,167.425,12.930090835932788,12.216090835932787
2325,2657,622.0,-44.825,167.475,12.866087689188134,9.134087689188135
2326,2724,532.0,-44.775,167.525,12.587251863773417,9.395251863773417
2327,2289,878.0,-44.925,167.575,13.203920850120994,7.935920850120994
2328,2290,1182.0,-44.925,167.625,13.152381062620407,6.060381062620407
2329,2291,878.0,-44.925,167.675,13.112221164192306,7.844221164192306
2330,2292,812.0,-44.925,167.725,13.087782343671279,8.215782343671279
2331,2364,618.0,-44.875,167.575,12.970830428164845,9.262830428164845
2332,2365,301.0,-44.875,167.625,12.919520164190544,11.113520164190545
2333,2366,1451.0,-44.875,167.675,12.879603777606462,4.173603777606463
2334,2367,669.0,-44.875,167.725,12.855514580191084,8.841514580191085
2335,2658,733.0,-44.825,167.575,12.744880671469218,8.346880671469219
2336,2659,391.0,-44.825,167.625,12.693751590102693,10.347751590102693
2337,2660,1595.0,-44.825,167.675,12.653789720592613,3.0837897205926144
2338,2661,1418.0,-44.825,167.725,12.629384606649182,4.121384606649183
2339,2726,643.0,-44.775,167.575,12.529561294184532,8.671561294184531
2340,2729,723.0,-44.775,167.675,12.43955963647204,8.10155963647204
2341,2732,1218.0,-44.775,167.725,12.414963225573956,5.106963225573956
2342,2063,997.0,-44.875,167.775,12.85223344080805,6.870233440808049
2343,2120,1589.0,-44.875,167.825,12.875188791414985,3.341188791414984
2344,2129,950.0,-44.875,167.875,12.929808782882901,7.229808782882901
2345,2293,241.0,-44.925,167.775,13.08370403963454,11.63770403963454
2346,2294,950.0,-44.925,167.825,13.104715286115606,7.404715286115606
2347,2295,720.0,-44.925,167.875,13.155192025076758,8.835192025076758
2348,2662,1302.0,-44.825,167.775,12.625711487824447,4.813711487824447
2349,2663,1325.0,-44.825,167.825,12.648872434730947,4.698872434730948
2350,2664,1212.0,-44.825,167.875,12.705700647340564,5.433700647340564
2351,2733,1044.0,-44.775,167.775,12.410443793227387,6.146443793227387
2352,2735,664.0,-44.775,167.825,12.432430521037531,8.448430521037531
2353,2738,254.0,-44.775,167.875,12.48924014430122,10.96524014430122
2354,2230,1765.0,-44.875,167.925,13.020483024007262,2.4304830240072643
2355,2246,1618.0,-44.875,167.975,13.149168013249437,3.4411680132494364
2356,2260,1022.0,-44.875,168.025,13.314693091375375,7.182693091375374
2357,2267,1043.0,-44.875,168.075,13.513480245013852,7.255480245013852
2358,2296,211.0,-44.925,167.925,13.238455325010364,11.972455325010364
2359,2297,1040.0,-44.925,167.975,13.35603301748597,7.11603301748597
2360,2298,398.0,-44.925,168.025,13.507333551686315,11.119333551686315
2361,2299,1267.0,-44.925,168.075,13.689978008196704,6.087978008196704
2362,2665,1330.0,-44.825,167.925,12.802434960703977,4.822434960703976
2363,2666,940.0,-44.825,167.975,12.941925142009495,7.3019251420094955
2364,2667,1240.0,-44.825,168.025,13.121916083655378,5.681916083655379
2365,2668,789.0,-44.825,168.075,13.33684929644187,8.60284929644187
2366,2743,1656.0,-44.775,167.925,12.590324333767057,2.6543243337670592
2367,2751,1614.0,-44.775,167.975,12.740658535791226,3.056658535791227
2368,2755,1295.0,-44.775,168.025,12.935594797225349,5.165594797225349
2369,2759,1420.0,-44.775,168.075,13.166275680083345,4.646275680083345
2370,2275,1140.0,-44.875,168.125,13.740916719505549,6.900916719505549
2371,2300,1398.0,-44.925,168.125,13.900525180570185,5.512525180570185
2372,2301,560.0,-44.925,168.175,14.13514115934413,10.77514115934413
2373,2302,1224.0,-44.925,168.225,14.389999687398813,7.0459996873988135
2374,2368,1498.0,-44.875,168.175,13.992341956605742,5.004341956605742
2375,2369,1333.0,-44.875,168.225,14.26344253919342,6.265442539193421
2376,2669,913.0,-44.825,168.125,13.580600253217199,8.102600253217197
2377,2670,1029.0,-44.825,168.175,13.847714324128901,7.673714324128902
2378,2671,1141.0,-44.825,168.225,14.13354280655767,7.287542806557671
2379,2763,703.0,-44.775,168.125,13.425018412603094,9.207018412603095
2380,2767,1073.0,-44.775,168.175,13.705926182128678,7.2679261821286785
2381,2771,1582.0,-44.775,168.225,14.00430671426875,4.512306714268751
2382,2303,1380.0,-44.925,168.275,14.661441646776439,6.381441646776439
2383,2304,407.0,-44.925,168.325,14.945992512579323,12.503992512579323
2384,2305,308.0,-44.925,168.375,15.240312620511759,13.39231262051176
2385,2306,326.0,-44.925,168.425,15.54111820320577,13.58511820320577
2386,2370,824.0,-44.875,168.275,14.550301119987125,9.606301119987126
2387,2371,1277.0,-44.875,168.325,14.84931463054454,7.187314630544542
2388,2372,308.0,-44.875,168.375,15.157080640909044,13.309080640909045
2389,2373,631.0,-44.875,168.425,15.470283573895358,11.684283573895359
2390,2672,2020.0,-44.825,168.275,14.434055477846414,2.3140554778464146
2391,2673,664.0,-44.825,168.325,14.745630359790084,10.761630359790084
2392,2674,319.0,-44.825,168.375,15.064882312784903,13.150882312784903
2393,2675,911.0,-44.825,168.425,15.38852871051131,9.92252871051131
2394,2775,1478.0,-44.775,168.275,14.316195085588333,5.448195085588335
2395,2779,350.0,-44.775,168.325,14.638052560077995,12.538052560077995
2396,2783,943.0,-44.775,168.375,14.966573386676828,9.308573386676828
2397,2787,517.0,-44.775,168.425,15.298552746542555,12.196552746542555
2398,2307,1470.0,-44.925,168.475,15.845086023127806,7.025086023127807
2399,2308,781.0,-44.925,168.525,16.148740225189613,11.462740225189613
2400,2309,1193.0,-44.925,168.575,16.448316877120305,9.290316877120306
2401,2374,1733.0,-44.875,168.475,15.785586191175753,5.387586191175755
2402,2375,1083.0,-44.875,168.525,16.09952629113286,9.60152629113286
2403,2378,1484.0,-44.875,168.575,16.40842982868344,7.504429828683438
2404,2676,1763.0,-44.825,168.475,15.713282074792005,5.135282074792006
2405,2677,1522.0,-44.825,168.525,16.0357658335015,6.903765833501501
2406,2678,1171.0,-44.825,168.575,16.352462397548152,9.326462397548152
2407,2791,1112.0,-44.775,168.475,15.630792273324914,8.958792273324914
2408,2839,1692.0,-44.775,168.525,15.960034925841683,5.808034925841682
2409,2840,1484.0,-44.775,168.575,16.282931558087512,7.378931558087512
2410,2310,513.0,-44.925,168.625,16.73964441523094,13.661644415230942
2411,2311,815.0,-44.925,168.675,17.018286013244506,12.128286013244505
2412,2312,1259.0,-44.925,168.725,17.280233317425882,9.726233317425883
2413,2313,803.0,-44.925,168.775,17.522135913710372,12.704135913710372
2414,2383,1060.0,-44.875,168.625,16.70839000880187,10.348390008801871
2415,2389,492.0,-44.875,168.675,16.995405102790755,14.043405102790755
2416,2484,1218.0,-44.875,168.725,17.26563559342867,9.95763559342867
2417,2488,1351.0,-44.875,168.775,17.515411136841067,9.409411136841067
2418,2679,1353.0,-44.825,168.625,16.659717799961072,8.541717799961074
2419,2680,910.0,-44.825,168.675,16.953818060996127,11.493818060996126
2420,2681,594.0,-44.825,168.725,17.231077777845712,13.667077777845712
2421,2682,1643.0,-44.825,168.775,17.487803224825257,7.629803224825258
2422,2841,1557.0,-44.775,168.625,16.59604512131955,7.254045121319548
2423,2842,945.0,-44.775,168.675,16.895885598176392,11.225885598176394
2424,2843,878.0,-44.775,168.725,17.178937734192004,11.910937734192004
2425,2844,1504.0,-44.775,168.775,17.441628163378482,8.417628163378483
2426,2314,704.0,-44.925,168.825,17.740361593854686,13.516361593854686
2427,2315,818.0,-44.925,168.875,17.93021547086755,13.022215470867552
2428,2316,1504.0,-44.925,168.925,18.085571329856975,9.061571329856976
2429,2317,803.0,-44.925,168.975,18.198478820992023,13.380478820992023
2430,2492,691.0,-44.875,168.825,17.74081245752859,13.59481245752859
2431,2497,1528.0,-44.875,168.875,17.93717860678771,8.769178606787712
2432,2503,1192.0,-44.875,168.925,18.098753236958146,10.946753236958145
2433,2509,1064.0,-44.875,168.975,18.218396827111064,11.834396827111064
2434,2683,1161.0,-44.825,168.825,17.720080214958216,10.754080214958217
2435,2684,1265.0,-44.825,168.875,17.923504063135624,10.333504063135624
2436,2685,870.0,-44.825,168.925,18.092977124862955,12.872977124862956
2437,2686,736.0,-44.825,168.975,18.222628167082803,13.806628167082803
2438,2845,1480.0,-44.775,168.825,17.680219951915205,8.800219951915205
2439,2846,726.0,-44.775,168.875,17.890688430836235,13.534688430836235
2440,2847,1238.0,-44.775,168.925,18.068656846176964,10.640656846176963
2441,2848,1431.0,-44.775,168.975,18.20946530951369,9.623465309513689
2442,2007,528.0,-44.825,169.075,18.33627905776666,15.16827905776666
2443,2110,1416.0,-44.825,169.125,18.308655935868956,9.812655935868955
2444,2318,1160.0,-44.925,169.025,18.25851526995575,11.29851526995575
2445,2319,1228.0,-44.925,169.075,18.2516580960164,10.8836580960164
2446,2320,1601.0,-44.925,169.125,18.158227785132112,8.552227785132112
2447,2592,574.0,-44.875,169.025,18.287289096650056,14.843289096650057
2448,2593,1487.0,-44.875,169.075,18.29468574704879,9.37268574704879
2449,2594,1601.0,-44.875,169.125,18.22822645814631,8.62222645814631
2450,2687,574.0,-44.825,169.025,18.305931473283636,14.861931473283637
2451,2849,1076.0,-44.775,169.025,18.308464948515393,11.852464948515394
2452,2850,423.0,-44.775,169.075,18.36167392824609,15.823673928246091
2453,2851,937.0,-44.775,169.125,18.366865769101423,12.744865769101423
2454,2113,1400.0,-44.825,169.175,18.223530194863997,9.823530194863997
2455,2121,1478.0,-44.825,169.225,18.091687602820457,9.223687602820458
2456,2130,1215.0,-44.825,169.275,17.918341291006072,10.628341291006073
2457,2234,580.0,-44.825,169.325,17.641799249337055,14.161799249337054
2458,2321,972.0,-44.925,169.175,17.949335658395285,12.117335658395284
2459,2322,391.0,-44.925,169.225,17.586453975733093,15.240453975733093
2460,2323,230.0,-44.925,169.275,17.062585847101218,15.682585847101219
2461,2324,222.0,-44.925,169.325,16.657339435478207,15.325339435478206
2462,2596,1785.0,-44.875,169.175,18.077008099622617,7.367008099622616
2463,2597,1194.0,-44.875,169.225,17.844824907278962,10.680824907278962
2464,2598,588.0,-44.875,169.275,17.579869911714923,14.051869911714922
2465,2599,219.0,-44.875,169.325,17.247069136710707,15.933069136710706
2466,2852,1034.0,-44.775,169.175,18.324397480437256,12.120397480437255
2467,2853,788.0,-44.775,169.225,18.234289580608674,13.506289580608675
2468,2854,498.0,-44.775,169.275,18.08442109679163,15.09642109679163
2469,2855,320.0,-44.775,169.325,17.85292560463131,15.93292560463131
2470,2244,254.0,-44.825,169.375,17.299805137708972,15.775805137708971
2471,2259,302.0,-44.825,169.425,17.00336743599655,15.191367435996552
2472,2266,334.0,-44.825,169.475,16.759143685458184,14.755143685458185
2473,2325,344.0,-44.925,169.375,16.521776103361844,14.457776103361844
2474,2326,580.0,-44.925,169.425,16.39960573873759,12.91960573873759
2475,2327,528.0,-44.925,169.475,16.267002774593493,13.099002774593494
2476,2601,351.0,-44.875,169.375,16.917459216258067,14.811459216258067
2477,2603,258.0,-44.875,169.425,16.683823572166148,15.135823572166148
2478,2605,456.0,-44.875,169.475,16.491948791315735,13.755948791315735
2479,2856,693.0,-44.775,169.375,17.56321303500772,13.405213035007721
2480,2857,547.0,-44.775,169.425,17.27374350280661,13.99174350280661
2481,2858,445.0,-44.775,169.475,17.013700818752113,14.343700818752113
2482,2274,500.0,-44.825,169.525,16.54989590749574,13.549895907495738
2483,2328,994.0,-44.925,169.525,16.12254358762766,10.158543587627662
2484,2329,1226.0,-44.925,169.575,15.970694699379237,8.614694699379237
2485,2330,1152.0,-44.925,169.625,15.81884139480644,8.906841394806442
2486,2331,812.0,-44.925,169.675,15.675536159471449,10.803536159471449
2487,2379,673.0,-44.825,169.575,16.364096605335362,12.326096605335362
2488,2386,1254.0,-44.825,169.625,16.19692818269141,8.67292818269141
2489,2393,1403.0,-44.825,169.675,16.047535231313304,7.629535231313305
2490,2612,1111.0,-44.875,169.525,16.317231010049,9.651231010048999
2491,2620,1360.0,-44.875,169.575,16.151886629497312,7.991886629497312
2492,2625,1037.0,-44.875,169.625,15.995911931186129,9.773911931186129
2493,2626,1466.0,-44.875,169.675,15.852549332454146,7.056549332454146
2494,2859,357.0,-44.775,169.525,16.78556288583968,14.643562885839682
2495,2860,779.0,-44.775,169.575,16.584602111535787,11.910602111535788
2496,2861,843.0,-44.775,169.625,16.406799042177227,11.348799042177227
2497,2862,883.0,-44.775,169.675,16.25013911343376,10.952139113433761
2498,2332,559.0,-44.925,169.725,15.547688514414403,12.193688514414404
2499,2333,489.0,-44.925,169.775,15.437714104115003,12.503714104115003
2500,2334,523.0,-44.925,169.825,15.344831522379536,12.206831522379536
2501,2485,1214.0,-44.825,169.725,15.916572518850444,8.632572518850445
2502,2491,736.0,-44.825,169.775,15.80465915710738,11.38865915710738
2503,2495,786.0,-44.825,169.825,15.711885633909333,10.995885633909332
2504,2627,761.0,-44.875,169.725,15.72523555184489,11.15923555184489
2505,2628,538.0,-44.875,169.775,15.615736933677908,12.387736933677909
2506,2629,589.0,-44.875,169.825,15.524154868282494,11.990154868282495
2507,2863,1040.0,-44.775,169.725,16.1139611035469,9.873961103546899
2508,2864,1409.0,-44.775,169.775,15.998132959961367,7.5441329599613685
2509,2865,1150.0,-44.775,169.825,15.902590692938247,9.002590692938249
2510,2335,512.0,-44.925,169.875,15.267807376152632,12.195807376152633
2511,2336,649.0,-44.925,169.925,15.205807565662326,11.311807565662326
2512,2337,693.0,-44.925,169.975,15.158290304550974,11.000290304550974
2513,2338,836.0,-44.925,170.025,15.124810093611813,10.108810093611815
2514,2501,762.0,-44.825,169.875,15.637986601772354,11.065986601772355
2515,2508,613.0,-44.825,169.925,15.582585438540264,11.904585438540263
2516,2595,1132.0,-44.825,169.975,15.54523994538431,8.75323994538431
2517,2600,1423.0,-44.825,170.025,15.525302631280283,6.987302631280283
2518,2630,570.0,-44.875,169.875,15.449922961372067,12.029922961372067
2519,2631,713.0,-44.875,169.925,15.392450812329116,11.114450812329117
2520,2632,685.0,-44.875,169.975,15.35123471767838,11.241234717678381
2521,2633,1429.0,-44.875,170.025,15.32573153839985,6.75173153839985
2522,2866,884.0,-44.775,169.875,15.827217456771905,10.523217456771906
2523,2867,709.0,-44.775,169.925,15.771830704376043,11.517830704376044
2524,2868,1491.0,-44.775,169.975,15.7361011856392,6.7901011856392
2525,2869,1453.0,-44.775,170.025,15.719352439027716,7.001352439027716
2526,2339,1599.0,-44.925,170.075,15.104901337363117,5.5109013373631175
2527,2340,1181.0,-44.925,170.125,15.097876155852646,8.011876155852645
2528,2341,1160.0,-44.925,170.175,15.10180114386094,8.141801143860938
2529,2342,1249.0,-44.925,170.225,15.11174326309083,7.61774326309083
2530,2604,1382.0,-44.825,170.075,15.521649366559359,7.229649366559359
2531,2608,1508.0,-44.825,170.125,15.532280404242556,6.484280404242556
2532,2610,1305.0,-44.825,170.175,15.553821662995688,7.723821662995688
2533,2616,1250.0,-44.825,170.225,15.58110787790065,8.08110787790065
2534,2634,1510.0,-44.875,170.075,15.315135817671035,6.255135817671036
2535,2635,1440.0,-44.875,170.125,15.31797723818272,6.67797723818272
2536,2636,1078.0,-44.875,170.175,15.33137906803313,8.86337906803313
2537,2637,1026.0,-44.875,170.225,15.350291573580762,9.194291573580763
2538,2870,1185.0,-44.775,170.075,15.720257317983851,8.610257317983852
2539,2871,1240.0,-44.775,170.125,15.736471927479215,8.296471927479216
2540,2872,983.0,-44.775,170.175,15.764277770027547,9.866277770027548
2541,2873,1062.0,-44.775,170.225,15.798334976381739,9.426334976381739
2542,2343,1096.0,-44.925,170.275,15.120071023207856,8.544071023207856
2543,2344,1052.0,-44.925,170.325,15.117987572592028,8.805987572592029
2544,2345,792.0,-44.925,170.375,15.096194056541208,10.344194056541209
2545,2621,952.0,-44.825,170.275,15.607043181185873,9.895043181185873
2546,2638,1081.0,-44.875,170.275,15.367434727204454,8.881434727204454
2547,2639,1280.0,-44.875,170.325,15.373728672288053,7.693728672288053
2548,2640,1304.0,-44.875,170.375,15.358549889204369,7.53454988920437
2549,2690,1507.0,-44.825,170.325,15.622579366150603,6.580579366150603
2550,2692,1047.0,-44.825,170.375,15.61638219352244,9.33438219352244
2551,2874,1403.0,-44.775,170.275,15.83159434081972,7.413594340819721
2552,2875,1411.0,-44.775,170.325,15.855228514068585,7.389228514068586
2553,2876,806.0,-44.775,170.375,15.858179388655117,11.022179388655116
2554,2009,363.0,-44.775,170.475,15.732475023191,13.554475023191
2555,2117,186.0,-44.775,170.525,15.56470047473158,14.44870047473158
2556,2125,251.0,-44.775,170.575,15.344074560285662,13.838074560285662
2557,2346,817.0,-44.925,170.425,15.045618762058439,10.143618762058438
2558,2347,730.0,-44.925,170.475,14.95915046281334,10.579150462813342
2559,2348,732.0,-44.925,170.525,14.833946049189763,10.441946049189763
2560,2349,383.0,-44.925,170.575,14.67237586192823,12.37437586192823
2561,2641,860.0,-44.875,170.425,15.310246589751841,10.150246589751841
2562,2642,1011.0,-44.875,170.475,15.218558112816027,9.152558112816028
2563,2643,300.0,-44.875,170.525,15.079490678812363,13.279490678812362
2564,2644,419.0,-44.875,170.575,14.897610779849856,12.383610779849857
2565,2694,940.0,-44.825,170.425,15.57411273580874,9.934112735808739
2566,2696,417.0,-44.825,170.475,15.479932111555172,12.977932111555173
2567,2698,359.0,-44.825,170.525,15.327089024613088,13.173089024613088
2568,2700,178.0,-44.825,170.575,15.125067499955549,14.057067499955549
2569,2877,486.0,-44.775,170.425,15.825308657633286,12.909308657633286
2570,2235,724.0,-44.775,170.625,15.090225931588066,10.746225931588064
2571,2242,328.0,-44.775,170.675,14.8161486439094,12.8481486439094
2572,2249,476.0,-44.775,170.725,14.532807892132041,11.676807892132041
2573,2350,242.0,-44.925,170.625,14.480649554505362,13.028649554505362
2574,2351,241.0,-44.925,170.675,14.266738396199798,12.820738396199799
2575,2352,180.0,-44.925,170.725,14.039186913458252,12.959186913458252
2576,2645,282.0,-44.875,170.625,14.682369574058612,12.990369574058612
2577,2646,183.0,-44.875,170.675,14.443997799618955,13.345997799618955
2578,2647,195.0,-44.875,170.725,14.192204442580987,13.022204442580987
2579,2702,153.0,-44.825,170.625,14.888351815281567,13.970351815281568
2580,2704,160.0,-44.825,170.675,14.629359402661066,13.669359402661065
2581,2707,560.0,-44.825,170.725,14.358713924017138,10.998713924017139
2582,2254,456.0,-44.775,170.775,14.251028521193803,11.515028521193802
2583,2265,233.0,-44.775,170.825,13.982695882010375,12.584695882010376
2584,2273,141.0,-44.775,170.875,13.74192367933938,12.89592367933938
2585,2353,196.0,-44.925,170.775,13.806940303013107,12.630940303013107
2586,2354,219.0,-44.925,170.825,13.579897874076778,12.265897874076778
2587,2355,89.0,-44.925,170.875,13.370444108102674,12.836444108102674
2588,2356,70.0,-44.925,170.925,13.197169192622823,12.777169192622823
2589,2376,129.0,-44.775,170.925,13.545218510027553,12.771218510027552
2590,2648,108.0,-44.875,170.775,13.93643088423596,13.28843088423596
2591,2649,92.0,-44.875,170.825,13.686638948363907,13.134638948363907
2592,2650,81.0,-44.875,170.875,13.45475813608391,12.96875813608391
2593,2651,78.0,-44.875,170.925,13.258935481047956,12.790935481047956
2594,2709,457.0,-44.825,170.775,14.08654599464171,11.34454599464171
2595,2710,210.0,-44.825,170.825,13.823729495867155,12.563729495867156
2596,2712,241.0,-44.825,170.875,13.583713711115706,12.137713711115707
2597,2714,215.0,-44.825,170.925,13.386618969610936,12.096618969610937
2598,2357,62.0,-44.925,170.975,13.08169621412344,12.70969621412344
2599,2358,36.0,-44.925,171.025,13.015596949422616,12.799596949422616
2600,2359,23.0,-44.925,171.075,12.976585710870495,12.838585710870495
2601,2360,21.0,-44.925,171.125,12.951312537339618,12.825312537339618
2602,2387,116.0,-44.775,170.975,13.405142712481393,12.709142712481393
2603,2394,229.0,-44.775,171.025,13.31864872180995,11.94464872180995
2604,2395,40.0,-44.775,171.075,13.271298649178789,13.031298649178789
2605,2396,10.0,-44.775,171.125,13.248299247168688,13.188299247168688
2606,2652,65.0,-44.875,170.975,13.140750722945086,12.750750722945085
2607,2653,55.0,-44.875,171.025,13.080485585182032,12.750485585182032
2608,2654,37.0,-44.875,171.075,13.047717990584715,12.825717990584716
2609,2655,27.0,-44.875,171.125,13.029312054564798,12.867312054564797
2610,2717,122.0,-44.825,170.975,13.256756606131603,12.524756606131604
2611,2719,180.0,-44.825,171.025,13.185406585937017,12.105406585937017
2612,2721,68.0,-44.825,171.075,13.148311439610552,12.740311439610553
2613,2723,19.0,-44.825,171.125,13.129950814260155,13.015950814260155
2614,2061,535.0,-44.625,167.725,11.89313788430809,8.68313788430809
2615,2397,0.0,-44.725,167.575,12.327934101045685,12.327934101045685
2616,2398,616.0,-44.725,167.625,12.279410065504635,8.583410065504635
2617,2399,657.0,-44.725,167.675,12.241455782437697,8.299455782437697
2618,2400,1187.0,-44.725,167.725,12.217949756632152,5.0959497566321525
2619,2469,360.0,-44.675,167.625,12.097384549777416,9.937384549777416
2620,2470,435.0,-44.675,167.675,12.063099134886215,9.453099134886216
2621,2471,991.0,-44.675,167.725,12.043166276935153,6.097166276935154
2622,2065,16.0,-44.625,167.775,11.899305399967488,11.803305399967488
2623,2066,1404.0,-44.625,167.825,11.930849140484497,3.5068491404844977
2624,2401,1053.0,-44.725,167.775,12.213610703760423,5.895610703760424
2625,2402,89.0,-44.725,167.825,12.23453283591698,11.70053283591698
2626,2403,1247.0,-44.725,167.875,12.289477670316046,4.807477670316046
2627,2472,1176.0,-44.675,167.775,12.042025192935398,4.986025192935398
2628,2473,1159.0,-44.675,167.825,12.065311734897477,5.111311734897478
2629,2474,585.0,-44.675,167.875,12.120922743430128,8.610922743430129
2630,2067,1042.0,-44.625,167.925,12.10987696759912,5.857876967599121
2631,2068,676.0,-44.625,167.975,12.282728040170696,8.226728040170695
2632,2069,1833.0,-44.625,168.025,12.503238358704039,1.5052383587040392
2633,2070,1378.0,-44.625,168.075,12.757810763101588,4.489810763101589
2634,2404,318.0,-44.725,167.925,12.39245981300337,10.48445981300337
2635,2405,1191.0,-44.725,167.975,12.55443664842278,5.4084366484227795
2636,2406,1545.0,-44.725,168.025,12.764352184407471,3.4943521844074716
2637,2407,2092.0,-44.725,168.075,13.008889222664948,0.45688922266494636
2638,2475,11.0,-44.675,167.925,12.223535104883922,12.157535104883921
2639,2476,384.0,-44.675,167.975,12.397652760993878,10.093652760993878
2640,2477,1703.0,-44.675,168.025,12.618220570584526,2.4002205705845263
2641,2478,1473.0,-44.675,168.075,12.871497048981837,4.033497048981838
2642,2071,310.0,-44.625,168.125,13.03818686671002,11.178186866710021
2643,2072,502.0,-44.625,168.175,13.338625294189114,10.326625294189114
2644,2073,829.0,-44.625,168.225,13.654615101522722,8.680615101522722
2645,2408,124.0,-44.725,168.125,13.279853534952053,12.535853534952054
2646,2409,1225.0,-44.725,168.175,13.571555466927748,6.221555466927748
2647,2410,706.0,-44.725,168.225,13.879528773299171,9.64352877329917
2648,2479,60.0,-44.675,168.125,13.1500064291522,12.7900064291522
2649,2480,1541.0,-44.675,168.175,13.448381940659601,4.202381940659601
2650,2481,2018.0,-44.675,168.225,13.762310428784986,1.6543104287849868
2651,2001,392.0,-44.675,168.325,14.422309099010818,12.070309099010817
2652,2002,1580.0,-44.675,168.375,14.761846152630824,5.281846152630823
2653,2003,1491.0,-44.675,168.425,15.1036205467135,6.157620546713501
2654,2074,1204.0,-44.625,168.275,13.982326485269368,6.758326485269369
2655,2075,506.0,-44.625,168.325,14.31832986754307,11.282329867543071
2656,2076,1505.0,-44.625,168.375,14.659431962230883,5.629431962230884
2657,2077,1917.0,-44.625,168.425,15.00257202337525,3.50057202337525
2658,2411,618.0,-44.725,168.275,14.199974213535825,10.491974213535824
2659,2412,361.0,-44.725,168.325,14.52947138680247,12.36347138680247
2660,2413,396.0,-44.725,168.375,14.864806713145299,12.4888067131453
2661,2414,900.0,-44.725,168.425,15.202860357780082,9.802860357780084
2662,2482,607.0,-44.675,168.275,14.08807500499097,10.44607500499097
2663,2004,734.0,-44.675,168.475,15.444600804923539,11.040600804923539
2664,2005,1612.0,-44.675,168.525,15.78174695423695,6.10974695423695
2665,2006,1519.0,-44.675,168.575,16.111988273998577,6.997988273998578
2666,2078,652.0,-44.625,168.475,15.344754071151328,11.43275407115133
2667,2079,1632.0,-44.625,168.525,15.683003828873552,5.8910038288735525
2668,2080,1753.0,-44.625,168.575,16.0143442319968,5.496344231996801
2669,2415,920.0,-44.725,168.475,15.540528824278226,10.020528824278227
2670,2416,1887.0,-44.725,168.525,15.874674743230571,4.55267474323057
2671,2417,1705.0,-44.725,168.575,16.20210216504711,5.972102165047108
2672,2010,771.0,-44.675,168.625,16.432217519613914,11.806217519613915
2673,2011,560.0,-44.675,168.675,16.739294220804368,13.379294220804368
2674,2012,1121.0,-44.675,168.725,17.030046336209125,10.304046336209126
2675,2013,1118.0,-44.675,168.775,17.301262162152852,10.593262162152854
2676,2081,1188.0,-44.625,168.625,16.335784537133804,9.207784537133804
2677,2082,1477.0,-44.625,168.675,16.644317314077853,7.7823173140778525
2678,2083,873.0,-44.625,168.725,16.93691728223348,11.69891728223348
2679,2084,820.0,-44.625,168.775,17.210538400904625,12.290538400904627
2680,2418,1159.0,-44.725,168.625,16.519555759206924,9.565555759206923
2681,2419,844.0,-44.725,168.675,16.823734575193157,11.759734575193157
2682,2420,543.0,-44.725,168.725,17.111299823662193,13.853299823662194
2683,2421,1055.0,-44.725,168.775,17.37885587074925,11.048855870749248
2684,2014,1788.0,-44.675,168.825,17.549675391572237,6.821675391572237
2685,2015,1080.0,-44.675,168.875,17.771959806706946,11.291959806706945
2686,2016,1345.0,-44.675,168.925,17.964756519346338,9.89475651934634
2687,2017,703.0,-44.675,168.975,18.124749334127046,13.906749334127046
2688,2085,1666.0,-44.625,168.825,17.462111146018287,7.466111146018287
2689,2086,1581.0,-44.625,168.875,17.688547422907504,8.202547422907504
2690,2087,310.0,-44.625,168.925,17.886761104788093,16.026761104788093
2691,2088,300.0,-44.625,168.975,18.053703515226516,16.253703515226515
2692,2422,1990.0,-44.725,168.825,17.622904758040022,5.6829047580400225
2693,2423,794.0,-44.725,168.875,17.839804455217745,13.075804455217746
2694,2424,576.0,-44.725,168.925,18.025777722645216,14.569777722645217
2695,2425,1163.0,-44.725,168.975,18.17701808849779,11.199018088497787
2696,2018,297.0,-44.675,169.025,18.248775885393115,16.466775885393115
2697,2019,325.0,-44.675,169.075,18.33389835701746,16.38389835701746
2698,2020,279.0,-44.675,169.125,18.377252117208627,16.703252117208628
2699,2089,279.0,-44.625,169.025,18.186393086496537,16.512393086496537
2700,2090,279.0,-44.625,169.075,18.281891439572064,16.607891439572064
2701,2091,562.0,-44.625,169.125,18.337175943963302,14.965175943963303
2702,2426,1387.0,-44.725,169.025,18.289925324048454,9.967925324048455
2703,2427,1229.0,-44.725,169.075,18.361443454979963,10.987443454979964
2704,2428,416.0,-44.725,169.125,18.389262906088334,15.893262906088333
2705,2021,317.0,-44.675,169.175,18.37546128834765,16.47346128834765
2706,2022,335.0,-44.675,169.225,18.323938423463915,16.313938423463917
2707,2023,401.0,-44.675,169.275,18.21799058679244,15.81199058679244
2708,2024,514.0,-44.675,169.325,18.058123809256358,14.974123809256358
2709,2092,360.0,-44.625,169.175,18.348977042564,16.188977042564
2710,2093,569.0,-44.625,169.225,18.314010148720627,14.900010148720627
2711,2094,342.0,-44.625,169.275,18.23042037333289,16.17842037333289
2712,2095,616.0,-44.625,169.325,18.100607601030788,14.404607601030788
2713,2429,338.0,-44.725,169.175,18.37115708634883,16.343157086348832
2714,2430,358.0,-44.725,169.225,18.302493362642053,16.154493362642054
2715,2431,269.0,-44.725,169.275,18.174139320899485,16.560139320899484
2716,2432,363.0,-44.725,169.325,17.980803608770657,15.802803608770656
2717,2025,968.0,-44.675,169.375,17.855942159732876,12.047942159732877
2718,2026,767.0,-44.675,169.425,17.631659901462626,13.029659901462626
2719,2027,420.0,-44.675,169.475,17.40468361373678,14.88468361373678
2720,2096,1282.0,-44.625,169.375,17.93335215200932,10.24135215200932
2721,2097,1078.0,-44.625,169.425,17.74238868960674,11.274388689606742
2722,2098,761.0,-44.625,169.475,17.542073159027495,12.976073159027496
2723,2433,923.0,-44.725,169.375,17.738466712200534,12.200466712200534
2724,2434,713.0,-44.725,169.425,17.479634607792832,13.201634607792833
2725,2435,887.0,-44.725,169.475,17.230135505529688,11.908135505529689
2726,2028,669.0,-44.675,169.525,17.187683326235856,13.173683326235857
2727,2029,677.0,-44.675,169.575,16.986898144692532,12.924898144692532
2728,2030,1060.0,-44.675,169.625,16.80477936488569,10.44477936488569
2729,2031,962.0,-44.675,169.675,16.64214750514475,10.87014750514475
2730,2099,480.0,-44.625,169.525,17.343767911954274,14.463767911954275
2731,2100,923.0,-44.625,169.575,17.154853986079615,11.616853986079615
2732,2101,783.0,-44.625,169.625,16.97954867574117,12.28154867574117
2733,2102,1271.0,-44.625,169.675,16.820147504073248,9.194147504073246
2734,2436,759.0,-44.725,169.525,17.00129941796513,12.44729941796513
2735,2437,500.0,-44.725,169.575,16.79558060609088,13.79558060609088
2736,2438,558.0,-44.725,169.625,16.61237670155242,13.264376701552422
2737,2439,999.0,-44.725,169.675,16.45074202908654,10.456742029086541
2738,2032,1365.0,-44.675,169.725,16.499330618304157,8.309330618304157
2739,2033,1471.0,-44.675,169.775,16.37661988693435,7.550619886934349
2740,2034,1405.0,-44.675,169.825,16.27440473289971,7.8444047328997115
2741,2103,1039.0,-44.625,169.725,16.677995276155343,10.443995276155343
2742,2104,1412.0,-44.625,169.775,16.554077598762888,8.082077598762888
2743,2105,944.0,-44.625,169.825,16.449331584990432,10.785331584990432
2744,2440,1034.0,-44.725,169.725,16.310121229944343,10.106121229944343
2745,2441,1639.0,-44.725,169.775,16.190325525552907,6.356325525552908
2746,2442,1052.0,-44.725,169.825,16.0913708213684,9.779370821368401
2747,2035,942.0,-44.675,169.875,16.193171876360793,10.541171876360792
2748,2036,1425.0,-44.675,169.925,16.133408596127992,7.583408596127994
2749,2037,1374.0,-44.675,169.975,16.09538912867538,7.851389128675379
2750,2038,1129.0,-44.675,170.025,16.0788300924105,9.3048300924105
2751,2106,747.0,-44.625,169.875,16.3647679879723,11.8827679879723
2752,2107,1494.0,-44.625,169.925,16.30143258458702,7.33743258458702
2753,2112,937.0,-44.625,169.975,16.260186966605033,10.638186966605033
2754,2116,782.0,-44.625,170.025,16.24128752302022,11.549287523020219
2755,2443,1020.0,-44.725,169.875,16.013359598660827,9.893359598660828
2756,2444,855.0,-44.725,169.925,15.956374154837249,10.82637415483725
2757,2445,1809.0,-44.725,169.975,15.920305165280297,5.066305165280298
2758,2446,1476.0,-44.725,170.025,15.904579757394458,7.048579757394458
2759,2039,881.0,-44.675,170.075,16.082448329863837,10.796448329863836
2760,2040,662.0,-44.675,170.125,16.10351368132615,12.13151368132615
2761,2041,819.0,-44.675,170.175,16.13752073460273,11.223520734602731
2762,2042,904.0,-44.675,170.225,16.178065965183123,10.754065965183123
2763,2126,616.0,-44.625,170.075,16.243798544062884,12.547798544062884
2764,2236,648.0,-44.625,170.125,16.264976355250838,12.376976355250838
2765,2243,403.0,-44.625,170.175,16.299834745112094,13.881834745112094
2766,2250,405.0,-44.625,170.225,16.341047813424666,13.911047813424666
2767,2447,1215.0,-44.725,170.075,15.907807818664878,8.617807818664879
2768,2448,881.0,-44.725,170.125,15.927409157948205,10.641409157948203
2769,2449,835.0,-44.725,170.175,15.959309902356836,10.949309902356836
2770,2450,1006.0,-44.725,170.225,15.997784485041848,9.961784485041846
2771,2043,973.0,-44.675,170.275,16.21690142422085,10.37890142422085
2772,2044,632.0,-44.675,170.325,16.243976564619516,12.451976564619516
2773,2045,240.0,-44.675,170.375,16.247072131345703,14.807072131345704
2774,2257,269.0,-44.625,170.275,16.379153699659582,14.765153699659582
2775,2262,269.0,-44.625,170.325,16.402821901505376,14.788821901505376
2776,2270,305.0,-44.625,170.375,16.39890934286086,14.568909342860861
2777,2451,1760.0,-44.725,170.275,16.035445094719762,5.4754450947197615
2778,2452,941.0,-44.725,170.325,16.063248628583096,10.417248628583096
2779,2453,650.0,-44.725,170.375,16.070204887433647,12.170204887433647
2780,2046,644.0,-44.675,170.425,16.210234223572115,12.346234223572115
2781,2047,356.0,-44.675,170.475,16.11173290730403,13.975732907304032
2782,2048,272.0,-44.675,170.525,15.940471922411234,14.308471922411234
2783,2049,259.0,-44.675,170.575,15.713765614913427,14.159765614913427
2784,2382,912.0,-44.625,170.425,16.352497018184295,10.880497018184295
2785,2384,831.0,-44.625,170.475,16.249272744331392,11.263272744331392
2786,2388,477.0,-44.625,170.525,16.08392435429232,13.221924354292321
2787,2454,512.0,-44.725,170.425,16.04193624529762,12.969936245297621
2788,2455,208.0,-44.725,170.475,15.951715374207197,14.703715374207198
2789,2456,441.0,-44.725,170.525,15.772738327277693,13.126738327277693
2790,2457,566.0,-44.725,170.575,15.54220024850656,12.14620024850656
2791,2489,384.0,-44.625,170.575,15.864971740125839,13.560971740125838
2792,2050,356.0,-44.675,170.625,15.451056907508246,13.315056907508247
2793,2051,422.0,-44.675,170.675,15.166875599563355,12.634875599563355
2794,2052,612.0,-44.675,170.725,14.873866571835606,11.201866571835605
2795,2458,658.0,-44.725,170.625,15.279339350399823,11.331339350399823
2796,2459,655.0,-44.725,170.675,14.997041842936596,11.067041842936597
2797,2460,555.0,-44.725,170.725,14.706758735572294,11.376758735572293
2798,2496,310.0,-44.625,170.625,15.606981244574854,13.746981244574854
2799,2502,452.0,-44.625,170.675,15.324307347231297,12.612307347231297
2800,2507,718.0,-44.625,170.725,15.030344858618264,10.722344858618264
2801,2053,458.0,-44.675,170.775,14.584374280069824,11.836374280069824
2802,2054,504.0,-44.675,170.825,14.310999957913737,11.286999957913736
2803,2055,504.0,-44.675,170.875,14.066333620905425,11.042333620905424
2804,2056,939.0,-44.675,170.925,13.861565316707129,8.227565316707128
2805,2461,335.0,-44.725,170.775,14.420016461541309,12.410016461541309
2806,2462,272.0,-44.725,170.825,14.14917850542406,12.517178505424061
2807,2463,285.0,-44.725,170.875,13.907599506545012,12.19759950654501
2808,2464,329.0,-44.725,170.925,13.708234213143442,11.734234213143441
2809,2607,558.0,-44.625,170.775,14.738071144967762,11.390071144967763
2810,2609,461.0,-44.625,170.825,14.460294810920459,11.694294810920459
2811,2611,453.0,-44.625,170.875,14.209316627366206,11.491316627366206
2812,2619,833.0,-44.625,170.925,13.99591438970856,8.997914389708559
2813,2057,258.0,-44.675,170.975,13.70399879697834,12.15599879697834
2814,2058,109.0,-44.675,171.025,13.594848856611861,12.940848856611861
2815,2059,60.0,-44.675,171.075,13.529047122076008,13.169047122076009
2816,2060,19.0,-44.675,171.125,13.496650771933673,13.382650771933672
2817,2465,258.0,-44.725,170.975,13.559451885510498,12.011451885510498
2818,2466,88.0,-44.725,171.025,13.46062419813461,12.93262419813461
2819,2467,37.0,-44.725,171.075,13.403091451200453,13.181091451200453
2820,2468,10.0,-44.725,171.125,13.374571444308458,13.314571444308458
2821,2624,186.0,-44.625,170.975,13.827832583408963,12.711832583408963
2822,2734,109.0,-44.625,171.025,13.70835942850681,13.05435942850681
2823,2736,58.0,-44.625,171.075,13.635495391597942,13.287495391597941
2824,2740,18.0,-44.625,171.125,13.60158364488052,13.49358364488052
2825,2186,307.0,-44.475,167.875,11.781062753918377,9.939062753918376
2826,2741,170.0,-44.575,167.825,11.827429881537682,10.807429881537683
2827,2744,1600.0,-44.575,167.875,11.905782604861088,2.305782604861088
2828,2933,298.0,-44.525,167.875,11.836433332420711,10.04843333242071
2829,2187,393.0,-44.475,167.925,11.915439853974021,9.55743985397402
2830,2188,764.0,-44.475,167.975,12.087065875370172,7.503065875370172
2831,2189,1104.0,-44.475,168.025,12.294292972845142,5.670292972845142
2832,2190,99.0,-44.475,168.075,12.533084181677623,11.939084181677623
2833,2752,391.0,-44.575,167.925,12.028389120694555,9.682389120694555
2834,2756,1730.0,-44.575,167.975,12.200127281545065,1.820127281545064
2835,2760,1297.0,-44.575,168.025,12.415946674682345,4.6339466746823454
2836,2764,475.0,-44.575,168.075,12.666594971704399,9.816594971704399
2837,2934,644.0,-44.525,167.925,11.965721659422343,8.101721659422342
2838,2935,1051.0,-44.525,167.975,12.137299513427934,5.8312995134279335
2839,2936,1124.0,-44.525,168.025,12.348500843103466,5.604500843103466
2840,2937,17.0,-44.525,168.075,12.593348810789394,12.491348810789393
2841,3285,383.0,-44.425,167.925,11.873433298942473,9.575433298942473
2842,3286,267.0,-44.425,167.975,12.044987366756686,10.442987366756686
2843,3287,46.0,-44.425,168.025,12.248682337636637,11.972682337636638
2844,3288,773.0,-44.425,168.075,12.48162894210327,7.843628942103271
2845,2191,681.0,-44.475,168.125,12.798428984822749,8.71242898482275
2846,2192,389.0,-44.475,168.175,13.085347021813504,10.751347021813505
2847,2193,1155.0,-44.475,168.225,13.389282261521657,6.459282261521657
2848,2768,21.0,-44.575,168.125,12.944155217841399,12.818155217841399
2849,2772,1339.0,-44.575,168.175,13.242578726469219,5.208578726469218
2850,2776,1483.0,-44.575,168.225,13.557064525723035,4.659064525723036
2851,2938,906.0,-44.525,168.125,12.865384335989802,7.429384335989802
2852,2939,760.0,-44.525,168.175,13.158904830264873,8.598904830264875
2853,2940,1242.0,-44.525,168.225,13.469081739873218,6.017081739873218
2854,3289,310.0,-44.425,168.125,12.739938173283008,10.879938173283008
2855,3290,1380.0,-44.425,168.175,13.019403871519899,4.739403871519899
2856,3291,40.0,-44.425,168.225,13.315908291249798,13.075908291249798
2857,2008,1387.0,-44.525,168.275,13.791766735008423,5.469766735008424
2858,2111,1643.0,-44.525,168.325,14.12328779071322,4.265287790713222
2859,2115,1119.0,-44.525,168.375,14.460293988899139,7.746293988899139
2860,2122,736.0,-44.525,168.425,14.799646164035948,10.383646164035948
2861,2194,650.0,-44.475,168.275,13.706151684114957,9.806151684114957
2862,2195,1285.0,-44.475,168.325,14.032271415298965,6.322271415298966
2863,2196,1183.0,-44.475,168.375,14.364261399738098,7.266261399738098
2864,2197,836.0,-44.475,168.425,14.698961853016954,9.682961853016955
2865,2780,1158.0,-44.575,168.275,13.883577190728829,6.9355771907288295
2866,2784,1054.0,-44.575,168.325,14.218552791053298,7.894552791053299
2867,2788,1120.0,-44.575,168.375,14.558718863103422,7.838718863103423
2868,2792,1426.0,-44.575,168.425,14.90098009196663,6.344980091966631
2869,3292,1140.0,-44.425,168.275,13.625585913605391,6.7855859136053915
2870,3293,1057.0,-44.425,168.325,13.944850533775025,7.602850533775025
2871,3294,1758.0,-44.425,168.375,14.270364467403851,3.722364467403853
2872,3295,1172.0,-44.425,168.425,14.59899146171665,7.5669914617166505
2873,2131,621.0,-44.525,168.475,15.138341791045605,11.412341791045606
2874,2132,1140.0,-44.525,168.525,15.47346451309022,8.633464513090221
2875,2133,1409.0,-44.525,168.575,15.802151413172396,7.348151413172397
2876,2198,1935.0,-44.475,168.475,15.033368498801792,3.423368498801791
2877,2199,1260.0,-44.475,168.525,15.364585378270931,7.804585378270931
2878,2200,1874.0,-44.475,168.575,15.689792038825544,4.445792038825546
2879,2879,1379.0,-44.575,168.475,15.242344088361278,6.968344088361279
2880,2880,1471.0,-44.575,168.525,15.579873686010615,6.753873686010614
2881,2881,1415.0,-44.575,168.575,15.910657865100802,7.420657865100802
2882,3296,735.0,-44.425,168.475,14.927751236400582,10.517751236400581
2883,3297,958.0,-44.425,168.525,15.253781901017646,9.505781901017645
2884,3298,1500.0,-44.425,168.575,15.57431143278518,6.57431143278518
2885,2134,1914.0,-44.525,168.625,16.121572878768347,4.6375728787683475
2886,2135,1490.0,-44.525,168.675,16.428920954936984,7.488920954936985
2887,2136,1460.0,-44.525,168.725,16.721403036433912,7.961403036433913
2888,2137,1532.0,-44.525,168.775,16.99623902034,7.804239020339999
2889,2201,1520.0,-44.475,168.625,16.00622177929654,6.886221779296539
2890,2202,741.0,-44.475,168.675,16.311148011218393,11.865148011218393
2891,2203,857.0,-44.475,168.725,16.60187642388337,11.459876423883369
2892,2204,1424.0,-44.475,168.775,16.87574149168904,8.33174149168904
2893,2882,1827.0,-44.575,168.625,16.231795692418018,5.269795692418018
2894,2883,880.0,-44.575,168.675,16.540388429140876,11.260388429140875
2895,2884,1449.0,-44.575,168.725,16.83353572487067,8.139535724870672
2896,2885,1019.0,-44.575,168.775,17.10833361958612,10.994333619586119
2897,3299,1680.0,-44.425,168.625,15.886637426116067,5.806637426116067
2898,3300,750.0,-44.425,168.675,16.188113738820903,11.688113738820903
2899,3301,1754.0,-44.425,168.725,16.47614274513944,5.952142745139442
2900,3302,1822.0,-44.425,168.775,16.748172377388983,5.816172377388984
2901,2138,1693.0,-44.525,168.825,17.250661488935293,7.092661488935294
2902,2139,461.0,-44.525,168.875,17.48191942959602,14.715919429596019
2903,2140,693.0,-44.525,168.925,17.687285783858897,13.529285783858898
2904,2141,1783.0,-44.525,168.975,17.864068223974755,7.166068223974756
2905,2205,596.0,-44.475,168.825,17.130106811730002,13.554106811730001
2906,2206,1010.0,-44.475,168.875,17.362369606360517,11.302369606360518
2907,2207,1413.0,-44.475,168.925,17.56997050402242,9.091970504022422
2908,2208,1281.0,-44.475,168.975,17.750411247088778,10.064411247088778
2909,2886,1973.0,-44.575,168.825,17.36187478127431,5.52387478127431
2910,2887,604.0,-44.575,168.875,17.59125341309118,13.967253413091182
2911,2888,580.0,-44.575,168.925,17.793576339172432,14.313576339172432
2912,2889,905.0,-44.575,168.975,17.965976732300987,12.535976732300988
2913,3303,385.0,-44.425,168.825,17.001697848134427,14.691697848134426
2914,3304,1461.0,-44.425,168.875,17.23426885045592,8.46826885045592
2915,3305,1361.0,-44.425,168.925,17.44350430828854,9.27750430828854
2916,3306,1538.0,-44.425,168.975,17.62711892952757,8.39911892952757
2917,2142,993.0,-44.525,169.025,18.009624021713535,12.051624021713536
2918,2143,387.0,-44.525,169.075,18.121390470989354,15.799390470989355
2919,2144,279.0,-44.525,169.125,18.19697073882344,16.52297073882344
2920,2209,991.0,-44.475,169.025,17.901287255386706,11.955287255386706
2921,2210,1310.0,-44.475,169.075,18.020351648872747,10.160351648872748
2922,2211,279.0,-44.475,169.125,18.105642670230736,16.431642670230737
2923,2890,748.0,-44.575,169.025,18.105619959042087,13.617619959042088
2924,2891,279.0,-44.575,169.075,18.209691971944267,16.535691971944267
2925,2892,382.0,-44.575,169.125,18.275393216146767,15.983393216146768
2926,3307,937.0,-44.425,169.025,17.78296966715061,12.16096966715061
2927,3308,907.0,-44.425,169.075,17.909135902749767,12.467135902749767
2928,3309,281.0,-44.425,169.125,18.00405240834334,16.31805240834334
2929,2145,1228.0,-44.525,169.175,18.234359563299222,10.866359563299223
2930,2146,501.0,-44.525,169.225,18.232414537273144,15.226414537273143
2931,2147,348.0,-44.525,169.275,18.191587260140295,16.103587260140294
2932,2148,821.0,-44.525,169.325,18.11467232198447,13.188672321984471
2933,2212,639.0,-44.475,169.175,18.155718490846994,14.321718490846994
2934,2213,852.0,-44.475,169.225,18.170027551386738,13.05802755138674
2935,2214,348.0,-44.475,169.275,18.149369412534725,16.061369412534724
2936,2215,601.0,-44.475,169.325,18.096280866566303,14.490280866566303
2937,2893,1209.0,-44.575,169.175,18.300055831612553,11.046055831612554
2938,2894,700.0,-44.575,169.225,18.281636828724004,14.081636828724005
2939,2895,348.0,-44.575,169.275,18.21981934343603,16.131819343436028
2940,2896,449.0,-44.575,169.325,18.117467249969195,15.423467249969196
2941,3310,279.0,-44.425,169.175,18.066711816027237,16.392711816027237
2942,3311,810.0,-44.425,169.225,18.096932301543347,13.236932301543348
2943,3312,647.0,-44.425,169.275,18.095640739920782,14.213640739920782
2944,3313,403.0,-44.425,169.325,18.065068446650912,15.647068446650913
2945,2149,758.0,-44.525,169.375,18.007083194079314,13.459083194079314
2946,2150,800.0,-44.525,169.425,17.876282367828026,13.076282367828025
2947,2151,788.0,-44.525,169.475,17.730531433135184,13.002531433135184
2948,2216,1439.0,-44.475,169.375,18.015108143681573,9.381108143681573
2949,2217,1567.0,-44.475,169.425,17.911617366040446,8.509617366040446
2950,2218,1127.0,-44.475,169.475,17.792236582485202,11.030236582485202
2951,2897,1123.0,-44.575,169.375,17.981410866710576,11.243410866710576
2952,2898,1000.0,-44.575,169.425,17.821570773408894,11.821570773408894
2953,2899,1096.0,-44.575,169.475,17.648733976988296,11.072733976988296
2954,3314,348.0,-44.425,169.375,18.008739973218326,15.920739973218325
2955,3315,455.0,-44.425,169.425,17.931194310700448,15.201194310700448
2956,3316,1000.0,-44.425,169.475,17.83749409913071,11.837494099130708
2957,2152,813.0,-44.525,169.525,17.577577835667398,12.699577835667398
2958,2153,868.0,-44.525,169.575,17.42382201456894,12.215822014568943
2959,2154,1010.0,-44.525,169.625,17.274098812213197,11.214098812213198
2960,2155,893.0,-44.525,169.675,17.13189317618162,11.77389317618162
2961,2219,1556.0,-44.475,169.525,17.66322341027262,8.327223410272621
2962,2220,933.0,-44.475,169.575,17.53004992638671,11.93204992638671
2963,2221,1178.0,-44.475,169.625,17.397132870832138,10.329132870832138
2964,2222,1126.0,-44.475,169.675,17.26787113615501,10.511871136155008
2965,2900,1108.0,-44.575,169.525,17.47240104604316,10.82440104604316
2966,2901,779.0,-44.575,169.575,17.299739803123884,12.625739803123885
2967,2902,819.0,-44.575,169.625,17.135626891724314,12.221626891724314
2968,2903,961.0,-44.575,169.675,16.983230734895187,11.217230734895189
2969,3317,1511.0,-44.425,169.525,17.732674720899013,8.666674720899014
2970,3318,1433.0,-44.425,169.575,17.621295936032766,9.023295936032767
2971,3319,1087.0,-44.425,169.625,17.507191652684924,10.985191652684925
2972,3320,737.0,-44.425,169.675,17.39342878523712,12.97142878523712
2973,2156,683.0,-44.525,169.725,16.999746507615782,12.901746507615783
2974,2157,1334.0,-44.525,169.775,16.879688919127148,8.875688919127148
2975,2158,536.0,-44.525,169.825,16.773621651702342,13.557621651702341
2976,2223,643.0,-44.475,169.725,17.144879810077327,13.286879810077327
2977,2224,1135.0,-44.475,169.775,17.030320038124046,10.220320038124047
2978,2225,603.0,-44.475,169.825,16.926263841782202,13.308263841782201
2979,2904,1588.0,-44.575,169.725,16.84467517630037,7.31667517630037
2980,2905,1397.0,-44.575,169.775,16.721579152190316,8.339579152190316
2981,2906,741.0,-44.575,169.825,16.615432728314772,12.169432728314773
2982,3321,761.0,-44.425,169.725,17.282434185004604,12.716434185004605
2983,3322,939.0,-44.425,169.775,17.176239660331703,11.542239660331703
2984,3323,658.0,-44.425,169.825,17.076813135354314,13.128813135354314
2985,2159,497.0,-44.525,169.875,16.68361501830259,13.70161501830259
2986,2160,468.0,-44.525,169.925,16.612073490890907,13.804073490890907
2987,2161,898.0,-44.525,169.975,16.561658781663937,11.173658781663937
2988,2162,668.0,-44.525,170.025,16.534784073863193,12.526784073863194
2989,2226,710.0,-44.475,169.875,16.835061075047633,12.575061075047634
2990,2907,554.0,-44.575,169.875,16.527816065332445,13.203816065332445
2991,2908,844.0,-44.575,169.925,16.460445514840103,11.396445514840103
2992,2909,706.0,-44.575,169.975,16.414988521482883,12.178988521482882
2993,2910,1130.0,-44.575,170.025,16.392571648853846,9.612571648853844
2994,3042,450.0,-44.475,169.925,16.759665567316915,14.059665567316916
2995,3111,419.0,-44.475,169.975,16.703795890165566,14.189795890165566
2996,3113,400.0,-44.475,170.025,16.67160881435666,14.271608814356659
2997,3324,566.0,-44.425,169.875,16.986468949540722,13.590468949540721
2998,3325,570.0,-44.425,169.925,16.908362580974426,13.488362580974426
2999,3326,448.0,-44.425,169.975,16.84702779852705,14.15902779852705
3000,3331,771.0,-44.425,170.025,16.80864428494715,12.18264428494715
3001,2163,362.0,-44.525,170.075,16.532514574577363,14.360514574577362
3002,2164,628.0,-44.525,170.125,16.553046486656967,12.785046486656967
3003,2165,362.0,-44.525,170.175,16.590537628864695,14.418537628864694
3004,2166,537.0,-44.525,170.225,16.635162508915528,13.413162508915528
3005,2911,441.0,-44.575,170.075,16.392974381500608,13.746974381500607
3006,2912,531.0,-44.575,170.125,16.413695013501638,13.227695013501638
3007,2913,460.0,-44.575,170.175,16.44928587414688,13.689285874146881
3008,2914,406.0,-44.575,170.225,16.491312299134734,14.055312299134734
3009,3115,423.0,-44.475,170.075,16.666336580296047,14.128336580296047
3010,3117,1661.0,-44.475,170.125,16.687697618239326,6.721697618239327
3011,3119,706.0,-44.475,170.175,16.72951787999773,12.493517879997729
3012,3121,490.0,-44.475,170.225,16.779925158056358,13.839925158056358
3013,3332,1513.0,-44.425,170.075,16.79990400834322,7.72190400834322
3014,3333,1460.0,-44.425,170.125,16.823684763367055,8.063684763367055
3015,3334,904.0,-44.425,170.175,16.87347926433904,11.44947926433904
3016,3335,362.0,-44.425,170.225,16.933838181143074,14.761838181143073
3017,2167,1053.0,-44.525,170.275,16.67437319658893,10.356373196588931
3018,2168,669.0,-44.525,170.325,16.69454072172084,12.680540721720842
3019,2169,1444.0,-44.525,170.375,16.682414237177,8.018414237177
3020,2915,530.0,-44.575,170.275,16.528914818165504,13.348914818165504
3021,2916,662.0,-44.575,170.325,16.549619170980804,12.577619170980805
3022,2917,775.0,-44.575,170.375,16.540144684928237,11.890144684928238
3023,3123,683.0,-44.475,170.275,16.82402414111675,12.726024141116753
3024,3126,1530.0,-44.475,170.325,16.84674149341845,7.666741493418449
3025,3128,1384.0,-44.475,170.375,16.83467829451547,8.53067829451547
3026,3336,419.0,-44.425,170.275,16.98639060316782,14.47239060316782
3027,3337,1182.0,-44.425,170.325,17.014337152662847,9.922337152662848
3028,3338,800.0,-44.425,170.375,17.004071013321663,12.204071013321663
3029,2170,805.0,-44.525,170.425,16.62656406156202,11.796564061562021
3030,2171,873.0,-44.525,170.475,16.519204889156754,11.281204889156754
3031,2172,1684.0,-44.525,170.525,16.358055564989627,6.254055564989628
3032,2173,659.0,-44.525,170.575,16.146911556272244,12.192911556272243
3033,2918,553.0,-44.575,170.425,16.487559556917404,13.169559556917404
3034,2919,1310.0,-44.575,170.475,16.381829137535533,8.521829137535534
3035,2920,1086.0,-44.575,170.525,16.219716226181845,9.703716226181847
3036,2921,527.0,-44.575,170.575,16.006399473559213,12.844399473559214
3037,3135,1280.0,-44.475,170.425,16.777338719344698,9.097338719344698
3038,3143,1163.0,-44.475,170.475,16.668217912236287,9.690217912236285
3039,3267,1674.0,-44.475,170.525,16.50564827494418,6.46164827494418
3040,3271,1163.0,-44.475,170.575,16.29290686706736,9.314906867067357
3041,3339,1149.0,-44.425,170.425,16.94575737497871,10.051757374978711
3042,3340,725.0,-44.425,170.475,16.833778630980305,12.483778630980305
3043,3341,920.0,-44.425,170.525,16.66702567756238,11.147025677562379
3044,3342,656.0,-44.425,170.575,16.448752461995355,12.512752461995355
3045,2174,525.0,-44.525,170.625,15.894331526940732,12.744331526940732
3046,2175,448.0,-44.525,170.675,15.61160033795386,12.923600337953859
3047,2176,503.0,-44.525,170.725,15.311211276959511,12.29321127695951
3048,2922,433.0,-44.575,170.625,15.752657245384398,13.1546572453844
3049,2923,471.0,-44.575,170.675,15.471311663353845,12.645311663353844
3050,2924,804.0,-44.575,170.725,15.175556894402689,10.351556894402691
3051,3272,563.0,-44.475,170.625,16.037388277140053,12.659388277140053
3052,3273,458.0,-44.475,170.675,15.74927858141291,13.00127858141291
3053,3274,624.0,-44.475,170.725,15.440321021214004,11.696321021214004
3054,3343,671.0,-44.425,170.625,16.18588810341589,12.159888103415891
3055,3344,546.0,-44.425,170.675,15.888007425924116,12.612007425924116
3056,3345,911.0,-44.425,170.725,15.56628334133893,10.100283341338931
3057,2177,665.0,-44.525,170.775,15.00605012759479,11.01605012759479
3058,2178,921.0,-44.525,170.825,14.708946624921737,9.182946624921737
3059,2179,502.0,-44.525,170.875,14.432310210749165,11.420310210749165
3060,2180,240.0,-44.525,170.925,14.187737443415244,12.747737443415245
3061,2925,732.0,-44.575,170.775,14.87853243972495,10.48653243972495
3062,2926,483.0,-44.575,170.825,14.593155016729725,11.695155016729725
3063,2927,708.0,-44.575,170.875,14.331762891742073,10.083762891742072
3064,2928,878.0,-44.575,170.925,14.105452634106769,8.837452634106768
3065,3275,849.0,-44.475,170.775,15.122935356765993,10.028935356765992
3066,3276,1054.0,-44.475,170.825,14.809654069919816,8.485654069919818
3067,3277,362.0,-44.475,170.875,14.512764886972946,12.340764886972945
3068,3278,216.0,-44.475,170.925,14.244104181172588,12.948104181172589
3069,3346,1011.0,-44.425,170.775,15.23263888270867,9.166638882708671
3070,3347,769.0,-44.425,170.825,14.899158460499166,10.285158460499165
3071,3348,325.0,-44.425,170.875,14.57773834240561,12.62773834240561
3072,3349,298.0,-44.425,170.925,14.279964282759465,12.491964282759465
3073,2181,233.0,-44.525,170.975,13.985589569443619,12.587589569443619
3074,2182,145.0,-44.525,171.025,13.834495873059495,12.964495873059496
3075,2183,96.0,-44.525,171.075,13.740407151067302,13.164407151067302
3076,2184,54.0,-44.525,171.125,13.704158884310345,13.380158884310346
3077,2929,282.0,-44.575,170.975,13.92318150486608,12.231181504866079
3078,2930,161.0,-44.575,171.025,13.790777019643429,12.82477701964343
3079,2931,109.0,-44.575,171.075,13.709780966889412,13.055780966889412
3080,2932,66.0,-44.575,171.125,13.675711388119453,13.279711388119452
3081,3279,307.0,-44.475,170.975,14.015012418911283,12.173012418911282
3082,3280,179.0,-44.475,171.025,13.836441955631926,12.762441955631926
3083,3281,88.0,-44.475,171.075,13.718928001449967,13.190928001449967
3084,3282,51.0,-44.475,171.125,13.671153763450093,13.365153763450094
3085,3350,188.0,-44.425,170.975,14.017259380896576,12.889259380896576
3086,3351,119.0,-44.425,171.025,13.801412225445347,13.087412225445346
3087,3352,78.0,-44.425,171.075,13.645618196468604,13.177618196468604
3088,3353,66.0,-44.425,171.125,13.565771195669186,13.169771195669185
3089,2185,18.0,-44.525,171.175,13.716114358679079,13.608114358679078
3090,3283,19.0,-44.475,171.175,13.693317374893013,13.579317374893012
3091,3284,8.0,-44.475,171.225,13.759046723498614,13.711046723498614
3092,3354,63.0,-44.425,171.175,13.578675927938093,13.200675927938093
3093,3355,32.0,-44.425,171.225,13.680644383617619,13.488644383617618
3094,3356,19.0,-44.375,168.025,12.208422489429722,12.094422489429721
3095,3357,678.0,-44.375,168.075,12.435791683821662,8.367791683821663
3096,3025,340.0,-44.275,168.125,12.589657475444255,10.549657475444256
3097,3027,875.0,-44.275,168.175,12.845628086655779,7.595628086655779
3098,3028,865.0,-44.275,168.225,13.117158217959513,7.927158217959513
3099,3358,740.0,-44.375,168.125,12.687071895024928,8.247071895024927
3100,3359,923.0,-44.375,168.175,12.958740215848593,7.420740215848593
3101,3360,304.0,-44.375,168.225,13.247159180808012,11.423159180808012
3102,3855,87.0,-44.325,168.125,12.637564604166982,12.115564604166982
3103,3856,37.0,-44.325,168.175,12.901358138944488,12.679358138944488
3104,3858,55.0,-44.325,168.225,13.181382803324595,12.851382803324595
3105,3029,309.0,-44.275,168.275,13.401348739660534,11.547348739660535
3106,3030,936.0,-44.275,168.325,13.695284322900989,8.079284322900989
3107,3032,649.0,-44.275,168.375,13.996094217482096,10.102094217482096
3108,3033,1132.0,-44.275,168.425,14.300983506242119,7.508983506242119
3109,3053,1043.0,-44.375,168.325,13.860161626404079,7.6021616264040786
3110,3124,1497.0,-44.375,168.375,14.178114832284336,5.196114832284337
3111,3129,1050.0,-44.375,168.425,14.499564148320133,8.199564148320132
3112,3361,1202.0,-44.375,168.275,13.548767416361443,6.336767416361443
3113,3860,871.0,-44.325,168.275,13.474411200497343,8.248411200497344
3114,3861,749.0,-44.325,168.325,13.777273529511149,9.283273529511149
3115,3862,804.0,-44.325,168.375,14.086905045462117,9.26290504546212
3116,3863,1317.0,-44.325,168.425,14.400360369820191,6.498360369820192
3117,3034,1170.0,-44.275,168.475,14.607245811630492,7.587245811630492
3118,3035,1032.0,-44.275,168.525,14.912265855933583,8.720265855933583
3119,3036,670.0,-44.275,168.575,15.213517563870482,11.193517563870483
3120,3136,433.0,-44.375,168.475,14.821587636190088,12.22358763619009
3121,3145,1432.0,-44.375,168.525,15.1413801543531,6.5493801543531
3122,3250,1699.0,-44.375,168.575,15.456232569293206,5.262232569293207
3123,3864,1239.0,-44.325,168.475,14.714810585397572,7.280810585397572
3124,3865,591.0,-44.325,168.525,15.027533229918845,11.481533229918846
3125,3866,218.0,-44.325,168.575,15.335900941170621,14.027900941170621
3126,3037,286.0,-44.275,168.625,15.508561288028432,13.792561288028432
3127,3038,795.0,-44.275,168.675,15.795042356170597,11.025042356170598
3128,3039,401.0,-44.275,168.725,16.070692375244107,13.664692375244108
3129,3040,662.0,-44.275,168.775,16.333334441713305,12.361334441713305
3130,3256,1001.0,-44.375,168.625,15.763515839411411,9.757515839411411
3131,3259,1298.0,-44.375,168.675,16.06067018680551,8.27267018680551
3132,3265,2256.0,-44.375,168.725,16.345199166824386,2.8091991668243868
3133,3269,1653.0,-44.375,168.775,16.61466857915184,6.696668579151838
3134,3867,908.0,-44.325,168.625,15.637371747197903,10.189371747197903
3135,3868,724.0,-44.325,168.675,15.929482464916873,11.585482464916872
3136,3869,1872.0,-44.325,168.725,16.209845976525685,4.9778459765256855
3137,3870,1077.0,-44.325,168.775,16.47615302588565,10.014153025885651
3138,3041,1175.0,-44.275,168.825,16.580893473863398,9.530893473863397
3139,3043,904.0,-44.275,168.875,16.811413200948664,11.387413200948664
3140,3044,840.0,-44.275,168.925,17.023081806219125,11.983081806219126
3141,3045,762.0,-44.275,168.975,17.21426864625755,12.642268646257552
3142,3366,1487.0,-44.375,168.825,16.866710663884078,7.944710663884079
3143,3372,1203.0,-44.375,168.875,17.099034849923555,9.881034849923555
3144,3379,1130.0,-44.375,168.925,17.3094475551934,10.5294475551934
3145,3386,1434.0,-44.375,168.975,17.49588533817041,8.891885338170411
3146,3871,1858.0,-44.325,168.825,16.726179453242366,5.5781794532423685
3147,3872,1339.0,-44.325,168.875,16.957800384050643,8.923800384050642
3148,3873,919.0,-44.325,168.925,17.169013772267135,11.655013772267136
3149,3874,1304.0,-44.325,168.975,17.357976786479412,9.533976786479414
3150,3046,1591.0,-44.275,169.025,17.38357450611693,7.83757450611693
3151,3047,1427.0,-44.275,169.075,17.52989689885362,8.967896898853622
3152,3048,750.0,-44.275,169.125,17.652509191279023,13.152509191279023
3153,3394,1627.0,-44.375,169.025,17.656468078195758,7.894468078195759
3154,3400,1419.0,-44.375,169.075,17.789581085478858,9.275581085478859
3155,3405,284.0,-44.375,169.125,17.893994872985786,16.189994872985785
3156,3875,1053.0,-44.325,169.025,17.523059512310283,11.205059512310283
3157,3876,1777.0,-44.325,169.075,17.662920521372143,7.000920521372144
3158,3877,962.0,-44.325,169.125,17.776606546865878,12.00460654686588
3159,3049,419.0,-44.275,169.175,17.751147252409282,15.237147252409283
3160,3052,884.0,-44.275,169.225,17.826090274649687,12.522090274649688
3161,3056,1473.0,-44.275,169.275,17.87821560192424,9.04021560192424
3162,3057,1359.0,-44.275,169.325,17.90900473117472,9.755004731174719
3163,3412,279.0,-44.375,169.175,17.969024781352346,16.295024781352346
3164,3419,1754.0,-44.375,169.225,18.01471593027236,7.49071593027236
3165,3426,1258.0,-44.375,169.275,18.032013503094277,10.484013503094276
3166,3433,1201.0,-44.375,169.325,18.02285610195395,10.816856101953949
3167,3878,279.0,-44.325,169.175,17.863672041334212,16.189672041334212
3168,3879,1432.0,-44.325,169.225,17.92430309954034,9.332303099540338
3169,3880,1305.0,-44.325,169.275,17.959416756930295,10.129416756930295
3170,3881,1838.0,-44.325,169.325,17.97069811568508,6.942698115685083
3171,3058,1346.0,-44.275,169.375,17.920482976040148,9.844482976040148
3172,3059,1157.0,-44.275,169.425,17.915089343834552,10.973089343834552
3173,3060,589.0,-44.275,169.475,17.895491740815487,14.361491740815488
3174,3440,649.0,-44.375,169.375,17.99013076283154,14.09613076283154
3175,3530,459.0,-44.375,169.425,17.937464620716128,15.183464620716128
3176,3536,1268.0,-44.375,169.475,17.86888793451726,10.26088793451726
3177,3882,891.0,-44.325,169.375,17.960542903467285,12.614542903467285
3178,3883,348.0,-44.325,169.425,17.931895540832556,15.843895540832555
3179,3884,1527.0,-44.325,169.475,17.888005249391426,8.726005249391427
3180,3061,1822.0,-44.275,169.525,17.864378125797884,6.932378125797886
3181,3062,1497.0,-44.275,169.575,17.8242604098632,8.8422604098632
3182,3063,1410.0,-44.275,169.625,17.777323737487677,9.317323737487678
3183,3064,1366.0,-44.275,169.675,17.725343568345124,9.529343568345125
3184,3538,1237.0,-44.375,169.525,17.788452553011666,10.366452553011667
3185,3543,1378.0,-44.375,169.575,17.69990060382952,9.43190060382952
3186,3549,787.0,-44.375,169.625,17.606450260909696,12.884450260909697
3187,3555,886.0,-44.375,169.675,17.510722765315222,12.194722765315223
3188,3885,1208.0,-44.325,169.525,17.832149624660815,10.584149624660816
3189,3886,1515.0,-44.325,169.575,17.76738340989141,8.677383409891409
3190,3887,745.0,-44.325,169.625,17.696358747907652,13.226358747907653
3191,3888,1048.0,-44.325,169.675,17.621241812488734,11.333241812488733
3192,3065,1590.0,-44.275,169.725,17.669683041614917,8.129683041614918
3193,3066,1158.0,-44.275,169.775,17.611378379888265,10.663378379888265
3194,3067,612.0,-44.275,169.825,17.551323126552234,13.879323126552233
3195,3561,984.0,-44.375,169.725,17.414802609135222,11.510802609135222
3196,3641,1066.0,-44.375,169.775,17.320412099563328,10.924412099563327
3197,3645,810.0,-44.375,169.825,17.229190902709888,12.369190902709889
3198,3889,1760.0,-44.325,169.725,17.54373192564708,6.98373192564708
3199,3890,1762.0,-44.325,169.775,17.465180918965416,6.893180918965415
3200,3891,713.0,-44.325,169.825,17.38681492013893,13.108814920138933
3201,3068,520.0,-44.275,169.875,17.49057504423945,14.370575044239448
3202,3069,520.0,-44.275,169.925,17.430840575623733,14.310840575623732
3203,3070,515.0,-44.275,169.975,17.375273342750006,14.285273342750006
3204,3071,479.0,-44.275,170.025,17.329997991653727,14.455997991653726
3205,3649,600.0,-44.375,169.875,17.143096410292856,13.543096410292856
3206,3655,580.0,-44.375,169.925,17.064983293306796,13.584983293306795
3207,3660,708.0,-44.375,169.975,16.999483019359104,12.751483019359103
3208,3665,677.0,-44.375,170.025,16.954290130666777,12.892290130666778
3209,3892,617.0,-44.325,169.875,17.310079507982664,13.608079507982664
3210,3893,583.0,-44.325,169.925,17.237172839022605,13.739172839022606
3211,3894,550.0,-44.325,169.975,17.1719450302935,13.8719450302935
3212,3895,495.0,-44.325,170.025,17.121705860290604,14.151705860290603
3213,3001,379.0,-44.325,170.175,17.2176099763783,14.943609976378298
3214,3002,374.0,-44.325,170.225,17.308338919441667,15.064338919441667
3215,3072,458.0,-44.275,170.075,17.308188914745188,14.560188914745188
3216,3073,442.0,-44.275,170.125,17.351366418542966,14.699366418542967
3217,3074,436.0,-44.275,170.175,17.448745264577155,14.832745264577156
3218,3075,407.0,-44.275,170.225,17.549117936126095,15.107117936126095
3219,3670,896.0,-44.375,170.075,16.94092810899747,11.564928108997467
3220,3674,1503.0,-44.375,170.125,16.969092457102306,7.951092457102307
3221,3679,474.0,-44.375,170.175,17.03176573820201,14.187765738202012
3222,3684,362.0,-44.375,170.225,17.106383570868275,14.934383570868274
3223,3896,617.0,-44.325,170.075,17.101611952162784,13.399611952162784
3224,3897,923.0,-44.325,170.125,17.136350145321558,11.598350145321557
3225,3003,396.0,-44.325,170.275,17.38240252198193,15.006402521981931
3226,3004,417.0,-44.325,170.325,17.421928514640967,14.919928514640969
3227,3005,468.0,-44.325,170.375,17.41397030976077,14.605970309760771
3228,3076,418.0,-44.275,170.275,17.6281678516425,15.120167851642503
3229,3077,448.0,-44.275,170.325,17.66870584672688,14.98070584672688
3230,3078,759.0,-44.275,170.375,17.65776715793163,13.103767157931632
3231,3752,499.0,-44.375,170.275,17.1699536503329,14.1759536503329
3232,3753,436.0,-44.375,170.325,17.204344666728502,14.588344666728503
3233,3755,782.0,-44.375,170.375,17.196072429902415,12.504072429902415
3234,3006,767.0,-44.325,170.425,17.34979275745809,12.74779275745809
3235,3007,935.0,-44.325,170.475,17.225000849414755,11.615000849414756
3236,3008,1770.0,-44.325,170.525,17.03965923848955,6.419659238489549
3237,3009,890.0,-44.325,170.575,16.797958207069314,11.457958207069314
3238,3079,527.0,-44.275,170.425,17.586376239114543,14.424376239114544
3239,3080,741.0,-44.275,170.475,17.45012542421773,13.004125424217731
3240,3081,1111.0,-44.275,170.525,17.249579330290544,10.583579330290544
3241,3082,923.0,-44.275,170.575,16.989853117504026,11.451853117504026
3242,3758,768.0,-44.375,170.425,17.13592931297626,12.527929312976259
3243,3761,965.0,-44.375,170.475,17.019023844714866,11.229023844714867
3244,3765,1295.0,-44.375,170.525,16.8448369397629,9.0748369397629
3245,3770,820.0,-44.375,170.575,16.61694773438103,11.69694773438103
3246,3010,878.0,-44.325,170.625,16.50737941944226,11.239379419442258
3247,3011,813.0,-44.325,170.675,16.177616805116486,11.299616805116486
3248,3012,776.0,-44.325,170.725,15.819557364767206,11.163557364767208
3249,3083,1073.0,-44.275,170.625,16.679410791850387,10.241410791850388
3250,3084,754.0,-44.275,170.675,16.32864918242558,11.804649182425578
3251,3085,624.0,-44.275,170.725,15.948753148603828,12.204753148603828
3252,3774,809.0,-44.375,170.625,16.34233678725468,11.488336787254681
3253,3778,700.0,-44.375,170.675,16.03042281553371,11.830422815533712
3254,3782,1402.0,-44.375,170.725,15.692082729355207,7.2800827293552075
3255,3013,542.0,-44.325,170.775,15.444496267186878,12.192496267186879
3256,3014,784.0,-44.325,170.825,15.063619663377722,10.359619663377721
3257,3015,305.0,-44.325,170.875,14.687719669349462,12.857719669349462
3258,3016,308.0,-44.325,170.925,14.327100489094846,12.479100489094847
3259,3086,432.0,-44.275,170.775,15.550963447953109,12.958963447953108
3260,3087,316.0,-44.275,170.825,15.146188070553762,13.250188070553762
3261,3088,266.0,-44.275,170.875,14.744854731718988,13.148854731718988
3262,3089,460.0,-44.275,170.925,14.35694728371891,11.59694728371891
3263,3786,726.0,-44.375,170.775,15.338839879603256,10.982839879603256
3264,3790,698.0,-44.375,170.825,14.982290626277063,10.794290626277064
3265,3794,303.0,-44.375,170.875,14.633765932189817,12.815765932189818
3266,3798,231.0,-44.375,170.925,14.304214139026044,12.918214139026045
3267,3017,271.0,-44.325,170.975,13.9916612119614,12.3656612119614
3268,3018,204.0,-44.325,171.025,13.69118705092842,12.46718705092842
3269,3019,157.0,-44.325,171.075,13.435989702336883,12.493989702336883
3270,3021,129.0,-44.325,171.125,13.238498401225115,12.464498401225114
3271,3090,159.0,-44.275,170.975,13.992235207631893,13.038235207631892
3272,3091,112.0,-44.275,171.025,13.660805428783533,12.988805428783532
3273,3092,96.0,-44.275,171.075,13.374252122154758,12.798252122154757
3274,3093,81.0,-44.275,171.125,13.148759558073834,12.662759558073834
3275,3802,149.0,-44.375,170.975,14.004328562640694,13.110328562640694
3276,3850,382.0,-44.375,171.025,13.745029748642992,11.453029748642992
3277,3851,205.0,-44.375,171.075,13.538623113672656,12.308623113672656
3278,3852,163.0,-44.375,171.125,13.401545224895926,12.423545224895927
3279,3022,60.0,-44.325,171.175,13.119394250419646,12.759394250419646
3280,3023,19.0,-44.325,171.225,13.151432856087013,13.037432856087012
3281,3024,7.0,-44.325,171.275,13.39258047448675,13.35058047448675
3282,3094,47.0,-44.275,171.175,13.015478752085073,12.733478752085073
3283,3095,31.0,-44.275,171.225,13.063908499262652,12.877908499262652
3284,3096,17.0,-44.275,171.275,13.328893156986851,13.22689315698685
3285,3853,97.0,-44.375,171.175,13.36043886995958,12.77843886995958
3286,3854,31.0,-44.375,171.225,13.44829017525808,13.26229017525808
3287,3097,7.0,-44.275,171.325,13.437430677496195,13.395430677496195
3288,3098,128.0,-44.225,168.175,12.790258652365083,12.022258652365082
3289,3099,617.0,-44.225,168.225,13.053313079921281,9.351313079921281
3290,3595,304.0,-44.175,168.225,12.988908850536973,11.164908850536973
3291,3100,251.0,-44.225,168.275,13.32857281563156,11.82257281563156
3292,3101,789.0,-44.225,168.325,13.613377748042694,8.879377748042694
3293,3102,478.0,-44.225,168.375,13.905065908633333,11.037065908633332
3294,3103,141.0,-44.225,168.425,14.201013686883016,13.355013686883016
3295,3539,128.0,-44.125,168.275,13.180705441482132,12.412705441482132
3296,3545,483.0,-44.125,168.325,13.447117844747481,10.549117844747482
3297,3551,80.0,-44.125,168.375,13.720205286874261,13.24020528687426
3298,3557,455.0,-44.125,168.425,13.997709407372895,11.267709407372895
3299,3596,351.0,-44.175,168.275,13.25524841571496,11.14924841571496
3300,3597,408.0,-44.175,168.325,13.530850042276143,11.082850042276142
3301,3598,957.0,-44.175,168.375,13.813262919327826,8.071262919327825
3302,3599,604.0,-44.175,168.425,14.100045017412413,10.476045017412414
3303,3948,0.0,-44.075,168.325,13.361715352428291,13.361715352428291
3304,3949,12.0,-44.075,168.375,13.625497272783832,13.553497272783833
3305,3950,14.0,-44.075,168.425,13.893690609640544,13.809690609640544
3306,3104,610.0,-44.225,168.475,14.49865908965512,10.83865908965512
3307,3105,1102.0,-44.225,168.525,14.795514176525103,8.183514176525104
3308,3106,1172.0,-44.225,168.575,15.089171494157199,8.057171494157199
3309,3563,993.0,-44.125,168.475,14.277391313693442,8.319391313693444
3310,3600,80.0,-44.175,168.475,14.388792555515465,13.908792555515465
3311,3601,811.0,-44.175,168.525,14.677159428782034,9.811159428782034
3312,3602,787.0,-44.175,168.575,14.962870288009071,10.240870288009072
3313,3648,55.0,-44.125,168.525,14.557055443456193,14.227055443456193
3314,3653,263.0,-44.125,168.575,14.83456749186189,13.25656749186189
3315,3951,12.0,-44.075,168.475,14.164222227884238,14.092222227884239
3316,3952,197.0,-44.075,168.525,14.43505056905451,13.25305056905451
3317,3953,621.0,-44.075,168.575,14.704186783372279,10.97818678337228
3318,3051,120.0,-44.225,168.775,16.18672272308686,15.466722723086859
3319,3107,425.0,-44.225,168.625,15.37730799882047,12.82730799882047
3320,3108,72.0,-44.225,168.675,15.657688914730898,15.225688914730897
3321,3109,1664.0,-44.225,168.725,15.928173297490503,5.944173297490503
3322,3603,1018.0,-44.175,168.625,15.24373028446098,9.13573028446098
3323,3604,622.0,-44.175,168.675,15.51763382088393,11.78563382088393
3324,3605,321.0,-44.175,168.725,15.782574128612396,13.856574128612396
3325,3606,122.0,-44.175,168.775,16.036655150553997,15.304655150553998
3326,3658,832.0,-44.125,168.625,15.107868794852038,10.115868794852037
3327,3663,928.0,-44.125,168.675,15.374989198182448,9.806989198182448
3328,3668,39.0,-44.125,168.725,15.634060088117621,15.400060088117622
3329,3673,1610.0,-44.125,168.775,15.883328965799592,6.223328965799592
3330,3954,471.0,-44.075,168.625,14.969712506270298,12.143712506270298
3331,3955,20.0,-44.075,168.675,15.229795915996874,15.109795915996875
3332,3956,20.0,-44.075,168.725,15.482707496303192,15.362707496303193
3333,3957,654.0,-44.075,168.775,15.726836698309853,11.802836698309854
3334,3055,352.0,-44.075,168.875,16.18301429208077,14.07101429208077
3335,3132,1415.0,-44.225,168.825,16.431414429373035,7.941414429373035
3336,3134,1311.0,-44.075,168.925,16.392616261036892,8.526616261036892
3337,3141,2259.0,-44.225,168.875,16.660460304066874,3.1064603040668732
3338,3142,1168.0,-44.075,168.975,16.58859381502225,9.580593815022251
3339,3246,1610.0,-44.225,168.925,16.872233216850873,7.212233216850873
3340,3251,1605.0,-44.225,168.975,17.065302144588713,7.435302144588713
3341,3607,1518.0,-44.175,168.825,16.27810701672024,7.170107016720243
3342,3608,1484.0,-44.175,168.875,16.505306285416737,7.601306285416737
3343,3609,1057.0,-44.175,168.925,16.71680197832211,10.374801978322111
3344,3610,1553.0,-44.175,168.975,16.91134811365737,7.593348113657369
3345,3678,59.0,-44.125,168.825,16.12117671480155,15.76717671480155
3346,3683,272.0,-44.125,168.875,16.346138490162048,14.714138490162048
3347,3754,1060.0,-44.125,168.925,16.556928875361336,10.196928875361337
3348,3757,1433.0,-44.125,168.975,16.752471506933944,8.154471506933945
3349,3958,1048.0,-44.075,168.825,15.960710461506096,9.672710461506096
3350,3257,465.0,-44.225,169.025,17.238477058463104,14.448477058463105
3351,3258,712.0,-44.075,169.025,16.770262635260224,12.498262635260224
3352,3260,1468.0,-44.225,169.075,17.390863260920014,8.582863260920014
3353,3329,1599.0,-44.225,169.125,17.521922436260866,7.927922436260866
3354,3330,721.0,-44.075,169.075,16.937205915444792,12.611205915444792
3355,3363,881.0,-44.075,169.125,17.08930140917255,11.803301409172548
3356,3611,1145.0,-44.175,169.025,17.08794274860884,10.21794274860884
3357,3612,1560.0,-44.175,169.075,17.245872289608087,7.885872289608088
3358,3613,1008.0,-44.175,169.125,17.384757913710928,11.336757913710928
3359,3760,1037.0,-44.125,169.025,16.931932642388347,10.709932642388347
3360,3763,778.0,-44.125,169.075,17.094757072694847,12.426757072694848
3361,3766,980.0,-44.125,169.125,17.240703354456855,11.360703354456856
3362,3364,1061.0,-44.225,169.175,17.631534064377774,11.265534064377775
3363,3369,300.0,-44.225,169.225,17.72004664875385,15.92004664875385
3364,3371,878.0,-44.075,169.175,17.22674257736071,11.95874257736071
3365,3375,1588.0,-44.225,169.275,17.788304932924802,8.260304932924802
3366,3378,1597.0,-44.075,169.225,17.350049418149865,7.7680494181498645
3367,3382,1161.0,-44.225,169.325,17.837639010498606,10.871639010498606
3368,3385,1064.0,-44.075,169.275,17.460064416765817,11.076064416765817
3369,3399,1207.0,-44.075,169.325,17.55792979598482,10.315929795984818
3370,3614,1571.0,-44.175,169.175,17.504598509078278,8.078598509078278
3371,3615,1084.0,-44.175,169.225,17.605802121957822,11.101802121957823
3372,3616,424.0,-44.175,169.275,17.689196437702776,15.145196437702776
3373,3617,889.0,-44.175,169.325,17.756009420274495,12.422009420274495
3374,3769,827.0,-44.125,169.175,17.369873749697945,12.407873749697945
3375,3773,786.0,-44.125,169.225,17.482732897784445,12.766732897784443
3376,3777,1317.0,-44.125,169.275,17.58010868427118,9.678108684271182
3377,3781,907.0,-44.125,169.325,17.663169574700078,12.221169574700077
3378,3389,1664.0,-44.225,169.375,17.86980563263205,7.885805632632051
3379,3393,1782.0,-44.225,169.425,17.886880990308782,7.194880990308782
3380,3404,721.0,-44.075,169.375,17.64504396661505,13.319043966615048
3381,3407,379.0,-44.225,169.475,17.89111537133067,15.61711537133067
3382,3411,1807.0,-44.075,169.425,17.722997560053045,6.880997560053045
3383,3418,1581.0,-44.075,169.475,17.79349218607058,8.30749218607058
3384,3618,1443.0,-44.175,169.375,17.807814585630695,9.149814585630695
3385,3619,1575.0,-44.175,169.425,17.846441218473046,8.396441218473047
3386,3620,1351.0,-44.175,169.475,17.873856768230326,9.767856768230326
3387,3785,1402.0,-44.125,169.375,17.733375126119427,9.321375126119428
3388,3789,1028.0,-44.125,169.425,17.792400217387694,11.624400217387695
3389,3793,1685.0,-44.125,169.475,17.842037942398747,7.732037942398746
3390,3414,1600.0,-44.225,169.525,17.884769544814844,8.284769544814845
3391,3421,1026.0,-44.225,169.575,17.869957409466224,11.713957409466225
3392,3425,1767.0,-44.075,169.525,17.85824752480039,7.25624752480039
3393,3428,792.0,-44.225,169.625,17.848518765411427,13.096518765411428
3394,3432,1450.0,-44.075,169.575,17.918904152227697,9.218904152227697
3395,3435,1577.0,-44.225,169.675,17.82194214021547,8.35994214021547
3396,3439,1251.0,-44.075,169.625,17.976930691751477,10.470930691751477
3397,3446,1781.0,-44.075,169.675,18.033545120912095,7.3475451209120966
3398,3621,400.0,-44.175,169.525,17.892034707179846,15.492034707179846
3399,3622,1980.0,-44.175,169.575,17.902824775475892,6.0228247754758915
3400,3623,1253.0,-44.175,169.625,17.90784355256619,10.389843552566193
3401,3624,1439.0,-44.175,169.675,17.908402978935555,9.274402978935555
3402,3797,743.0,-44.125,169.525,17.884090057394133,13.426090057394134
3403,3800,983.0,-44.125,169.575,17.92025662031665,12.02225662031665
3404,3898,1862.0,-44.125,169.625,17.952038023542627,6.780038023542627
3405,3900,1506.0,-44.125,169.675,17.980663930615265,8.944663930615265
3406,3442,1078.0,-44.225,169.725,17.791353944743605,11.323353944743605
3407,3447,1880.0,-44.075,169.725,18.089662464042704,6.809662464042704
3408,3448,1287.0,-44.075,169.775,18.14588585067031,10.423885850670311
3409,3449,578.0,-44.075,169.825,18.202565067062096,14.734565067062096
3410,3534,1643.0,-44.225,169.775,17.757590247456392,7.899590247456393
3411,3542,520.0,-44.225,169.825,17.72137395266327,14.60137395266327
3412,3625,1683.0,-44.175,169.725,17.905495104698275,7.807495104698276
3413,3626,920.0,-44.175,169.775,17.899855571662556,12.379855571662556
3414,3627,520.0,-44.175,169.825,17.89213868915067,14.772138689150669
3415,3901,1120.0,-44.125,169.725,18.007066317704812,11.287066317704813
3416,3903,1300.0,-44.125,169.775,18.031919733786708,10.231919733786707
3417,3905,603.0,-44.125,169.825,18.055782094133974,14.437782094133974
3418,3450,556.0,-44.075,169.875,18.25995176800734,14.92395176800734
3419,3451,1468.0,-44.075,169.925,18.318465729255877,9.510465729255877
3420,3452,1799.0,-44.075,169.975,18.379006069989373,7.585006069989374
3421,3453,1618.0,-44.075,170.025,18.443026912742425,8.735026912742425
3422,3548,520.0,-44.225,169.875,17.683637172662202,14.563637172662201
3423,3554,1530.0,-44.225,169.925,17.6460681622666,8.466068162266602
3424,3560,1101.0,-44.225,169.975,17.612068468877624,11.006068468877624
3425,3566,553.0,-44.225,170.025,17.588645774789256,14.270645774789257
3426,3628,572.0,-44.175,169.875,17.88325624954996,14.451256249549958
3427,3629,1732.0,-44.175,169.925,17.874963865169775,7.482963865169776
3428,3630,922.0,-44.175,169.975,17.870817175982666,12.338817175982665
3429,3631,666.0,-44.175,170.025,17.877545148741774,13.881545148741774
3430,3907,540.0,-44.125,169.875,18.079381475004993,14.839381475004993
3431,3909,1718.0,-44.125,169.925,18.104094121048547,7.796094121048547
3432,3911,1473.0,-44.125,169.975,18.13259123320131,9.294591233201311
3433,3913,865.0,-44.125,170.025,18.169326358130093,12.979326358130091
3434,3454,994.0,-44.075,170.075,18.511810080628493,12.547810080628494
3435,3455,703.0,-44.075,170.125,18.584589956609307,14.366589956609307
3436,3456,524.0,-44.075,170.175,18.656577738398482,15.512577738398482
3437,3457,567.0,-44.075,170.225,18.718778424831726,15.316778424831726
3438,3567,492.0,-44.225,170.075,17.59066012284893,14.63866012284893
3439,3568,488.0,-44.225,170.125,17.64120675877166,14.713206758771658
3440,3569,458.0,-44.225,170.175,17.732364760363453,14.984364760363453
3441,3570,481.0,-44.225,170.225,17.828820571923643,14.942820571923644
3442,3632,568.0,-44.175,170.075,17.905765069938752,14.497765069938753
3443,3633,569.0,-44.175,170.125,17.964439603309074,14.550439603309075
3444,3634,556.0,-44.175,170.175,18.04712969002685,14.71112969002685
3445,3635,579.0,-44.175,170.225,18.1327468290674,14.6587468290674
3446,3915,703.0,-44.125,170.075,18.219707825704972,14.001707825704973
3447,3917,621.0,-44.125,170.125,18.286231330251212,14.560231330251213
3448,3918,524.0,-44.125,170.175,18.36334559876468,15.219345598764681
3449,3919,634.0,-44.125,170.225,18.43748507319924,14.63348507319924
3450,3458,679.0,-44.075,170.275,18.759425663262846,14.685425663262846
3451,3459,676.0,-44.075,170.325,18.7648932627244,14.708893262724398
3452,3460,673.0,-44.075,170.375,18.718707547654958,14.680707547654958
3453,3571,479.0,-44.225,170.275,17.904443741133946,15.030443741133945
3454,3572,476.0,-44.225,170.325,17.94061330272325,15.08461330272325
3455,3573,495.0,-44.225,170.375,17.922938703291038,14.952938703291037
3456,3636,607.0,-44.175,170.275,18.198934011422352,14.556934011422353
3457,3637,520.0,-44.175,170.325,18.22663844989893,15.106638449898927
3458,3638,524.0,-44.175,170.375,18.199589699591343,15.055589699591343
3459,3920,795.0,-44.125,170.275,18.491799240393448,13.721799240393448
3460,3921,600.0,-44.125,170.325,18.509128268213317,14.909128268213317
3461,3922,585.0,-44.125,170.375,18.4721305760404,14.9621305760404
3462,3050,559.0,-44.175,170.525,17.691556408758515,14.337556408758516
3463,3130,906.0,-44.175,170.575,17.383917836504224,11.947917836504224
3464,3461,647.0,-44.075,170.425,18.599167141786893,14.717167141786893
3465,3462,676.0,-44.075,170.475,18.38587782171453,14.329877821714529
3466,3463,674.0,-44.075,170.525,18.08472256064033,14.04072256064033
3467,3464,914.0,-44.075,170.575,17.719116191845387,12.235116191845387
3468,3574,505.0,-44.225,170.425,17.84100503636091,14.811005036360912
3469,3575,533.0,-44.225,170.475,17.689591811915307,14.491591811915306
3470,3576,605.0,-44.225,170.525,17.469690479505516,13.839690479505517
3471,3577,776.0,-44.225,170.575,17.187862064209185,12.531862064209186
3472,3639,547.0,-44.175,170.425,18.104706287367662,14.822706287367662
3473,3640,554.0,-44.175,170.475,17.934846351406122,14.610846351406122
3474,3923,582.0,-44.125,170.425,18.36380876388739,14.87180876388739
3475,3924,605.0,-44.125,170.475,18.17303809977784,14.543038099777842
3476,3925,598.0,-44.125,170.525,17.902542062903194,14.314542062903193
3477,3926,819.0,-44.125,170.575,17.56622926183809,12.65222926183809
3478,3139,1051.0,-44.175,170.625,17.024488507982824,10.718488507982823
3479,3148,780.0,-44.175,170.675,16.62619657783671,11.946196577836709
3480,3253,902.0,-44.175,170.725,16.201164313446498,10.789164313446499
3481,3465,688.0,-44.075,170.625,17.308416619656782,13.180416619656782
3482,3466,649.0,-44.075,170.675,16.866847771728317,12.972847771728317
3483,3467,625.0,-44.075,170.725,16.40584504495928,12.655845044959278
3484,3578,1075.0,-44.225,170.625,16.854179996620587,10.404179996620588
3485,3579,733.0,-44.225,170.675,16.480159652654947,12.082159652654948
3486,3580,489.0,-44.225,170.725,16.077474221629927,13.143474221629928
3487,3927,846.0,-44.125,170.625,17.1801312115349,12.104131211534899
3488,3928,656.0,-44.125,170.675,16.758414365718636,12.822414365718636
3489,3929,1184.0,-44.125,170.725,16.313227547061615,9.209227547061616
3490,3263,398.0,-44.175,170.775,15.760563619830464,13.372563619830464
3491,3328,311.0,-44.175,170.825,15.314810466871677,13.448810466871677
3492,3365,315.0,-44.175,170.875,14.873866238540359,12.983866238540358
3493,3368,291.0,-44.175,170.925,14.447641233528884,12.701641233528884
3494,3468,403.0,-44.075,170.775,15.935383138011275,13.517383138011276
3495,3469,315.0,-44.075,170.825,15.464689053743314,13.574689053743313
3496,3470,350.0,-44.075,170.875,15.002689131430998,12.902689131430998
3497,3471,342.0,-44.075,170.925,14.558340910085462,12.506340910085463
3498,3581,464.0,-44.225,170.775,15.65738748869262,12.873387488692622
3499,3582,319.0,-44.225,170.825,15.230600836335725,13.316600836335725
3500,3583,231.0,-44.225,170.875,14.80732261119556,13.42132261119556
3501,3584,299.0,-44.225,170.925,14.397511393564855,12.603511393564855
3502,3930,420.0,-44.125,170.775,15.85532566310303,13.335325663103031
3503,3931,318.0,-44.125,170.825,15.394628022445431,13.486628022445432
3504,3932,258.0,-44.125,170.875,14.940668459902554,13.392668459902554
3505,3933,491.0,-44.125,170.925,14.503023249864782,11.557023249864782
3506,3373,193.0,-44.175,170.975,14.046598711191109,12.88859871119111
3507,3380,197.0,-44.175,171.025,13.682731400273042,12.500731400273041
3508,3387,199.0,-44.175,171.075,13.371089571797711,12.177089571797712
3509,3398,200.0,-44.175,171.125,13.131495741794424,11.931495741794425
3510,3472,358.0,-44.075,170.975,14.14088123977126,11.992881239771261
3511,3473,484.0,-44.075,171.025,13.759887323508337,10.855887323508338
3512,3474,486.0,-44.075,171.075,13.424812366530205,10.508812366530204
3513,3475,245.0,-44.075,171.125,13.143332475473471,11.67333247547347
3514,3585,155.0,-44.225,170.975,14.01136655807477,13.08136655807477
3515,3586,113.0,-44.225,171.025,13.660304222375089,12.982304222375088
3516,3587,140.0,-44.225,171.075,13.359006820193827,12.519006820193827
3517,3588,79.0,-44.225,171.125,13.129894544930721,12.655894544930721
3518,3934,229.0,-44.125,170.975,14.091791011211171,12.71779101121117
3519,3935,241.0,-44.125,171.025,13.718120094185906,12.272120094185906
3520,3936,259.0,-44.125,171.075,13.394506150312736,11.840506150312736
3521,3937,151.0,-44.125,171.125,13.133763247884417,12.227763247884416
3522,3406,134.0,-44.175,171.175,12.98679894970428,12.18279894970428
3523,3413,61.0,-44.175,171.225,12.944371687909552,12.578371687909552
3524,3420,46.0,-44.175,171.275,12.95531657895117,12.67931657895117
3525,3476,161.0,-44.075,171.175,12.91798936756004,11.95198936756004
3526,3477,209.0,-44.075,171.225,12.743267500370166,11.489267500370167
3527,3478,128.0,-44.075,171.275,12.612419569709346,11.844419569709345
3528,3589,70.0,-44.225,171.175,13.011543613199137,12.591543613199137
3529,3590,46.0,-44.225,171.225,13.055262872338972,12.779262872338972
3530,3591,21.0,-44.225,171.275,13.21805719099757,13.09205719099757
3531,3938,142.0,-44.125,171.175,12.943945604161854,12.091945604161854
3532,3939,101.0,-44.125,171.225,12.81696497251869,12.21096497251869
3533,3940,83.0,-44.125,171.275,12.723715752904354,12.225715752904355
3534,3427,43.0,-44.175,171.325,12.946986325099715,12.688986325099716
3535,3434,36.0,-44.175,171.375,12.911454604130995,12.695454604130996
3536,3441,33.0,-44.175,171.425,12.84729467616853,12.64929467616853
3537,3479,117.0,-44.075,171.325,12.538303583877678,11.836303583877678
3538,3480,101.0,-44.075,171.375,12.5161506219074,11.9101506219074
3539,3481,85.0,-44.075,171.425,12.500732035401597,11.990732035401598
3540,3482,78.0,-44.075,171.475,12.469634063943886,12.001634063943886
3541,3535,21.0,-44.175,171.475,12.75755143913193,12.63155143913193
3542,3592,16.0,-44.225,171.325,13.25227456108405,13.15627456108405
3543,3593,10.0,-44.225,171.375,13.177332009665406,13.117332009665406
3544,3594,4.0,-44.225,171.425,13.069011472050079,13.04501147205008
3545,3941,76.0,-44.125,171.325,12.670764717259772,12.214764717259772
3546,3942,71.0,-44.125,171.375,12.66764958873955,12.24164958873955
3547,3943,59.0,-44.125,171.425,12.643337799889196,12.289337799889196
3548,3944,44.0,-44.125,171.475,12.590812297032244,12.326812297032244
3549,3483,63.0,-44.075,171.525,12.418055742214165,12.040055742214165
3550,3484,47.0,-44.075,171.575,12.347253678522065,12.065253678522065
3551,3485,30.0,-44.075,171.625,12.26099461456488,12.08099461456488
3552,3537,9.0,-44.175,171.525,12.647325145626382,12.593325145626382
3553,3945,35.0,-44.125,171.525,12.513863039152966,12.303863039152965
3554,3946,20.0,-44.125,171.575,12.417630594412003,12.297630594412004
3555,3947,3.0,-44.125,171.625,12.307362097509213,12.289362097509212
3556,3486,26.0,-44.075,171.675,12.164596291826456,12.008596291826455
3557,3487,20.0,-44.075,171.725,12.06345769944437,11.943457699444371
3558,3488,12.0,-44.025,168.375,13.528827781210566,13.456827781210567
3559,3489,200.0,-44.025,168.425,13.787731632995929,12.58773163299593
3560,3490,349.0,-44.025,168.475,14.04908682655332,11.955086826553321
3561,3491,341.0,-44.025,168.525,14.311004879198663,12.265004879198663
3562,3492,344.0,-44.025,168.575,14.571642715052803,12.507642715052803
3563,3493,41.0,-44.025,168.625,14.829222680762541,14.58322268076254
3564,3494,22.0,-44.025,168.675,15.082050852044631,14.950050852044631
3565,3495,20.0,-44.025,168.725,15.32853476606033,15.20853476606033
3566,3496,15.0,-44.025,168.775,15.567201546957222,15.477201546957222
3567,3497,21.0,-44.025,168.825,15.79671718251302,15.670717182513021
3568,3498,57.0,-44.025,168.875,16.015907449533188,15.673907449533187
3569,3499,1644.0,-44.025,168.925,16.223780654547227,6.359780654547226
3570,3500,218.0,-44.025,168.975,16.419551919794685,15.111551919794685
3571,3664,12.0,-43.975,168.825,15.6291661059131,15.557166105913101
3572,3669,17.0,-43.975,168.875,15.844751566286504,15.742751566286504
3573,3675,297.0,-43.975,168.925,16.05030157899455,14.26830157899455
3574,3680,977.0,-43.975,168.975,16.24515239075845,10.38315239075845
3575,3745,7.0,-43.925,168.925,15.872065476585703,15.830065476585704
3576,3746,14.0,-43.925,168.975,16.065220303167735,15.981220303167735
3577,3501,503.0,-44.025,169.025,16.602668192852434,13.584668192852433
3578,3502,664.0,-44.025,169.075,16.772832490834844,12.788832490834844
3579,3503,828.0,-44.025,169.125,16.93002517563764,11.962025175637638
3580,3685,703.0,-43.975,169.025,16.428864146773776,12.210864146773776
3581,3686,732.0,-43.975,169.075,16.601241398966522,12.209241398966522
3582,3687,845.0,-43.975,169.125,16.76235041401742,11.692350414017419
3583,3747,31.0,-43.925,169.025,16.24859877525887,16.06259877525887
3584,3748,29.0,-43.925,169.075,16.422088255862036,16.248088255862037
3585,3749,296.0,-43.925,169.125,16.585823066261582,14.809823066261583
3586,3054,153.0,-43.925,169.275,17.02370541790515,16.10570541790515
3587,3131,1234.0,-43.925,169.325,17.154898178259828,9.750898178259828
3588,3504,957.0,-44.025,169.175,17.074519409128698,11.332519409128697
3589,3505,1010.0,-44.025,169.225,17.206887533522604,11.146887533522605
3590,3506,1279.0,-44.025,169.275,17.32799514859107,9.653995148591072
3591,3507,383.0,-44.025,169.325,17.438980246202846,15.140980246202846
3592,3688,181.0,-43.975,169.175,16.91253110207981,15.82653110207981
3593,3689,365.0,-43.975,169.225,17.052401174651095,14.862401174651096
3594,3690,1090.0,-43.975,169.275,17.182850217270243,10.642850217270244
3595,3691,1047.0,-43.975,169.325,17.305021784601195,11.023021784601195
3596,3750,351.0,-43.925,169.175,16.74019428552492,14.634194285524922
3597,3751,1392.0,-43.925,169.225,16.885853012954612,8.533853012954612
3598,3140,1646.0,-43.925,169.375,17.28079331770641,7.404793317706412
3599,3149,608.0,-43.925,169.425,17.402931857051954,13.754931857051954
3600,3150,828.0,-43.925,169.475,17.522985873436483,12.554985873436483
3601,3508,347.0,-44.025,169.375,17.5412159156258,15.459215915625798
3602,3509,1299.0,-44.025,169.425,17.63625667368251,9.84225667368251
3603,3510,1258.0,-44.025,169.475,17.725770078614005,10.177770078614005
3604,3692,319.0,-43.975,169.375,17.42028234792633,15.506282347926332
3605,3693,100.0,-43.975,169.425,17.53017679464392,16.93017679464392
3606,3694,145.0,-43.975,169.475,17.636370943366273,16.766370943366272
3607,3151,423.0,-43.925,169.525,17.642698239951642,15.104698239951642
3608,3152,181.0,-43.925,169.575,17.763808178777253,16.677808178777255
3609,3153,357.0,-43.925,169.625,17.887958457701643,15.745958457701644
3610,3154,329.0,-43.925,169.675,18.01657621787217,16.04257621787217
3611,3511,837.0,-44.025,169.525,17.811456586279746,12.789456586279748
3612,3512,1774.0,-44.025,169.575,17.894961338795838,7.25096133879584
3613,3513,651.0,-44.025,169.625,17.97778173072402,14.07178173072402
3614,3514,1756.0,-44.025,169.675,18.06117449755402,7.525174497554021
3615,3695,1440.0,-43.975,169.525,17.74058190265714,9.10058190265714
3616,3696,1577.0,-43.975,169.575,17.844496790583435,8.382496790583435
3617,3697,2127.0,-43.975,169.625,17.949679172756078,5.187679172756079
3618,3698,1601.0,-43.975,169.675,18.057460529094897,8.451460529094897
3619,3155,1451.0,-43.925,169.725,18.15071369816178,9.444713698161781
3620,3156,1272.0,-43.925,169.775,18.290827562060258,10.658827562060258
3621,3157,844.0,-43.925,169.825,18.436467903829907,13.372467903829907
3622,3515,1486.0,-44.025,169.725,18.14606638115947,9.230066381159473
3623,3516,1842.0,-44.025,169.775,18.232974047397875,7.180974047397873
3624,3517,604.0,-44.025,169.825,18.321942629059777,14.697942629059778
3625,3699,1029.0,-43.975,169.725,18.168811320720124,11.994811320720125
3626,3700,1814.0,-43.975,169.775,18.284183493489763,7.400183493489763
3627,3701,648.0,-43.975,169.825,18.40331558680282,14.515315586802819
3628,3158,1509.0,-43.925,169.875,18.58584802228961,9.53184802228961
3629,3159,1470.0,-43.925,169.925,18.735298671054807,9.915298671054808
3630,3160,1028.0,-43.925,169.975,18.87873975144612,12.71073975144612
3631,3161,2232.0,-43.925,170.025,18.89,5.498000000000001
3632,3518,1656.0,-44.025,169.875,18.41251743158773,8.476517431587732
3633,3519,586.0,-44.025,169.925,18.503764753282667,14.987764753282667
3634,3520,1886.0,-44.025,169.975,18.594340551260757,7.278340551260758
3635,3521,1860.0,-44.025,170.025,18.682549145434677,7.522549145434677
3636,3702,2355.0,-43.975,169.875,18.524998636353303,4.394998636353302
3637,3703,1069.0,-43.975,169.925,18.64682890435779,12.23282890435779
3638,3704,1103.0,-43.975,169.975,18.765043642726596,12.147043642726597
3639,3705,2072.0,-43.975,170.025,18.874650395429853,6.442650395429855
3640,3162,1507.0,-43.925,170.075,18.89,9.848
3641,3163,565.0,-43.925,170.125,18.89,15.5
3642,3164,524.0,-43.925,170.175,18.89,15.746
3643,3165,887.0,-43.925,170.225,18.89,13.568000000000001
3644,3522,1579.0,-44.025,170.075,18.76625658535977,9.292256585359771
3645,3523,660.0,-44.025,170.125,18.84255307886997,14.88255307886997
3646,3524,524.0,-44.025,170.175,18.89,15.746
3647,3525,643.0,-44.025,170.225,18.89,15.032
3648,3706,1443.0,-43.975,170.075,18.89,10.232000000000001
3649,3707,754.0,-43.975,170.125,18.89,14.366
3650,3708,524.0,-43.975,170.175,18.89,15.746
3651,3709,670.0,-43.975,170.225,18.89,14.870000000000001
3652,3166,1079.0,-43.925,170.275,18.89,12.416
3653,3167,965.0,-43.925,170.325,18.89,13.100000000000001
3654,3168,962.0,-43.925,170.375,18.89,13.118000000000002
3655,3526,736.0,-44.025,170.275,18.89,14.474
3656,3527,799.0,-44.025,170.325,18.89,14.096
3657,3528,791.0,-44.025,170.375,18.89,14.144000000000002
3658,3710,823.0,-43.975,170.275,18.89,13.952000000000002
3659,3711,823.0,-43.975,170.325,18.89,13.952000000000002
3660,3712,842.0,-43.975,170.375,18.89,13.838000000000001
3661,3020,737.0,-44.025,170.475,18.545608362888743,14.123608362888742
3662,3138,825.0,-44.025,170.525,18.213715744788715,13.263715744788716
3663,3147,1087.0,-44.025,170.575,17.824279997249505,11.302279997249506
3664,3169,850.0,-43.925,170.425,18.82954065431113,13.729540654311132
3665,3170,774.0,-43.925,170.475,18.568048188673856,13.924048188673856
3666,3171,710.0,-43.925,170.525,18.230640684153514,13.970640684153514
3667,3172,894.0,-43.925,170.575,17.839153353630536,12.475153353630535
3668,3529,740.0,-44.025,170.425,18.782666440150933,14.342666440150932
3669,3713,831.0,-43.975,170.425,18.861381523995988,13.875381523995987
3670,3714,878.0,-43.975,170.475,18.608163398076613,13.340163398076612
3671,3715,759.0,-43.975,170.525,18.264328200723867,13.710328200723868
3672,3716,918.0,-43.975,170.575,17.866077970083097,12.358077970083098
3673,3173,1720.0,-43.925,170.625,17.411688274407425,7.091688274407426
3674,3174,1490.0,-43.925,170.675,16.961214678551187,8.021214678551187
3675,3175,1038.0,-43.925,170.725,16.497846494945406,10.269846494945405
3676,3249,926.0,-44.025,170.625,17.395924630151967,11.839924630151966
3677,3255,544.0,-44.025,170.675,16.94145802707044,13.67745802707044
3678,3261,434.0,-44.025,170.725,16.471240303691957,13.867240303691958
3679,3717,1217.0,-43.975,170.625,17.431906563616394,10.129906563616395
3680,3718,1146.0,-43.975,170.675,16.974277574934604,10.098277574934603
3681,3719,677.0,-43.975,170.725,16.5031295251938,12.4411295251938
3682,3176,964.0,-43.925,170.775,16.03021473204808,10.246214732048081
3683,3177,622.0,-43.925,170.825,15.566180279363834,11.834180279363835
3684,3178,575.0,-43.925,170.875,15.113200348530881,11.663200348530882
3685,3179,730.0,-43.925,170.925,14.6784851296934,10.2984851296934
3686,3327,423.0,-44.025,170.775,15.994415109406873,13.456415109406873
3687,3367,394.0,-44.025,170.825,15.519519735460563,13.155519735460562
3688,3374,395.0,-44.025,170.875,15.05484015735692,12.68484015735692
3689,3381,348.0,-44.025,170.925,14.608621209998091,12.52062120999809
3690,3720,534.0,-43.975,170.775,16.027159783228853,12.823159783228853
3691,3721,453.0,-43.975,170.825,15.554441941781988,12.836441941781988
3692,3722,394.0,-43.975,170.875,15.092753892033215,12.728753892033215
3693,3723,721.0,-43.975,170.925,14.649729539932196,10.323729539932195
3694,3180,618.0,-43.925,170.975,14.268992380962118,10.560992380962118
3695,3181,1136.0,-43.925,171.025,13.891275233224405,7.0752752332244055
3696,3182,686.0,-43.925,171.075,13.551215442646935,9.435215442646935
3697,3183,610.0,-43.925,171.125,13.253745581239855,9.593745581239855
3698,3388,577.0,-44.025,170.975,14.18913117851207,10.72713117851207
3699,3397,599.0,-44.025,171.025,13.804487283921844,10.210487283921845
3700,3401,328.0,-44.025,171.075,13.462065827950028,11.494065827950028
3701,3408,295.0,-44.025,171.125,13.167374001684948,11.397374001684948
3702,3724,732.0,-43.975,170.975,14.2328484967029,9.8408484967029
3703,3725,1211.0,-43.975,171.025,13.849228746938024,6.583228746938025
3704,3726,916.0,-43.975,171.075,13.505191859953811,8.009191859953813
3705,3727,592.0,-43.975,171.125,13.20569777259152,9.65369777259152
3706,3184,447.0,-43.925,171.175,13.002740972857282,10.320740972857282
3707,3185,424.0,-43.925,171.225,12.80116134837408,10.25716134837408
3708,3186,250.0,-43.925,171.275,12.651165416515141,11.151165416515141
3709,3415,240.0,-44.025,171.175,12.922815140805142,11.482815140805142
3710,3422,189.0,-44.025,171.225,12.728135303804265,11.594135303804265
3711,3429,170.0,-44.025,171.275,12.584508021745933,11.564508021745933
3712,3728,524.0,-43.975,171.175,12.95405626124466,9.81005626124466
3713,3729,228.0,-43.975,171.225,12.752526909085645,11.384526909085645
3714,3730,206.0,-43.975,171.275,12.603252797321147,11.367252797321147
3715,3187,243.0,-43.925,171.325,12.551560951373176,11.093560951373176
3716,3188,217.0,-43.925,171.375,12.494718979986828,11.192718979986829
3717,3189,193.0,-43.925,171.425,12.468946867068553,11.310946867068553
3718,3190,170.0,-43.925,171.475,12.461085785988871,11.441085785988871
3719,3436,147.0,-44.025,171.325,12.495677912395877,11.613677912395877
3720,3443,137.0,-44.025,171.375,12.452923190112415,11.630923190112416
3721,3531,127.0,-44.025,171.425,12.431115583269275,11.669115583269274
3722,3544,108.0,-44.025,171.475,12.408662629357423,11.760662629357423
3723,3731,202.0,-43.975,171.325,12.50589416215007,11.293894162150071
3724,3732,186.0,-43.975,171.375,12.451983362099782,11.335983362099782
3725,3733,164.0,-43.975,171.425,12.425143878364906,11.441143878364906
3726,3734,138.0,-43.975,171.475,12.408329453272927,11.580329453272928
3727,3191,148.0,-43.925,171.525,12.459266135113467,11.571266135113467
3728,3192,129.0,-43.925,171.575,12.453916063010183,11.679916063010182
3729,3193,111.0,-43.925,171.625,12.437728627060096,11.771728627060096
3730,3550,90.0,-44.025,171.525,12.374491366315851,11.834491366315852
3731,3556,71.0,-44.025,171.575,12.324612359209823,11.898612359209823
3732,3562,57.0,-44.025,171.625,12.259469319481468,11.917469319481468
3733,3735,120.0,-43.975,171.525,12.388911778085458,11.668911778085457
3734,3736,98.0,-43.975,171.575,12.359063591475206,11.771063591475206
3735,3737,84.0,-43.975,171.625,12.31504666048022,11.811046660480221
3736,3194,97.0,-43.925,171.675,12.406498727860708,11.824498727860707
3737,3195,90.0,-43.925,171.725,12.366123878045983,11.826123878045983
3738,3196,82.0,-43.925,171.775,12.35306135781775,11.861061357817752
3739,3197,74.0,-43.925,171.825,12.33530334823081,11.891303348230808
3740,3642,48.0,-44.025,171.675,12.183491285472883,11.895491285472882
3741,3647,43.0,-44.025,171.725,12.104384253853823,11.846384253853824
3742,3650,35.0,-44.025,171.775,12.026668588870052,11.816668588870051
3743,3654,29.0,-44.025,171.825,11.94163967386612,11.767639673866121
3744,3738,71.0,-43.975,171.675,12.258273844592622,11.832273844592622
3745,3739,66.0,-43.975,171.725,12.199028557951351,11.80302855795135
3746,3740,52.0,-43.975,171.775,12.150747507705091,11.838747507705092
3747,3741,51.0,-43.975,171.825,12.097260171581183,11.791260171581184
3748,3198,67.0,-43.925,171.875,12.248417418653844,11.846417418653845
3749,3199,59.0,-43.925,171.925,12.086899951844316,11.732899951844317
3750,3200,47.0,-43.925,171.975,11.865512043958006,11.583512043958006
3751,3659,0.0,-44.025,171.875,11.832069226941712,11.832069226941712
3752,3742,40.0,-43.975,171.875,12.00442202353588,11.76442202353588
3753,3743,32.0,-43.975,171.925,11.858116233348483,11.666116233348482
3754,3744,22.0,-43.975,171.975,11.66252244619318,11.53052244619318
3755,3201,35.0,-43.925,172.025,11.601837761983006,11.391837761983005
3756,3202,21.0,-43.925,172.075,11.312702899253054,11.186702899253055
3757,3203,9.0,-43.875,169.025,16.0617010686492,16.0077010686492
3758,3204,567.0,-43.875,169.075,16.23513281648229,12.833132816482292
3759,3205,45.0,-43.875,169.125,16.40011987125399,16.130119871253992
3760,3423,19.0,-43.825,169.075,16.04028336394549,15.92628336394549
3761,3430,20.0,-43.825,169.125,16.205099519986106,16.085099519986105
3762,3206,1096.0,-43.875,169.175,16.557085960208497,9.981085960208496
3763,3207,273.0,-43.875,169.225,16.706698531379516,15.068698531379516
3764,3208,468.0,-43.875,169.275,16.849865075437265,14.041865075437265
3765,3209,895.0,-43.875,169.325,16.98772171580822,11.617721715808221
3766,3262,81.0,-43.775,169.175,16.158012223739206,15.672012223739205
3767,3268,694.0,-43.775,169.225,16.309775208557767,12.145775208557767
3768,3362,422.0,-43.775,169.275,16.45697130776898,13.924971307768981
3769,3377,345.0,-43.775,169.325,16.600640504409967,14.530640504409966
3770,3437,85.0,-43.825,169.175,16.363003735072198,15.853003735072198
3771,3444,541.0,-43.825,169.225,16.514658517173302,13.268658517173302
3772,3532,1072.0,-43.825,169.275,16.660950910683823,10.228950910683823
3773,3541,615.0,-43.825,169.325,16.802983575968028,13.112983575968029
3774,3984,6.0,-43.725,169.275,16.2383656102611,16.202365610261097
3775,3985,791.0,-43.725,169.325,16.381170527696668,11.635170527696669
3776,3210,1774.0,-43.875,169.375,17.121613208299095,6.477613208299097
3777,3211,883.0,-43.875,169.425,17.253063597658183,11.955063597658183
3778,3212,1857.0,-43.875,169.475,17.38373659840363,6.24173659840363
3779,3384,204.0,-43.775,169.375,16.742008946670467,15.518008946670466
3780,3390,1205.0,-43.775,169.425,16.882468888843505,9.652468888843504
3781,3392,633.0,-43.775,169.475,17.023550706669084,13.225550706669084
3782,3547,954.0,-43.825,169.375,16.94205883676659,11.218058836766591
3783,3553,1248.0,-43.825,169.425,17.079654885686978,9.591654885686978
3784,3559,623.0,-43.825,169.475,17.217392983636273,13.479392983636274
3785,3986,480.0,-43.725,169.375,16.52197523644736,13.641975236447362
3786,3987,68.0,-43.725,169.425,16.662040646382593,16.25404064638259
3787,3988,141.0,-43.725,169.475,16.802750677353288,15.956750677353288
3788,3213,1187.0,-43.875,169.525,17.515384042213554,10.393384042213555
3789,3214,913.0,-43.875,169.575,17.649779126382782,12.17177912638278
3790,3215,478.0,-43.875,169.625,17.78862827069588,14.92062827069588
3791,3216,1091.0,-43.875,169.675,17.933450544136576,11.387450544136577
3792,3395,83.0,-43.775,169.525,17.166884927113642,16.66888492711364
3793,3403,1120.0,-43.775,169.575,17.31415067216585,10.594150672165853
3794,3410,395.0,-43.775,169.625,17.467004329927477,15.097004329927476
3795,3417,1592.0,-43.775,169.675,17.62697809781821,8.07497809781821
3796,3565,362.0,-43.825,169.525,17.356993617456283,15.184993617456282
3797,3644,1165.0,-43.825,169.575,17.500217881791286,10.510217881791286
3798,3652,1850.0,-43.825,169.625,17.648787397568412,6.548787397568413
3799,3657,2223.0,-43.825,169.675,17.804271243087896,4.466271243087897
3800,3989,634.0,-43.725,169.525,16.94557751459979,13.14157751459979
3801,3990,1156.0,-43.725,169.575,17.09203441018417,10.15603441018417
3802,3991,958.0,-43.725,169.625,17.243610602824447,11.495610602824446
3803,3992,580.0,-43.725,169.675,17.401679483718908,13.921679483718908
3804,3217,387.0,-43.875,169.725,18.085406063934897,15.763406063934898
3805,3218,1386.0,-43.875,169.775,18.245043549358343,9.929043549358344
3806,3219,1793.0,-43.875,169.825,18.41192177931407,7.6539217793140715
3807,3424,1373.0,-43.775,169.725,17.795331438269386,9.557331438269387
3808,3431,1443.0,-43.775,169.775,17.97282799300865,9.31482799300865
3809,3438,1152.0,-43.775,169.825,18.159393397910208,11.247393397910209
3810,3662,1387.0,-43.825,169.725,17.96792070002084,9.645920700020842
3811,3667,798.0,-43.825,169.775,18.140420594721945,13.352420594721945
3812,3672,1397.0,-43.825,169.825,18.32150707038909,9.939507070389089
3813,3993,868.0,-43.725,169.725,17.567365587143286,12.359365587143287
3814,3994,1584.0,-43.725,169.775,17.74134678383325,8.237346783833251
3815,3995,946.0,-43.725,169.825,17.923552085143456,12.247552085143456
3816,3220,1465.0,-43.875,169.875,18.58404232300836,9.794042323008362
3817,3221,2094.0,-43.875,169.925,18.757026815144854,6.193026815144854
3818,3222,773.0,-43.875,169.975,18.89,14.252
3819,3223,2360.0,-43.875,170.025,18.89,4.73
3820,3445,1029.0,-43.775,169.875,18.353579802501372,12.179579802501372
3821,3533,1810.0,-43.775,169.925,18.551704088547922,7.691704088547921
3822,3540,1930.0,-43.775,169.975,18.74637730138693,7.1663773013869285
3823,3546,1506.0,-43.775,170.025,18.89,9.854000000000001
3824,3677,1618.0,-43.825,169.875,18.509370832632158,8.801370832632157
3825,3682,1118.0,-43.825,169.925,18.699712089854984,11.991712089854985
3826,3764,1034.0,-43.825,169.975,18.884226159165337,12.680226159165336
3827,3767,1940.0,-43.825,170.025,18.89,7.250000000000002
3828,3996,1250.0,-43.725,169.875,18.11268627953541,10.61268627953541
3829,3997,1082.0,-43.725,169.925,18.305455802919823,11.813455802919822
3830,3998,1702.0,-43.725,169.975,18.49524298149663,8.283242981496631
3831,3999,2257.0,-43.725,170.025,18.669572566320312,5.127572566320312
3832,3224,1456.0,-43.875,170.075,18.89,10.154
3833,3225,555.0,-43.875,170.125,18.89,15.56
3834,3226,570.0,-43.875,170.175,18.89,15.47
3835,3227,1036.0,-43.875,170.225,18.89,12.674000000000001
3836,3552,1459.0,-43.775,170.075,18.89,10.136000000000001
3837,3558,648.0,-43.775,170.125,18.89,15.002
3838,3564,1108.0,-43.775,170.175,18.89,12.242
3839,3643,1237.0,-43.775,170.225,18.89,11.468000000000002
3840,3771,1059.0,-43.825,170.075,18.89,12.536000000000001
3841,3775,588.0,-43.825,170.125,18.89,15.362
3842,3779,796.0,-43.825,170.175,18.89,14.114
3843,3783,988.0,-43.825,170.225,18.89,12.962
3844,4000,1230.0,-43.725,170.075,18.803328738763412,11.423328738763413
3845,4109,1318.0,-43.725,170.125,18.832414926582715,10.924414926582715
3846,4127,692.0,-43.725,170.175,18.7732597272161,14.6212597272161
3847,4137,1392.0,-43.725,170.225,18.672674807090516,10.320674807090516
3848,3228,1294.0,-43.875,170.275,18.89,11.126000000000001
3849,3229,1391.0,-43.875,170.325,18.89,10.544
3850,3230,1233.0,-43.875,170.375,18.89,11.492
3851,3646,1742.0,-43.775,170.275,18.84962112554149,8.39762112554149
3852,3651,1873.0,-43.775,170.325,18.7001646093031,7.462164609303102
3853,3656,1877.0,-43.775,170.375,18.51862696371245,7.256626963712451
3854,3787,1843.0,-43.825,170.275,18.89,7.832000000000001
3855,3791,1990.0,-43.825,170.325,18.89,6.950000000000001
3856,3795,1561.0,-43.825,170.375,18.757121158103473,9.391121158103473
3857,4144,1130.0,-43.725,170.275,18.544116171779933,11.764116171779932
3858,4153,1868.0,-43.725,170.325,18.39077927420658,7.182779274206579
3859,4162,1546.0,-43.725,170.375,18.210971152550883,8.934971152550883
3860,3231,816.0,-43.875,170.425,18.71947658231329,13.82347658231329
3861,3232,736.0,-43.875,170.475,18.45286012800898,14.036860128008978
3862,3233,710.0,-43.875,170.525,18.125109785589302,13.865109785589302
3863,3234,830.0,-43.875,170.575,17.74850941852401,12.768509418524008
3864,3661,1736.0,-43.775,170.425,18.300350721466202,7.884350721466204
3865,3666,1591.0,-43.775,170.475,18.04199853162845,8.495998531628452
3866,3671,715.0,-43.775,170.525,17.743813338436667,13.453813338436667
3867,3676,753.0,-43.775,170.575,17.40988377133999,12.891883771339991
3868,3799,1121.0,-43.825,170.425,18.54136444913638,11.815364449136382
3869,3803,1169.0,-43.825,170.475,18.275236641689844,11.261236641689845
3870,3804,710.0,-43.825,170.525,17.95998833088379,13.699988330883789
3871,3805,762.0,-43.825,170.575,17.602710654364273,13.030710654364274
3872,4266,1630.0,-43.725,170.425,18.001267690054192,8.221267690054193
3873,4279,1807.0,-43.725,170.475,17.758947264995186,6.916947264995185
3874,4287,736.0,-43.725,170.525,17.48356348901052,13.06756348901052
3875,4378,760.0,-43.725,170.575,17.177368347102856,12.617368347102857
3876,3235,1220.0,-43.875,170.625,17.336963437683153,10.016963437683152
3877,3236,1794.0,-43.875,170.675,16.90239324121376,6.138393241213757
3878,3237,1786.0,-43.875,170.725,16.454681529626214,5.738681529626215
3879,3681,1188.0,-43.775,170.625,17.04681581010209,9.918815810102089
3880,3756,1635.0,-43.775,170.675,16.66220183119458,6.852201831194579
3881,3759,1581.0,-43.775,170.725,16.263700170292395,6.777700170292395
3882,3806,1007.0,-43.825,170.625,17.213137236795774,11.171137236795774
3883,3807,1883.0,-43.825,170.675,16.801064868823232,5.503064868823234
3884,3808,2281.0,-43.825,170.725,16.375444907314886,2.689444907314888
3885,4384,1101.0,-43.725,170.625,16.84479118434865,10.238791184348651
3886,4390,1920.0,-43.725,170.675,16.491580365378468,4.971580365378468
3887,4396,1437.0,-43.725,170.725,16.124096286846907,7.502096286846907
3888,3238,1941.0,-43.875,170.775,16.00235349596187,4.356353495961871
3889,3239,790.0,-43.875,170.825,15.553130936952584,10.813130936952584
3890,3240,750.0,-43.875,170.875,15.114268710613942,10.614268710613942
3891,3241,711.0,-43.875,170.925,14.692713661155722,10.426713661155722
3892,3762,1357.0,-43.775,170.775,15.858697941147511,7.716697941147512
3893,3768,2002.0,-43.775,170.825,15.454272102611867,3.4422721026118683
3894,3772,1737.0,-43.775,170.875,15.057240639036536,4.635240639036535
3895,3776,1115.0,-43.775,170.925,14.674205274835913,7.9842052748359125
3896,3809,2027.0,-43.825,170.775,15.944376258335978,3.7823762583359795
3897,3810,1439.0,-43.825,170.825,15.515336392041718,6.881336392041717
3898,3811,809.0,-43.825,170.875,15.095388784248826,10.241388784248826
3899,3812,1340.0,-43.825,170.925,14.691300031142418,6.651300031142419
3900,4400,1539.0,-43.725,170.775,15.748898877915053,6.514898877915053
3901,4403,1144.0,-43.725,170.825,15.372560441169298,8.508560441169298
3902,4410,659.0,-43.725,170.875,15.001594107307028,11.047594107307027
3903,4412,1511.0,-43.725,170.925,14.642419539602088,5.576419539602089
3904,3242,547.0,-43.875,170.975,14.295123916225748,11.013123916225748
3905,3243,724.0,-43.875,171.025,13.92777831832882,9.583778318328818
3906,3244,973.0,-43.875,171.075,13.596415218138645,7.758415218138645
3907,3245,544.0,-43.875,171.125,13.306060048712425,10.042060048712425
3908,3780,1018.0,-43.775,170.975,14.311551299661915,8.203551299661914
3909,3784,1176.0,-43.775,171.025,13.975399524544628,6.919399524544628
3910,3788,1075.0,-43.775,171.075,13.671516506987246,7.221516506987245
3911,3792,1359.0,-43.775,171.125,13.405187432345883,5.251187432345883
3912,3813,1127.0,-43.825,170.975,14.309563128023001,7.547563128023001
3913,3814,644.0,-43.825,171.025,13.956342439622858,10.092342439622858
3914,3815,514.0,-43.825,171.075,13.63736459957181,10.553364599571811
3915,3816,546.0,-43.825,171.125,13.35778071277582,10.08178071277582
3916,4415,1444.0,-43.725,170.975,14.301324649344679,5.637324649344679
3917,4420,1076.0,-43.725,171.025,13.98440616303742,7.52840616303742
3918,4425,623.0,-43.725,171.075,13.697482729518924,9.959482729518925
3919,4432,420.0,-43.725,171.125,13.445974183094222,10.925974183094223
3920,3031,876.0,-43.875,171.175,13.060893568949723,7.804893568949724
3921,3110,914.0,-43.875,171.225,12.86413300724871,7.380133007248711
3922,3112,303.0,-43.875,171.275,12.71780337963628,10.89980337963628
3923,3796,635.0,-43.775,171.175,13.181039301794954,9.371039301794955
3924,3801,477.0,-43.775,171.225,13.002767644717096,10.140767644717096
3925,3817,984.0,-43.825,171.175,13.122005707268727,7.218005707268727
3926,3818,669.0,-43.825,171.225,12.933485666453635,8.919485666453635
3927,3819,364.0,-43.825,171.275,12.794195901528838,10.610195901528837
3928,3857,422.0,-43.775,171.275,12.872688124441083,10.340688124441083
3929,4439,481.0,-43.725,171.175,13.234731598513463,10.348731598513464
3930,4521,877.0,-43.725,171.225,13.067791564117215,7.805791564117215
3931,4523,814.0,-43.725,171.275,12.948039395032538,8.064039395032538
3932,3114,289.0,-43.875,171.325,12.62080561604671,10.88680561604671
3933,3116,260.0,-43.875,171.375,12.567331132791878,11.007331132791878
3934,3118,229.0,-43.875,171.425,12.548807995598509,11.174807995598508
3935,3120,199.0,-43.875,171.475,12.555173012675368,11.36117301267537
3936,3820,348.0,-43.825,171.325,12.703583865995824,10.615583865995823
3937,3821,299.0,-43.825,171.375,12.657995921718793,10.863995921718793
3938,3822,257.0,-43.825,171.425,12.65138056973501,11.109380569735011
3939,3823,236.0,-43.825,171.475,12.676231571968856,11.260231571968855
3940,3859,385.0,-43.775,171.325,12.79116099804287,10.481160998042869
3941,3899,317.0,-43.775,171.375,12.756290786232057,10.854290786232058
3942,3902,303.0,-43.775,171.425,12.764146697020806,10.946146697020806
3943,3904,279.0,-43.775,171.475,12.809259268352434,11.135259268352435
3944,4525,461.0,-43.725,171.325,12.87684080789677,10.11084080789677
3945,4527,373.0,-43.725,171.375,12.853788161786724,10.615788161786725
3946,4529,349.0,-43.725,171.425,12.876635370817894,10.782635370817895
3947,4531,306.0,-43.725,171.475,12.941346286715088,11.105346286715088
3948,3122,184.0,-43.875,171.525,12.576351938027983,11.472351938027984
3949,3125,159.0,-43.875,171.575,12.603185235944693,11.649185235944692
3950,3127,138.0,-43.875,171.625,12.627773626600174,11.799773626600174
3951,3824,216.0,-43.825,171.525,12.724552831673464,11.428552831673464
3952,3825,188.0,-43.825,171.575,12.78875635960685,11.66075635960685
3953,3826,167.0,-43.825,171.625,12.862570737274837,11.860570737274836
3954,3906,247.0,-43.775,171.525,12.885213211961855,11.403213211961855
3955,3908,214.0,-43.775,171.575,12.985297241056287,11.701297241056286
3956,3910,197.0,-43.775,171.625,13.103143324452503,11.921143324452503
3957,4533,262.0,-43.725,171.525,13.042171491858426,11.470171491858427
3958,4535,253.0,-43.725,171.575,13.171692528294443,11.653692528294442
3959,4537,239.0,-43.725,171.625,13.320563132629104,11.886563132629105
3960,3133,124.0,-43.875,171.675,12.644072136721661,11.900072136721661
3961,3144,116.0,-43.875,171.725,12.65243757915232,11.95643757915232
3962,3247,109.0,-43.875,171.775,12.680363327281157,12.026363327281157
3963,3252,102.0,-43.875,171.825,12.672314648561951,12.06031464856195
3964,3827,154.0,-43.825,171.675,12.942388286988717,12.018388286988717
3965,3828,147.0,-43.825,171.725,13.028200368120451,12.146200368120452
3966,3829,141.0,-43.825,171.775,13.104039598172676,12.258039598172676
3967,3830,134.0,-43.825,171.825,13.072973802974047,12.268973802974047
3968,3912,188.0,-43.775,171.675,13.232730878612529,12.104730878612528
3969,3914,183.0,-43.775,171.725,13.364254884481852,12.266254884481851
3970,3916,177.0,-43.775,171.775,13.46339231707043,12.40139231707043
3971,3959,161.0,-43.775,171.825,13.418843292904057,12.452843292904058
3972,4539,229.0,-43.725,171.675,13.475871080901925,12.101871080901924
3973,4541,222.0,-43.725,171.725,13.615364489987769,12.283364489987768
3974,4543,208.0,-43.725,171.775,13.695159540713576,12.447159540713576
3975,4545,192.0,-43.725,171.825,13.654948642046293,12.502948642046293
3976,3264,94.0,-43.875,171.875,12.561978528190593,11.997978528190593
3977,3266,86.0,-43.875,171.925,12.36515420375963,11.84915420375963
3978,3270,73.0,-43.875,171.975,12.106753369584112,11.668753369584111
3979,3831,124.0,-43.825,171.875,12.909846988758545,12.165846988758545
3980,3832,108.0,-43.825,171.925,12.667518496150478,12.019518496150479
3981,3833,92.0,-43.825,171.975,12.370493780606012,11.818493780606012
3982,3960,148.0,-43.775,171.875,13.228007204136702,12.340007204136702
3983,3961,131.0,-43.775,171.925,12.960249637068046,12.174249637068046
3984,3962,111.0,-43.775,171.975,12.638794982547552,11.972794982547551
3985,4547,169.0,-43.725,171.875,13.486173885111384,12.472173885111385
3986,4549,151.0,-43.725,171.925,13.225914347898652,12.319914347898651
3987,4551,132.0,-43.725,171.975,12.90187302065624,12.10987302065624
3988,3370,56.0,-43.875,172.025,11.806345155164308,11.470345155164308
3989,3376,43.0,-43.875,172.075,11.480535269692155,11.222535269692155
3990,3383,32.0,-43.875,172.125,11.145297584493164,10.953297584493164
3991,3391,16.0,-43.875,172.175,10.817329351209082,10.721329351209082
3992,3834,78.0,-43.825,172.025,12.03455842821404,11.56655842821404
3993,3835,63.0,-43.825,172.075,11.673738929195679,11.295738929195679
3994,3836,51.0,-43.825,172.125,11.302586402840461,10.996586402840462
3995,3837,40.0,-43.825,172.175,10.93739046661176,10.69739046661176
3996,3963,99.0,-43.775,172.025,12.277730475046155,11.683730475046156
3997,3964,86.0,-43.775,172.075,11.889689405054014,11.373689405054014
3998,3965,70.0,-43.775,172.125,11.488260716650984,11.068260716650984
3999,3966,52.0,-43.775,172.175,11.089334430832423,10.777334430832424
4000,4553,114.0,-43.725,172.025,12.531341280347078,11.847341280347079
4001,4555,102.0,-43.725,172.075,12.128076161017816,11.516076161017816
4002,4557,78.0,-43.725,172.125,11.705865400695075,11.237865400695075
4003,4560,62.0,-43.725,172.175,11.280645186797301,10.908645186797301
4004,3396,10.0,-43.875,172.225,10.514773412827708,10.454773412827707
4005,3402,3.0,-43.875,172.275,10.472,10.453999999999999
4006,3838,29.0,-43.825,172.225,10.596990403682867,10.422990403682867
4007,3839,17.0,-43.825,172.275,10.472,10.37
4008,3840,9.0,-43.825,172.325,10.472,10.418
4009,3841,1.0,-43.825,172.375,10.472,10.466
4010,3967,37.0,-43.775,172.225,10.7121235579134,10.490123557913401
4011,3968,23.0,-43.775,172.275,10.472,10.334
4012,3969,11.0,-43.775,172.325,10.472,10.405999999999999
4013,3970,1.0,-43.775,172.375,10.472,10.466
4014,4561,50.0,-43.725,172.225,10.871973234055986,10.571973234055985
4015,4562,32.0,-43.725,172.275,10.504108436720344,10.312108436720344
4016,4563,19.0,-43.725,172.325,10.472,10.357999999999999
4017,4564,10.0,-43.725,172.375,10.472,10.411999999999999
4018,3842,1.0,-43.825,172.425,10.472,10.466
4019,3843,1.0,-43.825,172.475,10.472,10.466
4020,3844,3.0,-43.825,172.525,10.472,10.453999999999999
4021,3971,1.0,-43.775,172.425,10.472,10.466
4022,3972,1.0,-43.775,172.475,10.472,10.466
4023,3973,1.0,-43.775,172.525,10.472,10.466
4024,4565,1.0,-43.725,172.425,10.472,10.466
4025,4566,1.0,-43.725,172.475,10.472,10.466
4026,4567,6.0,-43.725,172.525,10.59730090055018,10.561300900550181
4027,3845,7.0,-43.825,172.575,10.645307916871388,10.603307916871389
4028,3846,1.0,-43.825,172.625,10.98377202190568,10.977772021905679
4029,3847,9.0,-43.825,172.675,11.291563392046555,11.237563392046555
4030,3848,137.0,-43.825,172.725,11.533992302932347,10.711992302932348
4031,3974,1.0,-43.775,172.575,10.848289007974927,10.842289007974927
4032,3975,1.0,-43.775,172.625,11.26635231295586,11.26035231295586
4033,3976,144.0,-43.775,172.675,11.628006366966474,10.764006366966473
4034,3977,277.0,-43.775,172.725,11.894462712261884,10.232462712261885
4035,4568,10.0,-43.725,172.575,11.114768936718974,11.054768936718974
4036,4569,20.0,-43.725,172.625,11.620551327966496,11.500551327966496
4037,4570,287.0,-43.725,172.675,12.029240521214888,10.307240521214888
4038,4571,144.0,-43.725,172.725,12.303318076707,11.439318076707
4039,3026,617.0,-43.825,172.825,11.766652450580295,8.064652450580295
4040,3137,520.0,-43.825,172.875,11.756404055184248,8.636404055184247
4041,3409,164.0,-43.875,172.875,11.451288419939374,10.467288419939374
4042,3849,397.0,-43.825,172.775,11.693690604698531,9.311690604698532
4043,3978,169.0,-43.775,172.775,12.052718985390129,11.03871898539013
4044,3979,475.0,-43.775,172.825,12.106300975613522,9.256300975613522
4045,3980,397.0,-43.775,172.875,12.06572383582079,9.68372383582079
4046,4572,545.0,-43.725,172.775,12.440709011748368,9.170709011748368
4047,4573,378.0,-43.725,172.825,12.456958679361378,10.188958679361377
4048,4574,414.0,-43.725,172.875,12.37125256235504,9.88725256235504
4049,3146,243.0,-43.825,172.975,11.498639522893427,10.040639522893427
4050,3248,478.0,-43.825,173.025,11.247103348253404,8.379103348253404
4051,3254,267.0,-43.825,173.075,10.967170722627088,9.365170722627088
4052,3416,309.0,-43.875,172.975,11.2438579379168,9.389857937916801
4053,3981,186.0,-43.775,172.975,11.731969184782429,10.61596918478243
4054,3982,338.0,-43.775,173.025,11.442281247066603,9.414281247066603
4055,3983,399.0,-43.775,173.075,11.122248248299002,8.728248248299002
4056,4575,371.0,-43.725,172.925,12.198571027816797,9.972571027816798
4057,4576,533.0,-43.725,172.975,11.948257214872683,8.750257214872683
4058,4577,85.0,-43.725,173.025,11.636145785222652,11.126145785222652
4059,4578,150.0,-43.725,173.075,11.298260898934132,10.398260898934131
4060,4579,127.0,-43.675,169.375,16.283127723660982,15.521127723660982
4061,4580,120.0,-43.675,169.425,16.41971061995355,15.699710619953548
4062,4581,423.0,-43.675,169.475,16.55652469525012,14.018524695250118
4063,4582,320.0,-43.675,169.525,16.6948168248573,14.774816824857298
4064,4583,227.0,-43.675,169.575,16.835851169674243,15.473851169674242
4065,4584,890.0,-43.675,169.625,16.980846258767087,11.640846258767088
4066,4585,1136.0,-43.675,169.675,17.130887571996027,10.314887571996028
4067,4677,14.0,-43.625,169.525,16.417529866404948,16.333529866404948
4068,4756,18.0,-43.625,169.575,16.54905732165389,16.44105732165389
4069,4758,24.0,-43.625,169.625,16.6828071836253,16.538807183625302
4070,4760,198.0,-43.625,169.675,16.819476185539315,15.631476185539315
4071,4947,11.0,-43.575,169.675,16.47433067210477,16.40833067210477
4072,4065,160.0,-43.575,169.725,16.593770877638235,15.633770877638234
4073,4125,241.0,-43.575,169.775,16.71297191114354,15.266971911143541
4074,4131,86.0,-43.575,169.825,16.830728123029076,16.314728123029077
4075,4586,824.0,-43.675,169.725,17.286802866336075,12.342802866336076
4076,4587,1509.0,-43.675,169.775,17.44897857660999,8.394978576609988
4077,4588,186.0,-43.675,169.825,17.61707811668748,16.50107811668748
4078,4762,630.0,-43.625,169.725,16.959471295614094,13.179471295614094
4079,4764,1101.0,-43.625,169.775,17.102737245520075,10.496737245520075
4080,4766,102.0,-43.625,169.825,17.248499447625363,16.636499447625365
4081,4795,6.0,-43.525,169.725,16.199828603998867,16.163828603998866
4082,4948,15.0,-43.525,169.775,16.29213539552711,16.20213539552711
4083,4956,20.0,-43.525,169.825,16.379184667261143,16.25918466726114
4084,4149,1138.0,-43.575,169.875,16.944890456075882,10.116890456075883
4085,4158,1518.0,-43.575,169.925,17.052029475427844,7.944029475427845
4086,4263,984.0,-43.575,169.975,17.147052469638766,11.243052469638766
4087,4270,870.0,-43.575,170.025,17.222797532032928,12.002797532032929
4088,4589,732.0,-43.675,169.875,17.78958556296402,13.397585562964021
4089,4590,1244.0,-43.675,169.925,17.963014174386444,10.499014174386446
4090,4591,2254.0,-43.675,169.975,18.130425541080513,4.6064255410805135
4091,4592,2481.0,-43.675,170.025,18.278449620540414,3.3924496205404147
4092,4768,691.0,-43.625,169.875,17.394859393460138,13.248859393460137
4093,4770,512.0,-43.625,169.925,17.538113184669783,14.466113184669783
4094,4796,709.0,-43.625,169.975,17.671548322457056,13.417548322457057
4095,4868,1152.0,-43.625,170.025,17.78356188566704,10.871561885667042
4096,4958,304.0,-43.525,169.875,16.45883284728734,14.63483284728734
4097,4960,483.0,-43.525,169.925,16.52831449786845,13.63031449786845
4098,4962,711.0,-43.525,169.975,16.584716910247153,12.318716910247153
4099,4964,1063.0,-43.525,170.025,16.626121249426433,10.248121249426433
4100,4282,1208.0,-43.575,170.075,17.270285446265007,10.022285446265007
4101,4386,2133.0,-43.575,170.125,17.28270214076838,4.4847021407683805
4102,4387,2250.0,-43.575,170.175,17.261283824251223,3.7612838242512225
4103,4388,1149.0,-43.575,170.225,17.213558791798278,10.319558791798277
4104,4593,2105.0,-43.675,170.075,18.381612816097004,5.751612816097003
4105,4594,1421.0,-43.675,170.125,18.40677578125451,9.88077578125451
4106,4595,715.0,-43.675,170.175,18.35884132767751,14.06884132767751
4107,4596,1600.0,-43.675,170.225,18.267129839332483,8.667129839332484
4108,4871,1999.0,-43.625,170.075,17.856886509814103,5.862886509814105
4109,4873,2010.0,-43.625,170.125,17.876225070060173,5.816225070060172
4110,4874,1475.0,-43.625,170.175,17.843069078392546,8.993069078392546
4111,4876,1359.0,-43.625,170.225,17.77191619307905,9.61791619307905
4112,4966,1659.0,-43.525,170.075,16.650466118703662,6.696466118703663
4113,4968,1834.0,-43.525,170.125,16.65508528439659,5.651085284396592
4114,4970,2175.0,-43.525,170.175,16.642588839693417,3.592588839693418
4115,4972,2440.0,-43.525,170.225,16.618319510924266,1.9783195109242673
4116,4405,2218.0,-43.575,170.275,17.14616590307014,3.8381659030701414
4117,4411,1872.0,-43.575,170.325,17.061390036306875,5.829390036306876
4118,4414,1200.0,-43.575,170.375,16.95811682493604,9.758116824936042
4119,4597,1986.0,-43.675,170.275,18.14770880207834,6.231708802078343
4120,4598,2223.0,-43.675,170.325,18.00573538248591,4.66773538248591
4121,4599,1182.0,-43.675,170.375,17.840875497832712,10.748875497832714
4122,4878,1216.0,-43.625,170.275,17.674884671689142,10.378884671689143
4123,4880,1387.0,-43.625,170.325,17.557088043162366,9.235088043162367
4124,4882,1833.0,-43.625,170.375,17.41868911677375,6.420689116773749
4125,4973,2181.0,-43.525,170.275,16.584142487466124,3.4981424874661258
4126,4974,2261.0,-43.525,170.325,16.53771477851751,2.971714778517512
4127,4975,1946.0,-43.525,170.375,16.475123025887115,4.7991230258871145
4128,4431,1534.0,-43.575,170.425,16.83383341651188,7.629833416511881
4129,4438,909.0,-43.575,170.475,16.6861219543498,11.2321219543498
4130,4520,1914.0,-43.575,170.525,16.513528401997974,5.029528401997974
4131,4522,1738.0,-43.575,170.575,16.315961544259153,5.887961544259154
4132,4600,1678.0,-43.675,170.425,17.650667975371107,7.582667975371107
4133,4601,1274.0,-43.675,170.475,17.432767366074586,9.788767366074586
4134,4602,774.0,-43.675,170.525,17.186298970294047,12.542298970294047
4135,4603,1357.0,-43.675,170.575,16.912374937123786,8.770374937123787
4136,4884,1740.0,-43.625,170.425,17.257660006806873,6.817660006806873
4137,4886,832.0,-43.625,170.475,17.071803482096584,12.079803482096583
4138,4888,1472.0,-43.625,170.525,16.859955522872042,8.027955522872041
4139,4890,1621.0,-43.625,170.575,16.6225113482933,6.8965113482933
4140,4976,2079.0,-43.525,170.425,16.392569893576365,3.9185698935763664
4141,4977,1040.0,-43.525,170.475,16.287075748819007,10.047075748819006
4142,4978,1117.0,-43.525,170.525,16.156828231081818,9.454828231081818
4143,4979,2134.0,-43.525,170.575,16.001348978461465,3.1973489784614646
4144,4524,1465.0,-43.575,170.625,16.09476328800247,7.304763288002469
4145,4526,1543.0,-43.575,170.675,15.85257631870536,6.594576318705361
4146,4528,2126.0,-43.575,170.725,15.593117712431194,2.837117712431194
4147,4604,837.0,-43.675,170.625,16.613957793686495,11.591957793686497
4148,4605,1629.0,-43.675,170.675,16.295398329241834,6.521398329241835
4149,4606,1860.0,-43.675,170.725,15.96194284635203,4.801942846352031
4150,4892,901.0,-43.625,170.625,16.36146245384316,10.955462453843161
4151,4894,1049.0,-43.625,170.675,16.080156201327554,9.786156201327554
4152,4896,1949.0,-43.625,170.725,15.78296389317893,4.088963893178931
4153,4980,1486.0,-43.525,170.625,15.821512611552862,6.905512611552863
4154,4981,1774.0,-43.525,170.675,15.619453633114972,4.975453633114974
4155,4982,1117.0,-43.525,170.725,15.398403956144648,8.696403956144648
4156,4530,1127.0,-43.575,170.775,15.320934463228696,8.558934463228695
4157,4532,1389.0,-43.575,170.825,15.041180207553225,6.707180207553225
4158,4534,517.0,-43.575,170.875,14.759425396116058,11.657425396116057
4159,4536,508.0,-43.575,170.925,14.481499504637213,11.433499504637213
4160,4607,1044.0,-43.675,170.775,15.619357355384636,9.355357355384637
4161,4608,1639.0,-43.675,170.825,15.273686986261964,5.439686986261965
4162,4609,718.0,-43.675,170.875,14.931111174655598,10.623111174655598
4163,4610,540.0,-43.675,170.925,14.597849112283257,11.357849112283256
4164,4898,1266.0,-43.625,170.775,15.47497249557091,7.87897249557091
4165,4900,835.0,-43.625,170.825,15.16174241189674,10.15174241189674
4166,4902,557.0,-43.625,170.875,14.849128749890042,11.507128749890041
4167,4904,472.0,-43.625,170.925,14.543147324164238,11.711147324164237
4168,4983,1058.0,-43.525,170.775,15.162498141727156,8.814498141727157
4169,4984,579.0,-43.525,170.825,14.916571923886295,11.442571923886295
4170,4985,554.0,-43.525,170.875,14.665969628647872,11.341969628647872
4171,4986,1329.0,-43.525,170.925,14.416369838590981,6.442369838590982
4172,4538,603.0,-43.575,170.975,14.213359666807264,10.595359666807264
4173,4540,768.0,-43.575,171.025,13.96098002675626,9.35298002675626
4174,4542,859.0,-43.575,171.075,13.730256707267472,8.576256707267472
4175,4544,784.0,-43.575,171.125,13.526923215124043,8.822923215124042
4176,4611,456.0,-43.675,170.975,14.28008303032675,11.54408303032675
4177,4612,1299.0,-43.675,171.025,13.983880511982534,6.189880511982534
4178,4613,1368.0,-43.675,171.075,13.715104859938037,5.507104859938037
4179,4614,678.0,-43.675,171.125,13.479303906957284,9.411303906957285
4180,4906,1260.0,-43.625,170.975,14.249866719424062,6.689866719424063
4181,4908,1245.0,-43.625,171.025,13.975312770955497,6.5053127709554985
4182,4910,685.0,-43.625,171.075,13.725375826707022,9.615375826707023
4183,4912,639.0,-43.625,171.125,13.505712379294891,9.671712379294892
4184,4987,971.0,-43.525,170.975,14.173634841479725,8.347634841479724
4185,4988,1320.0,-43.525,171.025,13.943686543219883,6.023686543219884
4186,4989,839.0,-43.525,171.075,13.73240918846841,8.69840918846841
4187,4990,978.0,-43.525,171.125,13.545577414436593,7.677577414436594
4188,4546,621.0,-43.575,171.175,13.356470126325803,9.630470126325804
4189,4548,1202.0,-43.575,171.225,13.22406075874187,6.012060758741871
4190,4550,1014.0,-43.575,171.275,13.134429184874534,7.050429184874534
4191,4615,1210.0,-43.675,171.175,13.281564706026984,6.021564706026984
4192,4616,684.0,-43.675,171.225,13.126320149669482,9.022320149669483
4193,4617,635.0,-43.675,171.275,13.017103872460211,9.207103872460213
4194,4914,969.0,-43.625,171.175,13.3216318954901,7.507631895490101
4195,4916,1080.0,-43.625,171.225,13.177959191740229,6.697959191740228
4196,4917,539.0,-43.625,171.275,13.078863670009014,9.844863670009014
4197,4991,681.0,-43.525,171.175,13.388806311433655,9.302806311433656
4198,4992,747.0,-43.525,171.225,13.267516575548143,8.785516575548144
4199,4993,1128.0,-43.525,171.275,13.186899655894194,6.418899655894195
4200,4036,453.0,-43.675,171.375,12.944731324540044,10.226731324540044
4201,4143,368.0,-43.675,171.425,12.981613769647993,10.773613769647993
4202,4152,334.0,-43.675,171.475,13.063888046280226,11.059888046280227
4203,4552,1110.0,-43.575,171.325,13.091731441647426,6.431731441647426
4204,4554,1453.0,-43.575,171.375,13.099279606753043,4.3812796067530435
4205,4556,806.0,-43.575,171.425,13.158996829352873,8.322996829352872
4206,4558,804.0,-43.575,171.475,13.270291250172704,8.446291250172706
4207,4621,441.0,-43.675,171.325,12.95627385196076,10.310273851960758
4208,4918,955.0,-43.625,171.325,13.02764253668829,7.29764253668829
4209,4919,1284.0,-43.625,171.375,13.026417414328535,5.322417414328535
4210,4920,503.0,-43.625,171.425,13.07564237690167,10.057642376901669
4211,4921,407.0,-43.625,171.475,13.17327197335635,10.73127197335635
4212,4994,1653.0,-43.525,171.325,13.151851686470764,3.2338516864707625
4213,4995,1860.0,-43.525,171.375,13.166814665016318,2.006814665016318
4214,4996,865.0,-43.525,171.425,13.23538077453577,8.045380774535769
4215,4997,1125.0,-43.525,171.475,13.359231441409065,6.609231441409065
4216,4161,329.0,-43.675,171.525,13.185800770834248,11.211800770834248
4217,4258,314.0,-43.675,171.575,13.338215990095705,11.454215990095705
4218,4264,287.0,-43.675,171.625,13.50776299385143,11.78576299385143
4219,4633,502.0,-43.575,171.525,13.428064705019096,10.416064705019096
4220,4636,426.0,-43.575,171.575,13.620305514116808,11.064305514116809
4221,4638,397.0,-43.575,171.625,13.826984793956399,11.4449847939564
4222,4922,409.0,-43.625,171.525,13.313528472011058,10.859528472011057
4223,4923,378.0,-43.625,171.575,13.485531930497928,11.217531930497927
4224,4924,335.0,-43.625,171.625,13.672346483107503,11.662346483107504
4225,4998,748.0,-43.525,171.525,13.535437057563286,9.047437057563286
4226,4999,597.0,-43.525,171.575,13.751909951934067,10.169909951934066
4227,5000,416.0,-43.525,171.625,13.985049117643939,11.489049117643939
4228,4032,304.0,-43.525,171.675,14.203920739327259,12.37992073932726
4229,4133,397.0,-43.525,171.725,14.377486005082574,11.995486005082574
4230,4135,373.0,-43.525,171.775,14.480214799341411,12.242214799341411
4231,4141,310.0,-43.525,171.825,14.495617274380493,12.635617274380493
4232,4267,274.0,-43.675,171.675,13.675283952654354,12.031283952654354
4233,4286,257.0,-43.675,171.725,13.813069122072193,12.271069122072193
4234,4376,238.0,-43.675,171.775,13.883801581383523,12.455801581383522
4235,4377,220.0,-43.675,171.825,13.85241172370479,12.53241172370479
4236,4640,376.0,-43.575,171.675,14.021662524950443,11.765662524950443
4237,4642,344.0,-43.575,171.725,14.175199937792058,12.111199937792058
4238,4644,278.0,-43.575,171.775,14.260603560964228,12.592603560964228
4239,4649,268.0,-43.575,171.825,14.258572558303058,12.650572558303057
4240,4925,315.0,-43.625,171.675,13.850786735572001,11.960786735572
4241,4926,295.0,-43.625,171.725,13.992213455166166,12.222213455166166
4242,4927,270.0,-43.625,171.775,14.065937493084675,12.445937493084674
4243,4928,203.0,-43.625,171.825,14.047655084360485,12.829655084360486
4244,4148,277.0,-43.525,171.875,14.417790105349923,12.755790105349924
4245,4157,220.0,-43.525,171.925,14.250523514615452,12.930523514615452
4246,4262,199.0,-43.525,171.975,14.004457375444872,12.810457375444873
4247,4379,174.0,-43.675,171.875,13.709804867010462,12.665804867010461
4248,4380,159.0,-43.675,171.925,13.472471223553839,12.518471223553838
4249,4381,161.0,-43.675,171.975,13.162076892494042,12.196076892494043
4250,4654,234.0,-43.575,171.875,14.161687655956484,12.757687655956484
4251,4659,205.0,-43.575,171.925,13.974206317358949,12.744206317358948
4252,4664,173.0,-43.575,171.975,13.707896728944434,12.669896728944433
4253,4929,220.0,-43.625,171.875,13.928919761154248,12.608919761154247
4254,4930,199.0,-43.625,171.925,13.717314618706041,12.523314618706042
4255,4931,174.0,-43.625,171.975,13.428168770967204,12.384168770967204
4256,4271,183.0,-43.525,172.025,13.693759600994781,12.59575960099478
4257,4278,176.0,-43.525,172.075,13.333300049154786,12.277300049154785
4258,4285,171.0,-43.525,172.125,12.935445336878729,11.90944533687873
4259,4382,161.0,-43.525,172.175,12.509206526535309,11.54320652653531
4260,4417,140.0,-43.675,172.025,12.796610713890914,11.956610713890914
4261,4424,118.0,-43.675,172.075,12.390994890390175,11.682994890390175
4262,4430,94.0,-43.675,172.125,11.959548676156373,11.395548676156373
4263,4437,72.0,-43.675,172.175,11.518586058725305,11.086586058725304
4264,4669,149.0,-43.575,172.025,13.37739521212734,12.48339521212734
4265,4674,142.0,-43.575,172.075,12.997142692154739,12.145142692154739
4266,4679,133.0,-43.575,172.125,12.580150380167652,11.782150380167652
4267,4771,124.0,-43.575,172.175,12.141531133856915,11.397531133856916
4268,4932,149.0,-43.625,172.025,13.07772679894424,12.18372679894424
4269,4933,125.0,-43.625,172.075,12.68085411804168,11.93085411804168
4270,4934,108.0,-43.625,172.125,12.251714390557026,11.603714390557027
4271,4935,90.0,-43.625,172.175,11.806786357927194,11.266786357927195
4272,4383,137.0,-43.525,172.225,12.086258852660649,11.26425885266065
4273,4385,122.0,-43.525,172.275,11.707771969144233,10.975771969144233
4274,4389,105.0,-43.525,172.325,11.41539057328464,10.785390573284639
4275,4391,88.0,-43.525,172.375,11.258880712280188,10.730880712280188
4276,4618,61.0,-43.675,172.225,11.088464590874537,10.722464590874537
4277,4622,45.0,-43.675,172.275,10.694407250682161,10.424407250682162
4278,4623,33.0,-43.675,172.325,10.472,10.274
4279,4624,21.0,-43.675,172.375,10.472,10.346
4280,4773,115.0,-43.575,172.225,11.706910255108596,11.016910255108597
4281,4775,96.0,-43.575,172.275,11.31026361059321,10.73426361059321
4282,4777,82.0,-43.575,172.325,10.989841264908137,10.497841264908137
4283,4779,64.0,-43.575,172.375,10.79253052715194,10.408530527151939
4284,4936,82.0,-43.625,172.225,11.368297504664952,10.876297504664953
4285,4937,66.0,-43.625,172.275,10.964342568414395,10.568342568414394
4286,4938,51.0,-43.625,172.325,10.627829297135577,10.321829297135578
4287,4939,38.0,-43.625,172.375,10.472,10.244
4288,4393,65.0,-43.525,172.425,11.300770900526913,10.910770900526913
4289,4394,50.0,-43.525,172.475,11.603626276610157,11.303626276610157
4290,4395,27.0,-43.525,172.525,12.17053023587232,12.00853023587232
4291,4625,8.0,-43.675,172.425,10.472,10.424
4292,4626,7.0,-43.675,172.475,10.472,10.43
4293,4627,6.0,-43.675,172.525,10.8283722046408,10.7923722046408
4294,4781,47.0,-43.575,172.425,10.786253529107853,10.504253529107853
4295,4783,34.0,-43.575,172.475,11.078012861341449,10.874012861341448
4296,4785,19.0,-43.575,172.525,11.704855263767058,11.590855263767057
4297,4940,29.0,-43.625,172.425,10.472,10.298
4298,4941,16.0,-43.625,172.475,10.55454156183987,10.45854156183987
4299,4942,10.0,-43.625,172.525,11.196450173522862,11.136450173522862
4300,4397,15.0,-43.525,172.575,12.894132376723974,12.804132376723974
4301,4399,10.0,-43.525,172.625,13.522429055048633,13.462429055048633
4302,4401,9.0,-43.525,172.675,13.761163842382757,13.707163842382757
4303,4404,2.0,-43.525,172.725,13.799614734918578,13.787614734918577
4304,4628,106.0,-43.675,172.575,11.472845690821487,10.836845690821487
4305,4629,333.0,-43.675,172.625,12.06162399463119,10.063623994631191
4306,4630,61.0,-43.675,172.675,12.496082446634318,12.130082446634319
4307,4631,388.0,-43.675,172.725,12.750267683220954,10.422267683220955
4308,4787,18.0,-43.575,172.575,12.479449455594477,12.371449455594476
4309,4789,69.0,-43.575,172.625,13.133191693452318,12.719191693452318
4310,4791,274.0,-43.575,172.675,13.477052113878926,11.833052113878926
4311,4793,262.0,-43.575,172.725,13.586864680096369,12.01486468009637
4312,4943,70.0,-43.625,172.575,11.943751518385398,11.523751518385398
4313,4944,468.0,-43.625,172.625,12.58547248960258,9.77747248960258
4314,4647,438.0,-43.675,172.775,12.842200898756346,10.214200898756346
4315,4652,252.0,-43.675,172.825,12.804146665382177,11.292146665382177
4316,4657,49.0,-43.675,172.875,12.66519924102704,12.371199241027039
4317,4945,19.0,-43.625,172.825,13.121305943133848,13.007305943133847
4318,4946,218.0,-43.625,172.875,12.929664802567459,11.621664802567459
4319,4662,509.0,-43.675,172.925,12.446260212109337,9.392260212109337
4320,4667,299.0,-43.675,172.975,12.163720121880942,10.369720121880942
4321,4672,234.0,-43.675,173.025,11.837980309279374,10.433980309279374
4322,4418,20.0,-43.475,169.775,15.853376194684643,15.733376194684643
4323,4423,113.0,-43.475,169.825,15.9098303910705,15.231830391070499
4324,4844,25.0,-43.425,169.825,15.437497548597094,15.287497548597093
4325,4197,43.0,-43.375,169.975,14.914504004138507,14.656504004138508
4326,4198,65.0,-43.375,170.025,14.878441229645432,14.488441229645431
4327,4429,45.0,-43.475,169.875,15.956004425254832,15.686004425254833
4328,4436,72.0,-43.475,169.925,15.989998595920042,15.557998595920042
4329,4619,114.0,-43.475,169.975,16.010647463220266,15.326647463220267
4330,4645,253.0,-43.475,170.025,16.02020154886577,14.50220154886577
4331,4845,147.0,-43.425,169.875,15.45377858838674,14.57177858838674
4332,4846,201.0,-43.425,169.925,15.457353417225931,14.251353417225932
4333,4847,322.0,-43.425,169.975,15.448999344131153,13.516999344131152
4334,4848,436.0,-43.425,170.025,15.43300006305526,12.81700006305526
4335,4199,369.0,-43.375,170.075,14.84378816591834,12.62978816591834
4336,4200,92.0,-43.375,170.125,14.818872453255608,14.266872453255608
4337,4201,128.0,-43.375,170.175,14.817605897769681,14.04960589776968
4338,4202,616.0,-43.375,170.225,14.85948422360525,11.16348422360525
4339,4650,1431.0,-43.475,170.075,16.02359460565276,7.437594605652761
4340,4655,1019.0,-43.475,170.125,16.018598376602313,9.904598376602312
4341,4660,1846.0,-43.475,170.175,16.011822376757664,4.935822376757663
4342,4665,2042.0,-43.475,170.225,16.0105894947892,3.7585894947892005
4343,4849,190.0,-43.425,170.075,15.415016945697062,14.275016945697061
4344,4850,674.0,-43.425,170.125,15.398095885927432,11.354095885927432
4345,4851,220.0,-43.425,170.175,15.392807870471188,14.072807870471188
4346,4852,771.0,-43.425,170.225,15.41492664524958,10.78892664524958
4347,4203,1116.0,-43.375,170.275,14.925811525882636,8.229811525882637
4348,4204,1804.0,-43.375,170.325,14.996028210778604,4.172028210778604
4349,4205,796.0,-43.375,170.375,15.057828558379697,10.281828558379697
4350,4670,1384.0,-43.475,170.275,16.01161097041313,7.70761097041313
4351,4675,2572.0,-43.475,170.325,16.00607125599072,0.5740712559907202
4352,4680,1604.0,-43.475,170.375,15.986650946759255,6.362650946759256
4353,4853,1314.0,-43.425,170.275,15.45155494971732,7.567554949717319
4354,4854,1492.0,-43.425,170.325,15.48625959268611,6.5342595926861105
4355,4855,909.0,-43.425,170.375,15.50930736601731,10.05530736601731
4356,4206,273.0,-43.375,170.425,15.102976176711309,13.464976176711309
4357,4207,1044.0,-43.375,170.475,15.125995568581857,8.861995568581857
4358,4208,1547.0,-43.375,170.525,15.12341808675501,5.841418086755009
4359,4209,414.0,-43.375,170.575,15.093370048754878,12.609370048754878
4360,4797,2192.0,-43.475,170.425,15.94804577967625,2.7960457796762483
4361,4799,2012.0,-43.475,170.475,15.886562464376766,3.814562464376765
4362,4800,1810.0,-43.475,170.525,15.799955767804931,4.93995576780493
4363,4801,1996.0,-43.475,170.575,15.68736917136539,3.711369171365389
4364,4856,1434.0,-43.425,170.425,15.514089763055381,6.910089763055382
4365,4857,1673.0,-43.425,170.475,15.496121851646421,5.458121851646421
4366,4858,2269.0,-43.425,170.525,15.452620898519854,1.8386208985198529
4367,4859,1975.0,-43.425,170.575,15.382284418733434,3.5322844187334344
4368,4210,1901.0,-43.375,170.625,15.0353868465927,3.6293868465927
4369,4211,1129.0,-43.375,170.675,14.950346964647906,8.176346964647907
4370,4212,2128.0,-43.375,170.725,14.840427002623073,2.0724270026230727
4371,4802,1711.0,-43.475,170.625,15.549279982657026,5.283279982657026
4372,4803,1357.0,-43.475,170.675,15.387414726058523,7.245414726058524
4373,4804,724.0,-43.475,170.725,15.204626559167082,10.86062655916708
4374,4860,2242.0,-43.425,170.625,15.285168435709238,1.8331684357092382
4375,4861,1461.0,-43.425,170.675,15.162605592416185,6.396605592416185
4376,4862,1484.0,-43.425,170.725,15.017115241792453,6.113115241792453
4377,4034,1207.0,-43.425,170.775,14.852272571583853,7.610272571583853
4378,4120,867.0,-43.425,170.825,14.67252719609587,9.47052719609587
4379,4124,933.0,-43.425,170.875,14.482986985538446,8.884986985538447
4380,4132,1579.0,-43.425,170.925,14.289197552730911,4.815197552730913
4381,4213,932.0,-43.375,170.775,14.70899869252571,9.116998692525712
4382,4214,1749.0,-43.375,170.825,14.560435852838054,4.066435852838056
4383,4215,1413.0,-43.375,170.875,14.399855990256583,5.921855990256583
4384,4216,1405.0,-43.375,170.925,14.23285210607628,5.80285210607628
4385,4805,1405.0,-43.475,170.775,15.004736668483929,6.574736668483929
4386,4806,1012.0,-43.475,170.825,14.792348417713583,8.720348417713584
4387,4807,1034.0,-43.475,170.875,14.572649201670174,8.368649201670173
4388,4808,1528.0,-43.475,170.925,14.351218067000445,5.183218067000446
4389,4140,1748.0,-43.425,170.975,14.096946400882189,3.608946400882189
4390,4147,1247.0,-43.425,171.025,13.912109590200089,6.430109590200089
4391,4156,1057.0,-43.425,171.075,13.740548019925882,7.398548019925882
4392,4165,1245.0,-43.425,171.125,13.588055579544744,6.118055579544745
4393,4217,1703.0,-43.375,170.975,14.0652629702372,3.8472629702371997
4394,4218,1131.0,-43.375,171.025,13.903004571295241,7.117004571295241
4395,4219,1733.0,-43.375,171.075,13.751965770273273,3.353965770273275
4396,4220,978.0,-43.375,171.125,13.617966304588663,7.749966304588663
4397,4809,1190.0,-43.475,170.975,14.133855232071255,6.9938552320712555
4398,4810,1775.0,-43.475,171.025,13.926444161831569,3.2764441618315683
4399,4811,1282.0,-43.475,171.075,13.73485123354476,6.042851233544759
4400,4812,1121.0,-43.475,171.125,13.564864499623582,6.838864499623582
4401,4166,696.0,-43.425,171.175,13.460361781849315,9.284361781849315
4402,4167,865.0,-43.425,171.225,13.363191789778284,8.173191789778283
4403,4168,1898.0,-43.425,171.275,13.302377263474227,1.9143772634742273
4404,4221,913.0,-43.375,171.175,13.506781994111407,8.028781994111405
4405,4222,1363.0,-43.375,171.225,13.42425346789696,5.24625346789696
4406,4223,1505.0,-43.375,171.275,13.376501301433564,4.346501301433564
4407,4813,691.0,-43.475,171.175,13.422171098880426,9.276171098880425
4408,4814,757.0,-43.475,171.225,13.312369205727919,8.770369205727919
4409,4815,1050.0,-43.475,171.275,13.240999953981373,6.940999953981373
4410,4169,1087.0,-43.425,171.325,13.283976873720349,6.761976873720349
4411,4170,1124.0,-43.425,171.375,13.3143019349518,6.5703019349518
4412,4171,1440.0,-43.425,171.425,13.399773122913757,4.7597731229137565
4413,4172,1114.0,-43.425,171.475,13.547183142010908,6.863183142010908
4414,4224,1227.0,-43.375,171.325,13.370245932741454,6.008245932741455
4415,4225,1088.0,-43.375,171.375,13.413096517767372,6.885096517767371
4416,4226,1786.0,-43.375,171.425,13.513323851399946,2.7973238513999465
4417,4227,430.0,-43.375,171.475,13.678716939979495,11.098716939979495
4418,4816,2170.0,-43.475,171.325,13.21356496657154,0.19356496657153954
4419,4817,1097.0,-43.475,171.375,13.235479878554543,6.653479878554543
4420,4818,1056.0,-43.475,171.425,13.311938487337102,6.9759384873371015
4421,4819,1591.0,-43.475,171.475,13.447555138257485,3.9015551382574856
4422,4173,1748.0,-43.425,171.525,13.765454933754881,3.277454933754882
4423,4174,339.0,-43.425,171.575,14.052927358246052,12.018927358246053
4424,4175,527.0,-43.425,171.625,14.36749536725074,11.205495367250741
4425,4228,355.0,-43.375,171.525,13.919898170573106,11.789898170573107
4426,4229,466.0,-43.375,171.575,14.258892139195268,11.462892139195269
4427,4230,685.0,-43.375,171.625,14.623741809834428,10.513741809834428
4428,4820,2060.0,-43.475,171.525,13.644047578594837,1.2840475785948353
4429,4821,635.0,-43.475,171.575,13.891408047132245,10.081408047132246
4430,4822,463.0,-43.475,171.625,14.160173906590899,11.382173906590898
4431,4176,603.0,-43.425,171.675,14.657556600437601,11.039556600437601
4432,4177,825.0,-43.425,171.725,14.885030232801,9.935030232801001
4433,4178,459.0,-43.425,171.775,15.025704573536132,12.271704573536132
4434,4179,493.0,-43.425,171.825,15.068299055549687,12.110299055549687
4435,4231,1132.0,-43.375,171.675,14.952374594272442,8.160374594272442
4436,4232,1357.0,-43.375,171.725,15.20493083639849,7.06293083639849
4437,4233,896.0,-43.375,171.775,15.35797422496762,9.981974224967619
4438,4234,507.0,-43.375,171.825,15.403760015981788,12.361760015981789
4439,4823,520.0,-43.475,171.675,14.411561625754075,11.291561625754074
4440,4824,892.0,-43.475,171.725,14.610994442448828,9.258994442448827
4441,4825,519.0,-43.475,171.775,14.733448266089908,11.619448266089908
4442,4826,425.0,-43.475,171.825,14.764797224922404,12.214797224922403
4443,4180,340.0,-43.425,171.875,15.01248949422461,12.972489494224611
4444,4181,324.0,-43.425,171.925,14.86589467335034,12.92189467335034
4445,4182,322.0,-43.425,171.975,14.640977419728188,12.708977419728187
4446,4235,492.0,-43.375,171.875,15.346580880367583,12.394580880367583
4447,4236,354.0,-43.375,171.925,15.197785622855008,13.073785622855008
4448,4237,328.0,-43.375,171.975,14.971904672821438,13.003904672821438
4449,4827,385.0,-43.475,171.875,14.70141478340247,12.39141478340247
4450,4828,333.0,-43.475,171.925,14.548358897364778,12.550358897364779
4451,4829,240.0,-43.475,171.975,14.316699391581096,12.876699391581097
4452,4183,279.0,-43.425,172.025,14.352481911359973,12.678481911359974
4453,4184,257.0,-43.425,172.075,14.015389926471471,12.473389926471471
4454,4185,225.0,-43.425,172.125,13.643292805766578,12.293292805766578
4455,4186,188.0,-43.425,172.175,13.251477051812799,12.123477051812799
4456,4238,312.0,-43.375,172.025,14.684389999136329,12.812389999136329
4457,4239,236.0,-43.375,172.075,14.350505545071428,12.934505545071428
4458,4240,254.0,-43.375,172.125,13.985474495446397,12.461474495446396
4459,4241,230.0,-43.375,172.175,13.60712063101164,12.22712063101164
4460,4830,223.0,-43.475,172.025,14.020791665264369,12.68279166526437
4461,4831,217.0,-43.475,172.075,13.675907624089632,12.373907624089632
4462,4832,208.0,-43.475,172.125,13.295158261917095,12.047158261917096
4463,4833,192.0,-43.475,172.175,12.8851267967093,11.733126796709302
4464,4187,188.0,-43.425,172.225,12.867893408322743,11.739893408322743
4465,4188,160.0,-43.425,172.275,12.528417577342225,11.568417577342224
4466,4189,133.0,-43.425,172.325,12.268980046277647,11.470980046277647
4467,4190,104.0,-43.425,172.375,12.124571095927422,11.500571095927421
4468,4242,198.0,-43.375,172.225,13.23930951034572,12.05130951034572
4469,4243,166.0,-43.375,172.275,12.910377101110953,11.914377101110952
4470,4244,140.0,-43.375,172.325,12.648750746132464,11.808750746132464
4471,4245,116.0,-43.375,172.375,12.479520894798043,11.783520894798043
4472,4834,167.0,-43.475,172.225,12.480263710301188,11.478263710301187
4473,4835,141.0,-43.475,172.275,12.122939291642979,11.276939291642979
4474,4836,118.0,-43.475,172.325,11.853536201095267,11.145536201095267
4475,4837,95.0,-43.475,172.375,11.716364952584627,11.146364952584626
4476,4191,78.0,-43.425,172.425,12.125395508996917,11.657395508996917
4477,4192,53.0,-43.425,172.475,12.286938125410416,11.968938125410416
4478,4193,33.0,-43.425,172.525,12.595787227573055,12.397787227573055
4479,4246,89.0,-43.375,172.425,12.420376348093669,11.886376348093668
4480,4247,63.0,-43.375,172.475,12.476500921163733,12.098500921163733
4481,4248,43.0,-43.375,172.525,12.638565397649018,12.380565397649018
4482,4838,70.0,-43.475,172.425,11.757523365642555,11.337523365642555
4483,4839,51.0,-43.475,172.475,12.009655124248638,11.70365512424864
4484,4840,35.0,-43.475,172.525,12.461431844605613,12.251431844605612
4485,4194,17.0,-43.425,172.575,12.993089910106846,12.891089910106846
4486,4195,10.0,-43.425,172.625,13.365045683583503,13.305045683583502
4487,4196,7.0,-43.425,172.675,13.605134465592528,13.563134465592528
4488,4249,22.0,-43.375,172.575,12.887596617164945,12.755596617164946
4489,4250,7.0,-43.375,172.625,13.172854800291134,13.130854800291134
4490,4251,3.0,-43.375,172.675,13.396983390793594,13.378983390793593
4491,4841,21.0,-43.475,172.575,13.029935133250547,12.903935133250547
4492,4842,10.0,-43.475,172.625,13.519259557381247,13.459259557381246
4493,4843,6.0,-43.475,172.675,13.766458809793221,13.730458809793221
4494,4099,19.0,-43.225,170.225,13.540847110332834,13.426847110332833
4495,4252,39.0,-43.325,170.075,14.32140299213097,14.08740299213097
4496,4253,54.0,-43.325,170.125,14.294654240738055,13.970654240738055
4497,4254,399.0,-43.325,170.175,14.30424337851855,11.91024337851855
4498,4255,289.0,-43.325,170.225,14.360335953940194,12.626335953940194
4499,4698,27.0,-43.275,170.125,13.826790453380454,13.664790453380453
4500,4699,144.0,-43.275,170.175,13.84375807633387,12.97975807633387
4501,4700,242.0,-43.275,170.225,13.91760275323486,12.46560275323486
4502,4750,22.0,-43.225,170.175,13.447718457446172,13.315718457446172
4503,4788,0.0,-43.175,170.225,13.240103843186262,13.240103843186262
4504,4067,1436.0,-43.325,170.375,14.643599671165248,6.027599671165248
4505,4119,117.0,-43.225,170.275,13.668183992967897,12.966183992967897
4506,4126,245.0,-43.225,170.325,13.80984275874107,12.339842758741069
4507,4136,46.0,-43.225,170.375,13.95254870753979,13.67654870753979
4508,4256,401.0,-43.325,170.275,14.448930829618803,12.042930829618804
4509,4257,768.0,-43.325,170.325,14.548486013899492,9.940486013899491
4510,4701,185.0,-43.275,170.275,14.027742405169192,12.917742405169193
4511,4702,72.0,-43.275,170.325,14.151647345222955,13.719647345222954
4512,4703,75.0,-43.275,170.375,14.274019272061196,13.824019272061197
4513,4790,10.0,-43.175,170.275,13.37246621234408,13.312466212344079
4514,4792,17.0,-43.175,170.325,13.522989150553258,13.420989150553257
4515,4794,34.0,-43.175,170.375,13.678541411960396,13.474541411960395
4516,4110,167.0,-43.325,170.425,14.724359044886114,13.722359044886113
4517,4111,678.0,-43.325,170.475,14.784291423362447,10.716291423362447
4518,4112,801.0,-43.325,170.525,14.819162741709988,10.013162741709987
4519,4113,1307.0,-43.325,170.575,14.8263915372454,6.9843915372454
4520,4142,51.0,-43.225,170.425,14.086550818626165,13.780550818626166
4521,4151,366.0,-43.225,170.475,14.204537870969034,12.008537870969034
4522,4160,479.0,-43.225,170.525,14.300896266814561,11.42689626681456
4523,4265,1471.0,-43.225,170.575,14.371264727547896,5.545264727547895
4524,4704,262.0,-43.275,170.425,14.384611361955649,12.81261136195565
4525,4705,1149.0,-43.275,170.475,14.476377706973835,7.582377706973835
4526,4706,1546.0,-43.275,170.525,14.544368142159328,5.2683681421593285
4527,4707,1129.0,-43.275,170.575,14.585170505066344,7.811170505066345
4528,4798,30.0,-43.175,170.425,13.829377687637134,13.649377687637134
4529,4863,333.0,-43.175,170.475,13.9678734746185,11.9698734746185
4530,4864,145.0,-43.175,170.525,14.087786117457654,13.217786117457655
4531,4865,506.0,-43.175,170.575,14.183749281786731,11.147749281786732
4532,4115,1906.0,-43.325,170.625,14.804837537105414,3.3688375371054153
4533,4116,1842.0,-43.325,170.675,14.75479863228793,3.7027986322879283
4534,4118,1888.0,-43.325,170.725,14.678054654415064,3.3500546544150644
4535,4272,1444.0,-43.225,170.625,14.412478009820006,5.748478009820007
4536,4274,830.0,-43.225,170.675,14.422965680669222,9.442965680669221
4537,4277,312.0,-43.225,170.725,14.403371614927892,12.531371614927892
4538,4708,2088.0,-43.275,170.625,14.596763807159732,2.0687638071597334
4539,4709,1200.0,-43.275,170.675,14.57866608128461,7.37866608128461
4540,4710,1676.0,-43.275,170.725,14.532164643715987,4.476164643715986
4541,4866,100.0,-43.175,170.625,14.251154942818175,13.651154942818176
4542,4867,919.0,-43.175,170.675,14.286836825536739,8.77283682553674
4543,4869,1009.0,-43.175,170.725,14.29052828780641,8.236528287806411
4544,4123,1470.0,-43.325,170.775,14.57780680905853,5.757806809058531
4545,4130,1740.0,-43.325,170.825,14.458446766347151,4.018446766347152
4546,4150,1827.0,-43.325,170.875,14.32521137240201,3.3632113724020094
4547,4159,1450.0,-43.325,170.925,14.183835249780714,5.483835249780714
4548,4283,548.0,-43.225,170.775,14.35676468386282,11.06876468386282
4549,4413,1466.0,-43.225,170.825,14.28808971737817,5.492089717378171
4550,4426,1697.0,-43.225,170.875,14.203290024288435,4.021290024288437
4551,4433,1512.0,-43.225,170.925,14.108660032232365,5.036660032232366
4552,4711,1055.0,-43.275,170.775,14.460338944889372,8.130338944889372
4553,4712,1698.0,-43.275,170.825,14.367737885363567,4.179737885363567
4554,4713,2167.0,-43.275,170.875,14.259860011552519,1.257860011552518
4555,4714,1264.0,-43.275,170.925,14.142681010151136,6.558681010151137
4556,4870,1371.0,-43.175,170.775,14.265566838533232,6.039566838533231
4557,4872,1849.0,-43.175,170.825,14.217725547822738,3.1237255478227386
4558,4875,1449.0,-43.175,170.875,14.1535896417181,5.4595896417181
4559,4877,1729.0,-43.175,170.925,14.079760832453758,3.705760832453759
4560,4273,1708.0,-43.325,170.975,14.040279779115735,3.792279779115736
4561,4276,1726.0,-43.325,171.025,13.90055706167368,3.5445570616736806
4562,4281,1089.0,-43.325,171.075,13.770634752112528,7.236634752112528
4563,4406,749.0,-43.325,171.125,13.656407467658028,9.162407467658028
4564,4440,1325.0,-43.225,170.975,14.010547866073466,6.060547866073467
4565,4559,1685.0,-43.225,171.025,13.915270696652442,3.8052706966524408
4566,4632,2018.0,-43.225,171.075,13.829112352887933,1.7211123528879337
4567,4634,1389.0,-43.225,171.125,13.758346931729648,5.424346931729648
4568,4715,820.0,-43.275,170.975,14.022346255044795,9.102346255044797
4569,4716,750.0,-43.275,171.025,13.905012506217645,9.405012506217645
4570,4717,1409.0,-43.275,171.075,13.796783068659352,5.342783068659353
4571,4718,895.0,-43.275,171.125,13.703700574532377,8.333700574532378
4572,4879,1093.0,-43.175,170.975,14.00271910913034,7.4447191091303395
4573,4881,1727.0,-43.175,171.025,13.928900696443634,3.566900696443634
4574,4883,919.0,-43.175,171.075,13.864786188034486,8.350786188034487
4575,4885,694.0,-43.175,171.125,13.81695261765617,9.65295261765617
4576,4407,1427.0,-43.325,171.175,13.563738511777956,5.0017385117779565
4577,4409,927.0,-43.325,171.225,13.498602625518288,7.936602625518288
4578,4419,888.0,-43.325,171.275,13.46739700186663,8.13939700186663
4579,4635,601.0,-43.225,171.175,13.709291151581056,10.103291151581056
4580,4637,648.0,-43.225,171.225,13.688429110490688,9.800429110490688
4581,4639,1214.0,-43.225,171.275,13.702691388352832,6.4186913883528325
4582,4719,710.0,-43.275,171.175,13.631797157865549,9.371797157865549
4583,4720,529.0,-43.275,171.225,13.58723967858441,10.41323967858441
4584,4721,500.0,-43.275,171.275,13.57665791535419,10.57665791535419
4585,4887,1771.0,-43.175,171.175,13.792115301614103,3.166115301614104
4586,4889,1061.0,-43.175,171.225,13.797222903883267,7.431222903883267
4587,4891,1599.0,-43.175,171.275,13.83969769299074,4.24569769299074
4588,4422,778.0,-43.325,171.325,13.477535782250925,8.809535782250926
4589,4428,538.0,-43.325,171.375,13.53844566196949,10.31044566196949
4590,4435,400.0,-43.325,171.425,13.662596232717078,11.262596232717078
4591,4620,516.0,-43.325,171.475,13.864205602664697,10.768205602664697
4592,4641,1424.0,-43.225,171.325,13.760033992554781,5.216033992554781
4593,4643,599.0,-43.225,171.375,13.870632911831308,10.276632911831308
4594,4648,588.0,-43.225,171.425,14.049754564386603,10.521754564386603
4595,4653,666.0,-43.225,171.475,14.330950702815244,10.334950702815243
4596,4722,458.0,-43.275,171.325,13.607843871120167,10.859843871120168
4597,4723,507.0,-43.275,171.375,13.691263290438656,10.649263290438656
4598,4724,1098.0,-43.275,171.425,13.843310870108326,7.2553108701083255
4599,4725,507.0,-43.275,171.475,14.088679894215602,11.046679894215602
4600,4893,1294.0,-43.175,171.325,13.927961553908062,6.163961553908063
4601,4895,550.0,-43.175,171.375,14.07255718623037,10.772557186230369
4602,4897,693.0,-43.175,171.425,14.28898802337062,10.130988023370621
4603,4899,1000.0,-43.175,171.475,14.60403545133886,8.60403545133886
4604,4646,507.0,-43.325,171.525,14.155658876269626,11.113658876269627
4605,4651,561.0,-43.325,171.575,14.534464240025954,11.168464240025955
4606,4656,1054.0,-43.325,171.625,14.937891278825191,8.613891278825193
4607,4658,1260.0,-43.225,171.525,14.730792213234054,7.170792213234054
4608,4663,876.0,-43.225,171.575,15.19123090776884,9.93523090776884
4609,4668,1748.0,-43.225,171.625,15.659996863840206,5.1719968638402065
4610,4726,785.0,-43.275,171.525,14.437109142195368,9.727109142195367
4611,4727,661.0,-43.275,171.575,14.858206221585533,10.892206221585532
4612,4728,1889.0,-43.275,171.625,15.295075553352035,3.9610755533520354
4613,4901,699.0,-43.175,171.525,15.023008521398879,10.82900852139888
4614,4903,659.0,-43.175,171.575,15.499559226207111,11.54555922620711
4615,4905,1668.0,-43.175,171.625,15.984571722066448,5.976571722066449
4616,4661,827.0,-43.325,171.675,15.2982141234761,10.3362141234761
4617,4666,900.0,-43.325,171.725,15.568700731309946,10.168700731309947
4618,4671,687.0,-43.325,171.775,15.724512142784988,11.602512142784988
4619,4673,1054.0,-43.225,171.675,16.074232269912955,9.750232269912956
4620,4676,539.0,-43.325,171.825,15.762593574611856,12.528593574611856
4621,4678,714.0,-43.225,171.725,16.361788076033008,12.07778807603301
4622,4729,944.0,-43.275,171.675,15.6822232069253,10.0182232069253
4623,4730,1438.0,-43.275,171.725,15.963304357040215,7.335304357040215
4624,4731,1148.0,-43.275,171.775,16.10992393172728,9.22192393172728
4625,4732,1264.0,-43.275,171.825,16.127817742094066,8.543817742094067
4626,4751,813.0,-43.225,171.775,16.48545388694447,11.60745388694447
4627,4752,1070.0,-43.225,171.825,16.472004163540078,10.05200416354008
4628,4907,1008.0,-43.175,171.675,16.420954859698668,10.372954859698668
4629,4909,753.0,-43.175,171.725,16.71598438657793,12.197984386577929
4630,4911,866.0,-43.175,171.775,16.802574963964616,11.606574963964617
4631,4913,596.0,-43.175,171.825,16.75806976632066,13.182069766320659
4632,4681,437.0,-43.325,171.875,15.69389665316885,13.07189665316885
4633,4682,387.0,-43.325,171.925,15.534564971652799,13.2125649716528
4634,4683,305.0,-43.325,171.975,15.301379283425376,13.471379283425376
4635,4733,706.0,-43.275,171.875,16.038136108198614,11.802136108198614
4636,4734,449.0,-43.275,171.925,15.862125815481704,13.168125815481705
4637,4735,435.0,-43.275,171.975,15.617947590307267,13.007947590307268
4638,4753,1127.0,-43.225,171.875,16.35642211735467,9.594422117354668
4639,4754,592.0,-43.225,171.925,16.162539900384218,12.610539900384218
4640,4755,764.0,-43.225,171.975,15.907786343257158,11.323786343257158
4641,4915,596.0,-43.175,171.875,16.622570237123,13.046570237123
4642,4949,779.0,-43.175,171.925,16.417189376923034,11.743189376923034
4643,4950,846.0,-43.175,171.975,16.157220332463567,11.081220332463566
4644,4684,340.0,-43.325,172.025,15.010431409814373,12.970431409814374
4645,4685,307.0,-43.325,172.075,14.677165894330756,12.835165894330755
4646,4686,269.0,-43.325,172.125,14.317226388905056,12.703226388905055
4647,4687,237.0,-43.325,172.175,13.948025912953199,12.526025912953198
4648,4736,396.0,-43.275,172.025,15.321516062534101,12.945516062534102
4649,4737,352.0,-43.275,172.075,14.987697108503198,12.875697108503198
4650,4738,321.0,-43.275,172.125,14.63139628280669,12.70539628280669
4651,4739,409.0,-43.275,172.175,14.268493442792533,11.814493442792532
4652,4757,795.0,-43.225,172.025,15.606780330588663,10.836780330588663
4653,4759,1087.0,-43.225,172.075,15.273120108588046,8.751120108588047
4654,4761,665.0,-43.225,172.125,14.920380883722828,10.930380883722828
4655,4763,451.0,-43.225,172.175,14.562656955034981,11.856656955034982
4656,4951,729.0,-43.175,172.025,15.855715784382483,11.481715784382484
4657,4952,657.0,-43.175,172.075,15.524965082560357,11.582965082560357
4658,4953,445.0,-43.175,172.125,15.17722227914328,12.50722227914328
4659,4954,446.0,-43.175,172.175,14.825013685551767,12.149013685551767
4660,4688,209.0,-43.325,172.225,13.589875967720673,12.335875967720673
4661,4689,181.0,-43.325,172.275,13.264960261806664,12.178960261806663
4662,4690,155.0,-43.325,172.325,12.994535906755573,12.064535906755573
4663,4691,128.0,-43.325,172.375,12.795669585082123,12.027669585082123
4664,4740,214.0,-43.275,172.225,13.916155180413625,12.632155180413625
4665,4741,187.0,-43.275,172.275,13.591976496237294,12.469976496237294
4666,4742,164.0,-43.275,172.325,13.312063969255632,12.328063969255632
4667,4743,185.0,-43.275,172.375,13.088679576458617,11.978679576458617
4668,4765,344.0,-43.225,172.225,14.214565343532286,12.150565343532286
4669,4767,250.0,-43.225,172.275,13.890567406209357,12.390567406209357
4670,4769,212.0,-43.225,172.325,13.60372235982777,12.33172235982777
4671,4772,164.0,-43.225,172.375,13.364293284720134,12.380293284720134
4672,4955,997.0,-43.175,172.225,14.481057054752455,8.499057054752456
4673,4957,641.0,-43.175,172.275,14.157790199369174,10.311790199369174
4674,4959,558.0,-43.175,172.325,13.866628613071953,10.518628613071954
4675,4961,393.0,-43.175,172.375,13.617230487613597,11.259230487613596
4676,4692,112.0,-43.325,172.425,12.677863687906665,12.005863687906665
4677,4693,71.0,-43.325,172.475,12.640543721644008,12.214543721644008
4678,4694,51.0,-43.325,172.525,12.67565742586612,12.369657425866121
4679,4744,146.0,-43.275,172.425,12.928180992430043,12.052180992430044
4680,4745,85.0,-43.275,172.475,12.830709633814422,12.320709633814422
4681,4746,72.0,-43.275,172.525,12.79563792464478,12.36363792464478
4682,4774,136.0,-43.225,172.425,13.178890620694801,12.3628906206948
4683,4776,127.0,-43.225,172.475,13.051249184607968,12.289249184607968
4684,4778,127.0,-43.225,172.525,12.985804310648291,12.22380431064829
4685,4963,179.0,-43.175,172.425,13.417129182916597,12.343129182916597
4686,4965,216.0,-43.175,172.475,13.271879483588691,11.975879483588692
4687,4967,284.0,-43.175,172.525,13.184549763273026,11.480549763273025
4688,4035,100.0,-43.175,172.675,13.116354125127145,12.516354125127146
4689,4114,31.0,-43.175,172.725,13.042454322036974,12.856454322036974
4690,4695,30.0,-43.325,172.575,12.794541326579292,12.614541326579293
4691,4696,10.0,-43.325,172.625,13.021933413995157,12.961933413995157
4692,4697,9.0,-43.325,172.675,13.220129387862471,13.16612938786247
4693,4747,49.0,-43.275,172.575,12.84322955312291,12.54922955312291
4694,4748,17.0,-43.275,172.625,12.984354562318458,12.882354562318458
4695,4749,11.0,-43.275,172.675,13.120866770360408,13.054866770360407
4696,4780,159.0,-43.225,172.575,12.988975190022302,12.034975190022301
4697,4782,85.0,-43.225,172.625,13.044869880296574,12.534869880296574
4698,4784,37.0,-43.225,172.675,13.097957257833968,12.875957257833969
4699,4786,15.0,-43.225,172.725,13.100803177825583,13.010803177825583
4700,4969,213.0,-43.175,172.575,13.150067902697174,11.872067902697173
4701,4971,161.0,-43.175,172.625,13.142346353357425,12.176346353357426
4702,4117,3.0,-43.175,172.775,12.921794126079476,12.903794126079475
4703,4122,6.0,-43.125,170.275,13.132626603246536,13.096626603246536
4704,4129,13.0,-43.125,170.325,13.285266652213977,13.207266652213978
4705,4139,70.0,-43.125,170.375,13.447282746281417,13.027282746281417
4706,4008,59.0,-43.025,170.575,13.729879604015878,13.375879604015878
4707,4146,53.0,-43.125,170.425,13.608980378419801,13.290980378419802
4708,4155,33.0,-43.125,170.475,13.762535517524157,13.564535517524156
4709,4164,66.0,-43.125,170.525,13.901283297997907,13.505283297997906
4710,4259,49.0,-43.125,170.575,14.019044916495659,13.725044916495658
4711,4475,11.0,-43.075,170.425,13.41890619741298,13.35290619741298
4712,4476,46.0,-43.075,170.475,13.582445891352108,13.306445891352109
4713,4477,29.0,-43.075,170.525,13.735198839322038,13.561198839322039
4714,4478,32.0,-43.075,170.575,13.87074056030815,13.67874056030815
4715,4009,64.0,-43.025,170.625,13.857199827337354,13.473199827337353
4716,4010,109.0,-43.025,170.675,13.95223375284968,13.29823375284968
4717,4011,38.0,-43.025,170.725,14.001257995159904,13.773257995159904
4718,4261,60.0,-43.125,170.625,14.109608299693718,13.749608299693719
4719,4268,628.0,-43.125,170.675,14.16733722148092,10.39933722148092
4720,4284,171.0,-43.125,170.725,14.190447282077002,13.164447282077003
4721,4479,32.0,-43.075,170.625,13.981782956052484,13.789782956052484
4722,4480,614.0,-43.075,170.675,14.059012155903474,10.375012155903475
4723,4481,77.0,-43.075,170.725,14.09730722489985,13.63530722489985
4724,4012,313.0,-43.025,170.775,14.02086368887467,12.14286368887467
4725,4013,521.0,-43.025,170.825,14.021263474758598,10.895263474758599
4726,4014,145.0,-43.025,170.875,14.008881677534191,13.138881677534192
4727,4015,891.0,-43.025,170.925,13.989292515712805,8.643292515712805
4728,4392,717.0,-43.125,170.775,14.183293127487559,9.88129312748756
4729,4398,1050.0,-43.125,170.825,14.153223125204022,7.853223125204022
4730,4402,1266.0,-43.125,170.875,14.107511009553491,6.511511009553491
4731,4408,1956.0,-43.125,170.925,14.052845022180009,2.3168450221800097
4732,4482,597.0,-43.075,170.775,14.104274252165851,10.52227425216585
4733,4483,634.0,-43.075,170.825,14.089638825558723,10.285638825558722
4734,4484,821.0,-43.075,170.875,14.060791888792664,9.134791888792664
4735,4485,1777.0,-43.075,170.925,14.024028068266489,3.36202806826649
4736,4016,1014.0,-43.025,170.975,13.96816246763683,7.88416246763683
4737,4017,309.0,-43.025,171.025,13.951765130743297,12.097765130743298
4738,4018,880.0,-43.025,171.075,13.947177683709924,8.667177683709923
4739,4019,1229.0,-43.025,171.125,13.962150450017361,6.588150450017363
4740,4416,809.0,-43.125,170.975,13.995643845463746,9.141643845463747
4741,4421,1274.0,-43.125,171.025,13.942365559806603,6.298365559806603
4742,4427,1666.0,-43.125,171.075,13.899676836264007,3.9036768362640064
4743,4434,1916.0,-43.125,171.125,13.874501589777537,2.378501589777537
4744,4486,824.0,-43.075,170.975,13.985451799078874,9.041451799078875
4745,4487,259.0,-43.075,171.025,13.951443138831564,12.397443138831564
4746,4488,1181.0,-43.075,171.075,13.928849972832722,6.842849972832722
4747,4489,1576.0,-43.075,171.125,13.924974517027294,4.468974517027295
4748,4020,1306.0,-43.025,171.175,14.004752418897624,6.168752418897624
4749,4021,1206.0,-43.025,171.225,14.082978056513184,6.846978056513184
4750,4022,847.0,-43.025,171.275,14.2044391287086,9.1224391287086
4751,4441,1880.0,-43.125,171.175,13.874012901324932,2.5940129013249322
4752,4442,1495.0,-43.125,171.225,13.905660342552437,4.935660342552438
4753,4443,875.0,-43.125,171.275,13.977340134093538,8.727340134093538
4754,4490,2013.0,-43.075,171.175,13.947441706847712,1.869441706847713
4755,4491,1231.0,-43.075,171.225,14.004070686473824,6.618070686473824
4756,4492,804.0,-43.075,171.275,14.102854345991545,9.278854345991547
4757,4023,759.0,-43.025,171.325,14.376086858342205,9.822086858342207
4758,4024,1703.0,-43.025,171.375,14.60364125228034,4.38564125228034
4759,4025,1506.0,-43.025,171.425,14.890059213791574,5.854059213791574
4760,4026,1234.0,-43.025,171.475,15.232378553521357,7.8283785535213575
4761,4444,686.0,-43.125,171.325,14.09782891236955,9.98182891236955
4762,4445,818.0,-43.125,171.375,14.277609606037913,9.369609606037914
4763,4446,1504.0,-43.125,171.425,14.529791831969305,5.505791831969306
4764,4447,1126.0,-43.125,171.475,14.866845541343991,8.110845541343991
4765,4493,675.0,-43.075,171.325,14.252066309452402,10.202066309452402
4766,4494,1349.0,-43.075,171.375,14.460278295242915,6.366278295242916
4767,4495,1451.0,-43.075,171.425,14.735347948686467,6.029347948686468
4768,4496,1358.0,-43.075,171.475,15.080148215136887,6.932148215136888
4769,4027,939.0,-43.025,171.525,15.61771512112773,9.98371512112773
4770,4028,905.0,-43.025,171.575,16.021232973098904,10.591232973098904
4771,4029,618.0,-43.025,171.625,16.40771251768456,12.699712517684558
4772,4448,1625.0,-43.125,171.525,15.283854596374567,5.533854596374567
4773,4449,1746.0,-43.125,171.575,15.749581923082133,5.273581923082132
4774,4450,832.0,-43.125,171.625,16.219754726409974,11.227754726409973
4775,4497,1501.0,-43.075,171.525,15.484754972696464,6.478754972696464
4776,4498,1245.0,-43.075,171.575,15.922566726602781,8.452566726602782
4777,4499,1285.0,-43.075,171.625,16.353341394722975,8.643341394722976
4778,4030,577.0,-43.025,171.675,16.735259492374098,13.273259492374098
4779,4031,815.0,-43.025,171.725,16.964006767344017,12.074006767344017
4780,4033,950.0,-43.025,171.775,17.073852159502167,11.373852159502167
4781,4037,638.0,-43.025,171.825,17.071953369989842,13.243953369989843
4782,4451,1775.0,-43.125,171.675,16.638759183499587,5.988759183499587
4783,4452,1002.0,-43.125,171.725,16.91845187403078,10.906451874030779
4784,4453,630.0,-43.125,171.775,17.000431778972597,13.220431778972598
4785,4454,1523.0,-43.125,171.825,16.952551842800858,7.814551842800858
4786,4500,1407.0,-43.075,171.675,16.724570277221574,8.282570277221573
4787,4501,1117.0,-43.075,171.725,16.97556477848957,10.27356477848957
4788,4502,641.0,-43.075,171.775,17.0760834427374,13.2300834427374
4789,4503,921.0,-43.075,171.825,17.0502351011246,11.5242351011246
4790,4038,1198.0,-43.025,171.875,16.97831118229078,9.790311182290782
4791,4039,713.0,-43.025,171.925,16.8125314265435,12.534531426543502
4792,4040,1200.0,-43.025,171.975,16.59066557858023,9.39066557858023
4793,4455,596.0,-43.125,171.875,16.81593552434606,13.239935524346059
4794,4456,782.0,-43.125,171.925,16.612051041689483,11.920051041689483
4795,4457,693.0,-43.125,171.975,16.35600168759902,12.19800168759902
4796,4504,562.0,-43.075,171.875,16.93124890066747,13.55924890066747
4797,4505,451.0,-43.075,171.925,16.742307506016914,14.036307506016914
4798,4506,593.0,-43.075,171.975,16.49982917567013,12.94182917567013
4799,4041,934.0,-43.025,172.025,16.32594941125035,10.72194941125035
4800,4042,1149.0,-43.025,172.075,16.029902491489793,9.135902491489793
4801,4043,1283.0,-43.025,172.125,15.713074469762887,8.015074469762887
4802,4044,901.0,-43.025,172.175,15.385439683336699,9.9794396833367
4803,4458,1580.0,-43.125,172.025,16.060370470450835,6.580370470450834
4804,4459,1194.0,-43.125,172.075,15.736766370390797,8.572766370390797
4805,4460,679.0,-43.125,172.125,15.396538756353948,11.322538756353948
4806,4461,452.0,-43.125,172.175,15.051060062302895,12.339060062302895
4807,4507,1019.0,-43.075,172.025,16.21690867159532,10.10290867159532
4808,4508,1152.0,-43.075,172.075,15.905097769606527,8.993097769606528
4809,4509,699.0,-43.075,172.125,15.575275938309915,11.381275938309916
4810,4510,542.0,-43.075,172.175,15.238030524390979,11.98603052439098
4811,4045,1440.0,-43.025,172.225,15.056527089809606,6.416527089809605
4812,4046,761.0,-43.025,172.275,14.735357270380064,10.169357270380065
4813,4047,671.0,-43.025,172.325,14.430235870568595,10.404235870568595
4814,4048,498.0,-43.025,172.375,14.148413782123043,11.160413782123044
4815,4462,457.0,-43.125,172.225,14.711696080791626,11.969696080791625
4816,4463,939.0,-43.125,172.275,14.389528742201946,8.755528742201946
4817,4464,566.0,-43.125,172.325,14.094935703283682,10.69893570328368
4818,4465,373.0,-43.125,172.375,13.837172583460415,11.599172583460415
4819,4511,563.0,-43.075,172.225,14.903730538910168,11.525730538910167
4820,4512,493.0,-43.075,172.275,14.582394164501693,11.624394164501693
4821,4513,837.0,-43.075,172.325,14.283432474002439,9.26143247400244
4822,4514,488.0,-43.075,172.375,14.015327929894738,11.087327929894737
4823,4049,706.0,-43.025,172.425,13.895540850450288,9.659540850450288
4824,4050,393.0,-43.025,172.475,13.674700153892445,11.316700153892445
4825,4051,298.0,-43.025,172.525,13.484633913722064,11.696633913722064
4826,4466,640.0,-43.125,172.425,13.624029724026514,9.784029724026514
4827,4467,396.0,-43.125,172.475,13.461248002330649,11.08524800233065
4828,4468,444.0,-43.125,172.525,13.350426132551092,10.686426132551093
4829,4515,539.0,-43.075,172.425,13.785199830776946,10.551199830776946
4830,4516,417.0,-43.075,172.475,13.597949959509151,11.095949959509152
4831,4517,349.0,-43.075,172.525,13.45429749504001,11.36029749504001
4832,4001,126.0,-43.075,172.675,13.094529371920089,12.338529371920089
4833,4002,90.0,-43.075,172.725,12.861184350886106,12.321184350886107
4834,4052,443.0,-43.025,172.575,13.316441103772377,10.658441103772377
4835,4053,476.0,-43.025,172.625,13.146367089867454,10.290367089867454
4836,4054,308.0,-43.025,172.675,12.927899103141044,11.079899103141045
4837,4055,170.0,-43.025,172.725,12.662153245800255,11.642153245800255
4838,4469,327.0,-43.125,172.575,13.283018129697211,11.321018129697212
4839,4470,147.0,-43.125,172.625,13.228986654148684,12.346986654148685
4840,4471,83.0,-43.125,172.675,13.133362272840714,12.635362272840714
4841,4472,73.0,-43.125,172.725,12.977475168940146,12.539475168940145
4842,4518,220.0,-43.075,172.575,13.346731519236982,12.026731519236982
4843,4519,120.0,-43.075,172.625,13.25140208002722,12.531402080027219
4844,4003,60.0,-43.075,172.775,12.625214822917314,12.265214822917315
4845,4004,426.0,-43.075,172.825,12.407222352227109,9.85122235222711
4846,4005,278.0,-43.075,172.875,12.2111045745919,10.5431045745919
4847,4056,94.0,-43.025,172.775,12.405742182440918,11.841742182440917
4848,4057,81.0,-43.025,172.825,12.184339819697016,11.698339819697015
4849,4058,134.0,-43.025,172.875,11.998726113235989,11.194726113235989
4850,4473,21.0,-43.125,172.775,12.792761349575812,12.666761349575813
4851,4474,115.0,-43.125,172.825,12.60051805333751,11.91051805333751
4852,4006,216.0,-43.075,172.925,12.034425956583618,10.738425956583619
4853,4007,120.0,-43.075,172.975,11.873859722944417,11.153859722944416
4854,4059,235.0,-43.025,172.925,11.840949968181576,10.430949968181576
4855,4060,117.0,-43.025,172.975,11.703399556294244,11.001399556294244
4856,4061,60.0,-43.025,173.025,11.581623755690543,11.221623755690544
4857,4062,59.0,-43.025,173.075,11.474340344592292,11.120340344592293
4858,4063,17.0,-42.975,170.675,13.826243594988227,13.724243594988227
4859,4066,56.0,-42.975,170.725,13.890585665912113,13.554585665912112
4860,4068,557.0,-42.975,170.775,13.926331608958208,10.584331608958207
4861,4069,248.0,-42.975,170.825,13.94341348378748,12.455413483787481
4862,4070,328.0,-42.975,170.875,13.948000216379114,11.980000216379114
4863,4071,666.0,-42.975,170.925,13.945191859368606,9.949191859368606
4864,4269,36.0,-42.925,170.775,13.819409291847478,13.603409291847479
4865,4275,502.0,-42.925,170.825,13.854113045825216,10.842113045825215
4866,4280,85.0,-42.925,170.875,13.87590425981125,13.36590425981125
4867,4288,217.0,-42.925,170.925,13.889315642347356,12.587315642347356
4868,4335,8.0,-42.875,170.825,13.75356070210455,13.70556070210455
4869,4336,74.0,-42.875,170.875,13.791654518275209,13.347654518275208
4870,4337,69.0,-42.875,170.925,13.820211182764979,13.406211182764979
4871,5453,24.0,-42.825,170.875,13.694564434566928,13.550564434566928
4872,5456,24.0,-42.825,170.925,13.736719286177049,13.592719286177049
4873,4072,393.0,-42.975,170.975,13.940242698948168,11.582242698948168
4874,4073,143.0,-42.975,171.025,13.939338715566919,13.081338715566918
4875,4074,952.0,-42.975,171.075,13.949909638557983,8.237909638557984
4876,4075,1019.0,-42.975,171.125,13.980332795847517,7.866332795847517
4877,4289,107.0,-42.925,170.975,13.898982997914572,13.256982997914573
4878,4290,54.0,-42.925,171.025,13.910897353941436,13.586897353941437
4879,4291,107.0,-42.925,171.075,13.933038935937475,13.291038935937475
4880,4292,220.0,-42.925,171.125,13.974792182350484,12.654792182350484
4881,4338,40.0,-42.875,170.975,13.842533332860967,13.602533332860967
4882,4339,39.0,-42.875,171.025,13.863960482414768,13.629960482414768
4883,4340,38.0,-42.875,171.075,13.893355208647336,13.665355208647336
4884,4341,154.0,-42.875,171.125,13.941857940835689,13.01785794083569
4885,5462,71.0,-42.825,170.975,13.769536499636615,13.343536499636615
4886,5560,18.0,-42.825,171.025,13.796510276437402,13.688510276437402
4887,5563,156.0,-42.825,171.075,13.828129836435892,12.892129836435892
4888,5565,475.0,-42.825,171.125,13.878739380141724,11.028739380141724
4889,4076,1284.0,-42.975,171.175,14.039210853870372,6.335210853870373
4890,4077,887.0,-42.975,171.225,14.134602478300167,8.812602478300168
4891,4078,1731.0,-42.975,171.275,14.273419049507993,3.8874190495079937
4892,4293,789.0,-42.925,171.175,14.045563867061901,9.311563867061901
4893,4294,957.0,-42.925,171.225,14.153506045846825,8.411506045846824
4894,4295,1360.0,-42.925,171.275,14.304699949925634,6.144699949925634
4895,4342,318.0,-42.875,171.175,14.020157942415608,12.112157942415609
4896,4343,791.0,-42.875,171.225,14.136595354566907,9.390595354566909
4897,4344,934.0,-42.875,171.275,14.296356113381535,8.692356113381535
4898,5567,602.0,-42.825,171.175,13.960838227776549,10.348838227776548
4899,5569,153.0,-42.825,171.225,14.08290509027347,13.164905090273471
4900,5571,797.0,-42.825,171.275,14.249085509965425,9.467085509965425
4901,4079,1204.0,-42.975,171.325,14.460907652999595,7.236907652999595
4902,4080,1635.0,-42.975,171.375,14.699924861559793,4.889924861559793
4903,4081,1408.0,-42.975,171.425,14.989637625402338,6.541637625402338
4904,4082,1544.0,-42.975,171.475,15.323540024144677,6.0595400241446775
4905,4296,1025.0,-42.925,171.325,14.502624392225243,8.352624392225245
4906,4297,1487.0,-42.925,171.375,14.747597321409103,5.825597321409104
4907,4298,1387.0,-42.925,171.425,15.035965389005014,6.713965389005015
4908,4299,991.0,-42.925,171.475,15.35906041043836,9.41306041043836
4909,4345,1531.0,-42.875,171.325,14.501173883739739,5.315173883739739
4910,4346,734.0,-42.875,171.375,14.74913834711333,10.34513834711333
4911,4347,1027.0,-42.875,171.425,15.034431611610216,8.872431611610217
4912,4348,1260.0,-42.875,171.475,15.347004578426095,7.787004578426095
4913,5573,912.0,-42.825,171.325,14.459327174054579,8.98732717405458
4914,5575,1136.0,-42.825,171.375,14.709654204982144,7.893654204982144
4915,5577,1336.0,-42.825,171.425,14.992458253353561,6.976458253353561
4916,5579,717.0,-42.825,171.475,15.296764909355261,10.994764909355261
4917,4083,1034.0,-42.975,171.525,15.687359129201923,9.483359129201922
4918,4084,893.0,-42.975,171.575,16.05792391439445,10.69992391439445
4919,4085,738.0,-42.975,171.625,16.405462166434972,11.977462166434972
4920,4300,1733.0,-42.925,171.525,15.702283524370614,5.304283524370616
4921,4301,1604.0,-42.925,171.575,16.044681450407552,6.420681450407553
4922,4302,1064.0,-42.925,171.625,16.3614570322884,9.977457032288399
4923,4349,1053.0,-42.875,171.525,15.67240947463597,9.35440947463597
4924,4350,1462.0,-42.875,171.575,15.99226959092266,7.220269590922662
4925,4351,1134.0,-42.875,171.625,16.286440882397528,9.48244088239753
4926,5581,1175.0,-42.825,171.525,15.608607328634662,8.558607328634661
4927,5583,810.0,-42.825,171.575,15.911836171683262,11.051836171683263
4928,5659,759.0,-42.825,171.625,16.189652910375116,11.635652910375118
4929,4086,1271.0,-42.975,171.675,16.698723001826693,9.072723001826692
4930,4087,767.0,-42.975,171.725,16.910036862874676,12.308036862874676
4931,4088,1023.0,-42.975,171.775,17.024115687469475,10.886115687469475
4932,4089,1481.0,-42.975,171.825,17.041415601479912,8.155415601479913
4933,4303,1600.0,-42.925,171.675,16.62916497298511,7.029164972985109
4934,4304,1311.0,-42.925,171.725,16.827382556319662,8.961382556319663
4935,4305,1017.0,-42.925,171.775,16.943782347421802,10.841782347421802
4936,4306,786.0,-42.925,171.825,16.97603072221409,12.26003072221409
4937,4352,1236.0,-42.875,171.675,16.535929688033775,9.119929688033775
4938,4353,1194.0,-42.875,171.725,16.724959168141595,9.560959168141595
4939,4354,1138.0,-42.875,171.775,16.843354687491683,10.015354687491683
4940,4355,1284.0,-42.875,171.825,16.887683005607414,9.183683005607413
4941,5661,785.0,-42.825,171.675,16.4264606943143,11.7164606943143
4942,5662,819.0,-42.825,171.725,16.609492767410757,11.695492767410757
4943,5665,880.0,-42.825,171.775,16.73016485652488,11.450164856524879
4944,5669,1016.0,-42.825,171.825,16.78470612739875,10.68870612739875
4945,4090,977.0,-42.975,171.875,16.9728768376026,11.1108768376026
4946,4091,1226.0,-42.975,171.925,16.832786527765165,9.476786527765166
4947,4092,1478.0,-42.975,171.975,16.6349510467694,7.766951046769403
4948,4307,791.0,-42.925,171.875,16.92968169762844,12.18368169762844
4949,4308,838.0,-42.925,171.925,16.814422923067923,11.786422923067922
4950,4309,747.0,-42.925,171.975,16.641162624350727,12.159162624350728
4951,4356,697.0,-42.875,171.875,16.86038069589722,12.678380695897221
4952,4357,1374.0,-42.875,171.925,16.76774001647709,8.523740016477092
4953,4358,1381.0,-42.875,171.975,16.617942927335207,8.331942927335207
4954,5673,710.0,-42.825,171.875,16.773757022639074,12.513757022639075
4955,5677,1147.0,-42.825,171.925,16.701241257670972,9.81924125767097
4956,5681,1082.0,-42.825,171.975,16.57308102484876,10.08108102484876
4957,4093,975.0,-42.975,172.025,16.39171324647714,10.541713246477139
4958,4094,803.0,-42.975,172.075,16.114094135454252,11.296094135454252
4959,4095,1466.0,-42.975,172.125,15.812142989461336,7.016142989461336
4960,4096,1256.0,-42.975,172.175,15.49519261559226,7.95919261559226
4961,4310,799.0,-42.925,172.025,16.420584531803343,11.626584531803342
4962,4311,1308.0,-42.925,172.075,16.162681232365685,8.314681232365686
4963,4312,882.0,-42.925,172.125,15.87670707720281,10.58470707720281
4964,4313,1051.0,-42.925,172.175,15.571225646432595,9.265225646432594
4965,4359,1643.0,-42.875,172.025,16.41973972604501,6.56173972604501
4966,4360,1101.0,-42.875,172.075,16.181761616042877,9.575761616042877
4967,4361,1539.0,-42.875,172.125,15.912226375741284,6.678226375741284
4968,4362,1358.0,-42.875,172.175,15.618812104329663,7.470812104329664
4969,5685,952.0,-42.825,172.025,16.39615838780128,10.68415838780128
4970,5689,1686.0,-42.825,172.075,16.17763841456781,6.06163841456781
4971,5693,937.0,-42.825,172.125,15.92458494519451,10.30258494519451
4972,5697,712.0,-42.825,172.175,15.64374326668758,11.371743266687579
4973,4097,1095.0,-42.975,172.225,15.171952897103438,8.601952897103438
4974,4098,801.0,-42.975,172.275,14.850442796714105,10.044442796714105
4975,4100,1181.0,-42.975,172.325,14.537767711947708,7.451767711947708
4976,4101,756.0,-42.975,172.375,14.23972614219656,9.70372614219656
4977,4314,1326.0,-42.925,172.225,15.254105095231807,7.298105095231808
4978,4315,915.0,-42.925,172.275,14.932401945678976,9.442401945678975
4979,4316,599.0,-42.925,172.325,14.612105879683895,11.018105879683896
4980,4317,709.0,-42.925,172.375,14.297722271863677,10.043722271863677
4981,4363,1514.0,-42.875,172.225,15.308552343218707,6.224552343218708
4982,4364,1174.0,-42.875,172.275,14.987670401781997,7.943670401781998
4983,4365,561.0,-42.875,172.325,14.661311649173058,11.295311649173058
4984,4366,1063.0,-42.875,172.375,14.333160678201693,7.955160678201693
4985,5701,681.0,-42.825,172.225,15.341376814519663,11.255376814519664
4986,5785,745.0,-42.825,172.275,15.023080470952209,10.55308047095221
4987,5787,649.0,-42.825,172.325,14.69353302583795,10.79953302583795
4988,5789,821.0,-42.825,172.375,14.35619490765339,9.430194907653389
4989,4102,563.0,-42.975,172.425,13.960182494901801,10.5821824949018
4990,4103,482.0,-42.975,172.475,13.700083372821155,10.808083372821155
4991,4104,324.0,-42.975,172.525,13.455959749240265,11.511959749240265
4992,4318,520.0,-42.925,172.425,13.991665690761693,10.871665690761692
4993,4319,459.0,-42.925,172.475,13.693461033065887,10.939461033065887
4994,4320,442.0,-42.925,172.525,13.398893523865809,10.74689352386581
4995,4367,508.0,-42.875,172.425,14.004964987121184,10.956964987121184
4996,4368,463.0,-42.875,172.475,13.676065463804207,10.898065463804206
4997,4369,401.0,-42.875,172.525,13.343232139640804,10.937232139640805
4998,5791,469.0,-42.825,172.425,14.013013814152146,11.199013814152146
4999,5793,571.0,-42.825,172.475,13.664292064926485,10.238292064926485
5000,5795,525.0,-42.825,172.525,13.30902663449433,10.15902663449433
5001,4105,303.0,-42.975,172.575,13.217890693654681,11.399890693654681
5002,4106,383.0,-42.975,172.625,12.968435434433104,10.670435434433104
5003,4107,297.0,-42.975,172.675,12.692368206412993,10.910368206412993
5004,4108,378.0,-42.975,172.725,12.405508403923704,10.137508403923704
5005,4321,300.0,-42.925,172.575,13.099802122121218,11.299802122121218
5006,4322,295.0,-42.925,172.625,12.786849512871868,11.016849512871868
5007,4323,330.0,-42.925,172.675,12.459840484303186,10.479840484303185
5008,4324,285.0,-42.925,172.725,12.145382251366755,10.435382251366754
5009,4370,303.0,-42.875,172.575,13.00153795731103,11.18353795731103
5010,4371,279.0,-42.875,172.625,12.647643809999863,10.973643809999864
5011,4372,239.0,-42.875,172.675,12.286947287700059,10.85294728770006
5012,4373,216.0,-42.875,172.725,11.945682821231458,10.649682821231458
5013,5797,319.0,-42.825,172.575,12.946262396363181,11.032262396363182
5014,5799,280.0,-42.825,172.625,12.57819933027713,10.89819933027713
5015,5801,261.0,-42.825,172.675,12.215875734460042,10.649875734460043
5016,5803,233.0,-42.825,172.725,11.889556491377334,10.491556491377334
5017,4064,257.0,-42.975,172.775,12.149835276117756,10.607835276117756
5018,4121,262.0,-42.975,172.825,11.946537811304097,10.374537811304098
5019,4128,119.0,-42.975,172.875,11.787581512738143,11.073581512738143
5020,4325,480.0,-42.925,172.775,11.896686960600164,9.016686960600165
5021,4326,273.0,-42.925,172.825,11.726780043780309,10.088780043780309
5022,4327,182.0,-42.925,172.875,11.604049294324795,10.512049294324795
5023,4374,283.0,-42.875,172.775,11.705789934127552,10.007789934127551
5024,4375,490.0,-42.875,172.825,11.572501402714352,8.632501402714352
5025,5215,295.0,-42.875,172.875,11.480013736064848,9.710013736064848
5026,5805,203.0,-42.825,172.775,11.6577164982059,10.4397164982059
5027,5807,172.0,-42.825,172.825,11.523646526516586,10.491646526516586
5028,5810,143.0,-42.825,172.875,11.43795354552958,10.57995354552958
5029,4134,194.0,-42.975,172.925,11.658275146213327,10.494275146213328
5030,4138,305.0,-42.975,172.975,11.548288845809566,9.718288845809566
5031,4145,359.0,-42.975,173.025,11.452371254659283,9.298371254659283
5032,4154,293.0,-42.975,173.075,11.36911372659597,9.61111372659597
5033,4328,149.0,-42.925,172.925,11.506732686830674,10.612732686830674
5034,4329,187.0,-42.925,172.975,11.42443320808934,10.30243320808934
5035,4330,383.0,-42.925,173.025,11.352802810839876,9.054802810839876
5036,4331,138.0,-42.925,173.075,11.291160915166529,10.46316091516653
5037,5323,228.0,-42.875,172.925,11.407791693085983,10.039791693085983
5038,5327,144.0,-42.875,172.975,11.347142477595298,10.483142477595297
5039,5333,112.0,-42.875,173.025,11.294773192885259,10.622773192885258
5040,5340,106.0,-42.875,173.075,11.25059655549967,10.61459655549967
5041,5813,243.0,-42.825,172.925,11.375685170873567,9.917685170873566
5042,5816,524.0,-42.825,172.975,11.3263188645642,8.1823188645642
5043,5819,383.0,-42.825,173.025,11.28595163419459,8.987951634194589
5044,5822,299.0,-42.825,173.075,11.254287585489237,9.460287585489237
5045,4163,126.0,-42.975,173.125,11.29987022728119,10.54387022728119
5046,4260,44.0,-42.975,173.175,11.247964576254162,10.983964576254163
5047,4332,425.0,-42.925,173.125,11.241404036956737,8.691404036956737
5048,4333,60.0,-42.925,173.175,11.207537366249653,10.847537366249654
5049,4334,45.0,-42.925,173.225,11.195458916276039,10.925458916276039
5050,5438,291.0,-42.875,173.125,11.216761284008044,9.470761284008043
5051,5443,58.0,-42.875,173.175,11.19738604733584,10.84938604733584
5052,5448,33.0,-42.875,173.225,11.19911019161691,11.00111019161691
5053,5824,196.0,-42.825,173.125,11.233260565486034,10.057260565486034
5054,5826,354.0,-42.825,173.175,11.22653861329627,9.10253861329627
5055,5828,72.0,-42.825,173.225,11.239954330495948,10.807954330495948
5056,5450,168.0,-42.875,173.275,11.232224167444656,10.224224167444657
5057,5830,81.0,-42.825,173.275,11.285062888019183,10.799062888019183
5058,5832,181.0,-42.825,173.325,11.380827048185438,10.294827048185438
5059,5834,20.0,-42.775,170.925,13.63671151233848,13.51671151233848
5060,5108,47.0,-42.625,171.125,13.322083169141479,13.040083169141479
5061,5221,19.0,-42.725,170.975,13.563668635308659,13.449668635308658
5062,5222,83.0,-42.725,171.025,13.586825801799932,13.088825801799933
5063,5223,174.0,-42.725,171.075,13.608889384539452,12.564889384539452
5064,5224,85.0,-42.725,171.125,13.655206030085537,13.145206030085538
5065,5270,13.0,-42.675,171.025,13.43071174306806,13.35271174306806
5066,5271,90.0,-42.675,171.075,13.451762566351135,12.911762566351136
5067,5272,81.0,-42.675,171.125,13.497800255988295,13.011800255988295
5068,5836,72.0,-42.775,170.975,13.67822301911383,13.24622301911383
5069,5838,20.0,-42.775,171.025,13.70603289659266,13.586032896592661
5070,5840,102.0,-42.775,171.075,13.734441689249707,13.122441689249706
5071,5842,160.0,-42.775,171.125,13.78338362397335,12.82338362397335
5072,5109,79.0,-42.625,171.175,13.413958229114996,12.939958229114996
5073,5110,80.0,-42.625,171.225,13.563305978990229,13.083305978990229
5074,5111,127.0,-42.625,171.275,13.769757531109917,13.007757531109917
5075,5225,144.0,-42.725,171.175,13.740247011860447,12.876247011860446
5076,5226,190.0,-42.725,171.225,13.872041544740568,12.732041544740568
5077,5227,59.0,-42.725,171.275,14.05224215321141,13.69824215321141
5078,5273,124.0,-42.675,171.175,13.585822256598476,12.841822256598476
5079,5274,68.0,-42.675,171.225,13.725089822184145,13.317089822184146
5080,5279,173.0,-42.675,171.275,13.916309815541808,12.878309815541808
5081,5844,148.0,-42.775,171.175,13.866999228289842,12.978999228289842
5082,5846,699.0,-42.775,171.225,13.993542984609576,9.799542984609577
5083,5848,725.0,-42.775,171.275,14.165908374478022,9.815908374478022
5084,5112,192.0,-42.625,171.325,14.02236117720713,12.870361177207132
5085,5113,144.0,-42.625,171.375,14.30597055313092,13.441970553130918
5086,5114,89.0,-42.625,171.425,14.605706397892845,14.071706397892845
5087,5115,89.0,-42.625,171.475,14.908364424331012,14.374364424331011
5088,5228,767.0,-42.725,171.325,14.2767351738853,9.6747351738853
5089,5229,700.0,-42.725,171.375,14.537145292268178,10.337145292268179
5090,5230,230.0,-42.725,171.425,14.822489652488457,13.442489652488458
5091,5231,152.0,-42.725,171.475,15.120404465243155,14.208404465243156
5092,5280,613.0,-42.675,171.325,14.152702505345587,10.474702505345586
5093,5281,710.0,-42.675,171.375,14.423021042394794,10.163021042394794
5094,5282,425.0,-42.675,171.425,14.714381866874646,12.164381866874646
5095,5283,420.0,-42.675,171.475,15.013838525645042,12.493838525645042
5096,5850,323.0,-42.775,171.325,14.382122182643798,12.444122182643797
5097,5852,541.0,-42.775,171.375,14.636124209647733,11.390124209647732
5098,5854,470.0,-42.775,171.425,14.918649833809013,12.098649833809013
5099,5856,216.0,-42.775,171.475,15.218001352418014,13.922001352418015
5100,5116,111.0,-42.625,171.525,15.202457365525333,14.536457365525333
5101,5117,120.0,-42.625,171.575,15.47799715818337,14.75799715818337
5102,5118,889.0,-42.625,171.625,15.726373502301158,10.392373502301158
5103,5232,409.0,-42.725,171.525,15.41793692961528,12.96393692961528
5104,5233,1041.0,-42.725,171.575,15.70216982351576,9.456169823515761
5105,5234,1055.0,-42.725,171.625,15.960880638722756,9.630880638722756
5106,5284,192.0,-42.675,171.525,15.30901868102228,14.157018681022281
5107,5285,354.0,-42.675,171.575,15.58840867123763,13.46440867123763
5108,5286,306.0,-42.675,171.625,15.841615686358637,14.005615686358636
5109,5858,966.0,-42.775,171.525,15.520732634156502,9.724732634156503
5110,5860,1102.0,-42.775,171.575,15.812452826416575,9.200452826416576
5111,5862,277.0,-42.775,171.625,16.078889209290537,14.416889209290538
5112,5119,443.0,-42.625,171.675,15.940368136391953,13.282368136391954
5113,5120,1107.0,-42.625,171.725,16.11424241818213,9.47224241818213
5114,5121,732.0,-42.625,171.775,16.24381506785585,11.85181506785585
5115,5122,720.0,-42.625,171.825,16.326461291446776,12.006461291446776
5116,5235,1126.0,-42.725,171.675,16.183250720127944,9.427250720127944
5117,5236,1171.0,-42.725,171.725,16.360522096057593,9.334522096057594
5118,5237,964.0,-42.725,171.775,16.48647607341718,10.70247607341718
5119,5238,942.0,-42.725,171.825,16.55761992171483,10.90561992171483
5120,5287,684.0,-42.675,171.675,16.059687263350952,11.955687263350953
5121,5288,1236.0,-42.675,171.725,16.235436293912244,8.819436293912243
5122,5289,976.0,-42.675,171.775,16.363680205483888,10.507680205483888
5123,5290,1014.0,-42.675,171.825,16.441314396302914,10.357314396302915
5124,5864,322.0,-42.775,171.675,16.307082373829417,14.375082373829416
5125,5866,398.0,-42.775,171.725,16.486479780339778,14.098479780339778
5126,5868,1163.0,-42.775,171.775,16.60975847220925,9.631758472209249
5127,5870,1307.0,-42.775,171.825,16.673179511352828,8.831179511352829
5128,5123,955.0,-42.625,171.875,16.36099840983161,10.630998409831609
5129,5124,380.0,-42.625,171.925,16.347465822592767,14.067465822592768
5130,5125,707.0,-42.625,171.975,16.286845826927674,12.044845826927673
5131,5239,1148.0,-42.725,171.875,16.57303277270921,9.685032772709212
5132,5240,995.0,-42.725,171.925,16.53393408131069,10.563934081310691
5133,5241,874.0,-42.725,171.975,16.443120962312605,11.199120962312605
5134,5291,833.0,-42.675,171.875,16.46718546389775,11.469185463897748
5135,5292,1406.0,-42.675,171.925,16.441793657585094,8.005793657585095
5136,5293,1367.0,-42.675,171.975,16.366906091272995,8.164906091272995
5137,5872,1104.0,-42.775,171.875,16.676363724471685,10.052363724471686
5138,5874,975.0,-42.775,171.925,16.62161856620878,10.771618566208781
5139,5876,1094.0,-42.775,171.975,16.513095744052862,9.949095744052862
5140,5126,1010.0,-42.625,172.025,16.18079719647494,10.120797196474943
5141,5127,1324.0,-42.625,172.075,16.031482147585848,8.087482147585849
5142,5128,1604.0,-42.625,172.125,15.841551868563329,6.21755186856333
5143,5129,1512.0,-42.625,172.175,15.614295670512547,6.542295670512548
5144,5242,1507.0,-42.725,172.025,16.3044265160147,7.262426516014701
5145,5243,1328.0,-42.725,172.075,16.122297985451496,8.154297985451496
5146,5244,1303.0,-42.725,172.125,15.901523140986228,8.083523140986228
5147,5245,764.0,-42.725,172.175,15.647074009650623,11.063074009650624
5148,5294,1294.0,-42.675,172.025,16.245180110764977,8.481180110764978
5149,5295,813.0,-42.675,172.075,16.0798794627417,11.2018794627417
5150,5296,1187.0,-42.675,172.125,15.874724681496446,8.752724681496446
5151,5297,884.0,-42.675,172.175,15.633861826305747,10.329861826305748
5152,5878,1367.0,-42.775,172.025,16.35602746152972,8.15402746152972
5153,5880,1511.0,-42.775,172.075,16.156161868445906,7.090161868445907
5154,5882,1385.0,-42.775,172.125,15.919400734018836,7.609400734018838
5155,5883,608.0,-42.775,172.175,15.651576897845644,12.003576897845644
5156,5130,963.0,-42.625,172.225,15.353849880932557,9.575849880932557
5157,5131,634.0,-42.625,172.275,15.065283538576296,11.261283538576295
5158,5132,1051.0,-42.625,172.325,14.75445355253305,8.44845355253305
5159,5133,1131.0,-42.625,172.375,14.427720667938956,7.641720667938956
5160,5246,1002.0,-42.725,172.225,15.36400238107035,9.35200238107035
5161,5247,546.0,-42.725,172.275,15.057321743919147,11.781321743919147
5162,5248,950.0,-42.725,172.325,14.731849984525525,9.031849984525525
5163,5249,1307.0,-42.725,172.375,14.392052609289294,6.550052609289295
5164,5298,768.0,-42.675,172.225,15.361875963419152,10.753875963419151
5165,5299,1473.0,-42.675,172.275,15.06375488718686,6.225754887186861
5166,5300,1720.0,-42.675,172.325,14.744759202907062,4.4247592029070635
5167,5301,1475.0,-42.675,172.375,14.410254155823168,5.560254155823168
5168,5884,743.0,-42.775,172.225,15.358291012042628,10.90029101204263
5169,5885,590.0,-42.775,172.275,15.0447419232828,11.5047419232828
5170,5886,550.0,-42.775,172.325,14.715522748168496,11.415522748168495
5171,5887,1028.0,-42.775,172.375,14.37440767320777,8.20640767320777
5172,5134,656.0,-42.625,172.425,14.091734595018352,10.155734595018352
5173,5135,591.0,-42.625,172.475,13.75343855059009,10.20743855059009
5174,5136,876.0,-42.625,172.525,13.420302185466426,8.164302185466425
5175,5250,637.0,-42.725,172.425,14.041990458421878,10.21999045842188
5176,5251,1070.0,-42.725,172.475,13.68552063639845,7.265520636398452
5177,5252,868.0,-42.725,172.525,13.326918565564938,8.11891856556494
5178,5302,978.0,-42.675,172.425,14.065633171269837,8.197633171269839
5179,5303,1214.0,-42.675,172.475,13.716468224197342,6.4324682241973425
5180,5304,1059.0,-42.675,172.525,13.368966591332992,7.014966591332992
5181,5888,764.0,-42.775,172.425,14.024217664680691,9.440217664680691
5182,5889,479.0,-42.775,172.475,13.66692866333051,10.792928663330509
5183,5890,592.0,-42.775,172.525,13.30427777185696,9.75227777185696
5184,5137,973.0,-42.625,172.575,13.100642211470586,7.2626422114705855
5185,5138,1113.0,-42.625,172.625,12.803713026661626,6.125713026661626
5186,5139,995.0,-42.625,172.675,12.539044456791999,6.569044456791999
5187,5140,556.0,-42.625,172.725,12.314472660167212,8.978472660167212
5188,5253,574.0,-42.725,172.575,12.97205764800583,9.52805764800583
5189,5254,902.0,-42.725,172.625,12.630103327875531,7.218103327875531
5190,5255,410.0,-42.725,172.675,12.315062064296399,9.8550620642964
5191,5256,379.0,-42.725,172.725,12.04485581076733,9.77085581076733
5192,5305,754.0,-42.675,172.575,13.030697206482273,8.506697206482272
5193,5306,1355.0,-42.675,172.625,12.711309789458483,4.581309789458482
5194,5307,549.0,-42.675,172.675,12.422506457406143,9.128506457406143
5195,5308,498.0,-42.675,172.725,12.175990292210827,9.187990292210827
5196,5891,623.0,-42.775,172.575,12.93921303505931,9.201213035059311
5197,5892,386.0,-42.775,172.625,12.578548888596288,10.262548888596289
5198,5893,405.0,-42.775,172.675,12.236944786019649,9.806944786019649
5199,5894,264.0,-42.775,172.725,11.940446966934815,10.356446966934815
5200,5141,279.0,-42.625,172.775,12.132954559597238,10.458954559597238
5201,5142,573.0,-42.625,172.825,11.989954601969657,8.551954601969657
5202,5143,320.0,-42.625,172.875,11.875600422868501,9.955600422868502
5203,5257,423.0,-42.725,172.775,11.833921857230052,9.295921857230052
5204,5258,426.0,-42.725,172.825,11.682413745592385,9.126413745592385
5205,5259,219.0,-42.725,172.875,11.577015173233121,10.263015173233121
5206,5309,277.0,-42.675,172.775,11.97877318176279,10.316773181762791
5207,5310,274.0,-42.675,172.825,11.828847913629488,10.184847913629488
5208,5311,217.0,-42.675,172.875,11.716841075136927,10.414841075136927
5209,5895,213.0,-42.775,172.775,11.717989952372136,10.439989952372136
5210,5896,192.0,-42.775,172.825,11.571539261470662,10.419539261470662
5211,5897,175.0,-42.775,172.875,11.476595256309338,10.426595256309337
5212,5144,222.0,-42.625,172.925,11.783490227244783,10.451490227244783
5213,5145,185.0,-42.625,172.975,11.714130885905888,10.604130885905889
5214,5146,159.0,-42.625,173.025,11.669829608620148,10.715829608620147
5215,5147,201.0,-42.625,173.075,11.652355485262433,10.446355485262433
5216,5149,219.0,-42.775,172.975,11.36300651034935,10.04900651034935
5217,5208,616.0,-42.775,173.025,11.327460925127525,7.631460925127525
5218,5210,451.0,-42.775,173.075,11.30367616164267,8.59767616164267
5219,5260,188.0,-42.725,172.925,11.502625233276376,10.374625233276376
5220,5261,163.0,-42.725,172.975,11.449496273688055,10.471496273688055
5221,5262,143.0,-42.725,173.025,11.41342131330157,10.555421313301569
5222,5263,316.0,-42.725,173.075,11.393817178113295,9.497817178113294
5223,5312,184.0,-42.675,172.925,11.6330561723762,10.529056172376201
5224,5313,185.0,-42.675,172.975,11.57210992677983,10.462109926779831
5225,5314,234.0,-42.675,173.025,11.532416910395568,10.128416910395568
5226,5315,118.0,-42.675,173.075,11.514441188565343,10.806441188565342
5227,5898,171.0,-42.775,172.925,11.411083900909489,10.385083900909489
5228,5101,241.0,-42.675,173.125,11.519876122086316,10.073876122086316
5229,5102,308.0,-42.675,173.175,11.551475682003911,9.703475682003912
5230,5103,231.0,-42.675,173.225,11.61288625525549,10.22688625525549
5231,5148,181.0,-42.625,173.125,11.663266214638043,10.577266214638042
5232,5155,240.0,-42.625,173.175,11.704298321374154,10.264298321374154
5233,5156,246.0,-42.625,173.225,11.777202846400542,10.301202846400543
5234,5212,227.0,-42.775,173.125,11.29332120334493,9.93132120334493
5235,5216,189.0,-42.775,173.175,11.29988987344268,10.16588987344268
5236,5217,70.0,-42.775,173.225,11.329234892279601,10.909234892279601
5237,5264,245.0,-42.725,173.125,11.392320244258372,9.922320244258371
5238,5265,111.0,-42.725,173.175,11.412316421453852,10.746316421453852
5239,5266,51.0,-42.725,173.225,11.459204071411023,11.153204071411023
5240,5104,114.0,-42.675,173.275,11.707478461813025,11.023478461813026
5241,5105,101.0,-42.675,173.325,11.835312378791969,11.229312378791969
5242,5106,284.0,-42.675,173.375,11.990838721529599,10.286838721529598
5243,5107,54.0,-42.675,173.425,12.164771083024789,11.840771083024789
5244,5157,156.0,-42.625,173.275,11.88280231874296,10.94680231874296
5245,5158,129.0,-42.625,173.325,12.019454470427263,11.245454470427262
5246,5159,207.0,-42.625,173.375,12.182112954001695,10.940112954001696
5247,5160,258.0,-42.625,173.425,12.36296173006599,10.81496173006599
5248,5218,43.0,-42.775,173.275,11.392567222739217,11.134567222739218
5249,5219,218.0,-42.775,173.325,11.501592145353698,10.193592145353698
5250,5220,5.0,-42.775,173.375,11.642363900389682,11.612363900389683
5251,5267,37.0,-42.725,173.275,11.540179182734846,11.318179182734847
5252,5268,92.0,-42.725,173.325,11.658658448243841,11.106658448243842
5253,5269,338.0,-42.725,173.375,11.80721328119489,9.77921328119489
5254,5161,22.0,-42.575,171.125,13.146218731898443,13.014218731898444
5255,5162,115.0,-42.575,171.175,13.240237803512173,12.550237803512173
5256,5163,155.0,-42.575,171.225,13.40190554065839,12.47190554065839
5257,5164,238.0,-42.575,171.275,13.628530853570282,12.200530853570282
5258,5330,21.0,-42.525,171.175,13.08617930282253,12.96017930282253
5259,5337,142.0,-42.525,171.225,13.2623050685429,12.4103050685429
5260,5447,213.0,-42.525,171.275,13.514397020609067,12.236397020609067
5261,5733,155.0,-42.475,171.225,13.1790530765511,12.2490530765511
5262,5734,40.0,-42.475,171.275,13.455976084074791,13.215976084074791
5263,5165,301.0,-42.575,171.325,13.901353600866514,12.095353600866515
5264,5166,283.0,-42.575,171.375,14.200137238020943,12.502137238020943
5265,5167,164.0,-42.575,171.425,14.50855554340751,13.52455554340751
5266,5168,108.0,-42.575,171.475,14.813917201154254,14.165917201154254
5267,5449,161.0,-42.525,171.325,13.808706830041956,12.842706830041957
5268,5451,144.0,-42.525,171.375,14.120804560109264,13.256804560109263
5269,5454,147.0,-42.525,171.425,14.434779568088743,13.552779568088743
5270,5457,167.0,-42.525,171.475,14.73948522069395,13.73748522069395
5271,5735,162.0,-42.475,171.325,13.764492117014925,12.792492117014925
5272,5736,32.0,-42.475,171.375,14.081847144172116,13.889847144172116
5273,5737,155.0,-42.475,171.425,14.39405690614467,13.46405690614467
5274,5738,158.0,-42.475,171.475,14.691786335352845,13.743786335352844
5275,5169,143.0,-42.575,171.525,15.106125676466945,14.248125676466945
5276,5170,219.0,-42.575,171.575,15.376937610183631,14.062937610183631
5277,5171,429.0,-42.575,171.625,15.619545378012845,13.045545378012845
5278,5463,206.0,-42.525,171.525,15.026664533565963,13.790664533565963
5279,5644,220.0,-42.525,171.575,15.289953734386472,13.969953734386472
5280,5668,272.0,-42.525,171.625,15.524315209048382,13.892315209048382
5281,5739,177.0,-42.475,171.525,14.968600516101105,13.906600516101106
5282,5740,281.0,-42.475,171.575,15.219908376391686,13.533908376391686
5283,5741,309.0,-42.475,171.625,15.442283301655152,13.588283301655153
5284,5172,201.0,-42.575,171.675,15.828385036261352,14.622385036261353
5285,5173,202.0,-42.575,171.725,15.999072827989494,14.787072827989494
5286,5174,223.0,-42.575,171.775,16.12838581311371,14.79038581311371
5287,5175,436.0,-42.575,171.825,16.214220802285126,13.598220802285127
5288,5672,316.0,-42.525,171.675,15.725729092913298,13.829729092913297
5289,5676,482.0,-42.525,171.725,15.8910453169201,12.9990453169201
5290,5680,167.0,-42.525,171.775,16.017916413826242,15.015916413826242
5291,5684,331.0,-42.525,171.825,16.104745685706348,14.118745685706347
5292,5742,275.0,-42.475,171.675,15.633063572327046,13.983063572327046
5293,5743,271.0,-42.475,171.725,15.790152967254016,14.164152967254017
5294,5744,140.0,-42.475,171.775,15.911938320868558,15.071938320868558
5295,5745,858.0,-42.475,171.825,15.997250577993782,10.849250577993782
5296,5176,557.0,-42.575,171.875,16.25549212942542,12.91349212942542
5297,5177,543.0,-42.575,171.925,16.251959768624147,12.993959768624148
5298,5178,310.0,-42.575,171.975,16.204010564339114,14.344010564339115
5299,5688,383.0,-42.525,171.875,16.150605079705656,13.852605079705656
5300,5692,770.0,-42.525,171.925,16.155099956578397,11.535099956578396
5301,5696,1177.0,-42.525,171.975,16.118181515528704,9.056181515528705
5302,5746,937.0,-42.475,171.875,16.045314870716084,10.423314870716084
5303,5747,1171.0,-42.475,171.925,16.05565452271412,9.029654522714122
5304,5748,398.0,-42.475,171.975,16.027928796699598,13.639928796699598
5305,5179,1327.0,-42.575,172.025,16.11244656131157,8.150446561311572
5306,5180,888.0,-42.575,172.075,15.978369302900774,10.650369302900774
5307,5181,1181.0,-42.575,172.125,15.803277527041246,8.717277527041245
5308,5182,964.0,-42.575,172.175,15.589453976263485,9.805453976263486
5309,5700,1200.0,-42.525,172.025,16.039937110552273,8.839937110552274
5310,5704,1309.0,-42.525,172.075,15.920444196945482,8.066444196945483
5311,5705,743.0,-42.525,172.125,15.75988195665468,11.301881956654682
5312,5706,1203.0,-42.525,172.175,15.559182904583395,8.341182904583395
5313,5749,440.0,-42.475,172.025,15.961697581460157,13.321697581460157
5314,5750,1061.0,-42.475,172.075,15.856145096630371,9.490145096630371
5315,5751,1087.0,-42.475,172.125,15.70996515188881,9.187965151888811
5316,5752,1005.0,-42.475,172.175,15.522091634455592,9.49209163445559
5317,5183,922.0,-42.575,172.225,15.340507117699417,9.808507117699417
5318,5184,1602.0,-42.575,172.275,15.061667916127135,5.449667916127135
5319,5185,1388.0,-42.575,172.325,14.759549479862471,6.431549479862472
5320,5186,534.0,-42.575,172.375,14.441574057198068,11.237574057198067
5321,5707,723.0,-42.525,172.225,15.321189724736996,10.983189724736995
5322,5708,943.0,-42.525,172.275,15.051412572765003,9.393412572765003
5323,5709,1279.0,-42.525,172.325,14.757505826028591,7.083505826028592
5324,5710,559.0,-42.525,172.375,14.448060663301476,11.094060663301477
5325,5753,1555.0,-42.475,172.225,15.294028961235654,5.964028961235654
5326,5754,1218.0,-42.475,172.275,15.031870371621153,7.723870371621153
5327,5755,1169.0,-42.475,172.325,14.744920791765708,7.730920791765708
5328,5756,770.0,-42.475,172.375,14.443078533566222,9.823078533566221
5329,5187,1016.0,-42.575,172.425,14.115501680932994,8.019501680932994
5330,5188,657.0,-42.575,172.475,13.789263237917112,9.847263237917112
5331,5189,619.0,-42.575,172.525,13.471019664102187,9.757019664102186
5332,5711,996.0,-42.525,172.425,14.131770525328193,8.155770525328194
5333,5712,1471.0,-42.525,172.475,13.817171631524161,4.9911716315241605
5334,5713,1351.0,-42.525,172.525,13.512654143260534,5.406654143260534
5335,5757,1656.0,-42.475,172.425,14.13570125974229,4.199701259742293
5336,5758,1263.0,-42.475,172.475,13.831526665883302,6.253526665883302
5337,5759,857.0,-42.475,172.525,13.538795715300694,8.396795715300694
5338,5190,589.0,-42.575,172.575,13.16923456133054,9.635234561330542
5339,5191,371.0,-42.575,172.625,12.892484482267719,10.66648448226772
5340,5192,589.0,-42.575,172.675,12.648701582078047,9.114701582078048
5341,5193,320.0,-42.575,172.725,12.443626354513526,10.523626354513526
5342,5714,699.0,-42.525,172.575,13.22644295925511,9.03244295925511
5343,5715,1189.0,-42.525,172.625,12.966332060593686,5.832332060593686
5344,5716,719.0,-42.525,172.675,12.739019356676636,8.425019356676636
5345,5717,492.0,-42.525,172.725,12.548979416918883,9.596979416918883
5346,5760,520.0,-42.475,172.575,13.265237762256675,10.145237762256674
5347,5761,985.0,-42.475,172.625,13.017797825782964,7.107797825782964
5348,5762,1414.0,-42.475,172.675,12.802047613040031,4.318047613040031
5349,5763,1655.0,-42.475,172.725,12.621250148861236,2.6912501488612364
5350,5194,296.0,-42.575,172.775,12.278482206420904,10.502482206420904
5351,5195,382.0,-42.575,172.825,12.146931181016953,9.854931181016953
5352,5196,464.0,-42.575,172.875,12.033917689481768,9.24991768948177
5353,5718,337.0,-42.525,172.775,12.396894900756251,10.374894900756251
5354,5719,358.0,-42.525,172.825,12.277264235290659,10.129264235290659
5355,5720,396.0,-42.525,172.875,12.168527492280646,9.792527492280646
5356,5764,1205.0,-42.475,172.775,12.474985315834374,5.2449853158343736
5357,5765,859.0,-42.475,172.825,12.356762387825938,7.202762387825938
5358,5766,900.0,-42.475,172.875,12.251928843715177,6.851928843715178
5359,5197,833.0,-42.575,172.925,11.934250002477711,6.936250002477711
5360,5198,487.0,-42.575,172.975,11.85770091961922,8.935700919619219
5361,5199,296.0,-42.575,173.025,11.810160174379234,10.034160174379235
5362,5200,290.0,-42.575,173.075,11.793922536397531,10.05392253639753
5363,5721,773.0,-42.525,172.925,12.064222331910514,7.426222331910514
5364,5722,615.0,-42.525,172.975,11.98583415164785,8.29583415164785
5365,5723,596.0,-42.525,173.025,11.939425571043103,8.363425571043102
5366,5724,427.0,-42.525,173.075,11.92716318436078,9.36516318436078
5367,5767,1309.0,-42.475,172.925,12.15746331840387,4.303463318403871
5368,5768,970.0,-42.475,172.975,12.086847342869305,6.266847342869306
5369,5769,757.0,-42.475,173.025,12.04782549963329,7.505825499633291
5370,5770,1185.0,-42.475,173.075,12.0434283258287,4.9334283258287
5371,5201,390.0,-42.575,173.125,11.810074612455992,9.470074612455992
5372,5202,356.0,-42.575,173.175,11.85929670094174,9.723296700941741
5373,5203,328.0,-42.575,173.225,11.941819022696109,9.973819022696109
5374,5725,367.0,-42.525,173.125,11.94974165509575,9.74774165509575
5375,5726,575.0,-42.525,173.175,12.007093503652413,8.557093503652414
5376,5727,638.0,-42.525,173.225,12.098436335690167,8.270436335690167
5377,5771,885.0,-42.475,173.125,12.074529507891157,6.764529507891157
5378,5772,617.0,-42.475,173.175,12.140780020154125,8.438780020154125
5379,5773,745.0,-42.475,173.225,12.240855640161499,7.770855640161499
5380,5151,170.0,-42.575,173.425,12.55913364222829,11.53913364222829
5381,5204,342.0,-42.575,173.275,12.056834585806428,10.004834585806428
5382,5205,139.0,-42.575,173.325,12.201700573266635,11.367700573266635
5383,5206,397.0,-42.575,173.375,12.371476584677566,9.989476584677567
5384,5728,387.0,-42.525,173.275,12.221963353878664,9.899963353878665
5385,5729,284.0,-42.525,173.325,12.37443161457577,10.670431614575769
5386,5730,370.0,-42.525,173.375,12.550920396457059,10.330920396457058
5387,5731,500.0,-42.525,173.425,12.744894098104623,9.744894098104623
5388,5774,329.0,-42.475,173.275,12.372384721737035,10.398384721737035
5389,5775,267.0,-42.475,173.325,12.531775925511283,10.929775925511283
5390,5776,295.0,-42.475,173.375,12.714113752007506,10.944113752007507
5391,5777,525.0,-42.475,173.425,12.913194154441726,9.763194154441726
5392,5277,115.0,-42.575,173.475,12.756148210278297,12.066148210278298
5393,5732,52.0,-42.525,173.475,12.948444284577818,12.636444284577818
5394,5778,700.0,-42.475,173.475,13.121638368593722,8.921638368593722
5395,5779,88.0,-42.475,173.525,13.330919344766471,12.80291934476647
5396,5498,234.0,-42.375,171.275,13.570956771876354,12.166956771876354
5397,5780,279.0,-42.425,171.225,13.202024986554079,11.52802498655408
5398,5781,67.0,-42.425,171.275,13.477160803539846,13.075160803539847
5399,5214,121.0,-42.425,171.425,14.391343763560599,13.6653437635606
5400,5318,95.0,-42.425,171.475,14.673778444655,14.103778444655
5401,5378,654.0,-42.275,171.325,14.117589143446367,10.193589143446367
5402,5379,1140.0,-42.275,171.375,14.35223334315151,7.512233343151511
5403,5380,944.0,-42.275,171.425,14.565853462100222,8.901853462100222
5404,5381,280.0,-42.275,171.475,14.756872484791074,13.076872484791075
5405,5499,560.0,-42.375,171.325,13.857550528628963,10.497550528628963
5406,5500,267.0,-42.375,171.375,14.147105609736627,12.545105609736627
5407,5501,74.0,-42.375,171.425,14.425080856574368,13.981080856574367
5408,5502,59.0,-42.375,171.475,14.683665331582233,14.329665331582234
5409,5547,343.0,-42.325,171.325,13.97597935046042,11.91797935046042
5410,5548,875.0,-42.325,171.375,14.23917897656429,8.98917897656429
5411,5549,576.0,-42.325,171.425,14.48741110655601,11.03141110655601
5412,5550,115.0,-42.325,171.475,14.714883558698148,14.024883558698148
5413,5782,286.0,-42.425,171.325,13.781753702488459,12.06575370248846
5414,5783,20.0,-42.425,171.375,14.091185679560567,13.971185679560568
5415,5320,125.0,-42.425,171.525,14.93344430615116,14.18344430615116
5416,5321,154.0,-42.425,171.575,15.167252992634985,14.243252992634986
5417,5325,287.0,-42.425,171.625,15.373143228867775,13.651143228867776
5418,5382,103.0,-42.275,171.525,14.926857764470242,14.308857764470241
5419,5383,165.0,-42.275,171.575,15.077562309054883,14.087562309054883
5420,5384,107.0,-42.275,171.625,15.209954199281128,14.567954199281129
5421,5503,126.0,-42.375,171.525,14.919107834535225,14.163107834535225
5422,5504,80.0,-42.375,171.575,15.129698163158992,14.649698163158991
5423,5505,142.0,-42.375,171.625,15.31452656868123,14.46252656868123
5424,5551,70.0,-42.325,171.525,14.919869933936297,14.499869933936298
5425,5552,79.0,-42.325,171.575,15.102238526681958,14.628238526681958
5426,5553,197.0,-42.325,171.625,15.262100292794912,14.080100292794912
5427,5153,180.0,-42.325,171.675,15.399303322044489,14.319303322044489
5428,5278,136.0,-42.325,171.725,15.513348015069369,14.697348015069368
5429,5324,251.0,-42.325,171.775,15.603462547983327,14.097462547983326
5430,5328,469.0,-42.325,171.825,15.66871469352418,12.85471469352418
5431,5329,293.0,-42.425,171.675,15.549560825414119,13.79156082541412
5432,5336,110.0,-42.425,171.725,15.695224676051566,15.035224676051566
5433,5385,105.0,-42.275,171.675,15.324152884409614,14.694152884409613
5434,5386,181.0,-42.275,171.725,15.41961322782845,14.33361322782845
5435,5387,342.0,-42.275,171.775,15.495337142117933,13.443337142117933
5436,5388,400.0,-42.275,171.825,15.550052658732966,13.150052658732966
5437,5437,281.0,-42.425,171.775,15.809054958319393,14.123054958319393
5438,5442,510.0,-42.425,171.825,15.890166921291438,12.83016692129144
5439,5506,215.0,-42.375,171.675,15.4728752364299,14.1828752364299
5440,5507,221.0,-42.375,171.725,15.604000790106511,14.27800079010651
5441,5508,261.0,-42.375,171.775,15.707110262601418,14.14111026260142
5442,5509,248.0,-42.375,171.825,15.781406436925408,14.293406436925409
5443,5334,365.0,-42.325,171.875,15.708103633223345,13.518103633223346
5444,5341,479.0,-42.325,171.925,15.720603036953435,12.846603036953434
5445,5342,479.0,-42.325,171.975,15.70513406343116,12.83113406343116
5446,5389,695.0,-42.275,171.875,15.582340595708501,11.412340595708502
5447,5390,714.0,-42.275,171.925,15.590695297841648,11.30669529784165
5448,5391,382.0,-42.275,171.975,15.573500986064573,13.281500986064573
5449,5458,1202.0,-42.425,171.875,15.937865189292552,8.725865189292552
5450,5464,514.0,-42.425,171.925,15.95159675806326,12.86759675806326
5451,5465,299.0,-42.425,171.975,15.930831051090081,14.13683105109008
5452,5510,686.0,-42.375,171.875,15.826132740606226,11.710132740606227
5453,5511,849.0,-42.375,171.925,15.84057816890936,10.746578168909359
5454,5512,760.0,-42.375,171.975,15.824013763497533,11.264013763497534
5455,5343,853.0,-42.325,172.025,15.660437100688341,10.542437100688343
5456,5344,1054.0,-42.325,172.075,15.584765059710662,9.260765059710664
5457,5345,675.0,-42.325,172.125,15.475133311231048,11.425133311231047
5458,5346,421.0,-42.325,172.175,15.32447960646391,12.79847960646391
5459,5392,1298.0,-42.275,172.025,15.528885643333979,7.7408856433339785
5460,5393,1239.0,-42.275,172.075,15.454354613942996,8.020354613942995
5461,5394,1034.0,-42.275,172.125,15.345942696643078,9.141942696643078
5462,5395,571.0,-42.275,172.175,15.196787978149132,11.770787978149132
5463,5466,920.0,-42.425,172.025,15.874828244905984,10.354828244905985
5464,5467,637.0,-42.425,172.075,15.782228615084932,11.960228615084933
5465,5468,1036.0,-42.425,172.125,15.650410280039068,9.434410280039069
5466,5469,710.0,-42.425,172.175,15.475341797310648,11.215341797310648
5467,5513,839.0,-42.375,172.025,15.775522015096612,10.741522015096614
5468,5514,1013.0,-42.375,172.075,15.693623861561719,9.615623861561719
5469,5515,487.0,-42.375,172.125,15.575377126322564,12.653377126322564
5470,5516,499.0,-42.375,172.175,15.413775410049311,12.419775410049311
5471,5347,641.0,-42.325,172.225,15.117159750759129,11.271159750759129
5472,5348,709.0,-42.325,172.275,14.871213419428841,10.617213419428841
5473,5349,700.0,-42.325,172.325,14.603210373301636,10.403210373301636
5474,5350,970.0,-42.325,172.375,14.323460337662482,8.503460337662482
5475,5396,435.0,-42.275,172.225,15.001543081335967,12.391543081335968
5476,5397,946.0,-42.275,172.275,14.76908704639618,9.09308704639618
5477,5398,1051.0,-42.275,172.325,14.513071195230395,8.207071195230395
5478,5399,1193.0,-42.275,172.375,14.244100234820735,7.086100234820735
5479,5470,1436.0,-42.425,172.225,15.255694490273527,6.639694490273527
5480,5471,1129.0,-42.425,172.275,14.999104395578797,8.225104395578798
5481,5472,1387.0,-42.425,172.325,14.717720889304474,6.395720889304474
5482,5473,1202.0,-42.425,172.375,14.422611143880658,7.210611143880659
5483,5517,849.0,-42.375,172.225,15.200331462228405,10.106331462228404
5484,5518,519.0,-42.375,172.275,14.947578077578783,11.833578077578782
5485,5519,693.0,-42.375,172.325,14.671558849484654,10.513558849484655
5486,5520,945.0,-42.375,172.375,14.383308221177913,8.713308221177915
5487,5351,1015.0,-42.325,172.425,14.040512415070225,7.950512415070225
5488,5352,1273.0,-42.325,172.475,13.762011576789746,6.124011576789746
5489,5353,1256.0,-42.325,172.525,13.494916778310426,5.958916778310426
5490,5400,1165.0,-42.275,172.425,13.970799049133348,6.980799049133347
5491,5401,1876.0,-42.275,172.475,13.700740604527937,2.4447406045279365
5492,5402,1171.0,-42.275,172.525,13.440766948758892,6.414766948758891
5493,5474,1433.0,-42.425,172.425,14.123285673503233,5.525285673503234
5494,5475,1085.0,-42.425,172.475,13.828260456930366,7.318260456930366
5495,5476,1566.0,-42.425,172.525,13.545354625652863,4.1493546256528635
5496,5521,1590.0,-42.375,172.425,14.091832599875943,4.551832599875944
5497,5522,1390.0,-42.375,172.475,13.805151797271947,5.465151797271947
5498,5523,1307.0,-42.375,172.525,13.530580359503347,5.688580359503347
5499,5354,1092.0,-42.325,172.575,13.245447608519271,6.693447608519271
5500,5355,1148.0,-42.325,172.625,13.018858344288219,6.130858344288219
5501,5356,1210.0,-42.325,172.675,12.819100457662444,5.559100457662444
5502,5357,1738.0,-42.325,172.725,12.648474810565403,2.2204748105654044
5503,5403,1191.0,-42.275,172.575,13.197014058251852,6.051014058251853
5504,5404,779.0,-42.275,172.625,12.974772350913327,8.300772350913327
5505,5405,1688.0,-42.275,172.675,12.778261355103268,2.65026135510327
5506,5406,1379.0,-42.275,172.725,12.610414935819335,4.336414935819336
5507,5477,1249.0,-42.425,172.575,13.281684131122347,5.787684131122347
5508,5478,881.0,-42.425,172.625,13.043386179200525,7.757386179200524
5509,5479,765.0,-42.425,172.675,12.835082965341371,8.245082965341371
5510,5480,1103.0,-42.425,172.725,12.659088686249106,6.041088686249107
5511,5524,1423.0,-42.375,172.575,13.274679663432607,4.736679663432607
5512,5525,969.0,-42.375,172.625,13.042986428057702,7.228986428057703
5513,5526,1521.0,-42.375,172.675,12.839560342535378,3.713560342535379
5514,5527,1097.0,-42.375,172.725,12.666419061295755,6.084419061295756
5515,5358,940.0,-42.325,172.775,12.507483122726399,6.867483122726399
5516,5359,1469.0,-42.325,172.825,12.395224402988788,3.581224402988788
5517,5360,1316.0,-42.325,172.875,12.310559936119034,4.414559936119034
5518,5407,996.0,-42.275,172.775,12.47282239695437,6.496822396954371
5519,5408,1368.0,-42.275,172.825,12.365985237188625,4.157985237188624
5520,5409,1375.0,-42.275,172.875,12.289906062020464,4.039906062020464
5521,5481,1050.0,-42.425,172.775,12.51439594310932,6.214395943109321
5522,5482,1172.0,-42.425,172.825,12.395890017957527,5.363890017957527
5523,5483,1544.0,-42.425,172.875,12.296532291723679,3.0325322917236797
5524,5528,1114.0,-42.375,172.775,12.523066032975294,5.8390660329752935
5525,5529,959.0,-42.375,172.825,12.406710928802113,6.652710928802113
5526,5530,1092.0,-42.375,172.875,12.314214117436222,5.762214117436223
5527,5361,1380.0,-42.325,172.925,12.253468955395647,3.9734689553956475
5528,5362,793.0,-42.325,172.975,12.225343210942128,7.467343210942128
5529,5363,1153.0,-42.325,173.025,12.228034787332717,5.310034787332718
5530,5364,1057.0,-42.325,173.075,12.262788060006415,5.920788060006415
5531,5410,1144.0,-42.275,172.925,12.244703087308153,5.380703087308153
5532,5411,980.0,-42.275,172.975,12.230797946189568,6.3507979461895685
5533,5412,988.0,-42.275,173.025,12.248598896022486,6.320598896022486
5534,5413,877.0,-42.275,173.075,12.298047739905769,7.0360477399057695
5535,5484,812.0,-42.425,172.925,12.21518817348533,7.3431881734853315
5536,5485,1461.0,-42.425,172.975,12.158047863943466,3.392047863943466
5537,5486,1230.0,-42.425,173.025,12.131269581618199,4.751269581618199
5538,5487,1070.0,-42.425,173.075,12.13820107792526,5.7182010779252606
5539,5531,929.0,-42.375,172.925,12.245207298118657,6.6712072981186585
5540,5532,1078.0,-42.375,172.975,12.202660984608201,5.734660984608202
5541,5533,1169.0,-42.375,173.025,12.190321332275289,5.17632133227529
5542,5534,842.0,-42.375,173.075,12.210697339287663,7.158697339287663
5543,5365,947.0,-42.325,173.125,12.329756366665606,6.647756366665606
5544,5366,1378.0,-42.325,173.175,12.427955204065483,4.159955204065485
5545,5367,994.0,-42.325,173.225,12.555326353948658,6.591326353948658
5546,5414,1144.0,-42.275,173.125,12.378353710845886,5.514353710845886
5547,5415,1220.0,-42.275,173.175,12.487930218234624,5.167930218234624
5548,5416,2088.0,-42.275,173.225,12.624375916647978,0.09637591664797895
5549,5488,1334.0,-42.425,173.125,12.17995908115131,4.17595908115131
5550,5489,960.0,-42.425,173.175,12.256140205099882,6.496140205099882
5551,5490,871.0,-42.425,173.225,12.365161256317833,7.139161256317833
5552,5535,796.0,-42.375,173.125,12.264649580283958,7.488649580283958
5553,5536,696.0,-42.375,173.175,12.351604218137481,8.175604218137481
5554,5537,1314.0,-42.375,173.225,12.469775475432698,4.585775475432698
5555,5368,740.0,-42.325,173.275,12.708749444209388,8.268749444209387
5556,5369,992.0,-42.325,173.325,12.884009955477723,6.932009955477723
5557,5370,1090.0,-42.325,173.375,13.075809330219045,6.5358093302190445
5558,5371,1262.0,-42.325,173.425,13.277839117865824,5.705839117865825
5559,5417,651.0,-42.275,173.275,12.784358395021172,8.878358395021174
5560,5418,679.0,-42.275,173.325,12.963433169830978,8.889433169830978
5561,5419,1194.0,-42.275,173.375,13.156004108277102,5.9920041082771025
5562,5420,635.0,-42.275,173.425,13.35547532428268,9.54547532428268
5563,5491,489.0,-42.425,173.275,12.504339262064377,9.570339262064378
5564,5492,468.0,-42.425,173.325,12.66986384535403,9.86186384535403
5565,5493,425.0,-42.425,173.375,12.85678181110302,10.306781811103018
5566,5494,316.0,-42.425,173.425,13.059044648628742,11.163044648628741
5567,5538,904.0,-42.375,173.275,12.616261177216074,7.192261177216075
5568,5539,814.0,-42.375,173.325,12.787060565479123,7.903060565479123
5569,5540,792.0,-42.375,173.375,12.977095927435585,8.225095927435586
5570,5541,303.0,-42.375,173.425,13.180270114319228,11.362270114319228
5571,5372,1202.0,-42.325,173.475,13.482829807858366,6.270829807858366
5572,5373,759.0,-42.325,173.525,13.682447050897053,9.128447050897055
5573,5374,619.0,-42.325,173.575,13.86691097514722,10.15291097514722
5574,5375,863.0,-42.325,173.625,14.024271145318608,8.846271145318607
5575,5421,1240.0,-42.275,173.475,13.554384747217682,6.114384747217683
5576,5422,1430.0,-42.275,173.525,13.744371353919064,5.164371353919064
5577,5423,1215.0,-42.275,173.575,13.916021962651428,6.626021962651428
5578,5424,886.0,-42.275,173.625,14.058894776871682,8.742894776871683
5579,5495,525.0,-42.425,173.475,13.269584002181546,10.119584002181545
5580,5496,170.0,-42.425,173.525,13.480310334974092,12.460310334974093
5581,5497,21.0,-42.425,173.575,13.68186376613096,13.55586376613096
5582,5542,223.0,-42.375,173.475,13.389514998825916,12.051514998825917
5583,5543,136.0,-42.375,173.525,13.596724550715749,12.780724550715748
5584,5544,121.0,-42.375,173.575,13.792387670441485,13.066387670441486
5585,5545,61.0,-42.375,173.625,13.96446133691029,13.59846133691029
5586,5376,124.0,-42.325,173.675,14.140199594222622,13.396199594222622
5587,5377,20.0,-42.325,173.725,14.203041309045375,14.083041309045376
5588,5425,255.0,-42.275,173.675,14.162628431661915,12.632628431661916
5589,5426,428.0,-42.275,173.725,14.220340042797773,11.652340042797773
5590,5427,107.0,-42.275,173.775,14.232322684299504,13.590322684299505
5591,5546,10.0,-42.375,173.675,14.095134571744495,14.035134571744495
5592,5428,17.0,-42.225,171.325,14.263406009922619,14.161406009922619
5593,5429,570.0,-42.225,171.375,14.469024763214293,11.049024763214293
5594,5430,654.0,-42.225,171.425,14.64469172162353,10.720691721623531
5595,5431,726.0,-42.225,171.475,14.796003301488327,10.440003301488327
5596,5835,10.0,-42.175,171.325,14.393831278766811,14.33383127876681
5597,5837,327.0,-42.175,171.375,14.569772857665157,12.607772857665157
5598,5839,384.0,-42.175,171.425,14.705014254893285,12.401014254893285
5599,5841,631.0,-42.175,171.475,14.816507625565464,11.030507625565464
5600,5997,54.0,-42.125,171.375,14.627076775595015,14.303076775595015
5601,5998,197.0,-42.125,171.425,14.724697797398676,13.542697797398676
5602,5999,471.0,-42.125,171.475,14.802659153418517,11.976659153418517
5603,5150,375.0,-42.125,171.575,14.931922892212697,12.681922892212697
5604,5276,957.0,-42.125,171.625,14.988783025891962,9.246783025891961
5605,5432,295.0,-42.225,171.525,14.928886291878825,13.158886291878826
5606,5433,204.0,-42.225,171.575,15.046832105757403,13.822832105757403
5607,5434,222.0,-42.225,171.625,15.151285689155884,13.819285689155883
5608,5843,496.0,-42.175,171.525,14.913737166673855,11.937737166673855
5609,5845,830.0,-42.175,171.575,15.000886398562216,10.020886398562215
5610,5847,452.0,-42.175,171.625,15.079375610479474,12.367375610479474
5611,6000,1046.0,-42.125,171.525,14.870354662444697,8.594354662444697
5612,5154,294.0,-42.225,171.725,15.31909425658705,13.55509425658705
5613,5275,182.0,-42.225,171.775,15.380215610489813,14.288215610489813
5614,5316,402.0,-42.225,171.825,15.42393010907108,13.01193010907108
5615,5331,538.0,-42.125,171.675,15.04061999528949,11.81261999528949
5616,5338,250.0,-42.125,171.725,15.085935978520865,13.585935978520865
5617,5435,169.0,-42.225,171.675,15.24231631331486,14.22831631331486
5618,5436,234.0,-42.125,171.775,15.122454254139484,13.718454254139484
5619,5441,278.0,-42.125,171.825,15.14743902723444,13.479439027234442
5620,5849,212.0,-42.175,171.675,15.149013980430027,13.877013980430027
5621,5851,182.0,-42.175,171.725,15.208586126619366,14.116586126619366
5622,5853,258.0,-42.175,171.775,15.256219770111784,13.708219770111784
5623,5855,383.0,-42.175,171.825,15.289646053475963,12.991646053475963
5624,5317,695.0,-42.225,171.875,15.4482915457952,11.2782915457952
5625,5335,619.0,-42.225,171.925,15.451229309267774,11.737229309267773
5626,5440,857.0,-42.225,171.975,15.430528374256937,10.288528374256938
5627,5446,370.0,-42.125,171.875,15.157929548227457,12.937929548227457
5628,5452,384.0,-42.125,171.925,15.150883940651966,12.846883940651965
5629,5455,510.0,-42.125,171.975,15.123246596840318,12.063246596840319
5630,5857,568.0,-42.175,171.875,15.306377641600648,11.898377641600648
5631,5859,324.0,-42.175,171.925,15.303804530385833,13.359804530385833
5632,5861,732.0,-42.175,171.975,15.279206627831172,10.887206627831173
5633,5444,895.0,-42.225,172.025,15.383694841370925,10.013694841370926
5634,5460,979.0,-42.225,172.075,15.307683122184926,9.433683122184927
5635,5461,582.0,-42.125,172.025,15.071980464299259,11.579980464299258
5636,5554,870.0,-42.125,172.075,14.99415135115396,9.77415135115396
5637,5555,863.0,-42.125,172.125,14.887219657260857,9.709219657260856
5638,5556,745.0,-42.125,172.175,14.749702977572952,10.279702977572953
5639,5643,1395.0,-42.225,172.125,15.198581335487916,6.828581335487916
5640,5660,791.0,-42.225,172.175,15.052102395790826,10.306102395790827
5641,5863,845.0,-42.175,172.025,15.229695730149615,10.159695730149615
5642,5865,1295.0,-42.175,172.075,15.152148888830197,7.382148888830198
5643,5867,1121.0,-42.175,172.125,15.043349005647997,8.317349005647998
5644,5869,1016.0,-42.175,172.175,14.900819481124927,8.804819481124927
5645,5557,321.0,-42.125,172.225,14.582092486794181,12.656092486794181
5646,5558,538.0,-42.125,172.275,14.387388150965762,11.159388150965762
5647,5559,707.0,-42.125,172.325,14.170715646362169,9.928715646362168
5648,5561,553.0,-42.125,172.375,13.938385101469976,10.620385101469976
5649,5663,399.0,-42.225,172.225,14.866925271820492,12.472925271820491
5650,5666,587.0,-42.225,172.275,14.648421587154644,11.126421587154644
5651,5670,889.0,-42.225,172.325,14.40605053839522,9.07205053839522
5652,5674,800.0,-42.225,172.375,14.149268219020769,9.349268219020768
5653,5871,375.0,-42.175,172.225,14.724598979237498,12.474598979237498
5654,5873,460.0,-42.175,172.275,14.518547815210468,11.758547815210468
5655,5875,989.0,-42.175,172.325,14.2894443986861,8.3554443986861
5656,5877,612.0,-42.175,172.375,14.045066809895616,10.373066809895615
5657,5562,1455.0,-42.125,172.425,13.697101898784922,4.967101898784922
5658,5564,1140.0,-42.125,172.475,13.453575577339961,6.613575577339962
5659,5566,636.0,-42.125,172.525,13.214402177450893,9.398402177450894
5660,5678,1597.0,-42.225,172.425,13.886470256706389,4.304470256706388
5661,5682,997.0,-42.225,172.475,13.625167718451848,7.643167718451848
5662,5686,1559.0,-42.225,172.525,13.37220058424532,4.018200584245321
5663,5879,1829.0,-42.175,172.425,13.793064156225682,2.819064156225684
5664,5881,1605.0,-42.175,172.475,13.540653145215629,3.910653145215628
5665,5968,734.0,-42.175,172.525,13.294617969680303,8.890617969680303
5666,5568,2017.0,-42.125,172.575,12.986056168491587,0.8840561684915862
5667,5570,1551.0,-42.125,172.625,12.774888266262906,3.4688882662629066
5668,5572,1269.0,-42.125,172.675,12.587060721503576,4.973060721503577
5669,5574,1851.0,-42.125,172.725,12.428357683113518,1.322357683113518
5670,5690,1878.0,-42.225,172.575,13.133801201720189,1.8658012017201884
5671,5694,1307.0,-42.225,172.625,12.915530244096772,5.073530244096772
5672,5698,1194.0,-42.225,172.675,12.722131413616808,5.558131413616808
5673,5702,1189.0,-42.225,172.725,12.557365494972828,5.423365494972828
5674,5969,991.0,-42.175,172.575,13.06133907151684,7.115339071516841
5675,5970,1456.0,-42.175,172.625,12.846766448688186,4.110766448688185
5676,5971,1340.0,-42.175,172.675,12.65631888707253,4.616318887072531
5677,5972,1567.0,-42.175,172.725,12.494712228822436,3.092712228822437
5678,5576,1874.0,-42.125,172.775,12.303820096703248,1.05982009670325
5679,5578,1738.0,-42.125,172.825,12.217219989164278,1.7892199891642786
5680,5580,1304.0,-42.125,172.875,12.17052438252108,4.346524382521081
5681,5784,1527.0,-42.225,172.775,12.423905040002182,3.2619050400021834
5682,5786,1640.0,-42.225,172.825,12.323369039401314,2.4833690394013157
5683,5788,1434.0,-42.225,172.875,12.25651114094103,3.65251114094103
5684,5973,1456.0,-42.175,172.775,12.365738742197209,3.6297387421972083
5685,5974,1440.0,-42.175,172.825,12.27204640213472,3.632046402134719
5686,5975,1339.0,-42.175,172.875,12.21498935118666,4.180989351186659
5687,5582,1045.0,-42.125,172.925,12.163613071687678,5.893613071687678
5688,5584,1040.0,-42.125,172.975,12.19444367899564,5.95444367899564
5689,5585,946.0,-42.125,173.025,12.259600176056438,6.5836001760564375
5690,5586,1008.0,-42.125,173.075,12.354958877896934,6.306958877896934
5691,5790,1284.0,-42.225,172.925,12.223460192664788,4.519460192664789
5692,5792,1825.0,-42.225,172.975,12.223865433511037,1.2738654335110375
5693,5794,1133.0,-42.225,173.025,12.256901897458874,5.458901897458874
5694,5796,822.0,-42.225,173.075,12.321225851290365,7.389225851290364
5695,5976,1066.0,-42.175,172.925,12.194613538055364,5.798613538055364
5696,5977,1054.0,-42.175,172.975,12.209794839423466,5.885794839423467
5697,5978,1353.0,-42.175,173.025,12.258488753865095,4.140488753865096
5698,5979,1013.0,-42.175,173.075,12.338021526569037,6.260021526569036
5699,5587,968.0,-42.125,173.125,12.476234590205877,6.668234590205877
5700,5588,1108.0,-42.125,173.175,12.619345794602395,5.971345794602396
5701,5589,928.0,-42.125,173.225,12.780748302898246,7.212748302898246
5702,5798,1309.0,-42.225,173.125,12.41497963344068,4.560979633440681
5703,5800,1124.0,-42.225,173.175,12.535852979041465,5.791852979041465
5704,5802,1197.0,-42.225,173.225,12.681095594973385,5.499095594973385
5705,5980,1384.0,-42.175,173.125,12.445365295003057,4.141365295003057
5706,5981,1214.0,-42.175,173.175,12.577376900315585,5.293376900315585
5707,5982,1242.0,-42.175,173.225,12.730981407127274,5.278981407127274
5708,5590,1074.0,-42.125,173.275,12.957975641374219,6.513975641374219
5709,5591,1228.0,-42.125,173.325,13.146750822438548,5.778750822438549
5710,5592,1497.0,-42.125,173.375,13.339274188366062,4.357274188366063
5711,5593,1800.0,-42.125,173.425,13.528338334451632,2.7283383344516334
5712,5804,1243.0,-42.225,173.275,12.847271063627886,5.389271063627887
5713,5806,1199.0,-42.225,173.325,13.029745486396905,5.835745486396905
5714,5809,515.0,-42.225,173.375,13.222542330587657,10.132542330587658
5715,5812,707.0,-42.225,173.425,13.418760189434806,9.176760189434805
5716,5983,1539.0,-42.175,173.275,12.902957449815176,3.668957449815176
5717,5984,1160.0,-42.175,173.325,13.088634324749592,6.128634324749592
5718,5985,872.0,-42.175,173.375,13.281438405093468,8.049438405093468
5719,5986,1151.0,-42.175,173.425,13.47417865994737,6.56817865994737
5720,5594,1759.0,-42.125,173.475,13.70708242089097,3.1530824208909696
5721,5595,780.0,-42.125,173.525,13.86871343567151,9.18871343567151
5722,5596,657.0,-42.125,173.575,14.006652262544833,10.064652262544833
5723,5597,542.0,-42.125,173.625,14.114974660376618,10.862974660376619
5724,5815,715.0,-42.225,173.475,13.61089542143543,9.32089542143543
5725,5818,909.0,-42.225,173.525,13.79089671678804,8.33689671678804
5726,5821,1220.0,-42.225,173.575,13.950221059840317,6.630221059840317
5727,5825,2202.0,-42.225,173.625,14.080233458263592,0.8682334582635924
5728,5987,562.0,-42.175,173.475,13.659534034869068,10.287534034869068
5729,5988,769.0,-42.175,173.525,13.830022892079,9.216022892079
5730,5989,673.0,-42.175,173.575,13.978124522670214,9.940124522670214
5731,5990,1017.0,-42.175,173.625,14.09675025071931,7.994750250719311
5732,5598,850.0,-42.125,173.675,14.18908772479,9.08908772479
5733,5599,1287.0,-42.125,173.725,14.226463574932438,6.504463574932439
5734,5600,1014.0,-42.125,173.775,14.227118392398552,8.143118392398552
5735,5827,1394.0,-42.225,173.675,14.17336004454205,5.809360044542052
5736,5829,635.0,-42.225,173.725,14.225034854592764,10.415034854592765
5737,5831,684.0,-42.225,173.775,14.235261363350105,10.131261363350106
5738,5991,2140.0,-42.175,173.675,14.180143517877639,1.3401435178776406
5739,5992,1421.0,-42.175,173.725,14.22502080413551,5.699020804135511
5740,5993,545.0,-42.175,173.775,14.23135433878906,10.96135433878906
5741,5601,530.0,-42.125,173.825,14.193585784439392,11.013585784439393
5742,5602,129.0,-42.125,173.875,14.130412189683966,13.356412189683965
5743,5603,2.0,-42.125,173.925,14.043429579467102,14.031429579467101
5744,5833,428.0,-42.225,173.825,14.208234252001262,11.640234252001262
5745,5994,856.0,-42.175,173.825,14.2022263287854,9.066226328785401
5746,5995,357.0,-42.175,173.875,14.142880080627151,12.000880080627152
5747,5996,3.0,-42.175,173.925,14.059605323067217,14.041605323067216
5748,5001,201.0,-42.025,171.425,14.593673439978602,13.387673439978602
5749,5002,241.0,-42.025,171.475,14.64208589229247,13.196085892292471
5750,5053,183.0,-41.975,171.425,14.463597497413048,13.365597497413047
5751,5054,230.0,-41.975,171.475,14.506087788143304,13.126087788143305
5752,5319,139.0,-41.925,171.425,14.312623916305483,13.478623916305484
5753,5322,87.0,-41.925,171.475,14.348942891960178,13.826942891960178
5754,5604,340.0,-42.075,171.375,14.60695068066434,12.566950680664341
5755,5605,181.0,-42.075,171.425,14.686456061377157,13.600456061377157
5756,5606,201.0,-42.075,171.475,14.744238257751022,13.538238257751022
5757,5003,320.0,-42.025,171.525,14.678776664009547,12.758776664009547
5758,5004,887.0,-42.025,171.575,14.711149917655575,9.389149917655576
5759,5005,866.0,-42.025,171.625,14.742694086189431,9.546694086189431
5760,5055,227.0,-41.975,171.525,14.536650951011097,13.174650951011097
5761,5056,641.0,-41.975,171.575,14.563353340810181,10.717353340810181
5762,5057,858.0,-41.975,171.625,14.590609141213008,9.442609141213008
5763,5326,149.0,-41.925,171.525,14.375002046853524,13.481002046853524
5764,5332,533.0,-41.925,171.575,14.399051172433701,11.2010511724337
5765,5339,1172.0,-41.925,171.625,14.426030359089054,7.394030359089054
5766,5607,868.0,-42.075,171.525,14.792030213883436,9.584030213883437
5767,5608,840.0,-42.075,171.575,14.835380571222231,9.795380571222232
5768,5609,707.0,-42.075,171.625,14.87650686628217,10.63450686628217
5769,5006,966.0,-42.025,171.675,14.77397966251192,8.97797966251192
5770,5007,928.0,-42.025,171.725,14.803491352956598,9.235491352956599
5771,5008,647.0,-42.025,171.775,14.828424820159398,10.946424820159399
5772,5009,257.0,-42.025,171.825,14.84535449608029,13.30335449608029
5773,5058,760.0,-41.975,171.675,14.619360147567022,10.059360147567023
5774,5059,957.0,-41.975,171.725,14.647917055579228,8.905917055579227
5775,5060,653.0,-41.975,171.775,14.673089110851834,10.755089110851834
5776,5061,417.0,-41.975,171.825,14.691118741917535,12.189118741917536
5777,5439,335.0,-41.925,171.675,14.456693108575564,12.446693108575564
5778,5445,786.0,-41.925,171.725,14.488576782608334,9.772576782608333
5779,5459,294.0,-41.925,171.775,14.517759265003633,12.753759265003634
5780,5610,871.0,-42.075,171.675,14.915403410735735,9.689403410735736
5781,5611,1066.0,-42.075,171.725,14.950512241736305,8.554512241736305
5782,5612,264.0,-42.075,171.775,14.979271578467888,13.395271578467888
5783,5613,159.0,-42.075,171.825,14.99857080517495,14.04457080517495
5784,5642,340.0,-41.925,171.825,14.540090127491567,12.500090127491568
5785,5010,141.0,-42.025,171.875,14.850691033153453,14.004691033153453
5786,5011,160.0,-42.025,171.925,14.840945983585243,13.880945983585242
5787,5012,625.0,-42.025,171.975,14.812877883767442,11.062877883767442
5788,5062,133.0,-41.975,171.875,14.69823697991933,13.90023697991933
5789,5063,120.0,-41.975,171.925,14.690928801298014,13.970928801298014
5790,5064,375.0,-41.975,171.975,14.666055254301455,12.416055254301455
5791,5614,196.0,-42.075,171.875,15.005083196977239,13.829083196977239
5792,5615,407.0,-42.075,171.925,14.995474786078148,12.553474786078148
5793,5616,848.0,-42.075,171.975,14.966524684789874,9.878524684789873
5794,5664,287.0,-41.925,171.875,14.55171278729108,12.829712787291081
5795,5667,104.0,-41.925,171.925,14.549217207421862,13.925217207421861
5796,5671,199.0,-41.925,171.975,14.529677893749977,13.335677893749978
5797,5013,583.0,-42.025,172.025,14.76360137497386,11.26560137497386
5798,5014,1279.0,-42.025,172.075,14.690728443587886,7.016728443587887
5799,5015,1245.0,-42.025,172.125,14.592585422336924,7.122585422336925
5800,5016,644.0,-42.025,172.175,14.468497594380779,10.604497594380778
5801,5065,1011.0,-41.975,172.025,14.620938347014544,8.554938347014545
5802,5066,1296.0,-41.975,172.075,14.553467806300205,6.777467806300205
5803,5067,1068.0,-41.975,172.125,14.462250939624482,8.054250939624483
5804,5068,424.0,-41.975,172.175,14.346788728024649,11.802788728024648
5805,5617,553.0,-42.075,172.025,14.915217557283313,11.597217557283313
5806,5618,858.0,-42.075,172.075,14.83888770830822,9.690887708308221
5807,5619,1043.0,-42.075,172.125,14.73549922945449,8.47749922945449
5808,5620,398.0,-42.075,172.175,14.604092853494876,12.216092853494876
5809,5675,717.0,-41.925,172.025,14.490686966508065,10.188686966508065
5810,5679,1243.0,-41.925,172.075,14.430417951148684,6.972417951148684
5811,5683,472.0,-41.925,172.125,14.347721745029503,11.515721745029502
5812,5687,400.0,-41.925,172.175,14.242234365255854,11.842234365255853
5813,5017,849.0,-42.025,172.225,14.319056388546414,9.225056388546413
5814,5018,1039.0,-42.025,172.275,14.146237441920448,7.912237441920448
5815,5019,647.0,-42.025,172.325,13.953293677408055,10.071293677408056
5816,5020,806.0,-42.025,172.375,13.744479351305927,8.908479351305926
5817,5069,500.0,-41.975,172.225,14.207625029438304,11.207625029438304
5818,5070,1479.0,-41.975,172.275,14.046403695887875,5.172403695887876
5819,5071,502.0,-41.975,172.325,13.865800869939903,10.853800869939903
5820,5072,1102.0,-41.975,172.375,13.669360725247316,7.0573607252473165
5821,5621,526.0,-42.075,172.225,14.445273226291874,11.289273226291876
5822,5622,655.0,-42.075,172.275,14.261453185556547,10.331453185556548
5823,5623,432.0,-42.075,172.325,14.056663838453233,11.464663838453232
5824,5624,1035.0,-42.075,172.375,13.836060672054828,7.626060672054828
5825,5691,302.0,-41.925,172.225,14.114461357654136,12.302461357654137
5826,5695,438.0,-41.925,172.275,13.96580361988822,11.33780361988822
5827,5699,343.0,-41.925,172.325,13.79850932617478,11.74050932617478
5828,5703,613.0,-41.925,172.375,13.615568295796265,9.937568295796265
5829,5021,1378.0,-42.025,172.425,13.524744635295065,5.256744635295066
5830,5022,995.0,-42.025,172.475,13.299517002360517,7.329517002360517
5831,5023,452.0,-42.025,172.525,13.074614519166289,10.36261451916629
5832,5073,787.0,-41.975,172.425,13.461307036701555,8.739307036701556
5833,5074,565.0,-41.975,172.475,13.246404685220796,9.856404685220795
5834,5075,558.0,-41.975,172.525,13.029919966033958,9.68191996603396
5835,5625,1469.0,-42.075,172.425,13.605425537787141,4.791425537787141
5836,5626,935.0,-42.075,172.475,13.370847994102405,7.760847994102406
5837,5627,956.0,-42.075,172.525,13.13859711404234,7.402597114042341
5838,5808,965.0,-41.925,172.425,13.42059038514094,7.63059038514094
5839,5811,928.0,-41.925,172.475,13.217717090618407,7.649717090618408
5840,5814,780.0,-41.925,172.525,13.011610082032576,8.331610082032576
5841,5024,1714.0,-42.025,172.575,12.856283280395019,2.572283280395018
5842,5025,1296.0,-42.025,172.625,12.65132283047933,4.87532283047933
5843,5026,1152.0,-42.025,172.675,12.467226267703609,5.555226267703609
5844,5027,1545.0,-42.025,172.725,12.31217218013353,3.04217218013353
5845,5076,1528.0,-41.975,172.575,12.817703726357877,3.6497037263578775
5846,5077,963.0,-41.975,172.625,12.61640579640607,6.83840579640607
5847,5078,1309.0,-41.975,172.675,12.433803917666182,4.579803917666183
5848,5079,1635.0,-41.975,172.725,12.279132467982208,2.4691324679822078
5849,5628,1987.0,-42.075,172.575,12.915118342844607,0.9931183428446069
5850,5629,1300.0,-42.075,172.625,12.707078439225143,4.907078439225143
5851,5630,1837.0,-42.075,172.675,12.52137034230941,1.49937034230941
5852,5631,2250.0,-42.075,172.725,12.364952410092428,-1.1350475899075718
5853,5817,800.0,-41.925,172.575,12.80755490257593,8.00755490257593
5854,5820,894.0,-41.925,172.625,12.61172327315694,7.24772327315694
5855,5823,1157.0,-41.925,172.675,12.43165536448305,5.489655364483049
5856,5899,1498.0,-41.925,172.725,12.277024104635757,3.2890241046357573
5857,5028,2047.0,-42.025,172.775,12.194547392871527,-0.08745260712847092
5858,5029,1985.0,-42.025,172.825,12.121605581772883,0.2116055817728828
5859,5030,1566.0,-42.025,172.875,12.097362771056623,2.7013627710566244
5860,5080,906.0,-41.975,172.775,12.162981499704983,6.7269814997049835
5861,5081,1069.0,-41.975,172.825,12.095733177141256,5.681733177141256
5862,5082,1361.0,-41.975,172.875,12.08369076960571,3.917690769605711
5863,5632,1159.0,-42.075,172.775,12.244360036630496,5.290360036630497
5864,5633,906.0,-42.075,172.825,12.164798347828082,6.728798347828082
5865,5634,1794.0,-42.075,172.875,12.129030545904243,1.3650305459042418
5866,5900,1847.0,-41.925,172.775,12.160511928722826,1.0785119287228273
5867,5901,1260.0,-41.925,172.825,12.097230651913378,4.5372306519133785
5868,5902,1226.0,-41.925,172.875,12.098255926806814,4.7422559268068145
5869,5031,1550.0,-42.025,172.925,12.121016554329344,2.8210165543293453
5870,5032,1422.0,-42.025,172.975,12.187395269761964,3.6553952697619643
5871,5033,1693.0,-42.025,173.025,12.289068825930372,2.131068825930372
5872,5034,1706.0,-42.025,173.075,12.418418389389899,2.1824183893899
5873,5083,1443.0,-41.975,172.925,12.125331813281946,3.4673318132819464
5874,5084,1796.0,-41.975,172.975,12.21229636076282,1.436296360762821
5875,5085,1307.0,-41.975,173.025,12.333914751059638,4.491914751059638
5876,5086,1294.0,-41.975,173.075,12.480543011842883,4.716543011842884
5877,5635,941.0,-42.075,172.925,12.136672353072754,6.490672353072754
5878,5636,1504.0,-42.075,172.975,12.184438823285973,3.1604388232859737
5879,5637,1052.0,-42.075,173.025,12.267205543634418,5.955205543634419
5880,5638,1846.0,-42.075,173.075,12.379216604568683,1.3032166045686822
5881,5903,822.0,-41.925,172.925,12.160627153270525,7.228627153270525
5882,5904,1665.0,-41.925,172.975,12.270063097197749,2.2800630971977505
5883,5905,975.0,-41.925,173.025,12.411597423706326,6.561597423706326
5884,5906,1443.0,-41.925,173.075,12.57389164367828,3.9158916436782807
5885,5035,1748.0,-42.025,173.125,12.568757440071295,2.080757440071295
5886,5036,1267.0,-42.025,173.175,12.734678956830294,5.132678956830294
5887,5037,1227.0,-42.025,173.225,12.912098371344882,5.550098371344883
5888,5087,1606.0,-41.975,173.125,12.64460759629344,3.008607596293441
5889,5088,1813.0,-41.975,173.175,12.820500768298075,1.9425007682980766
5890,5089,1689.0,-41.975,173.225,13.004109333524525,2.8701093335245247
5891,5639,1669.0,-42.075,173.125,12.514930710432054,2.500930710432053
5892,5640,1205.0,-42.075,173.175,12.669440380346941,5.439440380346941
5893,5641,1325.0,-42.075,173.225,12.838711860173134,4.888711860173135
5894,5907,1136.0,-41.925,173.125,12.749081155589806,5.933081155589806
5895,5908,919.0,-41.925,173.175,12.931807800430988,7.417807800430989
5896,5909,1882.0,-41.925,173.225,13.118291993176285,1.8262919931762855
5897,5038,1421.0,-42.025,173.275,13.097986363818109,4.571986363818109
5898,5039,1458.0,-42.025,173.325,13.288152202736967,4.540152202736968
5899,5040,846.0,-42.025,173.375,13.47624889343922,8.400248893439219
5900,5041,962.0,-42.025,173.425,13.655957335691653,7.883957335691654
5901,5090,1648.0,-41.975,173.275,13.19201826222394,3.3040182622239396
5902,5091,1746.0,-41.975,173.325,13.380302310864067,2.9043023108640664
5903,5092,1339.0,-41.975,173.375,13.564012724627219,5.530012724627218
5904,5093,911.0,-41.975,173.425,13.73775424014923,8.27175424014923
5905,5645,900.0,-42.075,173.275,13.020587771905525,7.620587771905526
5906,5646,950.0,-42.075,173.325,13.2113229606299,7.5113229606299
5907,5647,1341.0,-42.075,173.375,13.40247678350022,5.35647678350022
5908,5648,941.0,-42.075,173.425,13.587297226012709,7.941297226012709
5909,5910,1570.0,-41.925,173.275,13.305422285690327,3.8854222856903267
5910,5911,1529.0,-41.925,173.325,13.489906422666365,4.315906422666366
5911,5912,1424.0,-41.925,173.375,13.667830361394067,5.123830361394067
5912,5913,807.0,-41.925,173.425,13.834719442582525,8.992719442582526
5913,5042,1266.0,-42.025,173.475,13.821332381714,6.225332381714001
5914,5043,1415.0,-42.025,173.525,13.966664038433407,5.476664038433407
5915,5044,1868.0,-42.025,173.575,14.086596113691598,2.8785961136915983
5916,5045,2076.0,-42.025,173.625,14.176448199439847,1.7204481994398453
5917,5094,867.0,-41.975,173.475,13.896103903493668,8.694103903493668
5918,5095,783.0,-41.975,173.525,14.0337326694858,9.3357326694858
5919,5096,1323.0,-41.975,173.575,14.145568149632822,6.207568149632823
5920,5097,1948.0,-41.975,173.625,14.227093478143445,2.539093478143444
5921,5649,1263.0,-42.075,173.475,13.759444747484622,6.181444747484622
5922,5650,1560.0,-42.075,173.525,13.912746900577417,4.552746900577418
5923,5651,1339.0,-42.075,173.575,14.04135803464169,6.007358034641689
5924,5652,688.0,-42.075,173.625,14.14014411945459,10.01214411945459
5925,5914,1110.0,-41.925,173.475,13.985749766684478,7.325749766684479
5926,5915,747.0,-41.925,173.525,14.115928649046054,9.633928649046055
5927,5916,731.0,-41.925,173.575,14.220304786196607,9.834304786196608
5928,5917,988.0,-41.925,173.625,14.294274159150689,8.366274159150688
5929,5046,1687.0,-42.025,173.675,14.23265936339692,4.11065936339692
5930,5047,586.0,-42.025,173.725,14.253253338523223,10.737253338523223
5931,5048,261.0,-42.025,173.775,14.238205738027546,12.672205738027547
5932,5098,2188.0,-41.975,173.675,14.274760140533203,1.146760140533205
5933,5099,1457.0,-41.975,173.725,14.286453873496157,5.544453873496158
5934,5100,581.0,-41.975,173.775,14.26192747365576,10.77592747365576
5935,5653,331.0,-42.075,173.675,14.20521176362729,12.219211763627289
5936,5654,721.0,-42.075,173.725,14.234448404910552,9.908448404910551
5937,5655,826.0,-42.075,173.775,14.227894657128786,9.271894657128787
5938,5918,836.0,-41.925,173.675,14.333999253785805,9.317999253785807
5939,5919,1862.0,-41.925,173.725,14.336925924594766,3.1649259245947654
5940,5920,961.0,-41.925,173.775,14.302344893075883,8.536344893075885
5941,5049,427.0,-42.025,173.825,14.1896075430883,11.6276075430883
5942,5050,364.0,-42.025,173.875,14.111570110778302,11.927570110778301
5943,5051,522.0,-42.025,173.925,14.00987934410648,10.87787934410648
5944,5052,67.0,-42.025,173.975,13.891451733720032,13.489451733720033
5945,5152,493.0,-41.975,173.825,14.203097919551965,11.245097919551965
5946,5207,682.0,-41.975,173.875,14.114108618503224,10.022108618503225
5947,5209,728.0,-41.975,173.925,14.001093614732326,9.633093614732326
5948,5211,302.0,-41.975,173.975,13.871647994582531,12.059647994582532
5949,5656,502.0,-42.075,173.825,14.187808670501568,11.175808670501567
5950,5657,216.0,-42.075,173.875,14.118404056980921,12.822404056980922
5951,5658,131.0,-42.075,173.925,14.025355336583175,13.239355336583175
5952,5921,620.0,-41.925,173.825,14.231887719869405,10.511887719869407
5953,5922,1033.0,-41.925,173.875,14.12978976853094,7.931789768530941
5954,5923,672.0,-41.925,173.925,14.002757350800835,9.970757350800834
5955,5924,640.0,-41.925,173.975,13.859392407959149,10.019392407959149
5956,5213,81.0,-41.975,174.025,13.734073977122193,13.248073977122193
5957,5925,809.0,-41.925,174.025,13.709292463526822,8.855292463526823
5958,5926,159.0,-41.925,174.075,13.561983773339307,12.607983773339306
5959,5927,61.0,-41.875,171.475,14.183027025229194,13.817027025229194
5960,6128,17.0,-41.825,171.475,14.020281920109255,13.918281920109255
5961,6184,27.0,-41.775,171.475,13.872879396566077,13.710879396566076
5962,5928,61.0,-41.875,171.525,14.204336330489923,13.838336330489923
5963,5929,244.0,-41.875,171.575,14.226958488917944,12.762958488917944
5964,5930,1102.0,-41.875,171.625,14.25658715891268,7.644587158912681
5965,6129,20.0,-41.825,171.525,14.035847075207357,13.915847075207358
5966,6130,111.0,-41.825,171.575,14.056944218790022,13.390944218790022
5967,6131,20.0,-41.825,171.625,14.091593969734731,13.971593969734732
5968,6185,20.0,-41.775,171.525,13.882631422069608,13.762631422069608
5969,6186,32.0,-41.775,171.575,13.900865369457733,13.708865369457733
5970,6187,6.0,-41.775,171.625,13.94309853640766,13.907098536407661
5971,5931,691.0,-41.875,171.675,14.292959116327665,10.146959116327665
5972,5932,167.0,-41.875,171.725,14.331796288769965,13.329796288769964
5973,5933,232.0,-41.875,171.775,14.36803319547198,12.976033195471981
5974,5934,119.0,-41.875,171.825,14.397165549014062,13.683165549014062
5975,6132,454.0,-41.825,171.675,14.136897771671329,11.412897771671329
5976,6133,550.0,-41.825,171.725,14.185179280912507,10.885179280912507
5977,6134,423.0,-41.825,171.775,14.230225477950626,11.692225477950625
5978,6135,256.0,-41.825,171.825,14.267522282890695,12.731522282890696
5979,6188,95.0,-41.775,171.675,13.999090417615207,13.429090417615207
5980,6189,667.0,-41.775,171.725,14.056980114919952,10.054980114919953
5981,6190,742.0,-41.775,171.775,14.110628340416042,9.658628340416042
5982,6191,913.0,-41.775,171.825,14.156004106293949,8.678004106293947
5983,5935,354.0,-41.875,171.875,14.415411087389657,12.291411087389656
5984,5936,62.0,-41.875,171.925,14.419609503811671,14.047609503811671
5985,5937,157.0,-41.875,171.975,14.407143258307542,13.465143258307542
5986,6136,142.0,-41.825,171.875,14.293599539372508,13.441599539372508
5987,6137,289.0,-41.825,171.925,14.305666911665867,12.571666911665867
5988,6138,334.0,-41.825,171.975,14.301462787196215,12.297462787196215
5989,6192,291.0,-41.775,171.875,14.190070023590806,12.444070023590806
5990,6193,146.0,-41.775,171.925,14.210402304377567,13.334402304377567
5991,6194,341.0,-41.775,171.975,14.21505493417817,12.16905493417817
5992,5938,337.0,-41.875,172.025,14.375918732255741,12.35391873225574
5993,5939,719.0,-41.875,172.075,14.32439713661256,10.01039713661256
5994,5940,1075.0,-41.875,172.125,14.251655834927305,7.801655834927305
5995,5941,632.0,-41.875,172.175,14.157456614582998,10.365456614582998
5996,6139,477.0,-41.825,172.025,14.279214541463489,11.417214541463489
5997,6140,438.0,-41.825,172.075,14.237656660725406,11.609656660725406
5998,6141,779.0,-41.825,172.125,14.176075647425932,9.502075647425933
5999,6142,291.0,-41.825,172.175,14.094358427740417,12.348358427740417
6000,6195,80.0,-41.775,172.025,14.202527797469884,13.722527797469883
6001,6196,719.0,-41.775,172.075,14.171784341642251,9.857784341642251
6002,6197,375.0,-41.775,172.125,14.12229013219553,11.87229013219553
6003,6198,183.0,-41.775,172.175,14.054052236575671,12.95605223657567
6004,5942,883.0,-41.875,172.225,14.04229532661384,8.74429532661384
6005,5943,369.0,-41.875,172.275,13.90741179530255,11.69341179530255
6006,5944,229.0,-41.875,172.325,13.754752255301355,12.380752255301354
6007,5945,863.0,-41.875,172.375,13.58689488336995,8.40889488336995
6008,6143,311.0,-41.825,172.225,13.993024742343323,12.127024742343323
6009,6144,463.0,-41.825,172.275,13.873229764400548,11.095229764400548
6010,6145,178.0,-41.825,172.325,13.7367329074807,12.6687329074807
6011,6146,288.0,-41.825,172.375,13.58584064898946,11.85784064898946
6012,6199,190.0,-41.775,172.225,13.967643851720368,12.827643851720367
6013,6200,158.0,-41.775,172.275,13.864204135383261,12.91620413538326
6014,6201,175.0,-41.775,172.325,13.745411149583333,12.695411149583332
6015,6202,182.0,-41.775,172.375,13.61343489309479,12.52143489309479
6016,5946,584.0,-41.875,172.425,13.40696451384406,9.90296451384406
6017,5947,371.0,-41.875,172.475,13.218570308185235,10.992570308185236
6018,5948,644.0,-41.875,172.525,13.025801694877828,9.161801694877827
6019,6147,715.0,-41.825,172.425,13.423341547207428,9.13334154720743
6020,6148,287.0,-41.825,172.475,13.252458043770275,11.530458043770276
6021,6149,639.0,-41.825,172.525,13.07684295659351,9.24284295659351
6022,6203,428.0,-41.775,172.425,13.470885339067536,10.902885339067536
6023,6204,505.0,-41.775,172.475,13.320775987298703,10.290775987298703
6024,6205,436.0,-41.775,172.525,13.166527751388458,10.550527751388458
6025,5949,793.0,-41.875,172.575,12.83332056279096,8.07532056279096
6026,5950,797.0,-41.875,172.625,12.646602261804219,7.864602261804219
6027,5951,664.0,-41.875,172.675,12.47242325626803,8.48842325626803
6028,5952,1247.0,-41.875,172.725,12.319816339467934,4.837816339467934
6029,6150,962.0,-41.825,172.575,12.900652923601228,7.128652923601229
6030,6151,454.0,-41.825,172.625,12.728743847445912,10.004743847445912
6031,6152,636.0,-41.825,172.675,12.567069775819846,8.751069775819847
6032,6153,910.0,-41.825,172.725,12.423472899380613,6.963472899380613
6033,6206,606.0,-41.775,172.575,13.01204467409275,9.37604467409275
6034,6207,877.0,-41.775,172.625,12.861909201660183,7.599909201660183
6035,6208,564.0,-41.775,172.675,12.721787351028865,9.337787351028865
6036,6209,568.0,-41.775,172.725,12.59925713135658,9.191257131356581
6037,5953,1571.0,-41.875,172.775,12.202013968721076,2.7760139687210756
6038,5954,675.0,-41.875,172.825,12.139702059018077,8.089702059018077
6039,5955,1653.0,-41.875,172.875,12.155155398813008,2.237155398813007
6040,6154,1072.0,-41.825,172.775,12.309434845602482,5.877434845602481
6041,6155,734.0,-41.825,172.825,12.245637964538787,7.841637964538787
6042,6156,1255.0,-41.825,172.875,12.277938828216293,4.747938828216292
6043,6210,552.0,-41.775,172.775,12.505716786522044,9.193716786522044
6044,6211,808.0,-41.775,172.825,12.462188933197467,7.614188933197467
6045,6212,792.0,-41.775,172.875,12.505370146345626,7.753370146345627
6046,5956,658.0,-41.875,172.925,12.241817341905744,8.293817341905743
6047,5957,1671.0,-41.875,172.975,12.373988104080127,2.3479881040801267
6048,5958,1445.0,-41.875,173.025,12.532801587161885,3.8628015871618846
6049,5959,798.0,-41.875,173.075,12.7066455336942,7.9186455336942
6050,6082,1073.0,-41.775,173.075,13.11433096670396,6.6763309667039605
6051,6157,806.0,-41.825,172.925,12.389314547300046,7.553314547300046
6052,6158,1115.0,-41.825,172.975,12.53850621724348,5.84850621724348
6053,6159,1407.0,-41.825,173.025,12.707419830255503,4.265419830255503
6054,6160,961.0,-41.825,173.075,12.885605333465946,7.119605333465947
6055,6213,700.0,-41.775,172.925,12.621703580581311,8.421703580581312
6056,6214,530.0,-41.775,172.975,12.773423463667655,9.593423463667655
6057,6215,1085.0,-41.775,173.025,12.941226694533611,6.431226694533612
6058,5960,1700.0,-41.875,173.125,12.888246588945549,2.6882465889455496
6059,5961,1074.0,-41.875,173.175,13.07300162521068,6.629001625210679
6060,5962,1898.0,-41.875,173.225,13.257875882287806,1.8698758822878059
6061,6094,498.0,-41.775,173.125,13.286692261250721,10.298692261250721
6062,6108,900.0,-41.775,173.175,13.455371913813195,8.055371913813197
6063,6118,541.0,-41.775,173.225,13.619331636830907,10.373331636830907
6064,6161,1112.0,-41.825,173.125,13.066749584936872,6.394749584936872
6065,6162,839.0,-41.825,173.175,13.24718433813888,8.21318433813888
6066,6163,1184.0,-41.825,173.225,13.424837895274663,6.320837895274663
6067,5963,1284.0,-41.875,173.275,13.440499399224962,5.736499399224962
6068,5964,819.0,-41.875,173.325,13.61842668812102,8.70442668812102
6069,5965,1354.0,-41.875,173.375,13.788678114490608,5.664678114490609
6070,5966,1087.0,-41.875,173.425,13.94759922925266,7.4255992292526605
6071,6164,1667.0,-41.825,173.275,13.598324604703066,3.5963246047030655
6072,6165,1033.0,-41.825,173.325,13.766180076037415,7.568180076037415
6073,6166,810.0,-41.825,173.375,13.926333212041698,9.066333212041698
6074,6167,637.0,-41.825,173.425,14.075855250616144,10.253855250616144
6075,6238,1029.0,-41.775,173.275,13.77833818108678,7.604338181086781
6076,6241,1412.0,-41.775,173.325,13.932023564486428,5.460023564486429
6077,6243,714.0,-41.775,173.375,14.079221445070857,9.795221445070858
6078,6254,1035.0,-41.775,173.425,14.217634473838473,8.007634473838472
6079,5967,1314.0,-41.875,173.475,14.090921631182425,6.206921631182425
6080,6061,1141.0,-41.875,173.525,14.21391459634549,7.367914596345489
6081,6072,612.0,-41.875,173.575,14.311603362738936,10.639603362738935
6082,6084,569.0,-41.875,173.625,14.379075534274932,10.965075534274932
6083,6168,1160.0,-41.825,173.475,14.210936067610419,7.250936067610419
6084,6169,933.0,-41.825,173.525,14.327003948837557,8.729003948837558
6085,6170,1022.0,-41.825,173.575,14.418931194686365,8.286931194686364
6086,6171,1450.0,-41.825,173.625,14.481315059191843,5.781315059191844
6087,6264,708.0,-41.775,173.475,14.34378480819555,10.09578480819555
6088,6273,1037.0,-41.775,173.525,14.453141271519655,8.231141271519656
6089,6274,612.0,-41.775,173.575,14.540322774413312,10.868322774413311
6090,6275,794.0,-41.775,173.625,14.599329244782382,9.835329244782383
6091,6096,495.0,-41.875,173.675,14.411909716089667,11.441909716089667
6092,6106,670.0,-41.875,173.725,14.406761772622076,10.386761772622076
6093,6112,927.0,-41.875,173.775,14.362111976594065,8.800111976594065
6094,6172,1419.0,-41.825,173.675,14.508877529480174,5.994877529480174
6095,6173,481.0,-41.825,173.725,14.497084956287381,11.611084956287382
6096,6174,617.0,-41.825,173.775,14.44310691438261,10.74110691438261
6097,6276,1049.0,-41.775,173.675,14.623836559003962,8.329836559003962
6098,6277,993.0,-41.775,173.725,14.607722664352877,8.649722664352879
6099,6278,1233.0,-41.775,173.775,14.546152375948282,7.148152375948282
6100,6121,989.0,-41.875,173.825,14.279068946099528,8.345068946099527
6101,6122,781.0,-41.875,173.875,14.16195444541529,9.47595444541529
6102,6123,507.0,-41.875,173.925,14.018306376660348,10.976306376660348
6103,6124,468.0,-41.875,173.975,13.85814084190099,11.05014084190099
6104,6175,359.0,-41.825,173.825,14.34709503366878,12.19309503366878
6105,6176,516.0,-41.825,173.875,14.21336779587341,11.11736779587341
6106,6177,541.0,-41.825,173.925,14.050693150307552,10.804693150307552
6107,6178,420.0,-41.825,173.975,13.871148914273249,11.35114891427325
6108,6279,439.0,-41.775,173.825,14.437524560743555,11.803524560743554
6109,6280,272.0,-41.775,173.875,14.285862906163175,12.653862906163175
6110,6281,520.0,-41.775,173.925,14.101881408664326,10.981881408664325
6111,6282,583.0,-41.775,173.975,13.901026053038095,10.403026053038095
6112,6125,235.0,-41.875,174.025,13.692741377044968,12.282741377044967
6113,6126,182.0,-41.875,174.075,13.533424915099204,12.441424915099203
6114,6127,44.0,-41.875,174.125,13.390232470018077,13.126232470018078
6115,6180,355.0,-41.825,174.025,13.688130456601243,11.558130456601244
6116,6181,200.0,-41.825,174.075,13.51482205691218,12.314822056912181
6117,6182,47.0,-41.825,174.125,13.363569216828523,13.081569216828523
6118,6283,659.0,-41.775,174.025,13.699559226623023,9.745559226623023
6119,6284,314.0,-41.775,174.075,13.511927917936418,11.627927917936418
6120,6285,82.0,-41.775,174.125,13.351845758843865,12.859845758843866
6121,6183,26.0,-41.825,174.175,13.24335434421323,13.08735434421323
6122,6286,113.0,-41.775,174.175,13.23367970248728,12.555679702487279
6123,6287,45.0,-41.775,174.225,13.1543474044513,12.884347404451301
6124,6288,6.0,-41.725,171.725,13.954307890131986,13.918307890131986
6125,6289,66.0,-41.725,171.775,14.014264111487364,13.618264111487363
6126,6290,741.0,-41.725,171.825,14.066321254598506,9.620321254598506
6127,6338,176.0,-41.675,171.825,14.000351295746214,12.944351295746213
6128,6022,207.0,-41.625,171.875,14.010245220755223,12.768245220755224
6129,6023,389.0,-41.625,171.925,14.052495378973163,11.718495378973163
6130,6024,245.0,-41.625,171.975,14.082937455364458,12.612937455364458
6131,6251,372.0,-41.575,171.925,14.042154550070904,11.810154550070905
6132,6257,252.0,-41.575,171.975,14.080365766163823,12.568365766163822
6133,6291,681.0,-41.725,171.875,14.10763109644563,10.021631096445631
6134,6292,223.0,-41.725,171.925,14.13595790497061,12.79795790497061
6135,6293,387.0,-41.725,171.975,14.149540545111677,11.827540545111678
6136,6339,782.0,-41.675,171.875,14.047710004595274,9.355710004595274
6137,6340,478.0,-41.675,171.925,14.083368213907306,11.215368213907306
6138,6341,345.0,-41.675,171.975,14.105599789061216,12.035599789061216
6139,6025,565.0,-41.625,172.025,14.10029948551471,10.71029948551471
6140,6026,1005.0,-41.625,172.075,14.103789231443784,8.073789231443783
6141,6027,936.0,-41.625,172.125,14.093116483269796,8.477116483269796
6142,6028,206.0,-41.625,172.175,14.068531559884832,12.832531559884831
6143,6266,329.0,-41.575,172.025,14.107230194550539,12.133230194550539
6144,6294,554.0,-41.725,172.025,14.147053748003373,10.823053748003373
6145,6295,513.0,-41.725,172.075,14.127618601452014,11.049618601452014
6146,6296,1202.0,-41.725,172.125,14.090834850730516,6.878834850730517
6147,6297,625.0,-41.725,172.175,14.036815386028366,10.286815386028366
6148,6342,359.0,-41.675,172.025,14.113144786502517,11.959144786502517
6149,6343,1133.0,-41.675,172.075,14.10520162978787,7.307201629787871
6150,6344,527.0,-41.675,172.125,14.081451249352654,10.919451249352655
6151,6345,927.0,-41.675,172.175,14.04208954934461,8.48008954934461
6152,6365,1182.0,-41.575,172.075,14.121919351722,7.0299193517219996
6153,6368,945.0,-41.575,172.125,14.124123308819094,8.454123308819096
6154,6372,314.0,-41.575,172.175,14.114112376633784,12.230112376633784
6155,6029,728.0,-41.625,172.225,14.030853293269729,9.662853293269729
6156,6030,1069.0,-41.625,172.275,13.981466265683366,7.5674662656833664
6157,6031,962.0,-41.625,172.325,13.922283666683825,8.150283666683826
6158,6032,882.0,-41.625,172.375,13.855690009283649,8.563690009283649
6159,6298,539.0,-41.725,172.225,13.966207637757634,10.732207637757634
6160,6299,1225.0,-41.725,172.275,13.88019230435998,6.53019230435998
6161,6300,422.0,-41.725,172.325,13.780457974277056,11.248457974277056
6162,6301,551.0,-41.725,172.375,13.669159097871102,10.363159097871103
6163,6346,867.0,-41.675,172.225,13.987848897087247,8.785848897087247
6164,6347,667.0,-41.675,172.275,13.919995962500934,9.917995962500935
6165,6348,269.0,-41.675,172.325,13.840303907448742,12.226303907448742
6166,6349,707.0,-41.675,172.375,13.751008255281477,9.509008255281476
6167,6387,619.0,-41.575,172.225,14.092785544009303,10.378785544009302
6168,6392,1232.0,-41.575,172.275,14.061668843560142,6.669668843560142
6169,6489,1037.0,-41.575,172.325,14.022856982645635,7.8008569826456355
6170,6492,477.0,-41.575,172.375,13.978925822780639,11.116925822780638
6171,6033,861.0,-41.625,172.425,13.784486156401044,8.618486156401044
6172,6034,638.0,-41.625,172.475,13.711856932710475,9.883856932710476
6173,6035,402.0,-41.625,172.525,13.641376196612327,11.229376196612328
6174,6302,521.0,-41.725,172.425,13.54887207248089,10.42287207248089
6175,6303,847.0,-41.725,172.475,13.422569257697887,8.340569257697886
6176,6304,808.0,-41.725,172.525,13.293635501753556,8.445635501753557
6177,6350,677.0,-41.675,172.425,13.654763388545462,9.592763388545462
6178,6351,383.0,-41.675,172.475,13.554619841195063,11.256619841195063
6179,6352,602.0,-41.675,172.525,13.45404467183414,9.84204467183414
6180,6494,1190.0,-41.575,172.425,13.932851300480024,6.792851300480025
6181,6497,788.0,-41.575,172.475,13.887954913479916,9.159954913479917
6182,6499,723.0,-41.575,172.525,13.84787773015455,9.50987773015455
6183,6036,628.0,-41.625,172.575,13.577060317074825,9.809060317074824
6184,6037,863.0,-41.625,172.625,13.523474520188984,8.345474520188983
6185,6038,471.0,-41.625,172.675,13.48586878179026,10.659868781790259
6186,6039,586.0,-41.625,172.725,13.470220565523618,9.954220565523618
6187,6305,359.0,-41.725,172.575,13.165960638555248,11.011960638555248
6188,6306,962.0,-41.725,172.625,13.044162053725813,7.272162053725814
6189,6307,557.0,-41.725,172.675,12.934038845771738,9.592038845771738
6190,6308,558.0,-41.725,172.725,12.843461398001182,9.495461398001183
6191,6353,1160.0,-41.675,172.575,13.357012534150613,6.397012534150613
6192,6354,381.0,-41.675,172.625,13.268206013097824,10.982206013097825
6193,6355,459.0,-41.675,172.675,13.193374810447608,10.439374810447609
6194,6356,562.0,-41.675,172.725,13.139869069891347,9.767869069891347
6195,6502,930.0,-41.575,172.575,13.816571976200748,8.236571976200748
6196,6505,1078.0,-41.575,172.625,13.798283021347743,7.330283021347744
6197,6508,446.0,-41.575,172.675,13.797457715459473,11.121457715459472
6198,6511,521.0,-41.575,172.725,13.818438815176705,10.692438815176706
6199,6040,381.0,-41.625,172.775,13.482800771731604,11.196800771731604
6200,6041,414.0,-41.625,172.825,13.5285172725836,11.0445172725836
6201,6042,441.0,-41.625,172.875,13.607741235040862,10.961741235040861
6202,6309,714.0,-41.725,172.775,12.784027529008085,8.500027529008086
6203,6310,695.0,-41.725,172.825,12.772811158262925,8.602811158262925
6204,6311,678.0,-41.725,172.875,12.825289620404419,8.75728962040442
6205,6357,501.0,-41.675,172.775,13.117062602788337,10.111062602788337
6206,6358,631.0,-41.675,172.825,13.135200585108464,9.349200585108465
6207,6359,486.0,-41.675,172.875,13.19985222216576,10.28385222216576
6208,6514,390.0,-41.575,172.775,13.864703648643513,11.524703648643513
6209,6517,619.0,-41.575,172.825,13.937431426510955,10.223431426510954
6210,6597,483.0,-41.575,172.875,14.033678309380662,11.135678309380662
6211,6043,710.0,-41.625,172.925,13.71377539486997,9.45377539486997
6212,6044,674.0,-41.625,172.975,13.834298328489524,9.790298328489524
6213,6045,1519.0,-41.625,173.025,13.956026042715905,4.842026042715906
6214,6046,1568.0,-41.625,173.075,14.069003664653053,4.6610036646530535
6215,6312,1253.0,-41.725,172.925,12.934259795562411,5.4162597955624125
6216,6313,979.0,-41.725,172.975,13.076492879446619,7.202492879446619
6217,6314,784.0,-41.725,173.025,13.232919570243439,8.528919570243438
6218,6315,440.0,-41.725,173.075,13.391789862304165,10.751789862304165
6219,6360,1006.0,-41.675,172.925,13.304930502769821,7.268930502769821
6220,6361,657.0,-41.675,172.975,13.43513544652086,9.49313544652086
6221,6362,1435.0,-41.675,173.025,13.574761001930312,4.964761001930313
6222,6363,1271.0,-41.675,173.075,13.712654604232455,6.0866546042324545
6223,6603,503.0,-41.575,172.925,14.145357564005963,11.127357564005962
6224,6605,1157.0,-41.575,172.975,14.260362145584907,7.318362145584906
6225,6607,1215.0,-41.575,173.025,14.365814333208277,7.075814333208277
6226,6610,1544.0,-41.575,173.075,14.452148665812274,5.188148665812275
6227,6001,561.0,-41.675,173.125,13.843130599777965,10.477130599777965
6228,6002,354.0,-41.675,173.175,13.96519554829888,11.841195548298879
6229,6003,420.0,-41.675,173.225,14.080944520311391,11.560944520311391
6230,6047,681.0,-41.625,173.125,14.168839782095688,10.08283978209569
6231,6048,607.0,-41.625,173.175,14.256805328415965,10.614805328415965
6232,6049,748.0,-41.625,173.225,14.338059818319152,9.850059818319153
6233,6316,836.0,-41.725,173.125,13.546913760101688,8.53091376010169
6234,6317,674.0,-41.725,173.175,13.696044813530534,9.652044813530534
6235,6318,818.0,-41.725,173.225,13.839392261877663,8.931392261877663
6236,6616,469.0,-41.575,173.125,14.516456764649433,11.702456764649433
6237,6622,780.0,-41.575,173.175,14.563486704686909,9.88348670468691
6238,6628,902.0,-41.575,173.225,14.603312622693238,9.19131262269324
6239,6004,520.0,-41.675,173.275,14.193574512768294,11.073574512768293
6240,6005,442.0,-41.675,173.325,14.305587919891764,11.653587919891764
6241,6006,854.0,-41.675,173.375,14.41766619443655,9.29366619443655
6242,6007,683.0,-41.675,173.425,14.528327235070492,10.430327235070493
6243,6050,332.0,-41.625,173.275,14.418794181550822,12.426794181550823
6244,6051,262.0,-41.625,173.325,14.503587505424832,12.931587505424833
6245,6052,248.0,-41.625,173.375,14.593989094912843,13.105989094912843
6246,6054,260.0,-41.625,173.425,14.688434826673074,13.128434826673073
6247,6319,903.0,-41.725,173.275,13.978153259336352,8.560153259336353
6248,6320,842.0,-41.725,173.325,14.113235941707444,9.061235941707444
6249,6321,1330.0,-41.725,173.375,14.2443914419311,6.2643914419310995
6250,6322,664.0,-41.725,173.425,14.36983201129874,10.38583201129874
6251,6634,903.0,-41.575,173.275,14.646694553267679,9.22869455326768
6252,6640,1131.0,-41.575,173.325,14.70088663906995,7.914886639069949
6253,6641,634.0,-41.575,173.375,14.767974995415102,10.963974995415102
6254,6642,352.0,-41.575,173.425,14.845576416855124,12.733576416855124
6255,6008,519.0,-41.675,173.475,14.634138545944666,11.520138545944665
6256,6009,323.0,-41.675,173.525,14.730146330907928,12.792146330907928
6257,6010,354.0,-41.675,173.575,14.810255043294376,12.686255043294375
6258,6011,346.0,-41.675,173.625,14.867409136390165,12.791409136390165
6259,6055,435.0,-41.625,173.475,14.782929014646584,12.172929014646584
6260,6056,524.0,-41.625,173.525,14.871860038637351,11.72786003863735
6261,6062,285.0,-41.575,173.575,15.082281840472206,13.372281840472205
6262,6064,200.0,-41.575,173.625,15.137936176453422,13.937936176453423
6263,6075,421.0,-41.625,173.575,14.94859125169205,12.422591251692051
6264,6078,411.0,-41.625,173.625,15.005705906474986,12.539705906474985
6265,6323,508.0,-41.725,173.475,14.486239003663911,11.438239003663911
6266,6324,578.0,-41.725,173.525,14.588976948171648,11.120976948171649
6267,6325,606.0,-41.725,173.575,14.672343106479445,11.036343106479446
6268,6326,414.0,-41.725,173.625,14.729749838237126,12.245749838237126
6269,6643,178.0,-41.575,173.475,14.92844088300211,13.860440883002111
6270,6644,170.0,-41.575,173.525,15.009824700167883,13.989824700167883
6271,6012,427.0,-41.675,173.675,14.893506575230731,12.331506575230732
6272,6013,558.0,-41.675,173.725,14.879055037969692,11.531055037969693
6273,6014,463.0,-41.675,173.775,14.812985826340082,12.034985826340082
6274,6067,271.0,-41.575,173.675,15.168331098031103,13.542331098031104
6275,6070,122.0,-41.575,173.725,15.163757037361961,14.431757037361962
6276,6083,183.0,-41.625,173.675,15.034847227118007,13.936847227118006
6277,6085,128.0,-41.575,173.775,15.111334559036663,14.343334559036663
6278,6092,205.0,-41.625,173.725,15.025979098465086,13.795979098465086
6279,6099,468.0,-41.625,173.775,14.965654508156945,12.157654508156945
6280,6327,619.0,-41.725,173.675,14.753832752332414,11.039832752332414
6281,6328,544.0,-41.725,173.725,14.73664969331594,11.47264969331594
6282,6329,961.0,-41.725,173.775,14.670521870647349,8.90452187064735
6283,6015,401.0,-41.675,173.825,14.684741161367583,12.278741161367584
6284,6016,396.0,-41.675,173.875,14.493073746597815,12.117073746597816
6285,6017,442.0,-41.675,173.925,14.257077937017812,11.605077937017812
6286,6018,128.0,-41.675,173.975,14.009966905433885,13.241966905433884
6287,6098,108.0,-41.575,173.825,14.988051230083101,14.340051230083102
6288,6102,348.0,-41.625,173.825,14.834993013037206,12.746993013037205
6289,6104,164.0,-41.575,173.875,14.749143350271993,13.765143350271993
6290,6114,86.0,-41.575,173.925,14.435039096452329,13.919039096452329
6291,6115,721.0,-41.625,173.875,14.620442141145418,10.294442141145417
6292,6227,229.0,-41.625,173.925,14.349302265533652,12.975302265533651
6293,6230,308.0,-41.575,173.975,14.142478541594528,12.294478541594529
6294,6233,346.0,-41.625,173.975,14.077577254280413,12.001577254280413
6295,6330,840.0,-41.725,173.825,14.550620818858079,9.51062081885808
6296,6331,180.0,-41.725,173.875,14.379754088554023,13.299754088554023
6297,6332,220.0,-41.725,173.925,14.171831978684622,12.851831978684622
6298,6333,201.0,-41.725,173.975,13.948419595642008,12.742419595642009
6299,6019,105.0,-41.675,174.025,13.780227638037331,13.15022763803733
6300,6020,98.0,-41.675,174.075,13.58342883274372,12.995428832743722
6301,6021,61.0,-41.675,174.125,13.427819036386609,13.06181903638661
6302,6239,191.0,-41.625,174.025,13.843339366645523,12.697339366645522
6303,6242,281.0,-41.625,174.075,13.65705528547528,11.97105528547528
6304,6247,24.0,-41.625,174.125,13.517093622413768,13.373093622413768
6305,6248,183.0,-41.575,174.025,13.916980928503563,12.818980928503562
6306,6258,119.0,-41.575,174.075,13.7519362917227,13.0379362917227
6307,6267,238.0,-41.575,174.125,13.631942657976424,12.203942657976423
6308,6334,134.0,-41.725,174.025,13.730454379502817,12.926454379502816
6309,6335,115.0,-41.725,174.075,13.533197305799376,12.843197305799377
6310,6336,74.0,-41.725,174.125,13.368098723474532,12.92409872347453
6311,6337,1.0,-41.725,174.175,13.254638692352273,13.248638692352273
6312,6366,169.0,-41.575,175.275,12.70117988335278,11.68717988335278
6313,6375,295.0,-41.575,175.325,12.639883833106978,10.869883833106979
6314,6379,27.0,-41.525,171.975,14.095971757763436,13.933971757763436
6315,6439,272.0,-41.475,171.975,14.127315886049473,12.495315886049474
6316,6380,264.0,-41.425,172.075,14.270646790038086,12.686646790038086
6317,6381,559.0,-41.525,172.025,14.131989438876872,10.777989438876872
6318,6382,83.0,-41.425,172.125,14.30842034922216,13.810420349222161
6319,6383,199.0,-41.525,172.075,14.15752516437965,12.96352516437965
6320,6384,215.0,-41.425,172.175,14.337999618938966,13.047999618938967
6321,6386,343.0,-41.525,172.125,14.172197976606299,12.114197976606299
6322,6391,401.0,-41.525,172.175,14.176251139662781,11.770251139662783
6323,6440,189.0,-41.475,172.025,14.172120179210083,13.038120179210082
6324,6441,290.0,-41.475,172.075,14.208066575768726,12.468066575768725
6325,6442,522.0,-41.475,172.125,14.23463497022351,11.10263497022351
6326,6443,512.0,-41.475,172.175,14.251963794268818,11.179963794268819
6327,6556,43.0,-41.375,172.125,14.390302972631162,14.132302972631162
6328,6557,119.0,-41.375,172.175,14.430927604616727,13.716927604616727
6329,6388,964.0,-41.425,172.225,14.360393874281613,8.576393874281614
6330,6393,1094.0,-41.425,172.275,14.377806166160212,7.813806166160213
6331,6396,156.0,-41.525,172.225,14.170649879528128,13.234649879528128
6332,6397,542.0,-41.525,172.275,14.157085479736452,10.905085479736453
6333,6398,797.0,-41.525,172.325,14.13787211866918,9.35587211866918
6334,6399,715.0,-41.525,172.375,14.115801769127302,9.825801769127303
6335,6444,1073.0,-41.475,172.225,14.261060778714636,7.823060778714637
6336,6445,545.0,-41.475,172.275,14.26382382214581,10.99382382214581
6337,6446,763.0,-41.475,172.325,14.262837078238249,9.68483707823825
6338,6447,865.0,-41.475,172.375,14.261121847652362,9.07112184765236
6339,6496,1108.0,-41.425,172.325,14.39317248972361,7.745172489723611
6340,6498,761.0,-41.425,172.375,14.409736272502414,9.843736272502415
6341,6558,598.0,-41.375,172.225,14.464875501505503,10.876875501505502
6342,6559,628.0,-41.375,172.275,14.494915423891257,10.726915423891256
6343,6560,882.0,-41.375,172.325,14.524440889866355,9.232440889866355
6344,6561,847.0,-41.375,172.375,14.556842305583928,9.474842305583927
6345,6400,1163.0,-41.525,172.425,14.094023241295531,7.11602324129553
6346,6401,952.0,-41.525,172.475,14.075962024905493,8.363962024905494
6347,6402,1325.0,-41.525,172.525,14.065261833407476,6.115261833407477
6348,6448,1200.0,-41.475,172.425,14.261971746520317,7.061971746520317
6349,6449,556.0,-41.475,172.475,14.268861499301295,10.932861499301294
6350,6450,808.0,-41.475,172.525,14.285371458438362,9.437371458438363
6351,6500,1165.0,-41.425,172.425,14.430874771406422,7.440874771406422
6352,6503,897.0,-41.425,172.475,14.46003829743404,9.078038297434038
6353,6506,828.0,-41.425,172.525,14.500682497446974,9.532682497446974
6354,6562,569.0,-41.375,172.425,14.595471192254763,11.181471192254763
6355,6563,1254.0,-41.375,172.475,14.643664629758689,7.11966462975869
6356,6564,1047.0,-41.375,172.525,14.704698267977165,8.422698267977164
6357,6403,1220.0,-41.525,172.575,14.065714989584308,6.745714989584308
6358,6404,905.0,-41.525,172.625,14.081136757888657,8.651136757888658
6359,6405,732.0,-41.525,172.675,14.11511432104993,9.72311432104993
6360,6406,429.0,-41.525,172.725,14.17052675898384,11.59652675898384
6361,6451,421.0,-41.475,172.575,14.315076211051974,11.789076211051974
6362,6452,793.0,-41.475,172.625,14.36134968158683,9.603349681586831
6363,6453,495.0,-41.475,172.675,14.427031225475389,11.457031225475388
6364,6457,266.0,-41.475,172.725,14.513889529372477,12.917889529372477
6365,6509,691.0,-41.425,172.575,14.556138266791379,10.410138266791378
6366,6512,249.0,-41.425,172.625,14.629383892214832,13.135383892214833
6367,6515,907.0,-41.425,172.675,14.722684398698277,9.280684398698277
6368,6519,180.0,-41.425,172.725,14.837065334939098,13.757065334939098
6369,6565,1193.0,-41.375,172.575,14.781649871844422,7.623649871844423
6370,6566,826.0,-41.375,172.625,14.877160617222899,9.921160617222899
6371,6567,359.0,-41.375,172.675,14.99307744755697,12.83907744755697
6372,6568,159.0,-41.375,172.725,15.129963860878206,14.175963860878205
6373,6407,479.0,-41.525,172.775,14.248723438822253,11.374723438822253
6374,6408,642.0,-41.525,172.825,14.348352517242574,10.496352517242574
6375,6409,313.0,-41.525,172.875,14.464132324694333,12.586132324694333
6376,6458,600.0,-41.475,172.775,14.621839491349078,11.021839491349079
6377,6459,348.0,-41.475,172.825,14.747944864036697,12.659944864036696
6378,6460,339.0,-41.475,172.875,14.885384275685396,12.851384275685398
6379,6520,192.0,-41.425,172.775,14.971605644854094,13.819605644854095
6380,6521,285.0,-41.425,172.825,15.122570512771915,13.412570512771914
6381,6522,301.0,-41.425,172.875,15.2824422994006,13.4764422994006
6382,6569,213.0,-41.375,172.775,15.28647976007045,14.008479760070449
6383,6570,263.0,-41.375,172.825,15.458643902800446,13.880643902800447
6384,6571,388.0,-41.375,172.875,15.638976389238394,13.310976389238395
6385,6410,377.0,-41.525,172.925,14.58623754261373,12.32423754261373
6386,6411,398.0,-41.525,172.975,14.701076834302341,12.313076834302342
6387,6412,592.0,-41.525,173.025,14.793967253368123,11.241967253368124
6388,6413,781.0,-41.525,173.075,14.85375176602875,10.16775176602875
6389,6461,320.0,-41.475,172.925,15.02272106502943,13.10272106502943
6390,6462,181.0,-41.475,172.975,15.143985864823321,14.057985864823321
6391,6463,254.0,-41.475,173.025,15.230493508296405,13.706493508296404
6392,6464,285.0,-41.475,173.075,15.266107384399248,13.556107384399247
6393,6523,327.0,-41.425,172.925,15.438913337852796,13.476913337852796
6394,6524,260.0,-41.425,172.975,15.573934287685802,14.013934287685801
6395,6525,87.0,-41.425,173.025,15.663476302104272,15.141476302104271
6396,6526,122.0,-41.425,173.075,15.681403040755413,14.949403040755413
6397,6572,364.0,-41.375,172.925,15.815418269435838,13.631418269435837
6398,6573,212.0,-41.375,172.975,15.969659518895952,14.697659518895952
6399,6574,108.0,-41.375,173.025,16.07410480253273,15.42610480253273
6400,6575,55.0,-41.375,173.075,16.088421879151042,15.758421879151042
6401,6414,593.0,-41.525,173.125,14.87823097687442,11.32023097687442
6402,6415,1262.0,-41.525,173.175,14.877011135339757,7.3050111353397575
6403,6416,1349.0,-41.525,173.225,14.868063359042225,6.774063359042225
6404,6465,671.0,-41.475,173.125,15.246783064559509,11.220783064559509
6405,6466,364.0,-41.475,173.175,15.188547083455347,13.004547083455346
6406,6467,809.0,-41.475,173.225,15.122565467438477,10.268565467438478
6407,6527,144.0,-41.425,173.125,15.615202356461197,14.751202356461196
6408,6528,258.0,-41.425,173.175,15.488550535763977,13.940550535763977
6409,6529,485.0,-41.425,173.225,15.356038105787206,12.446038105787206
6410,6579,26.0,-41.375,173.125,15.975882527130437,15.819882527130437
6411,6580,320.0,-41.375,173.175,15.766532567910247,13.846532567910247
6412,6581,292.0,-41.375,173.225,15.557882204697421,13.80588220469742
6413,6417,1011.0,-41.525,173.275,14.869206744789153,8.803206744789154
6414,6418,557.0,-41.525,173.325,14.890886295021005,11.548886295021004
6415,6419,437.0,-41.525,173.375,14.9347028254615,12.3127028254615
6416,6420,584.0,-41.525,173.425,14.99614285277778,11.49214285277778
6417,6468,1044.0,-41.475,173.275,15.07782542078536,8.81382542078536
6418,6469,889.0,-41.475,173.325,15.067741802122896,9.733741802122896
6419,6470,1272.0,-41.475,173.375,15.090854407147845,7.458854407147845
6420,6471,993.0,-41.475,173.425,15.138477626224699,9.1804776262247
6421,6530,771.0,-41.425,173.275,15.264844043707456,10.638844043707456
6422,6531,715.0,-41.425,173.325,15.228313036458985,10.938313036458986
6423,6532,470.0,-41.425,173.375,15.236335648531394,12.416335648531394
6424,6533,688.0,-41.425,173.425,15.273804859103961,11.145804859103961
6425,6582,756.0,-41.375,173.275,15.427252375295836,10.891252375295837
6426,6583,693.0,-41.375,173.325,15.37595538518542,11.217955385185421
6427,6584,443.0,-41.375,173.375,15.376111836975895,12.718111836975895
6428,6585,277.0,-41.375,173.425,15.406581159542611,13.744581159542612
6429,6421,471.0,-41.525,173.475,15.067795082365478,12.241795082365478
6430,6422,267.0,-41.525,173.525,15.141304617607659,13.539304617607659
6431,6423,136.0,-41.525,173.575,15.208144103968834,14.392144103968834
6432,6424,116.0,-41.525,173.625,15.259692610504999,14.563692610504999
6433,6472,871.0,-41.475,173.475,15.200199288639624,9.974199288639625
6434,6473,835.0,-41.475,173.525,15.26589460510911,10.25589460510911
6435,6474,617.0,-41.475,173.575,15.325972505154937,11.623972505154937
6436,6475,295.0,-41.475,173.625,15.370986074950792,13.600986074950793
6437,6534,858.0,-41.425,173.475,15.327315908630851,10.179315908630851
6438,6535,416.0,-41.425,173.525,15.385540538214173,12.889540538214172
6439,6536,503.0,-41.425,173.575,15.438350400115496,12.420350400115495
6440,6537,676.0,-41.425,173.625,15.475917915069772,11.419917915069771
6441,6586,391.0,-41.375,173.475,15.452840620945096,13.106840620945096
6442,6587,430.0,-41.375,173.525,15.503636308172531,12.923636308172531
6443,6588,320.0,-41.375,173.575,15.549130108938925,13.629130108938925
6444,6589,485.0,-41.375,173.625,15.579857157203605,12.669857157203605
6445,6425,89.0,-41.525,173.675,15.286902471006556,14.752902471006555
6446,6426,83.0,-41.525,173.725,15.279506903065112,14.781506903065113
6447,6427,78.0,-41.525,173.775,15.22410013634692,14.75610013634692
6448,6476,267.0,-41.475,173.675,15.390935148239123,13.788935148239123
6449,6477,137.0,-41.475,173.725,15.374113076733579,14.55211307673358
6450,6478,126.0,-41.475,173.775,15.304889459819378,14.548889459819378
6451,6538,765.0,-41.425,173.675,15.487860399940928,10.897860399940928
6452,6539,400.0,-41.425,173.725,15.462346793953998,13.062346793953997
6453,6540,109.0,-41.425,173.775,15.38549321663686,14.73149321663686
6454,6590,634.0,-41.375,173.675,15.586071897080501,11.7820718970805
6455,6591,351.0,-41.375,173.725,15.557495230408676,13.451495230408677
6456,6592,333.0,-41.375,173.775,15.484083626540837,13.486083626540838
6457,6058,22.0,-41.475,173.875,14.919938355037743,14.787938355037744
6458,6069,10.0,-41.475,173.925,14.615763564074086,14.555763564074086
6459,6081,4.0,-41.475,173.975,14.343359479089486,14.319359479089487
6460,6428,55.0,-41.525,173.825,15.097293948086076,14.767293948086076
6461,6429,28.0,-41.525,173.875,14.844602932505836,14.676602932505837
6462,6430,11.0,-41.525,173.925,14.508296222002059,14.442296222002058
6463,6431,10.0,-41.525,173.975,14.210058388395169,14.150058388395168
6464,6479,36.0,-41.475,173.825,15.160267559186764,14.944267559186764
6465,6541,601.0,-41.425,173.825,15.243499647393037,11.637499647393037
6466,6542,206.0,-41.425,173.875,15.034344562777278,13.798344562777277
6467,6543,232.0,-41.425,173.925,14.787149086024328,13.395149086024329
6468,6544,30.0,-41.425,173.975,14.559764308435888,14.379764308435888
6469,6593,795.0,-41.375,173.825,15.359386933501128,10.589386933501128
6470,6594,204.0,-41.375,173.875,15.187725748337016,13.963725748337016
6471,6595,101.0,-41.375,173.925,14.99066148599195,14.38466148599195
6472,6596,466.0,-41.375,173.975,14.801006492763008,12.005006492763009
6473,6057,245.0,-41.375,174.025,14.642074999021702,13.172074999021701
6474,6074,1.0,-41.375,174.075,14.516613830553524,14.510613830553524
6475,6090,2.0,-41.475,174.025,14.170152498280004,14.158152498280003
6476,6432,4.0,-41.525,174.025,14.014499878824608,13.99049987882461
6477,6545,6.0,-41.425,174.025,14.390007862170478,14.354007862170478
6478,6077,114.0,-41.375,174.875,12.19245951314906,11.508459513149061
6479,6080,223.0,-41.375,174.925,11.948374565473841,10.610374565473842
6480,6087,654.0,-41.375,174.975,11.940888158657799,8.0168881586578
6481,6097,495.0,-41.375,175.025,12.16024614037542,9.19024614037542
6482,6546,240.0,-41.425,174.925,12.13867295695377,10.69867295695377
6483,6100,117.0,-41.475,175.225,12.789281988089897,12.087281988089897
6484,6105,45.0,-41.375,175.075,12.478945169418239,12.20894516941824
6485,6111,,-41.375,175.125,12.751566519738844,
6486,6120,38.0,-41.375,175.175,12.869918600733854,12.641918600733854
6487,6218,110.0,-41.375,175.225,12.817699354208344,12.157699354208344
6488,6433,66.0,-41.525,175.225,12.758283010756713,12.362283010756713
6489,6547,124.0,-41.425,175.225,12.815425762543782,12.071425762543782
6490,6103,333.0,-41.475,175.275,12.724196074153042,10.726196074153043
6491,6113,509.0,-41.475,175.325,12.61060981772016,9.55660981772016
6492,6220,299.0,-41.375,175.275,12.656468200255404,10.862468200255403
6493,6222,332.0,-41.375,175.325,12.454418083260862,10.462418083260863
6494,6224,310.0,-41.375,175.375,12.256211063671344,10.396211063671345
6495,6231,305.0,-41.475,175.375,12.474463376634048,10.644463376634048
6496,6434,435.0,-41.525,175.275,12.716540786831047,10.106540786831047
6497,6435,393.0,-41.525,175.325,12.63349552380987,10.27549552380987
6498,6436,214.0,-41.525,175.375,12.526275441798134,11.242275441798133
6499,6548,166.0,-41.425,175.275,12.711996390315562,11.715996390315562
6500,6549,288.0,-41.425,175.325,12.557777236033871,10.829777236033872
6501,6550,617.0,-41.425,175.375,12.389269892242282,8.687269892242282
6502,6228,365.0,-41.375,175.425,12.085161203038297,9.895161203038297
6503,6234,322.0,-41.375,175.475,11.949888809610457,10.017888809610456
6504,6252,141.0,-41.475,175.425,12.336438328941767,11.490438328941767
6505,6253,98.0,-41.375,175.525,11.848777179024637,11.260777179024638
6506,6259,108.0,-41.375,175.575,11.774360957209865,11.126360957209865
6507,6260,317.0,-41.475,175.475,12.209929591826949,10.30792959182695
6508,6269,205.0,-41.475,175.525,12.101864819957882,10.871864819957882
6509,6378,12.0,-41.475,175.575,12.0147568097359,11.9427568097359
6510,6437,39.0,-41.525,175.425,12.410916526134315,12.176916526134315
6511,6438,182.0,-41.525,175.475,12.299650444356303,11.207650444356302
6512,6551,468.0,-41.425,175.425,12.230556144663751,9.422556144663751
6513,6552,105.0,-41.425,175.475,12.094172632348545,11.464172632348545
6514,6553,160.0,-41.425,175.525,11.983957512483357,11.023957512483356
6515,6554,42.0,-41.425,175.575,11.89852911535354,11.64652911535354
6516,6268,139.0,-41.375,175.625,11.719006784793237,10.885006784793237
6517,6377,227.0,-41.375,175.675,11.679301459485032,10.317301459485032
6518,6385,18.0,-41.375,175.725,11.657433261973438,11.549433261973437
6519,6555,179.0,-41.425,175.625,11.835044998149442,10.761044998149442
6520,6389,61.0,-41.325,172.125,14.476719902960099,14.1107199029601
6521,6394,105.0,-41.325,172.175,14.52708663164708,13.89708663164708
6522,6710,20.0,-41.225,172.125,14.644899281281027,14.524899281281028
6523,6711,144.0,-41.225,172.175,14.709962438674836,13.845962438674835
6524,6984,102.0,-41.275,172.125,14.563195950586646,13.951195950586646
6525,6985,65.0,-41.275,172.175,14.621949264863929,14.231949264863928
6526,6480,512.0,-41.325,172.225,14.57054572609593,11.49854572609593
6527,6481,645.0,-41.325,172.275,14.611118098507461,10.74111809850746
6528,6482,742.0,-41.325,172.325,14.652589029513535,10.200589029513536
6529,6483,1042.0,-41.325,172.375,14.698278738417116,8.446278738417117
6530,6712,307.0,-41.225,172.225,14.769402236329825,12.927402236329824
6531,6713,184.0,-41.225,172.275,14.827370698475988,13.72337069847599
6532,6714,1014.0,-41.225,172.325,14.887425408324702,8.803425408324703
6533,6715,509.0,-41.225,172.375,14.952545872116957,11.898545872116957
6534,6986,681.0,-41.275,172.225,14.673155108992773,10.587155108992775
6535,6987,133.0,-41.275,172.275,14.722756886934008,13.924756886934007
6536,6988,641.0,-41.275,172.325,14.774293314092347,10.928293314092347
6537,6989,1038.0,-41.275,172.375,14.830836470068107,8.602836470068105
6538,6484,720.0,-41.325,172.425,14.75137503353045,10.43137503353045
6539,6485,987.0,-41.325,172.475,14.815021725235113,8.893021725235112
6540,6486,841.0,-41.325,172.525,14.89227340728985,9.84627340728985
6541,6716,1039.0,-41.225,172.425,15.025522459189517,8.791522459189517
6542,6717,334.0,-41.225,172.475,15.109052943170695,13.105052943170696
6543,6718,482.0,-41.225,172.525,15.205710418936206,12.313710418936207
6544,6990,1116.0,-41.275,172.425,14.895351757482956,8.199351757482956
6545,6991,300.0,-41.275,172.475,14.97075715787338,13.170757157873378
6546,6992,688.0,-41.275,172.525,15.059868577621614,10.931868577621614
6547,6487,873.0,-41.325,172.575,14.985952869498021,9.747952869498022
6548,6488,677.0,-41.325,172.625,15.098410783525765,11.036410783525765
6549,6490,396.0,-41.325,172.675,15.231178733098147,12.855178733098148
6550,6491,197.0,-41.325,172.725,15.384512389785755,14.202512389785754
6551,6719,396.0,-41.225,172.575,15.317820923861547,12.941820923861547
6552,6720,999.0,-41.225,172.625,15.447245373782692,9.453245373782693
6553,6721,1603.0,-41.225,172.675,15.595045181953424,5.977045181953423
6554,6722,861.0,-41.225,172.725,15.76101174468667,10.59501174468667
6555,6993,1171.0,-41.275,172.575,15.165257601139814,8.139257601139814
6556,6994,710.0,-41.275,172.625,15.289016387402512,11.029016387402512
6557,6995,1261.0,-41.275,172.675,15.432417678823413,7.866417678823414
6558,6996,573.0,-41.275,172.725,15.595464526098056,12.157464526098055
6559,6493,303.0,-41.325,172.775,15.556835734586429,13.738835734586429
6560,6495,120.0,-41.325,172.825,15.744107692984727,15.024107692984726
6561,6501,269.0,-41.325,172.875,15.939113213354887,14.325113213354886
6562,6723,379.0,-41.225,172.775,15.943059163652038,13.669059163652037
6563,6724,105.0,-41.225,172.825,16.1365088813084,15.5065088813084
6564,6725,210.0,-41.225,172.875,16.33329154135268,15.07329154135268
6565,6997,257.0,-41.275,172.775,15.776341311403627,14.234341311403627
6566,6998,336.0,-41.275,172.825,15.970793685890499,13.954793685890499
6567,6999,119.0,-41.275,172.875,16.1714520741495,15.457452074149499
6568,6060,166.0,-41.275,172.975,16.54100418389575,15.54500418389575
6569,6066,90.0,-41.275,173.025,16.668665492680248,16.12866549268025
6570,6504,194.0,-41.325,172.925,16.130581613609536,14.966581613609536
6571,6507,327.0,-41.325,172.975,16.301732708722767,14.339732708722767
6572,6510,238.0,-41.325,173.025,16.42685162622095,14.99885162622095
6573,6513,81.0,-41.325,173.075,16.45983462960598,15.973834629605978
6574,6726,130.0,-41.225,172.925,16.520979634039605,15.740979634039606
6575,6727,90.0,-41.225,172.975,16.681252848503277,16.141252848503278
6576,6728,55.0,-41.225,173.025,16.786645606644072,16.456645606644074
6577,6729,74.0,-41.225,173.075,16.79418508164531,16.35018508164531
6578,7000,191.0,-41.275,172.925,16.367023537816095,15.221023537816095
6579,6071,3.0,-41.275,173.125,16.549337442100295,16.531337442100295
6580,6516,11.0,-41.325,173.125,16.311564591898104,16.245564591898106
6581,6601,22.0,-41.325,173.225,15.726390908435803,15.594390908435804
6582,6089,20.0,-41.275,173.275,15.763409523390635,15.643409523390636
6583,6093,69.0,-41.275,173.325,15.69626992451009,15.282269924510091
6584,6095,457.0,-41.275,173.375,15.677842775511124,12.935842775511123
6585,6107,968.0,-41.275,173.425,15.688081480719916,9.880081480719916
6586,6609,541.0,-41.325,173.275,15.578754921338259,12.332754921338259
6587,6615,667.0,-41.325,173.325,15.525298834535704,11.523298834535705
6588,6621,509.0,-41.325,173.375,15.520230861955724,12.466230861955724
6589,6627,691.0,-41.325,173.425,15.543172591075404,11.397172591075403
6590,6730,390.0,-41.225,173.375,15.84730858021635,13.50730858021635
6591,6731,260.0,-41.225,173.425,15.839899374853985,14.279899374853985
6592,6119,215.0,-41.275,173.475,15.714222061809778,14.424222061809779
6593,6217,204.0,-41.275,173.525,15.746456734804951,14.522456734804951
6594,6219,40.0,-41.275,173.575,15.776392878383035,15.536392878383035
6595,6221,93.0,-41.275,173.625,15.796400580907289,15.238400580907289
6596,6633,153.0,-41.325,173.475,15.581001936569237,14.663001936569238
6597,6639,240.0,-41.325,173.525,15.623448371366976,14.183448371366977
6598,6688,700.0,-41.325,173.575,15.661470362836553,11.461470362836554
6599,6693,601.0,-41.325,173.625,15.68648577603949,12.08048577603949
6600,6732,693.0,-41.225,173.475,15.85123380635605,11.69323380635605
6601,6733,594.0,-41.225,173.525,15.871376196771962,12.307376196771962
6602,6734,120.0,-41.225,173.575,15.892312894493443,15.172312894493443
6603,6735,140.0,-41.225,173.625,15.907223030314071,15.067223030314072
6604,6223,78.0,-41.275,173.675,15.799433974943213,15.331433974943213
6605,6225,20.0,-41.275,173.725,15.77929960088727,15.659299600887271
6606,6736,478.0,-41.225,173.675,15.910263296357357,13.042263296357357
6607,6737,769.0,-41.225,173.725,15.896705284911604,11.282705284911604
6608,6738,39.0,-41.225,173.775,15.863310466260373,15.629310466260373
6609,6778,75.0,-41.325,173.675,15.690047031736867,15.240047031736868
6610,6779,313.0,-41.325,173.725,15.664029166712226,13.786029166712225
6611,6780,204.0,-41.325,173.775,15.601728645588764,14.377728645588764
6612,6229,338.0,-41.275,173.825,15.654360465443688,13.626360465443687
6613,6232,383.0,-41.275,173.875,15.55058729817938,13.25258729817938
6614,6739,598.0,-41.225,173.825,15.808680832277787,12.220680832277786
6615,6740,79.0,-41.225,173.975,15.524003104035614,15.050003104035614
6616,6781,591.0,-41.325,173.825,15.500361532857028,11.954361532857028
6617,6782,711.0,-41.325,173.875,15.364526049330266,11.098526049330266
6618,6783,315.0,-41.325,173.925,15.207833680671683,13.317833680671683
6619,6784,43.0,-41.325,173.975,15.048905538404028,14.79090553840403
6620,6256,20.0,-41.275,174.075,15.031057460494594,14.911057460494595
6621,6262,244.0,-41.275,174.125,14.91570787932983,13.45170787932983
6622,6741,0.0,-41.225,174.025,15.397753467963184,15.397753467963184
6623,6742,0.0,-41.225,174.075,15.26864555111888,15.26864555111888
6624,6870,298.0,-41.325,174.025,14.902851483609993,13.114851483609993
6625,6880,498.0,-41.325,174.075,14.776165225481236,11.788165225481237
6626,6271,468.0,-41.275,174.175,14.813855291416075,12.005855291416076
6627,6370,286.0,-41.275,174.225,14.724680974140256,13.008680974140256
6628,6743,0.0,-41.225,174.225,14.932762170076558,14.932762170076558
6629,6881,355.0,-41.325,174.175,14.578278142049385,12.448278142049386
6630,6374,366.0,-41.275,174.625,14.002912611049851,11.806912611049851
6631,6455,284.0,-41.275,174.675,13.814998744788,12.110998744787999
6632,6882,209.0,-41.325,174.675,13.681759800301506,12.427759800301507
6633,6577,149.0,-41.275,174.725,13.56354886304689,12.66954886304689
6634,6599,33.0,-41.275,174.775,13.194296291502724,12.996296291502723
6635,6744,79.0,-41.225,174.725,13.630233155690803,13.156233155690803
6636,6745,278.0,-41.225,174.775,13.241284232697126,11.573284232697127
6637,6746,201.0,-41.225,174.825,12.744855203361112,11.538855203361113
6638,6747,8.0,-41.225,174.875,12.237217424056553,12.189217424056553
6639,6883,296.0,-41.325,174.725,13.437419817577393,11.661419817577393
6640,6884,35.0,-41.325,174.775,13.081157975187125,12.871157975187124
6641,6885,20.0,-41.325,174.825,12.599378316256434,12.479378316256435
6642,6613,208.0,-41.275,174.925,11.69852268010709,10.45052268010709
6643,6619,101.0,-41.275,174.975,11.634167291743779,11.02816729174378
6644,6625,639.0,-41.275,175.025,11.92497856085538,8.09097856085538
6645,6748,20.0,-41.225,174.925,11.851476212193802,11.731476212193803
6646,6749,161.0,-41.225,174.975,11.723161073344272,10.757161073344273
6647,6750,275.0,-41.225,175.025,11.853186360346172,10.203186360346171
6648,6887,111.0,-41.325,174.925,11.754177523924682,11.088177523924681
6649,6888,403.0,-41.325,174.975,11.728229423239554,9.310229423239555
6650,6890,293.0,-41.325,175.025,12.026075709979978,10.268075709979978
6651,6631,434.0,-41.275,175.075,12.336179185900619,9.73217918590062
6652,6637,197.0,-41.275,175.125,12.710754563981482,11.528754563981481
6653,6691,1.0,-41.275,175.175,12.76714333596692,12.76114333596692
6654,6696,1.0,-41.275,175.225,12.529871187328808,12.523871187328808
6655,6751,522.0,-41.225,175.075,12.105600390530071,8.973600390530072
6656,6752,512.0,-41.225,175.125,12.325789700736095,9.253789700736096
6657,6753,20.0,-41.225,175.175,12.304662317525526,12.184662317525527
6658,6754,1.0,-41.225,175.225,12.071850828309834,12.065850828309834
6659,6968,183.0,-41.325,175.075,12.434650187114585,11.336650187114584
6660,6969,20.0,-41.325,175.125,12.776901406477464,12.656901406477465
6661,6970,15.0,-41.325,175.175,12.883151617530075,12.793151617530075
6662,6971,11.0,-41.325,175.225,12.75139184207228,12.68539184207228
6663,6697,4.0,-41.275,175.275,12.247481927560784,12.223481927560785
6664,6698,9.0,-41.275,175.325,11.996881815699453,11.942881815699453
6665,6699,53.0,-41.275,175.375,11.802491160150566,11.484491160150567
6666,6755,1.0,-41.225,175.275,11.824068119246022,11.818068119246021
6667,6756,4.0,-41.225,175.325,11.62826470444179,11.60426470444179
6668,6757,19.0,-41.225,175.375,11.497783502815764,11.383783502815763
6669,6972,122.0,-41.325,175.275,12.518100983972545,11.786100983972545
6670,6973,308.0,-41.325,175.325,12.274442609938887,10.426442609938888
6671,6974,295.0,-41.325,175.375,12.061754155802191,10.291754155802192
6672,6700,108.0,-41.275,175.425,11.669146079108941,11.021146079108942
6673,6701,97.0,-41.275,175.475,11.594401032687529,11.012401032687528
6674,6702,337.0,-41.275,175.525,11.564044637118059,9.542044637118059
6675,6703,198.0,-41.275,175.575,11.548890021230818,10.360890021230817
6676,6758,18.0,-41.225,175.425,11.430566258186445,11.322566258186445
6677,6759,47.0,-41.225,175.475,11.42118094663465,11.13918094663465
6678,6760,226.0,-41.225,175.525,11.45653250111991,10.10053250111991
6679,6761,183.0,-41.225,175.575,11.486384724817071,10.38838472481707
6680,6975,176.0,-41.325,175.425,11.895970965036213,10.839970965036212
6681,6976,131.0,-41.325,175.475,11.779462642218277,10.993462642218278
6682,6977,260.0,-41.325,175.525,11.70363346402155,10.14363346402155
6683,6978,329.0,-41.325,175.575,11.652317817752191,9.678317817752191
6684,6704,242.0,-41.275,175.625,11.527848043169797,10.075848043169797
6685,6705,80.0,-41.275,175.675,11.495433675536788,11.015433675536787
6686,6706,297.0,-41.275,175.725,11.459861707540313,9.677861707540313
6687,6707,258.0,-41.275,175.775,11.439191599276455,9.891191599276455
6688,6762,239.0,-41.225,175.625,11.485814436902274,10.051814436902275
6689,6763,167.0,-41.225,175.675,11.450907161125542,10.448907161125542
6690,6764,116.0,-41.225,175.725,11.395759353490575,10.699759353490576
6691,6765,453.0,-41.225,175.775,11.34768207168554,8.62968207168554
6692,6979,143.0,-41.325,175.625,11.61158287353237,10.75358287353237
6693,6980,165.0,-41.325,175.675,11.576237614181082,10.586237614181082
6694,6981,147.0,-41.325,175.725,11.550474985023357,10.668474985023357
6695,6982,327.0,-41.325,175.775,11.545510405771893,9.583510405771893
6696,6059,344.0,-41.225,175.875,11.40360355094981,9.33960355094981
6697,6073,194.0,-41.225,175.925,11.555914105138072,10.391914105138072
6698,6708,331.0,-41.275,175.825,11.455837988447456,9.469837988447456
6699,6709,17.0,-41.275,175.875,11.529987020938734,11.427987020938733
6700,6766,151.0,-41.225,175.825,11.340084784260853,10.434084784260852
6701,6983,319.0,-41.325,175.825,11.575679759938339,9.66167975993834
6702,6088,44.0,-41.175,172.125,14.723039377267014,14.459039377267015
6703,6109,397.0,-41.175,172.175,14.793038153547514,12.411038153547514
6704,6270,389.0,-41.075,172.125,14.874755073809979,12.54075507380998
6705,6364,894.0,-41.075,172.175,14.95115264136166,9.587152641361659
6706,6681,400.0,-41.025,172.125,14.949616062151222,12.549616062151221
6707,6682,1126.0,-41.025,172.175,15.02778055404633,8.27178055404633
6708,6927,437.0,-41.125,172.125,14.799404208566898,12.177404208566898
6709,6928,354.0,-41.125,172.175,14.873140978611218,12.749140978611218
6710,6117,374.0,-41.175,172.225,14.859318512244897,12.615318512244897
6711,6236,1212.0,-41.175,172.275,14.924424090505227,7.652424090505227
6712,6255,435.0,-41.175,172.325,14.991329362555462,12.381329362555462
6713,6263,950.0,-41.175,172.375,15.062804089068038,9.362804089068039
6714,6367,700.0,-41.075,172.225,15.025684120284211,10.825684120284212
6715,6373,1126.0,-41.075,172.275,15.09959057257447,8.34359057257447
6716,6390,720.0,-41.075,172.325,15.174549067629357,10.854549067629357
6717,6395,1055.0,-41.075,172.375,15.252399398359728,8.922399398359728
6718,6683,900.0,-41.025,172.225,15.104404929776535,9.704404929776537
6719,6684,616.0,-41.025,172.275,15.18038043087904,11.48438043087904
6720,6685,1103.0,-41.025,172.325,15.25691937710127,8.63891937710127
6721,6687,1355.0,-41.025,172.375,15.335390024502885,7.205390024502885
6722,6929,471.0,-41.125,172.225,14.9443417166338,12.1183417166338
6723,6930,514.0,-41.125,172.275,15.014737089112145,11.930737089112146
6724,6931,704.0,-41.125,172.325,15.086590559513354,10.862590559513354
6725,6932,774.0,-41.125,172.375,15.162240456766938,10.518240456766938
6726,6272,661.0,-41.175,172.425,15.14143213284899,11.17543213284899
6727,6369,511.0,-41.175,172.475,15.229668653244175,12.163668653244175
6728,6376,885.0,-41.175,172.525,15.329826139276832,10.019826139276834
6729,6518,1242.0,-41.075,172.425,15.334976661685062,7.882976661685062
6730,6602,860.0,-41.075,172.475,15.424037142471946,10.264037142471945
6731,6604,1291.0,-41.075,172.525,15.52122437247013,7.77522437247013
6732,6689,942.0,-41.025,172.425,15.417182326688618,9.765182326688617
6733,6694,1600.0,-41.025,172.475,15.503626971419038,5.903626971419039
6734,6767,632.0,-41.025,172.525,15.5959585101931,11.8039585101931
6735,6933,1170.0,-41.125,172.425,15.243942385525429,8.22394238552543
6736,6934,1101.0,-41.125,172.475,15.333839182745521,8.727839182745521
6737,6935,1216.0,-41.125,172.525,15.43393803636647,8.13793803636647
6738,6454,823.0,-41.175,172.575,15.443983162797963,10.505983162797964
6739,6578,1237.0,-41.175,172.625,15.57379987531354,8.151799875313541
6740,6600,1013.0,-41.175,172.675,15.720203240874753,9.642203240874753
6741,6606,1555.0,-41.075,172.575,15.628040581519315,6.298040581519315
6742,6608,1437.0,-41.075,172.625,15.745796392574334,7.123796392574334
6743,6611,1164.0,-41.075,172.675,15.875482747047727,8.891482747047727
6744,6612,906.0,-41.175,172.725,15.88289240707681,10.44689240707681
6745,6617,388.0,-41.075,172.725,16.01742149877481,13.68942149877481
6746,6768,1650.0,-41.025,172.575,15.695314049463747,5.795314049463746
6747,6769,1107.0,-41.025,172.625,15.802768236450305,9.160768236450306
6748,6770,726.0,-41.025,172.675,15.919394974618314,11.563394974618314
6749,6771,669.0,-41.025,172.725,16.0462443883207,12.032244388320702
6750,6936,1504.0,-41.125,172.575,15.54605040824049,6.52205040824049
6751,6937,1084.0,-41.125,172.625,15.671662716368246,9.167662716368246
6752,6938,1124.0,-41.125,172.675,15.811681241356524,9.067681241356524
6753,6939,743.0,-41.125,172.725,15.965954247710982,11.507954247710984
6754,6618,614.0,-41.175,172.775,16.059633830629792,12.375633830629793
6755,6623,659.0,-41.075,172.775,16.170430286370106,12.216430286370105
6756,6624,562.0,-41.175,172.825,16.245385575130513,12.873385575130513
6757,6629,871.0,-41.075,172.825,16.330361623567,11.104361623567002
6758,6630,264.0,-41.175,172.875,16.43136090090519,14.84736090090519
6759,6635,458.0,-41.075,172.875,16.48866475767818,13.74066475767818
6760,6772,513.0,-41.025,172.775,16.183757539551834,13.105757539551835
6761,6774,118.0,-41.025,172.825,16.32971491158861,15.62171491158861
6762,6775,666.0,-41.025,172.875,16.47641987355877,12.480419873558768
6763,6940,1053.0,-41.125,172.775,16.132468853357807,9.814468853357807
6764,6941,1030.0,-41.125,172.825,16.306258032064335,10.126258032064335
6765,6942,859.0,-41.125,172.875,16.47834595394437,11.32434595394437
6766,6636,62.0,-41.175,172.925,16.604082926120554,16.232082926120555
6767,6645,604.0,-41.075,172.925,16.632255817841383,13.008255817841384
6768,6646,135.0,-41.075,172.975,16.744933699442925,15.934933699442924
6769,6692,19.0,-41.175,172.975,16.744366852903,16.630366852903
6770,6773,22.0,-41.175,173.025,16.826783626341637,16.694783626341636
6771,6777,496.0,-41.025,172.925,16.610850564108432,13.634850564108433
6772,6786,106.0,-41.025,172.975,16.718210015073453,16.082210015073453
6773,6943,233.0,-41.125,172.925,16.635174446148824,15.237174446148824
6774,6944,17.0,-41.125,172.975,16.75864655370532,16.65664655370532
6775,6776,18.0,-41.175,173.425,15.991385820300138,15.883385820300138
6776,6647,84.0,-41.075,173.575,16.205540001476948,15.701540001476948
6777,6785,352.0,-41.175,173.475,15.987208576660805,13.875208576660805
6778,6871,398.0,-41.175,173.525,15.994400105578507,13.606400105578507
6779,6886,382.0,-41.175,173.575,16.005536071297456,13.713536071297456
6780,6889,526.0,-41.175,173.625,16.014570712729892,12.858570712729893
6781,6945,231.0,-41.125,173.525,16.110495944384525,14.724495944384525
6782,6946,487.0,-41.125,173.575,16.11139720658798,13.18939720658798
6783,6947,389.0,-41.125,173.625,16.11337001681386,13.77937001681386
6784,6648,263.0,-41.075,173.725,16.18294879098994,14.60494879098994
6785,6649,198.0,-41.075,173.775,16.16888952468389,14.98088952468389
6786,6788,240.0,-41.025,173.725,16.23753567929134,14.797535679291341
6787,6891,429.0,-41.175,173.675,16.0166397863062,13.4426397863062
6788,6895,596.0,-41.175,173.725,16.00806886996702,12.432068869967019
6789,6948,359.0,-41.125,173.675,16.112379546998,13.958379546998
6790,6949,357.0,-41.125,173.725,16.105482045462622,13.963482045462623
6791,6950,384.0,-41.125,173.775,16.090736820988923,13.786736820988923
6792,6650,58.0,-41.075,173.825,16.148649489678405,15.800649489678404
6793,6651,130.0,-41.075,173.875,16.119803488354364,15.339803488354365
6794,6896,52.0,-41.175,173.825,15.950384345816929,15.63838434581693
6795,6897,456.0,-41.175,173.925,15.828099537370804,13.092099537370803
6796,6898,28.0,-41.175,173.975,15.731585255826076,15.563585255826077
6797,6951,422.0,-41.125,173.825,16.06685470475702,13.53485470475702
6798,6952,24.0,-41.125,173.925,15.982338784546528,15.838338784546528
6799,6652,49.0,-41.075,174.025,15.887566016293931,15.59356601629393
6800,6653,526.0,-41.075,174.075,15.757957137871472,12.601957137871473
6801,6654,179.0,-41.075,174.125,15.628505882848685,14.554505882848686
6802,6790,315.0,-41.025,174.075,15.820895744960808,13.930895744960807
6803,6792,239.0,-41.025,174.125,15.701545262466198,14.267545262466198
6804,6899,100.0,-41.175,174.075,15.47685148933283,14.87685148933283
6805,6900,122.0,-41.175,174.125,15.34701975756866,14.61501975756866
6806,6953,297.0,-41.125,174.025,15.77856034284946,13.99656034284946
6807,6954,315.0,-41.125,174.075,15.643208623202327,13.753208623202326
6808,6955,174.0,-41.125,174.125,15.510147346092026,14.466147346092026
6809,6655,218.0,-41.075,174.175,15.505538838543316,14.197538838543316
6810,6794,330.0,-41.025,174.175,15.585824950752794,13.605824950752794
6811,6901,167.0,-41.175,174.175,15.226490365903373,14.224490365903373
6812,6956,10.0,-41.125,174.375,14.971899559322537,14.911899559322537
6813,6656,19.0,-41.075,174.875,12.843231664112864,12.729231664112863
6814,6902,123.0,-41.175,174.775,13.313988871436095,12.575988871436095
6815,6903,39.0,-41.175,174.825,12.866183369224018,12.632183369224018
6816,6904,382.0,-41.175,174.875,12.41448444602338,10.12248444602338
6817,6957,41.0,-41.125,174.825,13.02645197510742,12.78045197510742
6818,6958,98.0,-41.125,174.875,12.617722509327905,12.029722509327906
6819,6657,99.0,-41.075,174.925,12.474383779470827,11.880383779470828
6820,6658,340.0,-41.075,174.975,12.118793552830539,10.07879355283054
6821,6659,338.0,-41.075,175.025,11.764401735869797,9.736401735869796
6822,6796,269.0,-41.025,174.925,12.73449754370904,11.120497543709039
6823,6798,366.0,-41.025,174.975,12.352000337789832,10.156000337789832
6824,6800,231.0,-41.025,175.025,11.932153063541591,10.546153063541592
6825,6905,162.0,-41.175,174.925,12.047978709519384,11.075978709519385
6826,6906,129.0,-41.175,174.975,11.836654813450878,11.062654813450877
6827,6907,359.0,-41.175,175.025,11.775857142677523,9.621857142677523
6828,6959,38.0,-41.125,174.925,12.250784108457765,12.022784108457765
6829,6960,170.0,-41.125,174.975,11.956620191470392,10.936620191470393
6830,6961,177.0,-41.125,175.025,11.725128664952535,10.663128664952536
6831,6660,396.0,-41.075,175.075,11.388421954219666,9.012421954219667
6832,6661,353.0,-41.075,175.125,10.982691629010333,8.864691629010332
6833,6662,235.0,-41.075,175.175,10.600726160441809,9.190726160441809
6834,6663,234.0,-41.075,175.225,10.478074619332347,9.074074619332347
6835,6802,404.0,-41.025,175.075,11.477904162470622,9.053904162470623
6836,6804,269.0,-41.025,175.125,11.021904702651227,9.407904702651226
6837,6806,538.0,-41.025,175.175,10.649998477405461,7.421998477405461
6838,6808,676.0,-41.025,175.225,10.490356353991956,6.434356353991956
6839,6908,200.0,-41.175,175.075,11.784188525408808,10.584188525408809
6840,6909,691.0,-41.175,175.125,11.756837704786449,7.610837704786449
6841,6910,362.0,-41.175,175.175,11.627738867236985,9.455738867236985
6842,6911,261.0,-41.175,175.225,11.450126059916329,9.88412605991633
6843,6962,77.0,-41.125,175.075,11.507084402956025,11.045084402956025
6844,6963,169.0,-41.125,175.125,11.254032491927319,10.24003249192732
6845,6964,487.0,-41.125,175.175,10.989322550549332,8.067322550549331
6846,6965,531.0,-41.125,175.225,10.847433810948132,7.661433810948132
6847,6053,38.0,-41.125,175.375,10.95377548249553,10.72577548249553
6848,6664,543.0,-41.075,175.275,10.54919272098823,7.2911927209882315
6849,6665,375.0,-41.075,175.325,10.67801118603711,8.42801118603711
6850,6666,92.0,-41.075,175.375,10.84801769643309,10.29601769643309
6851,6810,893.0,-41.025,175.275,10.5270200140626,5.169020014062601
6852,6812,602.0,-41.025,175.325,10.665464870008691,7.053464870008691
6853,6892,600.0,-41.025,175.375,10.864813444386527,7.264813444386528
6854,6912,1.0,-41.175,175.275,11.308263366428037,11.302263366428036
6855,6913,4.0,-41.175,175.325,11.222033413433564,11.198033413433565
6856,6914,14.0,-41.175,175.375,11.193902977996913,11.109902977996914
6857,6966,341.0,-41.125,175.275,10.833363274260591,8.787363274260592
6858,6967,27.0,-41.125,175.325,10.87333253347424,10.71133253347424
6859,6063,47.0,-41.125,175.425,11.09858374599753,10.81658374599753
6860,6065,42.0,-41.125,175.475,11.274476052158661,11.02247605215866
6861,6068,199.0,-41.125,175.525,11.44217675480877,10.248176754808771
6862,6076,79.0,-41.025,175.525,11.641580925883318,11.167580925883318
6863,6079,85.0,-41.025,175.575,11.839970509839077,11.329970509839077
6864,6091,130.0,-41.125,175.575,11.557295247396723,10.777295247396724
6865,6667,74.0,-41.075,175.425,11.065034673600167,10.621034673600166
6866,6668,52.0,-41.075,175.475,11.306389323052827,10.994389323052827
6867,6669,59.0,-41.075,175.525,11.531506119538335,11.177506119538336
6868,6670,73.0,-41.075,175.575,11.688392211805876,11.250392211805876
6869,6893,250.0,-41.025,175.425,11.10988287879809,9.60988287879809
6870,6894,76.0,-41.025,175.475,11.380119693073539,10.92411969307354
6871,6915,45.0,-41.175,175.425,11.228106234535517,10.958106234535517
6872,6916,39.0,-41.175,175.475,11.31051482564817,11.07651482564817
6873,6917,94.0,-41.175,175.525,11.412500506150081,10.848500506150081
6874,6918,186.0,-41.175,175.575,11.486258639003609,10.370258639003609
6875,6086,97.0,-41.025,175.625,11.88190925967956,11.29990925967956
6876,6101,121.0,-41.125,175.625,11.58308508661321,10.85708508661321
6877,6110,154.0,-41.025,175.675,11.734972913872298,10.810972913872298
6878,6116,227.0,-41.025,175.725,11.503938872063827,10.141938872063827
6879,6179,479.0,-41.125,175.675,11.513989188324558,8.639989188324558
6880,6216,223.0,-41.125,175.725,11.38135727694771,10.043357276947711
6881,6226,221.0,-41.125,175.775,11.237213653764684,9.911213653764683
6882,6237,270.0,-41.025,175.775,11.272860300603497,9.652860300603496
6883,6671,55.0,-41.075,175.625,11.72141669050734,11.39141669050734
6884,6672,119.0,-41.075,175.675,11.61914820354923,10.90514820354923
6885,6673,317.0,-41.075,175.725,11.433986126602576,9.531986126602577
6886,6674,201.0,-41.075,175.775,11.234542134734511,10.028542134734511
6887,6919,220.0,-41.175,175.625,11.50172932517171,10.181729325171709
6888,6920,281.0,-41.175,175.675,11.455124369386795,9.769124369386795
6889,6921,232.0,-41.175,175.725,11.367612322602326,9.975612322602327
6890,6922,379.0,-41.175,175.775,11.27782154734814,9.003821547348139
6891,6235,220.0,-41.125,175.825,11.14115228246601,9.82115228246601
6892,6240,238.0,-41.125,175.875,11.157347589618894,9.729347589618893
6893,6244,202.0,-41.025,175.825,11.102989476208677,9.890989476208677
6894,6245,287.0,-41.125,175.925,11.331934255868873,9.609934255868874
6895,6246,215.0,-41.025,175.875,11.06575901748738,9.775759017487381
6896,6249,291.0,-41.025,175.925,11.27981390572404,9.53381390572404
6897,6675,206.0,-41.075,175.825,11.08513049662588,9.849130496625879
6898,6676,233.0,-41.075,175.875,11.062649764193338,9.664649764193339
6899,6677,322.0,-41.075,175.925,11.258785552070094,9.326785552070094
6900,6923,302.0,-41.175,175.825,11.232600395079317,9.420600395079317
6901,6924,306.0,-41.175,175.875,11.277262779425655,9.441262779425655
6902,6925,322.0,-41.175,175.925,11.439113099663246,9.507113099663245
6903,6250,210.0,-41.125,175.975,11.649135136617588,10.389135136617588
6904,6261,20.0,-41.125,176.025,12.057240864416599,11.9372408644166
6905,6265,287.0,-41.025,175.975,11.675311574738771,9.953311574738771
6906,6371,178.0,-41.025,176.025,12.162420289189413,11.094420289189413
6907,6456,84.0,-41.025,176.075,12.691612988794077,12.187612988794077
6908,6678,278.0,-41.075,175.975,11.627327793243694,9.959327793243695
6909,6679,105.0,-41.075,176.025,12.086023479761025,11.456023479761024
6910,6680,22.0,-41.075,176.075,12.584429884627298,12.452429884627298
6911,6926,61.0,-41.175,175.975,11.712612292431913,11.346612292431914
6912,6576,46.0,-40.975,172.125,15.024460921229263,14.748460921229263
6913,6598,202.0,-40.975,172.175,15.10370720932724,13.89170720932724
6914,6834,381.0,-40.925,172.125,15.099743121770189,12.81374312177019
6915,6835,107.0,-40.925,172.175,15.179595046171016,14.537595046171017
6916,7001,761.0,-40.875,172.175,15.256049991392842,10.690049991392844
6917,6614,820.0,-40.975,172.225,15.181519908435973,10.261519908435975
6918,6620,571.0,-40.975,172.275,15.258518826146826,11.832518826146826
6919,6626,925.0,-40.975,172.325,15.335547851524382,9.785547851524381
6920,6632,904.0,-40.975,172.375,15.413568359775638,9.989568359775639
6921,6836,77.0,-40.925,172.225,15.257996218535652,14.795996218535652
6922,6837,802.0,-40.925,172.275,15.335354335966372,10.523354335966372
6923,6838,778.0,-40.925,172.325,15.412228119055698,10.744228119055698
6924,6839,1038.0,-40.925,172.375,15.489254119881053,9.261254119881052
6925,7002,782.0,-40.875,172.225,15.334701338461969,10.642701338461968
6926,7003,792.0,-40.875,172.275,15.41208228694643,10.66008228694643
6927,7004,732.0,-40.875,172.325,15.488543531279447,11.096543531279448
6928,7005,718.0,-40.875,172.375,15.56448650361591,11.25648650361591
6929,6638,908.0,-40.975,172.425,15.493557445847955,10.045557445847955
6930,6686,442.0,-40.975,172.475,15.576434265039182,12.924434265039183
6931,6690,1140.0,-40.975,172.525,15.663023187530257,8.823023187530257
6932,6840,347.0,-40.925,172.425,15.567070380631009,13.485070380631008
6933,6841,557.0,-40.925,172.475,15.646254756889874,12.304254756889874
6934,6842,900.0,-40.925,172.525,15.7272905995045,10.3272905995045
6935,7006,781.0,-40.875,172.425,15.640308877398184,10.954308877398184
6936,7007,162.0,-40.875,172.475,15.716359877016828,14.744359877016828
6937,7008,571.0,-40.875,172.525,15.792918419519083,12.366918419519083
6938,6695,1174.0,-40.975,172.575,15.754063866227227,8.710063866227227
6939,6787,1617.0,-40.975,172.625,15.850296527152011,6.148296527152011
6940,6789,1166.0,-40.975,172.675,15.952686498177854,8.956686498177856
6941,6791,314.0,-40.975,172.725,16.0628785715179,14.178878571517899
6942,6843,1327.0,-40.925,172.575,15.810575240174103,7.848575240174103
6943,6844,882.0,-40.925,172.625,15.896504397849355,10.604504397849356
6944,6845,335.0,-40.925,172.675,15.985716352108625,13.975716352108625
6945,6846,1028.0,-40.925,172.725,16.079739910743683,9.911739910743684
6946,7009,1167.0,-40.875,172.575,15.87021105019221,8.868211050192212
6947,7010,1324.0,-40.875,172.625,15.948501070669408,8.00450107066941
6948,7011,580.0,-40.875,172.675,16.02831987841455,12.54831987841455
6949,7012,295.0,-40.875,172.725,16.111035491401253,14.341035491401254
6950,6793,494.0,-40.975,172.775,16.183622955556586,13.219622955556586
6951,6795,58.0,-40.975,172.825,16.3165880268254,15.9685880268254
6952,6797,838.0,-40.975,172.875,16.455183828709607,11.427183828709607
6953,6847,81.0,-40.925,172.775,16.182874545095842,15.696874545095842
6954,6848,39.0,-40.925,172.825,16.304325279626312,16.07032527962631
6955,6849,861.0,-40.925,172.875,16.43881648506931,11.27281648506931
6956,7013,39.0,-40.875,172.775,16.20054775640574,15.96654775640574
6957,7014,42.0,-40.875,172.825,16.3121855497933,16.0601855497933
6958,7015,581.0,-40.875,172.875,16.442018170592632,12.956018170592632
6959,6799,914.0,-40.975,172.925,16.58473296298098,11.10073296298098
6960,6801,259.0,-40.975,172.975,16.6907461041763,15.136746104176298
6961,6803,286.0,-40.975,173.025,16.762843098001554,15.046843098001554
6962,6850,841.0,-40.925,172.925,16.56601531343233,11.520015313432332
6963,6851,569.0,-40.925,172.975,16.671851273410766,13.257851273410767
6964,6852,202.0,-40.925,173.025,16.747849686231348,15.535849686231348
6965,7016,612.0,-40.875,172.925,16.564781795592808,12.892781795592807
6966,7017,488.0,-40.875,172.975,16.66838864007991,13.74038864007991
6967,7018,202.0,-40.875,173.025,16.7457289665889,15.5337289665889
6968,6805,363.0,-40.975,173.825,16.206046709246493,14.028046709246492
6969,6853,0.0,-40.925,173.825,16.1933882491511,16.1933882491511
6970,7019,124.0,-40.875,173.825,16.162692702506092,15.418692702506092
6971,7020,62.0,-40.875,173.875,16.09744424931091,15.725444249310911
6972,6807,20.0,-40.975,174.975,12.654227645653918,12.53422764565392
6973,6809,309.0,-40.975,175.025,12.214462304953031,10.360462304953032
6974,6854,266.0,-40.925,175.025,12.552039000255718,10.956039000255718
6975,7021,14.0,-40.875,175.025,12.859906540356405,12.775906540356406
6976,6811,413.0,-40.975,175.075,11.735400741203193,9.257400741203194
6977,6813,362.0,-40.975,175.125,11.279168904005019,9.107168904005018
6978,6814,599.0,-40.975,175.175,10.922179799137666,7.328179799137667
6979,6815,806.0,-40.975,175.225,10.730494934488888,5.894494934488888
6980,6855,163.0,-40.925,175.075,12.07569203232788,11.09769203232788
6981,6856,247.0,-40.925,175.125,11.635099995769451,10.153099995769452
6982,6857,696.0,-40.925,175.175,11.28725836600006,7.11125836600006
6983,6858,496.0,-40.925,175.225,11.071057841340007,8.095057841340008
6984,7022,72.0,-40.875,175.075,12.421340161215085,11.989340161215084
6985,7023,221.0,-40.875,175.125,12.012464741468193,10.686464741468193
6986,7024,533.0,-40.875,175.175,11.678591974840401,8.4805919748404
6987,7025,189.0,-40.875,175.225,11.446595907608753,10.312595907608753
6988,6816,1037.0,-40.975,175.275,10.705312441301885,4.483312441301885
6989,6817,774.0,-40.975,175.325,10.799782149795647,6.155782149795646
6990,6818,480.0,-40.975,175.375,10.973038917981285,8.093038917981286
6991,6859,796.0,-40.925,175.275,10.991095650456373,6.215095650456373
6992,6860,742.0,-40.925,175.325,11.023468031546145,6.571468031546145
6993,6861,460.0,-40.925,175.375,11.137210722188229,8.377210722188229
6994,7026,443.0,-40.875,175.275,11.321508337997784,8.663508337997785
6995,7027,671.0,-40.875,175.325,11.289927860432726,7.263927860432727
6996,7028,563.0,-40.875,175.375,11.32957826076381,7.95157826076381
6997,6819,298.0,-40.975,175.425,11.198885027795768,9.410885027795768
6998,6820,318.0,-40.975,175.475,11.453941956500785,9.545941956500785
6999,6821,127.0,-40.975,175.525,11.708626579596967,10.946626579596966
7000,6822,120.0,-40.975,175.575,11.917174849460935,11.197174849460934
7001,6862,640.0,-40.925,175.425,11.304848086920629,7.464848086920629
7002,6863,246.0,-40.925,175.475,11.500439959987034,10.024439959987035
7003,6864,282.0,-40.925,175.525,11.693002742419594,10.001002742419594
7004,6865,181.0,-40.925,175.575,11.834869914103365,10.748869914103365
7005,7029,1131.0,-40.875,175.425,11.416108966200227,4.630108966200226
7006,7030,779.0,-40.875,175.475,11.524068643203464,6.850068643203464
7007,7031,502.0,-40.875,175.525,11.62439262896305,8.61239262896305
7008,7032,213.0,-40.875,175.575,11.681919379125247,10.403919379125247
7009,6823,111.0,-40.975,175.625,11.966240006194312,11.300240006194311
7010,6824,95.0,-40.975,175.675,11.786273716901178,11.216273716901178
7011,6825,106.0,-40.975,175.725,11.548246496983666,10.912246496983666
7012,6826,172.0,-40.975,175.775,11.331381601282374,10.299381601282374
7013,6866,131.0,-40.925,175.625,11.849686625183494,11.063686625183495
7014,6867,136.0,-40.925,175.675,11.717972616072984,10.901972616072984
7015,6868,138.0,-40.925,175.725,11.532047429137947,10.704047429137947
7016,6869,185.0,-40.925,175.775,11.372437400339095,10.262437400339095
7017,7033,167.0,-40.875,175.625,11.664228953076417,10.662228953076417
7018,7034,156.0,-40.875,175.675,11.574707760786168,10.638707760786168
7019,7035,292.0,-40.875,175.725,11.460813787241477,9.708813787241477
7020,7036,175.0,-40.875,175.775,11.377160152176202,10.327160152176202
7021,6827,200.0,-40.975,175.825,11.194766010215972,9.994766010215972
7022,6828,204.0,-40.975,175.875,11.203153824899346,9.979153824899345
7023,6829,268.0,-40.975,175.925,11.410839775677687,9.802839775677686
7024,6872,129.0,-40.925,175.825,11.296381355095946,10.522381355095945
7025,6873,187.0,-40.925,175.875,11.35174033650992,10.22974033650992
7026,6874,186.0,-40.925,175.925,11.566081838907394,10.450081838907394
7027,7037,274.0,-40.875,175.825,11.368551603301057,9.724551603301057
7028,7038,174.0,-40.875,175.875,11.469020652458767,10.425020652458766
7029,7039,320.0,-40.875,175.925,11.695615915199596,9.775615915199596
7030,6830,233.0,-40.975,175.975,11.790224003687854,10.392224003687854
7031,6831,80.0,-40.975,176.025,12.27529790790868,11.79529790790868
7032,6832,207.0,-40.975,176.075,12.813579719105292,11.571579719105292
7033,6833,98.0,-40.975,176.125,13.360597420386512,12.772597420386512
7034,6875,175.0,-40.925,175.975,11.92662986636833,10.87662986636833
7035,6876,89.0,-40.925,176.025,12.392654831278378,11.858654831278377
7036,6877,49.0,-40.925,176.075,12.919518191572024,12.625518191572024
7037,6878,272.0,-40.925,176.125,13.464791724419229,11.832791724419229
7038,7040,292.0,-40.875,175.975,12.041675261092223,10.289675261092222
7039,7041,121.0,-40.875,176.025,12.481112276597742,11.755112276597742
7040,7044,39.0,-40.875,176.075,12.97882970705632,12.74482970705632
7041,7045,82.0,-40.875,176.125,13.496150426300119,13.00415042630012
7042,6879,85.0,-40.925,176.175,13.983035260867837,13.473035260867837
7043,7046,143.0,-40.875,176.175,13.988369094880454,13.130369094880454
7044,7047,2.0,-40.875,176.225,14.388337481917915,14.376337481917915
7045,7048,292.0,-40.825,172.175,15.333578488198953,13.581578488198952
7046,7049,688.0,-40.825,172.225,15.412346943183024,11.284346943183024
7047,7050,592.0,-40.825,172.275,15.489665237974265,11.937665237974265
7048,7051,729.0,-40.825,172.325,15.56574635561131,11.191746355611311
7049,7056,453.0,-40.825,172.375,15.640843352546426,12.922843352546426
7050,7093,131.0,-40.775,172.275,15.56878331309278,14.78278331309278
7051,7094,85.0,-40.775,172.325,15.644691586666795,15.134691586666795
7052,7095,140.0,-40.775,172.375,15.719350931356587,14.879350931356587
7053,7324,86.0,-40.725,172.375,15.800492613110862,15.284492613110862
7054,7057,514.0,-40.825,172.425,15.715215857654073,12.631215857654073
7055,7058,160.0,-40.825,172.475,15.789107449562778,14.829107449562777
7056,7059,239.0,-40.825,172.525,15.8627481179077,14.4287481179077
7057,7096,844.0,-40.775,172.425,15.792967275528042,10.728967275528042
7058,7097,364.0,-40.775,172.475,15.865774921806747,13.681774921806745
7059,7098,355.0,-40.775,172.525,15.938064203430258,13.80806420343026
7060,7329,256.0,-40.725,172.425,15.874007758315088,14.338007758315088
7061,7337,183.0,-40.725,172.475,15.94665212078553,14.848652120785529
7062,7436,657.0,-40.725,172.525,16.01880870325499,12.07680870325499
7063,7614,192.0,-40.675,172.425,15.95820519484596,14.80620519484596
7064,7615,152.0,-40.675,172.475,16.03131309638991,15.11931309638991
7065,7616,389.0,-40.675,172.525,16.10406844903821,13.77006844903821
7066,7060,522.0,-40.825,172.575,15.936403122605782,12.804403122605782
7067,7061,624.0,-40.825,172.625,16.010508440139233,12.266508440139233
7068,7062,981.0,-40.825,172.675,16.085983138088864,10.199983138088864
7069,7063,342.0,-40.825,172.725,16.164952366462217,14.112952366462217
7070,7099,59.0,-40.775,172.575,16.01025870852709,15.65625870852709
7071,7100,294.0,-40.775,172.625,16.083076962383416,14.319076962383416
7072,7101,415.0,-40.775,172.675,16.15783116395687,13.66783116395687
7073,7102,60.0,-40.775,172.725,16.236884650288857,15.876884650288858
7074,7447,86.0,-40.725,172.575,16.09104812237615,15.57504812237615
7075,7449,32.0,-40.725,172.625,16.164254589539723,15.972254589539723
7076,7451,15.0,-40.725,172.675,16.23978162093863,16.14978162093863
7077,7617,459.0,-40.675,172.575,16.17710347313323,13.42310347313323
7078,7618,95.0,-40.675,172.625,16.251293680327535,15.681293680327535
7079,7064,44.0,-40.825,172.775,16.252407675074096,15.988407675074097
7080,7065,231.0,-40.825,172.925,16.585985937085184,15.199985937085184
7081,7066,300.0,-40.825,172.975,16.683693349114833,14.883693349114832
7082,7067,157.0,-40.825,173.825,16.120636087860248,15.178636087860248
7083,7068,164.0,-40.825,173.875,16.043439565045446,15.059439565045446
7084,7069,20.0,-40.825,175.075,12.737096737322645,12.617096737322646
7085,7070,119.0,-40.825,175.125,12.372328258320522,11.658328258320521
7086,7071,282.0,-40.825,175.175,12.060338665674408,10.368338665674408
7087,7072,323.0,-40.825,175.225,11.821954703656957,9.883954703656956
7088,7103,17.0,-40.775,175.125,12.70167266112594,12.59967266112594
7089,7104,32.0,-40.775,175.175,12.41649299546907,12.22449299546907
7090,7105,203.0,-40.775,175.225,12.180127510793682,10.962127510793682
7091,7453,19.0,-40.725,175.175,12.741008103281274,12.627008103281273
7092,7455,93.0,-40.725,175.225,12.513583889737674,11.955583889737674
7093,7619,20.0,-40.675,175.175,13.030336838220137,12.910336838220138
7094,7620,21.0,-40.675,175.225,12.8166411003358,12.690641100335801
7095,7073,669.0,-40.825,175.275,11.661819871405442,7.647819871405441
7096,7074,705.0,-40.825,175.325,11.57172628617991,7.34172628617991
7097,7075,746.0,-40.825,175.375,11.536009245520745,7.060009245520745
7098,7106,642.0,-40.775,175.275,11.995235031592529,8.143235031592528
7099,7108,711.0,-40.775,175.325,11.855980950257617,7.589980950257617
7100,7112,858.0,-40.775,175.375,11.752445655053634,6.604445655053635
7101,7459,426.0,-40.725,175.275,12.314215405724553,9.758215405724554
7102,7460,669.0,-40.725,175.325,12.136875503046667,8.122875503046668
7103,7463,800.0,-40.725,175.375,11.978260298184068,7.178260298184068
7104,7621,58.0,-40.675,175.275,12.613080015840296,12.265080015840296
7105,7622,146.0,-40.675,175.325,12.40860614804069,11.53260614804069
7106,7623,286.0,-40.675,175.375,12.210817186154145,10.494817186154146
7107,7076,1025.0,-40.825,175.425,11.53533727787817,5.385337277878171
7108,7077,565.0,-40.825,175.475,11.5482542362206,8.1582542362206
7109,7078,589.0,-40.825,175.525,11.552581174953048,8.018581174953049
7110,7079,400.0,-40.825,175.575,11.530171959239397,9.130171959239396
7111,7115,1134.0,-40.775,175.425,11.671526157560038,4.867526157560039
7112,7122,827.0,-40.775,175.475,11.59763715702411,6.63563715702411
7113,7131,555.0,-40.775,175.525,11.516057308518157,8.186057308518157
7114,7140,399.0,-40.775,175.575,11.420453873181941,9.026453873181941
7115,7469,930.0,-40.725,175.425,11.832473748556367,6.252473748556367
7116,7473,834.0,-40.725,175.475,11.690157656063093,6.686157656063093
7117,7476,448.0,-40.725,175.525,11.54317823260044,8.855178232600439
7118,7481,618.0,-40.725,175.575,11.391639403333102,7.6836394033331015
7119,7624,994.0,-40.675,175.425,12.019990786834569,6.0559907868345695
7120,7625,543.0,-40.675,175.475,11.832228617815417,8.574228617815418
7121,7626,749.0,-40.675,175.525,11.64600876959048,7.152008769590481
7122,7627,471.0,-40.675,175.575,11.468910619114013,8.642910619114012
7123,7080,220.0,-40.825,175.625,11.478004105333639,10.158004105333639
7124,7081,228.0,-40.825,175.675,11.414555517948429,10.046555517948429
7125,7082,347.0,-40.825,175.725,11.365235781066076,9.283235781066075
7126,7083,185.0,-40.825,175.775,11.354253979645364,10.244253979645364
7127,7149,376.0,-40.775,175.625,11.32735840172063,9.07135840172063
7128,7158,285.0,-40.775,175.675,11.278706383926874,9.568706383926873
7129,7167,509.0,-40.775,175.725,11.281662764301473,8.227662764301472
7130,7262,280.0,-40.775,175.775,11.32776735257221,9.64776735257221
7131,7488,334.0,-40.725,175.625,11.256425325795135,9.252425325795135
7132,7578,321.0,-40.725,175.675,11.214753100158305,9.288753100158305
7133,7582,240.0,-40.725,175.725,11.248529069142023,9.808529069142024
7134,7588,319.0,-40.725,175.775,11.324774551480004,9.410774551480005
7135,7628,420.0,-40.675,175.625,11.328300185886746,8.808300185886747
7136,7629,255.0,-40.675,175.675,11.269938379869473,9.739938379869473
7137,7630,375.0,-40.675,175.725,11.290108061664796,9.040108061664796
7138,7631,254.0,-40.675,175.775,11.362454364170844,9.838454364170843
7139,7084,260.0,-40.825,175.825,11.40722436877877,9.84722436877877
7140,7085,224.0,-40.825,175.875,11.546499565705744,10.202499565705745
7141,7086,194.0,-40.825,175.925,11.78368311455688,10.61968311455688
7142,7275,344.0,-40.775,175.825,11.426619982254124,9.362619982254124
7143,7289,391.0,-40.775,175.875,11.592159759226888,9.246159759226888
7144,7293,356.0,-40.775,175.925,11.832385102517037,9.696385102517038
7145,7594,224.0,-40.725,175.825,11.446046757725526,10.102046757725526
7146,7600,160.0,-40.725,175.875,11.620293973573098,10.660293973573097
7147,7606,283.0,-40.725,175.925,11.852220501156353,10.154220501156352
7148,7632,257.0,-40.675,175.825,11.48006477134959,9.93806477134959
7149,7633,205.0,-40.675,175.875,11.644076454187598,10.414076454187597
7150,7634,283.0,-40.675,175.925,11.855331277522055,10.157331277522054
7151,7087,257.0,-40.825,175.975,12.115046403876931,10.573046403876932
7152,7088,219.0,-40.825,176.025,12.522519479641232,11.208519479641232
7153,7089,60.0,-40.825,176.075,12.977993710449482,12.617993710449483
7154,7090,271.0,-40.825,176.125,13.446197334114004,11.820197334114004
7155,7299,284.0,-40.775,175.975,12.14481034958726,10.44081034958726
7156,7302,243.0,-40.775,176.025,12.515921922292364,11.057921922292364
7157,7304,234.0,-40.775,176.075,12.922867578306978,11.518867578306978
7158,7306,181.0,-40.775,176.125,13.335345082637104,12.249345082637104
7159,7607,302.0,-40.725,175.975,12.139339290225507,10.327339290225508
7160,7608,346.0,-40.725,176.025,12.47084495695799,10.39484495695799
7161,7609,270.0,-40.725,176.075,12.828274506249727,11.208274506249726
7162,7610,180.0,-40.725,176.125,13.187176718340197,12.107176718340197
7163,7635,267.0,-40.675,175.975,12.110397978773562,10.508397978773562
7164,7636,257.0,-40.675,176.025,12.400060981562092,10.858060981562092
7165,7637,262.0,-40.675,176.075,12.709454598112643,11.137454598112644
7166,7638,260.0,-40.675,176.125,13.019433948713868,11.459433948713867
7167,7091,259.0,-40.825,176.175,13.883673295867084,12.329673295867083
7168,7092,57.0,-40.825,176.225,14.238054655554151,13.89605465555415
7169,7311,199.0,-40.775,176.175,13.717388398380535,12.523388398380536
7170,7320,60.0,-40.775,176.225,14.03297592499348,13.67297592499348
7171,7611,174.0,-40.725,176.175,13.519982726011222,12.475982726011221
7172,7612,302.0,-40.725,176.225,13.801405818466264,11.989405818466265
7173,7613,67.0,-40.725,176.275,14.016079739759789,13.61407973975979
7174,7639,298.0,-40.675,176.175,13.309184637554608,11.521184637554608
7175,7640,334.0,-40.675,176.225,13.560144301042328,11.556144301042329
7176,7641,140.0,-40.675,176.275,13.760273689633323,12.920273689633323
7177,7642,164.0,-40.675,176.325,13.906283490251553,12.922283490251553
7178,7137,81.0,-40.575,172.675,16.510074210312496,16.024074210312495
7179,7643,265.0,-40.625,172.575,16.266549959236727,14.676549959236727
7180,7644,366.0,-40.625,172.625,16.341634323258063,14.145634323258063
7181,7645,23.0,-40.625,172.675,16.418633485354917,16.280633485354915
7182,7667,77.0,-40.525,172.675,16.60051760459669,16.13851760459669
7183,7670,57.0,-40.525,172.725,16.67699626171111,16.33499626171111
7184,7146,20.0,-40.575,175.225,13.305112325911523,13.185112325911524
7185,7646,20.0,-40.625,175.225,13.080207550163323,12.960207550163323
7186,7672,12.0,-40.525,175.225,13.501420845392204,13.429420845392205
7187,7155,20.0,-40.575,175.275,13.106041721869587,12.986041721869588
7188,7164,24.0,-40.575,175.325,12.894340564178492,12.750340564178492
7189,7281,38.0,-40.575,175.375,12.674109214021883,12.446109214021883
7190,7647,30.0,-40.625,175.275,12.877142351689145,12.697142351689145
7191,7648,53.0,-40.625,175.325,12.661831760930909,12.34383176093091
7192,7649,264.0,-40.625,175.375,12.444384013512718,10.860384013512718
7193,7673,18.0,-40.525,175.275,13.313180667779761,13.20518066777976
7194,7677,3.0,-40.525,175.325,13.11104608969481,13.093046089694809
7195,7682,4.0,-40.525,175.375,12.89716831914211,12.873168319142112
7196,7283,106.0,-40.575,175.425,12.450996389279226,11.814996389279226
7197,7286,312.0,-40.575,175.475,12.230150352935652,10.358150352935652
7198,7297,455.0,-40.575,175.525,12.018943914114061,9.28894391411406
7199,7308,482.0,-40.575,175.575,11.82932233012798,8.93732233012798
7200,7650,261.0,-40.625,175.425,12.229069257502488,10.663069257502489
7201,7651,463.0,-40.625,175.475,12.017100490125813,9.239100490125812
7202,7652,697.0,-40.625,175.525,11.812565760591042,7.630565760591042
7203,7653,470.0,-40.625,175.575,11.627271329340601,8.807271329340601
7204,7687,9.0,-40.525,175.425,12.676538850095767,12.622538850095767
7205,7692,40.0,-40.525,175.475,12.455756822105286,12.215756822105286
7206,7697,455.0,-40.525,175.525,12.243305840086578,9.513305840086577
7207,7702,522.0,-40.525,175.575,12.049771367296671,8.917771367296671
7208,7315,259.0,-40.575,175.625,11.677372080778696,10.123372080778696
7209,7327,199.0,-40.575,175.675,11.577407910467628,10.383407910467628
7210,7335,205.0,-40.575,175.725,11.534389838493098,10.304389838493098
7211,7343,286.0,-40.575,175.775,11.544791230483497,9.828791230483498
7212,7654,241.0,-40.625,175.625,11.48359177450493,10.03759177450493
7213,7655,255.0,-40.625,175.675,11.404891997257891,9.874891997257892
7214,7656,220.0,-40.625,175.725,11.39421858687001,10.07421858687001
7215,7657,174.0,-40.625,175.775,11.43992349551445,10.395923495514449
7216,7707,515.0,-40.525,175.625,11.886868013172716,8.796868013172716
7217,7712,161.0,-40.525,175.675,11.764979616565597,10.798979616565598
7218,7717,199.0,-40.525,175.725,11.690175467545032,10.496175467545033
7219,7722,160.0,-40.525,175.775,11.66337532419493,10.70337532419493
7220,7437,224.0,-40.575,175.825,11.60312993576099,10.25912993576099
7221,7442,299.0,-40.575,175.875,11.70502351283858,9.911023512838579
7222,7465,304.0,-40.575,175.925,11.846512846385394,10.022512846385395
7223,7658,209.0,-40.625,175.825,11.533505912830606,10.279505912830606
7224,7659,121.0,-40.625,175.875,11.671492911002133,10.945492911002134
7225,7660,282.0,-40.625,175.925,11.85143893855593,10.15943893855593
7226,7781,181.0,-40.525,175.825,11.682317938595588,10.596317938595588
7227,7783,135.0,-40.525,175.875,11.743614558626632,10.933614558626632
7228,7785,284.0,-40.525,175.925,11.843354391390221,10.13935439139022
7229,7470,514.0,-40.575,175.975,12.022508432145514,8.938508432145515
7230,7483,570.0,-40.575,176.025,12.225716458680381,8.805716458680381
7231,7490,330.0,-40.575,176.075,12.446356520925292,10.466356520925292
7232,7574,241.0,-40.575,176.125,12.67266718690098,11.22666718690098
7233,7661,280.0,-40.625,175.975,12.068782823193033,10.388782823193033
7234,7662,272.0,-40.625,176.025,12.315312745657138,10.683312745657139
7235,7663,270.0,-40.625,176.075,12.57898291472884,10.95898291472884
7236,7664,289.0,-40.625,176.125,12.844845135765354,11.110845135765354
7237,7786,393.0,-40.525,175.975,11.976764762858693,9.618764762858692
7238,7788,295.0,-40.525,176.025,12.137709134638499,10.367709134638499
7239,7791,693.0,-40.525,176.075,12.318432238352216,8.160432238352216
7240,7793,244.0,-40.525,176.125,12.509704045343824,11.045704045343824
7241,7054,230.0,-40.625,176.175,13.096955831214018,11.716955831214019
7242,7111,107.0,-40.625,176.225,13.3209911589679,12.6789911589679
7243,7114,79.0,-40.625,176.275,13.506827284953943,13.032827284953942
7244,7579,163.0,-40.575,176.175,12.892105514527884,11.914105514527884
7245,7583,85.0,-40.575,176.225,13.093008417534293,12.583008417534293
7246,7589,204.0,-40.575,176.275,13.266257832601696,12.042257832601695
7247,7795,175.0,-40.525,176.175,12.70140928883393,11.651409288833928
7248,7797,215.0,-40.525,176.225,12.8835240138269,11.593524013826901
7249,7800,96.0,-40.525,176.275,13.047255191342174,12.471255191342173
7250,7120,164.0,-40.625,176.325,13.649985305087739,12.66598530508774
7251,7128,41.0,-40.625,176.375,13.75135938717358,13.505359387173579
7252,7595,280.0,-40.575,176.325,13.406393038907936,11.726393038907936
7253,7601,210.0,-40.575,176.375,13.511871594890636,12.251871594890636
7254,7665,156.0,-40.575,176.425,13.584640997104543,12.648640997104543
7255,7802,44.0,-40.525,176.325,13.186023849101275,12.922023849101276
7256,7804,49.0,-40.525,176.375,13.296083209353128,13.002083209353128
7257,7806,91.0,-40.525,176.425,13.376788037925053,12.830788037925053
7258,7809,270.0,-40.525,176.475,13.43063979757244,11.810639797572438
7259,7813,10.0,-40.475,175.225,13.673122543380032,13.613122543380031
7260,7860,9.0,-40.425,175.225,13.819699737924566,13.765699737924566
7261,7340,9.0,-40.375,175.275,13.80612344205747,13.752123442057469
7262,7439,29.0,-40.375,175.325,13.654665009504242,13.480665009504243
7263,7444,40.0,-40.375,175.375,13.480742172126156,13.240742172126156
7264,7807,9.0,-40.325,175.275,13.913271800370694,13.859271800370694
7265,7810,30.0,-40.325,175.325,13.783209038330824,13.603209038330824
7266,7814,28.0,-40.325,175.375,13.625009485865121,13.457009485865122
7267,7817,10.0,-40.475,175.275,13.500615658943389,13.440615658943388
7268,7821,20.0,-40.475,175.325,13.31248686373192,13.19248686373192
7269,7825,11.0,-40.475,175.375,13.109809393326941,13.04380939332694
7270,7861,10.0,-40.425,175.275,13.666397418443466,13.606397418443466
7271,7862,27.0,-40.425,175.325,13.495454549065016,13.333454549065015
7272,7863,30.0,-40.425,175.375,13.306538327803537,13.126538327803537
7273,7462,20.0,-40.375,175.425,13.286016332366216,13.166016332366217
7274,7466,10.0,-40.375,175.475,13.077634307755943,13.017634307755943
7275,7480,15.0,-40.375,175.525,12.865871152409909,12.77587115240991
7276,7487,22.0,-40.375,175.575,12.660194778904497,12.528194778904497
7277,7818,18.0,-40.325,175.425,13.437671344682713,13.329671344682712
7278,7822,19.0,-40.325,175.475,13.229754605959897,13.115754605959896
7279,7826,18.0,-40.325,175.525,13.014009604608873,12.906009604608872
7280,7829,10.0,-40.475,175.425,12.89675383121903,12.83675383121903
7281,7830,24.0,-40.325,175.575,12.800668306848365,12.656668306848365
7282,7833,10.0,-40.475,175.475,12.680130920556167,12.620130920556166
7283,7837,47.0,-40.475,175.525,12.468579711598068,12.186579711598068
7284,7838,377.0,-40.475,175.575,12.271226807073617,10.009226807073617
7285,7864,12.0,-40.425,175.425,13.102819123448626,13.030819123448627
7286,7865,10.0,-40.425,175.475,12.891120753601172,12.831120753601171
7287,7866,14.0,-40.425,175.525,12.68050696636692,12.59650696636692
7288,7867,49.0,-40.425,175.575,12.479610162089557,12.185610162089556
7289,7573,37.0,-40.375,175.625,12.463853320883572,12.241853320883573
7290,7587,99.0,-40.375,175.675,12.280949071237956,11.686949071237956
7291,7593,337.0,-40.375,175.725,12.125747686648992,10.103747686648992
7292,7599,354.0,-40.375,175.775,12.004146507064434,9.880146507064433
7293,7834,43.0,-40.325,175.625,12.59506446523983,12.33706446523983
7294,7839,403.0,-40.475,175.625,12.096460915437092,9.678460915437093
7295,7840,471.0,-40.475,175.675,11.952621973464375,9.126621973464374
7296,7841,177.0,-40.475,175.725,11.847361971157625,10.785361971157625
7297,7842,171.0,-40.475,175.775,11.784583615549309,10.758583615549309
7298,7868,94.0,-40.425,175.625,12.293419438769888,11.729419438769888
7299,7869,241.0,-40.425,175.675,12.12832747263974,10.68232747263974
7300,7870,353.0,-40.425,175.725,11.99529387197208,9.87729387197208
7301,7871,173.0,-40.425,175.775,11.900099827019403,10.862099827019403
7302,7920,52.0,-40.325,175.675,12.40302092103866,12.09102092103866
7303,7925,49.0,-40.325,175.725,12.233841186818609,11.939841186818608
7304,7927,250.0,-40.325,175.775,12.093654835722646,10.593654835722646
7305,7043,158.0,-40.425,175.825,11.844191871933617,10.896191871933617
7306,7121,95.0,-40.425,175.875,11.826721723005903,11.256721723005903
7307,7130,121.0,-40.425,175.925,11.845726066473162,11.119726066473163
7308,7605,75.0,-40.375,175.825,11.91822484740851,11.46822484740851
7309,7671,79.0,-40.375,175.875,11.868030712767904,11.394030712767904
7310,7674,215.0,-40.375,175.925,11.852676026765494,10.562676026765494
7311,7843,136.0,-40.475,175.825,11.764426792256927,10.948426792256926
7312,7844,140.0,-40.475,175.875,11.784897434137747,10.944897434137747
7313,7845,168.0,-40.475,175.925,11.842938020694874,10.834938020694874
7314,7929,138.0,-40.325,175.825,11.985186103328033,11.157186103328034
7315,7930,101.0,-40.325,175.875,11.909248614617354,11.303248614617354
7316,7932,117.0,-40.325,175.925,11.865868555432826,11.163868555432826
7317,7139,225.0,-40.425,175.975,11.898737906615224,10.548737906615225
7318,7148,336.0,-40.425,176.025,11.982969991504888,9.966969991504888
7319,7157,688.0,-40.425,176.075,12.095078771144472,7.967078771144472
7320,7166,464.0,-40.425,176.125,12.23051126648943,9.44651126648943
7321,7678,146.0,-40.375,175.975,11.871114583597773,10.995114583597774
7322,7683,266.0,-40.375,176.025,11.9226065495709,10.3266065495709
7323,7688,379.0,-40.375,176.075,12.006599481012472,9.732599481012471
7324,7693,425.0,-40.375,176.125,12.12152630553146,9.57152630553146
7325,7846,509.0,-40.475,175.975,11.93474841816169,8.880748418161689
7326,7847,454.0,-40.475,176.025,12.055701053551275,9.331701053551274
7327,7848,352.0,-40.475,176.075,12.200109707227966,10.088109707227966
7328,7849,423.0,-40.475,176.125,12.361016587974518,9.823016587974518
7329,7933,143.0,-40.325,175.975,11.855224668560368,10.997224668560367
7330,7935,122.0,-40.325,176.025,11.878508408578455,11.146508408578455
7331,7936,254.0,-40.325,176.075,11.938398822985619,10.414398822985618
7332,7938,413.0,-40.325,176.125,12.037566111705019,9.559566111705019
7333,7265,317.0,-40.425,176.175,12.382796536227943,10.480796536227944
7334,7278,140.0,-40.425,176.225,12.543477407898536,11.703477407898536
7335,7285,186.0,-40.425,176.275,12.702881074204925,11.586881074204925
7336,7698,575.0,-40.375,176.175,12.262864612457633,8.812864612457634
7337,7703,461.0,-40.375,176.225,12.42242525442498,9.65642525442498
7338,7708,160.0,-40.375,176.275,12.589524166050978,11.629524166050977
7339,7850,181.0,-40.475,176.175,12.530203802954475,11.444203802954474
7340,7851,180.0,-40.475,176.225,12.698634130224036,11.618634130224036
7341,7852,103.0,-40.475,176.275,12.85729576293761,12.23929576293761
7342,7940,231.0,-40.325,176.175,12.174043624695514,10.788043624695515
7343,7942,318.0,-40.325,176.225,12.33932468892408,10.43132468892408
7344,7944,246.0,-40.325,176.275,12.521545899257944,11.045545899257945
7345,7290,147.0,-40.425,176.325,12.851224554627606,11.969224554627607
7346,7294,248.0,-40.425,176.375,12.979716844251016,11.491716844251016
7347,7310,399.0,-40.425,176.425,13.081768597675364,10.687768597675364
7348,7318,102.0,-40.425,176.475,13.154439232544064,12.542439232544064
7349,7713,235.0,-40.375,176.325,12.752373264849666,11.342373264849666
7350,7718,363.0,-40.375,176.375,12.899137687533766,10.721137687533766
7351,7723,182.0,-40.375,176.425,13.019360574380698,11.927360574380698
7352,7799,200.0,-40.375,176.475,13.106076226080404,11.906076226080405
7353,7853,41.0,-40.475,176.325,12.998183968306876,12.752183968306875
7354,7854,121.0,-40.475,176.375,13.11520216249437,12.389202162494371
7355,7855,114.0,-40.475,176.425,13.20496820270455,12.52096820270455
7356,7856,277.0,-40.475,176.475,13.267573261717189,11.60557326171719
7357,7946,340.0,-40.325,176.325,12.707150355422527,10.667150355422528
7358,7948,317.0,-40.325,176.375,12.881100220594817,10.979100220594818
7359,7949,144.0,-40.325,176.425,13.028347913188554,12.164347913188553
7360,7950,108.0,-40.325,176.475,13.136809209272542,12.488809209272542
7361,7325,81.0,-40.425,176.525,13.200001444901318,12.714001444901317
7362,7332,117.0,-40.425,176.575,13.227123965981264,12.525123965981264
7363,7801,197.0,-40.375,176.525,13.15840509093141,11.97640509093141
7364,7803,114.0,-40.375,176.575,13.184360834279687,12.500360834279688
7365,7805,222.0,-40.375,176.625,13.203001924265664,11.871001924265663
7366,7857,128.0,-40.475,176.525,13.307185125177966,12.539185125177966
7367,7858,127.0,-40.475,176.575,13.332058805508495,12.570058805508495
7368,7859,185.0,-40.475,176.625,13.353122697778417,12.243122697778418
7369,7951,181.0,-40.325,176.525,13.200975206857038,12.114975206857038
7370,7952,131.0,-40.325,176.575,13.225798949570162,12.439798949570163
7371,7953,48.0,-40.325,176.625,13.232299324654377,12.944299324654377
7372,7132,20.0,-40.225,175.225,14.058227787888882,13.938227787888883
7373,7681,20.0,-40.175,175.225,13.9969236164643,13.876923616464302
7374,7890,4.0,-40.125,175.175,13.931248792926453,13.907248792926454
7375,7921,40.0,-40.125,175.225,13.882233339083086,13.642233339083086
7376,7954,9.0,-40.275,175.225,14.064759142490857,14.010759142490857
7377,7141,15.0,-40.225,175.275,13.990779516776911,13.900779516776911
7378,7150,25.0,-40.225,175.325,13.90562476543846,13.75562476543846
7379,7159,35.0,-40.225,175.375,13.783722508948358,13.573722508948357
7380,7686,44.0,-40.175,175.275,13.938507470224522,13.674507470224523
7381,7691,73.0,-40.175,175.325,13.863041951175546,13.425041951175546
7382,7696,54.0,-40.175,175.375,13.751341240651072,13.427341240651073
7383,7922,78.0,-40.125,175.275,13.823389237378251,13.355389237378251
7384,7923,120.0,-40.125,175.325,13.74582387314058,13.02582387314058
7385,7924,120.0,-40.125,175.375,13.636043338809941,12.91604333880994
7386,7955,6.0,-40.275,175.275,13.978795453622297,13.942795453622297
7387,7956,30.0,-40.275,175.325,13.871772303912167,13.691772303912167
7388,7957,31.0,-40.275,175.375,13.730448717462423,13.544448717462423
7389,7168,51.0,-40.225,175.425,13.602794663882833,13.296794663882833
7390,7263,118.0,-40.225,175.475,13.392093380860842,12.684093380860842
7391,7269,80.0,-40.225,175.525,13.1731104992773,12.6931104992773
7392,7272,75.0,-40.225,175.575,12.956555267587191,12.506555267587192
7393,7701,81.0,-40.175,175.425,13.581764085593932,13.095764085593931
7394,7706,113.0,-40.175,175.475,13.382335315397995,12.704335315397994
7395,7711,110.0,-40.175,175.525,13.174372348606084,12.514372348606084
7396,7716,160.0,-40.175,175.575,12.968643889174928,12.008643889174927
7397,7926,100.0,-40.125,175.425,13.486798639185508,12.886798639185509
7398,7928,121.0,-40.125,175.475,13.310398682689083,12.584398682689084
7399,7931,152.0,-40.125,175.525,13.123531558962895,12.211531558962896
7400,7934,180.0,-40.125,175.575,12.937557831927734,11.857557831927734
7401,7958,31.0,-40.275,175.425,13.548040756497358,13.362040756497358
7402,7959,60.0,-40.275,175.475,13.33812202496074,12.97812202496074
7403,7960,40.0,-40.275,175.525,13.11831305750502,12.87831305750502
7404,7961,47.0,-40.275,175.575,12.900027898733697,12.618027898733697
7405,7274,92.0,-40.225,175.625,12.749064648894091,12.197064648894091
7406,7291,133.0,-40.225,175.675,12.555731953022132,11.757731953022132
7407,7312,180.0,-40.225,175.725,12.38105034746286,11.30105034746286
7408,7321,99.0,-40.225,175.775,12.228613886171843,11.634613886171843
7409,7721,129.0,-40.175,175.625,12.77183250737653,11.997832507376529
7410,7780,160.0,-40.175,175.675,12.588635046297895,11.628635046297894
7411,7782,220.0,-40.175,175.725,12.42265273735029,11.10265273735029
7412,7784,262.0,-40.175,175.775,12.276639956388863,10.704639956388863
7413,7937,213.0,-40.125,175.625,12.759627247026856,11.481627247026855
7414,7939,201.0,-40.125,175.675,12.594376618907063,11.388376618907063
7415,7941,231.0,-40.125,175.725,12.444938295664087,11.058938295664088
7416,7943,280.0,-40.125,175.775,12.31352885557817,10.63352885557817
7417,7962,55.0,-40.275,175.625,12.690064083671587,12.360064083671586
7418,7963,108.0,-40.275,175.675,12.494195303208016,11.846195303208017
7419,7964,118.0,-40.275,175.725,12.318596785015416,11.610596785015415
7420,7965,81.0,-40.275,175.775,12.168122033799136,11.682122033799136
7421,7331,389.0,-40.225,175.825,12.100822837227042,9.766822837227043
7422,7339,848.0,-40.225,175.875,11.999146300040138,6.911146300040138
7423,7432,368.0,-40.225,175.925,11.924722010544883,9.716722010544883
7424,7787,155.0,-40.175,175.825,12.152617237414688,11.222617237414688
7425,7789,404.0,-40.175,175.875,12.052163608170304,9.628163608170304
7426,7792,1022.0,-40.175,175.925,11.976908241118053,5.844908241118053
7427,7945,218.0,-40.125,175.825,12.201886481081601,10.893886481081601
7428,7947,204.0,-40.125,175.875,12.11171921557252,10.88771921557252
7429,7966,396.0,-40.275,175.825,12.045545566401415,9.669545566401416
7430,7967,261.0,-40.275,175.875,11.952151030142431,10.386151030142432
7431,7968,228.0,-40.275,175.925,11.888611648012557,10.520611648012556
7432,7982,384.0,-40.125,175.925,12.04521308460835,9.741213084608349
7433,7434,253.0,-40.225,175.975,11.879114199300602,10.361114199300602
7434,7438,215.0,-40.225,176.025,11.865314769343513,10.575314769343514
7435,7445,201.0,-40.225,176.075,11.889617687833834,10.683617687833834
7436,7464,196.0,-40.225,176.125,11.968730124983722,10.792730124983722
7437,7794,465.0,-40.175,175.975,11.929188887185774,9.139188887185774
7438,7796,302.0,-40.175,176.025,11.913018653182007,10.101018653182008
7439,7812,281.0,-40.175,176.075,11.93608905677138,10.25008905677138
7440,7816,249.0,-40.175,176.125,12.014292332100013,10.520292332100013
7441,7969,188.0,-40.275,175.975,11.855920018162124,10.727920018162123
7442,7970,153.0,-40.275,176.025,11.856521676614193,10.938521676614194
7443,7971,202.0,-40.275,176.075,11.89599018227409,10.68399018227409
7444,7972,216.0,-40.275,176.125,11.983520369527469,10.68752036952747
7445,7983,993.0,-40.125,175.975,12.005635393978537,6.047635393978537
7446,7984,568.0,-40.125,176.025,11.998152218267023,8.590152218267024
7447,7985,452.0,-40.125,176.075,12.03089695077324,9.31889695077324
7448,7986,318.0,-40.125,176.125,12.114357792826013,10.206357792826013
7449,7468,219.0,-40.225,176.175,12.111942112712313,10.797942112712313
7450,7477,253.0,-40.225,176.225,12.301867934063011,10.78386793406301
7451,7482,275.0,-40.225,176.275,12.53041702819064,10.88041702819064
7452,7820,319.0,-40.175,176.175,12.156331043858245,10.242331043858245
7453,7824,357.0,-40.175,176.225,12.35356273980733,10.21156273980733
7454,7828,450.0,-40.175,176.275,12.605195455619196,9.905195455619197
7455,7973,325.0,-40.275,176.175,12.121084489909208,10.171084489909209
7456,7974,189.0,-40.275,176.225,12.297892739258259,11.163892739258259
7457,7975,344.0,-40.275,176.275,12.501685692433057,10.437685692433057
7458,7987,350.0,-40.125,176.175,12.254661194418532,10.154661194418532
7459,7988,317.0,-40.125,176.225,12.453369712401127,10.551369712401128
7460,7989,241.0,-40.125,176.275,12.721997437321079,11.27599743732108
7461,7489,360.0,-40.225,176.325,12.785526097331513,10.625526097331512
7462,7570,320.0,-40.225,176.375,13.045080264040735,11.125080264040735
7463,7575,249.0,-40.225,176.425,13.2812125221717,11.7872125221717
7464,7584,216.0,-40.225,176.475,13.468394737585186,12.172394737585186
7465,7832,427.0,-40.175,176.325,12.903856786102551,10.341856786102552
7466,7836,358.0,-40.175,176.375,13.22072730675427,11.07272730675427
7467,7872,183.0,-40.175,176.425,13.517642313926444,12.419642313926444
7468,7874,179.0,-40.175,176.475,13.760431177516693,12.686431177516694
7469,7976,315.0,-40.275,176.325,12.718443046717766,10.828443046717766
7470,7977,459.0,-40.275,176.375,12.929912147483265,10.175912147483265
7471,7978,332.0,-40.275,176.425,13.115519943426989,11.12351994342699
7472,7979,122.0,-40.275,176.475,13.257071569327309,12.52507156932731
7473,7990,331.0,-40.125,176.325,13.067678459527087,11.081678459527087
7474,7991,547.0,-40.125,176.375,13.446308358321403,10.164308358321403
7475,7992,223.0,-40.125,176.425,13.808071951910279,12.47007195191028
7476,7993,183.0,-40.125,176.475,14.11125842578167,13.01325842578167
7477,7109,180.0,-40.275,176.625,13.376334630725978,12.296334630725978
7478,7590,76.0,-40.225,176.525,13.590376419523636,13.134376419523637
7479,7596,65.0,-40.225,176.575,13.646796457016535,13.256796457016534
7480,7602,48.0,-40.225,176.625,13.65953715068099,13.37153715068099
7481,7876,105.0,-40.175,176.525,13.925335745494522,13.295335745494521
7482,7878,61.0,-40.175,176.575,14.007574235951324,13.641574235951325
7483,7880,60.0,-40.175,176.625,14.027132679741044,13.667132679741044
7484,7980,59.0,-40.275,176.525,13.343831455577856,12.989831455577857
7485,7981,55.0,-40.275,176.575,13.377249294274407,13.047249294274406
7486,7994,120.0,-40.125,176.525,14.320425178194455,13.600425178194454
7487,7995,249.0,-40.125,176.575,14.420512097215578,12.926512097215578
7488,7996,207.0,-40.125,176.625,14.431141475992263,13.189141475992264
7489,7123,7.0,-40.275,176.675,13.398766887956299,13.356766887956299
7490,7668,89.0,-40.225,176.675,13.672109824281506,13.138109824281505
7491,7676,40.0,-40.225,176.725,13.706834087724928,13.466834087724928
7492,7882,98.0,-40.175,176.675,14.01904903380364,13.43104903380364
7493,7884,121.0,-40.175,176.725,14.008638938626063,13.282638938626064
7494,7886,100.0,-40.175,176.775,14.001733682593112,13.401733682593113
7495,7888,95.0,-40.175,176.825,13.99718084210599,13.42718084210599
7496,7997,220.0,-40.125,176.675,14.39170833249591,13.07170833249591
7497,7998,180.0,-40.125,176.725,14.334900743549042,13.254900743549042
7498,7999,193.0,-40.125,176.775,14.277603267346421,13.119603267346422
7499,8000,72.0,-40.125,176.825,14.226219283207683,13.794219283207683
7500,7053,40.0,-40.075,175.175,13.775763384990569,13.535763384990569
7501,7110,40.0,-40.075,175.225,13.722273689801114,13.482273689801113
7502,7196,20.0,-40.025,175.125,13.643556994294613,13.523556994294614
7503,7197,83.0,-40.025,175.175,13.588319569947998,13.090319569947999
7504,7198,32.0,-40.025,175.225,13.52770924117658,13.33570924117658
7505,7232,46.0,-39.975,175.075,13.503635794117145,13.227635794117145
7506,7233,80.0,-39.975,175.125,13.44202470820801,12.96202470820801
7507,7234,110.0,-39.975,175.175,13.377739326394021,12.717739326394021
7508,7235,38.0,-39.975,175.225,13.308746347656324,13.080746347656325
7509,7113,89.0,-40.075,175.275,13.658561178544915,13.124561178544914
7510,7118,140.0,-40.075,175.325,13.577689269529856,12.737689269529856
7511,7125,148.0,-40.075,175.375,13.47231157003489,12.58431157003489
7512,7199,65.0,-40.025,175.275,13.457977564859902,13.067977564859902
7513,7200,175.0,-40.025,175.325,13.37476095833972,12.32476095833972
7514,7201,208.0,-40.025,175.375,13.274626237080156,12.026626237080157
7515,7236,60.0,-39.975,175.275,13.23274451250245,12.87274451250245
7516,7237,80.0,-39.975,175.325,13.14762339193203,12.667623391932029
7517,7238,174.0,-39.975,175.375,13.0524754284761,12.0084754284761
7518,7134,159.0,-40.075,175.425,13.340256606973526,12.386256606973525
7519,7143,86.0,-40.075,175.475,13.188324323410598,12.672324323410598
7520,7152,194.0,-40.075,175.525,13.027563429047404,11.863563429047405
7521,7161,236.0,-40.075,175.575,12.867655475771699,11.451655475771698
7522,7202,210.0,-40.025,175.425,13.157649213552304,11.897649213552304
7523,7203,159.0,-40.025,175.475,13.028630073272325,12.074630073272324
7524,7204,100.0,-40.025,175.525,12.895180094781608,12.295180094781609
7525,7205,294.0,-40.025,175.575,12.764766866792343,11.000766866792343
7526,7239,310.0,-39.975,175.425,12.948764719505562,11.088764719505562
7527,7240,305.0,-39.975,175.475,12.84066022824345,11.01066022824345
7528,7241,220.0,-39.975,175.525,12.73398193302728,11.41398193302728
7529,7242,218.0,-39.975,175.575,12.634462575895668,11.326462575895668
7530,7170,276.0,-40.075,175.625,12.71539891703469,11.05939891703469
7531,7171,321.0,-40.075,175.675,12.575136022357128,10.649136022357128
7532,7172,360.0,-40.075,175.725,12.449515691957458,10.289515691957458
7533,7173,421.0,-40.075,175.775,12.340229464433378,9.814229464433378
7534,7206,351.0,-40.025,175.625,12.643037032734355,10.537037032734355
7535,7207,378.0,-40.025,175.675,12.533504227612411,10.26550422761241
7536,7208,350.0,-40.025,175.725,12.43797335988529,10.337973359885291
7537,7209,430.0,-40.025,175.775,12.357314187249358,9.777314187249358
7538,7243,151.0,-39.975,175.625,12.546376029302337,11.640376029302336
7539,7244,322.0,-39.975,175.675,12.471973163857456,10.539973163857455
7540,7245,405.0,-39.975,175.725,12.411699448121908,9.981699448121908
7541,7246,373.0,-39.975,175.775,12.365045976810961,10.127045976810962
7542,7174,421.0,-40.075,175.825,12.248697120414818,9.722697120414818
7543,7175,221.0,-40.075,175.875,12.176694670059987,10.850694670059987
7544,7176,353.0,-40.075,175.925,12.126897019965782,10.008897019965781
7545,7210,300.0,-40.025,175.825,12.292366688899165,10.492366688899164
7546,7211,508.0,-40.025,175.875,12.244768567115443,9.196768567115443
7547,7212,437.0,-40.025,175.925,12.217521194048459,9.595521194048459
7548,7247,491.0,-39.975,175.825,12.33177015809406,9.38577015809406
7549,7248,459.0,-39.975,175.875,12.313035167061116,9.559035167061117
7550,7249,499.0,-39.975,175.925,12.312016933989526,9.318016933989526
7551,7177,693.0,-40.075,175.975,12.103332697024143,7.945332697024144
7552,7178,909.0,-40.075,176.025,12.111743567175836,6.657743567175836
7553,7179,609.0,-40.075,176.075,12.159563262461234,8.505563262461234
7554,7180,460.0,-40.075,176.125,12.254597430378908,9.494597430378908
7555,7213,428.0,-40.025,175.975,12.215228457791454,9.647228457791455
7556,7214,1179.0,-40.025,176.025,12.244030423217737,5.170030423217738
7557,7215,957.0,-40.025,176.075,12.311177929443147,6.569177929443147
7558,7216,731.0,-40.025,176.125,12.424201864984298,8.038201864984298
7559,7250,520.0,-39.975,175.975,12.333861179205996,9.213861179205995
7560,7251,803.0,-39.975,176.025,12.385224682128865,7.567224682128865
7561,7252,1402.0,-39.975,176.075,12.473684745471473,4.061684745471474
7562,7253,779.0,-39.975,176.125,12.60725356718467,7.933253567184671
7563,7181,386.0,-40.075,176.175,12.402608565613718,10.08660856561372
7564,7182,364.0,-40.075,176.225,12.608534170321036,10.424534170321035
7565,7183,304.0,-40.075,176.275,12.888662869155269,11.064662869155269
7566,7217,470.0,-40.025,176.175,12.590461209232672,9.770461209232671
7567,7218,393.0,-40.025,176.225,12.819310058340761,10.46131005834076
7568,7219,318.0,-40.025,176.275,13.12778335724397,11.219783357243971
7569,7254,573.0,-39.975,176.175,12.79439666164717,9.35639666164717
7570,7255,398.0,-39.975,176.225,13.04471185999273,10.65671185999273
7571,7256,322.0,-39.975,176.275,13.367384057773052,11.435384057773051
7572,7184,305.0,-40.075,176.325,13.277394541512876,11.447394541512876
7573,7185,319.0,-40.075,176.375,13.705924991752909,11.791924991752909
7574,7186,285.0,-40.075,176.425,14.123945995783288,12.413945995783287
7575,7187,160.0,-40.075,176.475,14.485822727061532,13.52582272706153
7576,7220,255.0,-40.025,176.325,13.524013199071305,11.994013199071306
7577,7221,218.0,-40.025,176.375,13.970474860257127,12.662474860257127
7578,7222,184.0,-40.025,176.425,14.420226695618112,13.316226695618113
7579,7223,221.0,-40.025,176.475,14.827258133143005,13.501258133143004
7580,7257,255.0,-39.975,176.325,13.76009747070566,12.23009747070566
7581,7258,208.0,-39.975,176.375,14.198542085824556,12.950542085824557
7582,7259,172.0,-39.975,176.425,14.645126420675297,13.613126420675297
7583,7260,150.0,-39.975,176.475,15.054878222989828,14.154878222989828
7584,7042,156.0,-39.975,176.525,15.358827977940564,14.422827977940564
7585,7119,136.0,-39.975,176.575,15.447341669924754,14.631341669924753
7586,7127,136.0,-39.975,176.625,15.38992813724144,14.57392813724144
7587,7188,181.0,-40.075,176.525,14.738086210083566,13.652086210083565
7588,7189,182.0,-40.075,176.575,14.842759184362876,13.750759184362876
7589,7190,293.0,-40.075,176.625,14.827638548456889,13.06963854845689
7590,7224,126.0,-40.025,176.525,15.12376461864369,14.36776461864369
7591,7225,139.0,-40.025,176.575,15.215528598995661,14.381528598995661
7592,7226,181.0,-40.025,176.625,15.16462784367468,14.07862784367468
7593,7136,191.0,-39.975,176.675,15.267706987516249,14.121706987516248
7594,7145,141.0,-39.975,176.725,15.117753617912967,14.271753617912967
7595,7154,177.0,-39.975,176.775,14.961819125667716,13.899819125667717
7596,7163,180.0,-39.975,176.825,14.813531591356877,13.733531591356877
7597,7191,180.0,-40.075,176.675,14.749487821156436,13.669487821156435
7598,7192,200.0,-40.075,176.725,14.648232770807226,13.448232770807227
7599,7193,245.0,-40.075,176.775,14.545378785405774,13.075378785405773
7600,7194,168.0,-40.075,176.825,14.451187384347577,13.443187384347578
7601,7227,157.0,-40.025,176.675,15.052123353662864,14.110123353662864
7602,7228,160.0,-40.025,176.725,14.916624821074038,13.956624821074037
7603,7229,275.0,-40.025,176.775,14.779219139249108,13.129219139249107
7604,7230,164.0,-40.025,176.825,14.651610251508828,13.667610251508828
7605,7195,135.0,-40.075,176.875,14.370288768510363,13.560288768510363
7606,7231,158.0,-40.025,176.875,14.540168268788875,13.592168268788875
7607,7266,215.0,-39.975,176.875,14.681497676730032,13.391497676730033
7608,7509,20.0,-39.775,174.525,13.831950344441339,13.71195034444134
7609,7510,70.0,-39.775,174.575,13.710740207223807,13.290740207223807
7610,7511,60.0,-39.775,174.625,13.596875176212961,13.236875176212962
7611,7512,79.0,-39.775,174.675,13.488953922460496,13.014953922460496
7612,7771,20.0,-39.825,174.625,13.717861506690042,13.597861506690043
7613,7772,37.0,-39.825,174.675,13.617265627793586,13.395265627793586
7614,7513,20.0,-39.775,174.725,13.385529431335726,13.265529431335727
7615,7514,42.0,-39.775,174.775,13.28517430770853,13.03317430770853
7616,7515,173.0,-39.775,174.825,13.186533364073512,12.148533364073511
7617,7516,243.0,-39.775,174.875,13.088370220423712,11.630370220423712
7618,7728,39.0,-39.875,174.875,13.413845629306252,13.179845629306252
7619,7773,20.0,-39.825,174.725,13.521140806333278,13.401140806333279
7620,7774,86.0,-39.825,174.775,13.428257238718743,12.912257238718743
7621,7775,99.0,-39.825,174.825,13.337441388158368,12.743441388158368
7622,7776,122.0,-39.825,174.875,13.247616816579466,12.515616816579467
7623,7267,36.0,-39.925,174.975,13.440678355465934,13.224678355465935
7624,7268,21.0,-39.925,175.025,13.370062760464407,13.244062760464407
7625,7517,280.0,-39.775,174.925,12.989613375352292,11.309613375352292
7626,7518,221.0,-39.775,174.975,12.889403958480216,11.563403958480215
7627,7519,334.0,-39.775,175.025,12.787141399147458,10.783141399147459
7628,7729,37.0,-39.875,174.925,13.333401616524043,13.111401616524043
7629,7730,118.0,-39.875,174.975,13.252919908548847,12.544919908548847
7630,7731,142.0,-39.875,175.025,13.171869935742961,12.319869935742961
7631,7777,143.0,-39.825,174.925,13.157842077823716,12.299842077823715
7632,7778,80.0,-39.825,174.975,13.067349039632063,12.587349039632063
7633,7779,122.0,-39.825,175.025,12.975574394909472,12.243574394909473
7634,7107,136.0,-39.825,175.075,12.882148386171593,12.066148386171593
7635,7129,177.0,-39.825,175.125,12.786859260605524,11.724859260605525
7636,7138,158.0,-39.825,175.175,12.689771409932291,11.74177140993229
7637,7147,139.0,-39.825,175.225,12.591479735286157,11.757479735286157
7638,7270,39.0,-39.925,175.075,13.299173674575286,13.065173674575286
7639,7271,26.0,-39.925,175.125,13.227099759299563,13.071099759299562
7640,7273,157.0,-39.925,175.175,13.152551039826903,12.210551039826903
7641,7277,206.0,-39.925,175.225,13.074416308557375,11.838416308557374
7642,7520,68.0,-39.775,175.075,12.68252344258417,12.27452344258417
7643,7521,137.0,-39.775,175.125,12.575608658598412,11.753608658598413
7644,7522,165.0,-39.775,175.175,12.466957153660132,11.476957153660132
7645,7523,126.0,-39.775,175.225,12.357841255596213,11.601841255596213
7646,7732,141.0,-39.875,175.075,13.089855544197235,12.243855544197235
7647,7733,76.0,-39.875,175.125,13.006333480240755,12.550333480240756
7648,7734,228.0,-39.875,175.175,12.920727038010227,11.552727038010227
7649,7735,122.0,-39.875,175.225,12.832807506663812,12.100807506663813
7650,7156,92.0,-39.825,175.275,12.493357106538951,11.941357106538952
7651,7165,337.0,-39.825,175.325,12.397791030472945,10.375791030472945
7652,7261,187.0,-39.825,175.375,12.308371855112,11.186371855112
7653,7292,40.0,-39.925,175.275,12.991801980821037,12.751801980821037
7654,7313,60.0,-39.925,175.325,12.904420220055272,12.544420220055272
7655,7319,167.0,-39.925,175.375,12.813179750048675,11.811179750048675
7656,7524,244.0,-39.775,175.275,12.250471411691706,10.786471411691705
7657,7525,157.0,-39.775,175.325,12.148202586209209,11.206202586209209
7658,7526,181.0,-39.775,175.375,12.055671319452813,10.969671319452813
7659,7736,119.0,-39.875,175.275,12.7429093229307,12.0289093229307
7660,7737,232.0,-39.875,175.325,12.652216930240229,11.26021693024023
7661,7738,116.0,-39.875,175.375,12.563089218738241,11.867089218738242
7662,7276,250.0,-39.825,175.425,12.229909212469465,10.729909212469465
7663,7298,224.0,-39.825,175.475,12.16812582230341,10.82412582230341
7664,7300,294.0,-39.825,175.525,12.128924181301954,10.364924181301955
7665,7301,358.0,-39.825,175.575,12.117222618698634,9.969222618698634
7666,7322,240.0,-39.925,175.425,12.720681963399329,11.28068196339933
7667,7333,205.0,-39.925,175.475,12.631177097427553,11.401177097427553
7668,7341,318.0,-39.925,175.525,12.549772056005168,10.641772056005168
7669,7433,314.0,-39.925,175.575,12.48117072523155,10.59717072523155
7670,7527,420.0,-39.775,175.425,11.978775669446804,9.458775669446805
7671,7528,547.0,-39.775,175.475,11.924380427966298,8.642380427966298
7672,7529,214.0,-39.775,175.525,11.89961928221419,10.615619282214189
7673,7530,371.0,-39.775,175.575,11.910681879943695,9.684681879943696
7674,7739,131.0,-39.875,175.425,12.479224545913894,11.693224545913894
7675,7740,153.0,-39.875,175.475,12.405431901289376,11.487431901289376
7676,7741,206.0,-39.875,175.525,12.346894491182411,11.11089449118241
7677,7742,357.0,-39.875,175.575,12.308033937715209,10.16603393771521
7678,7303,483.0,-39.825,175.625,12.135480156975973,9.237480156975973
7679,7305,440.0,-39.825,175.675,12.182182059822026,9.542182059822025
7680,7307,348.0,-39.825,175.725,12.250838522082176,10.162838522082176
7681,7314,421.0,-39.825,175.775,12.330736851912206,9.804736851912207
7682,7435,281.0,-39.925,175.625,12.428472829987186,10.742472829987186
7683,7440,312.0,-39.925,175.675,12.392463177410718,10.520463177410718
7684,7443,327.0,-39.925,175.725,12.371679951205806,10.409679951205806
7685,7471,373.0,-39.925,175.775,12.363435698956891,10.125435698956892
7686,7531,436.0,-39.775,175.625,11.961049496317628,9.345049496317628
7687,7532,625.0,-39.775,175.675,12.049316639534936,8.299316639534936
7688,7533,551.0,-39.775,175.725,12.166968009035372,8.860968009035373
7689,7534,586.0,-39.775,175.775,12.297170682399155,8.781170682399155
7690,7743,317.0,-39.875,175.625,12.291256867772518,10.389256867772518
7691,7744,200.0,-39.875,175.675,12.2959577914894,11.0959577914894
7692,7745,318.0,-39.875,175.725,12.318272209253792,10.410272209253792
7693,7746,344.0,-39.875,175.775,12.352231655372634,10.288231655372634
7694,7328,591.0,-39.825,175.825,12.411421349142529,8.86542134914253
7695,7334,349.0,-39.825,175.875,12.489526520895652,10.395526520895652
7696,7342,569.0,-39.825,175.925,12.570161841272693,9.156161841272693
7697,7479,469.0,-39.925,175.825,12.365622568934668,9.551622568934668
7698,7486,510.0,-39.925,175.875,12.378487312405014,9.318487312405015
7699,7535,347.0,-39.775,175.825,12.419933972719264,10.337933972719263
7700,7536,457.0,-39.775,175.875,12.528773524522876,9.786773524522875
7701,7537,460.0,-39.775,175.925,12.633276934301193,9.873276934301193
7702,7572,564.0,-39.925,175.925,12.405337714207235,9.021337714207235
7703,7747,422.0,-39.875,175.825,12.39263270050742,9.86063270050742
7704,7748,509.0,-39.875,175.875,12.438259848773214,9.384259848773214
7705,7749,509.0,-39.875,175.925,12.492806496626145,9.438806496626144
7706,7441,687.0,-39.825,175.975,12.662041009455152,8.540041009455152
7707,7467,642.0,-39.825,176.025,12.773750463428769,8.921750463428769
7708,7484,1485.0,-39.825,176.075,12.9128088819607,4.0028088819607
7709,7491,1264.0,-39.825,176.125,13.085575597128809,5.501575597128809
7710,7538,637.0,-39.775,175.975,12.744793868684155,8.922793868684156
7711,7539,633.0,-39.775,176.025,12.871771538383655,9.073771538383655
7712,7540,1415.0,-39.775,176.075,13.020627034086374,4.530627034086374
7713,7541,1022.0,-39.775,176.125,13.196404008875561,7.06440400887556
7714,7576,692.0,-39.925,175.975,12.451995443156193,8.299995443156192
7715,7586,1216.0,-39.925,176.025,12.525753204684861,5.229753204684862
7716,7592,1016.0,-39.925,176.075,12.634529676052807,6.538529676052807
7717,7598,1020.0,-39.925,176.125,12.786388106291724,6.666388106291725
7718,7750,607.0,-39.875,175.975,12.56315632147016,8.92115632147016
7719,7751,1201.0,-39.875,176.025,12.65729802709302,5.451298027093021
7720,7752,1431.0,-39.875,176.075,12.783190275272318,4.197190275272318
7721,7753,1432.0,-39.875,176.125,12.948284336054712,4.356284336054712
7722,7492,717.0,-39.825,176.175,13.296875922957952,8.994875922957952
7723,7493,589.0,-39.825,176.225,13.548953275972963,10.014953275972964
7724,7494,505.0,-39.825,176.275,13.839691430131097,10.809691430131098
7725,7542,1200.0,-39.775,176.175,13.402588011565058,6.202588011565059
7726,7543,493.0,-39.775,176.225,13.64026485681643,10.68226485681643
7727,7544,438.0,-39.775,176.275,13.906854378223215,11.278854378223215
7728,7604,540.0,-39.925,176.175,12.989255212992248,9.749255212992248
7729,7669,475.0,-39.925,176.225,13.250183137188287,10.400183137188288
7730,7675,348.0,-39.925,176.275,13.57247218239172,11.48447218239172
7731,7754,790.0,-39.875,176.175,13.159037490570881,8.419037490570881
7732,7755,380.0,-39.875,176.225,13.419755696255379,11.13975569625538
7733,7756,455.0,-39.875,176.275,13.730170255808844,11.000170255808843
7734,7495,334.0,-39.825,176.325,14.160532902819796,12.156532902819796
7735,7496,291.0,-39.825,176.375,14.495008250174578,12.749008250174578
7736,7497,262.0,-39.825,176.425,14.8187099664583,13.246709966458301
7737,7498,217.0,-39.825,176.475,15.101461554872003,13.799461554872003
7738,7545,557.0,-39.775,176.325,14.194797997248315,10.852797997248315
7739,7546,371.0,-39.775,176.375,14.490750166145517,12.264750166145518
7740,7547,371.0,-39.775,176.425,14.775876924204567,12.549876924204568
7741,7548,275.0,-39.775,176.475,15.027904305430638,13.377904305430638
7742,7679,286.0,-39.925,176.325,13.9497696226872,12.2337696226872
7743,7684,224.0,-39.925,176.375,14.361720867507756,13.017720867507757
7744,7689,189.0,-39.925,176.425,14.775174495143801,13.641174495143801
7745,7694,171.0,-39.925,176.475,15.144687172181875,14.118687172181875
7746,7757,344.0,-39.875,176.325,14.08206000714199,12.01806000714199
7747,7758,280.0,-39.875,176.375,14.456769760396128,12.776769760396128
7748,7759,226.0,-39.875,176.425,14.824883027076794,13.468883027076794
7749,7760,194.0,-39.875,176.475,15.147375980745892,13.983375980745892
7750,7499,220.0,-39.825,176.525,15.313399821196072,13.993399821196071
7751,7500,272.0,-39.825,176.575,15.43555610282965,13.803556102829651
7752,7501,132.0,-39.825,176.625,15.467738602061218,14.675738602061218
7753,7549,293.0,-39.775,176.525,15.225441309345115,13.467441309345116
7754,7550,260.0,-39.775,176.575,15.353739688780479,13.793739688780478
7755,7551,227.0,-39.775,176.625,15.408591232670005,14.046591232670005
7756,7699,152.0,-39.925,176.525,15.40892786393033,14.496927863930331
7757,7704,237.0,-39.925,176.575,15.51692941280271,14.09492941280271
7758,7709,111.0,-39.925,176.625,15.491758046312498,14.825758046312497
7759,7761,168.0,-39.875,176.525,15.381132023902865,14.373132023902865
7760,7762,161.0,-39.875,176.575,15.49799377191448,14.53199377191448
7761,7763,113.0,-39.875,176.625,15.504736390295875,14.826736390295874
7762,7502,167.0,-39.825,176.675,15.424975588211055,14.422975588211054
7763,7503,272.0,-39.825,176.725,15.328032149475803,13.696032149475803
7764,7504,182.0,-39.825,176.775,15.197699702773207,14.105699702773206
7765,7505,193.0,-39.825,176.825,15.053592090433995,13.895592090433995
7766,7552,78.0,-39.775,176.675,15.395574527463395,14.927574527463396
7767,7553,40.0,-39.775,176.725,15.326419251793595,15.086419251793595
7768,7554,175.0,-39.775,176.775,15.216355011390988,14.166355011390987
7769,7555,83.0,-39.775,176.825,15.083743935046186,14.585743935046187
7770,7714,114.0,-39.925,176.675,15.388225535958554,14.704225535958555
7771,7719,100.0,-39.925,176.725,15.24512950261851,14.645129502618511
7772,7724,207.0,-39.925,176.775,15.087250663914347,13.845250663914348
7773,7725,193.0,-39.925,176.825,14.931344995232394,13.773344995232394
7774,7764,80.0,-39.875,176.675,15.431322234881918,14.951322234881918
7775,7765,80.0,-39.875,176.725,15.308599838877853,14.828599838877853
7776,7766,184.0,-39.875,176.775,15.161116650324402,14.057116650324403
7777,7767,225.0,-39.875,176.825,15.007984443779605,13.657984443779606
7778,7506,313.0,-39.825,176.875,14.913896181664313,13.035896181664313
7779,7507,371.0,-39.825,176.925,14.793564979459916,12.567564979459917
7780,7508,39.0,-39.825,176.975,14.70137066733605,14.46737066733605
7781,7556,145.0,-39.775,176.875,14.949938270093298,14.0799382700933
7782,7557,163.0,-39.775,176.925,14.835533224391838,13.857533224391839
7783,7558,151.0,-39.775,176.975,14.75267539674769,13.84667539674769
7784,7726,227.0,-39.925,176.875,14.789110247426834,13.427110247426834
7785,7727,128.0,-39.925,176.925,14.668297846769747,13.900297846769746
7786,7768,471.0,-39.875,176.875,14.864239178459684,12.038239178459683
7787,7769,336.0,-39.875,176.925,14.740873265418486,12.724873265418486
7788,7770,,-39.875,176.975,14.644121563878798,
7789,7428,79.0,-39.625,174.325,14.249005068585575,13.775005068585575
7790,7052,314.0,-39.625,174.525,13.56038327322176,11.67638327322176
7791,7373,71.0,-39.675,174.375,14.112886903461913,13.686886903461913
7792,7374,101.0,-39.675,174.425,13.943118568553928,13.337118568553928
7793,7375,122.0,-39.675,174.475,13.786282041429331,13.054282041429332
7794,7376,99.0,-39.675,174.525,13.641212832611018,13.047212832611018
7795,7429,65.0,-39.625,174.375,14.054735991174311,13.664735991174311
7796,7430,141.0,-39.625,174.425,13.87587417678742,13.02987417678742
7797,7431,179.0,-39.625,174.475,13.71161616428708,12.63761616428708
7798,7559,40.0,-39.725,174.425,14.018876577350056,13.778876577350056
7799,7560,20.0,-39.725,174.475,13.870368705594956,13.750368705594957
7800,7561,70.0,-39.725,174.525,13.732497563792094,13.312497563792094
7801,7116,276.0,-39.625,174.575,13.420202543533833,11.764202543533832
7802,7124,157.0,-39.625,174.625,13.288959184394116,12.346959184394116
7803,7133,225.0,-39.625,174.675,13.164531456868644,11.814531456868645
7804,7377,161.0,-39.675,174.575,13.506321523220322,12.540321523220323
7805,7378,326.0,-39.675,174.625,13.379801143099485,11.423801143099485
7806,7379,141.0,-39.675,174.675,13.259766691405275,12.413766691405275
7807,7562,102.0,-39.725,174.575,13.603984065545774,12.991984065545774
7808,7563,120.0,-39.725,174.625,13.483306922051725,12.763306922051724
7809,7564,80.0,-39.725,174.675,13.368828166856929,12.888828166856928
7810,7142,261.0,-39.625,174.725,13.04485389618776,11.478853896187761
7811,7151,218.0,-39.625,174.775,12.927949328802242,11.619949328802242
7812,7160,177.0,-39.625,174.825,12.811955577176832,11.749955577176832
7813,7169,342.0,-39.625,174.875,12.695161476493013,10.643161476493013
7814,7380,100.0,-39.675,174.725,13.144341151247318,12.544341151247318
7815,7381,119.0,-39.675,174.775,13.031710326623852,12.317710326623851
7816,7382,250.0,-39.675,174.825,12.92016559307649,11.42016559307649
7817,7383,173.0,-39.675,174.875,12.808147837328306,11.770147837328306
7818,7565,173.0,-39.725,174.725,13.258883434846211,12.220883434846211
7819,7566,170.0,-39.725,174.775,13.151846825129269,12.13184682512927
7820,7567,55.0,-39.725,174.825,13.04618216097424,12.71618216097424
7821,7568,155.0,-39.725,174.875,12.940490666544065,12.010490666544065
7822,7055,410.0,-39.725,174.975,12.724432644329227,10.264432644329228
7823,7117,240.0,-39.725,175.025,12.612452170856159,11.17245217085616
7824,7264,353.0,-39.625,174.925,12.576060306131694,10.458060306131694
7825,7279,281.0,-39.625,174.975,12.453425446545225,10.767425446545225
7826,7280,278.0,-39.625,175.025,12.326411546194322,10.658411546194323
7827,7384,269.0,-39.675,174.925,12.694300901935549,11.080300901935548
7828,7385,387.0,-39.675,174.975,12.577539462849018,10.255539462849018
7829,7386,253.0,-39.675,175.025,12.457134781707737,10.939134781707736
7830,7569,451.0,-39.725,174.925,12.833562045348117,10.127562045348117
7831,7126,176.0,-39.725,175.075,12.497363496724574,11.441363496724573
7832,7135,182.0,-39.725,175.125,12.37941071737896,11.28741071737896
7833,7144,371.0,-39.725,175.175,12.259501320472737,10.033501320472737
7834,7153,396.0,-39.725,175.225,12.139403697086891,9.763403697086892
7835,7282,302.0,-39.625,175.075,12.19468354974424,10.382683549744241
7836,7284,556.0,-39.625,175.125,12.05857483021282,8.72257483021282
7837,7288,135.0,-39.625,175.175,11.91927290153808,11.109272901538079
7838,7295,345.0,-39.625,175.225,11.779012492821948,9.709012492821948
7839,7387,381.0,-39.675,175.075,12.332822597268205,10.046822597268205
7840,7388,222.0,-39.675,175.125,12.204937842321215,10.872937842321214
7841,7389,182.0,-39.675,175.175,12.074591978250737,10.982591978250737
7842,7390,432.0,-39.675,175.225,11.943866863980475,9.351866863980474
7843,7162,288.0,-39.725,175.275,12.021948530514237,10.293948530514237
7844,7287,171.0,-39.725,175.325,11.911219275869371,10.885219275869371
7845,7296,593.0,-39.725,175.375,11.812682627300546,8.254682627300546
7846,7309,579.0,-39.625,175.275,11.64125512807641,8.167255128076409
7847,7317,281.0,-39.625,175.325,11.510844182554138,9.824844182554138
7848,7326,490.0,-39.625,175.375,11.394121919468944,8.454121919468944
7849,7391,362.0,-39.675,175.275,11.815998956326894,9.643998956326893
7850,7392,246.0,-39.675,175.325,11.695557358713813,10.219557358713814
7851,7393,549.0,-39.675,175.375,11.588577598507982,8.294577598507981
7852,7316,322.0,-39.725,175.425,11.73319974473543,9.80119974473543
7853,7323,379.0,-39.725,175.475,11.680824590214797,9.406824590214796
7854,7330,287.0,-39.625,175.425,11.299016748578197,9.577016748578197
7855,7336,324.0,-39.725,175.525,11.664233240543126,9.720233240543127
7856,7338,431.0,-39.625,175.475,11.235129774254801,8.649129774254801
7857,7344,482.0,-39.725,175.575,11.691541075695568,8.799541075695569
7858,7394,260.0,-39.675,175.425,11.502627464931265,9.942627464931265
7859,7395,627.0,-39.675,175.475,11.446756406069653,7.684756406069654
7860,7396,437.0,-39.675,175.525,11.431186466261806,8.809186466261806
7861,7397,472.0,-39.675,175.575,11.466366429180653,8.634366429180652
7862,7446,646.0,-39.625,175.525,11.213805392468657,7.337805392468658
7863,7448,501.0,-39.625,175.575,11.247851150246788,8.241851150246788
7864,7345,569.0,-39.725,175.625,11.768250130092383,8.354250130092383
7865,7346,499.0,-39.725,175.675,11.894341416923908,8.900341416923908
7866,7347,658.0,-39.725,175.725,12.06098072686882,8.11298072686882
7867,7348,741.0,-39.725,175.775,12.24649454975588,7.80049454975588
7868,7398,515.0,-39.675,175.625,11.560688984963235,8.470688984963235
7869,7399,530.0,-39.675,175.675,11.716373540002223,8.536373540002224
7870,7400,641.0,-39.675,175.725,11.924582233568799,8.078582233568799
7871,7401,581.0,-39.675,175.775,12.16143915036264,8.675439150362639
7872,7450,583.0,-39.625,175.625,11.349593505930443,7.851593505930444
7873,7452,623.0,-39.625,175.675,11.52487473820247,7.786874738202471
7874,7454,561.0,-39.625,175.725,11.76361940507013,8.397619405070131
7875,7456,532.0,-39.625,175.775,12.034619821013166,8.842619821013166
7876,7349,473.0,-39.725,175.825,12.413296426340821,9.57529642634082
7877,7350,508.0,-39.725,175.875,12.5500201691666,9.5020201691666
7878,7351,521.0,-39.725,175.925,12.67810946606869,9.552109466068691
7879,7402,489.0,-39.675,175.825,12.374038780058072,9.440038780058073
7880,7403,513.0,-39.675,175.875,12.544543146775595,9.466543146775596
7881,7404,361.0,-39.675,175.925,12.70334635095196,10.53734635095196
7882,7457,619.0,-39.625,175.825,12.292928607942486,8.578928607942485
7883,7458,622.0,-39.625,175.875,12.5175775598168,8.7855775598168
7884,7461,582.0,-39.625,175.925,12.717871194326108,9.225871194326107
7885,7352,705.0,-39.725,175.975,12.809678465755951,8.57967846575595
7886,7353,693.0,-39.725,176.025,12.951331017614848,8.793331017614848
7887,7354,1280.0,-39.725,176.075,13.107934237432346,5.427934237432346
7888,7355,805.0,-39.725,176.125,13.283427062521696,8.453427062521696
7889,7405,592.0,-39.675,175.975,12.85907556193888,9.30707556193888
7890,7406,457.0,-39.675,176.025,13.016590287359577,10.274590287359576
7891,7407,903.0,-39.675,176.075,13.179977997805963,7.761977997805964
7892,7408,763.0,-39.675,176.125,13.352915001187284,8.774915001187285
7893,7472,564.0,-39.625,175.975,12.902360257330656,9.518360257330656
7894,7474,542.0,-39.625,176.025,13.076667975714827,9.824667975714828
7895,7475,955.0,-39.625,176.075,13.245664121288883,7.515664121288882
7896,7478,1262.0,-39.625,176.125,13.413872828983585,5.841872828983586
7897,7356,1287.0,-39.725,176.175,13.480572007588307,5.758572007588308
7898,7357,912.0,-39.725,176.225,13.700238059245748,8.228238059245749
7899,7358,495.0,-39.725,176.275,13.940501537568707,10.970501537568706
7900,7409,1322.0,-39.675,176.175,13.538302083936287,5.606302083936287
7901,7410,978.0,-39.675,176.225,13.737669037560408,7.869669037560409
7902,7411,650.0,-39.675,176.275,13.95058174533915,10.05058174533915
7903,7485,1204.0,-39.625,176.175,13.585197385686115,6.361197385686116
7904,7571,1135.0,-39.625,176.225,13.762507668338003,6.952507668338003
7905,7577,1176.0,-39.625,176.275,13.947341881559623,6.891341881559623
7906,7359,753.0,-39.725,176.325,14.195832961012457,9.677832961012456
7907,7360,483.0,-39.725,176.375,14.456670712464984,11.558670712464984
7908,7361,390.0,-39.725,176.425,14.709696369865924,12.369696369865924
7909,7362,361.0,-39.725,176.475,14.939128703614188,12.773128703614187
7910,7412,494.0,-39.675,176.325,14.174210029685128,11.210210029685127
7911,7413,367.0,-39.675,176.375,14.403141433391283,12.201141433391284
7912,7414,431.0,-39.675,176.425,14.629433014892129,12.043433014892129
7913,7415,335.0,-39.675,176.475,14.84290882631467,12.83290882631467
7914,7580,499.0,-39.625,176.325,14.139841280307337,11.145841280307337
7915,7581,402.0,-39.625,176.375,14.338858853103375,11.926858853103376
7916,7585,296.0,-39.625,176.425,14.54187219900814,12.76587219900814
7917,7591,277.0,-39.625,176.475,14.74417348424413,13.08217348424413
7918,7363,345.0,-39.725,176.525,15.129192423870336,13.059192423870336
7919,7364,213.0,-39.725,176.575,15.267236884406884,13.989236884406884
7920,7365,240.0,-39.725,176.625,15.346081847834284,13.906081847834285
7921,7416,199.0,-39.675,176.525,15.031936024040078,13.83793602404008
7922,7417,136.0,-39.675,176.575,15.184936518331597,14.368936518331596
7923,7418,102.0,-39.675,176.625,15.292196905823403,14.680196905823403
7924,7597,171.0,-39.625,176.525,14.937691166969671,13.911691166969671
7925,7603,125.0,-39.625,176.575,15.111229583259046,14.361229583259046
7926,7666,84.0,-39.625,176.625,15.25269787839352,14.74869787839352
7927,7366,60.0,-39.725,176.675,15.364435708439487,15.004435708439487
7928,7367,98.0,-39.725,176.725,15.325979545993505,14.737979545993506
7929,7368,70.0,-39.725,176.775,15.239060927953687,14.819060927953688
7930,7369,146.0,-39.725,176.825,15.118535661400529,14.24253566140053
7931,7419,60.0,-39.675,176.675,15.346982160020161,14.986982160020162
7932,7420,20.0,-39.675,176.725,15.34573914484281,15.22573914484281
7933,7421,11.0,-39.675,176.775,15.288684900911903,15.222684900911903
7934,7422,10.0,-39.675,176.825,15.183244197649401,15.1232441976494
7935,7680,60.0,-39.625,176.675,15.351224671109776,14.991224671109777
7936,7685,34.0,-39.625,176.725,15.397659063690298,15.193659063690298
7937,7690,19.0,-39.625,176.775,15.384444619421629,15.270444619421628
7938,7695,14.0,-39.625,176.825,15.308079581542188,15.224079581542188
7939,7370,184.0,-39.725,176.875,14.988738978882793,13.884738978882794
7940,7371,73.0,-39.725,176.925,14.880013069889173,14.442013069889173
7941,7372,97.0,-39.725,176.975,14.810309594333376,14.228309594333375
7942,7423,21.0,-39.675,176.875,15.0529983050601,14.926998305060101
7943,7424,41.0,-39.675,176.925,14.94574581748202,14.69974581748202
7944,7425,77.0,-39.675,176.975,14.893040060921521,14.431040060921521
7945,7426,216.0,-39.675,177.025,14.874322600256164,13.578322600256165
7946,7700,9.0,-39.625,176.875,15.180396886898961,15.126396886898961
7947,7705,8.0,-39.625,176.925,15.065196761898733,15.017196761898733
7948,7427,,-39.675,177.075,14.86980656842934,
7949,8132,53.0,-39.525,173.975,16.013917345092977,15.695917345092978
7950,8315,21.0,-39.425,173.825,16.936699584793587,16.810699584793586
7951,8320,66.0,-39.425,173.875,16.720061916535997,16.324061916535996
7952,8325,126.0,-39.425,173.925,16.483651918591477,15.727651918591476
7953,8330,189.0,-39.425,173.975,16.22720941993657,15.09320941993657
7954,8678,21.0,-39.475,173.875,16.597010781465542,16.47101078146554
7955,8679,64.0,-39.475,173.925,16.36317159696,15.97917159696
7956,8680,113.0,-39.475,173.975,16.11199750805372,15.433997508053718
7957,7710,27.0,-39.575,174.075,15.433742341023844,15.271742341023844
7958,7715,42.0,-39.575,174.125,15.177145619589737,14.925145619589737
7959,8133,78.0,-39.525,174.025,15.757099343170012,15.289099343170012
7960,8138,74.0,-39.525,174.075,15.490102792000926,15.046102792000925
7961,8147,99.0,-39.525,174.125,15.217053025277892,14.623053025277892
7962,8423,259.0,-39.425,174.025,15.95147925100855,14.39747925100855
7963,8424,289.0,-39.425,174.075,15.658732941029484,13.924732941029484
7964,8425,281.0,-39.425,174.125,15.353258677611393,13.667258677611393
7965,8681,154.0,-39.475,174.025,15.84481273801157,14.92081273801157
7966,8682,156.0,-39.475,174.075,15.564268145463757,14.628268145463757
7967,8683,166.0,-39.475,174.125,15.274674228302956,14.278674228302956
7968,7720,39.0,-39.575,174.175,14.92148632370936,14.68748632370936
7969,7790,80.0,-39.575,174.225,14.6720213281219,14.1920213281219
7970,7798,100.0,-39.575,174.275,14.433910237463806,13.833910237463806
7971,7808,96.0,-39.575,174.325,14.211262701938722,13.635262701938721
7972,8155,106.0,-39.525,174.175,14.943428200238486,14.307428200238487
7973,8414,112.0,-39.525,174.225,14.675808615545066,14.003808615545065
7974,8426,271.0,-39.425,174.175,15.041728528553449,13.41572852855345
7975,8427,252.0,-39.425,174.225,14.733499444232166,13.221499444232165
7976,8428,243.0,-39.425,174.275,14.440805886720682,12.982805886720682
7977,8429,220.0,-39.425,174.325,14.176338327299618,12.856338327299618
7978,8431,120.0,-39.525,174.275,14.421062926503964,13.701062926503964
7979,8439,138.0,-39.525,174.325,14.184801958610933,13.356801958610934
7980,8684,181.0,-39.475,174.175,14.982223153721407,13.896223153721406
7981,8685,181.0,-39.475,174.225,14.694981959753022,13.608981959753022
7982,8686,181.0,-39.475,174.275,14.422218331643762,13.336218331643762
7983,8687,249.0,-39.475,174.325,14.172039522189607,12.678039522189607
7984,7811,117.0,-39.575,174.375,14.00630904185391,13.30430904185391
7985,7815,202.0,-39.575,174.425,13.819222058462401,12.607222058462401
7986,7819,207.0,-39.575,174.475,13.648638517210657,12.406638517210657
7987,7823,269.0,-39.575,174.525,13.492398342260913,11.878398342260912
7988,8432,240.0,-39.425,174.375,13.944446126574348,12.504446126574349
7989,8437,243.0,-39.425,174.425,13.739998970626857,12.281998970626857
7990,8441,103.0,-39.425,174.475,13.556972986575602,12.938972986575601
7991,8442,205.0,-39.525,174.375,13.96976743284722,12.73976743284722
7992,8446,196.0,-39.425,174.525,13.391092188643142,12.215092188643142
7993,8447,171.0,-39.525,174.425,13.77556605830705,12.74956605830705
7994,8454,176.0,-39.525,174.475,13.599876976496489,12.543876976496488
7995,8585,78.0,-39.525,174.525,13.439774005285017,12.971774005285017
7996,8688,127.0,-39.475,174.375,13.94784804414121,13.18584804414121
7997,8689,195.0,-39.475,174.425,13.747873282297405,12.577873282297405
7998,8690,181.0,-39.475,174.475,13.56822803191335,12.48222803191335
7999,8691,221.0,-39.475,174.525,13.405139671486268,12.079139671486267
8000,7827,149.0,-39.575,174.575,13.348083846554346,12.454083846554346
8001,7831,198.0,-39.575,174.625,13.213284384320104,12.025284384320104
8002,7835,162.0,-39.575,174.675,13.085685447818832,12.113685447818833
8003,8453,246.0,-39.425,174.575,13.239243789309967,11.763243789309968
8004,8527,264.0,-39.425,174.625,13.09889513284952,11.51489513284952
8005,8528,319.0,-39.425,174.675,12.967776996219072,11.053776996219073
8006,8623,160.0,-39.525,174.575,13.292393495531996,12.332393495531996
8007,8628,148.0,-39.525,174.625,13.155105443775938,12.267105443775938
8008,8633,189.0,-39.525,174.675,13.025490442534647,11.891490442534646
8009,8692,114.0,-39.475,174.575,13.255444545573482,12.571444545573483
8010,8693,295.0,-39.475,174.625,13.116456861378083,11.346456861378083
8011,8694,242.0,-39.475,174.675,12.985776006600645,11.533776006600645
8012,7873,457.0,-39.575,174.725,12.963082537301034,10.221082537301033
8013,7875,303.0,-39.575,174.775,12.843377498688824,11.025377498688824
8014,7877,41.0,-39.575,174.825,12.724583935115334,12.478583935115333
8015,7879,139.0,-39.575,174.875,12.60485315040205,11.77085315040205
8016,8529,448.0,-39.425,174.725,12.843720929343363,10.155720929343362
8017,8530,417.0,-39.425,174.775,12.724580503176185,10.222580503176186
8018,8531,377.0,-39.425,174.825,12.608204334635047,10.346204334635047
8019,8532,377.0,-39.425,174.875,12.49244757128281,10.23044757128281
8020,8634,255.0,-39.525,174.725,12.90127898311357,11.371278983113571
8021,8635,337.0,-39.525,174.775,12.780306705371004,10.758306705371004
8022,8636,391.0,-39.525,174.825,12.660499269743013,10.314499269743013
8023,8637,370.0,-39.525,174.875,12.53988942744354,10.31988942744354
8024,8695,155.0,-39.475,174.725,12.861151607495685,11.931151607495686
8025,8696,364.0,-39.475,174.775,12.74040882238478,10.556408822384778
8026,8697,341.0,-39.475,174.825,12.621421315522639,10.57542131552264
8027,8698,262.0,-39.475,174.875,12.502123598057551,10.930123598057552
8028,7881,206.0,-39.575,174.925,12.482526162793874,11.246526162793874
8029,7883,664.0,-39.575,174.975,12.356215404062368,8.372215404062368
8030,7885,471.0,-39.575,175.025,12.22491887238266,9.398918872382659
8031,8533,221.0,-39.425,174.925,12.375218741577555,11.049218741577555
8032,8534,341.0,-39.425,174.975,12.25456616782094,10.20856616782094
8033,8535,128.0,-39.425,175.025,12.128814124097516,11.360814124097516
8034,8638,280.0,-39.525,174.925,12.41666752187757,10.736667521877571
8035,8639,488.0,-39.525,174.975,12.289267817692235,9.361267817692234
8036,8640,459.0,-39.525,175.025,12.156493874658281,9.402493874658282
8037,8699,521.0,-39.475,174.925,12.380560329790114,9.254560329790115
8038,8700,428.0,-39.475,174.975,12.254975057720458,9.686975057720458
8039,8701,145.0,-39.475,175.025,12.123944044305972,11.253944044305973
8040,7887,252.0,-39.575,175.075,12.08816798622729,10.57616798622729
8041,7889,123.0,-39.575,175.125,11.946206898175205,11.208206898175206
8042,7891,275.0,-39.575,175.175,11.800193760612729,10.150193760612728
8043,7892,451.0,-39.575,175.225,11.6524034597428,8.9464034597428
8044,8536,398.0,-39.425,175.075,11.9967621571368,9.6087621571368
8045,8537,331.0,-39.425,175.125,11.857957196642019,9.871957196642018
8046,8538,599.0,-39.425,175.175,11.713032307783578,8.119032307783579
8047,8539,490.0,-39.425,175.225,11.564079594388204,8.624079594388204
8048,8641,389.0,-39.525,175.075,12.01768489032429,9.68368489032429
8049,8642,294.0,-39.525,175.125,11.872919966974223,10.108919966974224
8050,8643,404.0,-39.525,175.175,11.723247804036419,9.299247804036419
8051,8644,324.0,-39.525,175.225,11.570917310395544,9.626917310395545
8052,8702,262.0,-39.475,175.075,11.986560880692195,10.414560880692196
8053,8703,594.0,-39.475,175.125,11.842672212984326,8.278672212984326
8054,8704,607.0,-39.475,175.175,11.693152688621922,8.051152688621922
8055,8705,537.0,-39.475,175.225,11.540190512836944,8.318190512836944
8056,7893,291.0,-39.575,175.275,11.50640627581106,9.760406275811059
8057,7894,502.0,-39.575,175.325,11.367198542910046,8.355198542910045
8058,7895,638.0,-39.575,175.375,11.241270251338847,7.413270251338847
8059,8540,521.0,-39.425,175.275,11.415002542792536,8.289002542792536
8060,8541,537.0,-39.425,175.325,11.271791639705498,8.049791639705498
8061,8542,560.0,-39.425,175.375,11.142671418221198,7.782671418221199
8062,8645,556.0,-39.525,175.275,11.419574855859537,8.083574855859537
8063,8646,487.0,-39.525,175.325,11.274388759309204,8.352388759309203
8064,8647,571.0,-39.525,175.375,11.142063365579816,7.716063365579815
8065,8706,664.0,-39.475,175.275,11.387540325637929,7.403540325637929
8066,8707,552.0,-39.475,175.325,11.240691478557892,7.928691478557893
8067,8708,738.0,-39.475,175.375,11.106891267108495,6.678891267108495
8068,7896,532.0,-39.575,175.425,11.136629083708158,7.944629083708158
8069,7897,568.0,-39.575,175.475,11.062879106217679,7.654879106217679
8070,7898,444.0,-39.575,175.525,11.031573347056565,8.367573347056565
8071,7899,540.0,-39.575,175.575,11.057047555709232,7.817047555709232
8072,8062,681.0,-39.475,175.575,10.892686921945824,6.806686921945825
8073,8543,622.0,-39.425,175.425,11.038022640278996,7.3060226402789965
8074,8544,680.0,-39.425,175.475,10.969882176611463,6.889882176611463
8075,8545,726.0,-39.425,175.525,10.950929079998332,6.594929079998332
8076,8546,740.0,-39.425,175.575,10.99396096942155,6.55396096942155
8077,8648,580.0,-39.525,175.425,11.030728547451872,7.550728547451872
8078,8649,577.0,-39.525,175.475,10.949782249799682,7.487782249799682
8079,8650,685.0,-39.525,175.525,10.91002469958039,6.800024699580391
8080,8651,700.0,-39.525,175.575,10.925024385806864,6.725024385806864
8081,8709,763.0,-39.475,175.425,10.994949848517535,6.416949848517536
8082,8710,651.0,-39.475,175.475,10.914782553453733,7.008782553453734
8083,8711,645.0,-39.475,175.525,10.876883895933133,7.006883895933133
8084,7900,579.0,-39.575,175.625,11.156735140712499,7.682735140712499
8085,7901,830.0,-39.575,175.675,11.344772961567287,6.364772961567287
8086,7902,792.0,-39.575,175.725,11.612538520518683,6.860538520518683
8087,7903,811.0,-39.575,175.775,11.92135905999794,7.05535905999794
8088,8121,720.0,-39.475,175.625,10.97887378647738,6.658873786477379
8089,8135,820.0,-39.475,175.675,11.183933701428032,6.263933701428033
8090,8139,1001.0,-39.475,175.725,11.535228977562383,5.529228977562384
8091,8144,1055.0,-39.475,175.775,11.927231968374144,5.597231968374144
8092,8547,801.0,-39.425,175.625,11.116111702443959,6.310111702443959
8093,8548,868.0,-39.425,175.675,11.355125841939298,6.147125841939299
8094,8549,891.0,-39.425,175.725,11.71724996375633,6.3712499637563305
8095,8550,843.0,-39.425,175.775,12.12068743168038,7.062687431680381
8096,8652,872.0,-39.525,175.625,11.01562903096783,5.7836290309678295
8097,8653,800.0,-39.525,175.675,11.213227786578955,6.413227786578955
8098,8654,925.0,-39.525,175.725,11.51788433724596,5.96788433724596
8099,8655,1080.0,-39.525,175.775,11.871034584816698,5.391034584816698
8100,7904,541.0,-39.575,175.825,12.226478516834959,8.980478516834959
8101,7905,623.0,-39.575,175.875,12.502124831197762,8.764124831197762
8102,7906,710.0,-39.575,175.925,12.743927476224144,8.483927476224144
8103,8151,771.0,-39.475,175.825,12.306466803481271,7.680466803481272
8104,8260,746.0,-39.475,175.875,12.645909592371936,8.169909592371937
8105,8261,651.0,-39.475,175.925,12.934650417586454,9.028650417586455
8106,8551,1124.0,-39.425,175.825,12.508456241105705,5.764456241105705
8107,8552,1185.0,-39.425,175.875,12.851184020804794,5.741184020804795
8108,8553,840.0,-39.425,175.925,13.136448174409452,8.096448174409453
8109,8656,861.0,-39.525,175.825,12.219650372455362,7.053650372455363
8110,8657,818.0,-39.525,175.875,12.53535483659698,7.6273548365969805
8111,8658,760.0,-39.525,175.925,12.8085739738749,8.248573973874901
8112,7907,823.0,-39.575,175.975,12.95620661475823,8.018206614758231
8113,7908,716.0,-39.575,176.025,13.144988339591691,8.848988339591692
8114,7909,833.0,-39.575,176.075,13.31652842038784,8.318528420387839
8115,7910,1161.0,-39.575,176.125,13.476887910994265,6.510887910994265
8116,8262,807.0,-39.475,175.975,13.172385573977863,8.330385573977864
8117,8263,714.0,-39.475,176.025,13.364882595382369,9.08088259538237
8118,8264,843.0,-39.475,176.075,13.52076637182563,8.46276637182563
8119,8265,931.0,-39.475,176.125,13.649479920884005,8.063479920884005
8120,8554,1033.0,-39.425,175.975,13.363332462188282,7.165332462188283
8121,8555,879.0,-39.425,176.025,13.538117589058857,8.264117589058857
8122,8556,710.0,-39.425,176.075,13.670813487041414,9.410813487041414
8123,8557,899.0,-39.425,176.125,13.772647105302894,8.378647105302894
8124,8659,885.0,-39.525,175.975,13.040408170801129,7.730408170801129
8125,8660,559.0,-39.525,176.025,13.236645374227919,9.88264537422792
8126,8661,630.0,-39.525,176.075,13.404768206282824,9.624768206282825
8127,8662,734.0,-39.525,176.125,13.55253514630931,9.14853514630931
8128,7911,831.0,-39.575,176.175,13.63154056807798,8.64554056807798
8129,7912,889.0,-39.575,176.225,13.785057659681115,8.451057659681116
8130,7913,1021.0,-39.575,176.275,13.941033811221132,7.815033811221132
8131,8266,932.0,-39.475,176.175,13.760064022801089,8.16806402280109
8132,8267,792.0,-39.475,176.225,13.860540558972389,9.10854055897239
8133,8268,834.0,-39.475,176.275,13.957828000784502,8.953828000784503
8134,8558,941.0,-39.425,176.175,13.85446100081299,8.208461000812989
8135,8559,662.0,-39.425,176.225,13.925895735719678,9.953895735719678
8136,8560,644.0,-39.425,176.275,13.995237567497497,10.131237567497497
8137,8663,1251.0,-39.525,176.175,13.687195723183322,6.181195723183323
8138,8664,519.0,-39.525,176.225,13.815084169210422,10.701084169210421
8139,8665,768.0,-39.525,176.275,13.941610834790481,9.33361083479048
8140,7914,688.0,-39.575,176.325,14.102377074241303,9.974377074241303
8141,7915,634.0,-39.575,176.375,14.271920937906543,10.467920937906543
8142,7916,316.0,-39.575,176.425,14.452738916832459,12.556738916832458
8143,7917,215.0,-39.575,176.475,14.646401877793323,13.356401877793324
8144,8269,588.0,-39.475,176.325,14.058225914221111,10.530225914221111
8145,8270,419.0,-39.475,176.375,14.168701774247893,11.654701774247894
8146,8272,540.0,-39.475,176.425,14.299941296083489,11.059941296083489
8147,8274,321.0,-39.475,176.475,14.473006774299392,12.547006774299392
8148,8561,942.0,-39.425,176.325,14.069876642893178,8.417876642893177
8149,8562,860.0,-39.425,176.375,14.157485947223904,8.997485947223904
8150,8563,742.0,-39.425,176.425,14.268675083337257,9.816675083337257
8151,8564,329.0,-39.425,176.475,14.4283345160311,12.4543345160311
8152,8666,396.0,-39.525,176.325,14.071767419349271,11.695767419349272
8153,8667,241.0,-39.525,176.375,14.211314004539418,12.765314004539418
8154,8668,397.0,-39.525,176.425,14.368535043689008,11.986535043689008
8155,8669,282.0,-39.525,176.475,14.553474440173886,12.861474440173886
8156,7918,175.0,-39.575,176.525,14.848513052143971,13.79851305214397
8157,7919,141.0,-39.575,176.575,15.047107474667428,14.201107474667428
8158,8061,132.0,-39.575,176.625,15.227308639037801,14.435308639037801
8159,8277,245.0,-39.475,176.525,14.698797305626613,13.228797305626612
8160,8280,166.0,-39.475,176.575,14.948268344163807,13.952268344163807
8161,8286,190.0,-39.475,176.625,15.198161837409316,14.058161837409315
8162,8565,282.0,-39.425,176.525,14.65997923858231,12.96797923858231
8163,8566,264.0,-39.425,176.575,14.91933763963425,13.33533763963425
8164,8567,195.0,-39.425,176.625,15.184012685614107,14.014012685614107
8165,8670,280.0,-39.525,176.525,14.766695491663995,13.086695491663995
8166,8671,249.0,-39.525,176.575,14.992269280626715,13.498269280626715
8167,8672,159.0,-39.525,176.625,15.211169029782468,14.257169029782467
8168,8126,123.0,-39.575,176.675,15.375612215841102,14.637612215841102
8169,8127,40.0,-39.575,176.725,15.480255194002893,15.240255194002893
8170,8128,20.0,-39.575,176.775,15.529430350740768,15.409430350740768
8171,8129,12.0,-39.575,176.825,15.510573943550298,15.438573943550299
8172,8290,122.0,-39.475,176.675,15.434666005510735,14.702666005510736
8173,8295,165.0,-39.475,176.725,15.647879290982928,14.657879290982928
8174,8300,111.0,-39.475,176.775,15.828391381459369,15.162391381459368
8175,8305,78.0,-39.475,176.825,15.96124316458554,15.49324316458554
8176,8568,190.0,-39.425,176.675,15.440277580158181,14.30027758015818
8177,8569,160.0,-39.425,176.725,15.67695667051612,14.716956670516119
8178,8570,197.0,-39.425,176.775,15.881365493914927,14.699365493914927
8179,8571,19.0,-39.425,176.825,16.03117149094487,15.91717149094487
8180,8673,79.0,-39.525,176.675,15.408856497404486,14.934856497404486
8181,8674,97.0,-39.525,176.725,15.574117845470028,14.992117845470027
8182,8675,37.0,-39.525,176.775,15.695831984631695,15.473831984631696
8183,8676,41.0,-39.525,176.825,15.757228436124024,15.511228436124023
8184,8130,6.0,-39.575,176.875,15.421865471989804,15.385865471989804
8185,8131,1.0,-39.575,176.925,15.314695566768933,15.308695566768932
8186,8310,1.0,-39.475,176.875,15.993410250608576,15.987410250608576
8187,8572,3.0,-39.425,176.875,16.078162492181946,16.060162492181945
8188,8677,9.0,-39.525,176.875,15.729765536231753,15.675765536231753
8189,8451,27.0,-39.275,173.775,17.538998948843073,17.376998948843074
8190,8846,17.0,-39.325,173.775,17.400415775554393,17.298415775554393
8191,8573,58.0,-39.375,173.825,17.06992915031833,16.72192915031833
8192,8574,114.0,-39.375,173.875,16.855145637027363,16.17114563702736
8193,8575,202.0,-39.375,173.925,16.618781671278157,15.406781671278157
8194,8576,298.0,-39.375,173.975,16.359786941552102,14.571786941552102
8195,8588,117.0,-39.275,173.825,17.356090181678155,16.654090181678157
8196,8596,200.0,-39.275,173.875,17.152357495085653,15.952357495085653
8197,8600,288.0,-39.275,173.925,16.925046265830588,15.197046265830588
8198,8604,501.0,-39.275,173.975,16.671081172522918,13.665081172522918
8199,8849,87.0,-39.325,173.825,17.210760316811502,16.688760316811504
8200,8852,163.0,-39.325,173.875,17.00032634903164,16.022326349031637
8201,8855,288.0,-39.325,173.925,16.76696782490808,15.03896782490808
8202,8858,461.0,-39.325,173.975,16.50868358640173,13.74268358640173
8203,8895,74.0,-39.225,173.825,17.501798048720957,17.057798048720958
8204,8896,144.0,-39.225,173.875,17.30653700819812,16.44253700819812
8205,8897,220.0,-39.225,173.925,17.08793620245433,15.76793620245433
8206,8898,509.0,-39.225,173.975,16.841900336884464,13.787900336884464
8207,8577,428.0,-39.375,174.025,16.07810136517037,13.51010136517037
8208,8578,504.0,-39.375,174.075,15.775406998711333,12.751406998711332
8209,8579,470.0,-39.375,174.125,15.455848694730776,12.635848694730775
8210,8608,857.0,-39.275,174.025,16.387790978137218,11.245790978137219
8211,8612,1244.0,-39.275,174.075,16.074602136231533,8.610602136231535
8212,8616,746.0,-39.275,174.125,15.735402193491154,11.259402193491155
8213,8861,820.0,-39.325,174.025,16.224320321139203,11.304320321139205
8214,8864,1142.0,-39.325,174.075,15.91470932058337,9.06270932058337
8215,8867,736.0,-39.325,174.125,15.583897926444934,11.167897926444933
8216,8899,1047.0,-39.225,174.025,16.56370623791463,10.28170623791463
8217,8900,623.0,-39.225,174.075,16.250119705072393,12.512119705072394
8218,8901,471.0,-39.225,174.125,15.90408953074484,13.07808953074484
8219,8580,421.0,-39.375,174.175,15.126453768752071,12.600453768752072
8220,8581,340.0,-39.375,174.225,14.797317655088591,12.757317655088592
8221,8582,279.0,-39.375,174.275,14.482644360339691,12.808644360339692
8222,8583,241.0,-39.375,174.325,14.203415027523079,12.757415027523079
8223,8620,514.0,-39.275,174.175,15.379853241463024,12.295853241463025
8224,8625,380.0,-39.275,174.225,15.022424443121054,12.742424443121054
8225,8630,314.0,-39.275,174.275,14.680916086202615,12.796916086202614
8226,8715,274.0,-39.275,174.325,14.374220655706267,12.730220655706267
8227,8902,365.0,-39.225,174.175,15.538029903508232,13.348029903508232
8228,8903,294.0,-39.225,174.225,15.170519529976445,13.406519529976446
8229,8904,230.0,-39.225,174.275,14.820285932240495,13.440285932240496
8230,8905,220.0,-39.225,174.325,14.501590293718891,13.181590293718891
8231,8920,546.0,-39.325,174.175,15.239763019399561,11.963763019399561
8232,8922,417.0,-39.325,174.225,14.893740266374607,12.391740266374608
8233,8924,329.0,-39.325,174.275,14.560987463657966,12.586987463657966
8234,8925,264.0,-39.325,174.325,14.267192382623762,12.683192382623762
8235,8041,256.0,-39.375,174.375,13.965733005135007,12.429733005135008
8236,8109,194.0,-39.375,174.425,13.756753567228316,12.592753567228316
8237,8111,163.0,-39.375,174.475,13.569389845791648,12.591389845791648
8238,8113,220.0,-39.375,174.525,13.399769482592092,12.079769482592091
8239,8717,200.0,-39.275,174.375,14.10860335490861,12.90860335490861
8240,8719,217.0,-39.275,174.425,13.876309048054281,12.574309048054282
8241,8723,222.0,-39.275,174.475,13.670515388478634,12.338515388478633
8242,8727,187.0,-39.275,174.525,13.487037725612026,12.365037725612027
8243,8906,242.0,-39.225,174.375,14.219832844989469,12.767832844989469
8244,8907,120.0,-39.225,174.425,13.972352393670462,13.252352393670462
8245,8908,158.0,-39.225,174.475,13.75429129776785,12.80629129776785
8246,8909,228.0,-39.225,174.525,13.56160422956691,12.19360422956691
8247,8926,200.0,-39.325,174.375,14.020096915010981,12.820096915010982
8248,8927,200.0,-39.325,174.425,13.802336649944664,12.602336649944665
8249,8928,253.0,-39.325,174.475,13.607525677051854,12.089525677051853
8250,8929,213.0,-39.325,174.525,13.432093515129054,12.154093515129054
8251,8115,388.0,-39.375,174.575,13.24515186685403,10.91715186685403
8252,8117,470.0,-39.375,174.625,13.103251640565304,10.283251640565304
8253,8119,669.0,-39.375,174.675,12.971955468178749,8.95795546817875
8254,8731,179.0,-39.275,174.575,13.322975981893705,12.248975981893706
8255,8735,180.0,-39.275,174.625,13.176007197386298,12.096007197386298
8256,8739,266.0,-39.275,174.675,13.044037111101261,11.44803711110126
8257,8910,199.0,-39.225,174.575,13.391258703887615,12.197258703887616
8258,8911,291.0,-39.225,174.625,13.240840085893524,11.494840085893523
8259,8912,289.0,-39.225,174.675,13.108214147780018,11.374214147780018
8260,8930,217.0,-39.325,174.575,13.273442682865152,11.971442682865153
8261,8931,272.0,-39.325,174.625,13.129378515516692,11.497378515516692
8262,8932,180.0,-39.325,174.675,12.997852318825608,11.917852318825608
8263,8001,138.0,-39.225,174.825,12.796236800448696,11.968236800448697
8264,8003,309.0,-39.225,174.875,12.713632713954212,10.859632713954213
8265,8122,517.0,-39.375,174.725,12.849184820865048,9.747184820865048
8266,8141,423.0,-39.375,174.775,12.732829956737532,10.194829956737532
8267,8145,478.0,-39.375,174.825,12.620727545278442,9.752727545278441
8268,8153,647.0,-39.375,174.875,12.510670812436274,8.628670812436274
8269,8743,326.0,-39.275,174.725,12.925016893359953,10.969016893359953
8270,8747,235.0,-39.275,174.775,12.816851078223408,11.406851078223408
8271,8816,117.0,-39.275,174.825,12.717361300386983,12.015361300386983
8272,8817,179.0,-39.275,174.875,12.624283161598214,11.550283161598214
8273,8913,445.0,-39.225,174.725,12.991317187796085,10.321317187796085
8274,8914,373.0,-39.225,174.775,12.888049249277628,10.650049249277629
8275,8933,258.0,-39.325,174.725,12.876827782112741,11.328827782112741
8276,8934,367.0,-39.325,174.775,12.764213278057923,10.562213278057923
8277,8935,326.0,-39.325,174.825,12.657836414219219,10.701836414219219
8278,8936,265.0,-39.325,174.875,12.555448253665418,10.965448253665418
8279,8004,213.0,-39.225,174.925,12.637926865131249,11.359926865131248
8280,8005,285.0,-39.225,174.975,12.566750275958839,10.856750275958838
8281,8006,472.0,-39.225,175.025,12.497670254193508,9.665670254193508
8282,8415,691.0,-39.375,174.925,12.400449753423345,8.254449753423344
8283,8430,340.0,-39.375,174.975,12.287927018348,10.247927018348001
8284,8438,174.0,-39.375,175.025,12.171164663438049,11.127164663438048
8285,8818,87.0,-39.275,174.925,12.535281190563637,12.013281190563637
8286,8819,88.0,-39.275,174.975,12.447976759441644,11.919976759441644
8287,8820,303.0,-39.275,175.025,12.360000515704087,10.542000515704087
8288,8937,311.0,-39.325,174.925,12.45475148760579,10.58875148760579
8289,8938,104.0,-39.325,174.975,12.35345571668313,11.729455716683129
8290,8939,373.0,-39.325,175.025,12.249376962784936,10.011376962784936
8291,8007,331.0,-39.225,175.075,12.428202515229714,10.442202515229713
8292,8008,608.0,-39.225,175.125,12.355946903069707,8.707946903069708
8293,8009,346.0,-39.225,175.175,12.27915846506994,10.20315846506994
8294,8010,588.0,-39.225,175.225,12.198194627794237,8.670194627794237
8295,8443,289.0,-39.375,175.075,12.048626744158355,10.314626744158355
8296,8450,250.0,-39.375,175.125,11.919485691138561,10.419485691138561
8297,8587,348.0,-39.375,175.175,11.78404255371197,9.696042553711969
8298,8589,605.0,-39.375,175.225,11.644223979316848,8.01422397931685
8299,8821,348.0,-39.275,175.075,12.269111991287446,10.181111991287445
8300,8822,403.0,-39.275,175.125,12.173484109511719,9.75548410951172
8301,8823,433.0,-39.275,175.175,12.072304124121729,9.47430412412173
8302,8841,416.0,-39.275,175.225,11.96674163307307,9.47074163307307
8303,8940,383.0,-39.325,175.075,12.140619049059296,9.842619049059296
8304,8941,361.0,-39.325,175.125,12.025895737840074,9.859895737840073
8305,8942,475.0,-39.325,175.175,11.905046006958855,9.055046006958856
8306,8943,428.0,-39.325,175.225,11.779710652761423,9.211710652761424
8307,8011,664.0,-39.225,175.275,12.117300806840376,8.133300806840376
8308,8012,612.0,-39.225,175.325,12.044954081011383,8.372954081011382
8309,8013,744.0,-39.225,175.375,11.992975177538028,7.528975177538028
8310,8591,561.0,-39.375,175.275,11.504070893225617,8.138070893225617
8311,8593,593.0,-39.375,175.325,11.370149296020827,7.812149296020827
8312,8595,644.0,-39.375,175.375,11.251892091691388,7.387892091691389
8313,8844,520.0,-39.275,175.275,11.860931066787998,8.740931066787997
8314,8847,715.0,-39.275,175.325,11.762433022305686,7.472433022305686
8315,8850,765.0,-39.275,175.375,11.68233072881003,7.09233072881003
8316,8944,474.0,-39.325,175.275,11.653999566015955,8.809999566015955
8317,8945,606.0,-39.325,175.325,11.534984961268037,7.898984961268038
8318,8946,763.0,-39.325,175.375,11.433121681873672,6.855121681873673
8319,8014,1195.0,-39.225,175.425,11.976338877267608,4.806338877267609
8320,8015,1142.0,-39.225,175.475,12.01481162549453,5.162811625494531
8321,8016,1307.0,-39.225,175.525,12.139824930406576,4.297824930406576
8322,8017,1489.0,-39.225,175.575,12.407806856915158,3.473806856915159
8323,8598,909.0,-39.375,175.425,11.161871899732887,5.707871899732887
8324,8602,860.0,-39.375,175.475,11.115694191859802,5.955694191859803
8325,8606,930.0,-39.375,175.525,11.130651409918755,5.550651409918755
8326,8610,944.0,-39.375,175.575,11.22287719942642,5.558877199426421
8327,8853,909.0,-39.275,175.425,11.635827531902123,6.181827531902123
8328,8856,1138.0,-39.275,175.475,11.64422611144164,4.816226111441639
8329,8859,1820.0,-39.275,175.525,11.73781694592435,0.817816945924351
8330,8862,2469.0,-39.275,175.575,11.946380795274308,-2.867619204725692
8331,8947,881.0,-39.325,175.425,11.362909095195846,6.0769090951958455
8332,8948,1074.0,-39.325,175.475,11.343740283401985,4.899740283401985
8333,8949,1478.0,-39.325,175.525,11.399014542063469,2.5310145420634704
8334,8950,1706.0,-39.325,175.575,11.548558605885773,1.3125586058857746
8335,8018,1295.0,-39.225,175.625,12.796041329862874,5.026041329862874
8336,8019,1140.0,-39.225,175.675,13.233119234462265,6.393119234462265
8337,8020,970.0,-39.225,175.725,13.667261892685929,7.847261892685929
8338,8021,911.0,-39.225,175.775,14.05241330724084,8.586413307240841
8339,8614,965.0,-39.375,175.625,11.405999747963051,5.615999747963051
8340,8618,943.0,-39.375,175.675,11.689301807238735,6.031301807238735
8341,8622,897.0,-39.375,175.725,12.055434270857859,6.673434270857858
8342,8627,879.0,-39.375,175.775,12.452159115129689,7.17815911512969
8343,8865,1590.0,-39.275,175.625,12.262727374028145,2.722727374028146
8344,8868,1225.0,-39.275,175.675,12.646918693408224,5.296918693408225
8345,8869,1077.0,-39.275,175.725,13.05445018253613,6.59245018253613
8346,8870,1094.0,-39.275,175.775,13.441775520407191,6.877775520407192
8347,8951,1350.0,-39.325,175.625,11.796336315759163,3.6963363157591633
8348,8952,1086.0,-39.325,175.675,12.127500845278973,5.611500845278974
8349,8953,1054.0,-39.325,175.725,12.510264129162351,6.186264129162352
8350,8954,1125.0,-39.325,175.775,12.900579970510535,6.150579970510535
8351,8022,1106.0,-39.225,175.825,14.352102916131116,7.716102916131116
8352,8023,1211.0,-39.225,175.875,14.54782618700574,7.28182618700574
8353,8024,1635.0,-39.225,175.925,14.642050076168744,4.832050076168743
8354,8632,1109.0,-39.375,175.825,12.829152451994105,6.175152451994105
8355,8714,1056.0,-39.375,175.875,13.15554532862825,6.81954532862825
8356,8720,1137.0,-39.375,175.925,13.41807164563852,6.596071645638521
8357,8871,1459.0,-39.275,175.825,13.772131379518669,5.018131379518669
8358,8872,1243.0,-39.275,175.875,14.023024551941944,6.565024551941945
8359,8873,1402.0,-39.275,175.925,14.18896123029117,5.776961230291171
8360,8955,1228.0,-39.325,175.825,13.256812450619236,5.888812450619237
8361,8956,1107.0,-39.325,175.875,13.551502283989976,6.909502283989975
8362,8957,1244.0,-39.325,175.925,13.773698666362634,6.309698666362634
8363,8025,912.0,-39.225,175.975,14.653077186419978,9.181077186419978
8364,8026,1323.0,-39.225,176.025,14.606426770500548,6.668426770500548
8365,8027,1291.0,-39.225,176.075,14.527901164210562,6.781901164210562
8366,8028,1112.0,-39.225,176.125,14.439814559505066,7.767814559505067
8367,8724,1053.0,-39.375,175.975,13.616323456675673,7.298323456675673
8368,8728,778.0,-39.375,176.025,13.758118048259348,9.090118048259349
8369,8732,976.0,-39.375,176.075,13.855519956037824,7.999519956037824
8370,8736,880.0,-39.375,176.125,13.921858305166097,8.641858305166096
8371,8874,861.0,-39.275,175.975,14.278524452553938,9.112524452553938
8372,8875,1156.0,-39.275,176.025,14.30866166494161,7.37266166494161
8373,8876,1086.0,-39.275,176.075,14.299227312490075,7.783227312490076
8374,8877,1126.0,-39.275,176.125,14.269246789706813,7.513246789706813
8375,8958,1255.0,-39.325,175.975,13.925903755998661,6.395903755998661
8376,8959,1067.0,-39.325,176.025,14.019278025763924,7.617278025763924
8377,8960,1030.0,-39.325,176.075,14.069070463752723,7.889070463752723
8378,8961,891.0,-39.325,176.125,14.091209909409372,8.745209909409372
8379,8029,1327.0,-39.225,176.175,14.35963680619443,6.397636806194431
8380,8030,1253.0,-39.225,176.225,14.300065278057446,6.782065278057447
8381,8031,1346.0,-39.225,176.275,14.269843628980198,6.193843628980197
8382,8107,1075.0,-39.325,176.225,14.108627120240271,7.658627120240271
8383,8124,797.0,-39.325,176.275,14.126546641002278,9.344546641002278
8384,8740,911.0,-39.375,176.175,13.96983237530003,8.50383237530003
8385,8744,1147.0,-39.375,176.225,14.010600359199088,7.128600359199088
8386,8748,1186.0,-39.375,176.275,14.053685829681854,6.937685829681854
8387,8878,1061.0,-39.275,176.175,14.23499877665381,7.868998776653811
8388,8879,1108.0,-39.275,176.225,14.209477366825013,7.561477366825013
8389,8880,1062.0,-39.275,176.275,14.202758913413163,7.830758913413164
8390,8962,965.0,-39.325,176.175,14.100269434821712,8.310269434821713
8391,8032,1373.0,-39.225,176.325,14.274839946180691,6.036839946180692
8392,8033,1181.0,-39.225,176.375,14.318919167414606,7.232919167414606
8393,8034,932.0,-39.225,176.425,14.404088753956785,8.812088753956786
8394,8035,585.0,-39.225,176.475,14.529569385417744,11.019569385417745
8395,8140,1288.0,-39.325,176.325,14.162950135215397,6.434950135215397
8396,8146,1120.0,-39.325,176.375,14.226701267232784,7.506701267232784
8397,8154,769.0,-39.325,176.425,14.3278109781495,9.7138109781495
8398,8416,556.0,-39.325,176.475,14.475704560344639,11.139704560344638
8399,8825,688.0,-39.375,176.325,14.107599511828084,9.979599511828084
8400,8827,703.0,-39.375,176.375,14.181286001663466,9.963286001663466
8401,8829,460.0,-39.375,176.425,14.286990170129684,11.526990170129684
8402,8831,577.0,-39.375,176.475,14.443261720651208,10.981261720651208
8403,8881,933.0,-39.275,176.325,14.222873067226828,8.62487306722683
8404,8882,1568.0,-39.275,176.375,14.27673946208597,4.868739462085971
8405,8883,891.0,-39.275,176.425,14.3703849427784,9.0243849427784
8406,8884,641.0,-39.275,176.475,14.507181511910858,10.661181511910858
8407,8036,500.0,-39.225,176.525,14.690342734596925,11.690342734596925
8408,8037,665.0,-39.225,176.575,14.876741470452544,10.886741470452543
8409,8038,572.0,-39.225,176.625,15.075787916917761,11.643787916917761
8410,8417,559.0,-39.325,176.525,14.670661441847187,11.316661441847188
8411,8418,567.0,-39.325,176.575,14.89922082717294,11.49722082717294
8412,8419,361.0,-39.325,176.625,15.14279967020775,12.97679967020775
8413,8832,299.0,-39.375,176.525,14.65701081754014,12.86301081754014
8414,8833,260.0,-39.375,176.575,14.905697958216479,13.345697958216478
8415,8835,277.0,-39.375,176.625,15.16624968591077,13.504249685910771
8416,8885,610.0,-39.275,176.525,14.684244315370961,11.02424431537096
8417,8886,520.0,-39.275,176.575,14.891043510166128,11.771043510166127
8418,8887,414.0,-39.275,176.625,15.112465355175118,12.628465355175118
8419,8039,722.0,-39.225,176.675,15.273111861421057,10.941111861421057
8420,8040,476.0,-39.225,176.725,15.454321701746267,12.598321701746267
8421,8042,305.0,-39.225,176.775,15.606019969852241,13.776019969852241
8422,8043,242.0,-39.225,176.825,15.71730159893832,14.26530159893832
8423,8420,239.0,-39.325,176.675,15.383972751002148,13.949972751002148
8424,8421,350.0,-39.325,176.725,15.6062670083802,13.5062670083802
8425,8422,248.0,-39.325,176.775,15.79223236884809,14.30423236884809
8426,8433,296.0,-39.325,176.825,15.92298848163773,14.146988481637731
8427,8836,333.0,-39.375,176.675,15.422100440312533,13.424100440312534
8428,8837,200.0,-39.375,176.725,15.658745894021195,14.458745894021195
8429,8838,186.0,-39.375,176.775,15.859447733313573,14.743447733313573
8430,8840,234.0,-39.375,176.825,16.000751653278712,14.596751653278712
8431,8888,336.0,-39.275,176.675,15.332284255279774,13.316284255279774
8432,8889,378.0,-39.275,176.725,15.534393532389913,13.266393532389912
8433,8890,180.0,-39.275,176.775,15.702968681402126,14.622968681402126
8434,8891,460.0,-39.275,176.825,15.823670955731359,13.063670955731359
8435,8044,278.0,-39.225,176.875,15.782111688066834,14.114111688066835
8436,8045,283.0,-39.225,176.925,15.801474814310495,14.103474814310495
8437,8046,307.0,-39.225,176.975,15.783701816342727,13.941701816342727
8438,8047,267.0,-39.225,177.025,15.742069703979723,14.140069703979723
8439,8434,182.0,-39.325,176.875,15.983518648277823,14.891518648277822
8440,8444,54.0,-39.325,176.925,15.974249044628777,15.650249044628778
8441,8843,22.0,-39.375,176.875,16.05537816848937,15.92337816848937
8442,8892,381.0,-39.275,176.875,15.88742432100753,13.60142432100753
8443,8893,304.0,-39.275,176.925,15.89533357185337,14.071333571853371
8444,8894,132.0,-39.275,176.975,15.859611785701418,15.067611785701418
8445,8048,185.0,-39.225,177.875,16.275988106863224,15.165988106863225
8446,8049,61.0,-39.175,173.875,17.45681887805722,17.09081887805722
8447,8050,141.0,-39.175,173.925,17.24842527128203,16.40242527128203
8448,8051,453.0,-39.175,173.975,17.013211242202487,14.295211242202488
8449,8164,41.0,-39.125,173.975,17.173564630764304,16.927564630764305
8450,8052,358.0,-39.175,174.025,16.74426453638671,14.596264536386709
8451,8053,307.0,-39.175,174.075,16.43340570452574,14.591405704525739
8452,8054,281.0,-39.175,174.125,16.08004407379258,14.394044073792578
8453,8165,142.0,-39.125,174.025,16.917076183890458,16.065076183890458
8454,8166,160.0,-39.125,174.075,16.613105687736606,15.653105687736605
8455,8167,153.0,-39.125,174.125,16.249494827680337,15.331494827680338
8456,8232,25.0,-39.075,174.025,17.061422425931596,16.911422425931598
8457,8233,43.0,-39.075,174.075,16.768170074345562,16.510170074345563
8458,8234,80.0,-39.075,174.125,16.390547237813735,15.910547237813734
8459,8055,254.0,-39.175,174.175,15.701433554168943,14.177433554168942
8460,8056,207.0,-39.175,174.225,15.322905662573248,14.08090566257325
8461,8057,172.0,-39.175,174.275,14.964046508092906,13.932046508092906
8462,8058,184.0,-39.175,174.325,14.635903087752013,13.531903087752013
8463,8168,169.0,-39.125,174.175,15.85495860603487,14.84095860603487
8464,8169,177.0,-39.125,174.225,15.466610217460584,14.404610217460585
8465,8170,146.0,-39.125,174.275,15.102813619550489,14.226813619550489
8466,8171,117.0,-39.125,174.325,14.76986529192527,14.067865291925271
8467,8235,87.0,-39.075,174.175,15.983067112906156,15.461067112906155
8468,8236,109.0,-39.075,174.225,15.593296046602518,14.939296046602518
8469,8237,86.0,-39.075,174.275,15.232773476456714,14.716773476456714
8470,8238,144.0,-39.075,174.325,14.900968345238653,14.036968345238652
8471,8059,188.0,-39.175,174.375,14.342394026326929,13.214394026326929
8472,8060,122.0,-39.175,174.425,14.08254954405038,13.35054954405038
8473,8065,258.0,-39.175,174.475,13.853357685656192,12.305357685656192
8474,8066,110.0,-39.175,174.525,13.651702127061526,12.991702127061526
8475,8172,187.0,-39.125,174.375,14.469393315675006,13.347393315675006
8476,8173,162.0,-39.125,174.425,14.200900341224951,13.228900341224952
8477,8174,166.0,-39.125,174.475,13.962821317628368,12.966821317628368
8478,8175,187.0,-39.125,174.525,13.753307232237603,12.631307232237603
8479,8239,135.0,-39.075,174.375,14.598001092052073,13.788001092052072
8480,8240,266.0,-39.075,174.425,14.32417441468806,12.728174414688059
8481,8241,68.0,-39.075,174.475,14.0794001042309,13.6714001042309
8482,8242,247.0,-39.075,174.525,13.863269765518453,12.381269765518454
8483,8067,201.0,-39.175,174.575,13.474953629630363,12.268953629630364
8484,8068,235.0,-39.175,174.625,13.32089347505189,11.91089347505189
8485,8069,201.0,-39.175,174.675,13.187490883760802,11.981490883760802
8486,8176,196.0,-39.125,174.575,13.570588341039638,12.394588341039638
8487,8177,254.0,-39.125,174.625,13.412980258784955,11.888980258784954
8488,8178,347.0,-39.125,174.675,13.278753071209394,11.196753071209393
8489,8243,204.0,-39.075,174.575,13.675158520586592,12.451158520586592
8490,8244,198.0,-39.075,174.625,13.514178535921019,12.326178535921018
8491,8245,225.0,-39.075,174.675,13.379063900227266,12.029063900227266
8492,8070,217.0,-39.175,174.725,13.072730374580715,11.770730374580715
8493,8071,269.0,-39.175,174.775,12.974530267469618,11.360530267469617
8494,8072,314.0,-39.175,174.825,12.89073458109624,11.00673458109624
8495,8073,313.0,-39.175,174.875,12.819140593335305,10.941140593335305
8496,8179,229.0,-39.125,174.725,13.166027147449313,11.792027147449312
8497,8180,393.0,-39.125,174.775,13.072759074511396,10.714759074511395
8498,8181,224.0,-39.125,174.825,12.996804298496954,11.652804298496955
8499,8182,261.0,-39.125,174.875,12.936005988294255,11.370005988294256
8500,8246,351.0,-39.075,174.725,13.268123830634977,11.162123830634977
8501,8247,282.0,-39.075,174.775,13.1793289900329,11.4873289900329
8502,8248,188.0,-39.075,174.825,13.110493715988923,11.982493715988923
8503,8249,115.0,-39.075,174.875,13.05946519061581,12.369465190615811
8504,8074,372.0,-39.175,174.925,12.757524524765358,10.525524524765359
8505,8075,247.0,-39.175,174.975,12.703637966770202,11.221637966770203
8506,8076,433.0,-39.175,175.025,12.655158683325226,10.057158683325227
8507,8183,226.0,-39.125,174.925,12.888259104586723,11.532259104586723
8508,8184,138.0,-39.125,174.975,12.851516591085783,12.023516591085784
8509,8185,277.0,-39.125,175.025,12.82372077170885,11.16172077170885
8510,8250,232.0,-39.075,174.925,13.024244284087217,11.632244284087218
8511,8251,364.0,-39.075,174.975,13.003002704655046,10.819002704655045
8512,8252,281.0,-39.075,175.025,12.99398835957436,11.30798835957436
8513,8077,388.0,-39.175,175.075,12.609586686419334,10.281586686419335
8514,8078,410.0,-39.175,175.125,12.564104527592463,10.104104527592463
8515,8079,578.0,-39.175,175.175,12.515704339379681,9.047704339379681
8516,8080,559.0,-39.175,175.225,12.463092192953809,9.10909219295381
8517,8108,419.0,-39.075,175.075,12.99531187015009,10.48131187015009
8518,8123,371.0,-39.075,175.125,13.004567376209707,10.778567376209708
8519,8136,215.0,-39.075,175.175,13.017954080211894,11.727954080211894
8520,8152,200.0,-39.075,175.225,13.025631105118464,11.825631105118465
8521,8186,269.0,-39.125,175.075,12.802640879470346,11.188640879470345
8522,8187,142.0,-39.125,175.125,12.785538713133974,11.933538713133974
8523,8188,443.0,-39.125,175.175,12.768353945633862,10.110353945633863
8524,8189,371.0,-39.125,175.225,12.746029806471597,10.520029806471598
8525,8081,300.0,-39.175,175.275,12.410854534048667,10.610854534048666
8526,8082,565.0,-39.175,175.325,12.369594621985925,8.979594621985925
8527,8083,837.0,-39.175,175.375,12.352815400543022,7.330815400543023
8528,8190,392.0,-39.125,175.275,12.723835783042432,10.371835783042432
8529,8191,353.0,-39.125,175.325,12.716517208488312,10.598517208488312
8530,8192,636.0,-39.125,175.375,12.739667926548464,8.923667926548465
8531,8254,306.0,-39.075,175.275,13.033659106243704,11.197659106243703
8532,8259,415.0,-39.075,175.325,13.060551395017228,10.570551395017228
8533,8273,541.0,-39.075,175.375,13.122923470899423,9.876923470899422
8534,8084,846.0,-39.175,175.425,12.376281037214994,7.300281037214994
8535,8085,878.0,-39.175,175.475,12.459591677852131,7.191591677852132
8536,8086,997.0,-39.175,175.525,12.632661867962725,6.650661867962724
8537,8087,1175.0,-39.175,175.575,12.952221664361787,5.902221664361787
8538,8193,740.0,-39.125,175.425,12.810851654688122,8.37085165468812
8539,8194,782.0,-39.125,175.475,12.951537347159046,8.259537347159046
8540,8195,883.0,-39.125,175.525,13.18945387278427,7.89145387278427
8541,8196,1044.0,-39.125,175.575,13.548365567554356,7.284365567554357
8542,8276,960.0,-39.075,175.425,13.239516608708982,7.479516608708982
8543,8281,691.0,-39.075,175.475,13.430860268304968,9.284860268304968
8544,8283,805.0,-39.075,175.525,13.716605017636084,8.886605017636084
8545,8285,790.0,-39.075,175.575,14.105316540610147,9.365316540610147
8546,8088,1555.0,-39.175,175.625,13.38997808174372,4.05997808174372
8547,8089,1268.0,-39.175,175.675,13.866766987696792,6.258766987696792
8548,8090,1026.0,-39.175,175.725,14.323502931192706,8.167502931192708
8549,8091,806.0,-39.175,175.775,14.705365655881906,9.869365655881905
8550,8197,1595.0,-39.125,175.625,14.007672954816826,4.437672954816827
8551,8198,1554.0,-39.125,175.675,14.508198975692267,5.184198975692267
8552,8199,986.0,-39.125,175.725,14.983489818946964,9.067489818946964
8553,8200,710.0,-39.125,175.775,15.363475258278413,11.103475258278413
8554,8289,906.0,-39.075,175.625,14.579361514676748,9.143361514676748
8555,8294,789.0,-39.075,175.675,15.094177998742452,10.360177998742452
8556,8299,564.0,-39.075,175.725,15.586512287306505,12.202512287306504
8557,8304,581.0,-39.075,175.775,15.972775428253044,12.486775428253043
8558,8092,983.0,-39.175,175.825,14.968971829615839,9.07097182961584
8559,8093,1008.0,-39.175,175.875,15.097143127610252,9.049143127610252
8560,8094,1236.0,-39.175,175.925,15.103556047021812,7.687556047021812
8561,8201,644.0,-39.125,175.825,15.586767480896924,11.722767480896923
8562,8202,971.0,-39.125,175.875,15.633123454065753,9.807123454065753
8563,8203,1314.0,-39.125,175.925,15.534809760073585,7.650809760073585
8564,8309,496.0,-39.075,175.825,16.155936528470193,13.179936528470193
8565,8314,622.0,-39.075,175.875,16.103105804269035,12.371105804269035
8566,8319,1020.0,-39.075,175.925,15.885211329794402,9.765211329794402
8567,8095,1150.0,-39.175,175.975,15.02102533029938,8.121025330299382
8568,8096,1074.0,-39.175,176.025,14.886441612696217,8.442441612696218
8569,8097,1177.0,-39.175,176.075,14.732222458429533,7.670222458429533
8570,8098,1419.0,-39.175,176.125,14.58348340107932,6.069483401079321
8571,8204,1432.0,-39.125,175.975,15.346263409494895,6.754263409494895
8572,8205,1198.0,-39.125,176.025,15.117410806326916,7.929410806326916
8573,8206,1360.0,-39.125,176.075,14.886354064129591,6.726354064129591
8574,8207,1270.0,-39.125,176.125,14.679614249926999,7.059614249927
8575,8324,1010.0,-39.075,175.975,15.586057598794469,9.52605759879447
8576,8329,1187.0,-39.075,176.025,15.265620282126292,8.143620282126292
8577,8334,942.0,-39.075,176.075,14.964634424180986,9.312634424180985
8578,8335,1071.0,-39.075,176.125,14.709291079686409,8.283291079686409
8579,8099,1006.0,-39.175,176.175,14.457909406550243,8.421909406550242
8580,8100,1095.0,-39.175,176.225,14.366739353657977,7.796739353657977
8581,8101,1279.0,-39.175,176.275,14.31620412128541,6.64220412128541
8582,8208,915.0,-39.125,176.175,14.513738697107328,9.023738697107328
8583,8209,823.0,-39.125,176.225,14.397235258968976,9.459235258968977
8584,8210,994.0,-39.125,176.275,14.332706878667523,8.368706878667524
8585,8336,1357.0,-39.075,176.175,14.513770893646324,6.371770893646325
8586,8337,1051.0,-39.075,176.225,14.382700136246967,8.076700136246966
8587,8338,620.0,-39.075,176.275,14.314061605136885,10.594061605136886
8588,8102,1236.0,-39.175,176.325,14.308992920313358,6.892992920313358
8589,8103,1002.0,-39.175,176.375,14.345358381083315,8.333358381083315
8590,8104,799.0,-39.175,176.425,14.423562556341494,9.629562556341494
8591,8105,597.0,-39.175,176.475,14.539636278366743,10.957636278366742
8592,8211,930.0,-39.125,176.325,14.318871422929078,8.738871422929078
8593,8212,571.0,-39.125,176.375,14.35207889436333,10.92607889436333
8594,8213,984.0,-39.125,176.425,14.42712030446728,8.52312030446728
8595,8214,794.0,-39.125,176.475,14.53741576315133,9.77341576315133
8596,8339,751.0,-39.075,176.325,14.301994451690007,9.795994451690007
8597,8340,991.0,-39.075,176.375,14.338840421793066,8.392840421793066
8598,8341,794.0,-39.075,176.425,14.41624390414836,9.65224390414836
8599,8342,943.0,-39.075,176.475,14.525519999655444,8.867519999655444
8600,8064,502.0,-39.175,176.575,14.85581177734366,11.84381177734366
8601,8106,453.0,-39.175,176.525,14.686880472464509,11.968880472464509
8602,8143,396.0,-39.175,176.625,15.034875510272286,12.658875510272287
8603,8215,605.0,-39.125,176.525,14.674927429273339,11.04492742927334
8604,8216,562.0,-39.125,176.575,14.830213155585625,11.458213155585625
8605,8217,541.0,-39.125,176.625,14.992841485296594,11.746841485296594
8606,8343,812.0,-39.075,176.525,14.657673480635822,9.785673480635822
8607,8344,582.0,-39.075,176.575,14.803416679675138,11.311416679675137
8608,8345,570.0,-39.075,176.625,14.953377809953963,11.533377809953963
8609,8148,503.0,-39.175,176.675,15.211592307532555,12.193592307532555
8610,8156,894.0,-39.175,176.725,15.373702430370031,10.00970243037003
8611,8157,442.0,-39.175,176.775,15.510272132147293,12.858272132147293
8612,8158,181.0,-39.175,176.825,15.612977976450566,14.526977976450565
8613,8218,374.0,-39.125,176.675,15.152104548614261,12.908104548614261
8614,8219,845.0,-39.125,176.725,15.297863278453406,10.227863278453405
8615,8220,879.0,-39.125,176.775,15.421449664981083,10.147449664981083
8616,8221,688.0,-39.125,176.825,15.516617184835923,11.388617184835923
8617,8346,674.0,-39.075,176.675,15.098520607286446,11.054520607286445
8618,8347,367.0,-39.075,176.725,15.23070715173344,13.02870715173344
8619,8348,527.0,-39.075,176.775,15.343331594633128,12.181331594633129
8620,8349,592.0,-39.075,176.825,15.431957650040204,11.879957650040204
8621,8159,292.0,-39.175,176.875,15.677556746112714,13.925556746112713
8622,8160,159.0,-39.175,176.925,15.704885024752002,14.750885024752002
8623,8161,93.0,-39.175,176.975,15.700960633147588,15.142960633147588
8624,8162,76.0,-39.175,177.025,15.675677405276474,15.219677405276475
8625,8222,487.0,-39.125,176.875,15.58043173176793,12.65843173176793
8626,8223,322.0,-39.125,176.925,15.613819488907211,13.68181948890721
8627,8224,148.0,-39.125,176.975,15.62148042532499,14.73348042532499
8628,8225,158.0,-39.125,177.025,15.611169737343516,14.663169737343516
8629,8350,464.0,-39.075,176.875,15.494854420679076,12.710854420679077
8630,8351,442.0,-39.075,176.925,15.533279399381172,12.881279399381173
8631,8352,295.0,-39.075,176.975,15.551394283165791,13.781394283165792
8632,8353,278.0,-39.075,177.025,15.555859556509859,13.88785955650986
8633,8226,141.0,-39.125,177.075,15.592759037927863,14.746759037927863
8634,8227,97.0,-39.125,177.125,15.57778128524933,14.995781285249329
8635,8228,60.0,-39.125,177.175,15.580974050844816,15.220974050844816
8636,8354,222.0,-39.075,177.075,15.555382029753673,14.223382029753672
8637,8355,121.0,-39.075,177.125,15.560777451329159,14.83477745132916
8638,8356,147.0,-39.075,177.175,15.586785250377034,14.704785250377034
8639,8357,94.0,-39.075,177.225,15.651360457475676,15.087360457475675
8640,8358,20.0,-39.075,177.275,15.750426754664659,15.63042675466466
8641,8359,20.0,-39.075,177.325,15.867628684569354,15.747628684569355
8642,8163,277.0,-39.175,177.875,16.37387901608963,14.711879016089632
8643,8229,183.0,-39.125,177.875,16.470997986565635,15.372997986565634
8644,8230,120.0,-39.125,177.925,16.472550604406933,15.752550604406933
8645,8360,22.0,-39.075,177.875,16.567110152362147,16.435110152362146
8646,8231,126.0,-39.125,177.975,16.469858977448894,15.713858977448893
8647,8361,30.0,-39.025,174.175,16.083214457829854,15.903214457829854
8648,8362,56.0,-39.025,174.225,15.707271780121573,15.371271780121573
8649,8363,69.0,-39.025,174.275,15.358051386013813,14.944051386013813
8650,8364,59.0,-39.025,174.325,15.031375254739487,14.677375254739488
8651,8365,50.0,-39.025,174.375,14.728641131049699,14.428641131049698
8652,8366,73.0,-39.025,174.425,14.451563289445403,14.013563289445402
8653,8367,149.0,-39.025,174.475,14.201543369093088,13.307543369093088
8654,8368,84.0,-39.025,174.525,13.97963360407266,13.47563360407266
8655,8629,24.0,-38.975,174.425,14.583840222025628,14.439840222025628
8656,8712,84.0,-38.975,174.475,14.329119831012576,13.825119831012577
8657,8716,54.0,-38.975,174.525,14.101642899476701,13.777642899476701
8658,8808,149.0,-38.925,174.525,14.229683805123841,13.33568380512384
8659,8369,146.0,-39.025,174.575,13.786490727589808,12.910490727589808
8660,8370,287.0,-39.025,174.625,13.62219133858298,11.90019133858298
8661,8371,193.0,-39.025,174.675,13.486024108006404,12.328024108006405
8662,8487,167.0,-38.875,174.575,14.154876105131734,13.152876105131734
8663,8488,49.0,-38.875,174.625,13.978337042008661,13.68433704200866
8664,8489,202.0,-38.875,174.675,13.837085047190612,12.625085047190613
8665,8718,78.0,-38.975,174.575,13.903406667073341,13.435406667073341
8666,8721,262.0,-38.975,174.625,13.735591316200498,12.163591316200499
8667,8725,210.0,-38.975,174.675,13.59807457975785,12.33807457975785
8668,8809,172.0,-38.925,174.575,14.025815009096732,12.993815009096732
8669,8810,144.0,-38.925,174.625,13.85400651816417,12.990006518164169
8670,8811,284.0,-38.925,174.675,13.714768429997093,12.010768429997093
8671,8372,298.0,-39.025,174.725,13.37645767025424,11.58845767025424
8672,8373,275.0,-39.025,174.775,13.291365490470525,11.641365490470525
8673,8374,189.0,-39.025,174.825,13.228397568377659,12.094397568377659
8674,8375,121.0,-39.025,174.875,13.185316540386793,12.459316540386794
8675,8490,97.0,-38.875,174.725,13.728322044029028,13.146322044029027
8676,8491,395.0,-38.875,174.775,13.647293415173408,11.277293415173407
8677,8492,428.0,-38.875,174.825,13.589683890398646,11.021683890398647
8678,8493,391.0,-38.875,174.875,13.552496498510209,11.206496498510209
8679,8729,348.0,-38.975,174.725,13.489336854818248,11.401336854818247
8680,8733,284.0,-38.975,174.775,13.406911424844111,11.70291142484411
8681,8737,153.0,-38.975,174.825,13.348075795729528,12.430075795729529
8682,8741,212.0,-38.975,174.875,13.310391173743483,12.038391173743483
8683,8812,280.0,-38.925,174.725,13.606271462175755,11.926271462175755
8684,8813,320.0,-38.925,174.775,13.525270995742176,11.605270995742176
8685,8814,467.0,-38.925,174.825,13.468387226095729,10.666387226095729
8686,8815,277.0,-38.925,174.875,13.432885223022367,11.770885223022368
8687,8002,304.0,-38.925,174.925,13.416877604204728,11.592877604204729
8688,8110,186.0,-38.925,174.975,13.41919138492267,12.30319138492267
8689,8112,140.0,-38.925,175.025,13.439076213734552,12.599076213734552
8690,8376,221.0,-39.025,174.925,13.16018333185184,11.83418333185184
8691,8377,307.0,-39.025,174.975,13.151367494291208,11.309367494291207
8692,8378,280.0,-39.025,175.025,13.157391742931395,11.477391742931395
8693,8494,481.0,-38.875,174.925,13.533992342759575,10.647992342759576
8694,8495,178.0,-38.875,174.975,13.533348953020322,12.465348953020323
8695,8496,179.0,-38.875,175.025,13.550277118556096,12.476277118556096
8696,8745,301.0,-38.975,174.925,13.291937947827137,11.485937947827138
8697,8749,174.0,-38.975,174.975,13.291286865381608,12.247286865381607
8698,8750,140.0,-38.975,175.025,13.307274694268926,12.467274694268927
8699,8114,254.0,-38.925,175.075,13.475828531677962,11.951828531677961
8700,8116,176.0,-38.925,175.125,13.52838049950833,12.47238049950833
8701,8118,323.0,-38.925,175.175,13.594947660495563,11.656947660495563
8702,8120,178.0,-38.925,175.225,13.672428231438062,12.604428231438062
8703,8379,162.0,-39.025,175.075,13.17659327560068,12.204593275600681
8704,8380,271.0,-39.025,175.125,13.206491809022737,11.580491809022737
8705,8381,479.0,-39.025,175.175,13.242592502720072,10.368592502720071
8706,8382,481.0,-39.025,175.225,13.278699211857202,10.392699211857202
8707,8497,197.0,-38.875,175.075,13.584657577680446,12.402657577680445
8708,8498,401.0,-38.875,175.125,13.636221941793337,11.230221941793339
8709,8499,371.0,-38.875,175.175,13.70423739468879,11.47823739468879
8710,8500,248.0,-38.875,175.225,13.7866055332197,12.2986055332197
8711,8751,230.0,-38.975,175.075,13.33859876938186,11.958598769381862
8712,8752,267.0,-38.975,175.125,13.38319495115411,11.78119495115411
8713,8753,397.0,-38.975,175.175,13.437573985077051,11.055573985077052
8714,8754,249.0,-38.975,175.225,13.497543411693186,12.003543411693187
8715,8125,210.0,-38.925,175.275,13.753870566749356,12.493870566749356
8716,8134,319.0,-38.925,175.325,13.843653738383182,11.929653738383182
8717,8137,238.0,-38.925,175.375,13.967312777817824,12.539312777817823
8718,8383,336.0,-39.025,175.275,13.318341945305292,11.302341945305292
8719,8384,415.0,-39.025,175.325,13.376369877857542,10.886369877857542
8720,8385,480.0,-39.025,175.375,13.471197527400363,10.591197527400364
8721,8501,267.0,-38.875,175.275,13.873444581493459,12.271444581493459
8722,8502,204.0,-38.875,175.325,13.964014052170569,12.740014052170569
8723,8503,251.0,-38.875,175.375,14.087088603138,12.581088603138
8724,8755,365.0,-38.975,175.275,13.562635178365326,11.372635178365327
8725,8756,339.0,-38.975,175.325,13.643019954402007,11.609019954402008
8726,8757,401.0,-38.975,175.375,13.758724881390663,11.352724881390664
8727,8150,373.0,-38.925,175.425,14.143766526665786,11.905766526665786
8728,8255,454.0,-38.925,175.475,14.384270000818105,11.660270000818105
8729,8258,549.0,-38.925,175.525,14.692340929211241,11.39834092921124
8730,8271,710.0,-38.925,175.575,15.061566701019728,10.801566701019729
8731,8386,660.0,-39.025,175.425,13.622354838426872,9.662354838426873
8732,8387,504.0,-39.025,175.475,13.84790807657646,10.823908076576458
8733,8388,550.0,-39.025,175.525,14.160913328101742,10.860913328101741
8734,8389,667.0,-39.025,175.575,14.563152656181046,10.561152656181047
8735,8504,257.0,-38.875,175.425,14.258233939604906,12.716233939604907
8736,8505,399.0,-38.875,175.475,14.485289998489861,12.091289998489861
8737,8506,751.0,-38.875,175.525,14.76837527104908,10.26237527104908
8738,8507,726.0,-38.875,175.575,15.098037211337214,10.742037211337214
8739,8758,432.0,-38.975,175.425,13.92970550260361,11.33770550260361
8740,8759,450.0,-38.975,175.475,14.171043987285884,11.471043987285885
8741,8760,616.0,-38.975,175.525,14.490703594829938,10.794703594829938
8742,8761,643.0,-38.975,175.575,14.886119181771392,11.028119181771391
8743,8275,654.0,-38.925,175.625,15.473051516515625,11.549051516515625
8744,8279,691.0,-38.925,175.675,15.893042998857709,11.747042998857708
8745,8288,562.0,-38.925,175.725,16.26933098895188,12.897330988951879
8746,8293,357.0,-38.925,175.775,16.523309229076403,14.381309229076404
8747,8390,636.0,-39.025,175.625,15.038562912546695,11.222562912546696
8748,8391,577.0,-39.025,175.675,15.55165862674221,12.08965862674221
8749,8392,642.0,-39.025,175.725,16.048430771569656,12.196430771569656
8750,8393,788.0,-39.025,175.775,16.44776843485579,11.719768434855789
8751,8508,595.0,-38.875,175.625,15.453099795217895,11.883099795217895
8752,8509,489.0,-38.875,175.675,15.798642657150594,12.864642657150595
8753,8510,453.0,-38.875,175.725,16.084313954866957,13.366313954866957
8754,8511,357.0,-38.875,175.775,16.245758438332814,14.103758438332815
8755,8762,640.0,-38.975,175.625,15.340753660514565,11.500753660514565
8756,8763,913.0,-38.975,175.675,15.822324635373661,10.34432463537366
8757,8764,792.0,-38.975,175.725,16.28112061250249,11.529120612502492
8758,8765,467.0,-38.975,175.775,16.640674504966228,13.838674504966228
8759,8298,357.0,-38.925,175.825,16.55212885448327,14.410128854483272
8760,8303,357.0,-38.925,175.875,16.321879917667502,14.179879917667503
8761,8308,400.0,-38.925,175.925,15.9222849050675,13.5222849050675
8762,8394,411.0,-39.025,175.825,16.599841841478337,14.133841841478336
8763,8395,457.0,-39.025,175.875,16.42780022925308,13.68580022925308
8764,8396,694.0,-39.025,175.925,16.092677075807842,11.928677075807842
8765,8512,357.0,-38.875,175.825,16.221852708209553,14.079852708209554
8766,8513,357.0,-38.875,175.875,15.99657072156242,13.854570721562421
8767,8514,357.0,-38.875,175.925,15.616271856511958,13.474271856511958
8768,8766,366.0,-38.975,175.825,16.745225221581677,14.549225221581677
8769,8767,435.0,-38.975,175.875,16.50363710237889,13.89363710237889
8770,8768,506.0,-38.975,175.925,16.10394329242081,13.067943292420809
8771,8313,585.0,-38.925,175.975,15.453944173616037,11.943944173616037
8772,8318,560.0,-38.925,176.025,14.994686939933672,11.634686939933673
8773,8323,683.0,-38.925,176.075,14.604636837591897,10.506636837591898
8774,8328,560.0,-38.925,176.125,14.320627608078212,10.960627608078212
8775,8397,669.0,-39.025,175.975,15.696874076343192,11.682874076343193
8776,8398,667.0,-39.025,176.025,15.301106207035446,11.299106207035447
8777,8399,874.0,-39.025,176.075,14.946623863947934,9.702623863947935
8778,8400,1092.0,-39.025,176.125,14.659212304388348,8.107212304388348
8779,8515,357.0,-38.875,175.975,15.156654805170547,13.014654805170547
8780,8516,505.0,-38.875,176.025,14.69838644038282,11.66838644038282
8781,8517,541.0,-38.875,176.075,14.31901996011402,11.073019960114019
8782,8518,526.0,-38.875,176.125,14.07026949437477,10.914269494374771
8783,8769,525.0,-38.975,175.975,15.65029567858528,12.50029567858528
8784,8770,639.0,-38.975,176.025,15.207936478716874,11.373936478716875
8785,8771,639.0,-38.975,176.075,14.82364159955796,10.98964159955796
8786,8772,674.0,-38.975,176.125,14.526100083531674,10.482100083531673
8787,8333,640.0,-38.925,176.175,14.14995132927379,10.30995132927379
8788,8401,1095.0,-39.025,176.175,14.450352796073275,7.880352796073276
8789,8402,739.0,-39.025,176.225,14.319882172811049,9.88588217281105
8790,8403,657.0,-39.025,176.275,14.26024216989299,10.31824216989299
8791,8436,757.0,-38.925,176.225,14.077681270753601,9.535681270753601
8792,8448,740.0,-38.925,176.275,14.081222054240243,9.641222054240242
8793,8519,605.0,-38.875,176.175,13.953781932626953,10.323781932626954
8794,8520,721.0,-38.875,176.225,13.938662152510915,9.612662152510914
8795,8521,781.0,-38.875,176.275,13.992311688361042,9.306311688361042
8796,8773,972.0,-38.975,176.175,14.32471248352249,8.492712483522489
8797,8774,1042.0,-38.975,176.225,14.213377995369228,7.9613779953692285
8798,8775,710.0,-38.975,176.275,14.177867000368678,9.917867000368679
8799,8404,827.0,-39.025,176.325,14.26055476988131,9.29855476988131
8800,8405,805.0,-39.025,176.375,14.309281606953846,9.479281606953846
8801,8406,763.0,-39.025,176.425,14.395420316683158,9.817420316683158
8802,8407,944.0,-39.025,176.475,14.508780283795204,8.844780283795204
8803,8455,761.0,-38.925,176.325,14.139486315113572,9.573486315113573
8804,8456,721.0,-38.925,176.375,14.235389359601868,9.909389359601867
8805,8457,760.0,-38.925,176.425,14.355458162220202,9.795458162220203
8806,8458,722.0,-38.925,176.475,14.488929726285278,10.156929726285277
8807,8522,757.0,-38.875,176.325,14.090554265361789,9.548554265361789
8808,8523,720.0,-38.875,176.375,14.21626991544781,9.89626991544781
8809,8524,732.0,-38.875,176.425,14.35679486474146,9.96479486474146
8810,8525,778.0,-38.875,176.475,14.502321851759916,9.834321851759917
8811,8776,949.0,-38.975,176.325,14.202051376349118,8.508051376349119
8812,8777,789.0,-38.975,176.375,14.271026635157796,9.537026635157796
8813,8778,784.0,-38.975,176.425,14.371953287971337,9.667953287971336
8814,8779,720.0,-38.975,176.475,14.493904593015031,10.173904593015031
8815,8063,840.0,-38.875,176.575,14.779379323143075,9.739379323143076
8816,8142,1034.0,-38.875,176.625,14.900878274818751,8.69687827481875
8817,8408,684.0,-39.025,176.525,14.639886683143231,10.535886683143232
8818,8409,460.0,-39.025,176.575,14.779867739822294,12.019867739822294
8819,8410,520.0,-39.025,176.625,14.920486606321901,11.8004866063219
8820,8459,704.0,-38.925,176.525,14.627072943697385,10.403072943697385
8821,8460,728.0,-38.925,176.575,14.762815917649277,10.394815917649277
8822,8461,992.0,-38.925,176.625,14.890594510558913,8.938594510558913
8823,8526,711.0,-38.875,176.525,14.645145473962657,10.379145473962657
8824,8780,773.0,-38.975,176.525,14.627494061007383,9.989494061007383
8825,8781,584.0,-38.975,176.575,14.764598707086407,11.260598707086407
8826,8782,824.0,-38.975,176.625,14.898256396592842,9.954256396592843
8827,8149,885.0,-38.875,176.675,15.007201447206171,9.697201447206172
8828,8253,350.0,-39.025,176.825,15.361086634342428,13.261086634342428
8829,8256,1114.0,-38.875,176.725,15.097534080227888,8.413534080227887
8830,8282,564.0,-38.875,176.775,15.172551155837937,11.788551155837936
8831,8284,829.0,-38.875,176.825,15.234241835080866,10.260241835080866
8832,8411,759.0,-39.025,176.675,15.054342733631529,10.50034273363153
8833,8412,944.0,-39.025,176.725,15.175198224579617,9.511198224579617
8834,8413,361.0,-39.025,176.775,15.278365257989208,13.112365257989207
8835,8462,993.0,-38.925,176.675,15.006322603508124,9.048322603508126
8836,8463,846.0,-38.925,176.725,15.107408918494912,10.031408918494911
8837,8464,891.0,-38.925,176.775,15.192775572201754,9.846775572201754
8838,8465,496.0,-38.925,176.825,15.262855267183113,12.286855267183114
8839,8783,692.0,-38.975,176.675,15.022714758180882,10.870714758180881
8840,8784,929.0,-38.975,176.725,15.133576478834584,9.559576478834586
8841,8785,457.0,-38.975,176.775,15.227984163415385,12.485984163415385
8842,8786,744.0,-38.975,176.825,15.304794172124275,10.840794172124275
8843,8257,208.0,-39.025,176.875,15.422831951045737,14.174831951045737
8844,8278,409.0,-39.025,176.925,15.465430740916418,13.011430740916417
8845,8287,667.0,-38.875,176.875,15.285718930560506,11.283718930560507
8846,8291,375.0,-39.025,176.975,15.49300362613485,13.24300362613485
8847,8292,533.0,-38.875,176.925,15.331023087447647,12.133023087447647
8848,8296,306.0,-39.025,177.025,15.511745083863389,13.675745083863388
8849,8297,495.0,-38.875,176.975,15.374911583029643,12.404911583029643
8850,8302,339.0,-38.875,177.025,15.422600827420865,13.388600827420866
8851,8466,799.0,-38.925,176.875,15.319553086674205,10.525553086674204
8852,8467,358.0,-38.925,176.925,15.366160958862565,13.218160958862565
8853,8468,381.0,-38.925,176.975,15.407215229741269,13.121215229741269
8854,8469,205.0,-38.925,177.025,15.448285717378894,14.218285717378894
8855,8787,606.0,-38.975,176.875,15.364693208072822,11.728693208072823
8856,8788,439.0,-38.975,176.925,15.41021992622882,12.77621992622882
8857,8789,543.0,-38.975,176.975,15.4456780534274,12.187678053427401
8858,8790,348.0,-38.975,177.025,15.476964181872063,13.388964181872062
8859,8301,235.0,-39.025,177.075,15.529725565426816,14.119725565426815
8860,8306,276.0,-39.025,177.125,15.556909617393103,13.900909617393102
8861,8307,360.0,-38.875,177.075,15.479402931639925,13.319402931639925
8862,8311,303.0,-39.025,177.175,15.604901777909618,13.786901777909618
8863,8312,485.0,-38.875,177.125,15.550163856521067,12.640163856521067
8864,8317,281.0,-38.875,177.175,15.638434279750072,13.952434279750072
8865,8470,318.0,-38.925,177.075,15.495651273041403,13.587651273041404
8866,8471,250.0,-38.925,177.125,15.555713690104312,14.055713690104312
8867,8472,266.0,-38.925,177.175,15.633879625874215,14.037879625874215
8868,8791,496.0,-38.975,177.075,15.511341001601977,12.535341001601978
8869,8792,395.0,-38.975,177.125,15.557044366927585,13.187044366927584
8870,8793,366.0,-38.975,177.175,15.622119768733683,13.426119768733683
8871,8316,121.0,-39.025,177.225,15.682860548849021,14.956860548849022
8872,8321,196.0,-39.025,177.275,15.789303382772232,14.613303382772232
8873,8322,135.0,-38.875,177.225,15.745501947438242,14.935501947438242
8874,8326,69.0,-39.025,177.325,15.914270362126445,15.500270362126445
8875,8327,238.0,-38.875,177.275,15.869734064386648,14.441734064386647
8876,8331,20.0,-39.025,177.375,16.046182092933122,15.926182092933123
8877,8332,185.0,-38.875,177.325,16.00669808359453,14.89669808359453
8878,8440,220.0,-38.875,177.375,16.1501056550087,14.830105655008701
8879,8473,186.0,-38.925,177.225,15.732872377074273,14.616872377074273
8880,8474,90.0,-38.925,177.275,15.851340435239763,15.311340435239764
8881,8475,182.0,-38.925,177.325,15.983938183304417,14.891938183304417
8882,8476,255.0,-38.925,177.375,16.12270563790844,14.59270563790844
8883,8794,104.0,-38.975,177.225,15.711570660955658,15.087570660955658
8884,8795,227.0,-38.975,177.275,15.824259335791794,14.462259335791794
8885,8796,135.0,-38.975,177.325,15.95330831634692,15.14330831634692
8886,8797,42.0,-38.975,177.375,16.088652899721637,15.836652899721637
8887,8435,20.0,-39.025,177.425,16.170455469376975,16.050455469376974
8888,8445,135.0,-38.875,177.425,16.293317834455593,15.483317834455592
8889,8449,24.0,-39.025,177.475,16.276490811053918,16.13249081105392
8890,8452,92.0,-38.875,177.475,16.430892246006806,15.878892246006806
8891,8477,40.0,-38.925,177.425,16.25917818787093,16.01917818787093
8892,8478,263.0,-38.925,177.475,16.38725186820011,14.80925186820011
8893,8479,158.0,-38.925,177.525,16.50424278027458,15.55624278027458
8894,8584,237.0,-38.875,177.525,16.559147958514586,15.137147958514586
8895,8586,110.0,-39.025,177.525,16.370275002461312,15.710275002461312
8896,8798,19.0,-38.975,177.425,16.218855018700197,16.104855018700196
8897,8799,53.0,-38.975,177.475,16.33657798675631,16.01857798675631
8898,8800,189.0,-38.975,177.525,16.441719757494866,15.307719757494866
8899,8480,193.0,-38.925,177.575,16.60878795460667,15.45078795460667
8900,8481,392.0,-38.925,177.625,16.699119820904343,14.347119820904343
8901,8482,548.0,-38.925,177.675,16.772751707438147,13.484751707438146
8902,8483,553.0,-38.925,177.725,16.826722661604435,13.508722661604436
8903,8590,398.0,-38.875,177.575,16.67543230078718,14.287432300787179
8904,8592,276.0,-38.875,177.625,16.777116376617414,15.121116376617413
8905,8594,403.0,-38.875,177.675,16.861026246657275,14.443026246657276
8906,8597,508.0,-38.875,177.725,16.923275776288392,13.875275776288392
8907,8599,20.0,-39.025,177.575,16.453168069444473,16.333168069444472
8908,8603,138.0,-39.025,177.625,16.524329741565452,15.696329741565453
8909,8607,37.0,-39.025,177.675,16.582269572454607,16.360269572454605
8910,8611,156.0,-39.025,177.725,16.62546723705782,15.68946723705782
8911,8801,270.0,-38.975,177.575,16.534761560615152,14.914761560615151
8912,8802,263.0,-38.975,177.625,16.61466496376761,15.03666496376761
8913,8803,374.0,-38.975,177.675,16.679521797752386,14.435521797752386
8914,8804,256.0,-38.975,177.725,16.727176010547737,15.191176010547737
8915,8484,211.0,-38.925,177.775,16.85815605715652,15.59215605715652
8916,8485,399.0,-38.925,177.825,16.86530231121469,14.471302311214691
8917,8486,466.0,-38.925,177.875,16.84911847238982,14.05311847238982
8918,8601,512.0,-38.875,177.775,16.959497050354003,13.887497050354003
8919,8605,381.0,-38.875,177.825,16.965885244306264,14.679885244306265
8920,8609,402.0,-38.875,177.875,16.94171463661951,14.52971463661951
8921,8615,48.0,-39.025,177.775,16.6528977909511,16.3648977909511
8922,8619,156.0,-39.025,177.825,16.664586586411133,15.728586586411133
8923,8624,18.0,-39.025,177.875,16.66210753372343,16.55410753372343
8924,8805,167.0,-38.975,177.775,16.755854556322447,15.753854556322446
8925,8806,170.0,-38.975,177.825,16.764972887785916,15.744972887785917
8926,8807,240.0,-38.975,177.875,16.756038319956133,15.316038319956133
8927,8613,20.0,-38.825,174.625,14.111142805874351,13.991142805874352
8928,8617,125.0,-38.825,174.675,13.96794146846969,13.21794146846969
8929,8994,53.0,-38.775,174.625,14.257578270267004,13.939578270267004
8930,8995,144.0,-38.775,174.675,14.113272139836226,13.249272139836226
8931,9649,111.0,-38.725,174.625,14.4292544559612,13.7632544559612
8932,9650,192.0,-38.725,174.675,14.283747046378267,13.131747046378267
8933,8621,224.0,-38.825,174.725,13.85851264914163,12.514512649141631
8934,8626,266.0,-38.825,174.775,13.77552587899936,12.17952587899936
8935,8631,435.0,-38.825,174.825,13.713769989142747,11.103769989142748
8936,8713,418.0,-38.825,174.875,13.670301759308586,11.162301759308587
8937,8996,182.0,-38.775,174.725,14.00218912297214,12.91018912297214
8938,8997,267.0,-38.775,174.775,13.91396612691915,12.311966126919149
8939,8998,401.0,-38.775,174.825,13.843445460997827,11.437445460997829
8940,8999,418.0,-38.775,174.875,13.788291271805065,11.280291271805066
8941,9651,196.0,-38.725,174.725,14.166174104268975,12.990174104268975
8942,9652,193.0,-38.725,174.775,14.066799725165765,12.908799725165766
8943,9653,69.0,-38.725,174.825,13.981455777444353,13.567455777444353
8944,9654,345.0,-38.725,174.875,13.908549007109286,11.838549007109286
8945,8722,186.0,-38.825,174.925,13.643767975006995,12.527767975006995
8946,8726,170.0,-38.825,174.975,13.633809245538941,12.613809245538942
8947,8730,177.0,-38.825,175.025,13.640585471536724,12.578585471536725
8948,9000,282.0,-38.775,174.925,13.74777616668598,12.05577616668598
8949,9042,180.0,-38.775,174.975,13.722088662860187,12.642088662860187
8950,9157,267.0,-38.775,175.025,13.711828025266186,12.109828025266186
8951,9655,241.0,-38.725,174.925,13.847987039952386,12.401987039952386
8952,9656,324.0,-38.725,174.975,13.8005118898418,11.856511889841801
8953,9657,318.0,-38.725,175.025,13.767182409445013,11.859182409445014
8954,8734,452.0,-38.825,175.075,13.664373542868816,10.952373542868816
8955,8738,372.0,-38.825,175.125,13.705178435227936,11.473178435227936
8956,8742,441.0,-38.825,175.175,13.762193050489259,11.116193050489258
8957,8746,180.0,-38.825,175.225,13.832666665046418,12.752666665046418
8958,9197,160.0,-38.775,175.075,13.717575710956226,12.757575710956225
8959,9283,203.0,-38.775,175.125,13.73948676821783,12.52148676821783
8960,9291,236.0,-38.775,175.175,13.776870149490605,12.360870149490605
8961,9299,242.0,-38.775,175.225,13.828008777837567,12.376008777837567
8962,9658,321.0,-38.725,175.075,13.748943177118235,11.822943177118235
8963,9659,342.0,-38.725,175.125,13.746279952660188,11.694279952660189
8964,9660,366.0,-38.725,175.175,13.75904652137433,11.56304652137433
8965,9661,353.0,-38.725,175.225,13.786760548099664,11.668760548099664
8966,8824,202.0,-38.825,175.275,13.91144574253849,12.69944574253849
8967,8826,217.0,-38.825,175.325,14.001667140243626,12.699667140243626
8968,8828,346.0,-38.825,175.375,14.119359405973228,12.043359405973227
8969,9466,233.0,-38.775,175.275,13.89168021581736,12.49368021581736
8970,9542,488.0,-38.775,175.325,13.971495498393779,11.043495498393778
8971,9568,378.0,-38.775,175.375,14.07666277654971,11.80866277654971
8972,9662,218.0,-38.725,175.275,13.829841563545415,12.521841563545415
8973,9663,207.0,-38.725,175.325,13.891350666352082,12.649350666352083
8974,9664,324.0,-38.725,175.375,13.977036113215036,12.033036113215037
8975,8830,358.0,-38.825,175.425,14.277817527203297,12.129817527203297
8976,8834,455.0,-38.825,175.475,14.483161890373594,11.753161890373594
8977,8839,560.0,-38.825,175.525,14.733701986709093,11.373701986709094
8978,8842,996.0,-38.825,175.575,15.018481444903955,9.042481444903956
8979,9571,739.0,-38.775,175.425,14.216320276715123,9.782320276715124
8980,9573,923.0,-38.775,175.475,14.395028759929119,8.857028759929118
8981,9575,791.0,-38.775,175.525,14.610553185121717,9.864553185121718
8982,9578,841.0,-38.775,175.575,14.852092187265953,9.806092187265953
8983,9665,682.0,-38.725,175.425,14.092934457301453,10.000934457301454
8984,9666,709.0,-38.725,175.475,14.242484402118862,9.988484402118862
8985,9667,862.0,-38.725,175.525,14.424043999310015,9.252043999310015
8986,9668,673.0,-38.725,175.575,14.62845781462238,10.59045781462238
8987,8845,791.0,-38.825,175.625,15.31571579148931,10.569715791489312
8988,8848,540.0,-38.825,175.675,15.592003057061447,12.352003057061447
8989,8851,527.0,-38.825,175.725,15.80346277413446,12.64146277413446
8990,8854,498.0,-38.825,175.775,15.90145793431384,12.91345793431384
8991,9581,728.0,-38.775,175.625,15.09903425579887,10.73103425579887
8992,9587,560.0,-38.775,175.675,15.321289497544967,11.961289497544968
8993,9592,505.0,-38.775,175.725,15.482220926028276,12.452220926028277
8994,9597,357.0,-38.775,175.775,15.545017391909823,13.403017391909824
8995,9669,606.0,-38.725,175.625,14.83738357230959,11.201383572309592
8996,9670,571.0,-38.725,175.675,15.02419912302139,11.59819912302139
8997,9671,527.0,-38.725,175.725,15.158140556967737,11.996140556967738
8998,9672,357.0,-38.725,175.775,15.210579225412403,13.068579225412403
8999,8857,357.0,-38.825,175.825,15.84681336661015,13.70481336661015
9000,8860,357.0,-38.825,175.875,15.629130804104534,13.487130804104535
9001,8863,357.0,-38.825,175.925,15.274214852029218,13.132214852029218
9002,9602,357.0,-38.775,175.825,15.482477902646679,13.340477902646679
9003,9607,357.0,-38.775,175.875,15.286772677554836,13.144772677554837
9004,9608,357.0,-38.775,175.925,14.972876869772335,12.830876869772336
9005,9673,357.0,-38.725,175.825,15.161958664712984,13.019958664712984
9006,9674,357.0,-38.725,175.875,15.007434485626618,12.865434485626619
9007,9675,357.0,-38.725,175.925,14.75897188280669,12.616971882806691
9008,8866,357.0,-38.825,175.975,14.83451211636202,12.692512116362021
9009,8915,357.0,-38.825,176.025,14.38279831239015,12.240798312390151
9010,8916,474.0,-38.825,176.075,14.01759871455306,11.17359871455306
9011,8917,486.0,-38.825,176.125,13.822863047606006,10.906863047606006
9012,9609,357.0,-38.775,175.975,14.574522592417452,12.432522592417453
9013,9610,357.0,-38.775,176.025,14.142749528955392,12.000749528955392
9014,9611,357.0,-38.775,176.075,13.780517454098117,11.638517454098118
9015,9612,461.0,-38.775,176.125,13.658859666933495,10.892859666933495
9016,9676,357.0,-38.725,175.975,14.443582569078899,12.3015825690789
9017,9677,376.0,-38.725,176.025,14.10051826804829,11.84451826804829
9018,9678,372.0,-38.725,176.075,13.796354575186342,11.564354575186343
9019,9679,499.0,-38.725,176.125,13.709832313409606,10.715832313409607
9020,8918,681.0,-38.825,176.175,13.781599181459569,9.69559918145957
9021,8919,737.0,-38.825,176.225,13.833391150998978,9.411391150998977
9022,8921,751.0,-38.825,176.275,13.938678095704745,9.432678095704745
9023,9613,545.0,-38.775,176.175,13.697924583296299,10.4279245832963
9024,9614,720.0,-38.775,176.225,13.804148325797541,9.484148325797541
9025,9615,720.0,-38.775,176.275,13.94686751946756,9.62686751946756
9026,9680,591.0,-38.725,176.175,13.762693446529738,10.216693446529739
9027,9681,475.0,-38.725,176.225,13.878542961213498,11.028542961213498
9028,9682,694.0,-38.725,176.275,14.030874466235218,9.866874466235219
9029,8923,702.0,-38.825,176.325,14.075048927325952,9.863048927325952
9030,8963,701.0,-38.825,176.375,14.227894219638074,10.021894219638074
9031,8964,720.0,-38.825,176.425,14.386322547261443,10.066322547261443
9032,8965,742.0,-38.825,176.475,14.541703461259203,10.089703461259203
9033,9616,665.0,-38.775,176.325,14.109903355572897,10.119903355572896
9034,9617,661.0,-38.775,176.375,14.28142523816041,10.315425238160408
9035,9618,670.0,-38.775,176.425,14.451652978495986,10.431652978495986
9036,9619,682.0,-38.775,176.475,14.612372308789418,10.520372308789419
9037,9683,674.0,-38.725,176.325,14.202821779063015,10.158821779063015
9038,9684,668.0,-38.725,176.375,14.38135198659893,10.37335198659893
9039,9685,620.0,-38.725,176.425,14.555501549398286,10.835501549398288
9040,9686,640.0,-38.725,176.475,14.715969240582126,10.875969240582126
9041,8966,797.0,-38.825,176.525,14.68727736008077,9.90527736008077
9042,8967,821.0,-38.825,176.575,14.81817788690114,9.89217788690114
9043,8968,920.0,-38.825,176.625,14.931535465513662,9.411535465513662
9044,9001,688.0,-38.725,176.625,15.05631634209385,10.92831634209385
9045,9620,801.0,-38.775,176.525,14.757098711390427,9.951098711390426
9046,9621,780.0,-38.775,176.575,14.881475699867224,10.201475699867224
9047,9622,814.0,-38.775,176.625,14.983601615920634,10.099601615920633
9048,9687,714.0,-38.725,176.525,14.855452424056239,10.57145242405624
9049,9688,721.0,-38.725,176.575,14.969344181305132,10.643344181305132
9050,8969,742.0,-38.825,176.675,15.026473868296307,10.574473868296307
9051,8970,817.0,-38.825,176.725,15.103930895820668,10.201930895820666
9052,8971,958.0,-38.825,176.775,15.166337868155097,9.418337868155096
9053,8972,728.0,-38.825,176.825,15.217244028668574,10.849244028668574
9054,9002,495.0,-38.725,176.675,15.118341265672825,12.148341265672824
9055,9003,917.0,-38.725,176.725,15.16003937338246,9.658039373382461
9056,9004,849.0,-38.725,176.775,15.187644068866575,10.093644068866574
9057,9005,934.0,-38.725,176.825,15.207994879376201,9.603994879376202
9058,9623,748.0,-38.775,176.675,15.06405253975663,10.576052539756631
9059,9624,1013.0,-38.775,176.725,15.125536964707862,9.047536964707863
9060,9625,648.0,-38.775,176.775,15.172303996916526,11.284303996916526
9061,9626,796.0,-38.775,176.825,15.209503957349625,10.433503957349625
9062,8973,717.0,-38.825,176.875,15.260961119692183,10.958961119692184
9063,8974,481.0,-38.825,176.925,15.302258605704992,12.416258605704993
9064,8975,868.0,-38.825,176.975,15.346095723340113,10.138095723340115
9065,8976,1015.0,-38.825,177.025,15.39734812952338,9.30734812952338
9066,9006,510.0,-38.725,176.875,15.22779644178172,12.167796441781721
9067,9007,775.0,-38.725,176.925,15.253161715798342,10.603161715798343
9068,9008,950.0,-38.725,176.975,15.289346173552985,9.589346173552986
9069,9009,826.0,-38.725,177.025,15.340569516343749,10.384569516343749
9070,9627,692.0,-38.775,176.875,15.2426470142791,11.0906470142791
9071,9628,811.0,-38.775,176.925,15.277202592012145,10.411202592012145
9072,9629,620.0,-38.775,176.975,15.318306197742459,11.59830619774246
9073,9630,582.0,-38.775,177.025,15.37051162447824,11.87851162447824
9074,8977,633.0,-38.825,177.075,15.460474273216278,11.662474273216278
9075,8978,399.0,-38.825,177.125,15.539074411518413,13.145074411518413
9076,8979,433.0,-38.825,177.175,15.635347401038416,13.037347401038417
9077,9010,880.0,-38.725,177.075,15.409857935691434,10.129857935691433
9078,9011,950.0,-38.725,177.125,15.498887288668811,9.798887288668812
9079,9012,953.0,-38.725,177.175,15.607851626825322,9.889851626825322
9080,9631,582.0,-38.775,177.075,15.437532706841012,11.94553270684101
9081,9632,582.0,-38.775,177.125,15.521947678363176,12.029947678363175
9082,9633,857.0,-38.775,177.175,15.624888430035753,10.482888430035754
9083,8980,327.0,-38.825,177.225,15.74956497423591,13.78756497423591
9084,8981,298.0,-38.825,177.275,15.879798259465133,14.091798259465133
9085,8982,120.0,-38.825,177.325,16.02210934345021,15.30210934345021
9086,8983,286.0,-38.825,177.375,16.171235977722063,14.455235977722063
9087,9013,679.0,-38.725,177.225,15.735413635112309,11.661413635112309
9088,9014,673.0,-38.725,177.275,15.87880088716156,11.84080088716156
9089,9015,610.0,-38.725,177.325,16.03408323875192,12.374083238751918
9090,9016,430.0,-38.725,177.375,16.196606978081036,13.616606978081036
9091,9634,510.0,-38.775,177.225,15.745798776963966,12.685798776963967
9092,9635,313.0,-38.775,177.275,15.882385727443761,14.004385727443761
9093,9636,505.0,-38.775,177.325,16.030859509946822,13.000859509946823
9094,9637,371.0,-38.775,177.375,16.186457220838747,13.960457220838748
9095,8984,242.0,-38.825,177.425,16.32158230728419,14.869582307284189
9096,8985,180.0,-38.825,177.475,16.46813380104504,15.388133801045042
9097,8986,150.0,-38.825,177.525,16.606842901569507,15.706842901569507
9098,9017,459.0,-38.725,177.425,16.361494010943716,13.607494010943716
9099,9018,498.0,-38.725,177.475,16.52407166537887,13.53607166537887
9100,9019,192.0,-38.725,177.525,16.680111692704486,15.528111692704487
9101,9638,205.0,-38.775,177.425,16.34411801918486,15.114118019184861
9102,9639,334.0,-38.775,177.475,16.499080434410644,14.495080434410644
9103,9640,172.0,-38.775,177.525,16.647176957944794,15.615176957944794
9104,8987,643.0,-38.825,177.575,16.734364538210684,12.876364538210684
9105,8988,279.0,-38.825,177.625,16.84747318411428,15.173473184114279
9106,8989,480.0,-38.825,177.675,16.942488977083485,14.062488977083486
9107,8990,417.0,-38.825,177.725,17.01478456761106,14.51278456761106
9108,9020,140.0,-38.725,177.575,16.825828616531908,15.985828616531908
9109,9022,419.0,-38.725,177.625,16.95766471604111,14.44366471604111
9110,9023,536.0,-38.725,177.675,17.071902340071574,13.855902340071573
9111,9025,362.0,-38.725,177.725,17.164065049829333,14.992065049829332
9112,9641,367.0,-38.775,177.575,16.784753979181914,14.582753979181915
9113,9642,636.0,-38.775,177.625,16.908321719178275,13.092321719178276
9114,9643,576.0,-38.775,177.675,17.014056595658985,13.558056595658986
9115,9644,598.0,-38.775,177.725,17.09714616722431,13.509146167224308
9116,8991,326.0,-38.825,177.775,17.058422258663995,15.102422258663996
9117,8992,460.0,-38.825,177.825,17.066504425078165,14.306504425078165
9118,8993,190.0,-38.825,177.875,17.034251805330314,15.894251805330313
9119,9027,158.0,-38.725,177.775,17.22784867568862,16.27984867568862
9120,9029,36.0,-38.725,177.825,17.252620572304295,17.036620572304294
9121,9032,37.0,-38.725,177.875,17.216467819117497,16.994467819117496
9122,9037,1.0,-38.725,177.925,17.094795556537974,17.088795556537974
9123,9645,292.0,-38.775,177.775,17.1508099274497,15.3988099274497
9124,9646,310.0,-38.775,177.825,17.164934856065884,15.304934856065884
9125,9647,87.0,-38.775,177.875,17.12677132501176,16.60477132501176
9126,9648,20.0,-38.775,177.925,17.03525464595714,16.915254645957138
9127,9045,117.0,-38.675,174.625,14.64809042105935,13.94609042105935
9128,9147,28.0,-38.675,174.675,14.488111550657777,14.320111550657778
9129,9357,274.0,-38.575,174.675,14.958191704637102,13.314191704637102
9130,9461,15.0,-38.625,174.625,14.892608272495636,14.802608272495636
9131,9462,83.0,-38.625,174.675,14.717388914933508,14.219388914933509
9132,9808,235.0,-38.525,174.675,15.201193617066565,13.791193617066565
9133,9039,366.0,-38.625,174.825,14.285085632287519,12.089085632287519
9134,9148,60.0,-38.625,174.875,14.159191286389614,13.799191286389615
9135,9155,102.0,-38.675,174.725,14.354118807684245,13.742118807684244
9136,9161,309.0,-38.675,174.775,14.235892952678114,12.381892952678115
9137,9194,237.0,-38.675,174.825,14.129059765646161,12.70705976564616
9138,9268,109.0,-38.675,174.875,14.032292359574967,13.378292359574967
9139,9358,184.0,-38.575,174.725,14.780758805869482,13.676758805869483
9140,9359,196.0,-38.575,174.775,14.610742969384773,13.434742969384773
9141,9360,169.0,-38.575,174.825,14.44613835036398,13.432138350363982
9142,9361,98.0,-38.575,174.875,14.287237278462271,13.699237278462272
9143,9463,223.0,-38.625,174.725,14.56182555367377,13.223825553673771
9144,9464,178.0,-38.625,174.775,14.418993416167723,13.350993416167723
9145,9811,395.0,-38.525,174.725,15.002744554237324,12.632744554237323
9146,9814,468.0,-38.525,174.775,14.804770704980001,11.996770704980001
9147,9817,342.0,-38.525,174.825,14.60744555176916,12.55544555176916
9148,9820,124.0,-38.525,174.875,14.412995450929884,13.668995450929884
9149,9153,74.0,-38.625,174.925,14.042272986825992,13.598272986825991
9150,9163,58.0,-38.625,174.975,13.936277535598492,13.588277535598491
9151,9164,161.0,-38.625,175.025,13.843445368920584,12.877445368920585
9152,9271,104.0,-38.675,174.925,13.945973590272843,13.321973590272842
9153,9274,239.0,-38.675,174.975,13.871384471769488,12.437384471769489
9154,9277,383.0,-38.675,175.025,13.810104998505267,11.512104998505267
9155,9362,44.0,-38.575,174.925,14.136070433573877,13.872070433573878
9156,9363,141.0,-38.575,174.975,13.995585051696253,13.149585051696253
9157,9364,133.0,-38.575,175.025,13.868917795522066,13.070917795522066
9158,9823,141.0,-38.525,174.925,14.225158480070604,13.379158480070604
9159,9826,220.0,-38.525,174.975,14.048341820791393,12.728341820791393
9160,9829,148.0,-38.525,175.025,13.886870606672346,12.998870606672346
9161,9166,211.0,-38.625,175.075,13.765813909761164,12.499813909761164
9162,9168,397.0,-38.625,175.125,13.704926282959605,11.322926282959605
9163,9170,329.0,-38.625,175.175,13.66177909370981,11.68777909370981
9164,9280,277.0,-38.675,175.075,13.763560005821091,12.101560005821092
9165,9284,469.0,-38.625,175.225,13.637042351533637,10.823042351533637
9166,9286,346.0,-38.675,175.125,13.732724425030938,11.656724425030937
9167,9294,375.0,-38.675,175.175,13.718068196847526,11.468068196847526
9168,9365,161.0,-38.575,175.075,13.758871670123881,12.792871670123882
9169,9366,161.0,-38.575,175.125,13.667615193770871,12.701615193770872
9170,9367,201.0,-38.575,175.175,13.596596472036254,12.390596472036254
9171,9368,366.0,-38.575,175.225,13.546657253788908,11.350657253788908
9172,9390,392.0,-38.675,175.225,13.719883174731876,11.367883174731876
9173,9832,160.0,-38.525,175.075,13.74447528671044,12.784475286710439
9174,9835,245.0,-38.525,175.125,13.624013600953731,12.15401360095373
9175,9838,300.0,-38.525,175.175,13.527370417445127,11.727370417445126
9176,9841,424.0,-38.525,175.225,13.455504521123657,10.911504521123657
9177,9292,354.0,-38.625,175.275,13.631497662867332,11.507497662867332
9178,9300,260.0,-38.625,175.325,13.646468492630447,12.086468492630447
9179,9301,263.0,-38.625,175.375,13.683976300926588,12.105976300926589
9180,9369,323.0,-38.575,175.275,13.518294476582014,11.580294476582013
9181,9370,381.0,-38.575,175.325,13.511952100599956,11.225952100599956
9182,9371,375.0,-38.575,175.375,13.528251786398869,11.278251786398869
9183,9392,447.0,-38.675,175.275,13.739041284240557,11.057041284240556
9184,9393,376.0,-38.675,175.325,13.77778066592964,11.52178066592964
9185,9395,425.0,-38.675,175.375,13.839739173953603,11.289739173953603
9186,9844,338.0,-38.525,175.275,13.408641530062596,11.380641530062595
9187,9845,301.0,-38.525,175.325,13.386552632441635,11.580552632441636
9188,9846,369.0,-38.525,175.375,13.388843070283656,11.174843070283655
9189,9302,414.0,-38.625,175.425,13.746655500687666,11.262655500687666
9190,9303,517.0,-38.625,175.475,13.837766054937674,10.735766054937674
9191,9304,600.0,-38.625,175.525,13.960946384164345,10.360946384164345
9192,9305,702.0,-38.625,175.575,14.11625294568421,9.90425294568421
9193,9372,415.0,-38.575,175.425,13.568296301290502,11.078296301290502
9194,9373,480.0,-38.575,175.475,13.634599290981896,10.754599290981897
9195,9374,468.0,-38.575,175.525,13.733751234579358,10.925751234579359
9196,9375,683.0,-38.575,175.575,13.876936956272402,9.778936956272403
9197,9397,343.0,-38.675,175.425,13.929018250119043,11.871018250119043
9198,9399,614.0,-38.675,175.475,14.048786984806611,10.364786984806612
9199,9401,740.0,-38.675,175.525,14.19936823829994,9.759368238299938
9200,9403,903.0,-38.675,175.575,14.374888670882683,8.956888670882684
9201,9847,478.0,-38.525,175.425,13.41535530289093,10.54735530289093
9202,9848,480.0,-38.525,175.475,13.467133053664838,10.58713305366484
9203,9849,554.0,-38.525,175.525,13.549429863336627,10.225429863336627
9204,9850,612.0,-38.525,175.575,13.68754842573253,10.01554842573253
9205,9306,801.0,-38.625,175.625,14.290785866617625,9.484785866617624
9206,9307,646.0,-38.625,175.675,14.45899515676956,10.582995156769561
9207,9308,533.0,-38.625,175.725,14.594624203141393,11.396624203141393
9208,9309,507.0,-38.625,175.775,14.678122313098356,11.636122313098356
9209,9376,838.0,-38.575,175.625,14.054369037887227,9.026369037887227
9210,9377,597.0,-38.575,175.675,14.232708269553768,10.650708269553768
9211,9378,499.0,-38.575,175.725,14.385376680822446,11.391376680822447
9212,9379,480.0,-38.575,175.775,14.496020429642158,11.616020429642159
9213,9405,670.0,-38.675,175.625,14.559691290220144,10.539691290220144
9214,9407,547.0,-38.675,175.675,14.729285508290559,11.447285508290559
9215,9409,540.0,-38.675,175.725,14.856485514947963,11.616485514947962
9216,9411,483.0,-38.675,175.775,14.918112887861753,12.020112887861753
9217,9851,708.0,-38.525,175.625,13.876389922156704,9.628389922156703
9218,9852,728.0,-38.525,175.675,14.06773166509356,9.69973166509356
9219,9853,488.0,-38.525,175.725,14.238316871236748,11.310316871236747
9220,9854,398.0,-38.525,175.775,14.374750980387944,11.986750980387944
9221,9310,516.0,-38.625,175.825,14.699437134863729,11.603437134863729
9222,9311,532.0,-38.625,175.875,14.659661388388486,11.467661388388485
9223,9312,496.0,-38.625,175.925,14.571864539354465,11.595864539354466
9224,9380,540.0,-38.575,175.825,14.55739169719891,11.317391697198909
9225,9381,629.0,-38.575,175.875,14.571335591295792,10.797335591295791
9226,9382,582.0,-38.575,175.925,14.548318059042685,11.056318059042685
9227,9413,357.0,-38.675,175.825,14.900121727119767,12.758121727119768
9228,9415,437.0,-38.675,175.875,14.801161646773835,12.179161646773835
9229,9417,492.0,-38.675,175.925,14.63448181673084,11.68248181673084
9230,9855,475.0,-38.525,175.825,14.47127263393486,11.62127263393486
9231,9856,560.0,-38.525,175.875,14.529192532251727,11.169192532251728
9232,9857,462.0,-38.525,175.925,14.555862602151137,11.783862602151137
9233,9313,524.0,-38.625,175.975,14.460247276070731,11.316247276070731
9234,9314,539.0,-38.625,176.025,14.353649822714033,11.119649822714033
9235,9315,452.0,-38.625,176.075,14.263002996435716,11.551002996435717
9236,9316,391.0,-38.625,176.125,14.192410339153867,11.846410339153866
9237,9383,633.0,-38.575,175.975,14.504928590919917,10.706928590919917
9238,9384,550.0,-38.575,176.025,14.45763846457703,11.15763846457703
9239,9385,559.0,-38.575,176.075,14.416127076143312,11.062127076143312
9240,9386,470.0,-38.575,176.125,14.392034081672136,11.572034081672136
9241,9419,431.0,-38.675,175.975,14.42872885745146,11.84272885745146
9242,9420,577.0,-38.675,176.025,14.228970587425465,10.766970587425465
9243,9421,383.0,-38.675,176.075,14.077346752788799,11.779346752788799
9244,9422,475.0,-38.675,176.125,13.954617594334195,11.104617594334195
9245,9858,460.0,-38.525,175.975,14.56233989564862,11.80233989564862
9246,9859,767.0,-38.525,176.025,14.559959346170217,9.957959346170217
9247,9860,569.0,-38.525,176.075,14.558617926614716,11.144617926614716
9248,9861,498.0,-38.525,176.125,14.569611891407476,11.581611891407476
9249,9317,360.0,-38.625,176.175,14.187039950206781,12.027039950206781
9250,9318,319.0,-38.625,176.225,14.255069826551335,12.341069826551335
9251,9319,316.0,-38.625,176.275,14.376341441604382,12.48034144160438
9252,9387,405.0,-38.575,176.175,14.40724501652221,11.977245016522211
9253,9388,342.0,-38.575,176.225,14.473090946171396,12.421090946171397
9254,9389,314.0,-38.575,176.275,14.583513785843024,12.699513785843024
9255,9423,493.0,-38.675,176.175,13.955402282309478,10.997402282309478
9256,9424,472.0,-38.675,176.225,14.043758680193605,11.211758680193604
9257,9425,469.0,-38.675,176.275,14.182625604565146,11.368625604565146
9258,9862,332.0,-38.525,176.175,14.606372565058336,12.614372565058337
9259,9863,303.0,-38.525,176.225,14.677580509386644,12.859580509386644
9260,9864,351.0,-38.525,176.275,14.782691367467123,12.676691367467123
9261,9041,325.0,-38.575,176.325,14.724589785980243,12.774589785980243
9262,9150,503.0,-38.575,176.375,14.880674101202203,11.862674101202202
9263,9162,607.0,-38.575,176.425,15.035896202333788,11.393896202333789
9264,9195,577.0,-38.575,176.475,15.174109347829472,11.712109347829472
9265,9320,486.0,-38.625,176.325,14.529274453386279,11.613274453386278
9266,9321,640.0,-38.625,176.375,14.69554603675897,10.85554603675897
9267,9322,642.0,-38.625,176.425,14.859274441261732,11.007274441261732
9268,9323,580.0,-38.625,176.475,15.00623909627393,11.52623909627393
9269,9426,647.0,-38.675,176.325,14.348219545569009,10.46621954556901
9270,9427,639.0,-38.675,176.375,14.523436306195435,10.689436306195436
9271,9428,606.0,-38.675,176.425,14.69447545456569,11.058475454565691
9272,9429,596.0,-38.675,176.475,14.849695494582193,11.273695494582192
9273,9865,295.0,-38.525,176.325,14.914032813115227,13.144032813115228
9274,9866,363.0,-38.525,176.375,15.060081390178311,12.88208139017831
9275,9867,536.0,-38.525,176.425,15.206870495021576,11.990870495021575
9276,9868,558.0,-38.525,176.475,15.33766214876141,11.989662148761411
9277,9269,458.0,-38.575,176.525,15.279701160958211,12.531701160958212
9278,9270,416.0,-38.575,176.575,15.341277961930246,12.845277961930245
9279,9272,367.0,-38.575,176.625,15.357181756657155,13.155181756657155
9280,9324,498.0,-38.625,176.525,15.1244095823713,12.1364095823713
9281,9325,480.0,-38.625,176.575,15.205992812294426,12.325992812294427
9282,9326,495.0,-38.625,176.625,15.249770213993543,12.279770213993542
9283,9430,569.0,-38.675,176.525,14.979867696012661,11.565867696012662
9284,9431,622.0,-38.675,176.575,15.079277011461272,11.347277011461273
9285,9432,624.0,-38.675,176.625,15.146798368497912,11.402798368497912
9286,9869,482.0,-38.525,176.525,15.432601695413723,12.540601695413724
9287,9870,441.0,-38.525,176.575,15.473502345851557,12.827502345851556
9288,9871,420.0,-38.525,176.625,15.457367285430337,12.937367285430337
9289,9275,579.0,-38.575,176.675,15.336606587226015,11.862606587226015
9290,9278,500.0,-38.575,176.725,15.294293745974755,12.294293745974755
9291,9281,323.0,-38.575,176.775,15.244929549512563,13.306929549512562
9292,9288,585.0,-38.575,176.825,15.200708746298005,11.690708746298005
9293,9327,540.0,-38.625,176.675,15.261377541045476,12.021377541045476
9294,9328,341.0,-38.625,176.725,15.250883708388756,13.204883708388756
9295,9329,579.0,-38.625,176.775,15.22963720775715,11.75563720775715
9296,9330,474.0,-38.625,176.825,15.20816082786223,12.36416082786223
9297,9433,420.0,-38.675,176.675,15.185947990717978,12.665947990717978
9298,9434,516.0,-38.675,176.725,15.203652528170096,12.107652528170096
9299,9435,819.0,-38.675,176.775,15.208453744833605,10.294453744833605
9300,9436,798.0,-38.675,176.825,15.208999641225091,10.420999641225091
9301,9872,379.0,-38.525,176.675,15.400406698049665,13.126406698049664
9302,9873,362.0,-38.525,176.725,15.324370107558934,13.152370107558934
9303,9874,615.0,-38.525,176.775,15.2472281800774,11.5572281800774
9304,9875,815.0,-38.525,176.825,15.18202935942918,10.29202935942918
9305,9296,806.0,-38.575,176.875,15.170976928543496,10.334976928543496
9306,9331,573.0,-38.625,176.875,15.195269057566293,11.757269057566292
9307,9332,522.0,-38.625,176.925,15.197877436821727,12.065877436821728
9308,9333,528.0,-38.625,176.975,15.221058425786396,12.053058425786396
9309,9334,840.0,-38.625,177.025,15.268123717039089,10.22812371703909
9310,9437,823.0,-38.675,176.875,15.213139992039032,10.275139992039033
9311,9438,932.0,-38.675,176.925,15.227508674094679,9.63550867409468
9312,9439,815.0,-38.675,176.975,15.257365875961113,10.367365875961113
9313,9440,784.0,-38.675,177.025,15.306533430589297,10.602533430589297
9314,9465,743.0,-38.575,176.925,15.162539523731539,10.70453952373154
9315,9538,374.0,-38.575,176.975,15.180022002465194,12.936022002465194
9316,9585,724.0,-38.575,177.025,15.226097751947236,10.882097751947235
9317,9876,435.0,-38.525,176.875,15.137900178071504,12.527900178071505
9318,9877,530.0,-38.525,176.925,15.12102782454076,11.941027824540761
9319,9878,371.0,-38.525,176.975,15.135321638225832,12.909321638225833
9320,9879,656.0,-38.525,177.025,15.182736762021705,11.246736762021705
9321,9335,904.0,-38.625,177.075,15.34067034646705,9.91667034646705
9322,9336,907.0,-38.625,177.125,15.438617591205912,9.996617591205911
9323,9337,795.0,-38.625,177.175,15.560297027296656,10.790297027296656
9324,9441,1002.0,-38.675,177.075,15.37734602362616,9.36534602362616
9325,9442,1137.0,-38.675,177.125,15.470610904968453,8.648610904968454
9326,9443,1039.0,-38.675,177.175,15.585609404611205,9.351609404611205
9327,9590,558.0,-38.575,177.075,15.301579744252194,11.953579744252195
9328,9595,989.0,-38.575,177.125,15.405468237246168,9.471468237246167
9329,9600,879.0,-38.575,177.175,15.535078701751445,10.261078701751446
9330,9880,573.0,-38.525,177.075,15.263319981019777,11.825319981019776
9331,9881,620.0,-38.525,177.125,15.375158361790454,11.655158361790456
9332,9882,721.0,-38.525,177.175,15.514476273190667,11.188476273190666
9333,9338,678.0,-38.625,177.225,15.702645033527006,11.634645033527006
9334,9339,740.0,-38.625,177.275,15.861503820087819,11.421503820087818
9335,9340,626.0,-38.625,177.325,16.031994285705878,12.275994285705877
9336,9341,825.0,-38.625,177.375,16.20890391181547,11.25890391181547
9337,9444,940.0,-38.675,177.225,15.720184599168533,10.080184599168533
9338,9445,565.0,-38.675,177.275,15.87094484816862,12.480944848168619
9339,9446,369.0,-38.675,177.325,16.033581554343982,13.819581554343982
9340,9447,713.0,-38.675,177.375,16.20326339769599,11.925263397695993
9341,9605,843.0,-38.575,177.225,15.686325392868639,10.62832539286864
9342,9690,822.0,-38.575,177.275,15.854139081475296,10.922139081475295
9343,9693,688.0,-38.575,177.325,16.032925755838733,11.904925755838732
9344,9695,468.0,-38.575,177.375,16.216971415615262,13.408971415615262
9345,9883,1018.0,-38.525,177.225,15.676021736537223,9.568021736537222
9346,9884,928.0,-38.525,177.275,15.853667839575792,10.285667839575792
9347,9885,937.0,-38.525,177.325,16.041017380878657,10.419017380878657
9348,9886,835.0,-38.525,177.375,16.23183819779115,11.221838197791149
9349,9342,363.0,-38.625,177.425,16.387036096506563,14.209036096506562
9350,9343,407.0,-38.625,177.475,16.561479768956815,14.119479768956815
9351,9344,261.0,-38.625,177.525,16.72776622496167,15.16176622496167
9352,9448,529.0,-38.675,177.425,16.375040184790123,13.201040184790124
9353,9449,582.0,-38.675,177.475,16.544177114294143,13.052177114294143
9354,9450,448.0,-38.675,177.525,16.70635109842351,14.01835109842351
9355,9696,440.0,-38.575,177.425,16.40074737361283,13.76074737361283
9356,9700,547.0,-38.575,177.475,16.57911885507565,13.297118855075649
9357,9705,590.0,-38.575,177.525,16.747466932720272,13.207466932720273
9358,9887,539.0,-38.525,177.425,16.420297741729883,13.186297741729883
9359,9888,657.0,-38.525,177.475,16.60108007362942,12.659080073629418
9360,9889,401.0,-38.525,177.525,16.7694804326984,14.363480432698402
9361,9345,320.0,-38.625,177.575,16.88188028910463,14.961880289104629
9362,9346,481.0,-38.625,177.625,17.02009161136175,14.13409161136175
9363,9347,424.0,-38.625,177.675,17.13857023464061,14.59457023464061
9364,9348,391.0,-38.625,177.725,17.232713620032882,14.886713620032882
9365,9451,373.0,-38.675,177.575,16.85767149392632,14.619671493926319
9366,9452,254.0,-38.675,177.625,16.994520147303774,15.470520147303773
9367,9453,263.0,-38.675,177.675,17.113214967570457,15.535214967570457
9368,9454,333.0,-38.675,177.725,17.209461207658933,15.211461207658934
9369,9708,391.0,-38.575,177.575,16.90169495209102,14.55569495209102
9370,9712,276.0,-38.575,177.625,17.03804659810521,15.38204659810521
9371,9716,279.0,-38.575,177.675,17.152667967417983,15.478667967417984
9372,9720,140.0,-38.575,177.725,17.24088344098891,16.40088344098891
9373,9890,456.0,-38.525,177.575,16.921464630147966,14.185464630147965
9374,9891,260.0,-38.525,177.625,17.053542470870525,15.493542470870524
9375,9892,244.0,-38.525,177.675,17.162340637858506,15.698340637858506
9376,9893,118.0,-38.525,177.725,17.243994374091926,16.535994374091928
9377,9046,155.0,-38.525,177.775,17.29372723031156,16.36372723031156
9378,9154,83.0,-38.525,177.825,17.306457233443325,16.808457233443324
9379,9158,55.0,-38.525,177.875,17.2803246650692,16.950324665069203
9380,9199,56.0,-38.525,177.925,17.224275193515496,16.888275193515497
9381,9349,296.0,-38.625,177.775,17.29593174906222,15.51993174906222
9382,9350,39.0,-38.625,177.825,17.317021644430497,17.083021644430495
9383,9351,25.0,-38.625,177.875,17.27463470217117,17.12463470217117
9384,9352,12.0,-38.625,177.925,17.150336627955767,17.078336627955768
9385,9455,443.0,-38.675,177.775,17.27740498568255,14.619404985682552
9386,9456,283.0,-38.675,177.825,17.307552784834115,15.609552784834115
9387,9457,19.0,-38.675,177.875,17.279319044509066,17.165319044509065
9388,9458,10.0,-38.675,177.925,17.133083072485533,17.073083072485534
9389,9724,180.0,-38.575,177.775,17.29617297230743,16.216172972307433
9390,9791,114.0,-38.575,177.825,17.309151826194466,16.625151826194465
9391,9792,40.0,-38.575,177.875,17.26951608984473,17.02951608984473
9392,9794,19.0,-38.575,177.925,17.180656991604337,17.066656991604336
9393,9287,96.0,-38.525,177.975,17.162180269995588,16.586180269995587
9394,9295,264.0,-38.525,178.025,17.12102989572668,15.537029895726679
9395,9353,10.0,-38.625,177.975,16.999198865250946,16.939198865250948
9396,9354,139.0,-38.625,178.025,16.916847160353427,16.082847160353428
9397,9355,90.0,-38.625,178.075,16.903174868495626,16.363174868495626
9398,9459,5.0,-38.675,177.975,16.948710581476917,16.918710581476915
9399,9460,53.0,-38.675,178.075,16.836671444430976,16.518671444430975
9400,9469,194.0,-38.525,178.075,17.113332301421906,15.949332301421906
9401,9795,98.0,-38.575,177.975,17.079775643542234,16.491775643542233
9402,9797,101.0,-38.575,178.025,17.015558965445962,16.40955896544596
9403,9799,86.0,-38.575,178.075,17.001091060927138,16.48509106092714
9404,9356,49.0,-38.625,178.125,16.926113170451572,16.63211317045157
9405,9470,206.0,-38.525,178.125,17.136503505644214,15.900503505644213
9406,9471,171.0,-38.525,178.175,17.182839166520353,16.156839166520353
9407,9472,99.0,-38.525,178.225,17.245122278714916,16.651122278714915
9408,9473,119.0,-38.525,178.275,17.317728943688053,16.603728943688054
9409,9802,108.0,-38.575,178.125,17.023389754012896,16.375389754012897
9410,9805,40.0,-38.575,178.175,17.06970054845624,16.82970054845624
9411,9474,20.0,-38.475,174.675,15.439213782568004,15.319213782568005
9412,9552,109.0,-38.425,174.675,15.665644541210895,15.011644541210895
9413,9749,236.0,-38.375,174.675,15.8734353643531,14.457435364353099
9414,9475,189.0,-38.475,174.725,15.220748114495109,14.086748114495109
9415,9476,630.0,-38.475,174.775,14.994664759882653,11.214664759882654
9416,9477,405.0,-38.475,174.825,14.763444240214994,12.333444240214995
9417,9478,308.0,-38.475,174.875,14.53185719137673,12.683857191376731
9418,9553,231.0,-38.425,174.725,15.428171565048615,14.042171565048616
9419,9554,268.0,-38.425,174.775,15.173857691882404,13.565857691882403
9420,9555,505.0,-38.425,174.825,14.907806598268508,11.877806598268508
9421,9556,261.0,-38.425,174.875,14.638058683532108,13.07205868353211
9422,9750,113.0,-38.375,174.725,15.6179946750226,14.9399946750226
9423,9751,293.0,-38.375,174.775,15.335004457038849,13.57700445703885
9424,9752,452.0,-38.375,174.825,15.033014276529684,12.321014276529684
9425,9753,320.0,-38.375,174.875,14.724444767039131,12.804444767039131
9426,9479,233.0,-38.475,174.925,14.305997237560405,12.907997237560405
9427,9480,245.0,-38.475,174.975,14.092203806702855,12.622203806702855
9428,9481,160.0,-38.475,175.025,13.896257537024212,12.936257537024211
9429,9557,161.0,-38.425,174.925,14.37373305456731,13.407733054567311
9430,9558,296.0,-38.425,174.975,14.123504169686385,12.347504169686385
9431,9559,248.0,-38.425,175.025,13.894755880768571,12.406755880768571
9432,9754,339.0,-38.375,174.925,14.422146415291536,12.388146415291537
9433,9755,383.0,-38.375,174.975,14.13735941820596,11.83935941820596
9434,9756,264.0,-38.375,175.025,13.879011324300336,12.295011324300336
9435,9482,269.0,-38.475,175.075,13.722933283358543,12.108933283358542
9436,9483,156.0,-38.475,175.125,13.575822551715646,12.639822551715646
9437,9484,179.0,-38.475,175.175,13.457269627224377,12.383269627224378
9438,9485,183.0,-38.475,175.225,13.36836214963023,12.270362149630229
9439,9560,154.0,-38.425,175.075,13.693294579848043,12.769294579848044
9440,9561,236.0,-38.425,175.125,13.523400607638905,12.107400607638905
9441,9562,268.0,-38.425,175.175,13.387908091868667,11.779908091868666
9442,9563,214.0,-38.425,175.225,13.288019472981432,12.004019472981431
9443,9757,255.0,-38.375,175.075,13.653730671654557,12.123730671654558
9444,9758,80.0,-38.375,175.125,13.466226917272252,12.986226917272251
9445,9759,180.0,-38.375,175.175,13.319850834255703,12.239850834255703
9446,9760,268.0,-38.375,175.225,13.215831661039374,11.607831661039373
9447,9486,279.0,-38.475,175.275,13.309136881879567,11.635136881879568
9448,9487,352.0,-38.475,175.325,13.278989328628995,11.166989328628995
9449,9488,508.0,-38.475,175.375,13.277091625688627,10.229091625688627
9450,9564,316.0,-38.425,175.275,13.223554834356946,11.327554834356945
9451,9565,258.0,-38.425,175.325,13.193725519402506,11.645725519402506
9452,9566,456.0,-38.425,175.375,13.197628374217857,10.461628374217856
9453,9761,297.0,-38.375,175.275,13.153467535707932,11.371467535707932
9454,9762,306.0,-38.375,175.325,13.13185283716848,11.29585283716848
9455,9763,255.0,-38.375,175.375,13.149985626059788,11.619985626059789
9456,9047,545.0,-38.425,175.475,13.306287184191206,10.036287184191206
9457,9151,581.0,-38.425,175.525,13.416160888295053,9.930160888295053
9458,9160,540.0,-38.425,175.575,13.568539036114998,10.328539036114998
9459,9489,416.0,-38.475,175.425,13.302960580838771,10.806960580838771
9460,9490,492.0,-38.475,175.475,13.357759655733389,10.40575965573339
9461,9491,565.0,-38.475,175.525,13.447915545150863,10.057915545150863
9462,9492,539.0,-38.475,175.575,13.590219214428544,10.356219214428544
9463,9567,489.0,-38.425,175.425,13.234790983270614,10.300790983270614
9464,9764,581.0,-38.375,175.425,13.20686294436564,9.720862944365638
9465,9765,655.0,-38.375,175.475,13.301789589172586,9.371789589172586
9466,9766,630.0,-38.375,175.525,13.434222090425465,9.654222090425465
9467,9767,488.0,-38.375,175.575,13.601300286009973,10.673300286009972
9468,9200,456.0,-38.425,175.625,13.754942569829836,11.018942569829836
9469,9289,318.0,-38.425,175.675,13.953752674260613,12.045752674260614
9470,9297,265.0,-38.425,175.725,14.144901563136955,12.554901563136955
9471,9391,243.0,-38.425,175.775,14.315299522972055,12.857299522972054
9472,9493,540.0,-38.475,175.625,13.777784471339146,10.537784471339146
9473,9494,304.0,-38.475,175.675,13.974999672326703,12.150999672326703
9474,9495,360.0,-38.475,175.725,14.158474526127975,11.998474526127975
9475,9496,361.0,-38.475,175.775,14.315117418977934,12.149117418977934
9476,9768,351.0,-38.375,175.625,13.793650057832565,11.687650057832565
9477,9769,281.0,-38.375,175.675,13.995872939837682,12.309872939837682
9478,9770,305.0,-38.375,175.725,14.19231276199298,12.36231276199298
9479,9771,217.0,-38.375,175.775,14.37126652441475,13.06926652441475
9480,9394,276.0,-38.425,175.825,14.458310316402276,12.802310316402275
9481,9396,230.0,-38.425,175.875,14.572586284945828,13.192586284945829
9482,9398,322.0,-38.425,175.925,14.660846910540386,12.728846910540385
9483,9497,417.0,-38.475,175.825,14.439018642786323,11.937018642786324
9484,9498,514.0,-38.475,175.875,14.530207024274205,11.446207024274205
9485,9499,489.0,-38.475,175.925,14.593399257128112,11.659399257128113
9486,9772,226.0,-38.375,175.825,14.52599261798423,13.16999261798423
9487,9773,455.0,-38.375,175.875,14.654259121294672,11.924259121294671
9488,9774,378.0,-38.375,175.925,14.757445233043654,12.489445233043654
9489,9400,304.0,-38.425,175.975,14.728548690449315,12.904548690449316
9490,9402,572.0,-38.425,176.025,14.782668972086867,11.350668972086867
9491,9404,352.0,-38.425,176.075,14.83094140241792,12.71894140241792
9492,9406,294.0,-38.425,176.125,14.881396706287887,13.117396706287888
9493,9500,399.0,-38.475,175.975,14.636250216055487,12.242250216055487
9494,9501,649.0,-38.475,176.025,14.667504878004365,10.773504878004365
9495,9502,665.0,-38.475,176.075,14.696169217877468,10.706169217877468
9496,9503,587.0,-38.475,176.125,14.731889180498001,11.209889180498001
9497,9775,407.0,-38.375,175.975,14.839531480364712,12.397531480364712
9498,9776,406.0,-38.375,176.025,14.906161489912847,12.470161489912847
9499,9777,375.0,-38.375,176.075,14.963871809423836,12.713871809423836
9500,9778,489.0,-38.375,176.125,15.019376382691917,12.085376382691917
9501,9408,480.0,-38.425,176.175,14.941461910790167,12.061461910790168
9502,9410,608.0,-38.425,176.225,15.016414383163465,11.368414383163465
9503,9412,397.0,-38.425,176.275,15.108130090284249,12.726130090284249
9504,9504,403.0,-38.475,176.175,14.784260543459823,12.366260543459823
9505,9505,447.0,-38.475,176.225,14.859919582378097,12.177919582378097
9506,9506,346.0,-38.475,176.275,14.96020658654652,12.884206586546519
9507,9779,300.0,-38.375,176.175,15.078670631907698,13.278670631907698
9508,9780,464.0,-38.375,176.225,15.14599060880937,12.361990608809371
9509,9781,754.0,-38.375,176.275,15.223060712296501,10.6990607122965
9510,9414,299.0,-38.425,176.325,15.214892657393648,13.420892657393647
9511,9416,309.0,-38.425,176.375,15.331883580993235,13.477883580993236
9512,9418,496.0,-38.425,176.425,15.451395765971938,12.475395765971939
9513,9507,300.0,-38.475,176.325,15.081307842856404,13.281307842856403
9514,9508,324.0,-38.475,176.375,15.215565863873053,13.271565863873054
9515,9509,442.0,-38.475,176.425,15.352144228543693,12.700144228543694
9516,9510,542.0,-38.475,176.475,15.476011383487275,12.224011383487277
9517,9540,519.0,-38.425,176.475,15.561844686461882,12.447844686461881
9518,9782,346.0,-38.375,176.325,15.308967794819182,13.232967794819182
9519,9783,359.0,-38.375,176.375,15.400388832089448,13.246388832089448
9520,9784,358.0,-38.375,176.425,15.491385731901573,13.343385731901574
9521,9785,510.0,-38.375,176.475,15.571852607648907,12.511852607648908
9522,9511,560.0,-38.475,176.525,15.564408019235998,12.204408019235998
9523,9512,492.0,-38.475,176.575,15.585917264498676,12.633917264498676
9524,9513,375.0,-38.475,176.625,15.532930673983174,13.282930673983174
9525,9576,540.0,-38.425,176.525,15.643748769069134,12.403748769069134
9526,9579,514.0,-38.425,176.575,15.649753140490247,12.565753140490248
9527,9582,404.0,-38.425,176.625,15.556770134988255,13.132770134988256
9528,9786,530.0,-38.375,176.525,15.622692904730684,12.442692904730684
9529,9787,480.0,-38.375,176.575,15.603574375273638,12.723574375273639
9530,9788,440.0,-38.375,176.625,15.500968477582319,12.860968477582318
9531,9033,165.0,-38.375,176.775,15.122214279036598,14.132214279036598
9532,9038,244.0,-38.375,176.825,15.04194946894222,13.57794946894222
9533,9514,265.0,-38.475,176.675,15.437571451891017,13.847571451891017
9534,9515,201.0,-38.475,176.725,15.3300406789931,14.1240406789931
9535,9516,326.0,-38.475,176.775,15.22962643302617,13.27362643302617
9536,9517,762.0,-38.475,176.825,15.148771150251378,10.576771150251378
9537,9586,240.0,-38.425,176.675,15.430133322142865,13.990133322142865
9538,9591,180.0,-38.425,176.725,15.301169182465856,14.221169182465855
9539,9596,184.0,-38.425,176.775,15.187616801889817,14.083616801889818
9540,9601,680.0,-38.425,176.825,15.100562763979724,11.020562763979724
9541,9789,356.0,-38.375,176.675,15.366601192944472,13.230601192944473
9542,9790,191.0,-38.375,176.725,15.234072243453738,14.088072243453738
9543,9048,678.0,-38.375,176.875,14.99867445727341,10.93067445727341
9544,9049,697.0,-38.375,176.925,14.994286568936332,10.812286568936333
9545,9050,529.0,-38.375,176.975,15.029398098045021,11.855398098045022
9546,9051,225.0,-38.375,177.025,15.104717344409437,13.754717344409437
9547,9518,669.0,-38.475,176.875,15.095544317148779,11.08154431714878
9548,9519,721.0,-38.475,176.925,15.075041415824671,10.74904141582467
9549,9520,262.0,-38.475,176.975,15.09026072742472,13.518260727424721
9550,9521,615.0,-38.475,177.025,15.142485761954049,11.45248576195405
9551,9606,505.0,-38.425,176.875,15.046656928398079,12.01665692839808
9552,9689,338.0,-38.425,176.925,15.02959514144186,13.00159514144186
9553,9691,247.0,-38.425,176.975,15.05134349322634,13.569343493226341
9554,9707,316.0,-38.425,177.025,15.112731923411957,13.216731923411956
9555,9052,339.0,-38.375,177.075,15.220288012610581,13.186288012610582
9556,9053,282.0,-38.375,177.125,15.372942527768828,13.680942527768828
9557,9054,458.0,-38.375,177.175,15.554792008377262,12.806792008377263
9558,9522,687.0,-38.475,177.075,15.23116560831204,11.10916560831204
9559,9523,643.0,-38.475,177.125,15.353574339255829,11.495574339255828
9560,9524,1015.0,-38.475,177.175,15.504760946482747,9.414760946482748
9561,9711,406.0,-38.425,177.075,15.213049466257871,12.777049466257871
9562,9715,624.0,-38.425,177.125,15.349034826062962,11.605034826062962
9563,9719,680.0,-38.425,177.175,15.51442654125276,11.43442654125276
9564,9055,851.0,-38.375,177.225,15.75493619880217,10.64893619880217
9565,9056,832.0,-38.375,177.275,15.962780560484134,10.970780560484133
9566,9057,689.0,-38.375,177.325,16.170074210560415,12.036074210560415
9567,9058,607.0,-38.375,177.375,16.370942894905966,12.728942894905966
9568,9525,1122.0,-38.475,177.225,15.678099194253264,8.946099194253264
9569,9526,606.0,-38.475,177.275,15.866237374131742,12.230237374131743
9570,9527,757.0,-38.475,177.325,16.06196258476666,11.519962584766661
9571,9528,649.0,-38.475,177.375,16.258658830695822,12.364658830695822
9572,9723,458.0,-38.425,177.225,15.700850222308873,12.952850222308873
9573,9727,888.0,-38.425,177.275,15.899499791185008,10.571499791185008
9574,9728,360.0,-38.425,177.325,16.102458336863492,13.942458336863492
9575,9729,628.0,-38.425,177.375,16.303101203750884,12.535101203750884
9576,9059,586.0,-38.375,177.425,16.56086239875367,13.04486239875367
9577,9060,635.0,-38.375,177.475,16.735505811827352,12.925505811827353
9578,9061,616.0,-38.375,177.525,16.89015413281777,13.19415413281777
9579,9529,628.0,-38.475,177.425,16.450379153778158,12.682379153778157
9580,9530,748.0,-38.475,177.475,16.631774164007766,12.143774164007766
9581,9531,734.0,-38.475,177.525,16.798150810053812,12.394150810053812
9582,9730,857.0,-38.425,177.425,16.49580156549473,11.35380156549473
9583,9731,618.0,-38.425,177.475,16.675460010797906,12.967460010797906
9584,9732,732.0,-38.425,177.525,16.837431650331382,12.445431650331383
9585,9062,659.0,-38.375,177.575,17.02124571695731,13.06724571695731
9586,9063,306.0,-38.375,177.625,17.12884137632136,15.29284137632136
9587,9064,372.0,-38.375,177.675,17.214707621218622,14.982707621218623
9588,9065,405.0,-38.375,177.725,17.28026945781221,14.85026945781221
9589,9532,753.0,-38.475,177.575,16.945719808858485,12.427719808858484
9590,9533,478.0,-38.475,177.625,17.071670957737297,14.203670957737296
9591,9534,251.0,-38.475,177.675,17.17374559016207,15.66774559016207
9592,9535,183.0,-38.475,177.725,17.249657840866348,16.15165784086635
9593,9733,586.0,-38.425,177.575,16.978235691258305,13.462235691258305
9594,9734,515.0,-38.425,177.625,17.096194839781674,14.006194839781674
9595,9735,389.0,-38.425,177.675,17.190762508693297,14.856762508693297
9596,9736,79.0,-38.425,177.725,17.261565650785997,16.787565650785996
9597,9066,209.0,-38.375,177.775,17.326885835115718,16.072885835115716
9598,9067,100.0,-38.375,177.825,17.356770854035858,16.756770854035857
9599,9068,168.0,-38.375,177.875,17.373876872577966,16.365876872577967
9600,9069,230.0,-38.375,177.925,17.384251633626263,16.004251633626264
9601,9536,196.0,-38.475,177.775,17.297045424958014,16.121045424958016
9602,9537,101.0,-38.475,177.825,17.314533661832684,16.708533661832682
9603,9539,80.0,-38.475,177.875,17.304312924374244,16.824312924374244
9604,9544,136.0,-38.475,177.925,17.275291096275396,16.459291096275397
9605,9737,236.0,-38.425,177.775,17.308418550616807,15.892418550616807
9606,9738,82.0,-38.425,177.825,17.33229736094654,16.84029736094654
9607,9739,167.0,-38.425,177.875,17.33687169695986,16.334871696959862
9608,9740,158.0,-38.425,177.925,17.329662429665404,16.381662429665404
9609,9070,285.0,-38.375,177.975,17.39533088864664,15.68533088864664
9610,9071,241.0,-38.375,178.025,17.414184017099615,15.968184017099615
9611,9072,307.0,-38.375,178.075,17.445639951742123,15.603639951742123
9612,9545,196.0,-38.475,177.975,17.243121897177843,16.067121897177845
9613,9546,360.0,-38.475,178.025,17.224199360272905,15.064199360272905
9614,9547,179.0,-38.475,178.075,17.228149592749105,16.154149592749103
9615,9741,340.0,-38.425,177.975,17.321306846206426,15.281306846206427
9616,9742,441.0,-38.425,178.025,17.322397384610667,14.676397384610667
9617,9743,345.0,-38.425,178.075,17.339892922755098,15.269892922755098
9618,9073,190.0,-38.375,178.125,17.491405229655356,16.351405229655356
9619,9074,222.0,-38.375,178.175,17.550433301381418,16.218433301381417
9620,9075,186.0,-38.375,178.225,17.619957940021777,16.503957940021778
9621,9076,18.0,-38.375,178.275,17.696528607584696,17.588528607584696
9622,9548,185.0,-38.475,178.125,17.25612484645535,16.14612484645535
9623,9549,201.0,-38.475,178.175,17.30428079727062,16.098280797270622
9624,9550,41.0,-38.475,178.225,17.36734651241568,17.12134651241568
9625,9551,109.0,-38.475,178.275,17.440362642089895,16.786362642089895
9626,9744,210.0,-38.425,178.125,17.375786064456406,16.115786064456405
9627,9745,315.0,-38.425,178.175,17.428262829464074,15.538262829464074
9628,9746,67.0,-38.425,178.225,17.493637704747016,17.091637704747015
9629,9747,105.0,-38.425,178.275,17.56779955258935,16.93779955258935
9630,9748,66.0,-38.425,178.325,17.64697280085602,17.25097280085602
9631,9077,20.0,-38.325,174.725,15.781814828133065,15.661814828133066
9632,9078,292.0,-38.325,174.775,15.469009541254309,13.717009541254308
9633,9079,295.0,-38.325,174.825,15.129588981837514,13.359588981837515
9634,9080,222.0,-38.325,174.875,14.782090276286908,13.450090276286907
9635,9159,144.0,-38.275,174.725,15.908415859550587,15.044415859550586
9636,9196,63.0,-38.275,174.775,15.563423470442103,15.185423470442103
9637,9217,20.0,-38.175,174.725,15.964239697287667,15.844239697287668
9638,9218,34.0,-38.175,174.775,15.549034853967896,15.345034853967896
9639,9219,174.0,-38.175,174.825,15.106548324533833,14.062548324533832
9640,9220,164.0,-38.175,174.875,14.670333420333918,13.686333420333918
9641,9273,121.0,-38.275,174.825,15.185047651006244,14.459047651006244
9642,9276,239.0,-38.275,174.875,14.800079978026588,13.366079978026589
9643,9950,42.0,-38.225,174.725,15.980683665261495,15.728683665261494
9644,9951,128.0,-38.225,174.775,15.599480458013204,14.831480458013203
9645,9952,100.0,-38.225,174.825,15.183160394677543,14.583160394677543
9646,9953,273.0,-38.225,174.875,14.766245479124336,13.128245479124336
9647,9081,265.0,-38.325,174.925,14.443635215291579,12.853635215291579
9648,9082,349.0,-38.325,174.975,14.127881456512114,12.033881456512114
9649,9083,230.0,-38.325,175.025,13.844978480253303,12.464978480253304
9650,9221,239.0,-38.175,174.925,14.262674037488068,12.828674037488069
9651,9222,408.0,-38.175,174.975,13.900044478667951,11.45204447866795
9652,9223,301.0,-38.175,175.025,13.594421690935633,11.788421690935634
9653,9279,195.0,-38.275,174.925,14.429526562242245,13.259526562242245
9654,9282,301.0,-38.275,174.975,14.0886761902957,12.282676190295701
9655,9290,277.0,-38.275,175.025,13.788365937371964,12.126365937371965
9656,9954,383.0,-38.225,174.925,14.371230344461765,12.073230344461765
9657,9955,529.0,-38.225,174.975,14.013914681594542,10.839914681594543
9658,9956,298.0,-38.225,175.025,13.705462608503694,11.917462608503694
9659,9084,168.0,-38.325,175.075,13.602046757152493,12.594046757152494
9660,9085,69.0,-38.325,175.125,13.40380559492678,12.98980559492678
9661,9086,101.0,-38.325,175.175,13.2536789691776,12.6476789691776
9662,9087,188.0,-38.325,175.225,13.152675247679326,12.024675247679326
9663,9224,162.0,-38.175,175.075,13.353462779798974,12.381462779798975
9664,9225,177.0,-38.175,175.125,13.180508937571176,12.118508937571177
9665,9226,76.0,-38.175,175.175,13.074996971748078,12.618996971748079
9666,9227,59.0,-38.175,175.225,13.033593505303543,12.679593505303544
9667,9298,113.0,-38.275,175.075,13.535888823384994,12.857888823384993
9668,9467,54.0,-38.275,175.125,13.33572922221174,13.01172922221174
9669,9543,60.0,-38.275,175.175,13.190243710855611,12.830243710855612
9670,9583,111.0,-38.275,175.225,13.09957650803426,12.43357650803426
9671,9957,173.0,-38.225,175.075,13.45317459594844,12.41517459594844
9672,9958,54.0,-38.225,175.125,13.260946133977995,12.936946133977996
9673,9959,61.0,-38.225,175.175,13.129772660455274,12.763772660455274
9674,9960,42.0,-38.225,175.225,13.05842403808947,12.80642403808947
9675,9088,290.0,-38.325,175.275,13.099453798113245,11.359453798113245
9676,9089,377.0,-38.325,175.325,13.093018274947099,10.831018274947098
9677,9090,265.0,-38.325,175.375,13.132105259105629,11.542105259105629
9678,9228,62.0,-38.175,175.275,13.052066732561798,12.680066732561798
9679,9229,91.0,-38.175,175.325,13.12756805148183,12.581568051481831
9680,9230,100.0,-38.175,175.375,13.260337843416892,12.660337843416892
9681,9588,129.0,-38.275,175.275,13.062373884424233,12.288373884424232
9682,9593,319.0,-38.275,175.325,13.07733256382744,11.16333256382744
9683,9598,185.0,-38.275,175.375,13.142981573399084,12.032981573399084
9684,9961,80.0,-38.225,175.275,13.044701879394779,12.564701879394779
9685,9962,81.0,-38.225,175.325,13.08693082580703,12.60093082580703
9686,9963,130.0,-38.225,175.375,13.184064692440188,12.404064692440189
9687,9091,426.0,-38.325,175.425,13.21465176536276,10.65865176536276
9688,9092,543.0,-38.325,175.475,13.337338966179232,10.079338966179233
9689,9093,576.0,-38.325,175.525,13.495266578559495,10.039266578559495
9690,9094,518.0,-38.325,175.575,13.68122082755417,10.57322082755417
9691,9231,110.0,-38.175,175.425,13.449561165311934,12.789561165311934
9692,9232,160.0,-38.175,175.475,13.681881582853748,12.721881582853747
9693,9233,132.0,-38.175,175.525,13.936169622835223,13.144169622835223
9694,9234,200.0,-38.175,175.575,14.19456889751018,12.994568897510181
9695,9603,240.0,-38.275,175.425,13.256201839646565,11.816201839646565
9696,9692,333.0,-38.275,175.475,13.41079518364404,11.412795183644041
9697,9710,415.0,-38.275,175.525,13.597655646512976,11.107655646512976
9698,9714,437.0,-38.275,175.575,13.8059902826717,11.1839902826717
9699,9964,176.0,-38.225,175.425,13.332803985700593,12.276803985700592
9700,9965,273.0,-38.225,175.475,13.52382413939631,11.88582413939631
9701,9966,235.0,-38.225,175.525,13.743100559145205,12.333100559145205
9702,9967,261.0,-38.225,175.575,13.976236676891858,12.41023667689186
9703,9095,392.0,-38.325,175.625,13.884833936402174,11.532833936402174
9704,9096,197.0,-38.325,175.675,14.093380692531355,12.911380692531354
9705,9097,213.0,-38.325,175.725,14.294389320428309,13.016389320428308
9706,9098,331.0,-38.325,175.775,14.478050138134677,12.492050138134676
9707,9235,233.0,-38.175,175.625,14.443936362179556,13.045936362179557
9708,9236,154.0,-38.175,175.675,14.67476341881229,13.75076341881229
9709,9237,260.0,-38.175,175.725,14.88043183237096,13.320431832370959
9710,9238,260.0,-38.175,175.775,15.056771531429149,13.496771531429149
9711,9718,300.0,-38.275,175.625,14.024245608788078,12.224245608788078
9712,9722,225.0,-38.275,175.675,14.240927039131748,12.890927039131748
9713,9726,283.0,-38.275,175.725,14.445760560793133,12.747760560793132
9714,9801,424.0,-38.275,175.775,14.630810778895466,12.086810778895465
9715,9968,342.0,-38.225,175.625,14.210545514293699,12.1585455142937
9716,9969,117.0,-38.225,175.675,14.435384830288058,13.733384830288058
9717,9970,320.0,-38.225,175.725,14.642285862208155,12.722285862208155
9718,9971,353.0,-38.225,175.775,14.825151012754759,12.707151012754759
9719,9021,340.0,-38.225,175.875,15.10642360570364,13.06642360570364
9720,9024,387.0,-38.225,175.925,15.20405907863551,12.88205907863551
9721,9099,327.0,-38.325,175.825,14.638256414564239,12.67625641456424
9722,9100,345.0,-38.325,175.875,14.772566268560695,12.702566268560695
9723,9101,620.0,-38.325,175.925,14.881645368660429,11.16164536866043
9724,9239,280.0,-38.175,175.825,15.201687099031005,13.521687099031006
9725,9240,297.0,-38.175,175.875,15.314767789898724,13.532767789898724
9726,9241,369.0,-38.175,175.925,15.39692989867126,13.18292989867126
9727,9804,364.0,-38.275,175.825,14.791062068148676,12.607062068148675
9728,9807,377.0,-38.275,175.875,14.924418668229919,12.662418668229918
9729,9810,421.0,-38.275,175.925,15.031343537322755,12.505343537322755
9730,9972,348.0,-38.225,175.825,14.980321805863241,12.89232180586324
9731,9026,500.0,-38.225,175.975,15.275469382571828,12.275469382571828
9732,9028,549.0,-38.225,176.025,15.324227740734386,12.030227740734386
9733,9030,632.0,-38.225,176.075,15.354925312892192,11.562925312892192
9734,9035,654.0,-38.225,176.125,15.37269810125872,11.44869810125872
9735,9102,404.0,-38.325,175.975,14.968535917835652,12.544535917835653
9736,9103,296.0,-38.325,176.025,15.037917618872598,13.261917618872598
9737,9104,298.0,-38.325,176.075,15.095395821615057,13.307395821615057
9738,9105,341.0,-38.325,176.125,15.146740194286394,13.100740194286395
9739,9242,414.0,-38.175,175.975,15.450187254089542,12.966187254089542
9740,9243,563.0,-38.175,176.025,15.477599827329868,12.099599827329868
9741,9244,659.0,-38.175,176.075,15.483335023579457,11.529335023579456
9742,9245,640.0,-38.175,176.125,15.472623137630762,11.632623137630762
9743,9813,522.0,-38.275,175.975,15.114352695023626,11.982352695023627
9744,9816,517.0,-38.275,176.025,15.177479934504845,12.075479934504845
9745,9819,587.0,-38.275,176.075,15.225710798264117,11.703710798264117
9746,9822,462.0,-38.275,176.125,15.26429271005236,12.492292710052359
9747,9043,376.0,-38.225,176.175,15.38237500345349,13.12637500345349
9748,9106,341.0,-38.325,176.175,15.196989811603089,13.15098981160309
9749,9107,321.0,-38.325,176.225,15.249526828447415,13.323526828447415
9750,9108,359.0,-38.325,176.275,15.30548332721537,13.15148332721537
9751,9165,365.0,-38.225,176.225,15.387083938269825,13.197083938269826
9752,9167,400.0,-38.225,176.275,15.386617209297583,12.986617209297583
9753,9246,526.0,-38.175,176.175,15.451234461424065,12.295234461424066
9754,9247,410.0,-38.175,176.225,15.423979571616655,12.963979571616656
9755,9248,354.0,-38.175,176.275,15.391672630976245,13.267672630976245
9756,9825,380.0,-38.275,176.175,15.297820890509684,13.017820890509684
9757,9828,380.0,-38.275,176.225,15.329158955819366,13.049158955819367
9758,9831,420.0,-38.275,176.275,15.358644359601385,12.838644359601386
9759,9109,501.0,-38.325,176.325,15.363817800111065,12.357817800111064
9760,9110,407.0,-38.325,176.375,15.4217358396063,12.979735839606299
9761,9111,400.0,-38.325,176.425,15.47430431569137,13.07430431569137
9762,9112,465.0,-38.325,176.475,15.51239775994236,12.72239775994236
9763,9169,426.0,-38.225,176.325,15.37748459343402,12.82148459343402
9764,9171,525.0,-38.225,176.375,15.357213981844325,12.207213981844324
9765,9172,299.0,-38.225,176.425,15.32683387375073,13.532833873750729
9766,9173,531.0,-38.225,176.475,15.286091432013563,12.100091432013564
9767,9249,468.0,-38.175,176.325,15.347861982757422,12.539861982757422
9768,9250,388.0,-38.175,176.375,15.288447822843409,12.96044782284341
9769,9251,302.0,-38.175,176.425,15.222559899464613,13.410559899464614
9770,9252,530.0,-38.175,176.475,15.156013344498206,11.976013344498206
9771,9834,571.0,-38.275,176.325,15.384432013177502,11.958432013177502
9772,9837,481.0,-38.275,176.375,15.403982339576032,12.517982339576033
9773,9840,392.0,-38.275,176.425,15.414310612809459,13.062310612809458
9774,9843,360.0,-38.275,176.475,15.409748798963847,13.249748798963846
9775,9113,436.0,-38.325,176.525,15.519675025600009,12.903675025600009
9776,9114,393.0,-38.325,176.575,15.475445852854136,13.117445852854136
9777,9115,423.0,-38.325,176.625,15.378281916818196,12.840281916818196
9778,9174,900.0,-38.225,176.525,15.23125639250975,9.83125639250975
9779,9175,560.0,-38.225,176.575,15.159315929597142,11.799315929597142
9780,9176,356.0,-38.225,176.625,15.074237200436983,12.938237200436983
9781,9253,326.0,-38.175,176.525,15.087964779180766,13.131964779180766
9782,9254,143.0,-38.175,176.575,15.01689226247072,14.158892262470719
9783,9255,166.0,-38.175,176.625,14.94599692684551,13.94999692684551
9784,9901,478.0,-38.275,176.525,15.380738751884564,12.512738751884564
9785,9903,455.0,-38.275,176.575,15.318609499512604,12.588609499512604
9786,9905,440.0,-38.275,176.625,15.226126644355645,12.586126644355645
9787,9116,377.0,-38.325,176.675,15.255448439646898,12.993448439646897
9788,9117,305.0,-38.325,176.725,15.13657271012562,13.30657271012562
9789,9118,179.0,-38.325,176.775,15.04212063124487,13.96812063124487
9790,9119,261.0,-38.325,176.825,14.983562329570304,13.417562329570305
9791,9177,439.0,-38.225,176.675,14.989636840898129,12.355636840898129
9792,9178,396.0,-38.225,176.725,14.92579578018831,12.54979578018831
9793,9179,281.0,-38.225,176.775,14.903398031594406,13.217398031594406
9794,9180,154.0,-38.225,176.825,14.93526825396475,14.01126825396475
9795,9256,140.0,-38.175,176.675,14.886307259560454,14.046307259560454
9796,9257,338.0,-38.175,176.725,14.857135313713115,12.829135313713115
9797,9258,310.0,-38.175,176.775,14.883242273652286,13.023242273652286
9798,9259,168.0,-38.175,176.825,14.983942692826531,13.975942692826532
9799,9907,396.0,-38.275,176.675,15.120932074514712,12.744932074514713
9800,9909,275.0,-38.275,176.725,15.02649396315519,13.37649396315519
9801,9911,221.0,-38.275,176.775,14.962846267505483,13.636846267505483
9802,9913,259.0,-38.275,176.825,14.941559768088155,13.387559768088154
9803,9120,571.0,-38.325,176.875,14.96473571399929,11.538735713999289
9804,9121,608.0,-38.325,176.925,14.98449381683622,11.33649381683622
9805,9122,120.0,-38.325,176.975,15.040881509012252,14.320881509012251
9806,9123,262.0,-38.325,177.025,15.134653412697844,13.562653412697845
9807,9181,452.0,-38.225,176.875,15.018701981893173,12.306701981893173
9808,9182,575.0,-38.225,176.925,15.136314100237541,11.686314100237542
9809,9183,525.0,-38.225,176.975,15.268319246027204,12.118319246027204
9810,9184,504.0,-38.225,177.025,15.409193112541288,12.385193112541288
9811,9260,391.0,-38.175,176.875,15.153759069750777,12.807759069750777
9812,9261,258.0,-38.175,176.925,15.358777736564662,13.810777736564662
9813,9262,83.0,-38.175,176.975,15.55959010733659,15.06159010733659
9814,9263,163.0,-38.175,177.025,15.73564615052328,14.75764615052328
9815,9914,478.0,-38.275,176.875,14.963704437885099,12.095704437885098
9816,9916,574.0,-38.275,176.925,15.022272005093328,11.578272005093329
9817,9917,528.0,-38.275,176.975,15.109516533024362,11.941516533024362
9818,9919,301.0,-38.275,177.025,15.225329232416698,13.419329232416699
9819,9124,575.0,-38.325,177.075,15.268446078915076,11.818446078915077
9820,9125,252.0,-38.325,177.125,15.440639046765682,13.928639046765682
9821,9126,487.0,-38.325,177.175,15.640840462671804,12.718840462671803
9822,9185,237.0,-38.225,177.075,15.579201276898857,14.157201276898856
9823,9186,320.0,-38.225,177.125,15.79821357507899,13.87821357507899
9824,9187,326.0,-38.225,177.175,16.036687709091893,14.080687709091894
9825,9264,97.0,-38.175,177.075,15.913526523882865,15.331526523882864
9826,9265,145.0,-38.175,177.125,16.162470030463737,15.292470030463738
9827,9266,89.0,-38.175,177.175,16.407950198949948,15.873950198949947
9828,9920,368.0,-38.275,177.075,15.3785282431827,13.1705282431827
9829,9921,273.0,-38.275,177.125,15.57276835378434,13.93476835378434
9830,9923,531.0,-38.275,177.175,15.792513815721577,12.606513815721577
9831,9031,179.0,-38.175,177.275,16.74533958446682,15.67133958446682
9832,9036,385.0,-38.175,177.325,16.862430528089135,14.552430528089134
9833,9044,486.0,-38.175,177.375,16.965140387016618,14.049140387016617
9834,9127,798.0,-38.325,177.225,15.853919137307457,11.065919137307457
9835,9128,775.0,-38.325,177.275,16.067155235707105,11.417155235707106
9836,9129,158.0,-38.325,177.325,16.27297003932017,15.32497003932017
9837,9130,724.0,-38.325,177.375,16.467559432315284,12.123559432315282
9838,9188,634.0,-38.225,177.225,16.25727126921629,12.45327126921629
9839,9189,599.0,-38.225,177.275,16.448747654260842,12.854747654260843
9840,9190,519.0,-38.225,177.325,16.615228876641595,13.501228876641594
9841,9191,425.0,-38.225,177.375,16.763354893309952,14.213354893309951
9842,9267,461.0,-38.175,177.225,16.600199773861277,13.834199773861277
9843,9924,663.0,-38.275,177.225,16.014732893180735,12.036732893180735
9844,9926,184.0,-38.275,177.275,16.22509262782023,15.121092627820232
9845,9928,307.0,-38.275,177.325,16.419228618811758,14.577228618811757
9846,9930,386.0,-38.275,177.375,16.597407940872472,14.281407940872473
9847,9131,486.0,-38.325,177.425,16.648574427912536,13.732574427912535
9848,9132,588.0,-38.325,177.475,16.813326976256576,13.285326976256576
9849,9133,589.0,-38.325,177.525,16.95712610604096,13.42312610604096
9850,9146,170.0,-38.175,177.425,17.05824612719698,16.03824612719698
9851,9156,222.0,-38.175,177.475,17.14118797187075,15.809187971870749
9852,9192,490.0,-38.225,177.425,16.896799328906127,13.956799328906127
9853,9193,542.0,-38.225,177.475,17.015640777446606,13.763640777446607
9854,9198,488.0,-38.175,177.525,17.211704395882407,14.283704395882406
9855,9201,458.0,-38.225,177.525,17.117040679206184,14.369040679206185
9856,9931,572.0,-38.275,177.425,16.7603099174994,13.328309917499398
9857,9932,634.0,-38.275,177.475,16.907163345929803,13.103163345929802
9858,9933,506.0,-38.275,177.525,17.034426924635227,13.998426924635227
9859,9134,577.0,-38.325,177.575,17.07459135668978,13.61259135668978
9860,9135,899.0,-38.325,177.625,17.169000569911077,11.775000569911077
9861,9136,1011.0,-38.325,177.675,17.24474515595284,11.178745155952843
9862,9137,500.0,-38.325,177.725,17.304349794328118,14.304349794328118
9863,9202,629.0,-38.225,177.575,17.19828395382592,13.42428395382592
9864,9203,682.0,-38.225,177.625,17.262553990774904,13.170553990774906
9865,9204,566.0,-38.225,177.675,17.314885420269093,13.918885420269092
9866,9205,821.0,-38.225,177.725,17.35917772940229,12.43317772940229
9867,9285,411.0,-38.175,177.575,17.26869100237127,14.802691002371269
9868,9293,678.0,-38.175,177.625,17.31407086739,13.246070867390001
9869,9468,581.0,-38.175,177.675,17.351637712697993,13.865637712697993
9870,9541,1035.0,-38.175,177.725,17.38532735239096,11.175327352390958
9871,9934,532.0,-38.275,177.575,17.13455501003409,13.942555010034091
9872,9935,770.0,-38.275,177.625,17.21420571622184,12.59420571622184
9873,9936,953.0,-38.275,177.675,17.278805630777242,11.560805630777242
9874,9937,498.0,-38.275,177.725,17.331463439586514,14.343463439586515
9875,9138,287.0,-38.325,177.775,17.35003715645871,15.628037156458712
9876,9139,247.0,-38.325,177.825,17.384565905864292,15.902565905864293
9877,9140,285.0,-38.325,177.875,17.411700076499983,15.701700076499982
9878,9141,248.0,-38.325,177.925,17.43624179634935,15.94824179634935
9879,9206,439.0,-38.225,177.775,17.398771301108354,14.764771301108354
9880,9207,583.0,-38.225,177.825,17.436890707675047,13.938890707675048
9881,9208,463.0,-38.225,177.875,17.476766736792342,14.698766736792342
9882,9209,870.0,-38.225,177.925,17.52151912475165,12.30151912475165
9883,9569,775.0,-38.175,177.775,17.418767461265816,12.768767461265817
9884,9570,908.0,-38.175,177.825,17.455299743371143,12.007299743371142
9885,9572,439.0,-38.175,177.875,17.497963203146355,14.863963203146355
9886,9574,460.0,-38.175,177.925,17.549349011122104,14.789349011122104
9887,9938,380.0,-38.275,177.775,17.37496418320734,15.09496418320734
9888,9939,344.0,-38.275,177.825,17.41232864592166,15.348328645921661
9889,9940,412.0,-38.275,177.875,17.447030315130178,14.975030315130178
9890,9941,424.0,-38.275,177.925,17.482904984039124,14.938904984039123
9891,9142,399.0,-38.325,177.975,17.463476574937886,15.069476574937886
9892,9143,200.0,-38.325,178.025,17.498142630855,16.298142630855
9893,9144,362.0,-38.325,178.075,17.543383503667428,15.371383503667428
9894,9210,627.0,-38.225,177.975,17.573843721904268,13.811843721904268
9895,9211,564.0,-38.225,178.025,17.63559228032682,14.251592280326818
9896,9212,431.0,-38.225,178.075,17.707389288556442,15.121389288556442
9897,9577,592.0,-38.175,177.975,17.611347132020455,14.059347132020456
9898,9580,491.0,-38.175,178.025,17.684847228589206,14.738847228589206
9899,9584,528.0,-38.175,178.075,17.769482415835228,14.601482415835228
9900,9942,379.0,-38.275,177.975,17.523733737751172,15.249733737751171
9901,9943,247.0,-38.275,178.025,17.572603014406923,16.090603014406923
9902,9944,370.0,-38.275,178.075,17.631287135911407,15.411287135911406
9903,9034,61.0,-38.325,178.175,17.667554026025755,17.301554026025755
9904,9040,237.0,-38.325,178.225,17.743010155005322,16.32101015500532
9905,9145,262.0,-38.325,178.125,17.60019589413605,16.02819589413605
9906,9149,19.0,-38.325,178.275,17.82344095697954,17.709440956979538
9907,9213,381.0,-38.225,178.125,17.78843516058987,15.50243516058987
9908,9214,457.0,-38.225,178.175,17.876585878773767,15.134585878773766
9909,9215,276.0,-38.225,178.225,17.968712835672704,16.312712835672706
9910,9216,83.0,-38.225,178.275,18.061270388829143,17.563270388829142
9911,9589,580.0,-38.175,178.125,17.863507770205615,14.383507770205615
9912,9594,287.0,-38.175,178.175,17.963888106718514,16.241888106718513
9913,9599,188.0,-38.175,178.225,18.066644157539486,16.938644157539485
9914,9604,121.0,-38.175,178.275,18.167465715654544,17.441465715654545
9915,9945,301.0,-38.275,178.125,17.69991462872167,15.893914628721673
9916,9946,333.0,-38.275,178.175,17.777040335355196,15.779040335355196
9917,9947,188.0,-38.275,178.225,17.86006376145815,16.73206376145815
9918,9948,71.0,-38.275,178.275,17.945829185408,17.519829185408003
9919,9152,136.0,-38.325,178.325,17.90569978288113,17.08969978288113
9920,9694,117.0,-38.175,178.325,18.262501019187766,17.560501019187768
9921,9949,92.0,-38.275,178.325,18.031231237484462,17.479231237484463
9922,9697,113.0,-38.125,174.725,15.804895021030461,15.12689502103046
9923,9698,5.0,-38.125,174.775,15.392027589681675,15.362027589681675
9924,9699,20.0,-38.125,174.825,14.947857786651184,14.827857786651185
9925,9701,23.0,-38.125,174.875,14.509904086962706,14.371904086962706
9926,10904,30.0,-38.025,174.825,14.45076921623513,14.27076921623513
9927,10907,61.0,-38.025,174.875,14.04294946326354,13.67694946326354
9928,9702,84.0,-38.125,174.925,14.10348640558459,13.59948640558459
9929,9703,252.0,-38.125,174.975,13.74761668746396,12.23561668746396
9930,9704,334.0,-38.125,175.025,13.456396235892498,11.452396235892499
9931,9995,22.0,-38.075,174.925,13.900963541073907,13.768963541073907
9932,9996,181.0,-38.075,174.975,13.562339356472876,12.476339356472876
9933,9997,318.0,-38.075,175.025,13.296037410641475,11.388037410641475
9934,10775,85.0,-37.975,174.925,13.427802741732194,12.917802741732194
9935,10781,262.0,-37.975,174.975,13.140637947764844,11.568637947764845
9936,10785,338.0,-37.975,175.025,12.943574935961806,10.915574935961805
9937,10934,378.0,-38.025,174.925,13.669375471644344,11.401375471644343
9938,10935,91.0,-38.025,174.975,13.354955455188247,12.808955455188247
9939,10936,308.0,-38.025,175.025,13.121369444357697,11.273369444357698
9940,9706,217.0,-38.125,175.075,13.23873469380851,11.93673469380851
9941,9709,125.0,-38.125,175.125,13.09776957727081,12.34776957727081
9942,9713,111.0,-38.125,175.175,13.03109742077504,12.36509742077504
9943,9717,89.0,-38.125,175.225,13.032418997039713,12.498418997039712
9944,9998,161.0,-38.075,175.075,13.113428390654917,12.147428390654918
9945,9999,130.0,-38.075,175.125,13.017996955576564,12.237996955576564
9946,10000,40.0,-38.075,175.175,13.004990461929083,12.764990461929083
9947,10029,40.0,-38.075,175.225,13.063977345849707,12.823977345849707
9948,10790,495.0,-37.975,175.075,12.859117616274489,9.889117616274488
9949,10794,421.0,-37.975,175.125,12.895670414527558,10.369670414527558
9950,10798,39.0,-37.975,175.175,13.039630594476876,12.805630594476876
9951,10802,20.0,-37.975,175.225,13.261890595467776,13.141890595467776
9952,10937,504.0,-38.025,175.075,12.984109822769824,9.960109822769823
9953,10938,362.0,-38.025,175.125,12.947949420356053,10.775949420356053
9954,10939,139.0,-38.025,175.175,13.004690649567237,12.170690649567238
9955,10940,39.0,-38.025,175.225,13.137281776277632,12.903281776277632
9956,9721,51.0,-38.125,175.275,13.094241118413265,12.788241118413266
9957,9725,79.0,-38.125,175.325,13.210829187215495,12.736829187215495
9958,9793,76.0,-38.125,175.375,13.382374215561867,12.926374215561868
9959,10037,42.0,-38.075,175.275,13.18342010780907,12.93142010780907
9960,10046,40.0,-38.075,175.325,13.354695522693873,13.114695522693873
9961,10154,40.0,-38.075,175.375,13.575536535143328,13.335536535143328
9962,10806,60.0,-37.975,175.275,13.535198485096771,13.175198485096772
9963,10810,83.0,-37.975,175.325,13.847842683510862,13.349842683510863
9964,10814,61.0,-37.975,175.375,14.19763726790734,13.83163726790734
9965,10941,36.0,-38.025,175.275,13.328653425073753,13.112653425073754
9966,10942,53.0,-38.025,175.325,13.56874047022211,13.25074047022211
9967,10943,64.0,-38.025,175.375,13.854621670956476,13.470621670956476
9968,9796,209.0,-38.125,175.425,13.617340059901835,12.363340059901835
9969,9798,78.0,-38.125,175.475,13.894850194112223,13.426850194112223
9970,9800,171.0,-38.125,175.525,14.183571069558639,13.157571069558639
9971,9803,181.0,-38.125,175.575,14.464343319444197,13.378343319444197
9972,10163,82.0,-38.075,175.425,13.858031894097621,13.366031894097622
9973,10169,125.0,-38.075,175.475,14.17519136376086,13.42519136376086
9974,10178,169.0,-38.075,175.525,14.491422513418001,13.477422513418002
9975,10181,260.0,-38.075,175.575,14.78748400778295,13.22748400778295
9976,10818,80.0,-37.975,175.425,14.570688307037017,14.090688307037016
9977,10822,75.0,-37.975,175.475,14.940663924229739,14.49066392422974
9978,10823,153.0,-37.975,175.525,15.28257445233885,14.36457445233885
9979,10824,122.0,-37.975,175.575,15.579399087904676,14.847399087904677
9980,10944,67.0,-38.025,175.425,14.181703886931246,13.779703886931246
9981,10945,259.0,-38.025,175.475,14.526840400040783,12.972840400040782
9982,10946,325.0,-38.025,175.525,14.860215940117087,12.910215940117087
9983,10947,621.0,-38.025,175.575,15.161791453440856,11.435791453440856
9984,9806,111.0,-38.125,175.625,14.724767159973453,14.058767159973453
9985,9809,162.0,-38.125,175.675,14.956928321825217,13.984928321825217
9986,9812,205.0,-38.125,175.725,15.156263249443327,13.926263249443327
9987,9815,208.0,-38.125,175.775,15.320717657345995,14.072717657345995
9988,10190,119.0,-38.075,175.625,15.051822811766215,14.337822811766214
9989,10198,137.0,-38.075,175.675,15.278204015560732,14.456204015560733
9990,10299,140.0,-38.075,175.725,15.464289514809934,14.624289514809934
9991,10306,180.0,-38.075,175.775,15.610416278062075,14.530416278062075
9992,10825,108.0,-37.975,175.625,15.822062041330355,15.174062041330355
9993,10826,184.0,-37.975,175.675,16.00817866356374,14.90417866356374
9994,10827,154.0,-37.975,175.725,16.140817832817447,15.216817832817448
9995,10828,140.0,-37.975,175.775,16.226777142002902,15.386777142002902
9996,10948,232.0,-38.025,175.625,15.42058248142257,14.028582481422571
9997,10949,142.0,-38.025,175.675,15.632060265318614,14.780060265318614
9998,10950,247.0,-38.025,175.725,15.796360739288502,14.314360739288503
9999,10951,139.0,-38.025,175.775,15.916670086983686,15.082670086983686
10000,9818,240.0,-38.125,175.825,15.44998410066546,14.009984100665461
10001,9821,312.0,-38.125,175.875,15.544808076425397,13.672808076425397
10002,9824,272.0,-38.125,175.925,15.606470635776532,13.974470635776532
10003,10334,235.0,-38.075,175.825,15.71839329708473,14.30839329708473
10004,10340,249.0,-38.075,175.875,15.790377197934504,14.296377197934504
10005,10348,279.0,-38.075,175.925,15.828038118407676,14.154038118407676
10006,10829,111.0,-37.975,175.825,16.274197094076953,15.608197094076953
10007,10830,173.0,-37.975,175.875,16.28990044844977,15.25190044844977
10008,10831,240.0,-37.975,175.925,16.277125114706905,14.837125114706906
10009,10952,144.0,-38.025,175.825,15.997479027580994,15.133479027580993
10010,10953,261.0,-38.025,175.875,16.04283081264657,14.476830812646572
10011,10954,304.0,-38.025,175.925,16.05493641569774,14.23093641569774
10012,9827,427.0,-38.125,175.975,15.636591853466598,13.074591853466599
10013,9830,540.0,-38.125,176.025,15.637341680634563,12.397341680634563
10014,9833,594.0,-38.125,176.075,15.611998798473905,12.047998798473905
10015,9836,455.0,-38.125,176.125,15.565581142900555,12.835581142900555
10016,10434,486.0,-38.075,175.975,15.832270588129177,12.916270588129176
10017,10438,540.0,-38.075,176.025,15.803630747766874,12.563630747766874
10018,10443,572.0,-38.075,176.075,15.743495733167038,12.311495733167037
10019,10458,495.0,-38.075,176.125,15.655637659991044,12.685637659991043
10020,10832,495.0,-37.975,175.975,16.234350787365656,13.264350787365656
10021,10833,537.0,-37.975,176.025,16.155777629160184,12.933777629160184
10022,10834,537.0,-37.975,176.075,16.033773178219235,12.811773178219235
10023,10835,537.0,-37.975,176.125,15.8633248819051,12.641324881905101
10024,10955,468.0,-38.025,175.975,16.033590968640965,13.225590968640965
10025,10956,560.0,-38.025,176.025,15.97673218561431,12.61673218561431
10026,10957,560.0,-38.025,176.075,15.882265050991009,12.52226505099101
10027,10958,528.0,-38.025,176.125,15.750916842547667,12.582916842547668
10028,9839,451.0,-38.125,176.175,15.505017430915359,12.79901743091536
10029,9842,290.0,-38.125,176.225,15.438097948820541,13.698097948820541
10030,9894,282.0,-38.125,176.275,15.370156768300149,13.678156768300148
10031,10464,320.0,-38.075,176.175,15.547471663282522,13.627471663282522
10032,10556,282.0,-38.075,176.225,15.429720255198845,13.737720255198845
10033,10558,282.0,-38.075,176.275,15.312677465526576,13.620677465526576
10034,10836,469.0,-37.975,176.175,15.647865207616633,12.833865207616633
10035,10837,386.0,-37.975,176.225,15.404376818744822,13.088376818744823
10036,10838,315.0,-37.975,176.275,15.163971456007857,13.273971456007857
10037,10959,441.0,-38.025,176.175,15.589257967484627,12.943257967484627
10038,10960,426.0,-38.025,176.225,15.411090753222197,12.855090753222198
10039,10961,387.0,-38.025,176.275,15.23476455306718,12.91276455306718
10040,9895,337.0,-38.125,176.325,15.294113901127275,13.272113901127275
10041,9896,520.0,-38.125,176.375,15.197561877685075,12.077561877685074
10042,9897,464.0,-38.125,176.425,15.106685392590407,12.322685392590408
10043,9898,837.0,-38.125,176.475,15.029243503052385,10.007243503052386
10044,10559,286.0,-38.075,176.325,15.196667965991765,13.480667965991765
10045,10570,335.0,-38.075,176.375,15.08018874083973,13.07018874083973
10046,10576,398.0,-38.075,176.425,14.983522584637285,12.595522584637285
10047,10583,559.0,-38.075,176.475,14.914255462015717,11.560255462015718
10048,10839,279.0,-37.975,176.325,14.963547880289298,13.289547880289298
10049,10840,281.0,-37.975,176.375,14.829300648426397,13.143300648426397
10050,10841,280.0,-37.975,176.425,14.765986038512892,13.085986038512893
10051,10842,259.0,-37.975,176.475,14.763384595657044,13.209384595657044
10052,10962,360.0,-38.025,176.325,15.076635593277388,12.916635593277388
10053,10963,278.0,-38.025,176.375,14.94963814113089,13.281638141130891
10054,10964,278.0,-38.025,176.425,14.864169965937435,13.196169965937436
10055,10965,358.0,-38.025,176.475,14.821406808348002,12.673406808348002
10056,9899,262.0,-38.125,176.525,14.963789029568943,13.391789029568944
10057,9900,271.0,-38.125,176.575,14.907769029631709,13.28176902963171
10058,9902,185.0,-38.125,176.625,14.862302248201559,13.752302248201559
10059,10653,620.0,-38.075,176.525,14.869761591291535,11.149761591291536
10060,10655,439.0,-38.075,176.575,14.845858578922162,12.211858578922161
10061,10664,257.0,-38.075,176.625,14.84154982446671,13.29954982446671
10062,10843,261.0,-37.975,176.525,14.808963228014363,13.242963228014364
10063,10844,245.0,-37.975,176.575,14.894866015084517,13.424866015084516
10064,10845,263.0,-37.975,176.625,15.020045327695698,13.442045327695698
10065,10966,295.0,-38.025,176.525,14.815544629484975,13.045544629484976
10066,10967,317.0,-38.025,176.575,14.840663343888082,12.938663343888082
10067,10968,377.0,-38.025,176.625,14.894949642580286,12.632949642580286
10068,9904,166.0,-38.125,176.675,14.835447821567868,13.839447821567868
10069,9906,155.0,-38.125,176.725,14.845081065236627,13.915081065236627
10070,9908,185.0,-38.125,176.775,14.922319862156655,13.812319862156656
10071,9910,199.0,-38.125,176.825,15.104768011381566,13.910768011381567
10072,10030,302.0,-38.025,176.675,14.98283536274539,13.170835362745391
10073,10038,20.0,-38.025,176.725,15.117172552864758,14.99717255286476
10074,10048,20.0,-38.025,176.775,15.325616025588715,15.205616025588716
10075,10166,17.0,-38.025,176.825,15.688586227835913,15.586586227835912
10076,10669,77.0,-38.075,176.675,14.861865514805686,14.399865514805686
10077,10674,34.0,-38.075,176.725,14.920784521496898,14.716784521496898
10078,10679,58.0,-38.075,176.775,15.049143465621455,14.701143465621454
10079,10684,63.0,-38.075,176.825,15.317835322064639,14.939835322064638
10080,10846,481.0,-37.975,176.675,15.191247006777303,12.305247006777304
10081,10847,188.0,-37.975,176.725,15.425264329035599,14.297264329035599
10082,10848,14.0,-37.975,176.775,15.754771264106239,15.67077126410624
10083,10849,7.0,-37.975,176.825,16.228534009038412,16.18653400903841
10084,9912,257.0,-38.125,176.875,15.389734450211108,13.847734450211108
10085,9915,68.0,-38.125,176.925,15.715222258642825,15.307222258642826
10086,9918,55.0,-38.125,176.975,16.019360547546057,15.689360547546057
10087,9922,74.0,-38.125,177.025,16.27071510368296,15.82671510368296
10088,10171,191.0,-38.025,176.875,16.241895555669544,15.095895555669543
10089,10184,147.0,-38.025,176.925,16.815372187350476,15.933372187350477
10090,10193,23.0,-38.025,176.975,17.331221322971942,17.19322132297194
10091,10202,318.0,-38.025,177.025,17.774491622716596,15.866491622716596
10092,10689,214.0,-38.075,176.875,15.745542367239977,14.461542367239977
10093,10694,74.0,-38.075,176.925,16.2099743978506,15.7659743978506
10094,10699,20.0,-38.075,176.975,16.63538915195022,16.51538915195022
10095,10778,28.0,-38.075,177.025,16.996064540872794,16.828064540872795
10096,10850,10.0,-37.975,176.875,16.837223913426897,16.777223913426898
10097,10851,10.0,-37.975,176.925,17.459422276738223,17.399422276738225
10098,10852,8.0,-37.975,176.975,17.995578160839614,17.947578160839615
10099,10853,99.0,-37.975,177.025,18.45081007875524,17.856810078755238
10100,9925,80.0,-38.125,177.075,16.485586979554682,16.005586979554682
10101,9927,40.0,-38.125,177.125,16.73552600610401,16.49552600610401
10102,9929,153.0,-38.125,177.175,16.933633095471123,16.015633095471124
10103,10297,60.0,-38.025,177.075,18.13215785916327,17.772157859163272
10104,10303,38.0,-38.025,177.175,18.268841132875423,18.04084113287542
10105,10782,160.0,-38.075,177.075,17.290407933511233,16.330407933511232
10106,10786,140.0,-38.075,177.125,17.5006755598788,16.6606755598788
10107,10789,95.0,-38.075,177.175,17.5869815180522,17.016981518052198
10108,9973,617.0,-38.125,177.225,17.04776014916024,13.34576014916024
10109,9974,202.0,-38.125,177.275,17.109084028273173,15.897084028273174
10110,9975,84.0,-38.125,177.325,17.15337276117316,16.649372761173158
10111,9976,290.0,-38.125,177.375,17.197527417199126,15.457527417199126
10112,10320,63.0,-38.025,177.225,18.10884328627162,17.73084328627162
10113,10332,17.0,-38.025,177.275,17.925012005393,17.823012005393
10114,10336,20.0,-38.025,177.325,17.797347367459224,17.677347367459223
10115,10344,182.0,-38.025,177.375,17.71644588683739,16.624445886837393
10116,10793,343.0,-38.075,177.225,17.57124455722078,15.51324455722078
10117,10797,20.0,-38.075,177.275,17.514662893247987,17.394662893247986
10118,10801,87.0,-38.075,177.325,17.47083068102802,16.94883068102802
10119,10805,218.0,-38.075,177.375,17.451017933533876,16.143017933533876
10120,9977,109.0,-38.125,177.425,17.24218224951619,16.58818224951619
10121,9978,581.0,-38.125,177.475,17.283518644986543,13.797518644986543
10122,9979,686.0,-38.125,177.525,17.31855117940904,13.202551179409042
10123,10446,52.0,-38.025,177.425,17.65407029305061,17.342070293050607
10124,10449,264.0,-38.025,177.475,17.601250145909034,16.017250145909035
10125,10451,410.0,-38.025,177.525,17.55437142014398,15.09437142014398
10126,10809,380.0,-38.075,177.425,17.443169569850397,15.163169569850398
10127,10813,182.0,-38.075,177.475,17.438914160407876,16.346914160407877
10128,10817,515.0,-38.075,177.525,17.43450749321255,14.34450749321255
10129,10854,94.0,-37.975,177.475,17.761772100636335,17.197772100636335
10130,10855,318.0,-37.975,177.525,17.67108828732671,15.763088287326712
10131,9980,406.0,-38.125,177.575,17.34638869605078,14.91038869605078
10132,9981,615.0,-38.125,177.625,17.368439408451195,13.678439408451196
10133,9982,424.0,-38.125,177.675,17.387715627148282,14.843715627148281
10134,9983,442.0,-38.125,177.725,17.407836029353348,14.755836029353349
10135,10457,402.0,-38.025,177.575,17.512522359222203,15.100522359222204
10136,10465,354.0,-38.025,177.625,17.476637398838648,15.352637398838647
10137,10563,205.0,-38.025,177.675,17.448960997338872,16.218960997338872
10138,10568,987.0,-38.025,177.725,17.43253596206705,11.510535962067049
10139,10821,397.0,-38.075,177.575,17.429059306109593,15.047059306109594
10140,10856,276.0,-37.975,177.575,17.591318340428188,15.935318340428188
10141,10857,448.0,-37.975,177.625,17.52302493127172,14.83502493127172
10142,10858,836.0,-37.975,177.675,17.46816176147331,12.452161761473313
10143,10859,745.0,-37.975,177.725,17.429605424045803,12.959605424045805
10144,10878,518.0,-38.075,177.625,17.423729572587035,14.315729572587035
10145,10879,484.0,-38.075,177.675,17.421084091009106,14.517084091009107
10146,10880,591.0,-38.075,177.725,17.42442032636427,13.878420326364271
10147,9984,360.0,-38.125,177.775,17.432414260543737,15.272414260543737
10148,9985,586.0,-38.125,177.825,17.464782320956147,13.948782320956147
10149,9986,762.0,-38.125,177.875,17.507804546123225,12.935804546123226
10150,9987,687.0,-38.125,177.925,17.563669595812826,13.441669595812826
10151,10573,629.0,-38.025,177.775,17.430709414844387,13.656709414844386
10152,10579,695.0,-38.025,177.825,17.446675468363537,13.276675468363537
10153,10658,1175.0,-38.025,177.875,17.48305071640425,10.43305071640425
10154,10660,831.0,-38.025,177.925,17.541490555087876,12.555490555087875
10155,10860,439.0,-37.975,177.775,17.410678506736076,14.776678506736076
10156,10861,881.0,-37.975,177.825,17.41463896148889,12.128638961488889
10157,10862,564.0,-37.975,177.875,17.44414304883503,14.06014304883503
10158,10863,1058.0,-37.975,177.925,17.500735215611712,11.152735215611713
10159,10881,1031.0,-38.075,177.775,17.43721306145926,11.25121306145926
10160,10882,1070.0,-38.075,177.825,17.462713786670065,11.042713786670067
10161,10883,1033.0,-38.075,177.875,17.503631827550635,11.305631827550634
10162,10884,777.0,-38.075,177.925,17.561845030641052,12.899845030641053
10163,9988,558.0,-38.125,177.975,17.633649643161334,14.285649643161335
10164,9989,565.0,-38.125,178.025,17.717860489807208,14.327860489807208
10165,9990,340.0,-38.125,178.075,17.81507074581168,15.775070745811682
10166,10665,635.0,-38.025,177.975,17.622379817665205,13.812379817665207
10167,10670,627.0,-38.025,178.025,17.72463059310212,13.96263059310212
10168,10675,368.0,-38.025,178.075,17.845583828599047,15.637583828599046
10169,10864,989.0,-37.975,177.975,17.584458821125736,11.650458821125735
10170,10865,931.0,-37.975,178.025,17.693665364422486,12.107665364422486
10171,10866,869.0,-37.975,178.075,17.825013730485807,12.611013730485809
10172,10887,594.0,-38.075,177.975,17.63813709934402,14.074137099344021
10173,10890,596.0,-38.075,178.025,17.731982597493698,14.155982597493697
10174,10892,428.0,-38.075,178.075,17.841396269031975,15.273396269031975
10175,9991,536.0,-38.125,178.125,17.92260948721014,14.706609487210137
10176,9992,222.0,-38.125,178.175,18.03642902163483,16.70442902163483
10177,9993,154.0,-38.125,178.225,18.151412497565616,17.227412497565616
10178,9994,175.0,-38.125,178.275,18.262054719481966,17.212054719481966
10179,10680,495.0,-38.025,178.125,17.980962462777825,15.010962462777824
10180,10685,340.0,-38.025,178.175,18.12479845281996,16.08479845281996
10181,10690,287.0,-38.025,178.225,18.269313689748742,16.54731368974874
10182,10695,202.0,-38.025,178.275,18.405092261586105,17.193092261586106
10183,10867,345.0,-37.975,178.125,17.97354730197185,15.903547301971848
10184,10868,314.0,-37.975,178.175,18.132668480579014,16.248668480579013
10185,10869,265.0,-37.975,178.225,18.29377940440827,16.70377940440827
10186,10870,279.0,-37.975,178.275,18.44538354258293,16.77138354258293
10187,10894,338.0,-38.075,178.125,17.96284932523122,15.934849325231218
10188,10896,432.0,-38.075,178.175,18.091263734346285,15.499263734346284
10189,10898,332.0,-38.075,178.225,18.220177290852007,16.228177290852006
10190,10900,212.0,-38.075,178.275,18.342377316885177,17.07037731688518
10191,10700,98.0,-38.025,178.325,18.52289094069056,17.934890940690558
10192,10871,329.0,-37.975,178.325,18.573352559438717,16.599352559438717
10193,10902,314.0,-38.075,178.325,18.451433900698248,16.567433900698248
10194,10206,84.0,-37.825,174.825,13.433075849903616,12.929075849903617
10195,10815,255.0,-37.875,174.775,14.001712803282317,12.471712803282317
10196,10819,255.0,-37.875,174.825,13.640220536447487,12.110220536447487
10197,10872,21.0,-37.925,174.825,13.889213271183507,13.763213271183508
10198,10873,90.0,-37.925,174.875,13.52404874135209,12.98404874135209
10199,10886,134.0,-37.875,174.875,13.301812252838317,12.497812252838317
10200,10207,51.0,-37.825,174.925,12.872327620842952,12.566327620842953
10201,10208,21.0,-37.825,174.975,12.683775377176062,12.557775377176062
10202,10209,60.0,-37.825,175.025,12.59304207920195,12.233042079201951
10203,10874,230.0,-37.925,174.925,13.19851574745644,11.818515747456441
10204,10875,217.0,-37.925,174.975,12.939189780618108,11.637189780618108
10205,10876,137.0,-37.925,175.025,12.777835373719427,11.955835373719427
10206,10888,99.0,-37.875,174.925,13.005801094172057,12.411801094172057
10207,10889,414.0,-37.875,174.975,12.776543917319032,10.292543917319032
10208,10891,92.0,-37.875,175.025,12.647397577365155,12.095397577365155
10209,10019,60.0,-37.925,175.125,12.870712362339873,12.510712362339873
10210,10023,20.0,-37.925,175.175,13.121652555775654,13.001652555775655
10211,10026,39.0,-37.925,175.225,13.451176076594493,13.217176076594493
10212,10210,130.0,-37.825,175.075,12.651813399685125,11.871813399685125
10213,10211,38.0,-37.825,175.125,12.970426195171967,12.742426195171968
10214,10212,42.0,-37.825,175.175,13.475271852342303,13.223271852342302
10215,10213,41.0,-37.825,175.225,14.060681134000333,13.814681134000333
10216,10877,169.0,-37.925,175.075,12.748811544281125,11.734811544281126
10217,10893,143.0,-37.875,175.075,12.668338024110199,11.810338024110198
10218,10895,40.0,-37.875,175.125,12.88608623204891,12.64608623204891
10219,10897,20.0,-37.875,175.175,13.264089172783315,13.144089172783316
10220,10899,37.0,-37.875,175.225,13.720265898347861,13.498265898347862
10221,10033,41.0,-37.925,175.275,13.81282752410516,13.56682752410516
10222,10042,60.0,-37.925,175.325,14.191721677234455,13.831721677234455
10223,10052,62.0,-37.925,175.375,14.60069426521568,14.22869426521568
10224,10214,50.0,-37.825,175.275,14.654535643643612,14.354535643643612
10225,10215,40.0,-37.825,175.325,15.175922093861118,14.935922093861118
10226,10216,48.0,-37.825,175.375,15.623358614598146,15.335358614598146
10227,10901,60.0,-37.875,175.275,14.183470311345445,13.823470311345446
10228,10903,44.0,-37.875,175.325,14.614696519916833,14.350696519916834
10229,10905,48.0,-37.875,175.375,15.073975489993245,14.785975489993245
10230,10156,60.0,-37.925,175.425,15.016284654559058,14.656284654559059
10231,10161,71.0,-37.925,175.475,15.404207212923211,14.978207212923211
10232,10167,89.0,-37.925,175.525,15.745037588229025,15.211037588229024
10233,10174,105.0,-37.925,175.575,16.026665957012483,15.396665957012482
10234,10217,56.0,-37.825,175.425,16.032541050140935,15.696541050140935
10235,10218,71.0,-37.825,175.475,16.395633128559894,15.969633128559893
10236,10219,282.0,-37.825,175.525,16.69858652741823,15.006586527418229
10237,10220,197.0,-37.825,175.575,16.92459344476265,15.74259344476265
10238,10908,63.0,-37.875,175.425,15.512934025588038,15.134934025588038
10239,10969,71.0,-37.875,175.475,15.900434860343012,15.474434860343012
10240,10970,88.0,-37.875,175.525,16.227343015311817,15.699343015311817
10241,10971,118.0,-37.875,175.575,16.483873565997783,15.775873565997783
10242,10186,171.0,-37.925,175.625,16.242420996737565,15.216420996737565
10243,10194,101.0,-37.925,175.675,16.392067346345357,15.786067346345357
10244,10203,100.0,-37.925,175.725,16.482065598568624,15.882065598568625
10245,10221,185.0,-37.825,175.625,17.060768058055146,15.950768058055147
10246,10222,179.0,-37.825,175.675,17.105825328812898,16.031825328812896
10247,10223,80.0,-37.825,175.725,17.07405462328188,16.59405462328188
10248,10224,69.0,-37.825,175.775,16.99224287634206,16.57824287634206
10249,10301,80.0,-37.925,175.775,16.52395493012955,16.043954930129548
10250,10972,314.0,-37.875,175.625,16.662999595346264,14.778999595346264
10251,10973,179.0,-37.875,175.675,16.765224500803015,15.691224500803015
10252,10974,82.0,-37.875,175.725,16.80067721943942,16.30867721943942
10253,10975,78.0,-37.875,175.775,16.78726490689587,16.31926490689587
10254,10225,73.0,-37.825,175.825,16.89169141442744,16.453691414427443
10255,10226,125.0,-37.825,175.875,16.79964570091579,16.04964570091579
10256,10227,565.0,-37.825,175.925,16.73187437618344,13.34187437618344
10257,10304,100.0,-37.925,175.825,16.531064075745235,15.931064075745235
10258,10316,107.0,-37.925,175.875,16.51451146535055,15.872511465350552
10259,10326,394.0,-37.925,175.925,16.479612570775316,14.115612570775316
10260,10976,70.0,-37.875,175.825,16.745771754081943,16.32577175408194
10261,10977,67.0,-37.875,175.875,16.693900483057405,16.291900483057404
10262,10978,343.0,-37.875,175.925,16.640855787756664,14.582855787756664
10263,10228,296.0,-37.825,175.975,16.686796729024536,14.910796729024536
10264,10229,180.0,-37.825,176.025,16.644499181304127,15.564499181304127
10265,10230,224.0,-37.825,176.075,16.569613893748283,15.225613893748283
10266,10231,161.0,-37.825,176.125,16.414647483922636,15.448647483922636
10267,10330,458.0,-37.925,175.975,16.423729315000855,13.675729315000856
10268,10335,444.0,-37.925,176.025,16.336385714340395,13.672385714340395
10269,10343,463.0,-37.925,176.075,16.202073982589354,13.424073982589354
10270,10440,486.0,-37.925,176.125,16.006264454820666,13.090264454820666
10271,10979,416.0,-37.875,175.975,16.583729054593277,14.087729054593277
10272,10980,322.0,-37.875,176.025,16.5070379152221,14.575037915222099
10273,10981,346.0,-37.875,176.075,16.385432088954076,14.309432088954075
10274,10982,346.0,-37.875,176.125,16.190251251309746,14.114251251309746
10275,10232,241.0,-37.825,176.175,16.138773494056295,14.692773494056295
10276,10233,346.0,-37.825,176.225,15.742046568729165,13.666046568729165
10277,10234,160.0,-37.825,176.275,15.286453046111092,14.32645304611109
10278,10454,394.0,-37.925,176.175,15.744946463953056,13.380946463953055
10279,10461,346.0,-37.925,176.225,15.435564306073502,13.359564306073501
10280,10468,250.0,-37.925,176.275,15.124043464305032,13.624043464305032
10281,10983,368.0,-37.875,176.175,15.903423066577488,13.695423066577488
10282,10984,441.0,-37.875,176.225,15.536430927148103,12.890430927148103
10283,10985,292.0,-37.875,176.275,15.145797725034754,13.393797725034753
10284,10235,75.0,-37.825,176.325,14.909795989995473,14.459795989995474
10285,10236,40.0,-37.825,176.375,14.800756551763698,14.560756551763697
10286,10237,20.0,-37.825,176.425,14.829790548826168,14.709790548826168
10287,10238,16.0,-37.825,176.475,14.941383632849465,14.845383632849465
10288,10557,171.0,-37.925,176.325,14.87684635691312,13.85084635691312
10289,10560,216.0,-37.925,176.375,14.740636652381,13.444636652381
10290,10566,201.0,-37.925,176.425,14.709286846678879,13.50328684667888
10291,10571,162.0,-37.925,176.475,14.754433368630089,13.78243336863009
10292,10986,235.0,-37.875,176.325,14.840968680648075,13.430968680648075
10293,10987,78.0,-37.875,176.375,14.712704701751136,14.244704701751136
10294,10988,61.0,-37.875,176.425,14.72017315318044,14.35417315318044
10295,10989,72.0,-37.875,176.475,14.809896445118284,14.377896445118283
10296,10239,20.0,-37.825,176.525,15.116790085704451,14.996790085704452
10297,10240,20.0,-37.825,176.575,15.349680747392995,15.229680747392996
10298,10577,175.0,-37.925,176.525,14.85565013982523,13.805650139825229
10299,10582,159.0,-37.925,176.575,15.004167784091806,14.050167784091805
10300,10652,85.0,-37.925,176.625,15.200505899505515,14.690505899505515
10301,10990,78.0,-37.875,176.525,14.958803552626705,14.490803552626705
10302,10991,101.0,-37.875,176.575,15.159660503029045,14.553660503029045
10303,10992,104.0,-37.875,176.625,15.414093004078495,14.790093004078495
10304,10654,206.0,-37.925,176.675,15.453371280932515,14.217371280932515
10305,10661,174.0,-37.925,176.725,15.77996132028693,14.735961320286929
10306,10666,8.0,-37.925,176.775,16.204991255866844,16.156991255866846
10307,10671,5.0,-37.925,176.825,16.74780106070466,16.71780106070466
10308,10993,99.0,-37.875,176.675,15.730018994721831,15.136018994721832
10309,10676,6.0,-37.925,176.875,17.386567251597626,17.350567251597624
10310,10681,4.0,-37.925,176.925,18.020435873957467,17.996435873957466
10311,10241,80.0,-37.825,177.625,17.584035586376558,17.104035586376558
10312,10242,391.0,-37.825,177.675,17.44793622842917,15.101936228429171
10313,10243,179.0,-37.825,177.725,17.337906685677808,16.263906685677807
10314,10686,139.0,-37.925,177.575,17.65939216527113,16.82539216527113
10315,10691,264.0,-37.925,177.625,17.55858307084236,15.97458307084236
10316,10696,187.0,-37.925,177.675,17.475643542911712,16.353643542911712
10317,10701,145.0,-37.925,177.725,17.41344253978241,16.543442539782408
10318,10994,189.0,-37.875,177.625,17.579647374370325,16.445647374370324
10319,10995,573.0,-37.875,177.675,17.46916247077752,14.031162470777518
10320,10996,383.0,-37.875,177.725,17.38279243274883,15.084792432748829
10321,10244,894.0,-37.825,177.775,17.25855057033914,11.894550570339138
10322,10245,811.0,-37.825,177.825,17.215064798117965,12.349064798117965
10323,10246,712.0,-37.825,177.875,17.212230300645388,12.940230300645387
10324,10247,276.0,-37.825,177.925,17.252794972813717,15.596794972813717
10325,10769,896.0,-37.925,177.775,17.37546881699018,11.999468816990177
10326,10771,241.0,-37.925,177.825,17.36526976153982,15.919269761539821
10327,10773,363.0,-37.925,177.875,17.385772388020996,15.207772388020995
10328,10776,740.0,-37.925,177.925,17.438575949439837,12.998575949439836
10329,10997,339.0,-37.875,177.775,17.32445449115039,15.290454491150392
10330,10998,575.0,-37.875,177.825,17.29831753138751,13.848317531387512
10331,10999,581.0,-37.875,177.875,17.30795049190783,13.821950491907831
10332,11000,720.0,-37.875,177.925,17.355281671727425,13.035281671727425
10333,10040,738.0,-37.875,177.975,17.43975834241428,13.011758342414279
10334,10051,560.0,-37.875,178.025,17.558149163000053,14.198149163000053
10335,10157,491.0,-37.875,178.075,17.705009071927634,14.759009071927634
10336,10248,656.0,-37.825,177.975,17.335969320594813,13.399969320594813
10337,10249,694.0,-37.825,178.025,17.45718217485046,13.29318217485046
10338,10250,616.0,-37.825,178.075,17.6091749807656,13.913174980765602
10339,10779,1115.0,-37.925,177.975,17.523413859182256,10.833413859182254
10340,10783,1212.0,-37.925,178.025,17.637968701470527,10.365968701470528
10341,10787,1277.0,-37.925,178.075,17.778040057219187,10.116040057219188
10342,10160,469.0,-37.875,178.125,17.873355937659653,15.059355937659653
10343,10175,218.0,-37.875,178.175,18.05507402916919,16.74707402916919
10344,10183,116.0,-37.875,178.225,18.240739547905832,17.54473954790583
10345,10195,72.0,-37.875,178.275,18.41829487781797,17.986294877817972
10346,10251,496.0,-37.825,178.125,17.78329371028667,14.807293710286672
10347,10252,764.0,-37.825,178.175,17.970082776588242,13.386082776588243
10348,10253,415.0,-37.825,178.225,18.158995598696492,15.668995598696492
10349,10254,142.0,-37.825,178.275,18.33724458848701,17.48524458848701
10350,10791,869.0,-37.925,178.125,17.93785869574458,12.723858695744582
10351,10795,329.0,-37.925,178.175,18.110269303037057,16.136269303037057
10352,10799,104.0,-37.925,178.225,18.286492409028142,17.662492409028143
10353,10803,112.0,-37.925,178.275,18.454798125952948,17.782798125952947
10354,10204,50.0,-37.875,178.325,18.567099160567523,18.267099160567522
10355,10205,173.0,-37.875,178.375,18.67073002313191,17.63273002313191
10356,10255,93.0,-37.825,178.325,18.48955572855266,17.93155572855266
10357,10256,33.0,-37.825,178.375,18.60789210317671,18.40989210317671
10358,10257,200.0,-37.825,178.425,18.699121437639405,17.499121437639406
10359,10807,462.0,-37.925,178.325,18.595033803645492,15.823033803645492
10360,10811,69.0,-37.925,178.375,18.691898081320687,18.277898081320686
10361,10258,103.0,-37.775,174.875,13.015179803882347,12.397179803882347
10362,10300,103.0,-37.725,174.825,13.166917650025425,12.548917650025425
10363,10305,79.0,-37.725,174.875,12.958089274546182,12.484089274546182
10364,10722,64.0,-37.675,174.825,13.102626847483407,12.718626847483407
10365,10723,44.0,-37.675,174.875,12.947933609201755,12.683933609201755
10366,10764,95.0,-37.625,174.825,13.07491907615804,12.504919076158039
10367,10765,22.0,-37.625,174.875,12.972834952084668,12.840834952084668
10368,10001,84.0,-37.625,175.025,13.173593044100926,12.669593044100926
10369,10259,22.0,-37.775,174.975,12.681397376544737,12.549397376544738
10370,10260,161.0,-37.775,175.025,12.658611414777624,11.692611414777625
10371,10333,80.0,-37.725,174.925,12.814548196914075,12.334548196914074
10372,10341,38.0,-37.725,174.975,12.756527791654662,12.528527791654662
10373,10349,104.0,-37.725,175.025,12.814225424585857,12.190225424585856
10374,10724,117.0,-37.675,174.925,12.866397485367997,12.164397485367997
10375,10725,116.0,-37.675,174.975,12.875100889423265,12.179100889423266
10376,10726,209.0,-37.675,175.025,12.997546906426578,11.743546906426579
10377,10766,109.0,-37.625,174.925,12.947028338419841,12.293028338419841
10378,10767,117.0,-37.625,174.975,13.008845887549796,12.306845887549796
10379,10002,97.0,-37.625,175.075,13.455015373365313,12.873015373365313
10380,10003,113.0,-37.625,175.125,13.855367916918112,13.177367916918111
10381,10004,18.0,-37.625,175.175,14.356857209991176,14.248857209991176
10382,10005,20.0,-37.625,175.225,14.921636816029604,14.801636816029605
10383,10261,81.0,-37.775,175.075,12.796646853176753,12.310646853176753
10384,10262,26.0,-37.775,175.125,13.173047020170088,13.017047020170088
10385,10263,23.0,-37.775,175.175,13.73947912735548,13.60147912735548
10386,10264,41.0,-37.775,175.225,14.403759194806298,14.157759194806298
10387,10445,209.0,-37.725,175.075,13.029568813748483,11.775568813748484
10388,10447,20.0,-37.725,175.125,13.433914225735862,13.313914225735862
10389,10448,40.0,-37.725,175.175,14.001906217003125,13.761906217003125
10390,10450,24.0,-37.725,175.225,14.667858193363827,14.523858193363827
10391,10727,131.0,-37.675,175.075,13.259018101081892,12.473018101081893
10392,10728,191.0,-37.675,175.125,13.670881987172834,12.524881987172833
10393,10729,27.0,-37.675,175.175,14.213029911272315,14.051029911272314
10394,10730,33.0,-37.675,175.225,14.835856349624919,14.637856349624919
10395,10006,33.0,-37.625,175.275,15.500007510866453,15.302007510866453
10396,10007,30.0,-37.625,175.325,16.044761096502953,15.864761096502953
10397,10008,31.0,-37.625,175.375,16.528775405802662,16.342775405802662
10398,10265,20.0,-37.775,175.275,15.097549455421358,14.977549455421359
10399,10266,49.0,-37.775,175.325,15.702164821806946,15.408164821806945
10400,10267,41.0,-37.775,175.375,16.120014309565704,15.874014309565704
10401,10456,40.0,-37.725,175.275,15.353811246603982,15.113811246603982
10402,10463,40.0,-37.725,175.325,15.956503984316441,15.716503984316441
10403,10555,45.0,-37.725,175.375,16.42389197272223,16.15389197272223
10404,10731,32.0,-37.675,175.275,15.47260247469967,15.28060247469967
10405,10732,30.0,-37.675,175.325,16.054256238843664,15.874256238843664
10406,10733,40.0,-37.675,175.375,16.546786706859166,16.306786706859167
10407,10009,38.0,-37.625,175.425,16.94888598098987,16.72088598098987
10408,10010,30.0,-37.625,175.475,17.309550273789682,17.129550273789683
10409,10011,37.0,-37.625,175.525,17.605553913970653,17.38355391397065
10410,10012,20.0,-37.625,175.575,17.80972996462515,17.689729964625148
10411,10268,52.0,-37.775,175.425,16.494391713207733,16.182391713207732
10412,10269,158.0,-37.775,175.475,16.833827738499167,15.885827738499167
10413,10270,164.0,-37.775,175.525,17.11695803155544,16.132958031555443
10414,10271,156.0,-37.775,175.575,17.316589348011803,16.380589348011803
10415,10562,47.0,-37.725,175.425,16.814191943065453,16.532191943065452
10416,10565,86.0,-37.725,175.475,17.155919493922738,16.63991949392274
10417,10569,60.0,-37.725,175.525,17.436717979842797,17.076717979842797
10418,10575,48.0,-37.725,175.575,17.624241095440993,17.336241095440993
10419,10734,46.0,-37.675,175.425,16.963687136501903,16.687687136501903
10420,10735,42.0,-37.675,175.475,17.32161352798721,17.06961352798721
10421,10736,53.0,-37.675,175.525,17.61407586716541,17.29607586716541
10422,10737,33.0,-37.675,175.575,17.807552772196686,17.609552772196686
10423,10013,24.0,-37.625,175.625,17.844755415764666,17.700755415764668
10424,10014,31.0,-37.625,175.675,17.596099134461838,17.410099134461838
10425,10015,30.0,-37.625,175.725,17.18007146405489,17.00007146405489
10426,10016,20.0,-37.625,175.775,16.72317777243279,16.60317777243279
10427,10272,62.0,-37.775,175.625,17.409473061799872,17.037473061799872
10428,10273,78.0,-37.775,175.675,17.389712201982547,16.921712201982547
10429,10274,79.0,-37.775,175.725,17.277406799325945,16.803406799325945
10430,10275,52.0,-37.775,175.775,17.112382663124663,16.80038266312466
10431,10581,40.0,-37.725,175.625,17.680727248850417,17.44072724885042
10432,10656,57.0,-37.725,175.675,17.590613768221374,17.248613768221375
10433,10659,42.0,-37.725,175.725,17.384167036912913,17.132167036912914
10434,10663,47.0,-37.725,175.775,17.121429554758834,16.839429554758834
10435,10738,43.0,-37.675,175.625,17.842063852384854,17.584063852384855
10436,10739,30.0,-37.675,175.675,17.676682013717254,17.496682013717255
10437,10740,32.0,-37.675,175.725,17.364183550884263,17.172183550884263
10438,10741,31.0,-37.675,175.775,16.996433299160344,16.810433299160344
10439,10017,449.0,-37.625,175.825,16.296690262626726,13.602690262626727
10440,10018,232.0,-37.625,175.875,15.95968873853053,14.567688738530531
10441,10020,42.0,-37.625,175.925,15.777843808999023,15.525843808999022
10442,10276,47.0,-37.775,175.825,16.939971702668117,16.657971702668117
10443,10277,154.0,-37.775,175.875,16.799712562856257,15.875712562856258
10444,10278,482.0,-37.775,175.925,16.71721170233468,13.82521170233468
10445,10668,40.0,-37.725,175.825,16.864199288501368,16.62419928850137
10446,10673,480.0,-37.725,175.875,16.6646984898116,13.7846984898116
10447,10678,440.0,-37.725,175.925,16.56035705288832,13.92035705288832
10448,10742,58.0,-37.675,175.825,16.648218102672217,16.30021810267222
10449,10743,690.0,-37.675,175.875,16.37994667937346,12.23994667937346
10450,10744,243.0,-37.675,175.925,16.242443495857515,14.784443495857515
10451,10279,460.0,-37.775,175.975,16.695118798899784,13.935118798899785
10452,10280,215.0,-37.775,176.025,16.709660412158883,15.419660412158883
10453,10281,50.0,-37.775,176.075,16.71948318066461,16.41948318066461
10454,10282,80.0,-37.775,176.125,16.65480215680418,16.17480215680418
10455,10683,301.0,-37.725,175.975,16.562692118505765,14.756692118505766
10456,10688,210.0,-37.725,176.025,16.649400197446994,15.389400197446994
10457,10693,122.0,-37.725,176.075,16.77255378026348,16.04055378026348
10458,10698,37.0,-37.725,176.125,16.84654145294553,16.62454145294553
10459,10745,121.0,-37.675,175.975,16.262549463155665,15.536549463155666
10460,10746,24.0,-37.675,176.025,16.419476403353656,16.275476403353657
10461,10747,20.0,-37.675,176.075,16.64918542383566,16.52918542383566
10462,10748,3.0,-37.675,176.125,16.85961563644105,16.84161563644105
10463,10283,163.0,-37.775,176.175,16.437877711784495,15.459877711784495
10464,10284,286.0,-37.775,176.225,16.05338126938659,14.337381269386592
10465,10285,21.0,-37.775,176.275,15.59359810852493,15.46759810852493
10466,10703,19.0,-37.725,176.225,16.383692900481947,16.269692900481946
10467,10704,56.0,-37.725,176.275,15.947683196834078,15.611683196834077
10468,10749,9.0,-37.675,176.225,16.575430129660162,16.521430129660164
10469,10021,45.0,-37.625,176.425,15.774863715393622,15.504863715393622
10470,10286,15.0,-37.775,176.325,15.217756283354902,15.127756283354902
10471,10287,7.0,-37.775,176.375,15.051345134640542,15.009345134640542
10472,10288,6.0,-37.775,176.425,15.045850268281356,15.009850268281356
10473,10705,9.0,-37.725,176.325,15.583574230861814,15.529574230861813
10474,10289,389.0,-37.775,177.725,17.28105655608124,14.94705655608124
10475,10706,171.0,-37.725,177.725,17.216838238844502,16.190838238844503
10476,10022,55.0,-37.625,177.925,16.77801459087459,16.448014590874592
10477,10290,480.0,-37.775,177.775,17.180762267831597,14.300762267831598
10478,10291,292.0,-37.775,177.825,17.11884682894015,15.36684682894015
10479,10292,552.0,-37.775,177.875,17.102129398128454,13.790129398128455
10480,10293,192.0,-37.775,177.925,17.135119823233254,15.983119823233254
10481,10707,298.0,-37.725,177.775,17.096741703386215,15.308741703386215
10482,10708,703.0,-37.725,177.825,17.01575211058116,12.797752110581161
10483,10709,399.0,-37.725,177.875,16.983697331081203,14.589697331081203
10484,10710,289.0,-37.725,177.925,17.008808227787085,15.274808227787085
10485,10750,96.0,-37.675,177.825,16.915763443379547,16.339763443379546
10486,10751,22.0,-37.675,177.875,16.86666669281476,16.73466669281476
10487,10752,234.0,-37.675,177.925,16.88398807347403,15.47998807347403
10488,10025,350.0,-37.625,177.975,16.866140264448404,14.766140264448405
10489,10028,213.0,-37.625,178.025,16.9990850763661,15.7210850763661
10490,10035,242.0,-37.625,178.075,17.160225342149715,15.708225342149715
10491,10294,377.0,-37.775,177.975,17.2169098099057,14.9549098099057
10492,10295,837.0,-37.775,178.025,17.340801459224167,12.318801459224169
10493,10296,1099.0,-37.775,178.075,17.49697394046234,10.902973940462338
10494,10711,357.0,-37.725,177.975,17.09031636803047,14.948316368030472
10495,10712,211.0,-37.725,178.025,17.21765669314118,15.95165669314118
10496,10713,391.0,-37.725,178.075,17.377545099283452,15.031545099283452
10497,10753,367.0,-37.675,177.975,16.9677557645482,14.765755764548201
10498,10754,328.0,-37.675,178.025,17.099290972761082,15.131290972761082
10499,10755,185.0,-37.675,178.075,17.261714686748746,16.151714686748747
10500,10031,1036.0,-37.775,178.125,17.67488541079001,11.458885410790012
10501,10039,752.0,-37.775,178.175,17.863994045757863,13.351994045757863
10502,10045,171.0,-37.625,178.125,17.33819109875185,16.31219109875185
10503,10049,397.0,-37.775,178.225,18.053474980444662,15.671474980444662
10504,10155,167.0,-37.775,178.275,18.231945266888943,17.229945266888944
10505,10165,659.0,-37.625,178.175,17.52374184533255,13.569741845332551
10506,10172,341.0,-37.625,178.225,17.708947502651426,15.662947502651427
10507,10185,498.0,-37.625,178.275,17.887131479106756,14.899131479106757
10508,10714,770.0,-37.725,178.125,17.557849079446896,12.937849079446895
10509,10715,262.0,-37.725,178.175,17.747711673679078,16.17571167367908
10510,10716,619.0,-37.725,178.225,17.936974155878488,14.222974155878488
10511,10717,176.0,-37.725,178.275,18.11614539827133,17.060145398271327
10512,10756,415.0,-37.675,178.125,17.442534502410126,14.952534502410126
10513,10757,446.0,-37.675,178.175,17.631506387044283,14.955506387044283
10514,10758,334.0,-37.675,178.225,17.81961682175097,15.81561682175097
10515,10759,67.0,-37.675,178.275,17.999008911501733,17.59700891150173
10516,10162,139.0,-37.775,178.325,18.3888979522344,17.554897952234402
10517,10170,144.0,-37.775,178.375,18.519095064380963,17.655095064380962
10518,10179,45.0,-37.775,178.425,18.624655745285054,18.354655745285054
10519,10192,9.0,-37.625,178.325,18.053198319350486,17.999198319350487
10520,10718,149.0,-37.725,178.325,18.277498672057845,17.383498672057847
10521,10719,106.0,-37.725,178.375,18.416951297709602,17.780951297709603
10522,10720,235.0,-37.725,178.425,18.534719760606094,17.124719760606094
10523,10760,72.0,-37.675,178.325,18.163602753917075,17.731602753917077
10524,10761,121.0,-37.675,178.375,18.30992398430317,17.58392398430317
10525,10762,204.0,-37.675,178.425,18.437318818258063,17.213318818258063
10526,10199,9.0,-37.775,178.475,18.710950844082618,18.65695084408262
10527,10721,175.0,-37.725,178.475,18.63372687471565,17.583726874715648
10528,10763,211.0,-37.675,178.475,18.547216023978763,17.281216023978764
10529,10201,58.0,-37.575,174.775,13.205778098416886,12.857778098416885
10530,10309,189.0,-37.575,174.825,13.078011868521571,11.94401186852157
10531,10311,101.0,-37.575,174.875,13.024437607125037,12.418437607125037
10532,10774,21.0,-37.525,174.775,13.19489418411922,13.068894184119221
10533,10777,193.0,-37.525,174.825,13.110663461226068,11.952663461226068
10534,10780,135.0,-37.525,174.875,13.100707773291106,12.290707773291105
10535,10920,75.0,-37.475,174.775,13.217457111371004,12.767457111371005
10536,10921,20.0,-37.475,174.825,13.1783751619123,13.0583751619123
10537,10922,80.0,-37.475,174.875,13.206655389711159,12.726655389711159
10538,10313,61.0,-37.575,174.925,13.04447281850571,12.67847281850571
10539,10315,67.0,-37.575,174.975,13.142942935956853,12.740942935956854
10540,10318,197.0,-37.575,175.025,13.328712898490267,12.146712898490266
10541,10784,105.0,-37.525,174.925,13.155091638379417,12.525091638379417
10542,10788,53.0,-37.525,174.975,13.273085549057214,12.955085549057214
10543,10792,28.0,-37.525,175.025,13.460461895637309,13.29246189563731
10544,10923,144.0,-37.475,174.925,13.281803543663045,12.417803543663045
10545,10924,79.0,-37.475,174.975,13.400734250589267,12.926734250589266
10546,10925,20.0,-37.475,175.025,13.570895886932703,13.450895886932704
10547,10328,61.0,-37.575,175.075,13.609198556763658,13.243198556763659
10548,10339,11.0,-37.575,175.125,13.98316006425648,13.91716006425648
10549,10347,112.0,-37.575,175.175,14.435540064335328,13.763540064335327
10550,10436,20.0,-37.575,175.225,14.937583233409896,14.817583233409897
10551,10796,25.0,-37.525,175.075,13.722856779902031,13.57285677990203
10552,10800,20.0,-37.525,175.125,14.059060037066047,13.939060037066048
10553,10804,21.0,-37.525,175.175,14.457101620671892,14.331101620671893
10554,10808,102.0,-37.525,175.225,14.894576525303819,14.282576525303819
10555,10926,19.0,-37.475,175.075,13.800388699203722,13.686388699203722
10556,10927,14.0,-37.475,175.125,14.090295554367003,14.006295554367004
10557,10928,10.0,-37.475,175.175,14.431325176128666,14.371325176128666
10558,10929,17.0,-37.475,175.225,14.80465112834736,14.702651128347359
10559,10444,12.0,-37.575,175.275,15.45266295431884,15.38066295431884
10560,10453,20.0,-37.575,175.325,15.945962227393466,15.825962227393466
10561,10460,41.0,-37.575,175.375,16.393717803250183,16.147717803250185
10562,10812,28.0,-37.525,175.275,15.342919360581618,15.174919360581619
10563,10816,20.0,-37.525,175.325,15.77379876428131,15.65379876428131
10564,10820,24.0,-37.525,175.375,16.16460266750255,16.02060266750255
10565,10930,40.0,-37.475,175.275,15.185654222250378,14.945654222250377
10566,10931,156.0,-37.475,175.325,15.54870875638062,14.61270875638062
10567,10932,442.0,-37.475,175.375,15.870971558241763,13.218971558241764
10568,10043,76.0,-37.475,175.475,16.319986064583645,15.863986064583646
10569,10053,9.0,-37.475,175.525,16.412450275574884,16.358450275574885
10570,10054,11.0,-37.475,175.575,16.38991215209535,16.32391215209535
10571,10467,58.0,-37.575,175.425,16.785307206721882,16.437307206721883
10572,10554,74.0,-37.575,175.475,17.116384045192717,16.672384045192718
10573,10561,11.0,-37.575,175.525,17.378587655134652,17.312587655134653
10574,10574,12.0,-37.575,175.575,17.547652643657784,17.475652643657785
10575,10885,30.0,-37.525,175.425,16.499900454699855,16.319900454699855
10576,10906,120.0,-37.525,175.475,16.768013785820585,16.048013785820586
10577,10909,11.0,-37.525,175.525,16.95417919272586,16.88817919272586
10578,10910,11.0,-37.525,175.575,17.030568751621104,16.964568751621105
10579,10933,199.0,-37.475,175.425,16.13358691198573,14.939586911985732
10580,10055,11.0,-37.475,175.625,16.23519982884227,16.16919982884227
10581,10056,20.0,-37.475,175.675,15.959697234722626,15.839697234722626
10582,10057,336.0,-37.475,175.725,15.609121069691355,13.593121069691355
10583,10058,230.0,-37.475,175.775,15.231838101896756,13.851838101896757
10584,10580,16.0,-37.575,175.625,17.551631106311106,17.455631106311106
10585,10657,20.0,-37.575,175.675,17.25600332997783,17.13600332997783
10586,10662,20.0,-37.575,175.725,16.79958490266199,16.67958490266199
10587,10667,85.0,-37.575,175.775,16.30812956119371,15.79812956119371
10588,10911,12.0,-37.525,175.625,16.945371137670918,16.87337113767092
10589,10912,11.0,-37.525,175.675,16.662505395063818,16.59650539506382
10590,10913,290.0,-37.525,175.725,16.247268295041067,14.507268295041067
10591,10914,495.0,-37.525,175.775,15.790533115042308,12.820533115042307
10592,10059,352.0,-37.475,175.825,14.872334261582182,12.760334261582182
10593,10060,189.0,-37.475,175.875,14.581119984310135,13.447119984310135
10594,10061,58.0,-37.475,175.925,14.424395563667531,14.07639556366753
10595,10672,608.0,-37.575,175.825,15.84513334105577,12.197133341055771
10596,10677,102.0,-37.575,175.875,15.462349836898284,14.850349836898284
10597,10682,,-37.575,175.925,15.228958285056251,
10598,10915,679.0,-37.525,175.825,15.353443649492874,11.279443649492874
10599,10916,337.0,-37.525,175.875,14.986532250141863,12.964532250141863
10600,10917,40.0,-37.525,175.925,14.757765366774038,14.517765366774038
10601,10687,1.0,-37.575,176.075,15.863644159411706,15.857644159411706
10602,10918,10.0,-37.525,176.025,15.066599614559891,15.00659961455989
10603,10919,15.0,-37.525,177.175,18.8239746532563,18.7339746532563
10604,10692,23.0,-37.575,178.025,16.92759699715316,16.789596997153158
10605,10697,21.0,-37.575,178.075,17.080835700913667,16.954835700913666
10606,10702,79.0,-37.575,178.125,17.25131933346165,16.77731933346165
10607,10768,111.0,-37.575,178.175,17.430187763500726,16.764187763500725
10608,10770,69.0,-37.575,178.225,17.610107195885575,17.196107195885574
10609,10772,86.0,-37.575,178.275,17.785076661002677,17.26907666100268
10610,10137,121.0,-37.275,174.675,14.388917054689955,13.662917054689956
10611,10062,124.0,-37.425,174.725,13.386086605600212,12.642086605600213
10612,10063,249.0,-37.425,174.775,13.285776689076556,11.791776689076556
10613,10064,160.0,-37.425,174.825,13.295420542806824,12.335420542806823
10614,10065,79.0,-37.425,174.875,13.353130237526784,12.879130237526784
10615,10087,20.0,-37.375,174.725,13.478708967181774,13.358708967181775
10616,10088,107.0,-37.375,174.775,13.429732352253268,12.787732352253268
10617,10089,169.0,-37.375,174.825,13.484137832533634,12.470137832533634
10618,10090,118.0,-37.375,174.875,13.55112239380469,12.84312239380469
10619,10112,30.0,-37.325,174.725,13.73047893040166,13.55047893040166
10620,10113,16.0,-37.325,174.775,13.696319483153275,13.600319483153275
10621,10114,20.0,-37.325,174.825,13.756248772793697,13.636248772793698
10622,10115,119.0,-37.325,174.875,13.796464036605357,13.082464036605357
10623,10138,20.0,-37.275,174.725,14.117581843769585,13.997581843769586
10624,10139,20.0,-37.275,174.775,14.038147464809299,13.9181474648093
10625,10140,17.0,-37.275,174.825,14.064068347551256,13.962068347551256
10626,10141,16.0,-37.275,174.875,14.046830788163788,13.950830788163788
10627,10066,78.0,-37.425,174.925,13.430249699898923,12.962249699898923
10628,10067,36.0,-37.425,174.975,13.527804860033939,13.31180486003394
10629,10068,33.0,-37.425,175.025,13.661247097714295,13.463247097714294
10630,10091,43.0,-37.375,174.925,13.601730518868862,13.343730518868863
10631,10092,121.0,-37.375,174.975,13.650036858834937,12.924036858834938
10632,10093,20.0,-37.375,175.025,13.726948549122426,13.606948549122427
10633,10116,156.0,-37.325,174.925,13.781478419473387,12.845478419473388
10634,10117,158.0,-37.325,174.975,13.748868442174171,12.80086844217417
10635,10118,66.0,-37.325,175.025,13.753495603904412,13.357495603904411
10636,10142,17.0,-37.275,174.925,13.923150645860005,13.821150645860005
10637,10143,121.0,-37.275,174.975,13.78428989924032,13.058289899240322
10638,10144,20.0,-37.275,175.025,13.716207431438306,13.596207431438307
10639,10069,20.0,-37.425,175.075,13.845025943200199,13.7250259432002
10640,10070,19.0,-37.425,175.125,14.08341852335252,13.96941852335252
10641,10071,7.0,-37.425,175.175,14.368301799739129,14.326301799739129
10642,10072,46.0,-37.425,175.225,14.681470084447938,14.405470084447938
10643,10094,25.0,-37.375,175.075,13.855850116664442,13.705850116664442
10644,10095,22.0,-37.375,175.125,14.042870148102338,13.910870148102338
10645,10096,11.0,-37.375,175.175,14.277914792162846,14.211914792162846
10646,10097,22.0,-37.375,175.225,14.539970810475097,14.407970810475097
10647,10119,20.0,-37.325,175.075,13.826660400725814,13.706660400725815
10648,10120,15.0,-37.325,175.125,13.971386966479258,13.881386966479258
10649,10121,21.0,-37.325,175.175,14.170546296102657,14.044546296102657
10650,10122,47.0,-37.325,175.225,14.396470400579346,14.114470400579346
10651,10145,32.0,-37.275,175.075,13.748822109625507,13.556822109625507
10652,10146,20.0,-37.275,175.125,13.873365296779411,13.753365296779412
10653,10147,38.0,-37.275,175.175,14.059664627206075,13.831664627206075
10654,10148,51.0,-37.275,175.225,14.269917868359698,13.9639178683597
10655,10073,128.0,-37.425,175.275,14.998962172647225,14.230962172647224
10656,10074,154.0,-37.425,175.325,15.295468668423382,14.371468668423383
10657,10075,226.0,-37.425,175.375,15.547475261611908,14.191475261611908
10658,10098,32.0,-37.375,175.275,14.802976708127062,14.610976708127062
10659,10099,98.0,-37.375,175.325,15.040533399652304,14.452533399652305
10660,10100,272.0,-37.375,175.375,15.22881807793965,13.59681807793965
10661,10123,75.0,-37.325,175.275,14.618779698962499,14.1687796989625
10662,10124,115.0,-37.325,175.325,14.80944155173529,14.11944155173529
10663,10125,102.0,-37.325,175.375,14.945294692683092,14.333294692683092
10664,10149,127.0,-37.275,175.275,14.468242467713935,13.706242467713935
10665,10150,137.0,-37.275,175.325,14.625495504594255,13.803495504594256
10666,10151,19.0,-37.275,175.375,14.720720324526155,14.606720324526155
10667,10036,7.0,-37.275,175.425,14.741051368019725,14.699051368019726
10668,10047,3.0,-37.275,175.475,14.681493093015888,14.663493093015887
10669,10076,337.0,-37.425,175.425,15.734469255735348,13.712469255735348
10670,10077,20.0,-37.425,175.475,15.838458768070268,15.718458768070269
10671,10078,10.0,-37.425,175.525,15.843290932752097,15.783290932752097
10672,10079,9.0,-37.425,175.575,15.737219817500772,15.683219817500772
10673,10101,40.0,-37.375,175.425,15.34779333113238,15.10779333113238
10674,10102,7.0,-37.375,175.475,15.38143467685677,15.33943467685677
10675,10103,8.0,-37.375,175.525,15.318416296557189,15.270416296557189
10676,10104,7.0,-37.375,175.575,15.155574811942643,15.113574811942643
10677,10126,9.0,-37.325,175.425,15.00892021812433,14.95492021812433
10678,10127,6.0,-37.325,175.475,14.988985575873812,14.952985575873813
10679,10128,4.0,-37.325,175.525,14.88138931744652,14.85738931744652
10680,10129,8.0,-37.325,175.575,14.692855853893889,14.644855853893889
10681,10158,7.0,-37.275,175.525,14.545614815544468,14.503614815544468
10682,10176,7.0,-37.275,175.575,14.347828076043697,14.305828076043698
10683,10080,12.0,-37.425,175.625,15.525334057429973,15.453334057429974
10684,10081,21.0,-37.425,175.675,15.25403979818384,15.12803979818384
10685,10082,158.0,-37.425,175.725,14.975173548140447,14.027173548140446
10686,10083,144.0,-37.425,175.775,14.692129147339074,13.828129147339073
10687,10105,7.0,-37.375,175.625,14.90755598121632,14.86555598121632
10688,10106,20.0,-37.375,175.675,14.638631932826684,14.518631932826684
10689,10107,391.0,-37.375,175.725,14.425070103731741,12.079070103731741
10690,10108,128.0,-37.375,175.775,14.219672378714677,13.451672378714676
10691,10130,5.0,-37.325,175.625,14.44922549517014,14.41922549517014
10692,10131,14.0,-37.325,175.675,14.206064789344055,14.122064789344055
10693,10132,361.0,-37.325,175.725,14.00655306664703,11.84055306664703
10694,10133,452.0,-37.325,175.775,13.839807680093145,11.127807680093145
10695,10180,10.0,-37.275,175.625,14.116426142903947,14.056426142903947
10696,10197,141.0,-37.275,175.675,13.890267418303665,13.044267418303665
10697,10302,95.0,-37.275,175.725,13.698141912257597,13.128141912257597
10698,10317,551.0,-37.275,175.775,13.547009656072987,10.241009656072988
10699,10084,106.0,-37.425,175.825,14.427637656168372,13.791637656168373
10700,10085,104.0,-37.425,175.875,14.2246088862139,13.6006088862139
10701,10086,20.0,-37.425,175.925,14.131971678355512,14.011971678355513
10702,10109,248.0,-37.375,175.825,14.035640871236865,12.547640871236865
10703,10110,135.0,-37.375,175.875,13.905158037904584,13.095158037904584
10704,10111,202.0,-37.375,175.925,13.861233371200797,12.649233371200797
10705,10134,282.0,-37.325,175.825,13.706652873465828,12.014652873465828
10706,10135,218.0,-37.325,175.875,13.624825334370144,12.316825334370144
10707,10136,92.0,-37.325,175.925,13.61386224965463,13.06186224965463
10708,10327,111.0,-37.275,175.825,13.439938202643134,12.773938202643134
10709,10337,66.0,-37.275,175.875,13.385613186217597,12.989613186217596
10710,10345,79.0,-37.275,176.275,14.680144438582829,14.206144438582829
10711,10439,81.0,-37.225,174.625,15.166955721696468,14.680955721696467
10712,10442,45.0,-37.225,174.675,14.737833380872871,14.467833380872872
10713,10490,118.0,-37.175,174.625,15.461366769027336,14.753366769027336
10714,10491,41.0,-37.175,174.675,14.971295972341068,14.725295972341067
10715,10512,134.0,-37.125,174.575,16.17813166002179,15.37413166002179
10716,10513,62.0,-37.125,174.625,15.635119840108928,15.263119840108928
10717,10455,80.0,-37.225,174.775,14.287824272589205,13.807824272589205
10718,10462,60.0,-37.225,174.825,14.270258596508938,13.910258596508939
10719,10469,120.0,-37.225,174.875,14.197709451316769,13.477709451316768
10720,10492,11.0,-37.175,174.725,14.572042893905746,14.506042893905745
10721,10493,22.0,-37.175,174.775,14.314627563576323,14.182627563576323
10722,10494,34.0,-37.175,174.825,14.174703171357578,13.970703171357577
10723,10495,47.0,-37.175,174.875,14.001940485773048,13.719940485773048
10724,10514,20.0,-37.125,174.775,14.131446761577536,14.011446761577536
10725,10515,23.0,-37.125,174.825,13.834862823226104,13.696862823226104
10726,10516,20.0,-37.125,174.875,13.566210929079716,13.446210929079717
10727,10470,60.0,-37.225,174.925,13.932090247799351,13.572090247799352
10728,10471,116.0,-37.225,174.975,13.698879175609363,13.002879175609364
10729,10472,73.0,-37.225,175.025,13.590782878032769,13.152782878032768
10730,10496,78.0,-37.175,174.925,13.699005047866194,13.231005047866194
10731,10497,96.0,-37.175,174.975,13.459824569025841,12.88382456902584
10732,10498,192.0,-37.175,175.025,13.381177833892252,12.229177833892253
10733,10517,24.0,-37.125,174.925,13.295851673879042,13.151851673879042
10734,10518,29.0,-37.125,174.975,13.1305023320474,12.9565023320474
10735,10519,228.0,-37.125,175.025,13.153472326632254,11.785472326632254
10736,10473,18.0,-37.225,175.075,13.620985301080509,13.512985301080509
10737,10474,19.0,-37.225,175.125,13.762029541083393,13.648029541083393
10738,10475,21.0,-37.225,175.175,13.966338216824624,13.840338216824625
10739,10476,71.0,-37.225,175.225,14.18409287330087,13.75809287330087
10740,10499,194.0,-37.175,175.075,13.465836146280708,12.301836146280708
10741,10500,157.0,-37.175,175.125,13.669245211598536,12.727245211598536
10742,10501,132.0,-37.175,175.175,13.924250142486926,13.132250142486926
10743,10502,107.0,-37.175,175.225,14.169354515945088,13.527354515945088
10744,10520,185.0,-37.125,175.075,13.347036264285634,12.237036264285635
10745,10521,115.0,-37.125,175.125,13.653930876133018,12.963930876133018
10746,10522,201.0,-37.125,175.175,13.981602730306804,12.775602730306804
10747,10523,174.0,-37.125,175.225,14.261209239443815,13.217209239443815
10748,10477,119.0,-37.225,175.275,14.374587402360703,13.660587402360703
10749,10478,88.0,-37.225,175.325,14.509563859211994,13.981563859211994
10750,10479,3.0,-37.225,175.375,14.572476688416828,14.554476688416827
10751,10503,22.0,-37.175,175.275,14.362476491591224,14.230476491591224
10752,10524,17.0,-37.125,175.275,14.455834036773922,14.353834036773922
10753,10480,3.0,-37.225,175.425,14.556762242053992,14.538762242053991
10754,10481,2.0,-37.225,175.475,14.464489990800757,14.452489990800757
10755,10482,3.0,-37.225,175.525,14.30592465249083,14.28792465249083
10756,10483,8.0,-37.225,175.575,14.099783650641257,14.051783650641257
10757,10504,4.0,-37.175,175.525,14.151074425088154,14.127074425088155
10758,10505,59.0,-37.175,175.575,13.930188218015246,13.576188218015247
10759,10525,365.0,-37.125,175.575,13.823707092436052,11.633707092436053
10760,10484,17.0,-37.225,175.625,13.872586796836913,13.770586796836913
10761,10485,202.0,-37.225,175.675,13.653767896686077,12.441767896686077
10762,10486,338.0,-37.225,175.725,13.466241807353072,11.438241807353071
10763,10487,242.0,-37.225,175.775,13.321845456003757,11.869845456003757
10764,10506,335.0,-37.175,175.625,13.697348798797975,11.687348798797975
10765,10507,601.0,-37.175,175.675,13.477254845527568,9.871254845527568
10766,10508,304.0,-37.175,175.725,13.289609276232113,11.465609276232113
10767,10509,152.0,-37.175,175.775,13.146823474392477,12.234823474392478
10768,10526,45.0,-37.125,175.625,13.575746518600681,13.305746518600682
10769,10527,515.0,-37.125,175.675,13.34670114720575,10.25670114720575
10770,10528,265.0,-37.125,175.725,13.154053713569738,11.564053713569738
10771,10529,233.0,-37.125,175.775,13.009198879400174,11.611198879400174
10772,10488,55.0,-37.225,175.825,13.226508040620502,12.896508040620501
10773,10489,11.0,-37.225,175.875,13.185388498958673,13.119388498958672
10774,10510,121.0,-37.175,175.825,13.055598339088647,12.329598339088648
10775,10511,100.0,-37.175,175.875,13.019449076851743,12.419449076851743
10776,10530,175.0,-37.125,175.825,12.918083697183647,11.868083697183646
10777,10308,132.0,-36.975,174.475,15.715728427209797,14.923728427209797
10778,10310,356.0,-36.975,174.525,15.559070122776575,13.423070122776576
10779,10359,241.0,-36.925,174.475,14.998268736452701,13.552268736452701
10780,10360,311.0,-36.925,174.525,14.773949941829414,12.907949941829415
10781,10549,43.0,-37.025,174.525,16.25019035166406,15.99219035166406
10782,10312,212.0,-36.975,174.575,15.315260193766335,14.043260193766335
10783,10361,233.0,-36.925,174.575,14.571124217321994,13.173124217321995
10784,10362,63.0,-36.925,174.625,14.553157596385972,14.175157596385972
10785,10363,60.0,-36.925,174.675,14.797956861993953,14.437956861993953
10786,10531,143.0,-37.075,174.575,16.2303794365489,15.3723794365489
10787,10532,93.0,-37.075,174.625,15.638635398153383,15.080635398153383
10788,10314,19.0,-36.975,174.775,13.771536119830671,13.65753611983067
10789,10321,19.0,-36.975,174.825,13.503115327804153,13.389115327804152
10790,10322,19.0,-36.975,174.875,13.368358445060949,13.254358445060948
10791,10364,45.0,-36.925,174.725,14.919438051122597,14.649438051122598
10792,10365,6.0,-36.925,174.825,14.157686978801394,14.121686978801394
10793,10366,1.0,-36.925,174.875,14.01020941724073,14.00420941724073
10794,10550,21.0,-37.025,174.875,13.075171098211285,12.949171098211286
10795,10323,40.0,-36.975,174.925,13.318807965380074,13.078807965380074
10796,10324,109.0,-36.975,174.975,13.447173213506176,12.793173213506176
10797,10325,120.0,-36.975,175.025,13.803133906231778,13.083133906231778
10798,10367,40.0,-36.925,174.925,14.019848053210808,13.779848053210808
10799,10368,27.0,-36.925,174.975,14.204179679085428,14.042179679085427
10800,10369,86.0,-36.925,175.025,14.562671404199136,14.046671404199136
10801,10533,19.0,-37.075,174.925,12.946949440266508,12.832949440266507
10802,10534,38.0,-37.075,174.975,12.870809790612839,12.642809790612839
10803,10535,210.0,-37.075,175.025,13.051013102904108,11.791013102904108
10804,10551,20.0,-37.025,174.925,12.90638198941906,12.786381989419061
10805,10552,40.0,-37.025,174.975,12.918390701662247,12.678390701662247
10806,10553,26.0,-37.025,175.025,13.251992388116378,13.095992388116377
10807,10024,29.0,-37.025,175.075,13.702400889873388,13.528400889873389
10808,10027,336.0,-37.025,175.125,14.178054995518323,12.162054995518323
10809,10034,369.0,-37.025,175.175,14.591067323036441,12.37706732303644
10810,10044,518.0,-37.025,175.225,14.877703004466639,11.769703004466638
10811,10329,27.0,-36.975,175.075,14.281878448292446,14.119878448292445
10812,10342,101.0,-36.975,175.125,14.767994764498326,14.161994764498326
10813,10350,137.0,-36.975,175.175,15.164631618014027,14.342631618014028
10814,10351,47.0,-36.975,175.225,15.402223891535868,15.120223891535868
10815,10536,121.0,-37.075,175.075,13.382336467332607,12.656336467332608
10816,10537,345.0,-37.075,175.125,13.801412067361525,11.731412067361525
10817,10538,232.0,-37.075,175.175,14.192646988666638,12.800646988666639
10818,10539,402.0,-37.075,175.225,14.492293356684058,12.08029335668406
10819,10153,114.0,-37.025,175.275,15.013309988734363,14.329309988734364
10820,10540,77.0,-37.075,175.275,14.67203510687068,14.21003510687068
10821,10164,49.0,-37.025,175.525,14.06190707379028,13.76790707379028
10822,10168,578.0,-37.025,175.575,13.743319881335083,10.275319881335083
10823,10352,154.0,-36.975,175.525,14.105152926966184,13.181152926966185
10824,10353,491.0,-36.975,175.575,13.741469942455296,10.795469942455297
10825,10370,176.0,-36.925,175.475,14.582770349398743,13.526770349398742
10826,10371,122.0,-36.925,175.525,14.156010987259833,13.424010987259834
10827,10372,396.0,-36.925,175.575,13.748626683141083,11.372626683141084
10828,10541,122.0,-37.075,175.525,14.043873876883481,13.311873876883482
10829,10542,536.0,-37.075,175.575,13.766127824514115,10.550127824514114
10830,10177,311.0,-37.025,175.625,13.442231889273899,11.576231889273899
10831,10182,574.0,-37.025,175.675,13.178553939928861,9.734553939928862
10832,10189,488.0,-37.025,175.725,12.96633706362718,10.038337063627178
10833,10196,218.0,-37.025,175.775,12.812644031506352,11.504644031506352
10834,10354,399.0,-36.975,175.625,13.407367991038882,11.013367991038882
10835,10355,339.0,-36.975,175.675,13.12265961034882,11.08865961034882
10836,10356,275.0,-36.975,175.725,12.900332966561109,11.250332966561109
10837,10357,172.0,-36.975,175.775,12.744014300227718,11.712014300227718
10838,10373,252.0,-36.925,175.625,13.382035617671136,11.870035617671135
10839,10374,100.0,-36.925,175.675,13.077483035523073,12.477483035523074
10840,10375,49.0,-36.925,175.725,12.848752650445022,12.554752650445021
10841,10376,58.0,-36.925,175.775,12.694052780128914,12.346052780128913
10842,10543,254.0,-37.075,175.625,13.494739947371272,11.970739947371271
10843,10544,284.0,-37.075,175.675,13.250483416838506,11.546483416838505
10844,10545,150.0,-37.075,175.725,13.049010227310646,12.149010227310646
10845,10546,19.0,-37.075,175.775,12.8998892554564,12.7858892554564
10846,10298,18.0,-37.025,175.825,12.71873009558476,12.61073009558476
10847,10358,133.0,-36.975,175.825,12.65077977819783,11.85277977819783
10848,10377,146.0,-36.925,175.825,12.60438602868544,11.72838602868544
10849,10547,146.0,-37.075,175.825,12.807233627485402,11.931233627485403
10850,10548,70.0,-37.075,175.875,12.771227982569144,12.351227982569144
10851,10378,102.0,-36.875,174.475,14.332532108916894,13.720532108916894
10852,10379,116.0,-36.875,174.525,14.066748825826835,13.370748825826835
10853,10394,80.0,-36.825,174.475,13.82483490283812,13.34483490283812
10854,10395,101.0,-36.825,174.525,13.588186739828416,12.982186739828416
10855,10406,95.0,-36.775,174.425,13.736899525364606,13.166899525364606
10856,10407,62.0,-36.775,174.475,13.505696945017917,13.133696945017917
10857,10408,31.0,-36.775,174.525,13.356066038457357,13.170066038457357
10858,10423,21.0,-36.725,174.375,13.767700683818475,13.641700683818476
10859,10424,41.0,-36.725,174.425,13.522148508552164,13.276148508552163
10860,10425,160.0,-36.725,174.475,13.34437813182194,12.38437813182194
10861,10426,87.0,-36.725,174.525,13.279213088539109,12.757213088539109
10862,10032,153.0,-36.725,174.575,13.389177369367644,12.471177369367645
10863,10041,34.0,-36.725,174.625,13.727554288777355,13.523554288777355
10864,10050,70.0,-36.725,174.675,14.26797130225168,13.84797130225168
10865,10380,96.0,-36.875,174.575,13.860123277704588,13.284123277704587
10866,10381,21.0,-36.875,174.625,13.945452124929034,13.819452124929034
10867,10396,79.0,-36.825,174.575,13.461829940304597,12.987829940304596
10868,10397,20.0,-36.825,174.625,13.65953294008068,13.539532940080681
10869,10409,40.0,-36.775,174.575,13.372720547304198,13.132720547304197
10870,10410,,-36.775,174.625,13.678868020752816,
10871,10411,30.0,-36.775,174.675,14.27607749676099,14.09607749676099
10872,10152,84.0,-36.725,174.725,14.883568942800594,14.379568942800594
10873,10382,23.0,-36.875,174.725,15.259439211847166,15.121439211847166
10874,10383,66.0,-36.875,174.775,15.14599939555228,14.74999939555228
10875,10384,38.0,-36.875,174.825,14.880378396628657,14.652378396628658
10876,10385,20.0,-36.875,174.875,14.760070579528474,14.640070579528475
10877,10412,56.0,-36.775,174.725,14.923358643703978,14.587358643703977
10878,10413,5.0,-36.775,174.775,15.39120626924705,15.36120626924705
10879,10414,38.0,-36.775,174.875,15.893007040906014,15.665007040906014
10880,10415,70.0,-36.775,174.925,16.110012527127765,15.690012527127765
10881,10386,22.0,-36.875,175.175,16.57316890517359,16.441168905173587
10882,10398,25.0,-36.825,175.075,16.483961055539112,16.333961055539113
10883,10399,42.0,-36.825,175.125,16.87627479494131,16.62427479494131
10884,10416,41.0,-36.775,175.125,17.250662243803163,17.004662243803164
10885,10417,56.0,-36.775,175.175,17.404572737600574,17.068572737600576
10886,10159,95.0,-36.725,175.475,14.637332702858657,14.067332702858657
10887,10173,392.0,-36.725,175.525,14.177606265182476,11.825606265182476
10888,10187,200.0,-36.725,175.575,13.76479456069319,12.56479456069319
10889,10387,81.0,-36.875,175.425,15.156065085922819,14.670065085922818
10890,10388,85.0,-36.875,175.475,14.670816783709597,14.160816783709597
10891,10389,190.0,-36.875,175.525,14.198843038730047,13.058843038730046
10892,10390,459.0,-36.875,175.575,13.75724290711787,11.00324290711787
10893,10400,136.0,-36.825,175.475,14.717403857688623,13.901403857688623
10894,10401,244.0,-36.825,175.525,14.221719714210849,12.757719714210848
10895,10402,311.0,-36.825,175.575,13.765137221570512,11.899137221570513
10896,10418,215.0,-36.775,175.525,14.216361703131042,12.926361703131043
10897,10419,207.0,-36.775,175.575,13.769757215396567,12.527757215396568
10898,10188,82.0,-36.725,175.775,12.784439574617863,12.292439574617864
10899,10391,54.0,-36.875,175.625,13.364066604978689,13.040066604978689
10900,10392,40.0,-36.875,175.725,12.815287789634567,12.575287789634567
10901,10393,37.0,-36.875,175.775,12.66737704735715,12.44537704735715
10902,10403,341.0,-36.825,175.625,13.362134199391221,11.316134199391222
10903,10404,12.0,-36.825,175.675,13.034242753242324,12.962242753242325
10904,10405,80.0,-36.825,175.775,12.672233008427611,12.19223300842761
10905,10420,106.0,-36.775,175.625,13.382700728171585,12.746700728171586
10906,10421,107.0,-36.775,175.675,13.07309765581158,12.43109765581158
10907,10422,60.0,-36.775,175.725,12.853861688334291,12.493861688334292
10908,10191,13.0,-36.675,174.325,13.896047318079582,13.818047318079582
10909,10431,160.0,-36.625,174.325,13.837016686346033,12.877016686346032
10910,10572,81.0,-36.575,174.275,14.106284838298052,13.620284838298051
10911,10578,37.0,-36.575,174.325,13.857110470651605,13.635110470651606
10912,10200,52.0,-36.675,174.375,13.637713640806396,13.325713640806397
10913,10307,8.0,-36.675,174.425,13.425149101910392,13.377149101910392
10914,10319,70.0,-36.675,174.475,13.29331928181091,12.87331928181091
10915,10331,63.0,-36.675,174.525,13.283558400462425,12.905558400462425
10916,10432,39.0,-36.625,174.475,13.316172112014101,13.082172112014101
10917,10433,39.0,-36.625,174.525,13.334588713555604,13.100588713555604
10918,10584,19.0,-36.575,174.375,13.640997046657503,13.526997046657502
10919,10585,39.0,-36.575,174.475,13.397619411260166,13.163619411260166
10920,10586,88.0,-36.575,174.525,13.42383242534288,12.89583242534288
10921,10338,93.0,-36.675,174.575,13.438710076171446,12.880710076171447
10922,10346,50.0,-36.675,174.625,13.783387662075256,13.483387662075256
10923,10427,68.0,-36.675,174.675,14.294440739429774,13.886440739429775
10924,10435,59.0,-36.625,174.575,13.503406648828786,13.149406648828787
10925,10437,60.0,-36.625,174.625,13.839780202606562,13.479780202606563
10926,10441,33.0,-36.625,174.675,14.330719382483949,14.132719382483948
10927,10587,113.0,-36.575,174.575,13.584765857296588,12.906765857296588
10928,10588,58.0,-36.575,174.625,13.899865687750207,13.551865687750206
10929,10589,56.0,-36.575,174.675,14.369957187948785,14.033957187948785
10930,10428,,-36.675,174.725,14.897488356561553,
10931,10452,44.0,-36.625,174.725,14.928567318627756,14.664567318627757
10932,10429,152.0,-36.675,175.475,14.516913439138989,13.60491343913899
10933,10430,245.0,-36.675,175.525,14.111010683826862,12.641010683826861
10934,10459,14.0,-36.625,175.475,14.380004417826967,14.296004417826968
10935,10466,295.0,-36.625,175.525,14.042418362134413,12.272418362134413
10936,10564,187.0,-36.625,175.575,13.744780965320388,12.622780965320388
10937,10590,140.0,-36.575,175.425,14.571456087264778,13.731456087264778
10938,10591,79.0,-36.575,175.475,14.26959772680675,13.79559772680675
10939,10567,102.0,-36.625,175.825,12.931675631174585,12.319675631174585
10940,10618,10.0,-36.375,174.075,15.50046752650178,15.440467526501779
10941,10619,101.0,-36.375,174.125,15.30069346090022,14.69469346090022
10942,10592,64.0,-36.525,174.225,14.427055327289963,14.043055327289963
10943,10593,44.0,-36.525,174.275,14.17799962908066,13.91399962908066
10944,10602,16.0,-36.475,174.175,14.778816617751545,14.682816617751545
10945,10603,120.0,-36.475,174.225,14.53981669323548,13.81981669323548
10946,10620,10.0,-36.375,174.275,14.725646598456478,14.665646598456478
10947,10621,28.0,-36.375,174.325,14.571882852493218,14.403882852493219
10948,10594,,-36.525,174.425,13.608978361769914,
10949,10595,153.0,-36.525,174.475,13.53749853919362,12.619498539193621
10950,10596,54.0,-36.525,174.525,13.55990600059431,13.23590600059431
10951,10604,13.0,-36.475,174.425,13.804486403478222,13.726486403478223
10952,10605,257.0,-36.475,174.475,13.743370165407214,12.201370165407214
10953,10606,100.0,-36.475,174.525,13.762245420602085,13.162245420602085
10954,10611,59.0,-36.425,174.475,14.021470264578056,13.667470264578057
10955,10612,190.0,-36.425,174.525,14.049898922304237,12.909898922304237
10956,10622,59.0,-36.375,174.375,14.453610679724989,14.09961067972499
10957,10623,49.0,-36.375,174.475,14.367309675652905,14.073309675652904
10958,10624,98.0,-36.375,174.525,14.423059086335343,13.835059086335344
10959,10597,75.0,-36.525,174.575,13.699057009815078,13.249057009815079
10960,10598,119.0,-36.525,174.625,13.979802000817472,13.265802000817471
10961,10599,30.0,-36.525,174.675,14.423788153126225,14.243788153126225
10962,10607,64.0,-36.475,174.575,13.878377259292392,13.494377259292392
10963,10608,140.0,-36.475,174.625,14.116169775963499,13.2761697759635
10964,10609,67.0,-36.475,174.675,14.526019762512988,14.124019762512988
10965,10613,98.0,-36.425,174.575,14.163459620901449,13.57545962090145
10966,10614,97.0,-36.425,174.625,14.381935321863239,13.799935321863238
10967,10615,72.0,-36.425,174.675,14.762743228447107,14.330743228447107
10968,10625,160.0,-36.375,174.575,14.564249728053255,13.604249728053254
10969,10626,142.0,-36.375,174.625,14.815123089952067,13.963123089952067
10970,10627,47.0,-36.375,174.675,15.215940198403587,14.933940198403587
10971,10616,22.0,-36.425,174.725,15.364116346910123,15.232116346910123
10972,10617,50.0,-36.425,174.875,17.048075836444696,16.748075836444695
10973,10628,36.0,-36.375,174.775,16.355846297320568,16.139846297320567
10974,10629,45.0,-36.375,174.825,16.877609391542137,16.607609391542137
10975,10600,798.0,-36.525,175.375,14.739885626644536,9.951885626644536
10976,10610,183.0,-36.475,175.375,14.73530503152142,13.63730503152142
10977,10601,247.0,-36.525,175.425,14.462452310203844,12.980452310203844
10978,11005,8.0,-36.225,173.975,16.30268072224044,16.25468072224044
10979,10630,8.0,-36.325,174.025,15.839578987400273,15.791578987400273
10980,10631,73.0,-36.325,174.075,15.665708218191867,15.227708218191866
10981,10632,43.0,-36.325,174.125,15.484953957629841,15.226953957629842
10982,10643,89.0,-36.275,174.025,16.003273137888755,15.469273137888754
10983,10644,89.0,-36.275,174.075,15.846099027394303,15.312099027394302
10984,10645,60.0,-36.275,174.125,15.68456723820782,15.32456723820782
10985,11006,86.0,-36.225,174.025,16.172861857387943,15.656861857387943
10986,11007,57.0,-36.225,174.075,16.03120491402933,15.68920491402933
10987,10633,3.0,-36.325,174.275,14.985733674175208,14.967733674175207
10988,10646,55.0,-36.275,174.325,15.173758114278826,14.843758114278826
10989,11008,80.0,-36.225,174.225,15.636609450074502,15.156609450074502
10990,11009,95.0,-36.225,174.275,15.545530744904681,14.975530744904681
10991,10634,55.0,-36.325,174.375,14.778247182841369,14.448247182841369
10992,10635,58.0,-36.325,174.425,14.74096342741177,14.39296342741177
10993,10636,40.0,-36.325,174.475,14.762470969494643,14.522470969494643
10994,10637,56.0,-36.325,174.525,14.855577788080154,14.519577788080154
10995,10647,10.0,-36.275,174.375,15.123498641734841,15.06349864173484
10996,10648,20.0,-36.275,174.475,15.180478636085354,15.060478636085355
10997,10649,40.0,-36.275,174.525,15.309756905173344,15.069756905173344
10998,11010,64.0,-36.225,174.375,15.471827404732721,15.087827404732721
10999,11011,38.0,-36.225,174.425,15.504742435910885,15.276742435910885
11000,11012,,-36.225,174.475,15.595384872920476,
11001,11013,40.0,-36.225,174.525,15.752811164581544,15.512811164581544
11002,10638,63.0,-36.325,174.575,15.036185573158946,14.658185573158946
11003,10639,182.0,-36.325,174.625,15.324135743733677,14.232135743733677
11004,10640,182.0,-36.325,174.675,15.734865984913085,14.642865984913085
11005,10650,41.0,-36.275,174.575,15.523065096069331,15.27706509606933
11006,10651,187.0,-36.275,174.625,15.83205357001043,14.71005357001043
11007,11001,96.0,-36.275,174.675,16.238368438962425,15.662368438962424
11008,11014,107.0,-36.225,174.575,15.98534373005532,15.34334373005532
11009,11016,80.0,-36.225,174.625,16.297171630846606,15.817171630846605
11010,11017,139.0,-36.225,174.675,16.68172497314754,15.847724973147539
11011,10641,28.0,-36.325,174.725,16.248059059405023,16.080059059405023
11012,11002,91.0,-36.275,174.725,16.71841833560393,16.17241833560393
11013,11003,284.0,-36.275,174.775,17.211618249029016,15.507618249029015
11014,11018,67.0,-36.225,175.075,18.058068633558833,17.65606863355883
11015,11020,61.0,-36.225,175.375,16.70650664371533,16.34050664371533
11016,10642,191.0,-36.325,175.525,15.055912017910487,13.909912017910486
11017,11004,38.0,-36.275,175.475,15.701900331112483,15.473900331112484
11018,11022,112.0,-36.225,175.425,16.421336967839125,15.749336967839124
11019,11023,33.0,-36.225,175.475,16.140773387353875,15.942773387353874
11020,11024,40.0,-36.175,173.975,16.456287299687574,16.216287299687576
11021,11038,68.0,-36.125,173.925,16.685068211329963,16.27706821132996
11022,11039,20.0,-36.125,173.975,16.59741018945624,16.47741018945624
11023,11052,81.0,-36.075,173.875,16.83981735144971,16.35381735144971
11024,11053,20.0,-36.075,173.925,16.79824651522813,16.67824651522813
11025,11054,16.0,-36.075,173.975,16.71384177217442,16.61784177217442
11026,11068,82.0,-36.025,173.825,16.881325573005597,16.389325573005596
11027,11069,20.0,-36.025,173.875,16.917244336990734,16.797244336990733
11028,11070,20.0,-36.025,173.925,16.8769608217317,16.7569608217317
11029,11071,117.0,-36.025,173.975,16.791504099315716,16.089504099315718
11030,11025,18.0,-36.175,174.025,16.337934362968554,16.229934362968553
11031,11040,2.0,-36.125,174.025,16.48701113213974,16.47501113213974
11032,11041,9.0,-36.125,174.075,16.369448812361952,16.315448812361954
11033,11042,60.0,-36.125,174.125,16.258483694316055,15.898483694316056
11034,11055,19.0,-36.075,174.025,16.607686872119302,16.4936868721193
11035,11056,96.0,-36.075,174.075,16.498273339017032,15.922273339017032
11036,11057,89.0,-36.075,174.125,16.40076105940807,15.866761059408068
11037,11072,36.0,-36.025,174.025,16.68734412028516,16.47134412028516
11038,11073,31.0,-36.025,174.075,16.584669283002768,16.398669283002768
11039,11074,41.0,-36.025,174.125,16.499502692700844,16.253502692700845
11040,11026,124.0,-36.175,174.175,15.970349174795956,15.226349174795956
11041,11027,39.0,-36.175,174.325,15.791398557710636,15.557398557710636
11042,11043,28.0,-36.125,174.175,16.165485058977538,15.997485058977539
11043,11044,29.0,-36.125,174.225,16.09927388504093,15.92527388504093
11044,11045,20.0,-36.125,174.275,16.066232396132364,15.946232396132364
11045,11046,43.0,-36.125,174.325,16.070775243640128,15.812775243640129
11046,11058,81.0,-36.075,174.175,16.32701564886247,15.84101564886247
11047,11059,107.0,-36.075,174.225,16.285473862312756,15.643473862312756
11048,11060,80.0,-36.075,174.275,16.281050035769113,15.801050035769112
11049,11061,59.0,-36.075,174.325,16.31557833064562,15.961578330645622
11050,11075,79.0,-36.025,174.175,16.444305793527747,15.970305793527746
11051,11076,51.0,-36.025,174.225,16.42743853487991,16.12143853487991
11052,11077,40.0,-36.025,174.275,16.452348917190648,16.21234891719065
11053,11078,108.0,-36.025,174.325,16.51764461586299,15.869644615862992
11054,11028,32.0,-36.175,174.375,15.807134118616887,15.615134118616886
11055,11029,51.0,-36.175,174.425,15.870302977747997,15.564302977747998
11056,11030,70.0,-36.175,174.475,15.986919641436543,15.566919641436543
11057,11031,91.0,-36.175,174.525,16.16272450746783,15.61672450746783
11058,11047,83.0,-36.125,174.425,16.205430398435965,15.707430398435966
11059,11048,59.0,-36.125,174.475,16.341642326445253,15.987642326445254
11060,11049,69.0,-36.125,174.525,16.52741391128893,16.11341391128893
11061,11062,140.0,-36.075,174.375,16.3890313679085,15.549031367908501
11062,11063,245.0,-36.075,174.425,16.501063261727722,15.031063261727722
11063,11064,244.0,-36.075,174.475,16.651877794705797,15.187877794705797
11064,11065,124.0,-36.075,174.525,16.841697051557276,16.097697051557276
11065,11079,58.0,-36.025,174.375,16.618937852008457,16.27093785200846
11066,11080,20.0,-36.025,174.425,16.751843712055233,16.631843712055232
11067,11081,37.0,-36.025,174.475,16.913945435228015,16.691945435228014
11068,11032,100.0,-36.175,174.575,16.401512136040765,15.801512136040765
11069,11033,40.0,-36.175,174.625,16.70188876618795,16.46188876618795
11070,11050,11.0,-36.125,174.575,16.763101999904393,16.697101999904394
11071,11066,21.0,-36.075,174.575,17.068956305785832,16.94295630578583
11072,11034,96.0,-36.175,175.325,17.372144475286404,16.796144475286404
11073,11035,164.0,-36.175,175.375,17.131574298286978,16.14757429828698
11074,11051,79.0,-36.125,175.375,17.46202148496286,16.98802148496286
11075,11067,442.0,-36.075,175.375,17.726424453904656,15.074424453904657
11076,11036,432.0,-36.175,175.425,16.841067210927577,14.249067210927576
11077,11037,21.0,-36.175,175.475,16.55007521653897,16.42407521653897
11078,11369,,-35.825,173.625,15.410496676048751,
11079,11082,59.0,-35.975,173.775,16.732910306888698,16.3789103068887
11080,11097,55.0,-35.925,173.725,16.373315027679382,16.043315027679384
11081,11098,54.0,-35.925,173.775,16.625924568278606,16.301924568278604
11082,11112,57.0,-35.875,173.725,16.183497408861513,15.841497408861512
11083,11113,51.0,-35.875,173.775,16.440775319692875,16.134775319692874
11084,11370,44.0,-35.825,173.675,15.683909265033435,15.419909265033436
11085,11371,70.0,-35.825,173.725,15.967623544677735,15.547623544677736
11086,11372,20.0,-35.825,173.775,16.226311284432995,16.106311284432994
11087,11083,20.0,-35.975,173.825,16.89828446986212,16.77828446986212
11088,11084,19.0,-35.975,173.875,16.944845132904447,16.830845132904447
11089,11085,37.0,-35.975,173.925,16.901322394079216,16.679322394079215
11090,11086,56.0,-35.975,173.975,16.815822707863845,16.479822707863846
11091,11099,20.0,-35.925,173.825,16.81884716609875,16.698847166098748
11092,11100,20.0,-35.925,173.875,16.88211207362292,16.76211207362292
11093,11101,32.0,-35.925,173.925,16.851691092738292,16.659691092738292
11094,11102,70.0,-35.925,173.975,16.77789271497022,16.35789271497022
11095,11114,45.0,-35.875,173.825,16.63415872923906,16.364158729239062
11096,11115,21.0,-35.875,173.875,16.727978680919477,16.601978680919476
11097,11116,16.0,-35.875,173.925,16.733183107910918,16.637183107910918
11098,11117,82.0,-35.875,173.975,16.68444929238649,16.19244929238649
11099,11373,142.0,-35.825,173.825,16.42548581615665,15.573485816156651
11100,11374,61.0,-35.825,173.875,16.54283371389647,16.17683371389647
11101,11375,20.0,-35.825,173.925,16.580653088622967,16.460653088622966
11102,11376,312.0,-35.825,173.975,16.55922118392391,14.68722118392391
11103,11087,27.0,-35.975,174.025,16.715342055083966,16.553342055083966
11104,11088,53.0,-35.975,174.075,16.61994724511169,16.301947245111688
11105,11089,35.0,-35.975,174.125,16.54650031726851,16.33650031726851
11106,11103,82.0,-35.925,174.025,16.68738824375123,16.19538824375123
11107,11104,80.0,-35.925,174.075,16.60120165643275,16.12120165643275
11108,11105,80.0,-35.925,174.125,16.538280768836557,16.058280768836557
11109,11118,20.0,-35.875,174.025,16.61031912048111,16.490319120481107
11110,11119,98.0,-35.875,174.075,16.534333425111072,15.946333425111073
11111,11120,178.0,-35.875,174.125,16.47851296328008,15.410512963280082
11112,11377,16.0,-35.825,174.025,16.502882883949496,16.406882883949496
11113,11378,119.0,-35.825,174.075,16.43536181018044,15.721361810180438
11114,11379,40.0,-35.825,174.125,16.380463151484946,16.140463151484948
11115,11090,57.0,-35.975,174.175,16.508911966634514,16.166911966634515
11116,11091,56.0,-35.975,174.225,16.516656118626088,16.18065611862609
11117,11092,57.0,-35.975,174.275,16.572439249684976,16.230439249684977
11118,11093,141.0,-35.975,174.325,16.67100054768798,15.825000547687981
11119,11106,104.0,-35.925,174.175,16.515703132460658,15.891703132460657
11120,11107,158.0,-35.925,174.225,16.546470249450067,15.598470249450067
11121,11108,101.0,-35.925,174.275,16.634779499754586,16.028779499754584
11122,11109,202.0,-35.925,174.325,16.771199093550422,15.559199093550422
11123,11121,298.0,-35.875,174.175,16.464575129835794,14.676575129835793
11124,11122,60.0,-35.875,174.225,16.512330944398855,16.152330944398855
11125,11123,100.0,-35.875,174.275,16.632634053803486,16.032634053803484
11126,11124,95.0,-35.875,174.325,16.81389222645157,16.24389222645157
11127,11380,126.0,-35.825,174.175,16.363828357472812,15.607828357472812
11128,11381,109.0,-35.825,174.225,16.413943180528804,15.759943180528804
11129,11382,121.0,-35.825,174.275,16.557055588200456,15.831055588200456
11130,11383,57.0,-35.825,174.325,16.791044238378163,16.449044238378164
11131,11094,46.0,-35.975,174.375,16.801767847133306,16.525767847133306
11132,11095,19.0,-35.975,174.425,16.95506017155276,16.84106017155276
11133,11096,,-35.975,174.475,17.126410164322806,
11134,11110,141.0,-35.925,174.375,16.935316847219838,16.089316847219838
11135,11111,85.0,-35.925,174.425,17.10942174046795,16.59942174046795
11136,11125,42.0,-35.875,174.375,17.018192672117948,16.76619267211795
11137,11126,20.0,-35.875,174.425,17.213192363879898,17.093192363879897
11138,11384,8.0,-35.825,174.525,17.636669928152514,17.588669928152516
11139,11385,42.0,-35.775,173.625,15.194685975261564,14.942685975261563
11140,11401,370.0,-35.725,173.575,14.785698145004062,12.565698145004061
11141,11402,147.0,-35.725,173.625,15.020474832796026,14.138474832796026
11142,11420,76.0,-35.675,173.525,14.573904260681957,14.117904260681957
11143,11421,215.0,-35.675,173.575,14.684671053934835,13.394671053934836
11144,11422,398.0,-35.675,173.625,14.930587658750483,12.542587658750483
11145,11386,191.0,-35.775,173.675,15.47411180403833,14.328111804038329
11146,11387,70.0,-35.775,173.725,15.763554626943005,15.343554626943005
11147,11388,280.0,-35.775,173.775,16.02678541971909,14.34678541971909
11148,11403,167.0,-35.725,173.675,15.309853559053408,14.307853559053408
11149,11404,599.0,-35.725,173.725,15.606552614307475,12.012552614307475
11150,11405,480.0,-35.725,173.775,15.875151023994476,12.995151023994477
11151,11423,469.0,-35.675,173.675,15.227181777533588,12.413181777533588
11152,11424,516.0,-35.675,173.725,15.526057250787744,12.430057250787744
11153,11425,362.0,-35.675,173.775,15.795524180477514,13.623524180477514
11154,11389,156.0,-35.775,173.825,16.234609949769947,15.298609949769947
11155,11390,101.0,-35.775,173.875,16.369998258362102,15.763998258362102
11156,11391,305.0,-35.775,173.925,16.431947839198983,14.601947839198983
11157,11392,100.0,-35.775,173.975,16.432701784855453,15.832701784855454
11158,11406,331.0,-35.725,173.825,16.090490850544484,14.104490850544483
11159,11407,168.0,-35.725,173.875,16.23837663924769,15.230376639247691
11160,11408,61.0,-35.725,173.925,16.316491089068222,15.950491089068223
11161,11409,69.0,-35.725,173.975,16.332821440193584,15.918821440193584
11162,11426,101.0,-35.675,173.825,16.013574630444964,15.407574630444964
11163,11427,51.0,-35.675,173.875,16.167581590543705,15.861581590543706
11164,11428,364.0,-35.675,173.925,16.254609550815076,14.070609550815075
11165,11429,140.0,-35.675,173.975,16.280447158855168,15.440447158855168
11166,11393,72.0,-35.775,174.025,16.391202083853386,15.959202083853386
11167,11394,56.0,-35.775,174.075,16.32884944239413,15.99284944239413
11168,11395,100.0,-35.775,174.125,16.26861269521487,15.66861269521487
11169,11410,55.0,-35.725,174.025,16.302168472654557,15.972168472654557
11170,11411,61.0,-35.725,174.075,16.243044477336298,15.877044477336298
11171,11412,69.0,-35.725,174.125,16.17617677014823,15.762176770148232
11172,11430,96.0,-35.675,174.025,16.25743495876668,15.68143495876668
11173,11431,99.0,-35.675,174.075,16.202187988981677,15.608187988981678
11174,11432,100.0,-35.675,174.125,16.134163305830043,15.534163305830043
11175,11396,150.0,-35.775,174.175,16.236442405368507,15.336442405368507
11176,11397,74.0,-35.775,174.225,16.26517029510069,15.821170295100687
11177,11398,25.0,-35.775,174.275,16.40061700010301,16.250617000103013
11178,11413,147.0,-35.725,174.175,16.124771811292703,15.242771811292704
11179,11414,218.0,-35.725,174.225,16.117325078543217,14.809325078543218
11180,11415,343.0,-35.725,174.275,16.199645504998443,14.141645504998444
11181,11416,20.0,-35.725,174.325,16.472080244759127,16.352080244759126
11182,11433,173.0,-35.675,174.175,16.075679982424845,15.037679982424844
11183,11434,160.0,-35.675,174.225,16.054758122129897,15.094758122129896
11184,11435,180.0,-35.675,174.275,16.11815344031038,15.03815344031038
11185,11436,80.0,-35.675,174.325,16.351594809093513,15.871594809093512
11186,11399,63.0,-35.775,174.425,17.23152891211066,16.85352891211066
11187,11400,127.0,-35.775,174.525,17.638267157823066,16.876267157823065
11188,11417,35.0,-35.725,174.375,16.83101216752948,16.62101216752948
11189,11418,214.0,-35.725,174.425,17.12435564255975,15.840355642559748
11190,11419,45.0,-35.725,174.475,17.372067816361778,17.102067816361778
11191,11437,99.0,-35.675,174.375,16.688881651809425,16.094881651809423
11192,11438,93.0,-35.675,174.425,17.008540628141418,16.450540628141418
11193,11439,99.0,-35.675,174.475,17.289081581181563,16.69508158118156
11194,11138,22.0,-35.475,173.325,15.727947875820973,15.595947875820974
11195,11139,3.0,-35.475,173.375,15.60957532948305,15.59157532948305
11196,11140,47.0,-35.475,173.425,15.519598269758717,15.237598269758717
11197,11462,19.0,-35.575,173.425,14.933991588446588,14.819991588446587
11198,11484,228.0,-35.525,173.425,15.199685217745355,13.831685217745354
11199,11141,93.0,-35.475,173.475,15.472075033799229,14.914075033799229
11200,11142,51.0,-35.475,173.525,15.481126700516143,15.175126700516143
11201,11143,116.0,-35.475,173.575,15.555633602628404,14.859633602628405
11202,11144,60.0,-35.475,173.625,15.692791221267726,15.332791221267726
11203,11440,152.0,-35.625,173.475,14.66342320702006,13.75142320702006
11204,11441,301.0,-35.625,173.525,14.643283591621184,12.837283591621185
11205,11442,354.0,-35.625,173.575,14.74120978652536,12.61720978652536
11206,11443,558.0,-35.625,173.625,14.970450249951682,11.622450249951683
11207,11463,314.0,-35.575,173.475,14.860575845089443,12.976575845089442
11208,11464,167.0,-35.575,173.525,14.854658457023106,13.852658457023105
11209,11465,289.0,-35.575,173.575,14.947017072479866,13.213017072479866
11210,11466,539.0,-35.575,173.625,15.138259203710732,11.904259203710732
11211,11485,354.0,-35.525,173.475,15.140742867357403,13.016742867357403
11212,11486,616.0,-35.525,173.525,15.145528412432213,11.449528412432214
11213,11487,319.0,-35.525,173.575,15.22987031494631,13.315870314946311
11214,11488,628.0,-35.525,173.625,15.39125824007624,11.62325824007624
11215,11145,20.0,-35.475,173.675,15.876686443303697,15.756686443303698
11216,11146,60.0,-35.475,173.725,16.083287515818483,15.723287515818484
11217,11147,65.0,-35.475,173.775,16.28570469258375,15.895704692583749
11218,11444,516.0,-35.625,173.675,15.25284896418816,12.15684896418816
11219,11445,207.0,-35.625,173.725,15.540283439445375,14.298283439445376
11220,11446,161.0,-35.625,173.775,15.801608286812552,14.835608286812553
11221,11467,571.0,-35.575,173.675,15.387057926483067,11.961057926483067
11222,11468,355.0,-35.575,173.725,15.650020705375937,13.520020705375938
11223,11469,192.0,-35.575,173.775,15.894411477829635,14.742411477829636
11224,11489,301.0,-35.525,173.675,15.605357326659032,13.799357326659033
11225,11490,107.0,-35.525,173.725,15.839439793420752,15.197439793420752
11226,11491,323.0,-35.525,173.775,16.062660381299793,14.124660381299792
11227,11015,125.0,-35.525,173.825,16.249377759812887,15.499377759812887
11228,11019,230.0,-35.525,173.875,16.382689145346376,15.002689145346377
11229,11127,155.0,-35.525,173.925,16.457656936539934,15.527656936539934
11230,11128,88.0,-35.525,173.975,16.479424359434233,15.951424359434233
11231,11148,97.0,-35.475,173.825,16.456390535828177,15.874390535828176
11232,11149,140.0,-35.475,173.875,16.57402581054248,15.73402581054248
11233,11150,131.0,-35.475,173.925,16.634643752923694,15.848643752923694
11234,11151,125.0,-35.475,173.975,16.64484360100414,15.89484360100414
11235,11447,63.0,-35.625,173.825,16.0152127674246,15.6372127674246
11236,11448,171.0,-35.625,173.875,16.168382587603446,15.142382587603446
11237,11449,333.0,-35.625,173.925,16.257519741165197,14.259519741165198
11238,11450,231.0,-35.625,173.975,16.28736793725693,14.901367937256932
11239,11470,99.0,-35.575,173.825,16.09666570306672,15.50266570306672
11240,11471,226.0,-35.575,173.875,16.242451034532678,14.886451034532678
11241,11472,141.0,-35.575,173.925,16.327338033275737,15.481338033275737
11242,11473,81.0,-35.575,173.975,16.355828428783752,15.869828428783752
11243,11129,175.0,-35.525,174.025,16.460124500847087,15.410124500847086
11244,11130,79.0,-35.525,174.075,16.41675266387483,15.942752663874831
11245,11131,128.0,-35.525,174.125,16.36940813162164,15.601408131621639
11246,11152,141.0,-35.475,174.025,16.617923849245017,15.771923849245017
11247,11153,81.0,-35.475,174.075,16.57187307699678,16.08587307699678
11248,11154,158.0,-35.475,174.125,16.526355086448348,15.578355086448347
11249,11451,40.0,-35.625,174.025,16.269264859152827,16.02926485915283
11250,11452,73.0,-35.625,174.075,16.219293001485312,15.781293001485311
11251,11453,122.0,-35.625,174.125,16.157155477908418,15.425155477908419
11252,11474,107.0,-35.575,174.025,16.33930608641367,15.697306086413672
11253,11475,243.0,-35.575,174.075,16.29415495810099,14.83615495810099
11254,11476,120.0,-35.575,174.125,16.24055926670735,15.52055926670735
11255,11132,136.0,-35.525,174.175,16.340021862240064,15.524021862240064
11256,11133,97.0,-35.525,174.225,16.350820023910273,15.768820023910273
11257,11134,126.0,-35.525,174.275,16.42032459497841,15.66432459497841
11258,11135,100.0,-35.525,174.325,16.555750738336428,15.955750738336429
11259,11155,203.0,-35.475,174.175,16.50063630186014,15.28263630186014
11260,11156,268.0,-35.475,174.225,16.51189456135762,14.903894561357621
11261,11157,246.0,-35.475,174.275,16.572519996610936,15.096519996610937
11262,11158,157.0,-35.475,174.325,16.686540660262835,15.744540660262835
11263,11454,120.0,-35.625,174.175,16.106530520921297,15.386530520921296
11264,11455,121.0,-35.625,174.225,16.097912690294834,15.371912690294835
11265,11456,126.0,-35.625,174.275,16.172797341615478,15.416797341615478
11266,11457,140.0,-35.625,174.325,16.365374512490234,15.525374512490234
11267,11477,122.0,-35.575,174.175,16.202270791812225,15.470270791812226
11268,11478,97.0,-35.575,174.225,16.20682198346367,15.624821983463669
11269,11479,152.0,-35.575,174.275,16.28240039283537,15.370400392835371
11270,11480,148.0,-35.575,174.325,16.443486374317217,15.555486374317217
11271,11136,120.0,-35.525,174.375,16.74750480493094,16.027504804930942
11272,11137,43.0,-35.525,174.425,16.97436822387681,16.71636822387681
11273,11159,242.0,-35.475,174.375,16.847877874952246,15.395877874952246
11274,11160,41.0,-35.475,174.425,17.043071424905065,16.797071424905067
11275,11458,253.0,-35.625,174.375,16.644450551877526,15.126450551877525
11276,11459,154.0,-35.625,174.425,16.943415445900428,16.019415445900428
11277,11460,56.0,-35.625,174.475,17.22717351776646,16.89117351776646
11278,11461,46.0,-35.625,174.525,17.48836204766667,17.21236204766667
11279,11481,203.0,-35.575,174.375,16.673548686106187,15.455548686106187
11280,11482,221.0,-35.575,174.425,16.93638666062543,15.61038666062543
11281,11483,75.0,-35.575,174.475,17.202743346906573,16.752743346906573
11282,11203,37.0,-35.325,173.175,17.083470559909983,16.861470559909982
11283,11204,16.0,-35.325,173.225,16.985284229638637,16.889284229638637
11284,11161,59.0,-35.425,173.275,16.181503107412937,15.827503107412937
11285,11162,205.0,-35.425,173.325,16.05930962003731,14.82930962003731
11286,11163,19.0,-35.425,173.375,15.952814616143769,15.838814616143768
11287,11182,359.0,-35.375,173.275,16.525197029857736,14.371197029857736
11288,11183,401.0,-35.375,173.325,16.41470910330827,14.00870910330827
11289,11184,30.0,-35.375,173.375,16.31721071640095,16.13721071640095
11290,11185,36.0,-35.375,173.425,16.242794530846368,16.026794530846367
11291,11205,54.0,-35.325,173.275,16.88328483073292,16.559284830732917
11292,11206,94.0,-35.325,173.325,16.782091235141706,16.218091235141706
11293,11207,82.0,-35.325,173.375,16.68966625178382,16.19766625178382
11294,11208,106.0,-35.325,173.425,16.615817620046982,15.979817620046983
11295,11164,61.0,-35.425,173.475,15.831452098262162,15.465452098262162
11296,11165,,-35.425,173.525,15.839006145461099,
11297,11166,19.0,-35.425,173.575,15.901319697120016,15.787319697120015
11298,11167,34.0,-35.425,173.625,16.016185771800338,15.812185771800337
11299,11186,45.0,-35.375,173.525,16.202620819071853,15.932620819071854
11300,11187,123.0,-35.375,173.575,16.249655924047147,15.511655924047147
11301,11188,188.0,-35.375,173.625,16.341427726371876,15.213427726371876
11302,11209,115.0,-35.325,173.475,16.570021825098593,15.880021825098593
11303,11210,,-35.325,173.525,16.55952927087128,
11304,11211,10.0,-35.325,173.625,16.654298866395038,16.59429886639504
11305,11168,118.0,-35.425,173.675,16.17269072568888,15.46469072568888
11306,11169,126.0,-35.425,173.725,16.353188822856282,15.597188822856282
11307,11170,157.0,-35.425,173.775,16.535624234431452,15.593624234431452
11308,11189,175.0,-35.375,173.675,16.47025726274569,15.42025726274569
11309,11190,128.0,-35.375,173.725,16.622995034025735,15.854995034025734
11310,11191,247.0,-35.375,173.775,16.781548559407383,15.299548559407384
11311,11212,146.0,-35.325,173.675,16.75301394600592,15.877013946005922
11312,11213,129.0,-35.325,173.725,16.87422304721349,16.10022304721349
11313,11214,248.0,-35.325,173.775,17.004205791526147,15.516205791526147
11314,11171,162.0,-35.425,173.825,16.692687622015,15.720687622015001
11315,11172,217.0,-35.425,173.875,16.793614006632197,15.491614006632197
11316,11173,134.0,-35.425,173.925,16.838655663530517,16.03465566353052
11317,11174,58.0,-35.425,173.975,16.833927575796224,16.485927575796225
11318,11192,279.0,-35.375,173.825,16.92111126490454,15.24711126490454
11319,11193,192.0,-35.375,173.875,17.01410017591934,15.86210017591934
11320,11194,156.0,-35.375,173.925,17.047507108097307,16.111507108097307
11321,11195,121.0,-35.375,173.975,17.0255084157925,16.299508415792502
11322,11215,202.0,-35.325,173.825,17.125123849848023,15.913123849848024
11323,11216,203.0,-35.325,173.875,17.213832438024838,15.995832438024838
11324,11217,80.0,-35.325,173.925,17.238587448395265,16.758587448395264
11325,11218,73.0,-35.325,173.975,17.194846623475314,16.756846623475315
11326,11175,93.0,-35.425,174.025,16.795003063504737,16.237003063504737
11327,11176,39.0,-35.425,174.075,16.742234286974053,16.50823428697405
11328,11177,146.0,-35.425,174.125,16.694883942996967,15.818883942996967
11329,11196,86.0,-35.375,174.025,16.9713333192376,16.455333319237603
11330,11197,17.0,-35.375,174.075,16.91024145780466,16.80824145780466
11331,11198,21.0,-35.375,174.125,16.860377856519335,16.734377856519334
11332,11219,80.0,-35.325,174.025,17.125418757161242,16.64541875716124
11333,11220,24.0,-35.325,174.075,17.059838558339834,16.915838558339836
11334,11221,18.0,-35.325,174.125,17.01140834930993,16.90340834930993
11335,11178,168.0,-35.425,174.175,16.66922264574714,15.661222645747142
11336,11179,159.0,-35.425,174.225,16.67803209813792,15.724032098137918
11337,11180,302.0,-35.425,174.275,16.72953395317927,14.917533953179271
11338,11181,41.0,-35.425,174.325,16.825933300733595,16.579933300733597
11339,11199,31.0,-35.375,174.175,16.8342718235981,16.6482718235981
11340,11200,130.0,-35.375,174.225,16.840666266118205,16.060666266118204
11341,11201,182.0,-35.375,174.275,16.884674126800746,15.792674126800746
11342,11202,20.0,-35.375,174.325,16.967254168179352,16.84725416817935
11343,11222,56.0,-35.325,174.175,16.98780488925695,16.65180488925695
11344,11223,30.0,-35.325,174.225,16.994246564347122,16.814246564347123
11345,11224,87.0,-35.325,174.275,17.033664506157947,16.51166450615795
11346,11225,19.0,-35.325,174.325,17.106279076097053,16.992279076097052
11347,11263,93.0,-35.175,173.075,18.13393715404345,17.57593715404345
11348,11226,226.0,-35.275,173.175,17.41723552606345,16.06123552606345
11349,11227,89.0,-35.275,173.225,17.335487981877122,16.801487981877123
11350,11245,26.0,-35.225,173.125,17.80208131373365,17.646081313733653
11351,11246,272.0,-35.225,173.175,17.74598468788463,16.113984687884628
11352,11247,324.0,-35.225,173.225,17.68081898843502,15.736818988435022
11353,11264,19.0,-35.175,173.175,18.05797896965487,17.943978969654868
11354,11265,283.0,-35.175,173.225,18.009140231110905,16.311140231110905
11355,11282,20.0,-35.125,173.175,18.34065783861388,18.220657838613878
11356,11283,8.0,-35.125,173.225,18.3024656227808,18.254465622780803
11357,11021,74.0,-35.225,173.275,17.601436810909036,17.157436810909036
11358,11228,40.0,-35.275,173.275,17.245450372911364,17.005450372911366
11359,11229,79.0,-35.275,173.325,17.150415701523343,16.676415701523343
11360,11230,112.0,-35.275,173.375,17.058780913356713,16.386780913356713
11361,11231,132.0,-35.275,173.425,16.980956099177092,16.18895609917709
11362,11248,64.0,-35.225,173.325,17.508934188459534,17.124934188459534
11363,11249,412.0,-35.225,173.375,17.4140456729956,14.942045672995599
11364,11250,533.0,-35.225,173.425,17.328912731825767,14.130912731825767
11365,11266,278.0,-35.175,173.275,17.939682247450037,16.271682247450038
11366,11267,71.0,-35.175,173.325,17.845626418620668,17.41962641862067
11367,11268,131.0,-35.175,173.375,17.745115848312707,16.959115848312706
11368,11269,209.0,-35.175,173.425,17.651842155079066,16.397842155079065
11369,11284,20.0,-35.125,173.275,18.24098250881434,18.12098250881434
11370,11285,43.0,-35.125,173.325,18.14577398457186,17.88777398457186
11371,11286,92.0,-35.125,173.375,18.042746818267915,17.490746818267915
11372,11287,122.0,-35.125,173.425,17.944138945091254,17.212138945091255
11373,11232,43.0,-35.275,173.475,16.926136102983037,16.668136102983038
11374,11233,49.0,-35.275,173.575,16.907721180378758,16.613721180378757
11375,11234,216.0,-35.275,173.625,16.946263157655267,15.650263157655267
11376,11251,331.0,-35.225,173.475,17.26250228029221,15.27650228029221
11377,11252,39.0,-35.225,173.525,17.220318008471622,16.98631800847162
11378,11253,189.0,-35.225,173.575,17.204549089294233,16.070549089294232
11379,11254,265.0,-35.225,173.625,17.21412661776776,15.624126617767761
11380,11270,288.0,-35.175,173.475,17.57369107291015,15.845691072910151
11381,11271,401.0,-35.175,173.525,17.515028207453724,15.109028207453726
11382,11272,189.0,-35.175,173.575,17.477272148957127,16.343272148957126
11383,11273,125.0,-35.175,173.625,17.459030832356802,16.709030832356802
11384,11288,135.0,-35.125,173.475,17.85668289716341,17.04668289716341
11385,11289,214.0,-35.125,173.525,17.78399657305272,16.49999657305272
11386,11290,314.0,-35.125,173.575,17.72710819447093,15.843108194470929
11387,11291,121.0,-35.125,173.625,17.684626715221384,16.958626715221385
11388,11235,188.0,-35.275,173.675,17.01185789084593,15.883857890845931
11389,11236,56.0,-35.275,173.725,17.096783585497178,16.76078358549718
11390,11237,254.0,-35.275,173.775,17.19093774956491,15.666937749564909
11391,11255,263.0,-35.225,173.675,17.244865105079953,15.666865105079953
11392,11256,284.0,-35.225,173.725,17.28979903083382,15.585799030833819
11393,11257,350.0,-35.225,173.775,17.339702922698052,15.239702922698052
11394,11274,243.0,-35.175,173.675,17.45619270355928,15.998192703559281
11395,11275,122.0,-35.175,173.725,17.462070214580308,16.73007021458031
11396,11276,293.0,-35.175,173.775,17.4675418483057,15.709541848305701
11397,11292,80.0,-35.125,173.675,17.652875677904376,17.172875677904376
11398,11293,150.0,-35.125,173.725,17.626125359409343,16.726125359409345
11399,11294,171.0,-35.125,173.775,17.59710631568123,16.57110631568123
11400,11238,327.0,-35.275,173.825,17.282970053785903,15.320970053785903
11401,11239,200.0,-35.275,173.875,17.359523640676343,16.159523640676344
11402,11240,88.0,-35.275,173.925,17.377018435396167,16.849018435396168
11403,11241,60.0,-35.275,173.975,17.309138122707736,16.949138122707737
11404,11258,295.0,-35.225,173.825,17.38352467909499,15.61352467909499
11405,11259,178.0,-35.225,173.875,17.407199552148086,16.339199552148084
11406,11260,77.0,-35.225,173.925,17.390237217145113,16.928237217145114
11407,11261,41.0,-35.225,173.975,17.347845758700714,17.101845758700716
11408,11277,228.0,-35.175,173.825,17.46109138056636,16.09309138056636
11409,11278,162.0,-35.175,173.875,17.430043153675797,16.458043153675796
11410,11279,88.0,-35.175,173.925,17.379151282606472,16.851151282606473
11411,11280,18.0,-35.175,173.975,17.37072439045005,17.26272439045005
11412,11295,265.0,-35.125,173.825,17.558510320968708,15.968510320968708
11413,11296,200.0,-35.125,173.875,17.508221546209825,16.308221546209825
11414,11297,100.0,-35.125,173.925,17.462610798444075,16.862610798444074
11415,11298,40.0,-35.125,173.975,17.446878358370668,17.20687835837067
11416,11242,81.0,-35.275,174.025,17.23800721273801,16.75200721273801
11417,11262,19.0,-35.225,174.025,17.307905390327505,17.193905390327505
11418,11281,46.0,-35.175,174.075,17.360775811746862,17.084775811746862
11419,11299,40.0,-35.125,174.025,17.449128560179815,17.209128560179817
11420,11300,71.0,-35.125,174.075,17.45612755975526,17.03012755975526
11421,11243,53.0,-35.275,174.225,17.136522136323038,16.818522136323036
11422,11244,77.0,-35.275,174.275,17.174678261537338,16.712678261537338
11423,11301,10.0,-35.075,173.225,18.54916632064851,18.48916632064851
11424,11315,22.0,-35.025,173.175,18.804236159199718,18.672236159199716
11425,11316,13.0,-35.025,173.225,18.762876189881354,18.684876189881354
11426,11329,40.0,-34.975,173.175,18.89,18.650000000000002
11427,11302,35.0,-35.075,173.275,18.488211758807665,18.278211758807664
11428,11303,87.0,-35.075,173.325,18.40194970930679,17.879949709306793
11429,11304,79.0,-35.075,173.375,18.30333974241512,17.82933974241512
11430,11305,40.0,-35.075,173.425,18.20414295989758,17.964142959897583
11431,11317,2.0,-35.025,173.275,18.702778422370102,18.6907784223701
11432,11318,19.0,-35.025,173.325,18.623359142857225,18.509359142857225
11433,11319,60.0,-35.025,173.375,18.53118587382778,18.17118587382778
11434,11320,20.0,-35.025,173.425,18.43457853073778,18.31457853073778
11435,11330,6.0,-34.975,173.375,18.733507331167857,18.697507331167856
11436,11306,41.0,-35.075,173.475,18.111257030603156,17.865257030603157
11437,11307,100.0,-35.075,173.525,18.02833843445842,17.428338434458418
11438,11308,190.0,-35.075,173.575,17.95657894518081,16.816578945180808
11439,11309,102.0,-35.075,173.625,17.895066452279934,17.283066452279936
11440,11321,107.0,-35.025,173.525,18.25062194430211,17.60862194430211
11441,11322,114.0,-35.025,173.575,18.168644581495755,17.484644581495754
11442,11323,86.0,-35.025,173.625,18.093728381247274,17.577728381247276
11443,11331,48.0,-34.975,173.575,18.366159684290324,18.078159684290323
11444,11332,217.0,-34.975,173.625,18.28290835363441,16.980908353634412
11445,11310,70.0,-35.075,173.675,17.841097041167814,17.421097041167812
11446,11311,20.0,-35.075,173.775,17.73946605448691,17.61946605448691
11447,11324,144.0,-35.025,173.675,18.02441417398586,17.16041417398586
11448,11325,236.0,-35.025,173.725,17.958570678129036,16.542570678129035
11449,11326,10.0,-35.025,173.775,17.894438768784312,17.834438768784313
11450,11333,144.0,-34.975,173.675,18.204100298717094,17.340100298717093
11451,11312,257.0,-35.075,173.825,17.68496639793011,16.14296639793011
11452,11313,160.0,-35.075,173.875,17.63025480917713,16.67025480917713
11453,11314,133.0,-35.075,173.925,17.586662003748643,16.78866200374864
11454,11327,140.0,-35.025,173.825,17.83220373651602,16.99220373651602
11455,11328,23.0,-35.025,173.875,17.775599723958294,17.637599723958292
11456,11337,16.0,-34.875,173.075,18.89,18.794
11457,11342,6.0,-34.825,173.025,18.89,18.854
11458,11343,40.0,-34.825,173.075,18.89,18.650000000000002
11459,11345,58.0,-34.775,173.025,18.89,18.542
11460,11346,22.0,-34.775,173.075,18.89,18.758
11461,11334,40.0,-34.925,173.125,18.89,18.650000000000002
11462,11335,20.0,-34.925,173.175,18.89,18.77
11463,11336,9.0,-34.925,173.225,18.89,18.836000000000002
11464,11338,40.0,-34.875,173.125,18.89,18.650000000000002
11465,11339,10.0,-34.875,173.175,18.89,18.830000000000002
11466,11344,17.0,-34.825,173.125,18.89,18.788
11467,11347,7.0,-34.775,173.125,18.89,18.848
11468,11340,10.0,-34.875,173.325,18.89,18.830000000000002
11469,11341,9.0,-34.875,173.375,18.89,18.836000000000002
11470,11354,50.0,-34.625,172.875,18.89,18.59
11471,11357,80.0,-34.575,172.825,18.89,18.41
11472,11358,59.0,-34.575,172.875,18.89,18.536
11473,11348,78.0,-34.725,172.975,18.89,18.422
11474,11349,58.0,-34.725,173.025,18.89,18.542
11475,11350,20.0,-34.725,173.075,18.89,18.77
11476,11351,121.0,-34.675,172.925,18.89,18.164
11477,11352,51.0,-34.675,172.975,18.89,18.584
11478,11353,13.0,-34.675,173.025,18.89,18.812
11479,11355,59.0,-34.625,172.925,18.89,18.536
11480,11356,13.0,-34.625,172.975,18.89,18.812
11481,11361,22.0,-34.475,172.675,18.89,18.758
11482,11362,33.0,-34.475,172.725,18.89,18.692
11483,11359,35.0,-34.525,172.775,18.89,18.68
11484,11360,44.0,-34.525,172.825,18.89,18.626
11485,11363,124.0,-34.475,172.775,18.89,18.146
11486,11364,50.0,-34.475,172.825,18.89,18.59
11487,11365,67.0,-34.475,172.875,18.89,18.488
11488,11368,142.0,-34.425,172.875,18.89,18.038
11489,11366,,-34.475,172.925,18.89,
11490,11367,100.0,-34.475,172.975,18.89,18.29
