Unnamed: 0,OID_,Elevation,Latitude,Longitude,Interpolated_Tmean(C),Adjusted_Tmean(C)
0,148,72.0,-47.275,167.475,11.317641146481037,10.885641146481037
1,153,244.0,-47.275,167.525,11.287699469248764,9.823699469248764
2,156,49.0,-47.225,167.475,11.412742117187008,11.118742117187008
3,165,326.0,-47.225,167.525,11.385808406514116,9.429808406514116
4,174,36.0,-47.225,167.575,11.344601927674375,11.128601927674376
5,183,127.0,-47.175,167.575,11.445473629748449,10.683473629748448
6,272,179.0,-47.175,167.625,11.39521357708145,10.32121357708145
7,278,24.0,-47.175,167.675,11.33370389137417,11.18970389137417
8,285,104.0,-47.175,167.725,11.262281688628718,10.638281688628718
9,403,141.0,-47.125,167.625,11.503173432429321,10.657173432429321
10,405,259.0,-47.125,167.675,11.444759735721163,9.890759735721163
11,413,184.0,-47.125,167.725,11.375156314228661,10.271156314228662
12,293,124.0,-47.175,167.775,11.218,10.474
13,301,165.0,-47.175,167.825,11.218,10.228
14,309,0.0,-47.175,167.875,11.218,11.218
15,415,252.0,-47.125,167.775,11.295543536543846,9.783543536543846
16,418,256.0,-47.125,167.825,11.218,9.682
17,422,293.0,-47.125,167.875,11.218,9.46
18,425,75.0,-47.125,167.925,11.218,10.768
19,430,119.0,-47.125,167.975,11.218,10.504
20,436,61.0,-47.125,168.025,11.218,10.852
21,449,204.0,-47.075,167.625,11.61717922927346,10.39317922927346
22,456,363.0,-47.075,167.675,11.563373394776136,9.385373394776135
23,549,158.0,-47.075,167.725,11.49720863753464,10.54920863753464
24,667,380.0,-47.025,167.725,11.629985406645574,9.349985406645574
25,906,112.0,-46.975,167.725,11.774549204623327,11.102549204623326
26,556,176.0,-47.075,167.775,11.419555745087564,10.363555745087563
27,562,506.0,-47.075,167.825,11.331565526896156,8.295565526896157
28,568,258.0,-47.075,167.875,11.234843890415505,9.686843890415505
29,672,192.0,-47.025,167.775,11.556209539645351,10.404209539645352
30,677,419.0,-47.025,167.825,11.470335180172697,8.956335180172697
31,682,402.0,-47.025,167.875,11.373587150359526,8.961587150359527
32,944,100.0,-46.975,167.775,11.70692896435503,11.10692896435503
33,945,218.0,-46.975,167.825,11.625611569848843,10.317611569848843
34,946,59.0,-46.975,167.875,11.531321596703492,11.177321596703493
35,950,15.0,-46.925,167.775,11.872361864778213,11.782361864778213
36,951,60.0,-46.925,167.825,11.798549220198765,11.438549220198766
37,952,262.0,-46.925,167.875,11.709990951931104,10.137990951931105
38,574,183.0,-47.075,167.925,11.218,10.12
39,580,36.0,-47.075,167.975,11.218,11.002
40,652,61.0,-47.075,168.025,11.218,10.852
41,656,65.0,-47.075,168.075,11.218,10.828
42,687,299.0,-47.025,167.925,11.267914129188284,9.473914129188284
43,692,278.0,-47.025,167.975,11.218,9.55
44,697,165.0,-47.025,168.025,11.218,10.228
45,702,107.0,-47.025,168.075,11.218,10.576
46,947,462.0,-46.975,167.975,11.310545005020685,8.538545005020685
47,948,252.0,-46.975,168.025,11.218,9.706
48,949,156.0,-46.975,168.075,11.218,10.282
49,953,274.0,-46.925,167.925,11.607481658225879,9.963481658225879
50,954,34.0,-46.925,167.975,11.492795055382885,11.288795055382884
51,662,63.0,-47.075,168.125,11.218,10.84
52,767,140.0,-47.025,168.125,11.218,10.378
53,858,121.0,-47.025,168.175,11.218,10.492
54,968,161.0,-46.775,167.625,12.453399600228295,11.487399600228295
55,969,177.0,-46.775,167.725,12.46262542787008,11.40062542787008
56,955,228.0,-46.875,167.775,12.052062198519707,10.684062198519706
57,956,54.0,-46.875,167.825,11.989002670277841,11.665002670277842
58,957,20.0,-46.875,167.875,11.909975884133019,11.78997588413302
59,962,70.0,-46.825,167.775,12.244290515664034,11.824290515664034
60,963,19.0,-46.825,167.825,12.195183646399528,12.081183646399527
61,964,16.0,-46.825,167.875,12.129477959824726,12.033477959824726
62,970,38.0,-46.775,167.775,12.446007164311595,12.218007164311596
63,971,39.0,-46.775,167.825,12.413639071281068,12.179639071281068
64,972,96.0,-46.775,167.875,12.364491627085954,11.788491627085953
65,958,20.0,-46.875,167.925,11.815263270866126,11.695263270866127
66,959,304.0,-46.875,167.975,11.70608899439685,9.88208899439685
67,960,121.0,-46.875,168.025,11.585316952434368,10.85931695243437
68,961,112.0,-46.875,168.075,11.458882039645687,10.786882039645686
69,965,26.0,-46.825,167.925,12.047034025890753,11.891034025890752
70,966,263.0,-46.825,167.975,11.94867721258197,10.37067721258197
71,967,230.0,-46.825,168.025,11.8370046998607,10.4570046998607
72,973,238.0,-46.775,167.925,12.297927960054949,10.869927960054948
73,974,164.0,-46.775,167.975,12.21411265223287,11.23011265223287
74,975,72.0,-46.725,167.725,12.651357820956036,12.219357820956036
75,976,218.0,-46.725,167.775,12.65305740549229,11.345057405492291
76,977,149.0,-46.725,167.825,12.639544933568686,11.745544933568686
77,978,403.0,-46.725,167.875,12.609349433449097,10.191349433449098
78,979,444.0,-46.725,167.925,12.5611417950131,9.8971417950131
79,989,8.0,-46.575,168.525,11.218,11.17
80,990,7.0,-46.575,168.575,11.218,11.176
81,991,1.0,-46.575,168.625,11.218,11.212
82,992,0.0,-46.575,168.675,11.218,11.218
83,993,8.0,-46.575,168.775,11.218,11.17
84,980,20.0,-46.625,168.875,11.218,11.098
85,981,122.0,-46.625,168.925,11.218,10.486
86,982,94.0,-46.625,168.975,11.218,10.654
87,994,19.0,-46.575,168.825,11.218,11.104
88,995,39.0,-46.575,168.875,11.218,10.984
89,996,51.0,-46.575,168.925,11.218,10.912
90,997,194.0,-46.575,168.975,11.218,10.054
91,983,20.0,-46.625,169.025,11.218,11.098
92,984,141.0,-46.625,169.075,11.218,10.372
93,985,61.0,-46.625,169.125,11.288290565367788,10.922290565367788
94,998,276.0,-46.575,169.025,11.244399716728367,9.588399716728366
95,999,243.0,-46.575,169.075,11.30460392642999,9.84660392642999
96,1000,71.0,-46.575,169.125,11.367174743500073,10.941174743500072
97,29,116.0,-46.575,169.175,11.43660171207739,10.74060171207739
98,32,222.0,-46.575,169.225,11.517714863701258,10.185714863701257
99,35,45.0,-46.575,169.275,11.61548194050556,11.345481940505561
100,38,167.0,-46.575,169.325,11.735065675806254,10.733065675806253
101,986,25.0,-46.625,169.175,11.368887043907307,11.218887043907307
102,987,106.0,-46.625,169.225,11.460881444218103,10.824881444218104
103,988,60.0,-46.625,169.325,11.69691325374879,11.33691325374879
104,41,158.0,-46.575,169.375,11.88238487491617,10.93438487491617
105,43,20.0,-46.575,169.425,12.066294644959271,11.946294644959272
106,46,0.0,-46.575,169.475,12.309915197547525,12.309915197547525
107,48,16.0,-46.525,168.275,12.36180543876253,12.26580543876253
108,51,5.0,-46.525,168.325,11.805049238493666,11.775049238493667
109,54,11.0,-46.525,168.375,11.327218858525157,11.261218858525156
110,57,10.0,-46.525,168.425,11.218,11.158
111,564,13.0,-46.475,168.275,12.576960252597928,12.498960252597929
112,570,1.0,-46.475,168.375,11.218,11.212
113,576,11.0,-46.475,168.425,11.218,11.152
114,793,10.0,-46.425,168.275,12.98333910596557,12.92333910596557
115,795,0.0,-46.425,168.325,11.945171469007619,11.945171469007619
116,797,20.0,-46.425,168.375,11.218,11.098
117,799,27.0,-46.425,168.425,11.218,11.056
118,60,12.0,-46.525,168.475,11.218,11.146
119,152,13.0,-46.525,168.525,11.218,11.14
120,157,10.0,-46.525,168.575,11.218,11.158
121,582,10.0,-46.475,168.475,11.218,11.158
122,650,21.0,-46.475,168.525,11.218,11.092
123,657,20.0,-46.475,168.575,11.218,11.098
124,801,30.0,-46.425,168.475,11.218,11.038
125,803,32.0,-46.425,168.525,11.218,11.026
126,805,40.0,-46.425,168.575,11.218,10.978
127,166,20.0,-46.525,168.625,11.218,11.098
128,175,10.0,-46.525,168.675,11.218,11.158
129,184,10.0,-46.525,168.725,11.218,11.158
130,267,22.0,-46.525,168.775,11.218,11.086
131,665,30.0,-46.475,168.625,11.218,11.038
132,670,25.0,-46.475,168.675,11.218,11.068
133,675,10.0,-46.475,168.725,11.218,11.158
134,680,41.0,-46.475,168.775,11.218,10.972
135,807,39.0,-46.425,168.625,11.218,10.984
136,809,48.0,-46.425,168.675,11.218,10.93
137,811,43.0,-46.425,168.725,11.218698890763335,10.960698890763336
138,813,13.0,-46.425,168.775,11.33548308967147,11.25748308967147
139,271,25.0,-46.525,168.825,11.218,11.068
140,276,43.0,-46.525,168.875,11.218,10.96
141,282,101.0,-46.525,168.925,11.246923109167255,10.640923109167256
142,290,197.0,-46.525,168.975,11.307478581671603,10.125478581671603
143,685,61.0,-46.475,168.825,11.250146576319821,10.884146576319822
144,690,60.0,-46.475,168.875,11.333703639684245,10.973703639684246
145,695,171.0,-46.475,168.925,11.400966883287765,10.374966883287765
146,700,258.0,-46.475,168.975,11.452588896616362,9.904588896616362
147,815,79.0,-46.425,168.825,11.43800008733524,10.96400008733524
148,817,99.0,-46.425,168.875,11.520112993137445,10.926112993137446
149,820,122.0,-46.425,168.925,11.579285831947345,10.847285831947346
150,822,367.0,-46.425,168.975,11.616962659056298,9.414962659056298
151,298,89.0,-46.525,169.025,11.36000386660453,10.826003866604529
152,306,82.0,-46.525,169.075,11.408462805207819,10.91646280520782
153,416,59.0,-46.525,169.125,11.458051372726914,11.104051372726914
154,769,441.0,-46.475,169.025,11.492039528908208,8.846039528908207
155,770,336.0,-46.475,169.075,11.524942600750364,9.508942600750364
156,771,310.0,-46.475,169.125,11.55823641747702,9.69823641747702
157,859,88.0,-46.425,169.025,11.638201460591517,11.110201460591517
158,860,116.0,-46.425,169.075,11.650659549282864,10.954659549282864
159,862,116.0,-46.425,169.125,11.663351018389221,10.967351018389222
160,419,100.0,-46.525,169.175,11.51460853376193,10.91460853376193
161,421,237.0,-46.525,169.225,11.584160325990524,10.162160325990524
162,424,404.0,-46.525,169.275,11.672689251427073,9.248689251427074
163,427,301.0,-46.525,169.325,11.786245584196877,9.980245584196878
164,772,284.0,-46.475,169.175,11.599390181479976,9.895390181479975
165,773,237.0,-46.475,169.225,11.655836497608107,10.233836497608106
166,774,123.0,-46.475,169.275,11.734703956230078,10.996703956230078
167,776,504.0,-46.475,169.325,11.842901786207221,8.81890178620722
168,863,432.0,-46.425,169.175,11.685573507973459,9.093573507973458
169,865,253.0,-46.425,169.225,11.72618716355646,10.20818716355646
170,867,408.0,-46.425,169.275,11.79325452883495,9.34525452883495
171,869,458.0,-46.425,169.325,11.893951808626298,9.145951808626299
172,435,73.0,-46.525,169.375,11.931698554195464,11.493698554195463
173,440,20.0,-46.525,169.425,12.118917612126097,11.998917612126098
174,443,20.0,-46.525,169.475,12.359985410643276,12.239985410643277
175,778,316.0,-46.475,169.375,11.987545987125486,10.091545987125485
176,780,317.0,-46.475,169.425,12.176039175596088,10.274039175596089
177,782,286.0,-46.475,169.475,12.412595485278871,10.696595485278872
178,871,425.0,-46.425,169.375,12.034496077685617,9.484496077685616
179,873,375.0,-46.425,169.425,12.219403779949062,9.969403779949062
180,875,342.0,-46.425,169.475,12.44919709599344,10.397197095993441
181,450,131.0,-46.525,169.525,12.647174892772455,11.861174892772455
182,457,60.0,-46.525,169.575,12.958959725219756,12.598959725219757
183,546,202.0,-46.525,169.625,13.277770974091254,12.065770974091254
184,552,99.0,-46.525,169.675,13.58841882192064,12.994418821920641
185,784,324.0,-46.475,169.525,12.690984188928269,10.74698418892827
186,785,58.0,-46.475,169.575,12.99604482325958,12.64804482325958
187,787,13.0,-46.475,169.625,13.31089405406965,13.23289405406965
188,789,20.0,-46.475,169.675,13.619231729069725,13.499231729069725
189,877,382.0,-46.425,169.525,12.717779007158242,10.425779007158242
190,879,59.0,-46.425,169.575,13.012881612288766,12.658881612288766
191,881,20.0,-46.425,169.625,13.318847887043376,13.198847887043376
192,883,63.0,-46.425,169.675,13.618466851941776,13.240466851941775
193,791,8.0,-46.475,169.725,13.905219853157178,13.857219853157178
194,938,107.0,-46.425,169.725,13.893834026239347,13.251834026239347
195,939,85.0,-46.425,169.775,14.127028483373579,13.617028483373579
196,21,24.0,-46.225,166.975,11.956138555309735,11.812138555309735
197,22,20.0,-46.225,167.025,12.043814762146212,11.923814762146213
198,23,95.0,-46.225,167.075,12.136954128975049,11.566954128975048
199,24,96.0,-46.225,167.125,12.236009278451093,11.660009278451092
200,26,140.0,-46.225,167.175,12.341390257235616,11.501390257235617
201,27,73.0,-46.225,167.225,12.453395995893516,12.015395995893515
202,31,78.0,-46.225,167.275,12.572152871522121,12.104152871522121
203,34,239.0,-46.225,167.325,12.697563122143038,11.263563122143038
204,37,49.0,-46.225,167.675,13.692791464971378,13.398791464971378
205,42,169.0,-46.225,167.725,13.83210803521797,12.818108035217971
206,572,37.0,-46.325,167.725,13.76868668932002,13.54668668932002
207,625,0.0,-46.275,167.725,13.811920531792566,13.811920531792566
208,47,99.0,-46.225,167.775,13.962995246984065,13.368995246984065
209,50,513.0,-46.225,167.825,14.081664216588251,11.003664216588252
210,53,419.0,-46.225,167.875,14.183599939337,11.669599939337001
211,578,20.0,-46.325,167.775,13.893137711798772,13.773137711798773
212,584,23.0,-46.325,167.825,14.007269830442965,13.869269830442965
213,585,205.0,-46.325,167.875,14.107396249193698,12.877396249193698
214,626,96.0,-46.275,167.775,13.94068422948476,13.364684229484759
215,627,583.0,-46.275,167.825,14.058273570379242,10.560273570379243
216,628,180.0,-46.275,167.875,14.160585793550126,13.080585793550126
217,940,42.0,-46.375,167.775,13.81821428774856,13.56621428774856
218,941,36.0,-46.375,167.875,14.019945365027525,13.803945365027525
219,56,60.0,-46.225,167.925,14.263355062226765,13.903355062226765
220,59,95.0,-46.225,167.975,14.314263337873854,13.744263337873853
221,62,59.0,-46.225,168.025,14.328051099437289,13.97405109943729
222,63,39.0,-46.225,168.075,14.294351740158163,14.060351740158163
223,586,39.0,-46.325,167.925,14.1889636029955,13.9549636029955
224,587,23.0,-46.325,167.975,14.246235668309964,14.108235668309964
225,588,9.0,-46.325,168.025,14.271811689250171,14.217811689250171
226,589,11.0,-46.325,168.075,14.25583465595264,14.18983465595264
227,629,80.0,-46.275,167.925,14.2426033874508,13.762603387450799
228,630,22.0,-46.275,167.975,14.298072641249746,14.166072641249746
229,631,40.0,-46.275,168.025,14.319017597357742,14.079017597357742
230,632,20.0,-46.275,168.075,14.294976490549743,14.174976490549744
231,942,0.0,-46.375,167.975,14.15061869926285,14.15061869926285
232,64,47.0,-46.225,168.125,14.200274518807419,13.918274518807419
233,65,39.0,-46.225,168.175,14.030741622205824,13.796741622205824
234,66,47.0,-46.225,168.225,13.771957847289741,13.489957847289741
235,129,3.0,-46.375,168.225,13.70149341400247,13.68349341400247
236,590,9.0,-46.325,168.125,14.184530077734962,14.130530077734962
237,591,11.0,-46.325,168.175,14.037122985930182,13.971122985930181
238,592,15.0,-46.325,168.225,13.778866046108305,13.688866046108306
239,633,40.0,-46.275,168.125,14.211783032282256,13.971783032282255
240,634,23.0,-46.275,168.175,14.049822042463347,13.911822042463347
241,635,30.0,-46.275,168.225,13.783164929132909,13.603164929132909
242,943,2.0,-46.375,168.175,13.948844582191668,13.936844582191668
243,67,34.0,-46.225,168.275,13.423102475819178,13.219102475819177
244,68,39.0,-46.225,168.325,13.017527776653878,12.783527776653878
245,69,40.0,-46.225,168.375,12.62557482428383,12.38557482428383
246,70,95.0,-46.225,168.425,12.312443702714518,11.742443702714517
247,130,4.0,-46.375,168.275,13.275082354433835,13.251082354433835
248,131,10.0,-46.375,168.325,12.463332669227384,12.403332669227384
249,132,11.0,-46.375,168.375,11.600901875528507,11.534901875528506
250,133,21.0,-46.375,168.425,11.218,11.092
251,593,10.0,-46.325,168.275,13.350585158215836,13.290585158215835
252,594,9.0,-46.325,168.325,12.713309462182224,12.659309462182224
253,595,20.0,-46.325,168.375,12.051260213833302,11.931260213833303
254,596,20.0,-46.325,168.425,11.609609484556131,11.489609484556132
255,636,13.0,-46.275,168.275,13.388388210674748,13.310388210674748
256,637,26.0,-46.275,168.325,12.88450167758856,12.728501677588559
257,638,27.0,-46.275,168.375,12.37741230148822,12.21541230148822
258,639,23.0,-46.275,168.425,11.989980441285297,11.851980441285297
259,71,37.0,-46.225,168.475,12.108533713035285,11.886533713035286
260,72,37.0,-46.225,168.525,12.011246021313127,11.789246021313128
261,73,69.0,-46.225,168.575,12.000743629760109,11.58674362976011
262,134,24.0,-46.375,168.475,11.218,11.074
263,135,31.0,-46.375,168.525,11.218,11.032
264,136,41.0,-46.375,168.575,11.218,10.972
265,597,39.0,-46.325,168.475,11.393082106951624,11.159082106951624
266,598,44.0,-46.325,168.525,11.328322275890969,11.06432227589097
267,599,53.0,-46.325,168.575,11.358173135435209,11.040173135435209
268,640,41.0,-46.275,168.475,11.761878942837939,11.515878942837938
269,641,58.0,-46.275,168.525,11.669312222860754,11.321312222860753
270,642,83.0,-46.275,168.575,11.674114846508019,11.17611484650802
271,74,92.0,-46.225,168.625,12.052960434404667,11.500960434404668
272,75,102.0,-46.225,168.675,12.144890317693353,11.532890317693353
273,76,120.0,-46.225,168.725,12.255212373682298,11.535212373682297
274,77,122.0,-46.225,168.775,12.362981501733884,11.630981501733885
275,137,56.0,-46.375,168.625,11.218,10.882
276,138,60.0,-46.375,168.675,11.306095010018907,10.946095010018908
277,151,39.0,-46.375,168.725,11.43477265839465,11.20077265839465
278,154,21.0,-46.375,168.775,11.555998710158747,11.429998710158747
279,600,60.0,-46.325,168.625,11.444837769377045,11.084837769377046
280,601,67.0,-46.325,168.675,11.561937791237142,11.159937791237143
281,602,66.0,-46.325,168.725,11.689067397557665,11.293067397557664
282,603,33.0,-46.325,168.775,11.80898631166201,11.61098631166201
283,643,60.0,-46.275,168.625,11.742748885822948,11.382748885822949
284,644,61.0,-46.275,168.675,11.848359782248735,11.482359782248736
285,645,80.0,-46.275,168.725,11.968623103806749,11.488623103806749
286,646,54.0,-46.275,168.775,12.083481832058169,11.759481832058169
287,1,205.0,-46.275,168.975,12.183015774353407,10.953015774353407
288,78,41.0,-46.225,168.825,12.445864173059817,12.199864173059817
289,79,208.0,-46.225,168.875,12.480633791477885,11.232633791477886
290,80,302.0,-46.225,168.925,12.45243347925134,10.64043347925134
291,81,179.0,-46.225,168.975,12.367938602052163,11.293938602052163
292,162,68.0,-46.375,168.825,11.658462803286966,11.250462803286966
293,171,101.0,-46.375,168.875,11.734171717485879,11.128171717485879
294,180,63.0,-46.375,168.925,11.779810171457939,11.401810171457939
295,274,101.0,-46.375,168.975,11.797532899072394,11.191532899072394
296,604,22.0,-46.325,168.825,11.90687526005786,11.77487526005786
297,605,41.0,-46.325,168.875,11.971530546201393,11.725530546201393
298,606,60.0,-46.325,168.925,11.997910880250856,11.637910880250857
299,607,106.0,-46.325,168.975,11.988935417786706,11.352935417786707
300,647,35.0,-46.275,168.825,12.174085298611317,11.964085298611316
301,648,84.0,-46.275,168.875,12.224335659877397,11.720335659877398
302,649,219.0,-46.275,168.925,12.225942469376605,10.911942469376605
303,2,258.0,-46.275,169.025,12.109865852689836,10.561865852689836
304,3,230.0,-46.275,169.075,12.024524858337827,10.644524858337828
305,4,285.0,-46.275,169.125,11.944283617660403,10.234283617660402
306,82,409.0,-46.225,169.025,12.249471195915248,9.795471195915248
307,83,284.0,-46.225,169.075,12.12059968302492,10.41659968302492
308,84,225.0,-46.225,169.125,12.001155036734417,10.651155036734417
309,280,128.0,-46.375,169.025,11.794382262101863,11.026382262101862
310,288,307.0,-46.375,169.075,11.780566896370146,9.938566896370146
311,296,120.0,-46.375,169.125,11.76753713877406,11.047537138774059
312,608,399.0,-46.325,169.025,11.954434141865931,9.560434141865931
313,609,474.0,-46.325,169.075,11.907959617034066,9.063959617034067
314,610,625.0,-46.325,169.125,11.863775694393553,8.113775694393553
315,5,382.0,-46.275,169.175,11.884052306530066,9.592052306530066
316,6,232.0,-46.275,169.225,11.855865490215365,10.463865490215365
317,7,258.0,-46.275,169.275,11.868587995704729,10.320587995704729
318,8,345.0,-46.275,169.325,11.927658221451566,9.857658221451565
319,85,377.0,-46.225,169.175,11.907196966873016,9.645196966873016
320,86,200.0,-46.225,169.225,11.851258055365179,10.65125805536518
321,87,222.0,-46.225,169.275,11.84205995715456,10.51005995715456
322,88,256.0,-46.225,169.325,11.884071891661733,10.348071891661734
323,304,211.0,-46.375,169.175,11.766532314592041,10.500532314592041
324,409,378.0,-46.375,169.225,11.787715486716479,9.519715486716478
325,428,488.0,-46.375,169.275,11.839734040375333,8.911734040375332
326,441,263.0,-46.375,169.325,11.929494545038324,10.351494545038324
327,611,293.0,-46.325,169.175,11.83506655896781,10.077066558967811
328,612,212.0,-46.325,169.225,11.833079365023877,10.561079365023877
329,613,243.0,-46.325,169.275,11.866707900655456,10.408707900655456
330,614,419.0,-46.325,169.325,11.942240040632896,9.428240040632897
331,9,318.0,-46.275,169.375,12.034955432987772,10.126955432987772
332,10,292.0,-46.275,169.425,12.188823923992459,10.436823923992458
333,11,507.0,-46.275,169.475,12.384205612295773,9.342205612295773
334,89,296.0,-46.225,169.375,11.97742178326007,10.20142178326007
335,90,118.0,-46.225,169.425,12.118315853062086,11.410315853062086
336,91,97.0,-46.225,169.475,12.299709821701981,11.71770982170198
337,444,218.0,-46.375,169.375,12.061890867014881,10.753890867014881
338,451,662.0,-46.375,169.425,12.239142903068569,8.267142903068569
339,458,112.0,-46.375,169.475,12.459623875794932,11.787623875794932
340,615,339.0,-46.325,169.375,12.063121936866082,10.029121936866083
341,616,406.0,-46.325,169.425,12.229624268016778,9.793624268016778
342,617,402.0,-46.325,169.475,12.43842054263223,10.02642054263223
343,12,328.0,-46.275,169.525,12.612858786655124,10.644858786655124
344,13,115.0,-46.275,169.575,12.863651782507077,12.173651782507077
345,14,40.0,-46.275,169.625,13.122776192321908,12.882776192321908
346,15,36.0,-46.275,169.675,13.373452583677135,13.157452583677136
347,92,60.0,-46.225,169.525,12.511916402028874,12.151916402028874
348,93,60.0,-46.225,169.575,12.743001534428913,12.383001534428914
349,94,61.0,-46.225,169.625,12.978874645836186,12.612874645836186
350,95,83.0,-46.225,169.675,13.202754522906616,12.704754522906617
351,544,295.0,-46.375,169.525,12.71686144778505,10.94686144778505
352,547,452.0,-46.375,169.575,12.99969087872887,10.28769087872887
353,550,200.0,-46.375,169.625,13.293208766146563,12.093208766146564
354,553,100.0,-46.375,169.675,13.579239952086937,12.979239952086937
355,618,304.0,-46.325,169.525,12.682334515091497,10.858334515091498
356,619,124.0,-46.325,169.575,12.950502607505769,12.206502607505769
357,620,195.0,-46.325,169.625,13.228685692651197,12.058685692651197
358,621,40.0,-46.325,169.675,13.498871137504466,13.258871137504466
359,16,36.0,-46.275,169.725,13.593684446474072,13.377684446474072
360,17,7.0,-46.275,169.775,13.745496331364848,13.703496331364848
361,18,10.0,-46.275,169.825,13.835791601974051,13.775791601974051
362,96,18.0,-46.225,169.725,13.393084203416947,13.285084203416947
363,97,81.0,-46.225,169.775,13.526272858143784,13.040272858143783
364,98,1.0,-46.225,169.825,13.603847815364134,13.597847815364133
365,560,146.0,-46.375,169.725,13.836397885985207,12.960397885985207
366,566,20.0,-46.375,169.775,14.043134661740623,13.923134661740624
367,622,19.0,-46.325,169.725,13.737031498982105,13.623031498982105
368,623,12.0,-46.325,169.775,13.915934542194009,13.84393454219401
369,624,5.0,-46.325,169.825,14.03097618528409,14.00097618528409
370,19,74.0,-46.275,169.875,13.884011274494696,13.440011274494696
371,20,44.0,-46.275,169.925,13.90332756342832,13.63932756342832
372,99,99.0,-46.225,169.875,13.641623621282633,13.047623621282634
373,100,111.0,-46.225,169.925,13.653149630641565,12.987149630641564
374,101,68.0,-46.225,169.975,13.651520638843067,13.243520638843068
375,102,17.0,-46.225,170.025,13.649678410089109,13.547678410089109
376,314,198.0,-46.075,166.575,11.7053301660344,10.5173301660344
377,384,239.0,-46.025,166.625,11.834429361857474,10.400429361857475
378,710,82.0,-46.125,166.625,11.630502974847332,11.138502974847333
379,103,44.0,-46.175,166.675,11.594385212287307,11.330385212287307
380,104,298.0,-46.175,166.725,11.64711882150732,9.85911882150732
381,105,209.0,-46.175,166.775,11.705654768971726,10.451654768971727
382,106,406.0,-46.175,166.825,11.768842293764465,9.332842293764465
383,315,504.0,-46.075,166.775,11.83917853445746,8.81517853445746
384,316,600.0,-46.075,166.825,11.886012491304427,8.286012491304428
385,385,500.0,-46.025,166.675,11.858301175641827,8.858301175641827
386,386,11.0,-46.025,166.775,11.920818015467376,11.854818015467375
387,387,312.0,-46.025,166.825,11.95722241140902,10.08522241140902
388,711,298.0,-46.125,166.725,11.715479675331153,9.927479675331153
389,712,502.0,-46.125,166.775,11.767288598930463,8.755288598930463
390,713,236.0,-46.125,166.825,11.823218879057094,10.407218879057094
391,107,251.0,-46.175,166.875,11.836247736238874,10.330247736238874
392,108,280.0,-46.175,166.925,11.907881182385609,10.227881182385609
393,109,439.0,-46.175,166.975,11.984055908746086,9.350055908746086
394,317,554.0,-46.075,166.875,11.936216783127747,8.612216783127748
395,318,854.0,-46.075,166.925,11.989983534323983,6.865983534323983
396,319,183.0,-46.075,166.975,12.047919504344463,10.949919504344463
397,388,696.0,-46.025,166.875,11.996463286457583,7.820463286457583
398,389,939.0,-46.025,166.925,12.038828582386486,6.404828582386486
399,390,578.0,-46.025,166.975,12.085074552334845,8.617074552334845
400,714,546.0,-46.125,166.875,11.882908939849585,8.606908939849585
401,715,587.0,-46.125,166.925,11.946489012450911,8.42448901245091
402,716,57.0,-46.125,166.975,12.014432706055231,11.67243270605523
403,110,418.0,-46.175,167.025,12.065287997131236,9.557287997131237
404,111,175.0,-46.175,167.075,12.152207986800931,11.10220798680093
405,112,227.0,-46.175,167.125,12.245475015719421,10.883475015719421
406,113,481.0,-46.175,167.175,12.345691663213074,9.459691663213075
407,320,899.0,-46.075,167.025,12.110924030886963,6.716924030886963
408,321,687.0,-46.075,167.075,12.180074922041968,8.058074922041968
409,322,750.0,-46.075,167.125,12.256509498460218,7.756509498460218
410,323,363.0,-46.075,167.175,12.34129880880937,10.163298808809369
411,391,427.0,-46.025,167.025,12.136312255519442,9.574312255519443
412,392,367.0,-46.025,167.075,12.19388502847869,9.99188502847869
413,393,30.0,-46.025,167.125,12.259230432566255,12.079230432566256
414,394,671.0,-46.025,167.175,12.33372649201192,8.30772649201192
415,717,718.0,-46.125,167.025,12.087449305108748,7.7794493051087485
416,718,584.0,-46.125,167.075,12.166385273449123,8.662385273449123
417,719,30.0,-46.125,167.125,12.25212447263766,12.072124472637661
418,720,214.0,-46.125,167.175,12.34548570937477,11.06148570937477
419,114,100.0,-46.175,167.225,12.453321815468371,11.853321815468371
420,115,223.0,-46.175,167.275,12.568615963100456,11.230615963100457
421,116,396.0,-46.175,167.325,12.691548737464473,10.315548737464473
422,324,489.0,-46.075,167.225,12.435320472810417,9.501320472810418
423,325,179.0,-46.075,167.275,12.53914065239951,11.46514065239951
424,326,408.0,-46.075,167.325,12.652917440515012,10.204917440515011
425,395,735.0,-46.025,167.225,12.418530518538319,8.008530518538318
426,396,378.0,-46.025,167.275,12.514426583657041,10.24642658365704
427,397,189.0,-46.025,167.325,12.621701599447988,11.487701599447988
428,721,322.0,-46.125,167.225,12.44712155032903,10.51512155032903
429,722,228.0,-46.125,167.275,12.557425378006883,11.189425378006883
430,723,801.0,-46.125,167.325,12.676454439526424,7.870454439526424
431,25,170.0,-46.025,167.475,13.005926281563006,11.985926281563007
432,28,177.0,-46.025,167.525,13.14994487655349,12.087944876553491
433,117,57.0,-46.175,167.375,12.821772244991735,12.479772244991734
434,327,230.0,-46.075,167.375,12.776335624745116,11.396335624745117
435,328,451.0,-46.075,167.425,12.908576611662284,10.202576611662284
436,329,119.0,-46.075,167.475,13.04831958131399,12.33431958131399
437,330,174.0,-46.075,167.525,13.19376355910208,12.14976355910208
438,398,197.0,-46.025,167.375,12.74006693100091,11.55806693100091
439,399,289.0,-46.025,167.425,12.8686323906295,11.1346323906295
440,724,198.0,-46.125,167.375,12.803874870762229,11.615874870762228
441,725,136.0,-46.125,167.425,12.93893077375833,12.122930773758329
442,726,91.0,-46.125,167.475,13.08043462911155,12.534434629111551
443,727,158.0,-46.125,167.525,13.226772177964449,12.278772177964449
444,30,404.0,-46.025,167.575,13.298211396671832,10.874211396671832
445,33,196.0,-46.025,167.625,13.44782799994573,12.27182799994573
446,36,140.0,-46.025,167.675,13.595511477789842,12.755511477789842
447,39,69.0,-46.025,167.725,13.737611029297113,13.323611029297114
448,118,41.0,-46.175,167.575,13.396027416689321,13.150027416689321
449,119,17.0,-46.175,167.625,13.54478285938967,13.44278285938967
450,120,30.0,-46.175,167.675,13.691011761547998,13.511011761547998
451,121,141.0,-46.175,167.725,13.831682348740287,12.985682348740287
452,331,160.0,-46.075,167.575,13.342657305416651,12.38265730541665
453,332,200.0,-46.075,167.625,13.492324910708703,12.292324910708704
454,333,144.0,-46.075,167.675,13.639678576146252,12.775678576146252
455,334,48.0,-46.075,167.725,13.781214621965773,13.493214621965773
456,728,128.0,-46.125,167.575,13.3759126404766,12.607912640476599
457,729,75.0,-46.125,167.625,13.525414977339096,13.075414977339097
458,730,31.0,-46.125,167.675,13.672422385658138,13.486422385658138
459,731,96.0,-46.125,167.725,13.81363947992213,13.23763947992213
460,40,156.0,-46.025,167.775,13.870113217737526,12.934113217737526
461,44,80.0,-46.025,167.825,13.988645336939953,13.508645336939953
462,45,141.0,-46.025,167.875,14.088495655334555,13.242495655334555
463,122,415.0,-46.175,167.775,13.96326768619474,11.47326768619474
464,123,706.0,-46.175,167.825,14.081656744820066,9.845656744820065
465,124,273.0,-46.175,167.875,14.182031405274756,12.544031405274756
466,335,90.0,-46.075,167.775,13.912993374979123,13.372993374979124
467,336,97.0,-46.075,167.825,14.030608529224992,13.448608529224991
468,337,119.0,-46.075,167.875,14.129158224794082,13.415158224794082
469,732,205.0,-46.125,167.775,13.945289094815962,12.715289094815962
470,733,471.0,-46.125,167.825,14.063048387062736,11.237048387062735
471,734,577.0,-46.125,167.875,14.161968051223084,10.699968051223085
472,49,244.0,-46.025,167.925,14.164679706445895,12.700679706445895
473,52,113.0,-46.025,167.975,14.212098487420008,13.534098487420007
474,55,120.0,-46.025,168.025,14.22585822630208,13.50585822630208
475,58,112.0,-46.025,168.075,14.20184842881281,13.529848428812809
476,125,134.0,-46.175,167.925,14.258706642198376,13.454706642198376
477,126,196.0,-46.175,167.975,14.304939496912993,13.128939496912993
478,144,46.0,-46.175,168.025,14.312739824061282,14.036739824061282
479,161,60.0,-46.175,168.075,14.272795242490247,13.912795242490247
480,338,74.0,-46.075,167.925,14.203241425799206,13.759241425799205
481,339,72.0,-46.075,167.975,14.24702382599935,13.815023825999349
482,340,80.0,-46.075,168.025,14.254454029141925,13.774454029141925
483,341,79.0,-46.075,168.075,14.21976874745451,13.745768747454509
484,735,140.0,-46.125,167.925,14.236386654316448,13.396386654316448
485,736,60.0,-46.125,167.975,14.27987039834261,13.91987039834261
486,737,60.0,-46.125,168.025,14.285248873289675,13.925248873289675
487,738,64.0,-46.125,168.075,14.244900386198424,13.860900386198423
488,61,108.0,-46.025,168.125,14.137687044101767,13.489687044101768
489,139,106.0,-46.025,168.175,14.034092432819307,13.398092432819308
490,141,100.0,-46.025,168.225,13.896538346423768,13.296538346423768
491,170,60.0,-46.175,168.125,14.174828881630674,13.814828881630675
492,179,59.0,-46.175,168.175,14.009159610490315,13.655159610490315
493,268,53.0,-46.175,168.225,13.770912553183734,13.452912553183735
494,342,84.0,-46.075,168.125,14.138498284388334,13.634498284388334
495,343,81.0,-46.075,168.175,14.009223435074091,13.52322343507409
496,344,79.0,-46.075,168.225,13.836218492710032,13.362218492710031
497,739,63.0,-46.125,168.125,14.151590514578857,13.773590514578856
498,740,62.0,-46.125,168.175,14.000370561727323,13.628370561727323
499,741,59.0,-46.125,168.225,13.792128259432502,13.438128259432503
500,142,98.0,-46.025,168.275,13.736520566686522,13.148520566686523
501,143,87.0,-46.025,168.325,13.570746142417192,13.048746142417192
502,147,85.0,-46.025,168.375,13.416460656211711,12.906460656211712
503,160,259.0,-46.025,168.425,13.28601286088815,11.73201286088815
504,283,36.0,-46.175,168.275,13.468404708546586,13.252404708546587
505,291,43.0,-46.175,168.325,13.13572535966523,12.87772535966523
506,299,56.0,-46.175,168.375,12.833993728738278,12.497993728738278
507,307,151.0,-46.175,168.425,12.590264420141466,11.684264420141465
508,345,72.0,-46.075,168.275,13.632614601054229,13.200614601054228
509,346,68.0,-46.075,168.325,13.421882455819286,13.013882455819287
510,347,70.0,-46.075,168.375,13.230185597320087,12.810185597320087
511,348,75.0,-46.075,168.425,13.073037921683863,12.623037921683864
512,742,54.0,-46.125,168.275,13.538989347289316,13.214989347289317
513,743,56.0,-46.125,168.325,13.271461429423653,12.935461429423652
514,744,138.0,-46.125,168.375,13.033436381490901,12.205436381490902
515,745,65.0,-46.125,168.425,12.841106380219571,12.45110638021957
516,169,345.0,-46.025,168.475,13.186108045862056,11.116108045862056
517,178,391.0,-46.025,168.525,13.119176772306673,10.773176772306673
518,187,361.0,-46.025,168.575,13.08379388868343,10.91779388868343
519,349,119.0,-46.075,168.475,12.957806366553996,12.243806366553995
520,350,121.0,-46.075,168.525,12.887593876861501,12.161593876861502
521,351,372.0,-46.075,168.575,12.860561893321574,10.628561893321574
522,400,60.0,-46.175,168.475,12.421647781971842,12.061647781971843
523,401,41.0,-46.175,168.525,12.33277630241355,12.086776302413549
524,406,101.0,-46.175,168.575,12.315215726033784,11.709215726033785
525,746,64.0,-46.125,168.475,12.703558098466601,12.3195580984666
526,747,72.0,-46.125,168.525,12.62561544845812,12.19361544845812
527,748,122.0,-46.125,168.575,12.603953991201706,11.871953991201707
528,188,323.0,-46.025,168.625,13.074879286054056,11.136879286054056
529,189,218.0,-46.025,168.675,13.084103377826978,11.776103377826978
530,190,169.0,-46.025,168.725,13.100122459989507,12.086122459989507
531,191,140.0,-46.025,168.775,13.108135892776772,12.268135892776773
532,352,579.0,-46.075,168.625,12.870230182190426,9.396230182190425
533,353,481.0,-46.075,168.675,12.906618620385416,10.020618620385417
534,354,356.0,-46.075,168.725,12.957095043093432,10.821095043093433
535,355,291.0,-46.075,168.775,13.006236037996132,11.260236037996131
536,410,151.0,-46.175,168.625,12.353699619765393,11.447699619765393
537,429,83.0,-46.175,168.675,12.430625390494242,11.932625390494243
538,437,80.0,-46.175,168.725,12.527735029347241,12.04773502934724
539,445,120.0,-46.175,168.775,12.62561899254797,11.90561899254797
540,749,173.0,-46.125,168.625,12.629098009318113,11.591098009318113
541,750,431.0,-46.125,168.675,12.68808915471891,10.10208915471891
542,751,159.0,-46.125,168.725,12.766033041116316,11.812033041116315
543,752,109.0,-46.125,168.775,12.846173268160783,12.192173268160783
544,192,439.0,-46.025,168.825,13.088366060343105,10.454366060343105
545,193,103.0,-46.025,168.875,13.015050117683131,12.397050117683131
546,194,96.0,-46.025,168.925,12.868005461874418,12.292005461874417
547,195,133.0,-46.025,168.975,12.65726810268825,11.85926810268825
548,356,156.0,-46.075,168.825,13.033760691876523,12.097760691876523
549,357,173.0,-46.075,168.875,13.006888527597766,11.968888527597766
550,358,84.0,-46.075,168.925,12.879852352954913,12.375852352954913
551,359,90.0,-46.075,168.975,12.67540776176611,12.13540776176611
552,452,118.0,-46.175,168.825,12.70113830792252,11.99313830792252
553,459,57.0,-46.175,168.875,12.72266722068889,12.38066722068889
554,543,120.0,-46.175,168.925,12.659882280277088,11.939882280277088
555,548,217.0,-46.175,168.975,12.526524051616434,11.224524051616434
556,753,123.0,-46.125,168.825,12.908045776188374,12.170045776188374
557,754,122.0,-46.125,168.875,12.919794448127504,12.187794448127505
558,755,69.0,-46.125,168.925,12.817362456873525,12.403362456873525
559,756,220.0,-46.125,168.975,12.635241923562717,11.315241923562716
560,196,116.0,-46.025,169.025,12.412201493803877,11.716201493803878
561,197,139.0,-46.025,169.075,12.159581389394589,11.32558138939459
562,198,180.0,-46.025,169.125,11.921256489062216,10.841256489062216
563,360,142.0,-46.075,169.025,12.440042097761761,11.588042097761761
564,361,158.0,-46.075,169.075,12.201648372516502,11.253648372516501
565,362,173.0,-46.075,169.125,11.981146186590195,10.943146186590194
566,551,212.0,-46.175,169.025,12.35933785076486,11.08733785076486
567,554,209.0,-46.175,169.075,12.186166417668574,10.932166417668574
568,558,188.0,-46.175,169.125,12.027598398155533,10.899598398155533
569,757,372.0,-46.125,169.025,12.425191113376059,10.19319111337606
570,758,148.0,-46.125,169.075,12.213508507818915,11.325508507818915
571,759,221.0,-46.125,169.125,12.020091092505027,10.694091092505026
572,199,242.0,-46.025,169.175,11.717229951638728,10.265229951638728
573,200,114.0,-46.025,169.225,11.56858276098501,10.88458276098501
574,201,323.0,-46.025,169.275,11.495977096143179,9.557977096143178
575,202,176.0,-46.025,169.325,11.503964905277826,10.447964905277825
576,363,188.0,-46.075,169.175,11.79713601525873,10.66913601525873
577,364,185.0,-46.075,169.225,11.666981818852946,10.556981818852947
578,365,125.0,-46.075,169.275,11.604027819936164,10.854027819936164
579,366,154.0,-46.075,169.325,11.611382710107137,10.687382710107137
580,563,180.0,-46.175,169.175,11.900130685826298,10.820130685826298
581,569,325.0,-46.175,169.225,11.816832762619015,9.866832762619016
582,575,369.0,-46.175,169.275,11.786566186347045,9.572566186347045
583,581,137.0,-46.175,169.325,11.812897265306674,10.990897265306675
584,760,140.0,-46.125,169.175,11.861961484421045,11.021961484421045
585,761,152.0,-46.125,169.225,11.753562122408766,10.841562122408767
586,762,123.0,-46.125,169.275,11.704916059912648,10.966916059912649
587,763,117.0,-46.125,169.325,11.71902386972215,11.01702386972215
588,203,117.0,-46.025,169.375,11.576604377303738,10.874604377303738
589,204,100.0,-46.025,169.425,11.694960962922778,11.094960962922778
590,205,80.0,-46.025,169.475,11.842786807508674,11.362786807508673
591,367,100.0,-46.075,169.375,11.680686839099508,11.080686839099508
592,368,40.0,-46.075,169.425,11.798188495624345,11.558188495624345
593,369,66.0,-46.075,169.475,11.94938450527843,11.55338450527843
594,658,120.0,-46.175,169.375,11.893924710922875,11.173924710922874
595,660,116.0,-46.175,169.425,12.023315526894294,11.327315526894294
596,664,79.0,-46.175,169.475,12.191719430615194,11.717719430615194
597,764,132.0,-46.125,169.375,11.791423238697462,10.999423238697462
598,765,70.0,-46.125,169.425,11.912586850114167,11.492586850114167
599,766,40.0,-46.125,169.475,12.070589471550193,11.830589471550192
600,128,45.0,-46.125,169.525,12.252477367408574,11.982477367408574
601,149,40.0,-46.125,169.575,12.44467368972255,12.204673689722549
602,155,112.0,-46.125,169.625,12.633068521972746,11.961068521972745
603,163,141.0,-46.125,169.675,12.803318514546845,11.957318514546845
604,206,54.0,-46.025,169.525,12.005585155216977,11.681585155216977
605,207,117.0,-46.025,169.575,12.169952404510695,11.467952404510696
606,208,257.0,-46.025,169.625,12.32360157277435,10.78160157277435
607,209,243.0,-46.025,169.675,12.455853947554715,10.997853947554715
608,370,20.0,-46.075,169.525,12.120163671963383,12.000163671963383
609,371,84.0,-46.075,169.575,12.296803322911728,11.792803322911729
610,372,80.0,-46.075,169.625,12.466010297939647,11.986010297939647
611,373,206.0,-46.075,169.675,12.615396657434758,11.379396657434757
612,669,60.0,-46.175,169.525,12.387779084034264,12.027779084034265
613,674,101.0,-46.175,169.575,12.598589002212975,11.992589002212975
614,679,67.0,-46.175,169.625,12.809739516116679,12.40773951611668
615,684,62.0,-46.175,169.675,13.005109740770422,12.633109740770422
616,172,226.0,-46.125,169.725,12.942190788045991,11.586190788045991
617,181,205.0,-46.125,169.775,13.04084490914829,11.81084490914829
618,210,145.0,-46.025,169.725,12.558509848895483,11.688509848895484
619,211,141.0,-46.025,169.775,12.6268909991486,11.7808909991486
620,212,287.0,-46.025,169.825,12.66056266182568,10.93856266182568
621,275,126.0,-46.125,169.825,13.098213391203899,12.342213391203899
622,374,269.0,-46.075,169.725,12.734675737214275,11.120675737214274
623,375,365.0,-46.075,169.775,12.817529701802414,10.627529701802414
624,376,121.0,-46.075,169.825,12.863121162634343,12.137121162634344
625,689,161.0,-46.175,169.725,13.167344390647486,12.201344390647487
626,694,86.0,-46.175,169.775,13.282941805722658,12.766941805722658
627,699,20.0,-46.175,169.825,13.351103057910223,13.231103057910223
628,213,237.0,-46.025,169.875,12.663303961511701,11.2413039615117
629,214,310.0,-46.025,169.925,12.642473809013609,10.78247380901361
630,215,202.0,-46.025,169.975,12.608351252099965,11.396351252099965
631,216,80.0,-46.025,170.025,12.57393317000242,12.093933170002419
632,279,25.0,-46.125,169.875,13.120490418572444,12.970490418572444
633,287,20.0,-46.125,169.925,13.118029169971123,12.998029169971124
634,295,20.0,-46.125,169.975,13.103310808190145,12.983310808190145
635,303,122.0,-46.125,170.025,13.090246275882237,12.358246275882237
636,377,153.0,-46.075,169.875,12.876001747034024,11.958001747034025
637,378,140.0,-46.075,169.925,12.864781785290688,12.024781785290688
638,379,40.0,-46.075,169.975,12.840911188919563,12.600911188919563
639,380,96.0,-46.075,170.025,12.818171966355294,12.242171966355293
640,704,47.0,-46.175,169.875,13.381406218570191,13.099406218570191
641,705,241.0,-46.175,169.925,13.386276815377641,11.940276815377642
642,706,69.0,-46.175,169.975,13.378810617665295,12.964810617665295
643,707,136.0,-46.175,170.025,13.37251359334914,12.55651359334914
644,217,0.0,-46.025,170.075,12.555450968910009,12.555450968910009
645,218,124.0,-46.025,170.125,12.573687159630936,11.829687159630936
646,219,84.0,-46.025,170.175,12.654535525187384,12.150535525187385
647,220,20.0,-46.025,170.225,12.819805451610591,12.699805451610592
648,311,396.0,-46.125,170.075,13.093794629152399,10.717794629152399
649,312,118.0,-46.125,170.125,13.12904898589477,12.42104898589477
650,313,46.0,-46.125,170.175,13.20888085779734,12.93288085779734
651,381,163.0,-46.075,170.075,12.812692390056327,11.834692390056327
652,382,180.0,-46.075,170.125,12.842789068468846,11.762789068468846
653,383,21.0,-46.075,170.175,12.926798623753712,12.800798623753712
654,708,92.0,-46.175,170.075,13.380816136719659,12.82881613671966
655,709,58.0,-46.175,170.125,13.416012916364707,13.068012916364706
656,221,154.0,-45.975,166.475,11.918255995609798,10.994255995609798
657,222,133.0,-45.975,166.525,11.9265365046449,11.1285365046449
658,223,0.0,-45.975,166.575,11.936912597040646,11.936912597040646
659,289,140.0,-45.875,166.475,12.183859768905677,11.343859768905677
660,297,354.0,-45.875,166.525,12.191621758625843,10.067621758625842
661,305,111.0,-45.875,166.575,12.198350330349058,11.532350330349058
662,408,655.0,-45.875,166.625,12.204291178612038,8.274291178612039
663,471,161.0,-45.925,166.475,12.048074587830342,11.082074587830343
664,472,364.0,-45.925,166.525,12.056002353900112,9.872002353900111
665,473,504.0,-45.925,166.575,12.064457928296179,9.040457928296178
666,474,307.0,-45.925,166.625,12.0740572148934,10.2320572148934
667,224,100.0,-45.975,166.775,12.011376831913367,11.411376831913367
668,411,170.0,-45.875,166.675,12.20946914376691,11.18946914376691
669,417,155.0,-45.875,166.725,12.21371796366293,11.28371796366293
670,420,669.0,-45.875,166.775,12.21683626063168,8.202836260631681
671,423,623.0,-45.875,166.825,12.218807405326515,8.480807405326516
672,475,201.0,-45.925,166.675,12.085026504704729,10.87902650470473
673,476,342.0,-45.925,166.725,12.097186631988734,10.045186631988734
674,477,141.0,-45.925,166.775,12.110180650721304,11.264180650721304
675,478,621.0,-45.925,166.825,12.123792491154745,8.397792491154746
676,225,774.0,-45.975,166.925,12.09338745905552,7.4493874590555205
677,226,850.0,-45.975,166.975,12.126424667309038,7.026424667309039
678,426,714.0,-45.875,166.875,12.219999563181773,7.935999563181773
679,433,655.0,-45.875,166.925,12.221299251075834,8.291299251075834
680,439,378.0,-45.875,166.975,12.224169690627605,9.956169690627604
681,479,551.0,-45.925,166.875,12.138189640943892,8.832189640943893
682,480,415.0,-45.925,166.925,12.15404320298694,9.66404320298694
683,481,843.0,-45.925,166.975,12.17255044542253,7.11455044542253
684,227,773.0,-45.975,167.025,12.164232688723132,7.526232688723132
685,228,1189.0,-45.975,167.075,12.208474937244318,5.074474937244318
686,229,411.0,-45.975,167.125,12.260957513586618,9.794957513586617
687,230,785.0,-45.975,167.175,12.323444100329652,7.6134441003296525
688,446,939.0,-45.875,167.025,12.23063802625984,6.596638026259839
689,453,649.0,-45.875,167.075,12.243211057269946,8.349211057269946
690,460,1006.0,-45.875,167.125,12.264711060910486,6.228711060910485
691,482,393.0,-45.925,167.025,12.19538793945685,9.83738793945685
692,483,167.0,-45.925,167.075,12.224606688832864,11.222606688832863
693,484,1042.0,-45.925,167.125,12.2624696692219,6.010469669221901
694,485,401.0,-45.925,167.175,12.31123250699602,9.905232506996022
695,545,155.0,-45.875,167.175,12.298021729569882,11.368021729569882
696,231,539.0,-45.975,167.225,12.397450703312643,9.163450703312643
697,232,949.0,-45.975,167.275,12.484044731361791,6.7900447313617915
698,233,155.0,-45.975,167.325,12.583681450574659,11.653681450574659
699,486,474.0,-45.925,167.225,12.372880506096408,9.528880506096408
700,487,155.0,-45.925,167.275,12.44885724724736,11.518857247247361
701,488,871.0,-45.925,167.325,12.5398399757687,7.3138399757687
702,555,795.0,-45.875,167.225,12.345749854226597,7.575749854226597
703,559,1061.0,-45.875,167.275,12.409847342292778,6.0438473422927785
704,565,845.0,-45.875,167.325,12.491285816882737,7.421285816882738
705,234,307.0,-45.975,167.375,12.696107656345703,10.854107656345702
706,235,305.0,-45.975,167.425,12.82034514285624,10.99034514285624
707,236,143.0,-45.975,167.475,12.954742786474526,12.096742786474525
708,237,130.0,-45.975,167.525,13.097068619448692,12.317068619448692
709,489,939.0,-45.925,167.375,12.645616458263248,7.011616458263248
710,490,499.0,-45.925,167.425,12.76508741080761,9.77108741080761
711,491,318.0,-45.925,167.475,12.896373003604822,10.988373003604822
712,492,529.0,-45.925,167.525,13.036970934830606,9.862970934830606
713,571,198.0,-45.875,167.375,12.589888949063607,11.401888949063606
714,577,208.0,-45.875,167.425,12.70437176618725,11.456371766187251
715,583,757.0,-45.875,167.475,12.832542082527652,8.290542082527653
716,651,519.0,-45.875,167.525,12.97156175028067,9.85756175028067
717,238,160.0,-45.975,167.575,13.244609973859042,12.284609973859041
718,239,118.0,-45.975,167.625,13.39425864291843,12.68625864291843
719,240,64.0,-45.975,167.675,13.542571446858346,13.158571446858346
720,241,95.0,-45.975,167.725,13.685808422393166,13.115808422393165
721,493,286.0,-45.925,167.575,13.183913066401146,11.467913066401147
722,494,183.0,-45.925,167.625,13.333888808498159,12.235888808498158
723,495,80.0,-45.925,167.675,13.483327982365154,13.003327982365153
724,496,127.0,-45.925,167.725,13.62845261208713,12.86645261208713
725,654,462.0,-45.875,167.575,13.118177980883047,10.346177980883047
726,659,134.0,-45.875,167.625,13.268884937977418,12.464884937977418
727,661,222.0,-45.875,167.675,13.420018849195912,12.088018849195912
728,666,168.0,-45.875,167.725,13.567810190375894,12.559810190375895
729,242,134.0,-45.975,167.775,13.819959094864316,13.015959094864316
730,243,153.0,-45.975,167.825,13.940773066715337,13.022773066715338
731,244,330.0,-45.975,167.875,14.043816779041663,12.063816779041662
732,497,204.0,-45.925,167.775,13.76531521382276,12.54131521382276
733,498,140.0,-45.925,167.825,13.889844367280602,13.049844367280603
734,499,142.0,-45.925,167.875,13.997920335968956,13.145920335968956
735,671,206.0,-45.875,167.775,13.708420284558088,12.472420284558087
736,676,286.0,-45.875,167.825,13.837987121427432,12.121987121427432
737,681,397.0,-45.875,167.875,13.952702076989226,11.570702076989226
738,245,306.0,-45.975,167.925,14.124585558776744,12.288585558776743
739,246,158.0,-45.975,167.975,14.17870969499927,13.23070969499927
740,247,156.0,-45.975,168.025,14.202303094789386,13.266303094789386
741,248,161.0,-45.975,168.075,14.192505560582504,13.226505560582504
742,500,154.0,-45.925,167.925,14.085506020113826,13.161506020113826
743,501,199.0,-45.925,167.975,14.148861002759077,12.954861002759078
744,502,309.0,-45.925,168.025,14.184865594375879,12.33086559437588
745,503,219.0,-45.925,168.075,14.191470355377533,12.877470355377532
746,686,367.0,-45.875,167.925,14.048937008716166,11.846937008716166
747,691,288.0,-45.875,167.975,14.123438373208046,12.395438373208046
748,696,405.0,-45.875,168.025,14.173598286812194,11.743598286812194
749,701,322.0,-45.875,168.075,14.197796553606167,12.265796553606167
750,249,133.0,-45.975,168.125,14.148247048142366,13.350247048142366
751,250,232.0,-45.975,168.175,14.071181902545504,12.679181902545505
752,251,259.0,-45.975,168.225,13.966557904263027,12.412557904263027
753,504,166.0,-45.925,168.125,14.168252547038719,13.172252547038719
754,505,301.0,-45.925,168.175,14.116989382368047,12.310989382368048
755,506,532.0,-45.925,168.225,14.042043580731843,10.850043580731842
756,768,195.0,-45.875,168.125,14.1957768634893,13.0257768634893
757,775,291.0,-45.875,168.175,14.16897184314439,12.42297184314439
758,777,519.0,-45.875,168.225,14.120636050589383,11.006636050589382
759,252,206.0,-45.975,168.275,13.843480352836195,12.607480352836195
760,253,99.0,-45.975,168.325,13.7138021083083,13.119802108308301
761,254,169.0,-45.975,168.375,13.589454991510138,12.575454991510139
762,255,379.0,-45.975,168.425,13.479711682535708,11.205711682535707
763,507,181.0,-45.925,168.275,13.950241710001137,12.864241710001137
764,508,112.0,-45.925,168.325,13.84996260725893,13.17796260725893
765,509,242.0,-45.925,168.375,13.749549016007222,12.297549016007222
766,510,343.0,-45.925,168.425,13.655728978454135,11.597728978454136
767,779,146.0,-45.875,168.275,14.055622365500312,13.179622365500313
768,781,132.0,-45.875,168.325,13.979714315268211,13.187714315268211
769,783,138.0,-45.875,168.375,13.898636235739104,13.070636235739105
770,786,281.0,-45.875,168.425,13.817073751997668,12.131073751997668
771,256,162.0,-45.975,168.475,13.390116839262191,12.418116839262192
772,257,458.0,-45.975,168.525,13.322671924019232,10.574671924019233
773,258,593.0,-45.975,168.575,13.276132505503483,9.718132505503483
774,511,268.0,-45.925,168.475,13.572725865233224,11.964725865233223
775,512,478.0,-45.925,168.525,13.50204922852572,10.63404922852572
776,513,157.0,-45.925,168.575,13.44256483548088,12.50056483548088
777,788,385.0,-45.875,168.475,13.738013707567006,11.428013707567006
778,790,150.0,-45.875,168.525,13.662461070111021,12.762461070111021
779,792,156.0,-45.875,168.575,13.589398250274826,12.653398250274826
780,259,362.0,-45.975,168.625,13.246192277641967,11.074192277641966
781,260,231.0,-45.975,168.675,13.225638703152072,11.839638703152072
782,261,144.0,-45.975,168.725,13.20439472864382,12.340394728643819
783,262,120.0,-45.975,168.775,13.169362150656525,12.449362150656524
784,514,139.0,-45.925,168.625,13.390608390618581,12.556608390618582
785,515,180.0,-45.925,168.675,13.340098321146797,12.260098321146797
786,516,143.0,-45.925,168.725,13.28266259841621,12.424662598416209
787,517,119.0,-45.925,168.775,13.207922413712367,12.493922413712367
788,794,180.0,-45.875,168.625,13.515856805432122,12.435856805432122
789,796,160.0,-45.875,168.675,13.437059123592917,12.477059123592916
790,798,137.0,-45.875,168.725,13.346675162145402,12.524675162145403
791,800,131.0,-45.875,168.775,13.237353190255817,12.451353190255817
792,150,141.0,-45.975,168.925,12.82600039371755,11.98000039371755
793,158,154.0,-45.975,168.975,12.609195836354047,11.685195836354048
794,263,98.0,-45.975,168.825,13.10449695616262,12.516496956162621
795,264,118.0,-45.975,168.875,12.993173291848507,12.285173291848507
796,518,161.0,-45.925,168.825,13.104440636234358,12.138440636234359
797,519,140.0,-45.925,168.875,12.962276117701549,12.12227611770155
798,520,221.0,-45.925,168.925,12.777341580134816,11.451341580134816
799,521,155.0,-45.925,168.975,12.554782121849712,11.624782121849712
800,802,164.0,-45.875,168.825,13.101822077063844,12.117822077063844
801,804,159.0,-45.875,168.875,12.934823673625942,11.980823673625942
802,806,316.0,-45.875,168.925,12.735527027398348,10.839527027398347
803,808,230.0,-45.875,168.975,12.509104853204917,11.129104853204918
804,167,118.0,-45.975,169.025,12.361378845816944,11.653378845816944
805,176,179.0,-45.975,169.075,12.104199133871589,11.030199133871589
806,185,142.0,-45.975,169.125,11.857993907120544,11.005993907120544
807,522,151.0,-45.925,169.025,12.307840280001983,11.401840280001982
808,523,220.0,-45.925,169.075,12.053719790535979,10.733719790535979
809,524,177.0,-45.925,169.125,11.810530337388627,10.748530337388628
810,810,317.0,-45.875,169.025,12.26629672019044,10.36429672019044
811,812,360.0,-45.875,169.075,12.021515334839933,9.861515334839932
812,814,235.0,-45.875,169.125,11.791180133004673,10.381180133004673
813,273,186.0,-45.975,169.175,11.64218074810924,10.52618074810924
814,277,120.0,-45.975,169.225,11.478664073743857,10.758664073743857
815,284,243.0,-45.975,169.275,11.400597726926208,9.942597726926207
816,292,433.0,-45.975,169.325,11.417756972485222,8.819756972485223
817,525,160.0,-45.925,169.175,11.596767703769729,10.636767703769728
818,526,221.0,-45.925,169.225,11.433732158737257,10.107732158737257
819,527,181.0,-45.925,169.275,11.357314146123827,10.271314146123826
820,528,525.0,-45.925,169.325,11.379579250526149,8.229579250526148
821,816,156.0,-45.875,169.175,11.593470945954323,10.657470945954323
822,818,160.0,-45.875,169.225,11.449845275201369,10.489845275201368
823,819,187.0,-45.875,169.275,11.38393645407632,10.26193645407632
824,821,240.0,-45.875,169.325,11.401260436628945,9.961260436628946
825,300,468.0,-45.975,169.375,11.497840225871187,8.689840225871187
826,308,228.0,-45.975,169.425,11.619215132843237,10.251215132843237
827,402,78.0,-45.975,169.475,11.765662514662836,11.297662514662836
828,529,732.0,-45.925,169.375,11.46299164177617,7.07099164177617
829,530,520.0,-45.925,169.425,11.585827027389314,8.465827027389313
830,531,264.0,-45.925,169.475,11.73120860173367,10.14720860173367
831,823,545.0,-45.875,169.375,11.482248483167496,8.212248483167496
832,825,504.0,-45.875,169.425,11.604734932770953,8.580734932770952
833,826,161.0,-45.875,169.475,11.749375110608526,10.783375110608526
834,407,138.0,-45.975,169.525,11.92280632792972,11.09480632792972
835,412,216.0,-45.975,169.575,12.077613265428226,10.781613265428227
836,432,157.0,-45.975,169.625,12.21866072283592,11.27666072283592
837,434,320.0,-45.975,169.675,12.336637879256159,10.41663787925616
838,532,206.0,-45.925,169.525,11.884092409396544,10.648092409396543
839,533,238.0,-45.925,169.575,12.031250143423676,10.603250143423676
840,534,201.0,-45.925,169.625,12.161740178824402,10.955740178824403
841,535,159.0,-45.925,169.675,12.267320378799923,11.313320378799922
842,827,282.0,-45.875,169.525,11.899182317312807,10.207182317312807
843,828,236.0,-45.875,169.575,12.04000019893283,10.62400019893283
844,829,176.0,-45.875,169.625,12.161038866091985,11.105038866091984
845,830,211.0,-45.875,169.675,12.25502501957817,10.98902501957817
846,438,232.0,-45.975,169.725,12.424926135397982,11.032926135397982
847,448,167.0,-45.975,169.775,12.48013202403672,11.47813202403672
848,455,190.0,-45.975,169.825,12.502377997559961,11.36237799755996
849,536,198.0,-45.925,169.725,12.342716497776564,11.154716497776564
850,537,241.0,-45.925,169.775,12.385752905218396,10.939752905218397
851,538,354.0,-45.925,169.825,12.397327844810206,10.273327844810206
852,831,464.0,-45.875,169.725,12.318052272254135,9.534052272254137
853,832,476.0,-45.875,169.775,12.34930085245287,9.49330085245287
854,833,379.0,-45.875,169.825,12.35072495235363,10.07672495235363
855,462,474.0,-45.975,169.875,12.49521394079784,9.65121394079784
856,463,448.0,-45.975,169.925,12.465236897580326,9.777236897580325
857,464,388.0,-45.975,169.975,12.421701031504199,10.0937010315042
858,465,232.0,-45.975,170.025,12.376441707310732,10.984441707310733
859,539,303.0,-45.925,169.875,12.381223122007214,10.563223122007214
860,540,584.0,-45.925,169.925,12.343813527317252,8.839813527317252
861,541,453.0,-45.925,169.975,12.293824627937283,9.575824627937283
862,542,86.0,-45.925,170.025,12.242336082854308,11.726336082854308
863,834,426.0,-45.875,169.875,12.326753195142373,9.770753195142374
864,835,400.0,-45.875,169.925,12.284050917776767,9.884050917776767
865,836,400.0,-45.875,169.975,12.231431647087447,9.831431647087447
866,837,520.0,-45.875,170.025,12.18006956327008,9.06006956327008
867,127,110.0,-45.925,170.075,12.203307831601705,11.543307831601705
868,146,26.0,-45.925,170.125,12.195283516659401,12.0392835166594
869,164,1.0,-45.925,170.175,12.247101108834613,12.241101108834613
870,173,3.0,-45.925,170.225,12.42932656785706,12.41132656785706
871,466,32.0,-45.975,170.075,12.344485823705327,12.152485823705327
872,467,2.0,-45.975,170.125,12.346178401377983,12.334178401377983
873,468,17.0,-45.975,170.175,12.41328859369969,12.31128859369969
874,469,159.0,-45.975,170.225,12.590182933374308,11.636182933374307
875,838,658.0,-45.875,170.075,12.144320490595419,8.196320490595419
876,839,860.0,-45.875,170.125,12.14397554466268,6.983975544662681
877,840,31.0,-45.875,170.175,12.210124619596172,12.024124619596172
878,841,7.0,-45.875,170.225,12.384631702676415,12.342631702676416
879,182,153.0,-45.925,170.275,12.728872747858986,11.810872747858987
880,265,115.0,-45.925,170.325,13.076207641977817,12.386207641977817
881,270,84.0,-45.925,170.375,13.438099131395575,12.934099131395575
882,470,42.0,-45.975,170.275,12.869561479659751,12.61756147965975
883,842,14.0,-45.875,170.275,12.66039952961728,12.57639952961728
884,843,20.0,-45.875,170.325,12.989564927411266,12.869564927411266
885,844,32.0,-45.875,170.375,13.335929911176208,13.143929911176208
886,281,52.0,-45.925,170.425,13.786976834235247,13.474976834235248
887,845,201.0,-45.875,170.425,13.67010349483462,12.464103494834621
888,846,156.0,-45.875,170.475,13.959453289280646,13.023453289280646
889,847,292.0,-45.875,170.625,14.205591003934387,12.453591003934386
890,848,117.0,-45.875,170.725,14.114107707631774,13.412107707631774
891,849,356.0,-45.825,166.525,12.332328667864203,10.196328667864204
892,850,656.0,-45.825,166.625,12.340530379209667,8.404530379209668
893,1200,249.0,-45.675,166.525,12.774170146207325,11.280170146207325
894,1201,241.0,-45.675,166.575,12.779809497878887,11.333809497878887
895,1202,445.0,-45.675,166.625,12.778158186585642,10.108158186585642
896,1955,52.0,-45.725,166.475,12.61486961611081,12.30286961611081
897,1956,412.0,-45.725,166.625,12.6283206284279,10.1563206284279
898,851,397.0,-45.825,166.675,12.34052829130087,9.95852829130087
899,852,530.0,-45.825,166.725,12.33747263380792,9.15747263380792
900,853,240.0,-45.825,166.775,12.331180121516809,10.89118012151681
901,854,1139.0,-45.825,166.825,12.321717659942806,5.487717659942805
902,912,85.0,-45.775,166.675,12.477735450258479,11.967735450258479
903,913,433.0,-45.775,166.775,12.45316951489076,9.855169514890761
904,914,398.0,-45.775,166.825,12.432758022099733,10.044758022099733
905,1203,328.0,-45.675,166.675,12.768198197009042,10.800198197009042
906,1204,477.0,-45.675,166.775,12.719716855790466,9.857716855790466
907,1205,682.0,-45.675,166.825,12.680128734209575,8.588128734209576
908,1957,472.0,-45.725,166.675,12.620543127530254,9.788543127530254
909,855,733.0,-45.825,166.875,12.30958069791086,7.9115806979108605
910,856,1088.0,-45.825,166.925,12.295834404765628,5.767834404765628
911,857,913.0,-45.825,166.975,12.28219894238282,6.804198942382819
912,915,757.0,-45.775,166.875,12.407475514453836,7.865475514453836
913,916,669.0,-45.775,166.925,12.378502961015329,8.36450296101533
914,917,700.0,-45.775,166.975,12.347778404597193,8.147778404597194
915,1206,375.0,-45.675,166.875,12.630527323344722,10.380527323344722
916,1207,414.0,-45.675,166.925,12.572090254863724,10.088090254863724
917,1208,218.0,-45.675,166.975,12.50700477452483,11.19900477452483
918,1958,455.0,-45.725,166.975,12.42224235017784,9.692242350177839
919,140,939.0,-45.825,167.025,12.271070000366308,6.6370700003663075
920,145,601.0,-45.825,167.075,12.2654641502304,8.6594641502304
921,159,1144.0,-45.825,167.125,12.268867907929234,5.404867907929234
922,168,363.0,-45.825,167.175,12.284958235337399,10.106958235337398
923,918,691.0,-45.775,167.025,12.318051672540605,8.172051672540604
924,919,824.0,-45.775,167.075,12.292870891513303,7.348870891513303
925,920,973.0,-45.775,167.125,12.27647204126697,6.43847204126697
926,921,825.0,-45.775,167.175,12.27350843406748,7.32350843406748
927,1209,828.0,-45.675,167.025,12.438568246900104,7.470568246900105
928,1210,402.0,-45.675,167.075,12.371250704862177,9.959250704862178
929,1211,462.0,-45.675,167.125,12.31075032951776,9.53875032951776
930,1212,1534.0,-45.675,167.175,12.264015722787008,3.060015722787009
931,1959,1038.0,-45.725,167.025,12.373249500989914,6.145249500989913
932,1960,1112.0,-45.725,167.075,12.327345246449113,5.655345246449113
933,1961,961.0,-45.725,167.125,12.28954044310376,6.523540443103761
934,1962,900.0,-45.725,167.175,12.265623781480826,6.865623781480827
935,177,968.0,-45.825,167.225,12.317171834525652,6.509171834525652
936,186,747.0,-45.825,167.275,12.368162561324425,7.886162561324426
937,266,772.0,-45.825,167.325,12.439297779463232,7.807297779463232
938,922,1441.0,-45.775,167.225,12.288530244724825,3.642530244724826
939,923,907.0,-45.775,167.275,12.325191697455011,6.883191697455011
940,924,607.0,-45.775,167.325,12.385410042479634,8.743410042479635
941,1213,933.0,-45.675,167.225,12.23895650205668,6.640956502056681
942,1214,740.0,-45.675,167.275,12.243048653937876,7.803048653937876
943,1215,451.0,-45.675,167.325,12.280392738059163,9.574392738059164
944,1963,1133.0,-45.725,167.225,12.261627957341261,5.463627957341261
945,1964,1383.0,-45.725,167.275,12.282696895883419,3.9846968958834186
946,1965,436.0,-45.725,167.325,12.331564770429395,9.715564770429395
947,269,945.0,-45.825,167.375,12.53040818090085,6.86040818090085
948,286,845.0,-45.825,167.425,12.639901107060723,7.569901107060724
949,294,240.0,-45.825,167.475,12.765135144582018,11.325135144582019
950,302,372.0,-45.825,167.525,12.902843810152262,10.670843810152263
951,925,749.0,-45.775,167.375,12.468943686806597,7.974943686806597
952,926,1133.0,-45.775,167.425,12.573665209813043,5.775665209813043
953,927,430.0,-45.775,167.475,12.696270274580456,10.116270274580456
954,928,265.0,-45.775,167.525,12.83295251999516,11.24295251999516
955,1216,1168.0,-45.675,167.375,12.349751668982208,5.341751668982208
956,1217,1423.0,-45.675,167.425,12.446281637763605,3.9082816377636043
957,1218,932.0,-45.675,167.475,12.564388448139653,6.972388448139653
958,1219,1235.0,-45.675,167.525,12.699047833448276,5.289047833448277
959,1966,1017.0,-45.725,167.375,12.40772658761125,6.305726587611251
960,1967,1419.0,-45.725,167.425,12.508095635217614,3.994095635217615
961,1968,391.0,-45.725,167.475,12.628397536464036,10.282397536464035
962,1969,727.0,-45.725,167.525,12.764195669326,8.402195669326002
963,310,307.0,-45.825,167.575,13.049457929562777,11.207457929562777
964,404,134.0,-45.825,167.625,13.201292477548122,12.397292477548122
965,414,288.0,-45.825,167.675,13.354632052709348,11.626632052709349
966,431,239.0,-45.825,167.725,13.505763514549471,12.071763514549472
967,929,164.0,-45.775,167.575,12.979812911362387,11.995812911362387
968,930,120.0,-45.775,167.625,13.133030381985009,12.413030381985008
969,931,264.0,-45.775,167.675,13.288899672101252,11.704899672101252
970,932,413.0,-45.775,167.725,13.443820022861473,10.965820022861474
971,1220,400.0,-45.675,167.575,12.845962899154983,10.445962899154983
972,1221,266.0,-45.675,167.625,13.001384399831295,11.405384399831295
973,1222,203.0,-45.675,167.675,13.161917544086464,11.943917544086464
974,1223,300.0,-45.675,167.725,13.324383487226442,11.52438348722644
975,1970,232.0,-45.725,167.575,12.911308284034021,11.519308284034022
976,1971,265.0,-45.725,167.625,13.065871958504431,11.475871958504431
977,1972,403.0,-45.725,167.675,13.224281319999136,10.806281319999137
978,1973,409.0,-45.725,167.725,13.383113674353808,10.929113674353808
979,442,377.0,-45.825,167.775,13.650994883151725,11.388994883151724
980,447,596.0,-45.825,167.825,13.786687449668534,10.210687449668534
981,454,561.0,-45.825,167.875,13.909319404745474,10.543319404745475
982,933,721.0,-45.775,167.775,13.594281982514076,9.268281982514075
983,934,957.0,-45.775,167.825,13.736876020440832,7.994876020440832
984,935,777.0,-45.775,167.875,13.868334681959823,9.206334681959824
985,1224,978.0,-45.675,167.775,13.485736153437756,7.617736153437757
986,1225,1002.0,-45.675,167.825,13.643024547141977,7.631024547141977
987,1226,962.0,-45.675,167.875,13.793391867075115,8.021391867075117
988,1974,801.0,-45.725,167.775,13.539077129331417,8.733077129331416
989,1975,1078.0,-45.725,167.825,13.68899319972843,7.22099319972843
990,1976,1328.0,-45.725,167.875,13.829815675853752,5.8618156758537525
991,461,576.0,-45.825,167.925,14.015593675081618,10.559593675081619
992,557,532.0,-45.825,167.975,14.102597218123265,10.910597218123264
993,561,518.0,-45.825,168.025,14.168010630179197,11.060010630179196
994,567,468.0,-45.825,168.075,14.210352408175822,11.402352408175823
995,936,602.0,-45.775,167.925,13.985613640863448,10.373613640863448
996,937,603.0,-45.775,167.975,14.086011683102697,10.468011683102697
997,1002,485.0,-45.775,168.025,14.167322434252128,11.257322434252128
998,1010,592.0,-45.775,168.075,14.227999999246094,10.675999999246095
999,1227,714.0,-45.675,167.925,13.934104271349497,9.650104271349498
1000,1228,524.0,-45.675,167.975,14.06260185863357,10.91860185863357
1001,1229,760.0,-45.675,168.025,14.176562344946433,9.616562344946434
1002,1230,376.0,-45.675,168.075,14.273964726482518,12.017964726482518
1003,1977,806.0,-45.725,167.925,13.958683942211792,9.122683942211792
1004,1978,460.0,-45.725,167.975,14.073005834419746,11.313005834419746
1005,1979,556.0,-45.725,168.025,14.170560423634015,10.834560423634015
1006,1980,376.0,-45.725,168.075,14.24960464402102,11.99360464402102
1007,573,258.0,-45.825,168.125,14.22921998630045,12.68121998630045
1008,579,393.0,-45.825,168.175,14.225462217291351,11.86746221729135
1009,653,380.0,-45.825,168.225,14.201196854119189,11.92119685411919
1010,1011,369.0,-45.775,168.125,14.267307012807578,12.053307012807577
1011,1013,255.0,-45.775,168.175,14.285400448367,12.755400448367
1012,1014,260.0,-45.775,168.225,14.283305926946923,12.723305926946923
1013,1231,359.0,-45.675,168.125,14.353137377824169,12.199137377824169
1014,1232,341.0,-45.675,168.175,14.412774657306727,12.366774657306728
1015,1233,296.0,-45.675,168.225,14.451910588075407,12.675910588075407
1016,1981,334.0,-45.725,168.125,14.308960513444617,12.304960513444618
1017,1982,288.0,-45.725,168.175,14.348054914560635,12.620054914560635
1018,1983,310.0,-45.725,168.225,14.366886021394748,12.506886021394749
1019,655,194.0,-45.825,168.275,14.159594563418068,12.995594563418068
1020,663,230.0,-45.825,168.325,14.104411717155017,12.724411717155018
1021,668,154.0,-45.825,168.375,14.039359703543596,13.115359703543596
1022,673,221.0,-45.825,168.425,13.967482804553583,12.641482804553583
1023,1016,445.0,-45.775,168.275,14.262745924235787,11.592745924235787
1024,1018,268.0,-45.775,168.325,14.225827031303197,12.617827031303197
1025,1021,342.0,-45.775,168.375,14.174644909566268,12.122644909566269
1026,1023,180.0,-45.775,168.425,14.11090186733054,13.03090186733054
1027,1234,276.0,-45.675,168.275,14.469848844164517,12.813848844164516
1028,1235,255.0,-45.675,168.325,14.466063579719048,12.936063579719049
1029,1236,232.0,-45.675,168.375,14.440100084291771,13.048100084291772
1030,1237,225.0,-45.675,168.425,14.39151038118871,13.04151038118871
1031,1984,337.0,-45.725,168.275,14.365903887257446,12.343903887257445
1032,1985,333.0,-45.725,168.325,14.345817313005682,12.347817313005683
1033,1986,268.0,-45.725,168.375,14.307366733148228,12.699366733148228
1034,1987,200.0,-45.725,168.425,14.251118776446674,13.051118776446675
1035,678,168.0,-45.825,168.475,13.890702034113929,12.88270203411393
1036,683,157.0,-45.825,168.525,13.809579588996712,12.867579588996712
1037,688,216.0,-45.825,168.575,13.723265651031397,12.427265651031398
1038,1025,188.0,-45.775,168.475,14.035623519856017,12.907623519856017
1039,1029,262.0,-45.775,168.525,13.949014555895701,12.377014555895702
1040,1033,229.0,-45.775,168.575,13.850447157397866,12.476447157397866
1041,1238,733.0,-45.675,168.475,14.319852058310062,9.921852058310062
1042,1239,385.0,-45.675,168.525,14.224761144723743,11.914761144723743
1043,1240,559.0,-45.675,168.575,14.10609043581644,10.752090435816442
1044,1988,357.0,-45.725,168.475,14.177331866754685,12.035331866754685
1045,1989,363.0,-45.725,168.525,14.085917676507961,11.90791767650796
1046,1990,264.0,-45.725,168.575,13.976497073716018,12.392497073716019
1047,693,176.0,-45.825,168.625,13.629570573335513,12.573570573335513
1048,698,153.0,-45.825,168.675,13.525143638602458,12.607143638602459
1049,703,145.0,-45.825,168.725,13.405798750172835,12.535798750172836
1050,824,148.0,-45.825,168.775,13.267087716143578,12.379087716143578
1051,1037,178.0,-45.775,168.625,13.738559443503618,12.670559443503619
1052,1041,197.0,-45.775,168.675,13.611456766200718,12.429456766200717
1053,1045,188.0,-45.775,168.725,13.467039009556174,12.339039009556174
1054,1049,180.0,-45.775,168.775,13.303499548579566,12.223499548579566
1055,1241,256.0,-45.675,168.625,13.964092853246257,12.428092853246257
1056,1242,685.0,-45.675,168.675,13.799629947345238,9.689629947345239
1057,1243,636.0,-45.675,168.725,13.614395545970183,9.798395545970184
1058,1244,527.0,-45.675,168.775,13.41115352138877,10.24915352138877
1059,1991,240.0,-45.725,168.625,13.848536779463757,12.408536779463757
1060,1992,189.0,-45.725,168.675,13.701557959371712,12.567557959371712
1061,1993,261.0,-45.725,168.725,13.535422195389401,11.969422195389402
1062,1994,199.0,-45.725,168.775,13.350707682257053,12.156707682257053
1063,861,193.0,-45.825,168.825,13.105241654673591,11.947241654673592
1064,864,240.0,-45.825,168.875,12.91848242667038,11.47848242667038
1065,866,331.0,-45.825,168.925,12.708386297512334,10.722386297512333
1066,868,346.0,-45.825,168.975,12.480682247900404,10.404682247900404
1067,1053,507.0,-45.775,168.825,13.120024000410922,10.078024000410922
1068,1057,380.0,-45.775,168.875,12.917625326605048,10.637625326605049
1069,1161,700.0,-45.775,168.925,12.699901390238665,8.499901390238666
1070,1170,384.0,-45.775,168.975,12.473412378574722,10.169412378574721
1071,1245,277.0,-45.675,168.825,13.193982933473308,11.531982933473309
1072,1246,180.0,-45.675,168.875,12.968495743931271,11.888495743931271
1073,1247,329.0,-45.675,168.925,12.74195077130571,10.76795077130571
1074,1248,408.0,-45.675,168.975,12.523158520401921,10.07515852040192
1075,1995,225.0,-45.725,168.825,13.1491697805468,11.7991697805468
1076,1996,189.0,-45.725,168.875,12.934224707714748,11.800224707714747
1077,1997,371.0,-45.725,168.925,12.711322939489037,10.485322939489038
1078,1998,680.0,-45.725,168.975,12.488046934362501,8.4080469343625
1079,870,589.0,-45.825,169.025,12.24505475058686,8.711054750586861
1080,872,235.0,-45.825,169.075,12.014208475477062,10.604208475477062
1081,874,217.0,-45.825,169.125,11.802941599860787,10.500941599860788
1082,1028,328.0,-45.725,169.125,11.915496070927475,9.947496070927475
1083,1179,604.0,-45.775,169.025,12.247498135140631,8.623498135140633
1084,1249,1009.0,-45.675,169.025,12.322079382953234,6.268079382953235
1085,1250,650.0,-45.675,169.075,12.149065400706604,8.249065400706604
1086,1251,506.0,-45.675,169.125,12.013774790335447,8.977774790335447
1087,1271,615.0,-45.775,169.075,12.033652315847576,8.343652315847576
1088,1272,310.0,-45.775,169.125,11.84477558278013,9.98477558278013
1089,1999,698.0,-45.725,169.025,12.273828175209928,8.08582817520993
1090,2000,718.0,-45.725,169.075,12.07931037194794,7.771310371947941
1091,876,491.0,-45.825,169.175,11.627746271085925,8.681746271085926
1092,878,302.0,-45.825,169.225,11.506305923801847,9.694305923801847
1093,880,221.0,-45.825,169.275,11.453744001802988,10.127744001802988
1094,882,227.0,-45.825,169.325,11.473862299404573,10.111862299404573
1095,1032,523.0,-45.725,169.175,11.792833393614274,8.654833393614274
1096,1035,589.0,-45.725,169.225,11.720393334690016,8.186393334690017
1097,1039,516.0,-45.725,169.275,11.705438356322702,8.609438356322702
1098,1043,370.0,-45.725,169.325,11.753250745125115,9.533250745125114
1099,1252,603.0,-45.675,169.175,11.923925459152088,8.305925459152087
1100,1253,586.0,-45.675,169.225,11.884362432698254,8.368362432698254
1101,1254,309.0,-45.675,169.275,11.89762494363822,10.043624943638221
1102,1255,269.0,-45.675,169.325,11.968464412377216,10.354464412377215
1103,1273,240.0,-45.775,169.175,11.694487319211476,10.254487319211476
1104,1275,424.0,-45.775,169.225,11.59609837573953,9.05209837573953
1105,1292,337.0,-45.775,169.275,11.560237008729018,9.538237008729018
1106,1300,279.0,-45.775,169.325,11.59093769924948,9.91693769924948
1107,884,287.0,-45.825,169.375,11.555809968151152,9.833809968151153
1108,885,394.0,-45.825,169.425,11.680516660504509,9.316516660504508
1109,886,293.0,-45.825,169.475,11.826838787354063,10.068838787354064
1110,1047,499.0,-45.725,169.375,11.862708198197652,8.868708198197652
1111,1051,493.0,-45.725,169.425,12.01552351861028,9.05752351861028
1112,1055,60.0,-45.725,169.475,12.181079994188622,11.821079994188622
1113,1256,339.0,-45.675,169.375,12.106556444545276,10.072556444545278
1114,1257,81.0,-45.675,169.425,12.289688736957032,11.803688736957032
1115,1258,353.0,-45.675,169.475,12.471934313361999,10.353934313361998
1116,1409,340.0,-45.775,169.375,11.68195807695156,9.64195807695156
1117,1411,343.0,-45.775,169.425,11.815847918798681,9.757847918798682
1118,1413,162.0,-45.775,169.475,11.96875688538421,10.99675688538421
1119,887,43.0,-45.825,169.525,11.975363308738451,11.717363308738452
1120,888,141.0,-45.825,169.575,12.110727742139716,11.264727742139716
1121,889,374.0,-45.825,169.625,12.222388081194367,9.978388081194367
1122,890,513.0,-45.825,169.675,12.304320260882378,9.226320260882378
1123,1059,377.0,-45.725,169.525,12.333239543193486,10.071239543193485
1124,1158,460.0,-45.725,169.575,12.456141992064659,9.696141992064659
1125,1165,705.0,-45.725,169.625,12.542788327205926,8.312788327205926
1126,1174,960.0,-45.725,169.675,12.592413988837507,6.832413988837507
1127,1259,400.0,-45.675,169.525,12.624660472443793,10.224660472443793
1128,1260,615.0,-45.675,169.575,12.735115452145692,9.045115452145692
1129,1261,929.0,-45.675,169.625,12.800909448007587,7.226909448007588
1130,1262,1140.0,-45.675,169.675,12.825919451308437,5.985919451308437
1131,1416,209.0,-45.775,169.525,12.118340843473561,10.864340843473562
1132,1419,559.0,-45.775,169.575,12.248364608560223,8.894364608560224
1133,1438,520.0,-45.775,169.625,12.349288589321077,9.229288589321076
1134,1443,686.0,-45.775,169.675,12.417109125177376,8.301109125177376
1135,891,542.0,-45.825,169.725,12.354301193496212,9.102301193496213
1136,892,497.0,-45.825,169.775,12.373168145189993,9.391168145189994
1137,893,388.0,-45.825,169.825,12.364225724653807,10.036225724653807
1138,1183,1076.0,-45.725,169.725,12.608169518760405,6.152169518760406
1139,1184,985.0,-45.725,169.775,12.595435216731858,6.685435216731858
1140,1185,882.0,-45.725,169.825,12.56080740946345,7.2688074094634505
1141,1263,1011.0,-45.675,169.725,12.817181433027145,6.751181433027145
1142,1264,1080.0,-45.675,169.775,12.782835471618455,6.3028354716184545
1143,1265,944.0,-45.675,169.825,12.731069374538492,7.067069374538493
1144,1450,779.0,-45.775,169.725,12.451891074248124,7.777891074248124
1145,1555,878.0,-45.775,169.775,12.456536256999243,7.188536256999243
1146,1558,878.0,-45.775,169.825,12.435940470488276,7.1679404704882765
1147,894,396.0,-45.825,169.875,12.332849287136924,9.956849287136924
1148,895,421.0,-45.825,169.925,12.286297733488027,9.760297733488027
1149,896,469.0,-45.825,169.975,12.233766368532088,9.419766368532088
1150,897,435.0,-45.825,170.025,12.186763774894644,9.576763774894644
1151,1186,604.0,-45.725,169.875,12.51165363920154,8.887653639201542
1152,1187,653.0,-45.725,169.925,12.456072278902866,8.538072278902867
1153,1188,520.0,-45.725,169.975,12.403083621058613,9.283083621058612
1154,1189,526.0,-45.725,170.025,12.362870955723338,9.206870955723339
1155,1266,600.0,-45.675,169.875,12.66982128698146,9.06982128698146
1156,1267,487.0,-45.675,169.925,12.606931176735088,9.684931176735088
1157,1268,455.0,-45.675,169.975,12.550449919188395,9.820449919188395
1158,1269,387.0,-45.675,170.025,12.508849466452375,10.186849466452376
1159,1562,658.0,-45.775,169.875,12.396534989762586,8.448534989762585
1160,1568,553.0,-45.775,169.925,12.346154159749858,9.028154159749858
1161,1666,441.0,-45.775,169.975,12.294169267697725,9.648169267697725
1162,1669,341.0,-45.775,170.025,12.251836506475229,10.20583650647523
1163,898,515.0,-45.825,170.075,12.159970874141436,9.069970874141436
1164,899,497.0,-45.825,170.125,12.172652713488787,9.190652713488788
1165,900,295.0,-45.825,170.175,12.249003526580054,10.479003526580055
1166,901,225.0,-45.825,170.225,12.409008958376944,11.059008958376944
1167,1143,416.0,-45.675,170.125,12.504698158067185,10.008698158067185
1168,1145,359.0,-45.675,170.175,12.556259938050061,10.402259938050062
1169,1149,320.0,-45.675,170.225,12.646918661077507,10.726918661077507
1170,1190,520.0,-45.725,170.075,12.346801325213164,9.226801325213163
1171,1191,520.0,-45.725,170.125,12.366707418404985,9.246707418404984
1172,1192,501.0,-45.725,170.175,12.432646366592962,9.426646366592962
1173,1193,388.0,-45.725,170.225,12.548944146721624,10.220944146721624
1174,1270,514.0,-45.675,170.075,12.490869914996438,9.406869914996438
1175,1673,429.0,-45.775,170.075,12.23273353726836,9.65873353726836
1176,1678,472.0,-45.775,170.125,12.25275371177122,9.42075371177122
1177,1683,409.0,-45.775,170.175,12.327974674582947,9.873974674582946
1178,1689,387.0,-45.775,170.225,12.468028455041349,10.14602845504135
1179,902,52.0,-45.825,170.275,12.647603999474086,12.335603999474086
1180,903,138.0,-45.825,170.325,12.936316584760789,12.10831658476079
1181,904,147.0,-45.825,170.375,13.242726102878805,12.360726102878806
1182,1168,299.0,-45.675,170.275,12.771710201224778,10.977710201224777
1183,1177,382.0,-45.675,170.325,12.919357749458868,10.627357749458868
1184,1194,341.0,-45.725,170.275,12.710600177466404,10.664600177466404
1185,1195,358.0,-45.725,170.325,12.903237629507203,10.755237629507203
1186,1196,400.0,-45.725,170.375,13.106412521621678,10.706412521621678
1187,1279,437.0,-45.675,170.375,13.074129024520516,10.452129024520517
1188,1697,406.0,-45.775,170.275,12.668028014944866,10.232028014944866
1189,1700,53.0,-45.775,170.325,12.908761823549867,12.590761823549867
1190,1704,202.0,-45.775,170.375,13.164072850020602,11.952072850020603
1191,905,199.0,-45.825,170.425,13.535731261654291,12.341731261654292
1192,907,544.0,-45.825,170.475,13.781698607606813,10.517698607606814
1193,908,362.0,-45.825,170.525,13.944533706875518,11.772533706875517
1194,909,274.0,-45.825,170.575,14.011513187433593,12.367513187433593
1195,1197,376.0,-45.725,170.425,13.297379774739966,11.041379774739966
1196,1198,420.0,-45.725,170.475,13.454505164292641,10.934505164292641
1197,1199,202.0,-45.725,170.525,13.561845737043768,12.349845737043768
1198,1282,327.0,-45.675,170.425,13.218611894873902,11.256611894873902
1199,1284,364.0,-45.675,170.475,13.336853014014196,11.152853014014195
1200,1288,259.0,-45.675,170.525,13.417818250483833,11.863818250483833
1201,1296,251.0,-45.675,170.575,13.458434665983077,11.952434665983077
1202,1709,379.0,-45.775,170.425,13.4058588721673,11.1318588721673
1203,1713,456.0,-45.775,170.475,13.605886923149228,10.869886923149227
1204,1718,230.0,-45.775,170.525,13.740703614079393,12.360703614079394
1205,1867,198.0,-45.775,170.575,13.802873704698868,12.614873704698867
1206,910,96.0,-45.825,170.675,13.9674211879028,13.3914211879028
1207,911,13.0,-45.825,170.725,13.918453766149469,13.84045376614947
1208,1304,143.0,-45.675,170.625,13.464582045329735,12.606582045329734
1209,1950,123.0,-45.775,170.625,13.80516053334577,13.06716053334577
1210,1954,174.0,-45.775,170.675,13.770491664879955,12.726491664879955
1211,1408,410.0,-45.625,166.625,12.930356615688652,10.470356615688653
1212,1421,350.0,-45.625,166.675,12.919612970901653,10.819612970901654
1213,1437,417.0,-45.625,166.775,12.863528947462328,10.361528947462329
1214,1444,706.0,-45.625,166.825,12.816410257597454,8.580410257597453
1215,1617,588.0,-45.525,166.725,13.205059958971106,9.677059958971105
1216,1618,596.0,-45.525,166.775,13.166817266610451,9.59081726661045
1217,1619,858.0,-45.525,166.825,13.110435780370608,7.962435780370608
1218,1933,267.0,-45.575,166.725,13.050405568443239,11.448405568443238
1219,1934,602.0,-45.575,166.825,12.960328686865978,9.348328686865978
1220,1451,421.0,-45.625,166.875,12.75642846536357,10.23042846536357
1221,1549,244.0,-45.625,166.925,12.684650504845195,11.220650504845194
1222,1553,893.0,-45.625,166.975,12.60331745503936,7.24531745503936
1223,1620,978.0,-45.525,166.975,12.832233745954,6.964233745954
1224,1935,341.0,-45.575,166.875,12.891673402977176,10.845673402977177
1225,1936,252.0,-45.575,166.925,12.808081023278646,11.296081023278646
1226,1937,674.0,-45.575,166.975,12.711866464233026,8.667866464233025
1227,1565,1158.0,-45.625,167.025,12.515932504553348,5.567932504553348
1228,1571,685.0,-45.625,167.075,12.427295232540928,8.317295232540928
1229,1621,338.0,-45.525,167.025,12.711405358975753,10.683405358975753
1230,1622,1029.0,-45.525,167.075,12.584870383841917,6.410870383841917
1231,1623,1046.0,-45.525,167.125,12.459691108902916,6.183691108902916
1232,1624,875.0,-45.525,167.175,12.344249438378029,7.094249438378029
1233,1646,622.0,-45.625,167.125,12.343582889181562,8.611582889181562
1234,1648,800.0,-45.625,167.175,12.272610190091655,7.472610190091655
1235,1938,1236.0,-45.575,167.025,12.60680467390921,5.19080467390921
1236,1939,764.0,-45.575,167.075,12.498054636758752,7.9140546367587525
1237,1940,1124.0,-45.575,167.125,12.39211995061487,5.64811995061487
1238,1941,335.0,-45.575,167.175,12.297102743876167,10.287102743876167
1239,1120,838.0,-45.575,167.225,12.223777327104472,7.195777327104471
1240,1144,1140.0,-45.575,167.275,12.188211429514922,5.348211429514922
1241,1148,1229.0,-45.575,167.325,12.204223351203837,4.830223351203838
1242,1625,767.0,-45.525,167.225,12.249055905151181,7.6470559051511815
1243,1626,181.0,-45.525,167.275,12.190828244900331,11.10482824490033
1244,1627,459.0,-45.525,167.325,12.197715165093541,9.443715165093542
1245,1650,740.0,-45.625,167.225,12.224246389581822,7.7842463895818215
1246,1653,362.0,-45.625,167.275,12.209686181275174,10.037686181275173
1247,1656,873.0,-45.625,167.325,12.235781657276675,6.997781657276675
1248,1163,265.0,-45.575,167.375,12.262506531784311,10.672506531784311
1249,1172,1169.0,-45.575,167.425,12.350540416198783,5.336540416198783
1250,1181,642.0,-45.575,167.475,12.461056963307783,8.609056963307783
1251,1276,179.0,-45.575,167.525,12.589273593388498,11.515273593388498
1252,1628,1166.0,-45.525,167.375,12.246962755918503,5.250962755918503
1253,1629,179.0,-45.525,167.425,12.325608511921018,11.251608511921019
1254,1630,179.0,-45.525,167.475,12.427367765805684,11.353367765805684
1255,1631,179.0,-45.525,167.525,12.54801520309411,11.47401520309411
1256,1661,561.0,-45.625,167.375,12.29928319028113,8.93328319028113
1257,1665,1025.0,-45.625,167.425,12.392185081262141,6.242185081262142
1258,1670,993.0,-45.625,167.475,12.507510451367125,6.549510451367126
1259,1674,438.0,-45.625,167.525,12.640016698394902,10.012016698394902
1260,1287,205.0,-45.575,167.575,12.731551561853848,11.501551561853848
1261,1294,201.0,-45.575,167.625,12.88483237393666,11.678832373936661
1262,1302,209.0,-45.575,167.675,13.046359033556655,11.792359033556655
1263,1403,233.0,-45.575,167.725,13.213521381723695,11.815521381723695
1264,1632,179.0,-45.525,167.575,12.684287628275342,11.610287628275342
1265,1633,200.0,-45.525,167.625,12.8334226567531,11.633422656753101
1266,1634,220.0,-45.525,167.675,12.992917542345822,11.672917542345822
1267,1635,277.0,-45.525,167.725,13.16038589400705,11.49838589400705
1268,1679,257.0,-45.625,167.575,12.785598085145466,11.243598085145466
1269,1684,682.0,-45.625,167.625,12.940802553435788,8.848802553435789
1270,1691,230.0,-45.625,167.675,13.102542037609965,11.722542037609966
1271,1696,243.0,-45.625,167.725,13.267924636369571,11.809924636369571
1272,1406,371.0,-45.575,167.775,13.383765460574068,11.157765460574069
1273,1410,375.0,-45.575,167.825,13.554540998185985,11.304540998185985
1274,1412,390.0,-45.575,167.875,13.723274169373326,11.383274169373326
1275,1636,260.0,-45.525,167.775,13.333465568895917,11.773465568895917
1276,1637,279.0,-45.525,167.825,13.509756964398548,11.835756964398549
1277,1638,305.0,-45.525,167.875,13.686781189579051,11.856781189579051
1278,1701,538.0,-45.625,167.775,13.434159782715142,10.206159782715142
1279,1706,1023.0,-45.625,167.825,13.598510284733493,7.460510284733493
1280,1710,950.0,-45.625,167.875,13.758277017564978,8.05827701756498
1281,1415,501.0,-45.575,167.925,13.88735790195642,10.88135790195642
1282,1417,523.0,-45.575,167.975,14.044153677939903,10.906153677939903
1283,1423,622.0,-45.575,168.025,14.19099904189352,10.45899904189352
1284,1431,531.0,-45.575,168.075,14.32521508994978,11.13921508994978
1285,1639,424.0,-45.525,167.925,13.861951826664153,11.317951826664153
1286,1640,365.0,-45.525,167.975,14.032555609708652,11.842555609708652
1287,1641,678.0,-45.525,168.025,14.195737905916758,10.127737905916758
1288,1642,573.0,-45.525,168.075,14.348489489755593,10.910489489755593
1289,1715,1115.0,-45.625,167.925,13.91080728295492,7.22080728295492
1290,1719,658.0,-45.625,167.975,14.05351934331702,10.10551934331702
1291,1866,1030.0,-45.625,168.025,14.18393519934034,8.00393519934034
1292,1869,410.0,-45.625,168.075,14.299712656938937,11.839712656938937
1293,1434,379.0,-45.575,168.125,14.444109204225242,12.170109204225241
1294,1439,463.0,-45.575,168.175,14.544971207506023,11.766971207506023
1295,1446,928.0,-45.575,168.225,14.62506649561692,9.05706649561692
1296,1643,419.0,-45.525,168.125,14.487632653908804,11.973632653908805
1297,1644,471.0,-45.525,168.175,14.609808051551227,11.783808051551226
1298,1645,695.0,-45.525,168.225,14.711469269706868,10.541469269706868
1299,1871,390.0,-45.625,168.125,14.398667366767768,12.058667366767768
1300,1873,331.0,-45.625,168.175,14.47877739998512,12.492777399985119
1301,1875,332.0,-45.625,168.225,14.538168054888956,12.546168054888957
1302,1118,783.0,-45.525,168.275,14.788899810810108,10.090899810810107
1303,1154,660.0,-45.525,168.325,14.83827565505635,10.87827565505635
1304,1157,883.0,-45.525,168.375,14.855803117738105,9.557803117738105
1305,1160,531.0,-45.525,168.425,14.83796188159613,11.65196188159613
1306,1532,508.0,-45.575,168.275,14.681637289351784,11.633637289351784
1307,1534,565.0,-45.575,168.325,14.711931312573142,11.321931312573142
1308,1548,339.0,-45.575,168.375,14.71328270889353,12.679282708893531
1309,1551,299.0,-45.575,168.425,14.683268950611819,12.889268950611818
1310,1877,281.0,-45.625,168.275,14.575083164905664,12.889083164905664
1311,1879,255.0,-45.625,168.325,14.587859369930811,13.057859369930812
1312,1881,259.0,-45.625,168.375,14.574927725130692,13.020927725130692
1313,1883,248.0,-45.625,168.425,14.534868055954576,13.046868055954576
1314,1169,510.0,-45.525,168.475,14.781871102866717,11.721871102866718
1315,1178,420.0,-45.525,168.525,14.685767236282118,12.165767236282118
1316,1280,282.0,-45.525,168.575,14.54953585122712,12.85753585122712
1317,1561,338.0,-45.575,168.475,14.61995614861371,12.59195614861371
1318,1567,1008.0,-45.575,168.525,14.522222660889383,8.474222660889383
1319,1573,941.0,-45.575,168.575,14.390121010772418,8.744121010772417
1320,1885,326.0,-45.625,168.475,14.466532521997578,12.510532521997579
1321,1887,746.0,-45.625,168.525,14.369237037666608,9.893237037666609
1322,1889,595.0,-45.625,168.575,14.242998131667264,10.672998131667264
1323,1286,611.0,-45.525,168.625,14.37518894666573,10.70918894666573
1324,1293,518.0,-45.525,168.675,14.167152890877333,11.059152890877332
1325,1301,682.0,-45.525,168.725,13.932263815018814,9.840263815018815
1326,1396,816.0,-45.525,168.775,13.679465859022457,8.783465859022456
1327,1574,420.0,-45.575,168.625,14.225211477431003,11.705211477431003
1328,1575,796.0,-45.575,168.675,14.030792612291407,9.254792612291407
1329,1576,1120.0,-45.575,168.725,13.811976818484254,7.091976818484254
1330,1577,775.0,-45.575,168.775,13.575610129686538,8.92561012968654
1331,1891,952.0,-45.625,168.625,14.088777187571395,8.376777187571395
1332,1893,504.0,-45.625,168.675,13.90869183873292,10.88469183873292
1333,1894,439.0,-45.625,168.725,13.70616817654809,11.07216817654809
1334,1895,438.0,-45.625,168.775,13.486030621221289,10.858030621221289
1335,1397,1025.0,-45.525,168.825,13.4193318769685,7.2693318769685
1336,1398,1032.0,-45.525,168.875,13.163599678257015,6.971599678257014
1337,1399,1034.0,-45.525,168.925,12.92488510417752,6.72088510417752
1338,1400,1188.0,-45.525,168.975,12.716603617824148,5.588603617824148
1339,1578,934.0,-45.575,168.825,13.330090235220268,7.726090235220268
1340,1579,549.0,-45.575,168.875,13.085160481161438,9.791160481161437
1341,1580,258.0,-45.575,168.925,12.851727278030012,11.303727278030012
1342,1581,409.0,-45.575,168.975,12.641668551543262,10.187668551543261
1343,1896,862.0,-45.625,168.825,13.254543220682535,8.082543220682535
1344,1897,277.0,-45.625,168.875,13.019410941749811,11.357410941749812
1345,1898,199.0,-45.625,168.925,12.789717531821225,11.595717531821226
1346,1899,401.0,-45.625,168.975,12.575728695839643,10.169728695839645
1347,1401,631.0,-45.525,169.025,12.552953083999455,8.766953083999455
1348,1402,631.0,-45.525,169.075,12.448618252645247,8.662618252645247
1349,1405,1017.0,-45.525,169.125,12.41766948159784,6.315669481597841
1350,1582,378.0,-45.575,169.025,12.467496216646396,10.199496216646395
1351,1583,1040.0,-45.575,169.075,12.34163778484799,6.1016377848479895
1352,1584,1094.0,-45.575,169.125,12.275061539956369,5.711061539956369
1353,1900,867.0,-45.625,169.025,12.388445216638502,7.186445216638502
1354,1901,1213.0,-45.625,169.075,12.238771414384246,4.960771414384245
1355,1902,743.0,-45.625,169.125,12.136204719310626,7.678204719310627
1356,1420,790.0,-45.525,169.175,12.471038365969434,7.731038365969434
1357,1435,976.0,-45.525,169.225,12.612319097446743,6.7563190974467435
1358,1440,428.0,-45.525,169.275,12.833064053498674,10.265064053498675
1359,1447,135.0,-45.525,169.325,13.110476791742258,12.300476791742257
1360,1585,696.0,-45.575,169.175,12.275107777793892,8.099107777793892
1361,1586,1046.0,-45.575,169.225,12.342953221057542,6.066953221057541
1362,1587,867.0,-45.575,169.275,12.472468775114976,7.270468775114976
1363,1588,145.0,-45.575,169.325,12.654512017907109,11.78451201790711
1364,1903,403.0,-45.625,169.175,12.087128865008708,9.669128865008709
1365,1904,813.0,-45.625,169.225,12.093231968698092,7.215231968698092
1366,1905,638.0,-45.625,169.275,12.151410700986162,8.323410700986162
1367,1906,183.0,-45.625,169.325,12.258417917240877,11.160417917240876
1368,1453,473.0,-45.525,169.375,13.407058227108791,10.56905822710879
1369,1454,556.0,-45.525,169.425,13.670915780996438,10.334915780996438
1370,1455,630.0,-45.525,169.475,13.855014975822996,10.075014975822997
1371,1589,342.0,-45.575,169.375,12.883384186250623,10.831384186250624
1372,1590,531.0,-45.575,169.425,13.121823451889213,9.935823451889213
1373,1591,652.0,-45.575,169.475,13.315301370050292,9.403301370050293
1374,1907,80.0,-45.625,169.375,12.436516907357145,11.956516907357145
1375,1908,242.0,-45.625,169.425,12.655220353743061,11.203220353743061
1376,1909,465.0,-45.625,169.475,12.849735387600958,10.05973538760096
1377,1456,842.0,-45.525,169.525,13.940892889397219,8.88889288939722
1378,1457,893.0,-45.525,169.575,13.938179018907249,8.580179018907248
1379,1458,690.0,-45.525,169.625,13.8711608236772,9.7311608236772
1380,1459,794.0,-45.525,169.675,13.766303655633237,9.002303655633238
1381,1592,764.0,-45.575,169.525,13.438309430726804,8.854309430726804
1382,1593,733.0,-45.575,169.575,13.489374733297154,9.091374733297155
1383,1594,757.0,-45.575,169.625,13.480578304384835,8.938578304384835
1384,1595,735.0,-45.575,169.675,13.429015211819205,9.019015211819205
1385,1910,660.0,-45.625,169.525,12.99461149808485,9.034611498084852
1386,1911,908.0,-45.625,169.575,13.082536611531395,7.634536611531396
1387,1912,894.0,-45.625,169.625,13.117477889405563,7.753477889405564
1388,1913,1071.0,-45.625,169.675,13.109232726914342,6.683232726914342
1389,1460,659.0,-45.525,169.725,13.645185947825667,9.691185947825666
1390,1461,764.0,-45.525,169.775,13.522402300266549,8.93840230026655
1391,1462,859.0,-45.525,169.825,13.406469375360757,8.252469375360757
1392,1596,737.0,-45.575,169.725,13.351173010771163,8.929173010771162
1393,1597,795.0,-45.575,169.775,13.26032224309165,8.49032224309165
1394,1598,922.0,-45.575,169.825,13.166125523566734,7.634125523566734
1395,1914,959.0,-45.625,169.725,13.069349757221062,7.315349757221062
1396,1915,984.0,-45.625,169.775,13.008735610870644,7.1047356108706445
1397,1916,996.0,-45.625,169.825,12.936744685459416,6.960744685459416
1398,1463,969.0,-45.525,169.875,13.301869559683837,7.487869559683838
1399,1464,822.0,-45.525,169.925,13.211019316804595,8.279019316804595
1400,1465,941.0,-45.525,169.975,13.135614147642627,7.4896141476426275
1401,1466,972.0,-45.525,170.025,13.077250977687072,7.245250977687072
1402,1599,915.0,-45.575,169.875,13.075423674716149,7.585423674716148
1403,1600,811.0,-45.575,169.925,12.993347752548289,8.127347752548289
1404,1601,709.0,-45.575,169.975,12.924234055739362,8.670234055739362
1405,1602,397.0,-45.575,170.025,12.872099796077237,10.490099796077237
1406,1917,784.0,-45.625,169.875,12.861246579675935,8.157246579675935
1407,1918,539.0,-45.625,169.925,12.789140646462329,9.555140646462329
1408,1919,507.0,-45.625,169.975,12.726904404698871,9.684904404698871
1409,1920,463.0,-45.625,170.025,12.68089691066416,9.90289691066416
1410,1467,246.0,-45.525,170.075,13.037443314737175,11.561443314737176
1411,1468,199.0,-45.525,170.125,13.01721652323613,11.82321652323613
1412,1469,218.0,-45.525,170.175,13.016497711709235,11.708497711709235
1413,1470,391.0,-45.525,170.225,13.033539115975145,10.687539115975145
1414,1603,241.0,-45.575,170.075,12.840613748063333,11.394613748063334
1415,1604,195.0,-45.575,170.125,12.832604129216634,11.662604129216634
1416,1605,256.0,-45.575,170.175,12.849252664193045,11.313252664193046
1417,1606,303.0,-45.575,170.225,12.889256856404245,11.071256856404245
1418,1921,441.0,-45.625,170.075,12.657231219753157,10.011231219753157
1419,1922,380.0,-45.625,170.125,12.661104358616285,10.381104358616286
1420,1923,290.0,-45.625,170.175,12.695620211248752,10.955620211248752
1421,1924,249.0,-45.625,170.225,12.760431982460432,11.266431982460432
1422,1471,335.0,-45.525,170.275,13.06461409124313,11.05461409124313
1423,1472,365.0,-45.525,170.325,13.104159554466605,10.914159554466606
1424,1473,571.0,-45.525,170.375,13.145409245509654,9.719409245509654
1425,1607,260.0,-45.575,170.275,12.948333850421477,11.388333850421477
1426,1608,446.0,-45.575,170.325,13.01937296811957,10.343372968119569
1427,1609,622.0,-45.575,170.375,13.09331621194724,9.36131621194724
1428,1925,323.0,-45.625,170.275,12.850829064787831,10.91282906478783
1429,1926,404.0,-45.625,170.325,12.957846155390143,10.533846155390144
1430,1927,587.0,-45.625,170.375,13.069497036631219,9.547497036631219
1431,1474,634.0,-45.525,170.425,13.181423659843858,9.377423659843858
1432,1475,413.0,-45.525,170.475,13.206324405386113,10.728324405386113
1433,1476,424.0,-45.525,170.525,13.216487339115702,10.672487339115701
1434,1477,306.0,-45.525,170.575,13.211442514497321,11.37544251449732
1435,1610,482.0,-45.575,170.425,13.160613682470284,10.268613682470285
1436,1611,521.0,-45.575,170.475,13.212983879260719,10.08698387926072
1437,1612,223.0,-45.575,170.525,13.245152354531456,11.907152354531457
1438,1613,258.0,-45.575,170.575,13.256179870513733,11.708179870513733
1439,1928,412.0,-45.625,170.425,13.172799042193219,10.70079904219322
1440,1929,320.0,-45.625,170.475,13.256202877440955,11.336202877440956
1441,1930,299.0,-45.625,170.525,13.312074322253466,11.518074322253465
1442,1931,21.0,-45.625,170.575,13.338648151489906,13.212648151489907
1443,1478,192.0,-45.525,170.625,13.194325271353591,12.042325271353592
1444,1479,49.0,-45.525,170.675,13.172039171797223,12.878039171797223
1445,1480,156.0,-45.525,170.725,13.155272606760263,12.219272606760263
1446,1614,173.0,-45.575,170.625,13.250006995454896,12.212006995454896
1447,1615,125.0,-45.575,170.675,13.23492298903875,12.48492298903875
1448,1616,47.0,-45.575,170.725,13.221214392513502,12.939214392513502
1449,1932,20.0,-45.625,170.625,13.340692547906656,13.220692547906657
1450,1070,607.0,-45.425,166.775,13.474594622734003,9.832594622734003
1451,1071,826.0,-45.425,166.825,13.41834706964437,8.46234706964437
1452,1422,601.0,-45.375,166.825,13.567460490157828,9.961460490157828
1453,1481,178.0,-45.475,166.725,13.358844752656296,12.290844752656296
1454,1482,667.0,-45.475,166.775,13.32189445453696,9.31989445453696
1455,1483,625.0,-45.475,166.825,13.264312538667582,9.514312538667582
1456,1773,728.0,-45.325,166.825,13.70460957614705,9.33660957614705
1457,1072,1130.0,-45.425,166.975,13.098156614927575,6.318156614927575
1458,1436,520.0,-45.375,166.875,13.485730502288789,10.365730502288788
1459,1445,756.0,-45.375,166.925,13.37299758696463,8.83699758696463
1460,1452,81.0,-45.375,166.975,13.233406158862635,12.747406158862635
1461,1484,290.0,-45.475,166.875,13.184554743696935,11.444554743696935
1462,1485,840.0,-45.475,166.925,13.082969954586588,8.042969954586589
1463,1486,628.0,-45.475,166.975,12.96235550637357,9.194355506373569
1464,1774,782.0,-45.325,166.875,13.625558554427698,8.933558554427698
1465,1775,349.0,-45.325,166.925,13.50861688493751,11.41461688493751
1466,1073,356.0,-45.425,167.025,12.951628103270195,10.815628103270196
1467,1074,986.0,-45.425,167.075,12.797497390653007,6.881497390653007
1468,1075,167.0,-45.425,167.175,12.505288202431984,11.503288202431984
1469,1487,81.0,-45.475,167.025,12.827847716864198,12.341847716864198
1470,1488,1073.0,-45.475,167.125,12.54599363123998,6.107993631239981
1471,1489,218.0,-45.475,167.175,12.416235961718485,11.108235961718485
1472,1531,310.0,-45.375,167.125,12.748044659383595,10.888044659383596
1473,1535,528.0,-45.375,167.175,12.599176008021459,9.43117600802146
1474,1776,180.0,-45.325,167.025,13.191046745399944,12.111046745399944
1475,1777,319.0,-45.325,167.075,13.015598799334839,11.10159879933484
1476,1778,1175.0,-45.325,167.125,12.844284803257324,5.794284803257324
1477,1076,872.0,-45.425,167.225,12.389357693260536,7.157357693260535
1478,1078,513.0,-45.425,167.275,12.310032251523808,9.232032251523808
1479,1079,521.0,-45.425,167.325,12.275208072620444,9.149208072620445
1480,1490,959.0,-45.475,167.225,12.30884170124773,6.55484170124773
1481,1491,1117.0,-45.475,167.275,12.240608176216483,5.538608176216483
1482,1492,877.0,-45.475,167.325,12.225902524893172,6.9639025248931725
1483,1537,1091.0,-45.375,167.225,12.47426668589469,5.92826668589469
1484,1539,1012.0,-45.375,167.275,12.382666083402,6.310666083402001
1485,1541,249.0,-45.375,167.325,12.329925661091693,10.835925661091693
1486,1779,910.0,-45.325,167.225,12.552883090102114,7.092883090102114
1487,1780,362.0,-45.325,167.275,12.44913320534397,10.277133205343969
1488,1781,1023.0,-45.325,167.325,12.380306628532708,6.242306628532708
1489,1020,1060.0,-45.325,167.475,12.381750476779416,6.021750476779417
1490,1026,204.0,-45.325,167.525,12.443120265728794,11.219120265728794
1491,1080,581.0,-45.425,167.375,12.282487933756784,8.796487933756783
1492,1081,1052.0,-45.425,167.425,12.324624257627875,6.012624257627875
1493,1082,1104.0,-45.425,167.475,12.395366880693473,5.771366880693473
1494,1083,904.0,-45.425,167.525,12.490205054637045,7.066205054637045
1495,1493,179.0,-45.475,167.375,12.255859544849955,11.181859544849955
1496,1494,1018.0,-45.475,167.425,12.318345322157256,6.210345322157257
1497,1495,275.0,-45.475,167.475,12.406458187266253,10.756458187266253
1498,1496,258.0,-45.475,167.525,12.515781728434376,10.967781728434376
1499,1544,734.0,-45.375,167.375,12.316024064668454,7.912024064668454
1500,1547,1341.0,-45.375,167.425,12.337224206654355,4.2912242066543556
1501,1554,1034.0,-45.375,167.475,12.389010583749041,6.185010583749041
1502,1559,1049.0,-45.375,167.525,12.4674568582559,6.173456858255901
1503,1782,1499.0,-45.325,167.375,12.347434102208354,3.353434102208354
1504,1783,474.0,-45.325,167.425,12.348865143372677,9.504865143372678
1505,1030,810.0,-45.325,167.575,12.530324698076583,7.670324698076584
1506,1034,1054.0,-45.325,167.625,12.641094199672807,6.317094199672808
1507,1038,962.0,-45.325,167.675,12.773449650965631,7.001449650965632
1508,1042,257.0,-45.325,167.725,12.925570570223499,11.3835705702235
1509,1084,1267.0,-45.425,167.575,12.605786137166433,5.003786137166434
1510,1085,636.0,-45.425,167.625,12.739431629597675,8.923431629597676
1511,1086,259.0,-45.425,167.675,12.888831624935847,11.334831624935847
1512,1087,221.0,-45.425,167.725,13.05184685101267,11.725846851012669
1513,1497,200.0,-45.475,167.575,12.643052123486996,11.443052123486996
1514,1498,232.0,-45.475,167.625,12.78559446928557,11.39359446928557
1515,1499,324.0,-45.475,167.675,12.941036089905538,10.997036089905539
1516,1500,280.0,-45.475,167.725,13.10713663714705,11.42713663714705
1517,1564,1206.0,-45.375,167.575,12.569403978937771,5.333403978937771
1518,1570,625.0,-45.375,167.625,12.692278313741554,8.942278313741554
1519,1657,260.0,-45.375,167.675,12.833875098731369,11.273875098731368
1520,1660,204.0,-45.375,167.725,12.992175777966622,11.768175777966622
1521,1046,219.0,-45.325,167.775,13.095659130543936,11.781659130543936
1522,1050,293.0,-45.325,167.825,13.28181111899903,11.523811118999031
1523,1054,358.0,-45.325,167.875,13.481897329562344,11.333897329562344
1524,1088,324.0,-45.425,167.775,13.226369913609233,11.282369913609234
1525,1089,380.0,-45.425,167.825,13.410220279358327,11.130220279358328
1526,1090,393.0,-45.425,167.875,13.601060085522477,11.243060085522476
1527,1501,348.0,-45.475,167.775,13.281675300386269,11.193675300386268
1528,1502,361.0,-45.475,167.825,13.462369637330994,11.296369637330994
1529,1503,371.0,-45.475,167.875,13.646813895611558,11.420813895611559
1530,1664,285.0,-45.375,167.775,13.165200013318099,11.455200013318098
1531,1675,338.0,-45.375,167.825,13.350883122941013,11.322883122941013
1532,1680,390.0,-45.375,167.875,13.546971926174592,11.206971926174592
1533,1058,440.0,-45.325,167.925,13.693457460089121,11.05345746008912
1534,1091,529.0,-45.425,167.925,13.796324099705089,10.62232409970509
1535,1092,515.0,-45.425,167.975,13.993159851932433,10.903159851932433
1536,1093,561.0,-45.425,168.025,14.188375046069268,10.822375046069268
1537,1094,461.0,-45.425,168.075,14.378389778721612,11.612389778721612
1538,1146,703.0,-45.325,167.975,13.913608038041275,9.695608038041275
1539,1150,523.0,-45.325,168.025,14.138964343699627,11.000964343699627
1540,1164,817.0,-45.325,168.075,14.365573696035426,9.463573696035425
1541,1504,420.0,-45.475,167.925,13.832430293026846,11.312430293026846
1542,1505,465.0,-45.475,167.975,14.016429016017355,11.226429016017356
1543,1506,538.0,-45.475,168.025,14.19577363843564,10.96777363843564
1544,1507,439.0,-45.475,168.075,14.367149449477438,11.733149449477438
1545,1687,393.0,-45.375,167.925,13.75093503401149,11.39293503401149
1546,1692,464.0,-45.375,167.975,13.959885300660972,11.175885300660973
1547,1695,625.0,-45.375,168.025,14.170512336597312,10.420512336597312
1548,1702,691.0,-45.375,168.075,14.379022359731607,10.233022359731606
1549,1095,520.0,-45.425,168.125,14.55919212079607,11.439192120796069
1550,1096,934.0,-45.425,168.175,14.726298240653705,9.122298240653706
1551,1097,1360.0,-45.425,168.225,14.874723598710261,6.714723598710261
1552,1173,913.0,-45.325,168.125,14.58885465824278,9.11085465824278
1553,1182,617.0,-45.325,168.175,14.803535182203632,11.101535182203632
1554,1274,610.0,-45.325,168.225,15.003584059304558,11.343584059304558
1555,1508,533.0,-45.475,168.125,14.526933761313558,11.328933761313557
1556,1509,1092.0,-45.475,168.175,14.671170572808478,8.119170572808478
1557,1510,798.0,-45.475,168.225,14.79555770161096,10.00755770161096
1558,1707,978.0,-45.375,168.125,14.58108226530021,8.713082265300212
1559,1712,855.0,-45.375,168.175,14.771765835408587,9.641765835408588
1560,1717,677.0,-45.375,168.225,14.945504027011339,10.88350402701134
1561,1098,1336.0,-45.425,168.275,14.998980877920985,6.982980877920985
1562,1099,1203.0,-45.425,168.325,15.093133939022664,7.875133939022665
1563,1100,1071.0,-45.425,168.375,15.150955001532566,8.724955001532566
1564,1101,959.0,-45.425,168.425,15.166250921611208,9.412250921611209
1565,1295,1473.0,-45.325,168.275,15.182136310148053,6.344136310148054
1566,1303,1823.0,-45.325,168.325,15.33142764866352,4.39342764866352
1567,1404,1123.0,-45.325,168.375,15.442782101570629,8.704782101570629
1568,1424,1265.0,-45.325,168.425,15.506750661006663,7.916750661006663
1569,1511,1215.0,-45.475,168.275,14.895462920540012,7.605462920540012
1570,1512,1144.0,-45.475,168.325,14.965996304992586,8.101996304992586
1571,1513,903.0,-45.475,168.375,15.002176830894314,9.584176830894314
1572,1514,860.0,-45.475,168.425,14.9992374983849,9.8392374983849
1573,1721,873.0,-45.375,168.275,15.09604995045811,9.85804995045811
1574,1722,1198.0,-45.375,168.325,15.216484848351683,8.028484848351685
1575,1723,1238.0,-45.375,168.375,15.299316880118567,7.871316880118568
1576,1724,958.0,-45.375,168.425,15.336761308892164,9.588761308892163
1577,1102,1222.0,-45.425,168.475,15.133433054958005,7.801433054958005
1578,1103,799.0,-45.425,168.525,15.048379947198555,10.254379947198554
1579,1104,475.0,-45.425,168.575,14.90954878256889,12.059548782568891
1580,1432,1576.0,-45.325,168.475,15.513587437220849,6.05758743722085
1581,1441,1331.0,-45.325,168.525,15.454358499497175,7.4683584994971755
1582,1448,660.0,-45.325,168.575,15.323000924836379,11.36300092483638
1583,1515,378.0,-45.475,168.475,14.953106033266522,12.685106033266521
1584,1516,616.0,-45.475,168.525,14.86106464813929,11.16506464813929
1585,1517,457.0,-45.475,168.575,14.722522220923565,11.980522220923564
1586,1725,676.0,-45.375,168.475,15.321331989311147,11.265331989311147
1587,1726,802.0,-45.375,168.525,15.246888784051407,10.434888784051408
1588,1727,400.0,-45.375,168.575,15.110199045622721,12.710199045622721
1589,1105,653.0,-45.425,168.625,14.719113505503628,10.80111350550363
1590,1106,350.0,-45.425,168.675,14.483708905754611,12.383708905754611
1591,1107,625.0,-45.425,168.725,14.214322931424249,10.464322931424249
1592,1108,1151.0,-45.425,168.775,13.925182236009277,7.019182236009278
1593,1518,422.0,-45.475,168.625,14.539734642428812,12.007734642428812
1594,1519,313.0,-45.475,168.675,14.318232736433856,12.440232736433856
1595,1520,670.0,-45.475,168.725,14.066743437608238,10.046743437608239
1596,1521,703.0,-45.475,168.775,13.796567516692448,9.578567516692448
1597,1536,914.0,-45.325,168.625,15.119308768189512,9.635308768189512
1598,1540,639.0,-45.325,168.675,14.851841503579635,11.017841503579636
1599,1543,308.0,-45.325,168.725,14.538630403752904,12.690630403752905
1600,1546,990.0,-45.325,168.775,14.204040727112442,8.264040727112441
1601,1728,795.0,-45.375,168.625,14.912784490035847,10.142784490035847
1602,1729,354.0,-45.375,168.675,14.662355668842793,12.538355668842792
1603,1730,1184.0,-45.375,168.725,14.372845045349095,7.268845045349095
1604,1731,1547.0,-45.375,168.775,14.062515111058019,4.780515111058019
1605,1109,1378.0,-45.425,168.825,13.632025650062133,5.364025650062134
1606,1110,1336.0,-45.425,168.875,13.350545893714298,5.3345458937142975
1607,1111,1470.0,-45.425,168.925,13.095679324527737,4.275679324527738
1608,1112,1520.0,-45.425,168.975,12.881973115960136,3.761973115960137
1609,1522,989.0,-45.475,168.825,13.520637689565774,7.586637689565774
1610,1523,1433.0,-45.475,168.875,13.252652836206835,4.654652836206836
1611,1524,1291.0,-45.475,168.925,13.00664030230837,5.26064030230837
1612,1525,1069.0,-45.475,168.975,12.79707429674454,6.383074296744541
1613,1552,1505.0,-45.325,168.825,13.872979522973765,4.842979522973765
1614,1556,852.0,-45.325,168.875,13.565974904340692,8.453974904340694
1615,1560,1284.0,-45.325,168.925,13.297590271919034,5.593590271919035
1616,1566,1565.0,-45.325,168.975,13.07790084410226,3.687900844102259
1617,1732,884.0,-45.375,168.825,13.750828875403386,8.446828875403387
1618,1733,1283.0,-45.375,168.875,13.455675274541136,5.757675274541136
1619,1734,1371.0,-45.375,168.925,13.192227979423478,4.966227979423477
1620,1735,1779.0,-45.375,168.975,12.973657928872854,2.299657928872854
1621,1113,1268.0,-45.425,169.025,12.724840770242736,5.116840770242736
1622,1114,1009.0,-45.425,169.075,12.642284149245825,6.588284149245825
1623,1115,1169.0,-45.425,169.125,12.656361838278826,5.642361838278827
1624,1526,1094.0,-45.475,169.025,12.639404734713025,6.075404734713026
1625,1527,698.0,-45.475,169.075,12.550585939956363,8.362585939956364
1626,1528,923.0,-45.475,169.125,12.548849106766284,7.010849106766283
1627,1572,1519.0,-45.325,169.025,12.915552614023909,3.80155261402391
1628,1649,1478.0,-45.325,169.075,12.821589553030208,3.953589553030209
1629,1652,1444.0,-45.325,169.125,12.814457415777724,4.1504574157777245
1630,1736,1343.0,-45.375,169.025,12.813219178584404,4.7552191785844045
1631,1737,1221.0,-45.375,169.075,12.727235896687489,5.4012358966874885
1632,1738,1270.0,-45.375,169.125,12.738746202841867,5.1187462028418675
1633,1001,595.0,-45.475,169.275,13.191074210277293,9.621074210277293
1634,1003,131.0,-45.475,169.325,13.58124596340349,12.79524596340349
1635,1116,1416.0,-45.425,169.175,12.792736862204038,4.296736862204037
1636,1117,1362.0,-45.425,169.225,13.074400399171282,4.902400399171283
1637,1122,500.0,-45.425,169.275,13.503372492210474,10.503372492210474
1638,1123,317.0,-45.425,169.325,14.030702809279319,12.12870280927932
1639,1529,1054.0,-45.475,169.175,12.65140784473624,6.327407844736242
1640,1530,1201.0,-45.475,169.225,12.868252086744178,5.662252086744179
1641,1654,1346.0,-45.325,169.175,12.927624103263952,4.851624103263951
1642,1658,1406.0,-45.325,169.225,13.221076467714738,4.785076467714738
1643,1662,658.0,-45.325,169.275,13.786020023515448,9.838020023515448
1644,1667,435.0,-45.325,169.325,14.668056202412117,12.058056202412118
1645,1739,1523.0,-45.375,169.175,12.881061048421543,3.743061048421543
1646,1740,1317.0,-45.375,169.225,13.197175832872745,5.295175832872745
1647,1741,312.0,-45.375,169.275,13.720765004458372,11.848765004458372
1648,1742,374.0,-45.375,169.325,14.415414020826574,12.171414020826575
1649,1004,407.0,-45.475,169.375,13.968729505490046,11.526729505490046
1650,1005,735.0,-45.475,169.425,14.27407665346982,9.86407665346982
1651,1006,884.0,-45.475,169.475,14.44525187916588,9.141251879165882
1652,1124,486.0,-45.425,169.375,14.542776248126756,11.626776248126756
1653,1125,905.0,-45.425,169.425,14.907844265690073,9.477844265690074
1654,1126,818.0,-45.425,169.475,15.057682933809701,10.149682933809702
1655,1671,582.0,-45.325,169.375,15.62448925897479,12.13248925897479
1656,1676,540.0,-45.325,169.425,16.165544071875047,12.925544071875047
1657,1681,536.0,-45.325,169.475,16.169497660186607,12.953497660186606
1658,1743,651.0,-45.375,169.375,15.105086932017002,11.199086932017003
1659,1744,663.0,-45.375,169.425,15.550049369107,11.572049369107
1660,1745,773.0,-45.375,169.475,15.654536500107497,11.016536500107497
1661,1007,871.0,-45.475,169.525,14.477477871987503,9.251477871987504
1662,1008,860.0,-45.475,169.575,14.401961348077748,9.241961348077748
1663,1009,785.0,-45.475,169.625,14.26217683183495,9.552176831834949
1664,1012,800.0,-45.475,169.675,14.096389111480676,9.296389111480675
1665,1127,852.0,-45.425,169.525,15.013184778217692,9.901184778217694
1666,1128,817.0,-45.425,169.575,14.843131199479103,9.941131199479102
1667,1129,743.0,-45.425,169.625,14.61833636870142,10.160336368701422
1668,1130,975.0,-45.425,169.675,14.389722270308994,8.539722270308994
1669,1685,680.0,-45.325,169.525,15.860456308466382,11.780456308466382
1670,1688,759.0,-45.325,169.575,15.446113000449259,10.89211300044926
1671,1693,733.0,-45.325,169.625,15.054287535254844,10.656287535254844
1672,1698,707.0,-45.325,169.675,14.74446195398923,10.50246195398923
1673,1746,765.0,-45.375,169.525,15.498505876166746,10.908505876166746
1674,1747,799.0,-45.375,169.575,15.211729813774582,10.417729813774582
1675,1748,802.0,-45.375,169.625,14.897200656530913,10.085200656530914
1676,1749,991.0,-45.375,169.675,14.614769520587288,8.668769520587288
1677,1015,728.0,-45.475,169.725,13.930539058870636,9.562539058870636
1678,1017,671.0,-45.475,169.775,13.77840881148586,9.75240881148586
1679,1019,553.0,-45.475,169.825,13.645119968161453,10.327119968161453
1680,1131,980.0,-45.425,169.725,14.18468961986946,8.30468961986946
1681,1132,871.0,-45.425,169.775,14.0123526348616,8.7863526348616
1682,1133,586.0,-45.425,169.825,13.871287871850654,10.355287871850654
1683,1703,916.0,-45.325,169.725,14.524386307981331,9.028386307981332
1684,1708,833.0,-45.325,169.775,14.374170886469074,9.376170886469072
1685,1714,993.0,-45.325,169.825,14.268239599827211,8.310239599827213
1686,1750,1103.0,-45.375,169.725,14.386904222541489,7.768904222541489
1687,1751,1077.0,-45.375,169.775,14.2121013404103,7.7501013404103
1688,1752,907.0,-45.375,169.825,14.078604052774608,8.636604052774608
1689,1022,674.0,-45.475,169.875,13.531109270115849,9.487109270115848
1690,1024,929.0,-45.475,169.925,13.435126049269456,7.8611260492694575
1691,1027,1098.0,-45.475,169.975,13.355906374636106,6.767906374636106
1692,1031,1244.0,-45.475,170.025,13.292762486671563,5.828762486671564
1693,1134,591.0,-45.425,169.875,13.756038324383553,10.210038324383554
1694,1135,556.0,-45.425,169.925,13.661009393748827,10.325009393748827
1695,1136,893.0,-45.425,169.975,13.582066874834709,8.224066874834708
1696,1137,1227.0,-45.425,170.025,13.516720473533496,6.154720473533497
1697,1720,460.0,-45.325,169.875,14.186547155317385,11.426547155317385
1698,1753,502.0,-45.375,169.875,13.973617351439316,10.961617351439315
1699,1754,557.0,-45.375,169.925,13.887324544950388,10.545324544950388
1700,1755,567.0,-45.375,169.975,13.813540505536366,10.411540505536367
1701,1756,963.0,-45.375,170.025,13.74893945507938,7.97093945507938
1702,1784,389.0,-45.325,169.925,14.116725416562986,11.782725416562986
1703,1785,447.0,-45.325,169.975,14.052379950589966,11.370379950589966
1704,1786,925.0,-45.325,170.025,13.99081868887879,8.440818688878789
1705,1036,550.0,-45.475,170.075,13.24547715333756,9.94547715333756
1706,1040,233.0,-45.475,170.125,13.213841106044129,11.815841106044129
1707,1044,239.0,-45.475,170.175,13.197087103617378,11.763087103617378
1708,1048,539.0,-45.475,170.225,13.19341560913017,9.95941560913017
1709,1138,1403.0,-45.425,170.075,13.463651152094826,5.045651152094827
1710,1139,614.0,-45.425,170.125,13.422042448306456,9.738042448306457
1711,1140,257.0,-45.425,170.175,13.3909557419247,11.8489557419247
1712,1141,319.0,-45.425,170.225,13.368876098538749,11.45487609853875
1713,1757,1190.0,-45.375,170.075,13.69197127118241,6.551971271182411
1714,1758,1192.0,-45.375,170.125,13.641907326411456,6.489907326411456
1715,1759,748.0,-45.375,170.175,13.598134544794448,9.110134544794448
1716,1760,248.0,-45.375,170.225,13.559711390582379,12.07171139058238
1717,1788,1065.0,-45.325,170.075,13.931295237678569,7.541295237678569
1718,1789,1146.0,-45.325,170.125,13.873854501871392,6.997854501871392
1719,1791,1142.0,-45.325,170.175,13.818630832189228,6.966630832189229
1720,1793,531.0,-45.325,170.225,13.765468027908355,10.579468027908355
1721,1052,456.0,-45.475,170.275,13.199762777832802,10.463762777832802
1722,1056,384.0,-45.475,170.325,13.211903000366874,10.907903000366874
1723,1060,501.0,-45.475,170.375,13.224897835985757,10.218897835985757
1724,1121,480.0,-45.425,170.325,13.341798722627573,10.461798722627574
1725,1142,624.0,-45.425,170.275,13.35350046295207,9.60950046295207
1726,1147,458.0,-45.425,170.375,13.330331942124758,10.582331942124759
1727,1761,387.0,-45.375,170.275,13.525176334136631,11.203176334136632
1728,1762,646.0,-45.375,170.325,13.49258911976358,9.61658911976358
1729,1763,450.0,-45.375,170.375,13.459768212283961,10.759768212283962
1730,1795,320.0,-45.325,170.275,13.713783168233931,11.793783168233931
1731,1797,533.0,-45.325,170.325,13.662622464937158,10.464622464937158
1732,1799,696.0,-45.325,170.375,13.610861030116212,9.434861030116211
1733,1061,539.0,-45.475,170.425,13.233818442968186,9.999818442968186
1734,1062,614.0,-45.475,170.475,13.234602315584198,9.550602315584198
1735,1063,444.0,-45.475,170.525,13.224870286183432,10.560870286183432
1736,1064,327.0,-45.475,170.575,13.204539143829606,11.242539143829607
1737,1151,596.0,-45.425,170.425,13.315764353901614,9.739764353901613
1738,1167,517.0,-45.425,170.475,13.295468328637071,10.19346832863707
1739,1176,475.0,-45.425,170.525,13.268106851959601,10.418106851959601
1740,1278,360.0,-45.425,170.575,13.234100827481598,11.074100827481598
1741,1764,520.0,-45.375,170.425,13.424667069455609,10.304667069455608
1742,1765,553.0,-45.375,170.475,13.385816109890584,10.067816109890584
1743,1766,484.0,-45.375,170.525,13.342755058314651,10.438755058314651
1744,1767,339.0,-45.375,170.575,13.296399179613218,11.262399179613219
1745,1801,599.0,-45.325,170.425,13.557495237910189,9.96349523791019
1746,1803,395.0,-45.325,170.475,13.501973786624148,11.131973786624147
1747,1805,261.0,-45.325,170.525,13.44451386993751,11.87851386993751
1748,1807,119.0,-45.325,170.575,13.38634992291918,12.67234992291918
1749,1065,174.0,-45.475,170.625,13.176150623185094,12.132150623185094
1750,1066,69.0,-45.475,170.675,13.145110677927732,12.731110677927733
1751,1067,15.0,-45.475,170.725,13.12214586592745,13.03214586592745
1752,1289,240.0,-45.425,170.625,13.195979769167025,11.755979769167025
1753,1297,59.0,-45.425,170.675,13.15885686391266,12.804856863912661
1754,1305,100.0,-45.425,170.725,13.131065355206374,12.531065355206374
1755,1768,61.0,-45.375,170.625,13.249316300265491,12.883316300265491
1756,1769,147.0,-45.375,170.675,13.205824689590372,12.323824689590372
1757,1770,385.0,-45.375,170.725,13.17112311621895,10.86112311621895
1758,1809,584.0,-45.325,170.625,13.329842513543554,9.825842513543554
1759,1811,449.0,-45.325,170.675,13.278269956470467,10.584269956470468
1760,1813,504.0,-45.325,170.725,13.234952800907195,10.210952800907194
1761,1068,20.0,-45.475,170.775,13.117386709083803,12.997386709083804
1762,1069,53.0,-45.475,170.825,13.121758887544274,12.803758887544275
1763,1407,188.0,-45.425,170.775,13.117863334657159,11.989863334657159
1764,1771,170.0,-45.375,170.775,13.148105416214094,12.128105416214094
1765,1772,40.0,-45.375,170.825,13.135604937910102,12.895604937910102
1766,1815,89.0,-45.325,170.775,13.201781851006672,12.667781851006671
1767,1821,5.0,-45.325,170.825,13.178556124505121,13.148556124505122
1768,1790,606.0,-45.225,166.925,13.704205597168766,10.068205597168767
1769,1823,307.0,-45.275,166.925,13.624800297198817,11.782800297198817
1770,1825,640.0,-45.275,166.975,13.465462108026259,9.625462108026259
1771,1320,155.0,-45.175,167.025,13.385338083375245,12.455338083375246
1772,1321,1107.0,-45.175,167.075,13.198415451217443,6.556415451217442
1773,1322,850.0,-45.175,167.175,12.842944681295194,7.742944681295194
1774,1792,834.0,-45.225,167.025,13.35397285502404,8.34997285502404
1775,1794,1143.0,-45.225,167.075,13.166049529798329,6.308049529798329
1776,1796,678.0,-45.225,167.125,12.983261724817567,8.915261724817567
1777,1798,734.0,-45.225,167.175,12.813648679410107,8.409648679410108
1778,1826,638.0,-45.275,167.025,13.287170417839661,9.459170417839662
1779,1828,397.0,-45.275,167.075,13.10351643152535,10.72151643152535
1780,1830,826.0,-45.275,167.175,12.760527709499002,7.804527709499002
1781,1323,806.0,-45.175,167.225,12.68846718815621,7.85246718815621
1782,1324,1125.0,-45.175,167.275,12.556641169358045,5.806641169358045
1783,1325,179.0,-45.175,167.325,12.451124418526888,11.377124418526888
1784,1800,465.0,-45.225,167.225,12.663990527158603,9.873990527158604
1785,1802,1164.0,-45.225,167.275,12.53965605830308,5.5556560583030805
1786,1804,1030.0,-45.225,167.325,12.444355045212433,6.264355045212432
1787,1832,914.0,-45.275,167.225,12.617809938266873,7.133809938266873
1788,1834,1240.0,-45.275,167.275,12.502941819373518,5.062941819373519
1789,1836,1366.0,-45.275,167.325,12.419888128060848,4.223888128060848
1790,1326,1191.0,-45.175,167.375,12.374226295156404,5.2282262951564045
1791,1327,1182.0,-45.175,167.425,12.327087736921385,5.235087736921385
1792,1328,1350.0,-45.175,167.475,12.309987215034198,4.209987215034198
1793,1329,1166.0,-45.175,167.525,12.32267631374998,5.326676313749981
1794,1806,795.0,-45.225,167.375,12.380068524507806,7.610068524507806
1795,1808,1170.0,-45.225,167.425,12.347293009399436,5.327293009399437
1796,1810,1208.0,-45.225,167.475,12.345509042788763,5.097509042788763
1797,1812,974.0,-45.225,167.525,12.373667745734565,6.529667745734565
1798,1868,938.0,-45.275,167.375,12.37024464062415,6.7422446406241505
1799,1870,471.0,-45.275,167.425,12.353643450769596,9.527643450769595
1800,1872,1201.0,-45.275,167.475,12.36855195730459,5.16255195730459
1801,1874,1396.0,-45.275,167.525,12.41300431243144,4.03700431243144
1802,1330,1185.0,-45.175,167.575,12.364656099816784,5.254656099816785
1803,1331,353.0,-45.175,167.625,12.435351639112923,10.317351639112923
1804,1332,204.0,-45.175,167.675,12.534182172908913,11.310182172908913
1805,1333,343.0,-45.175,167.725,12.660543044854421,10.602543044854421
1806,1814,895.0,-45.225,167.575,12.430546619812958,7.060546619812959
1807,1816,1293.0,-45.225,167.625,12.51493892451981,4.756938924519812
1808,1817,782.0,-45.225,167.675,12.625707264931407,7.933707264931407
1809,1818,204.0,-45.225,167.725,12.76174528838601,11.53774528838601
1810,1876,1462.0,-45.275,167.575,12.485037558653858,3.713037558653859
1811,1878,1071.0,-45.275,167.625,12.58285992819583,6.15685992819583
1812,1880,918.0,-45.275,167.675,12.704855792573653,7.196855792573653
1813,1882,204.0,-45.275,167.725,12.849508520506788,11.625508520506788
1814,1334,204.0,-45.175,167.775,12.813719434547238,11.589719434547238
1815,1335,225.0,-45.175,167.825,12.992752119433135,11.642752119433135
1816,1336,231.0,-45.175,167.875,13.196277432201896,11.810277432201897
1817,1819,204.0,-45.225,167.775,12.921882346854545,11.697882346854545
1818,1820,239.0,-45.225,167.825,13.104755812324584,11.670755812324584
1819,1822,361.0,-45.225,167.875,13.30867041106103,11.14267041106103
1820,1884,204.0,-45.275,167.775,13.01528636092553,11.791286360925529
1821,1886,375.0,-45.275,167.825,13.200514231109992,10.950514231109992
1822,1888,364.0,-45.275,167.875,13.403244647954125,11.219244647954124
1823,1337,297.0,-45.175,167.925,13.422367021499667,11.640367021499667
1824,1338,559.0,-45.175,167.975,13.668393703526817,10.314393703526818
1825,1339,1074.0,-45.175,168.025,13.930943126964848,7.4869431269648485
1826,1340,898.0,-45.175,168.075,14.205776257265825,8.817776257265825
1827,1824,530.0,-45.225,167.925,13.531462103652302,10.351462103652302
1828,1827,583.0,-45.225,167.975,13.770381852169521,10.272381852169522
1829,1829,1026.0,-45.225,168.025,14.022009224165231,7.866009224165231
1830,1831,804.0,-45.225,168.075,14.282196527230553,9.458196527230555
1831,1890,400.0,-45.275,167.925,13.62113747332478,11.221137473324779
1832,1892,485.0,-45.275,167.975,13.851355888764374,10.941355888764374
1833,1942,707.0,-45.275,168.025,14.090482410101686,9.848482410101685
1834,1943,1051.0,-45.275,168.075,14.334453266230412,8.028453266230411
1835,1341,1137.0,-45.175,168.125,14.487829283054452,7.665829283054453
1836,1342,1101.0,-45.175,168.175,14.771222220675554,8.165222220675554
1837,1343,1014.0,-45.175,168.225,15.049239215266425,8.965239215266426
1838,1833,1358.0,-45.225,168.125,14.546033139980864,6.398033139980864
1839,1835,615.0,-45.225,168.175,14.807810112717561,11.117810112717562
1840,1837,839.0,-45.225,168.225,15.060959182213992,10.026959182213993
1841,1944,1284.0,-45.275,168.125,14.578503266151529,6.874503266151529
1842,1945,631.0,-45.275,168.175,14.817108119954355,11.031108119954355
1843,1946,991.0,-45.275,168.225,15.043908904539421,9.097908904539421
1844,1344,940.0,-45.175,168.275,15.314240399748087,9.674240399748086
1845,1345,459.0,-45.175,168.325,15.55746089736931,12.80346089736931
1846,1346,808.0,-45.175,168.375,15.768639935762621,10.920639935762622
1847,1347,1286.0,-45.175,168.425,15.935399069683626,8.219399069683627
1848,1838,912.0,-45.225,168.275,15.297938013100065,9.825938013100066
1849,1839,668.0,-45.225,168.325,15.510033881990239,11.50203388199024
1850,1840,1279.0,-45.225,168.375,15.687063473335002,8.013063473335002
1851,1841,1141.0,-45.225,168.425,15.816972153261304,8.970972153261304
1852,1947,679.0,-45.275,168.275,15.251605333935004,11.177605333935004
1853,1948,1040.0,-45.275,168.325,15.431813200411852,9.191813200411852
1854,1949,1296.0,-45.275,168.375,15.574903968838044,7.798903968838044
1855,1951,1236.0,-45.275,168.425,15.669899314234499,8.253899314234499
1856,1119,1445.0,-45.275,168.575,15.545062857039738,6.8750628570397385
1857,1348,1468.0,-45.175,168.475,16.042273061117157,7.2342730611171575
1858,1349,1634.0,-45.175,168.525,16.069423068780452,6.265423068780452
1859,1350,1283.0,-45.175,168.575,15.99194647744298,8.29394647744298
1860,1842,1294.0,-45.225,168.475,15.885435518925078,8.121435518925079
1861,1843,539.0,-45.225,168.525,15.875887610018253,12.641887610018253
1862,1844,1175.0,-45.225,168.575,15.771230439015198,8.721230439015198
1863,1952,943.0,-45.275,168.475,15.704618739371654,10.046618739371654
1864,1953,1463.0,-45.275,168.525,15.666526466840878,6.888526466840878
1865,1162,1308.0,-45.275,168.625,15.336215908930171,7.488215908930171
1866,1171,1585.0,-45.275,168.675,15.048474977200385,5.538474977200385
1867,1180,326.0,-45.275,168.725,14.705805720528588,12.749805720528588
1868,1281,464.0,-45.275,168.775,14.342529084766284,11.558529084766285
1869,1351,384.0,-45.175,168.625,15.78424692194676,13.48024692194676
1870,1352,786.0,-45.175,168.675,15.44002191076288,10.724021910762879
1871,1353,308.0,-45.175,168.725,15.003645406919532,13.155645406919533
1872,1354,974.0,-45.175,168.775,14.560705507930834,8.716705507930833
1873,1845,1310.0,-45.225,168.625,15.559767641418148,7.699767641418148
1874,1846,1316.0,-45.225,168.675,15.24694112711586,7.350941127115861
1875,1847,308.0,-45.225,168.725,14.865358836075757,13.017358836075758
1876,1848,938.0,-45.225,168.775,14.466838480439037,8.838838480439037
1877,1283,1754.0,-45.275,168.825,13.992015249212272,3.4680152492122733
1878,1285,1538.0,-45.275,168.875,13.677915026550181,4.4499150265501815
1879,1290,835.0,-45.275,168.925,13.412843144207727,8.402843144207727
1880,1298,1396.0,-45.275,168.975,13.201972817303613,4.825972817303613
1881,1355,1895.0,-45.175,168.825,14.179265799582936,2.8092657995829367
1882,1356,2071.0,-45.175,168.875,13.882853013114072,1.4568530131140722
1883,1357,1405.0,-45.175,168.925,13.668338983494323,5.238338983494323
1884,1358,754.0,-45.175,168.975,13.525434146693442,9.001434146693441
1885,1849,1493.0,-45.225,168.825,14.098253428412136,5.1402534284121355
1886,1850,1690.0,-45.225,168.875,13.785809929482639,3.64580992948264
1887,1851,1094.0,-45.225,168.925,13.537319307390135,6.973319307390136
1888,1852,709.0,-45.225,168.975,13.351137432211544,9.097137432211545
1889,1306,1404.0,-45.275,169.025,13.04752551857382,4.623525518573821
1890,1359,944.0,-45.175,169.025,13.444362263660878,7.780362263660878
1891,1360,1181.0,-45.175,169.075,13.417533313971944,6.331533313971944
1892,1361,632.0,-45.175,169.125,13.440615960280411,9.648615960280411
1893,1414,1712.0,-45.275,169.075,12.952751427597832,2.6807514275978317
1894,1418,1320.0,-45.275,169.125,12.92633989971364,5.00633989971364
1895,1853,902.0,-45.225,169.025,13.222744932689238,7.810744932689238
1896,1854,1583.0,-45.225,169.075,13.148232103092596,3.6502321030925966
1897,1855,1218.0,-45.225,169.125,13.127072484407108,5.8190724844071084
1898,1362,583.0,-45.175,169.175,13.518018151342403,10.020018151342404
1899,1363,607.0,-45.175,169.225,13.681504765409045,10.039504765409045
1900,1364,642.0,-45.175,169.275,14.037638579437044,10.185638579437043
1901,1365,293.0,-45.175,169.325,14.755885221937206,12.997885221937207
1902,1425,1358.0,-45.275,169.175,12.989838921232149,4.841838921232149
1903,1426,1127.0,-45.275,169.225,13.194538991141599,6.432538991141599
1904,1427,565.0,-45.275,169.275,13.669545163982548,10.279545163982547
1905,1428,252.0,-45.275,169.325,14.672327110311016,13.160327110311016
1906,1856,778.0,-45.225,169.175,13.167049039737321,8.499049039737322
1907,1857,801.0,-45.225,169.225,13.294085500005167,8.488085500005166
1908,1858,480.0,-45.225,169.275,13.574361560167745,10.694361560167746
1909,1859,173.0,-45.225,169.325,14.394475341250654,13.356475341250654
1910,1366,280.0,-45.175,169.375,15.67170103843091,13.99170103843091
1911,1367,269.0,-45.175,169.425,16.1683582662954,14.554358266295399
1912,1368,180.0,-45.175,169.475,16.025438525306527,14.945438525306527
1913,1429,261.0,-45.275,169.375,16.03238494246034,14.46638494246034
1914,1430,368.0,-45.275,169.425,16.645288548548706,14.437288548548706
1915,1433,330.0,-45.275,169.475,16.471872632740997,14.491872632740996
1916,1860,169.0,-45.225,169.375,15.976936307561118,14.962936307561119
1917,1861,199.0,-45.225,169.425,16.625739443232305,15.431739443232306
1918,1862,225.0,-45.225,169.475,16.399408201337792,15.049408201337792
1919,1077,437.0,-45.225,169.675,14.707680924795568,12.085680924795568
1920,1369,292.0,-45.175,169.525,15.532110417727381,13.78011041772738
1921,1370,468.0,-45.175,169.575,14.989450398657937,12.181450398657937
1922,1371,622.0,-45.175,169.625,14.666652996034827,10.934652996034828
1923,1372,412.0,-45.175,169.675,14.640536968247034,12.168536968247034
1924,1442,361.0,-45.275,169.525,16.004376347584184,13.838376347584184
1925,1449,558.0,-45.275,169.575,15.486285718681756,12.138285718681757
1926,1533,618.0,-45.275,169.625,15.056597269838676,11.348597269838676
1927,1538,624.0,-45.275,169.675,14.767941368569154,11.023941368569155
1928,1863,344.0,-45.225,169.525,15.868892467697151,13.804892467697151
1929,1864,601.0,-45.225,169.575,15.311396978562698,11.705396978562698
1930,1865,450.0,-45.225,169.625,14.906113100703806,12.206113100703806
1931,1152,521.0,-45.225,169.725,14.650509749597404,11.524509749597405
1932,1153,619.0,-45.225,169.775,14.648342521686573,10.934342521686572
1933,1155,870.0,-45.225,169.825,14.651323390135076,9.431323390135077
1934,1373,447.0,-45.175,169.725,14.741052186349407,12.059052186349406
1935,1374,631.0,-45.175,169.775,14.83807163167512,11.05207163167512
1936,1375,1006.0,-45.175,169.825,14.894764159922488,8.858764159922487
1937,1542,739.0,-45.275,169.725,14.601421474595554,10.167421474595555
1938,1545,781.0,-45.275,169.775,14.509534434531815,9.823534434531815
1939,1550,844.0,-45.275,169.825,14.451710941677447,9.387710941677447
1940,1156,894.0,-45.225,169.875,14.640809976088349,9.276809976088348
1941,1159,439.0,-45.225,169.925,14.613020629622042,11.979020629622042
1942,1166,387.0,-45.225,169.975,14.5695408564643,12.247540856464301
1943,1175,375.0,-45.225,170.025,14.513426685763989,12.263426685763989
1944,1376,858.0,-45.175,169.875,14.911462113726884,9.763462113726884
1945,1377,471.0,-45.175,169.925,14.896076128992718,12.070076128992717
1946,1378,404.0,-45.175,169.975,14.856200562033337,12.432200562033337
1947,1379,381.0,-45.175,170.025,14.797937513911165,12.511937513911166
1948,1557,662.0,-45.275,169.875,14.404106531233992,10.432106531233993
1949,1563,401.0,-45.275,169.925,14.35571995814098,11.949719958140982
1950,1569,372.0,-45.275,169.975,14.302748954680283,12.070748954680283
1951,1647,417.0,-45.275,170.025,14.24481112707872,11.74281112707872
1952,1277,388.0,-45.225,170.075,14.4478115963866,12.1198115963866
1953,1291,419.0,-45.225,170.125,14.375423821154982,11.861423821154983
1954,1299,596.0,-45.225,170.175,14.298407873371616,10.722407873371615
1955,1307,584.0,-45.225,170.225,14.218282174435444,10.714282174435445
1956,1380,381.0,-45.175,170.075,14.726086224545725,12.440086224545725
1957,1381,368.0,-45.175,170.125,14.6444300590083,12.4364300590083
1958,1382,409.0,-45.175,170.175,14.555881306878291,12.10188130687829
1959,1383,362.0,-45.175,170.225,14.462547580245882,12.290547580245882
1960,1651,498.0,-45.275,170.075,14.182897744642105,11.194897744642105
1961,1655,735.0,-45.275,170.125,14.118333540158346,9.708333540158346
1962,1659,805.0,-45.275,170.175,14.052255367336329,9.222255367336329
1963,1663,746.0,-45.275,170.225,13.985379662248306,9.509379662248307
1964,1308,482.0,-45.225,170.275,14.136018543096725,11.244018543096725
1965,1309,542.0,-45.225,170.325,14.0522146030562,10.800214603056201
1966,1310,631.0,-45.225,170.375,13.967298572184518,10.181298572184518
1967,1384,379.0,-45.175,170.275,14.365902969962917,12.091902969962916
1968,1385,549.0,-45.175,170.325,14.267048111127224,10.973048111127223
1969,1386,620.0,-45.175,170.375,14.166925154975615,10.446925154975617
1970,1668,340.0,-45.275,170.275,13.917965029890183,11.877965029890184
1971,1672,425.0,-45.275,170.325,13.84991574747255,11.29991574747255
1972,1677,691.0,-45.275,170.375,13.780975555302575,9.634975555302574
1973,1311,491.0,-45.225,170.425,13.8817299278453,10.9357299278453
1974,1312,503.0,-45.225,170.475,13.796180434408598,10.778180434408597
1975,1313,775.0,-45.225,170.525,13.711674586404115,9.061674586404116
1976,1314,852.0,-45.225,170.575,13.629654237185605,8.517654237185607
1977,1387,757.0,-45.175,170.425,14.066472110978793,9.524472110978794
1978,1388,1345.0,-45.175,170.475,13.96674185298616,5.896741852986162
1979,1389,1105.0,-45.175,170.525,13.868982972053345,7.238982972053345
1980,1390,744.0,-45.175,170.575,13.774659780785441,9.310659780785441
1981,1682,642.0,-45.275,170.425,13.710967566934414,9.858967566934414
1982,1686,381.0,-45.275,170.475,13.640042824379634,11.354042824379635
1983,1690,413.0,-45.275,170.525,13.568898949306458,11.090898949306458
1984,1694,606.0,-45.275,170.575,13.498920583166182,9.862920583166183
1985,1315,840.0,-45.225,170.625,13.551919952849858,8.511919952849858
1986,1316,567.0,-45.225,170.675,13.480406077636871,10.078406077636872
1987,1317,326.0,-45.225,170.725,13.416804727807175,11.460804727807176
1988,1391,492.0,-45.175,170.625,13.685385316959582,10.733385316959582
1989,1392,541.0,-45.175,170.675,13.602756278414745,10.356756278414744
1990,1393,237.0,-45.175,170.725,13.52811985363951,12.106119853639509
1991,1699,703.0,-45.275,170.625,13.432169520179741,9.214169520179741
1992,1705,339.0,-45.275,170.675,13.371116867638193,11.337116867638194
1993,1711,325.0,-45.275,170.725,13.31804449838819,11.36804449838819
1994,1318,98.0,-45.225,170.775,13.362182024400681,12.774182024400682
1995,1319,57.0,-45.225,170.825,13.316808625182603,12.974808625182602
1996,1394,52.0,-45.175,170.775,13.462357084616087,13.150357084616088
1997,1395,26.0,-45.175,170.825,13.405784001981374,13.249784001981373
1998,1716,56.0,-45.275,170.775,13.274321578908712,12.938321578908711
1999,1787,21.0,-45.275,170.825,13.24009185686009,13.11409185686009
2000,2062,20.0,-45.175,170.875,13.358209535013884,13.238209535013885
2001,2114,884.0,-45.125,167.025,13.3819765195949,8.077976519594902
2002,2124,457.0,-45.125,167.075,13.200175716308877,10.458175716308876
2003,2228,437.0,-45.125,167.125,13.019433372304775,10.397433372304775
2004,2231,687.0,-45.125,167.175,12.847388485097326,8.725388485097326
2005,2530,375.0,-44.975,167.175,12.728462343802676,10.478462343802676
2006,2798,621.0,-45.025,167.125,12.954431430902332,9.228431430902333
2007,2981,864.0,-45.075,167.075,13.174314818577841,7.990314818577841
2008,2982,535.0,-45.075,167.125,12.998138859984465,9.788138859984466
2009,2983,907.0,-45.075,167.175,12.828018705360591,7.386018705360591
2010,2251,936.0,-45.125,167.225,12.690237887320109,7.074237887320109
2011,2256,395.0,-45.125,167.275,12.552908149547875,10.182908149547874
2012,2264,913.0,-45.125,167.325,12.439125238684937,6.961125238684937
2013,2531,160.0,-44.975,167.225,12.571971073572058,11.611971073572057
2014,2532,1165.0,-44.975,167.275,12.427223390433937,5.437223390433937
2015,2533,411.0,-44.975,167.325,12.298014889645856,9.832014889645855
2016,2799,104.0,-45.025,167.225,12.629642702755518,12.005642702755518
2017,2800,530.0,-45.025,167.275,12.486209090217017,9.306209090217017
2018,2801,110.0,-45.025,167.325,12.36085039266618,11.70085039266618
2019,2984,1240.0,-45.075,167.225,12.669981767539866,5.229981767539867
2020,2985,1047.0,-45.075,167.275,12.528902075020596,6.246902075020596
2021,2986,148.0,-45.075,167.325,12.408596089691855,11.520596089691855
2022,2272,221.0,-45.125,167.375,12.35149982094299,11.02549982094299
2023,2380,1383.0,-45.125,167.425,12.291685315547511,3.993685315547511
2024,2392,260.0,-45.125,167.475,12.260603546281345,10.700603546281345
2025,2490,749.0,-45.125,167.525,12.258692611940205,7.764692611940205
2026,2534,651.0,-44.975,167.375,12.187475326412823,8.281475326412824
2027,2535,60.0,-44.975,167.475,12.032215658866335,11.672215658866335
2028,2536,474.0,-44.975,167.525,11.991450360510498,9.147450360510499
2029,2802,228.0,-45.025,167.375,12.256612175551709,10.888612175551708
2030,2803,426.0,-45.025,167.425,12.175860128423665,9.619860128423666
2031,2804,417.0,-45.025,167.475,12.120433841424529,9.61843384142453
2032,2805,822.0,-45.025,167.525,12.091813672916032,7.159813672916032
2033,2987,172.0,-45.075,167.375,12.31193011807045,11.27993011807045
2034,2988,897.0,-45.075,167.425,12.240965566132218,6.858965566132217
2035,2989,935.0,-45.075,167.475,12.19714176049456,6.587141760494561
2036,2990,1166.0,-45.075,167.525,12.181473492353689,5.185473492353689
2037,2494,737.0,-45.125,167.575,12.286125009297393,7.8641250092973936
2038,2500,827.0,-45.125,167.625,12.342960414884146,7.380960414884147
2039,2506,1286.0,-45.125,167.675,12.429217832745053,4.713217832745054
2040,2537,710.0,-44.975,167.575,11.977556381840259,7.717556381840259
2041,2538,1194.0,-44.975,167.625,11.992206073191483,4.828206073191483
2042,2539,704.0,-44.975,167.675,12.03715835523326,7.813158355233259
2043,2540,1015.0,-44.975,167.725,12.114293847698718,6.0242938476987185
2044,2602,560.0,-45.125,167.725,12.544865400879644,9.184865400879644
2045,2806,1140.0,-45.025,167.575,12.091280262044165,5.251280262044165
2046,2807,912.0,-45.025,167.625,12.120045026938897,6.648045026938897
2047,2808,1574.0,-45.025,167.675,12.179330094018951,2.735330094018952
2048,2809,490.0,-45.025,167.725,12.270374533371069,9.330374533371069
2049,2991,218.0,-45.075,167.575,12.194732025731355,10.886732025731355
2050,2992,1667.0,-45.075,167.625,12.237581876164768,2.2355818761647672
2051,2993,1104.0,-45.075,167.675,12.310653374297544,5.686653374297545
2052,2994,726.0,-45.075,167.725,12.414537196047604,8.058537196047604
2053,2541,1167.0,-44.975,167.775,12.225542358472012,5.223542358472012
2054,2542,830.0,-44.975,167.825,12.372646991163492,7.392646991163492
2055,2543,473.0,-44.975,167.875,12.556726654991508,9.718726654991507
2056,2606,1174.0,-45.125,167.775,12.68973341747187,5.645733417471871
2057,2613,204.0,-45.125,167.825,12.863362695439719,11.639362695439718
2058,2615,260.0,-45.125,167.875,13.064810427837074,11.504810427837073
2059,2810,957.0,-45.025,167.775,12.394341393373907,6.652341393373907
2060,2811,922.0,-45.025,167.825,12.552104190050159,7.020104190050159
2061,2812,204.0,-45.025,167.875,12.743915637140162,11.519915637140162
2062,2995,973.0,-45.075,167.775,12.549691890191752,6.711691890191752
2063,2996,312.0,-45.075,167.825,12.716263931011781,10.844263931011781
2064,2997,528.0,-45.075,167.875,12.913838186941575,9.745838186941576
2065,2064,1262.0,-45.075,168.075,13.97268548537977,6.400685485379771
2066,2544,597.0,-44.975,167.925,12.777684213535395,9.195684213535394
2067,2545,1207.0,-44.975,167.975,13.033652206126135,5.791652206126135
2068,2546,452.0,-44.975,168.025,13.320743615215179,10.608743615215179
2069,2547,1388.0,-44.975,168.075,13.63323492713971,5.305234927139711
2070,2617,275.0,-45.125,167.925,13.292448482941836,11.642448482941836
2071,2622,738.0,-45.125,167.975,13.543796941346955,9.115796941346954
2072,2688,1135.0,-45.125,168.025,13.815429210546426,7.005429210546427
2073,2731,1026.0,-45.125,168.075,14.102961233758833,7.946961233758834
2074,2813,662.0,-45.025,167.925,12.96901379089104,8.99701379089104
2075,2814,1375.0,-45.025,167.975,13.225281688326504,4.975281688326504
2076,2815,882.0,-45.025,168.025,13.509090401697904,8.217090401697904
2077,2816,675.0,-45.025,168.075,13.815381503896788,9.765381503896787
2078,2998,947.0,-45.075,167.925,13.14116463449318,7.459164634493179
2079,2999,376.0,-45.075,167.975,13.395931287959684,11.139931287959683
2080,3000,933.0,-45.075,168.025,13.67465055116918,8.07665055116918
2081,2123,1378.0,-45.075,168.125,14.284383597841952,6.016383597841953
2082,2229,1692.0,-45.075,168.175,14.603245556005277,4.451245556005276
2083,2232,731.0,-45.075,168.225,14.922052816022187,10.536052816022188
2084,2548,1512.0,-44.975,168.125,13.964040434977505,4.892040434977506
2085,2549,1511.0,-44.975,168.175,14.305203567782883,5.239203567782884
2086,2550,496.0,-44.975,168.225,14.64820911543211,11.67220911543211
2087,2745,905.0,-45.125,168.125,14.401105615659617,8.971105615659617
2088,2746,1227.0,-45.125,168.175,14.703747361083515,7.341747361083516
2089,2747,822.0,-45.125,168.225,15.00398980540922,10.071989805409219
2090,2817,1637.0,-45.025,168.125,14.137925244693179,4.315925244693178
2091,2818,1477.0,-45.025,168.175,14.469619030773174,5.607619030773174
2092,2819,1196.0,-45.025,168.225,14.802705149515532,7.626705149515532
2093,2238,1001.0,-45.075,168.275,15.232898217684124,9.226898217684123
2094,2240,847.0,-45.075,168.325,15.527081045904197,10.445081045904196
2095,2245,756.0,-45.075,168.375,15.79482279176591,11.25882279176591
2096,2258,308.0,-45.075,168.425,16.02471455122577,14.176714551225771
2097,2551,777.0,-44.975,168.275,14.984057113120798,10.322057113120799
2098,2552,1708.0,-44.975,168.325,15.303107305022422,5.055107305022423
2099,2553,308.0,-44.975,168.375,15.59468922263477,13.746689222634771
2100,2554,308.0,-44.975,168.425,15.846396316832397,13.998396316832398
2101,2748,843.0,-45.125,168.275,15.294122457038611,10.236122457038611
2102,2750,1670.0,-45.125,168.325,15.565463576873299,5.545463576873299
2103,2753,412.0,-45.125,168.375,15.808013962989207,13.336013962989208
2104,2757,537.0,-45.125,168.425,16.00980472296942,12.78780472296942
2105,2820,1338.0,-45.025,168.275,15.128843066398986,7.100843066398985
2106,2821,1051.0,-45.025,168.325,15.439012519374955,9.133012519374955
2107,2822,889.0,-45.025,168.375,15.723224567773286,10.389224567773287
2108,2823,308.0,-45.025,168.425,15.96997324359836,14.121973243598362
2109,2268,725.0,-45.075,168.475,16.202680081885774,11.852680081885774
2110,2276,308.0,-45.075,168.525,16.30988020292716,14.461880202927162
2111,2377,308.0,-45.075,168.575,16.317766994819976,14.469766994819977
2112,2555,724.0,-44.975,168.475,16.042816969857085,11.698816969857084
2113,2556,1464.0,-44.975,168.525,16.163050727627706,7.379050727627705
2114,2557,582.0,-44.975,168.575,16.175215649302118,12.683215649302117
2115,2761,379.0,-45.125,168.475,16.15569311688887,13.881693116888869
2116,2765,495.0,-45.125,168.525,16.225087501341477,13.255087501341476
2117,2769,923.0,-45.125,168.575,16.187739832501393,10.649739832501393
2118,2824,1532.0,-45.025,168.475,16.16524561139522,6.973245611395221
2119,2825,1035.0,-45.025,168.525,16.290609587507788,10.080609587507787
2120,2826,607.0,-45.025,168.575,16.3189319766243,12.6769319766243
2121,2390,308.0,-45.075,168.625,16.17332839802839,14.32532839802839
2122,2486,308.0,-45.075,168.675,15.764152842340991,13.916152842340992
2123,2493,400.0,-45.075,168.725,15.118196411174722,12.718196411174722
2124,2499,637.0,-45.075,168.775,14.575866130937357,10.753866130937357
2125,2558,954.0,-44.975,168.625,16.023621324275155,10.299621324275154
2126,2559,752.0,-44.975,168.675,15.624705428082962,11.112705428082961
2127,2560,414.0,-44.975,168.725,15.04246760852402,12.55846760852402
2128,2561,420.0,-44.975,168.775,14.60045712563442,12.080457125634421
2129,2773,1572.0,-45.125,168.625,15.998928799526766,6.566928799526766
2130,2778,665.0,-45.125,168.675,15.617964692180976,11.627964692180976
2131,2781,308.0,-45.125,168.725,15.099428185378201,13.251428185378202
2132,2785,1187.0,-45.125,168.775,14.602777553664055,7.480777553664056
2133,2827,879.0,-45.025,168.625,16.201722458936274,10.927722458936275
2134,2828,661.0,-45.025,168.675,15.791925697529223,11.825925697529222
2135,2829,308.0,-45.025,168.725,15.038280848006252,13.190280848006253
2136,2830,785.0,-45.025,168.775,14.524192975310143,9.814192975310142
2137,2505,1786.0,-45.075,168.825,14.239550412166864,3.5235504121668644
2138,2562,459.0,-44.975,168.825,14.37609715713188,11.622097157131881
2139,2563,641.0,-44.975,168.875,14.281774126226082,10.435774126226082
2140,2564,1315.0,-44.975,168.925,14.276935074070934,6.3869350740709345
2141,2565,1026.0,-44.975,168.975,14.343475778005086,8.187475778005087
2142,2614,1499.0,-45.075,168.875,14.043634832138196,5.049634832138196
2143,2618,960.0,-45.075,168.925,13.945380311750341,8.185380311750341
2144,2623,888.0,-45.075,168.975,13.924559734063223,8.596559734063224
2145,2789,2051.0,-45.125,168.825,14.22443844989175,1.9184384498917488
2146,2793,1433.0,-45.125,168.875,13.965806195337791,5.367806195337792
2147,2831,1000.0,-45.025,168.825,14.270587890874594,8.270587890874594
2148,2832,1126.0,-45.025,168.875,14.141508542234078,7.385508542234079
2149,2833,537.0,-45.025,168.925,14.101297374989372,10.879297374989372
2150,2834,325.0,-45.025,168.975,14.134233119664714,12.184233119664714
2151,2878,917.0,-45.125,168.925,13.803604706306942,8.301604706306943
2152,2941,962.0,-45.125,168.975,13.719291843590327,7.947291843590327
2153,2566,833.0,-44.975,169.025,14.471102271578275,9.473102271578274
2154,2567,973.0,-44.975,169.075,14.651121055474505,8.813121055474504
2155,2568,1198.0,-44.975,169.125,14.870518820825964,7.6825188208259645
2156,2689,396.0,-45.075,169.025,13.9711588601931,11.5951588601931
2157,2691,782.0,-45.075,169.075,14.080032170983031,9.388032170983031
2158,2693,302.0,-45.075,169.125,14.247089818585664,12.435089818585665
2159,2835,466.0,-45.025,169.025,14.232311284809839,11.43631128480984
2160,2836,889.0,-45.025,169.075,14.39059356751386,9.056593567513861
2161,2837,605.0,-45.025,169.125,14.602872691641096,10.972872691641097
2162,2942,1196.0,-45.125,169.025,13.701069792092312,6.525069792092312
2163,2943,1083.0,-45.125,169.075,13.741578008630313,7.243578008630313
2164,2944,719.0,-45.125,169.125,13.836158711405005,9.522158711405005
2165,2108,196.0,-45.025,169.225,15.06614001217531,13.89014001217531
2166,2118,595.0,-45.025,169.275,15.255037333292421,11.68503733329242
2167,2127,1283.0,-45.025,169.325,15.442019618756603,7.744019618756604
2168,2569,337.0,-44.975,169.175,15.102135243243538,13.080135243243538
2169,2570,302.0,-44.975,169.225,15.303876799473073,13.491876799473074
2170,2571,325.0,-44.975,169.275,15.467730533331633,13.517730533331633
2171,2572,734.0,-44.975,169.325,15.60341520694783,11.19941520694783
2172,2695,199.0,-45.075,169.175,14.460762543138117,13.266762543138118
2173,2697,201.0,-45.075,169.225,14.69160492438823,13.48560492438823
2174,2699,598.0,-45.075,169.275,14.958646668703295,11.370646668703294
2175,2701,1014.0,-45.075,169.325,15.266395239916164,9.182395239916165
2176,2838,316.0,-45.025,169.175,14.851214747526683,12.955214747526682
2177,2945,368.0,-45.125,169.175,13.984215549484361,11.77621554948436
2178,2946,602.0,-45.125,169.225,14.205532015999779,10.593532015999779
2179,2947,987.0,-45.125,169.275,14.562576000404079,8.640576000404078
2180,2948,355.0,-45.125,169.325,15.062257936398964,12.932257936398965
2181,2237,1455.0,-45.025,169.375,15.579758880543523,6.849758880543522
2182,2239,1427.0,-45.025,169.425,15.609843285521492,7.047843285521493
2183,2241,772.0,-45.025,169.475,15.512159159989096,10.880159159989097
2184,2573,1085.0,-44.975,169.375,15.695465052791405,9.185465052791406
2185,2574,1235.0,-44.975,169.425,15.723166528099682,8.313166528099682
2186,2575,850.0,-44.975,169.475,15.689896216150373,10.589896216150374
2187,2703,1157.0,-45.075,169.375,15.526129736972507,8.584129736972507
2188,2705,599.0,-45.075,169.425,15.61687267414527,12.02287267414527
2189,2706,359.0,-45.075,169.475,15.474977788340766,13.320977788340766
2190,2949,519.0,-45.125,169.375,15.553660556615796,12.439660556615795
2191,2950,399.0,-45.125,169.425,15.796337150095496,13.402337150095496
2192,2951,319.0,-45.125,169.475,15.652449163084384,13.738449163084384
2193,2247,431.0,-45.025,169.525,15.339441910327878,12.753441910327878
2194,2252,376.0,-45.025,169.575,15.223995907697827,12.967995907697826
2195,2255,380.0,-45.025,169.625,15.3311428289162,13.0511428289162
2196,2263,378.0,-45.025,169.675,15.64612850145204,13.37812850145204
2197,2576,813.0,-44.975,169.525,15.641109108633827,10.763109108633827
2198,2577,848.0,-44.975,169.575,15.657589726441074,10.569589726441073
2199,2578,489.0,-44.975,169.625,15.80346817523241,12.869468175232411
2200,2579,409.0,-44.975,169.675,16.03150094934972,13.57750094934972
2201,2708,323.0,-45.075,169.525,15.154407402907964,13.216407402907963
2202,2711,323.0,-45.075,169.575,14.819870591338258,12.881870591338258
2203,2713,356.0,-45.075,169.625,14.780119290633593,12.644119290633594
2204,2715,398.0,-45.075,169.675,15.115472152014263,12.727472152014263
2205,2952,269.0,-45.125,169.525,15.220921155181713,13.606921155181713
2206,2953,282.0,-45.125,169.575,14.716790387756191,13.024790387756191
2207,2954,460.0,-45.125,169.625,14.498909120506141,11.738909120506142
2208,2955,456.0,-45.125,169.675,14.720539045869373,11.984539045869372
2209,2271,358.0,-45.025,169.725,15.838639436289668,13.690639436289668
2210,2381,514.0,-45.025,169.775,15.91188629262615,12.82788629262615
2211,2385,549.0,-45.025,169.825,15.934616006212309,12.640616006212309
2212,2580,413.0,-44.975,169.725,16.19999145483598,13.721991454835981
2213,2581,402.0,-44.975,169.775,16.27396266593132,13.861962665931323
2214,2582,508.0,-44.975,169.825,16.289610030769836,13.241610030769836
2215,2716,521.0,-45.075,169.725,15.380084962234832,12.254084962234833
2216,2718,433.0,-45.075,169.775,15.506265037984122,12.908265037984123
2217,2720,436.0,-45.075,169.825,15.559860420878977,12.943860420878977
2218,2956,401.0,-45.125,169.725,14.968861224944703,12.562861224944704
2219,2957,437.0,-45.125,169.775,15.124201080063358,12.502201080063358
2220,2958,781.0,-45.125,169.825,15.200649613630958,10.514649613630958
2221,2391,470.0,-45.025,169.875,15.921270619204734,13.101270619204733
2222,2483,766.0,-45.025,169.925,15.878594792389777,11.282594792389776
2223,2487,557.0,-45.025,169.975,15.811368353664875,12.469368353664875
2224,2498,564.0,-45.025,170.025,15.723650348139927,12.339650348139926
2225,2583,691.0,-44.975,169.875,16.26694837852847,12.120948378528468
2226,2584,574.0,-44.975,169.925,16.214560578984674,12.770560578984675
2227,2585,570.0,-44.975,169.975,16.13734908401966,12.717349084019661
2228,2586,691.0,-44.975,170.025,16.03914164501475,11.893141645014751
2229,2722,862.0,-45.075,169.875,15.56642630067654,10.394426300676539
2230,2725,567.0,-45.075,169.925,15.538406888954341,12.136406888954342
2231,2727,479.0,-45.075,169.975,15.483601379150059,12.609601379150059
2232,2728,499.0,-45.075,170.025,15.407696280977689,12.413696280977689
2233,2959,791.0,-45.125,169.875,15.222806565347128,10.476806565347129
2234,2960,480.0,-45.125,169.925,15.206689858459868,12.326689858459869
2235,2961,422.0,-45.125,169.975,15.162500879552681,12.630500879552681
2236,2962,423.0,-45.125,170.025,15.097268019337207,12.559268019337207
2237,2504,640.0,-45.025,170.075,15.619166984979529,11.779166984979529
2238,2510,642.0,-45.025,170.125,15.50152488972526,11.64952488972526
2239,2511,586.0,-45.025,170.175,15.374691331235226,11.858691331235226
2240,2512,534.0,-45.025,170.225,15.240991728380322,12.036991728380322
2241,2587,884.0,-44.975,170.075,15.923497191281058,10.61949719128106
2242,2588,945.0,-44.975,170.125,15.793993671948556,10.123993671948558
2243,2589,721.0,-44.975,170.175,15.654192671587225,11.328192671587225
2244,2590,606.0,-44.975,170.225,15.50678309216164,11.870783092161641
2245,2730,509.0,-45.075,170.075,15.315275904897135,12.261275904897134
2246,2737,519.0,-45.075,170.125,15.210359543329105,12.096359543329104
2247,2739,499.0,-45.075,170.175,15.0966003749636,12.1026003749636
2248,2742,480.0,-45.075,170.225,14.976449022069573,12.096449022069574
2249,2963,438.0,-45.125,170.075,15.016248288506176,12.388248288506176
2250,2964,439.0,-45.125,170.125,14.92363359843148,12.289633598431479
2251,2965,417.0,-45.125,170.175,14.822774213331286,12.320774213331287
2252,2966,419.0,-45.125,170.225,14.716085473191924,12.202085473191925
2253,2109,817.0,-44.975,170.325,15.197503645264078,10.295503645264077
2254,2119,1223.0,-44.975,170.375,15.039819277764764,7.701819277764764
2255,2513,503.0,-45.025,170.275,15.102074266702402,12.084074266702402
2256,2514,848.0,-45.025,170.325,14.959870384598617,9.871870384598616
2257,2515,1069.0,-45.025,170.375,14.816262631618883,8.402262631618884
2258,2591,627.0,-44.975,170.275,15.353849628940225,11.591849628940224
2259,2749,469.0,-45.075,170.275,14.851580749556888,12.037580749556888
2260,2754,573.0,-45.075,170.325,14.723665653611533,11.285665653611533
2261,2758,1155.0,-45.075,170.375,14.59433491708478,7.664334917084779
2262,2967,441.0,-45.125,170.275,14.605279110663105,11.959279110663104
2263,2968,477.0,-45.125,170.325,14.491781534568872,11.629781534568872
2264,2969,674.0,-45.125,170.375,14.376916545908898,10.332916545908898
2265,2128,974.0,-44.975,170.425,14.882767667178996,9.038767667178995
2266,2227,653.0,-44.975,170.475,14.728192647045944,10.810192647045945
2267,2233,461.0,-44.975,170.525,14.577797865844332,11.811797865844332
2268,2248,300.0,-44.975,170.575,14.43313169281464,12.63313169281464
2269,2516,860.0,-45.025,170.425,14.673049182398245,9.513049182398245
2270,2517,669.0,-45.025,170.475,14.53194246662315,10.51794246662315
2271,2518,461.0,-45.025,170.525,14.39456764375791,11.62856764375791
2272,2519,519.0,-45.025,170.575,14.2624474207405,11.1484474207405
2273,2762,1352.0,-45.075,170.425,14.465168269642163,6.353168269642163
2274,2766,612.0,-45.075,170.475,14.337713909335434,10.665713909335434
2275,2770,734.0,-45.075,170.525,14.213501825404819,9.80950182540482
2276,2774,478.0,-45.075,170.575,14.0940315357293,11.2260315357293
2277,2970,1107.0,-45.125,170.425,14.261983212665655,7.619983212665654
2278,2971,814.0,-45.125,170.475,14.148316284874454,9.264316284874454
2279,2972,854.0,-45.125,170.525,14.037324748467654,8.913324748467655
2280,2973,570.0,-45.125,170.575,13.930488972517196,10.510488972517196
2281,2253,241.0,-44.975,170.625,14.29556401137961,12.849564011379611
2282,2261,243.0,-44.975,170.675,14.16625469783321,12.70825469783321
2283,2269,288.0,-44.975,170.725,14.046118474507239,12.318118474507239
2284,2520,406.0,-45.025,170.625,14.136967684375122,11.700967684375122
2285,2521,223.0,-45.025,170.675,14.019326182897203,12.681326182897203
2286,2522,179.0,-45.025,170.725,13.91047443903517,12.83647443903517
2287,2777,561.0,-45.075,170.625,13.98072556318948,10.61472556318948
2288,2782,358.0,-45.075,170.675,13.874851669475902,11.726851669475902
2289,2786,158.0,-45.075,170.725,13.7774308922817,12.8294308922817
2290,2974,472.0,-45.125,170.625,13.82930172077613,10.997301720776129
2291,2975,294.0,-45.125,170.675,13.735153363086283,11.971153363086284
2292,2976,217.0,-45.125,170.725,13.649186203139834,12.347186203139835
2293,2277,160.0,-44.975,170.775,13.935793764248956,12.975793764248955
2294,2278,216.0,-44.975,170.825,13.835623435268644,12.539623435268645
2295,2279,198.0,-44.975,170.875,13.74565394318779,12.55765394318779
2296,2280,240.0,-44.975,170.925,13.665659524558578,12.225659524558578
2297,2523,173.0,-45.025,170.775,13.811068421637174,12.773068421637173
2298,2524,119.0,-45.025,170.825,13.721443212241866,13.007443212241865
2299,2525,62.0,-45.025,170.875,13.64162106346339,13.26962106346339
2300,2526,141.0,-45.025,170.925,13.57135472583468,12.72535472583468
2301,2790,83.0,-45.075,170.775,13.689159151806962,13.191159151806962
2302,2794,108.0,-45.075,170.825,13.61036961042555,12.96236961042555
2303,2795,40.0,-45.075,170.875,13.541048934741411,13.301048934741411
2304,2796,80.0,-45.075,170.925,13.480901500326581,13.00090150032658
2305,2977,80.0,-45.125,170.775,13.572166422731243,13.092166422731243
2306,2978,33.0,-45.125,170.825,13.50442412844859,13.30642412844859
2307,2979,16.0,-45.125,170.875,13.445882402884308,13.349882402884308
2308,2980,40.0,-45.125,170.925,13.396155107649975,13.156155107649974
2309,2281,55.0,-44.975,170.975,13.59520116620115,13.26520116620115
2310,2282,43.0,-44.975,171.025,13.533728182810592,13.275728182810592
2311,2283,29.0,-44.975,171.075,13.48070512706181,13.30670512706181
2312,2527,158.0,-45.025,170.975,13.510202232690062,12.562202232690062
2313,2528,38.0,-45.025,171.025,13.45762346862466,13.229623468624661
2314,2529,20.0,-45.025,171.075,13.413078185985796,13.293078185985797
2315,2797,71.0,-45.075,170.975,13.429442861292046,13.003442861292045
2316,2284,850.0,-44.925,167.275,12.354828449548222,7.2548284495482225
2317,2285,445.0,-44.925,167.325,12.222765721671749,9.552765721671749
2318,2361,553.0,-44.875,167.325,12.138083424011711,8.820083424011711
2319,2286,164.0,-44.925,167.425,12.010352954268456,11.026352954268456
2320,2287,529.0,-44.925,167.475,11.934956689365208,8.760956689365209
2321,2288,625.0,-44.925,167.525,11.882930364808999,8.132930364808999
2322,2362,575.0,-44.875,167.425,11.915334884368349,8.46533488436835
2323,2363,503.0,-44.875,167.475,11.83166158554377,8.81366158554377
2324,2656,119.0,-44.825,167.425,11.8162620862131,11.1022620862131
2325,2657,622.0,-44.825,167.475,11.72564186528325,7.9936418652832515
2326,2724,532.0,-44.775,167.525,11.54195627005538,8.34995627005538
2327,2289,878.0,-44.925,167.575,11.856244812021032,6.588244812021032
2328,2290,1182.0,-44.925,167.625,11.856919607089367,4.764919607089367
2329,2291,878.0,-44.925,167.675,11.88715247134678,6.619152471346781
2330,2292,812.0,-44.925,167.725,11.949407871230505,7.077407871230506
2331,2364,618.0,-44.875,167.575,11.730785597639624,8.022785597639624
2332,2365,301.0,-44.875,167.625,11.717950011894573,9.911950011894573
2333,2366,1451.0,-44.875,167.675,11.733418586431071,3.0274185864310716
2334,2367,669.0,-44.875,167.725,11.780106354039162,7.766106354039162
2335,2658,733.0,-44.825,167.575,11.605154781311285,7.207154781311285
2336,2659,391.0,-44.825,167.625,11.579786881513428,9.233786881513428
2337,2660,1595.0,-44.825,167.675,11.581048626627307,2.011048626627309
2338,2661,1418.0,-44.825,167.725,11.61208537913626,3.1040853791362615
2339,2726,643.0,-44.775,167.575,11.483545735536609,7.625545735536609
2340,2729,723.0,-44.775,167.675,11.435823850682937,7.0978238506829365
2341,2732,1218.0,-44.775,167.725,11.452200463681947,4.144200463681948
2342,2063,997.0,-44.875,167.775,11.861465654801577,5.879465654801577
2343,2120,1589.0,-44.875,167.825,11.981413532514125,2.4474135325141244
2344,2129,950.0,-44.875,167.875,12.143781568331178,6.443781568331178
2345,2293,241.0,-44.925,167.775,12.046407668327447,10.600407668327447
2346,2294,950.0,-44.925,167.825,12.180920791404787,6.480920791404787
2347,2295,720.0,-44.925,167.875,12.355221048172098,8.035221048172097
2348,2662,1302.0,-44.825,167.775,11.676858512393665,3.864858512393665
2349,2663,1325.0,-44.825,167.825,11.780382777040359,3.8303827770403593
2350,2664,1212.0,-44.825,167.875,11.928504126961343,4.656504126961344
2351,2733,1044.0,-44.775,167.775,11.500507296586875,5.2365072965868755
2352,2735,664.0,-44.775,167.825,11.586387500283308,7.602387500283308
2353,2738,254.0,-44.775,167.875,11.717801173741464,10.193801173741463
2354,2230,1765.0,-44.875,167.925,12.350970545725431,1.7609705457254332
2355,2246,1618.0,-44.875,167.975,12.602118115464691,2.894118115464691
2356,2260,1022.0,-44.875,168.025,12.892167137179058,6.7601671371790575
2357,2267,1043.0,-44.875,168.075,13.212770098878536,6.954770098878536
2358,2296,211.0,-44.925,167.925,12.570182662573643,11.304182662573643
2359,2297,1040.0,-44.925,167.975,12.824307775241323,6.584307775241323
2360,2298,398.0,-44.925,168.025,13.113276251591742,10.725276251591742
2361,2299,1267.0,-44.925,168.075,13.430340198101476,5.828340198101476
2362,2665,1330.0,-44.825,167.925,12.126176659599878,4.1461766595998775
2363,2666,940.0,-44.825,167.975,12.37379295512801,6.733792955128011
2364,2667,1240.0,-44.825,168.025,12.664912974811159,5.22491297481116
2365,2668,789.0,-44.825,168.075,12.988591825182084,8.254591825182084
2366,2743,1656.0,-44.775,167.925,11.904053636651952,1.9680536366519537
2367,2751,1614.0,-44.775,167.975,12.148429406108335,2.4644294061083354
2368,2755,1295.0,-44.775,168.025,12.441419778158888,4.671419778158889
2369,2759,1420.0,-44.775,168.075,12.76780064572813,4.24780064572813
2370,2275,1140.0,-44.875,168.125,13.554027239384595,6.7140272393845954
2371,2300,1398.0,-44.925,168.125,13.767212421633303,5.379212421633303
2372,2301,560.0,-44.925,168.175,14.114853916573338,10.754853916573339
2373,2302,1224.0,-44.925,168.225,14.463868725753855,7.1198687257538555
2374,2368,1498.0,-44.875,168.175,13.905688926111907,4.917688926111907
2375,2369,1333.0,-44.875,168.225,14.257541311148088,6.259541311148089
2376,2669,913.0,-44.825,168.125,13.332914542814251,7.85491454281425
2377,2670,1029.0,-44.825,168.175,13.68653383635683,7.51253383635683
2378,2671,1141.0,-44.825,168.225,14.038732387532946,7.192732387532946
2379,2763,703.0,-44.775,168.125,13.11365421366645,8.89565421366645
2380,2767,1073.0,-44.775,168.175,13.467106485622935,7.029106485622935
2381,2771,1582.0,-44.775,168.225,13.817482104932424,4.325482104932425
2382,2303,1380.0,-44.925,168.275,14.80452389101265,6.524523891012651
2383,2304,407.0,-44.925,168.325,15.126489801041316,12.684489801041316
2384,2305,308.0,-44.925,168.375,15.418337581446394,13.570337581446395
2385,2306,326.0,-44.925,168.425,15.666731945995707,13.710731945995708
2386,2370,824.0,-44.875,168.275,14.59928213810781,9.655282138107811
2387,2371,1277.0,-44.875,168.325,14.920145101845264,7.258145101845265
2388,2372,308.0,-44.875,168.375,15.208369697502349,13.36036969750235
2389,2373,631.0,-44.875,168.425,15.450527669978328,11.664527669978328
2390,2672,2020.0,-44.825,168.275,14.379022886860184,2.259022886860185
2391,2673,664.0,-44.825,168.325,14.696677512314636,10.712677512314636
2392,2674,319.0,-44.825,168.375,14.980279975396115,13.066279975396116
2393,2675,911.0,-44.825,168.425,15.21736018708907,9.751360187089071
2394,2775,1478.0,-44.775,168.275,14.154585145646706,5.286585145646708
2395,2779,350.0,-44.775,168.325,14.468218135123607,12.368218135123607
2396,2783,943.0,-44.775,168.375,14.747896829736419,9.08989682973642
2397,2787,517.0,-44.775,168.425,14.982808554952499,11.880808554952498
2398,2307,1470.0,-44.925,168.475,15.855140952859074,7.035140952859075
2399,2308,781.0,-44.925,168.525,15.961787018168252,11.275787018168252
2400,2309,1193.0,-44.925,168.575,15.956984924559947,8.798984924559948
2401,2374,1733.0,-44.875,168.475,15.63074512052117,5.232745120521171
2402,2375,1083.0,-44.875,168.525,15.730158717313316,9.232158717313315
2403,2378,1484.0,-44.875,168.575,15.728079111839179,6.824079111839179
2404,2676,1763.0,-44.825,168.475,15.3943017150159,4.8163017150159
2405,2677,1522.0,-44.825,168.525,15.497066458978225,6.365066458978225
2406,2678,1171.0,-44.825,168.575,15.51395400648471,8.48795400648471
2407,2791,1112.0,-44.775,168.475,15.162213370029349,8.490213370029348
2408,2839,1692.0,-44.775,168.525,15.276694653381128,5.124694653381127
2409,2840,1484.0,-44.775,168.575,15.3208142441581,6.4168142441581
2410,2310,513.0,-44.925,168.625,15.804258983174805,12.726258983174805
2411,2311,815.0,-44.925,168.675,15.487318417232018,10.597318417232017
2412,2312,1259.0,-44.925,168.725,15.08115401264513,7.52715401264513
2413,2313,803.0,-44.925,168.775,14.739457367977593,9.921457367977593
2414,2383,1060.0,-44.875,168.625,15.609255449729972,9.249255449729972
2415,2389,492.0,-44.875,168.675,15.383429652196355,12.431429652196355
2416,2484,1218.0,-44.875,168.725,15.106545823102351,7.7985458231023514
2417,2488,1351.0,-44.875,168.775,14.86177954741288,6.75577954741288
2418,2679,1353.0,-44.825,168.625,15.442117926839273,7.324117926839275
2419,2680,910.0,-44.825,168.675,15.297352956084069,9.837352956084068
2420,2681,594.0,-44.825,168.725,15.118868676014245,11.554868676014244
2421,2682,1643.0,-44.825,168.775,14.95697506587021,5.098975065870212
2422,2841,1557.0,-44.775,168.625,15.297333770198748,5.955333770198747
2423,2842,945.0,-44.775,168.675,15.221425878524315,9.551425878524316
2424,2843,878.0,-44.775,168.725,15.120763087528758,9.852763087528757
2425,2844,1504.0,-44.775,168.775,15.028201484121382,6.004201484121383
2426,2314,704.0,-44.925,168.825,14.537573288136628,10.313573288136627
2427,2315,818.0,-44.925,168.875,14.456991626415402,9.548991626415402
2428,2316,1504.0,-44.925,168.925,14.467284932907205,5.443284932907206
2429,2317,803.0,-44.925,168.975,14.548089533869643,9.730089533869643
2430,2492,691.0,-44.875,168.825,14.703663913125638,10.557663913125637
2431,2497,1528.0,-44.875,168.875,14.640570841846056,5.472570841846057
2432,2503,1192.0,-44.875,168.925,14.659279951301869,7.507279951301869
2433,2509,1064.0,-44.875,168.975,14.743655609083362,8.359655609083362
2434,2683,1161.0,-44.825,168.825,14.849752039241139,7.8837520392411395
2435,2684,1265.0,-44.825,168.875,14.811886934097856,7.221886934097856
2436,2685,870.0,-44.825,168.925,14.84084227256244,9.620842272562442
2437,2686,736.0,-44.825,168.975,14.926537015999202,10.510537015999201
2438,2845,1480.0,-44.775,168.825,14.970633317891043,6.090633317891042
2439,2846,726.0,-44.775,168.875,14.962286470923573,10.606286470923573
2440,2847,1238.0,-44.775,168.925,15.00548950402299,7.5774895040229895
2441,2848,1431.0,-44.775,168.975,15.094960433314554,6.508960433314554
2442,2007,528.0,-44.825,169.075,15.217364418378565,12.049364418378566
2443,2110,1416.0,-44.825,169.125,15.395181258907542,6.899181258907541
2444,2318,1160.0,-44.925,169.025,14.685366392775904,7.725366392775904
2445,2319,1228.0,-44.925,169.075,14.866160706384107,7.498160706384108
2446,2320,1601.0,-44.925,169.125,15.073801030404866,5.467801030404866
2447,2592,574.0,-44.875,169.025,14.878974617167842,11.434974617167843
2448,2593,1487.0,-44.875,169.075,15.050714225973934,6.128714225973935
2449,2594,1601.0,-44.875,169.125,15.242646313039586,5.636646313039586
2450,2687,574.0,-44.825,169.025,15.056509598798584,11.612509598798585
2451,2849,1076.0,-44.775,169.025,15.221522589679807,8.765522589679808
2452,2850,423.0,-44.775,169.075,15.374272269313224,12.836272269313223
2453,2851,937.0,-44.775,169.125,15.542040915344842,9.920040915344842
2454,2113,1400.0,-44.825,169.175,15.576890813652426,7.176890813652426
2455,2121,1478.0,-44.825,169.225,15.753016309579834,6.885016309579836
2456,2130,1215.0,-44.825,169.275,15.918735046230722,8.628735046230723
2457,2234,580.0,-44.825,169.325,16.07091141602723,12.590911416027229
2458,2321,972.0,-44.925,169.175,15.284667447966058,9.452667447966057
2459,2322,391.0,-44.925,169.225,15.474187600659207,13.128187600659206
2460,2323,230.0,-44.925,169.275,15.632021754048765,14.252021754048766
2461,2324,222.0,-44.925,169.325,15.758174655609764,14.426174655609763
2462,2596,1785.0,-44.875,169.175,15.43688198667951,4.726881986679508
2463,2597,1194.0,-44.875,169.225,15.617910492757801,8.453910492757801
2464,2598,588.0,-44.875,169.275,15.777406256180257,12.249406256180256
2465,2599,219.0,-44.875,169.325,15.912790457485244,14.598790457485244
2466,2852,1034.0,-44.775,169.175,15.715257588541135,9.511257588541135
2467,2853,788.0,-44.775,169.225,15.888864356733393,11.160864356733393
2468,2854,498.0,-44.775,169.275,16.063401537016034,13.075401537016035
2469,2855,320.0,-44.775,169.325,16.23494763765484,14.314947637654841
2470,2244,254.0,-44.825,169.375,16.207665443827864,14.683665443827863
2471,2259,302.0,-44.825,169.425,16.331310946377926,14.519310946377926
2472,2266,334.0,-44.825,169.475,16.449350396171212,14.445350396171213
2473,2325,344.0,-44.925,169.375,15.84934547211742,13.78534547211742
2474,2326,580.0,-44.925,169.425,15.903233774704859,12.423233774704858
2475,2327,528.0,-44.925,169.475,15.931464035296813,12.763464035296813
2476,2601,351.0,-44.875,169.375,16.02349156345008,13.91749156345008
2477,2603,258.0,-44.875,169.425,16.11261234252015,14.564612342520151
2478,2605,456.0,-44.875,169.475,16.191279213118833,13.455279213118832
2479,2856,693.0,-44.775,169.375,16.397510775306728,12.239510775306728
2480,2857,547.0,-44.775,169.425,16.550954305101186,13.268954305101186
2481,2858,445.0,-44.775,169.475,16.69920175842708,14.02920175842708
2482,2274,500.0,-44.825,169.525,16.572214195271954,13.572214195271954
2483,2328,994.0,-44.925,169.525,15.965790020185523,10.001790020185524
2484,2329,1226.0,-44.925,169.575,16.04726011666935,8.69126011666935
2485,2330,1152.0,-44.925,169.625,16.1945462783915,9.2825462783915
2486,2331,812.0,-44.925,169.675,16.372713925666176,11.500713925666176
2487,2379,673.0,-44.825,169.575,16.707438407756854,12.669438407756854
2488,2386,1254.0,-44.825,169.625,16.852618511533365,9.328618511533366
2489,2393,1403.0,-44.825,169.675,16.993126185436267,8.575126185436268
2490,2612,1111.0,-44.875,169.525,16.27872987574665,9.612729875746648
2491,2620,1360.0,-44.875,169.575,16.39362103131134,8.23362103131134
2492,2625,1037.0,-44.875,169.625,16.5385879073292,10.316587907329202
2493,2626,1466.0,-44.875,169.675,16.691275833407417,7.895275833407418
2494,2859,357.0,-44.775,169.525,16.847161935525946,14.705161935525947
2495,2860,779.0,-44.775,169.575,16.9970172981848,12.323017298184801
2496,2861,843.0,-44.775,169.625,17.14496942970436,12.08696942970436
2497,2862,883.0,-44.775,169.675,17.28081147186458,11.982811471864581
2498,2332,559.0,-44.925,169.725,16.516482987848576,13.162482987848577
2499,2333,489.0,-44.925,169.775,16.595070110517554,13.661070110517555
2500,2334,523.0,-44.925,169.825,16.6163222854957,13.478322285495699
2501,2485,1214.0,-44.825,169.725,17.108792021812405,9.824792021812407
2502,2491,736.0,-44.825,169.775,17.184402255807072,12.768402255807072
2503,2495,786.0,-44.825,169.825,17.214326721034013,12.498326721034012
2504,2627,761.0,-44.875,169.725,16.817419754865114,12.251419754865115
2505,2628,538.0,-44.875,169.775,16.895241328515112,13.667241328515113
2506,2629,589.0,-44.875,169.825,16.92202035326045,13.388020353260451
2507,2863,1040.0,-44.775,169.725,17.39137413969729,11.15137413969729
2508,2864,1409.0,-44.775,169.775,17.465533280279487,9.011533280279489
2509,2865,1150.0,-44.775,169.825,17.497165548207704,10.597165548207705
2510,2335,512.0,-44.925,169.875,16.594344897428527,13.522344897428528
2511,2336,649.0,-44.925,169.925,16.538669319532346,12.644669319532346
2512,2337,693.0,-44.925,169.975,16.455395904602483,12.297395904602483
2513,2338,836.0,-44.925,170.025,16.34909816313302,11.333098163133023
2514,2501,762.0,-44.825,169.875,17.20000916410936,12.628009164109361
2515,2508,613.0,-44.825,169.925,17.14597290341044,13.467972903410438
2516,2595,1132.0,-44.825,169.975,17.057577418279834,10.265577418279834
2517,2600,1423.0,-44.825,170.025,16.940230958047323,8.402230958047323
2518,2630,570.0,-44.875,169.875,16.90409965417348,13.484099654173479
2519,2631,713.0,-44.875,169.925,16.848837186873425,12.570837186873426
2520,2632,685.0,-44.875,169.975,16.762433238502126,12.652433238502127
2521,2633,1429.0,-44.875,170.025,16.6501019691932,8.076101969193202
2522,2866,884.0,-44.775,169.875,17.485064564389177,12.181064564389178
2523,2867,709.0,-44.775,169.925,17.43148155993549,13.177481559935492
2524,2868,1491.0,-44.775,169.975,17.340763014450204,8.394763014450204
2525,2869,1453.0,-44.775,170.025,17.2183283836348,8.500328383634798
2526,2339,1599.0,-44.925,170.075,16.223794754536357,6.629794754536357
2527,2340,1181.0,-44.925,170.125,16.083302423590794,8.997302423590794
2528,2341,1160.0,-44.925,170.175,15.931187645648606,8.971187645648605
2529,2342,1249.0,-44.925,170.225,15.770504870568402,8.276504870568402
2530,2604,1382.0,-44.825,170.075,16.79912882699864,8.50712882699864
2531,2608,1508.0,-44.825,170.125,16.639103669440374,7.591103669440374
2532,2610,1305.0,-44.825,170.175,16.4645290520275,8.634529052027501
2533,2616,1250.0,-44.825,170.225,16.27930432424182,8.77930432424182
2534,2634,1510.0,-44.875,170.075,16.516495633055456,7.456495633055457
2535,2635,1440.0,-44.875,170.125,16.36590061802417,7.72590061802417
2536,2636,1078.0,-44.875,170.175,16.202228170237504,9.734228170237504
2537,2637,1026.0,-44.875,170.225,16.02894713007845,9.872947130078451
2538,2870,1185.0,-44.775,170.075,17.069856688089203,9.959856688089204
2539,2871,1240.0,-44.775,170.125,16.900718537101056,9.460718537101057
2540,2872,983.0,-44.775,170.175,16.715722598368302,10.817722598368302
2541,2873,1062.0,-44.775,170.225,16.519133338879328,10.147133338879328
2542,2343,1096.0,-44.925,170.275,15.603858919115737,9.027858919115737
2543,2344,1052.0,-44.925,170.325,15.43366100313142,9.12166100313142
2544,2345,792.0,-44.925,170.375,15.262196685944218,10.51019668594422
2545,2621,952.0,-44.825,170.275,16.0869151148363,10.374915114836302
2546,2638,1081.0,-44.875,170.275,15.849123275023885,9.363123275023884
2547,2639,1280.0,-44.875,170.325,15.665531853039283,7.985531853039284
2548,2640,1304.0,-44.875,170.375,15.480718176288065,7.656718176288066
2549,2690,1507.0,-44.825,170.325,15.89050427818438,6.848504278184381
2550,2692,1047.0,-44.825,170.375,15.692901072790846,9.410901072790846
2551,2874,1403.0,-44.775,170.275,16.31479894631775,7.896798946317752
2552,2875,1411.0,-44.775,170.325,16.106215110397898,7.640215110397898
2553,2876,806.0,-44.775,170.375,15.896499492111616,11.060499492111616
2554,2009,363.0,-44.775,170.475,15.484105366049334,13.306105366049334
2555,2117,186.0,-44.775,170.525,15.285669360193424,14.169669360193424
2556,2125,251.0,-44.775,170.575,15.094657869893126,13.588657869893126
2557,2346,817.0,-44.925,170.425,15.091602209897246,10.189602209897245
2558,2347,730.0,-44.925,170.475,14.923839716240764,10.543839716240765
2559,2348,732.0,-44.925,170.525,14.760682584659662,10.368682584659663
2560,2349,383.0,-44.925,170.575,14.603705226560123,12.305705226560123
2561,2641,860.0,-44.875,170.425,15.297000812599435,10.137000812599435
2562,2642,1011.0,-44.875,170.475,15.116460756282322,9.050460756282323
2563,2643,300.0,-44.875,170.525,14.940936402941588,13.140936402941588
2564,2644,419.0,-44.875,170.575,14.772024927660823,12.258024927660824
2565,2694,940.0,-44.825,170.425,15.496620219550095,9.856620219550095
2566,2696,417.0,-44.825,170.475,15.303861444815993,12.801861444815994
2567,2698,359.0,-44.825,170.525,15.116520389681682,12.962520389681682
2568,2700,178.0,-44.825,170.575,14.936207212333102,13.868207212333102
2569,2877,486.0,-44.775,170.425,15.68836079025641,12.77236079025641
2570,2235,724.0,-44.775,170.625,14.91238352606888,10.568383526068878
2571,2242,328.0,-44.775,170.675,14.739903523295652,12.771903523295652
2572,2249,476.0,-44.775,170.725,14.57805515351356,11.72205515351356
2573,2350,242.0,-44.925,170.625,14.454271868104115,13.002271868104115
2574,2351,241.0,-44.925,170.675,14.313522019307129,12.86752201930713
2575,2352,180.0,-44.925,170.725,14.18235331136384,13.10235331136384
2576,2645,282.0,-44.875,170.625,14.61108576710103,12.91908576710103
2577,2646,183.0,-44.875,170.675,14.45924301201012,13.361243012010119
2578,2647,195.0,-44.875,170.725,14.317385206755716,13.147385206755716
2579,2702,153.0,-44.825,170.625,14.76426743954653,13.84626743954653
2580,2704,160.0,-44.825,170.675,14.601802013174165,13.641802013174164
2581,2707,560.0,-44.825,170.725,14.449684790131869,11.08968479013187
2582,2254,456.0,-44.775,170.775,14.42748747987207,11.69148747987207
2583,2265,233.0,-44.775,170.825,14.288682275422616,12.890682275422616
2584,2273,141.0,-44.775,170.875,14.16195094989962,13.31595094989962
2585,2353,196.0,-44.925,170.775,14.061403927655192,12.885403927655192
2586,2354,219.0,-44.925,170.825,13.951036789949285,12.637036789949285
2587,2355,89.0,-44.925,170.875,13.851327720127301,13.3173277201273
2588,2356,70.0,-44.925,170.925,13.762064347130945,13.342064347130945
2589,2376,129.0,-44.775,170.925,14.047383780853124,13.273383780853123
2590,2648,108.0,-44.875,170.775,14.18616133678006,13.53816133678006
2591,2649,92.0,-44.875,170.825,14.065970435767667,13.513970435767668
2592,2650,81.0,-44.875,170.875,13.956940520991338,13.470940520991338
2593,2651,78.0,-44.875,170.925,13.858894856035477,13.390894856035477
2594,2709,457.0,-44.825,170.775,14.308574849826982,11.566574849826981
2595,2710,210.0,-44.825,170.825,14.178917994897347,12.918917994897347
2596,2712,241.0,-44.825,170.875,14.060927048936719,12.61492704893672
2597,2714,215.0,-44.825,170.925,13.954523966327542,12.664523966327543
2598,2357,62.0,-44.925,170.975,13.682777870708378,13.310777870708378
2599,2358,36.0,-44.925,171.025,13.612850036821328,13.396850036821329
2600,2359,23.0,-44.925,171.075,13.551706691010622,13.413706691010622
2601,2360,21.0,-44.925,171.125,13.498977603099775,13.372977603099775
2602,2387,116.0,-44.775,170.975,13.944700076419394,13.248700076419395
2603,2394,229.0,-44.775,171.025,13.85282162213116,12.478821622131159
2604,2395,40.0,-44.775,171.075,13.769743309763726,13.529743309763726
2605,2396,10.0,-44.775,171.125,13.696095528954174,13.636095528954174
2606,2652,65.0,-44.875,170.975,13.77132509474177,13.381325094741769
2607,2653,55.0,-44.875,171.025,13.69346510930336,13.36346510930336
2608,2654,37.0,-44.875,171.075,13.624614831409417,13.402614831409418
2609,2655,27.0,-44.875,171.125,13.564499504311243,13.402499504311242
2610,2717,122.0,-44.825,170.975,13.85922425769968,13.12722425769968
2611,2719,180.0,-44.825,171.025,13.774030836240854,12.694030836240854
2612,2721,68.0,-44.825,171.075,13.697895524383057,13.289895524383057
2613,2723,19.0,-44.825,171.125,13.630768773582531,13.51676877358253
2614,2061,535.0,-44.625,167.725,11.218,8.008000000000001
2615,2397,0.0,-44.725,167.575,11.369951271917671,11.369951271917671
2616,2398,616.0,-44.725,167.625,11.325274392904248,7.629274392904248
2617,2399,657.0,-44.725,167.675,11.303596439713147,7.361596439713146
2618,2400,1187.0,-44.725,167.725,11.307859167223796,4.185859167223797
2619,2469,360.0,-44.675,167.625,11.218,9.058
2620,2470,435.0,-44.675,167.675,11.218,8.608
2621,2471,991.0,-44.675,167.725,11.218,5.272
2622,2065,16.0,-44.625,167.775,11.218,11.122
2623,2066,1404.0,-44.625,167.825,11.218,2.7940000000000005
2624,2401,1053.0,-44.725,167.775,11.341858503816184,5.023858503816184
2625,2402,89.0,-44.725,167.825,11.410985946829896,10.876985946829896
2626,2403,1247.0,-44.725,167.875,11.523952541989274,4.041952541989274
2627,2472,1176.0,-44.675,167.775,11.218,4.162
2628,2473,1159.0,-44.675,167.825,11.26792602596106,4.31392602596106
2629,2474,585.0,-44.675,167.875,11.366648742638063,7.856648742638063
2630,2067,1042.0,-44.625,167.925,11.41942081839079,5.167420818390791
2631,2068,676.0,-44.625,167.975,11.645796203054488,7.589796203054488
2632,2069,1833.0,-44.625,168.025,11.924322056118399,0.9263220561183996
2633,2070,1378.0,-44.625,168.075,12.234068503661547,3.966068503661548
2634,2404,318.0,-44.725,167.925,11.696200147329364,9.788200147329364
2635,2405,1191.0,-44.725,167.975,11.938994307536632,4.792994307536632
2636,2406,1545.0,-44.725,168.025,12.234527307737153,2.9645273077371534
2637,2407,2092.0,-44.725,168.075,12.561832654348109,0.009832654348107539
2638,2475,11.0,-44.675,167.925,11.522804246866144,11.456804246866144
2639,2476,384.0,-44.675,167.975,11.765600342303514,9.461600342303514
2640,2477,1703.0,-44.675,168.025,12.059007575269789,1.8410075752697885
2641,2478,1473.0,-44.675,168.075,12.381677466270048,3.543677466270049
2642,2071,310.0,-44.625,168.125,12.560982650727965,10.700982650727966
2643,2072,502.0,-44.625,168.175,12.894205755845178,9.882205755845177
2644,2073,829.0,-44.625,168.225,13.224429083929863,8.250429083929863
2645,2408,124.0,-44.725,168.125,12.906450381851755,12.162450381851755
2646,2409,1225.0,-44.725,168.175,13.256952068593819,5.906952068593819
2647,2410,706.0,-44.725,168.225,13.60322148213163,9.36722148213163
2648,2479,60.0,-44.675,168.125,12.720305422612,12.360305422612
2649,2480,1541.0,-44.675,168.175,13.064166737894993,3.818166737894993
2650,2481,2018.0,-44.675,168.225,13.40373845922295,1.2957384592229513
2651,2001,392.0,-44.675,168.325,14.03491510922322,11.68291510922322
2652,2002,1580.0,-44.675,168.375,14.310063460434321,4.830063460434321
2653,2003,1491.0,-44.675,168.425,14.548327053664252,5.602327053664252
2654,2074,1204.0,-44.625,168.275,13.54325977206463,6.319259772064631
2655,2075,506.0,-44.625,168.325,13.843009011237882,10.807009011237882
2656,2076,1505.0,-44.625,168.375,14.116741582518443,5.086741582518444
2657,2077,1917.0,-44.625,168.425,14.358555560815148,2.8565555608151474
2658,2411,618.0,-44.725,168.275,13.93570171034662,10.22770171034662
2659,2412,361.0,-44.725,168.325,14.245039901696146,12.079039901696145
2660,2413,396.0,-44.725,168.375,14.521988854161464,12.145988854161464
2661,2414,900.0,-44.725,168.425,14.757596105511766,9.357596105511767
2662,2482,607.0,-44.675,168.275,13.730139634746592,10.088139634746593
2663,2004,734.0,-44.675,168.475,14.743810189829674,10.339810189829674
2664,2005,1612.0,-44.675,168.525,14.892976163886487,5.220976163886487
2665,2006,1519.0,-44.675,168.575,14.995945038681384,5.881945038681385
2666,2078,652.0,-44.625,168.475,14.564093088905793,10.652093088905794
2667,2079,1632.0,-44.625,168.525,14.731252730358392,4.939252730358392
2668,2080,1753.0,-44.625,168.575,14.860976288386155,4.342976288386154
2669,2415,920.0,-44.725,168.475,14.94381841586437,9.423818415864371
2670,2416,1887.0,-44.725,168.525,15.074760931020137,3.752760931020136
2671,2417,1705.0,-44.725,168.575,15.148652781383134,4.918652781383134
2672,2010,771.0,-44.675,168.625,15.057726652536076,10.431726652536076
2673,2011,560.0,-44.675,168.675,15.088674502563663,11.728674502563663
2674,2012,1121.0,-44.675,168.725,15.103398346109316,8.377398346109317
2675,2013,1118.0,-44.675,168.775,15.118022191280033,8.410022191280035
2676,2081,1188.0,-44.625,168.625,14.957832918968052,7.829832918968052
2677,2082,1477.0,-44.625,168.675,15.030008207890205,6.168008207890205
2678,2083,873.0,-44.625,168.725,15.088385201990604,9.850385201990605
2679,2084,820.0,-44.625,168.775,15.144771540828515,10.224771540828517
2680,2418,1159.0,-44.725,168.625,15.170227759575937,8.216227759575936
2681,2419,844.0,-44.725,168.675,15.15231529000448,10.08831529000448
2682,2420,543.0,-44.725,168.725,15.11483238596702,11.85683238596702
2683,2421,1055.0,-44.725,168.775,15.08038223249605,8.75038223249605
2684,2014,1788.0,-44.675,168.825,15.146772245061584,4.418772245061584
2685,2015,1080.0,-44.675,168.875,15.199407049047295,8.719407049047295
2686,2016,1345.0,-44.675,168.925,15.28036088339286,7.210360883392861
2687,2017,703.0,-44.675,168.975,15.38937109732069,11.17137109732069
2688,2085,1666.0,-44.625,168.825,15.209808466082904,5.213808466082904
2689,2086,1581.0,-44.625,168.875,15.291307493287604,5.805307493287604
2690,2087,310.0,-44.625,168.925,15.393503271508962,13.533503271508962
2691,2088,300.0,-44.625,168.975,15.517230189056136,13.717230189056135
2692,2422,1990.0,-44.725,168.825,15.06833242304856,3.12833242304856
2693,2423,794.0,-44.725,168.875,15.090727171569597,10.326727171569598
2694,2424,576.0,-44.725,168.925,15.151645377278328,11.695645377278328
2695,2425,1163.0,-44.725,168.975,15.248933433787897,8.270933433787896
2696,2018,297.0,-44.675,169.025,15.52283003233606,13.74083003233606
2697,2019,325.0,-44.675,169.075,15.675288848869968,13.725288848869969
2698,2020,279.0,-44.675,169.125,15.8409558897838,14.1669558897838
2699,2089,279.0,-44.625,169.025,15.660716478771064,13.986716478771065
2700,2090,279.0,-44.625,169.075,15.82067541044671,14.146675410446711
2701,2091,562.0,-44.625,169.125,15.993518152157776,12.621518152157776
2702,2426,1387.0,-44.725,169.025,15.376499685109593,7.054499685109594
2703,2427,1229.0,-44.725,169.075,15.526259302219842,8.152259302219843
2704,2428,416.0,-44.725,169.125,15.689770642027725,13.193770642027724
2705,2021,317.0,-44.675,169.175,16.01534220809117,14.11334220809117
2706,2022,335.0,-44.675,169.225,16.19750877690967,14.187508776909672
2707,2023,401.0,-44.675,169.275,16.390830241667572,13.984830241667574
2708,2024,514.0,-44.675,169.325,16.591191765503027,13.507191765503027
2709,2092,360.0,-44.625,169.175,16.17661227111239,14.01661227111239
2710,2093,569.0,-44.625,169.225,16.36921430332586,12.955214303325862
2711,2094,342.0,-44.625,169.275,16.571266130777076,14.519266130777076
2712,2095,616.0,-44.625,169.325,16.779625205264892,13.083625205264893
2713,2429,338.0,-44.725,169.175,15.85997746756766,13.83197746756766
2714,2430,358.0,-44.725,169.225,16.03370137308957,13.88570137308957
2715,2431,269.0,-44.725,169.275,16.21836407610681,14.604364076106808
2716,2432,363.0,-44.725,169.325,16.40794566529803,14.229945665298029
2717,2025,968.0,-44.675,169.375,16.79015874408651,10.982158744086512
2718,2026,767.0,-44.675,169.425,16.983941919752397,12.381941919752396
2719,2027,420.0,-44.675,169.475,17.171286742843222,14.651286742843222
2720,2096,1282.0,-44.625,169.375,16.988775064004585,9.296775064004585
2721,2097,1078.0,-44.625,169.425,17.19430537574226,10.72630537574226
2722,2098,761.0,-44.625,169.475,17.393298759881873,12.827298759881874
2723,2433,923.0,-44.725,169.375,16.59199405228719,11.053994052287191
2724,2434,713.0,-44.725,169.425,16.76887990225805,12.490879902258051
2725,2435,887.0,-44.725,169.475,16.939788490068167,11.617788490068168
2726,2028,669.0,-44.675,169.525,17.351311582897324,13.337311582897325
2727,2029,677.0,-44.675,169.575,17.521947222354356,13.459947222354357
2728,2030,1060.0,-44.675,169.625,17.67902612121543,11.31902612121543
2729,2031,962.0,-44.675,169.675,17.81630080024479,12.044300800244791
2730,2099,480.0,-44.625,169.525,17.583272827323526,14.703272827323527
2731,2100,923.0,-44.625,169.575,17.761168842494953,12.223168842494953
2732,2101,783.0,-44.625,169.625,17.922769174620043,13.224769174620043
2733,2102,1271.0,-44.625,169.675,18.062663313059602,10.4366633130596
2734,2436,759.0,-44.725,169.525,17.10619402094744,12.552194020947443
2735,2437,500.0,-44.725,169.575,17.26757852989249,14.26757852989249
2736,2438,558.0,-44.725,169.625,17.419837329536676,14.071837329536677
2737,2439,999.0,-44.725,169.675,17.555280801374465,11.561280801374465
2738,2032,1365.0,-44.675,169.725,17.926343223894946,9.736343223894947
2739,2033,1471.0,-44.675,169.775,18.001792467257474,9.175792467257473
2740,2034,1405.0,-44.675,169.825,18.036369333218317,9.606369333218318
2741,2103,1039.0,-44.625,169.725,18.17466131283436,11.94066131283436
2742,2104,1412.0,-44.625,169.775,18.25231136014918,9.78031136014918
2743,2105,944.0,-44.625,169.825,18.28913830773672,12.625138307736721
2744,2440,1034.0,-44.725,169.725,17.664429990341887,11.460429990341886
2745,2441,1639.0,-44.725,169.775,17.73855214222567,7.904552142225672
2746,2442,1052.0,-44.725,169.825,17.771508049976546,11.459508049976547
2747,2035,942.0,-44.675,169.875,18.025738054770045,12.373738054770044
2748,2036,1425.0,-44.675,169.925,17.968868227035273,9.418868227035274
2749,2037,1374.0,-44.675,169.975,17.869149114529137,9.625149114529137
2750,2038,1129.0,-44.675,170.025,17.7331917922711,10.9591917922711
2751,2106,747.0,-44.625,169.875,18.27888670010725,13.796886700107251
2752,2107,1494.0,-44.625,169.925,18.2181126481737,9.254112648173702
2753,2112,937.0,-44.625,169.975,18.110699310083874,12.488699310083874
2754,2116,782.0,-44.625,170.025,17.965545798069797,13.273545798069797
2755,2443,1020.0,-44.725,169.875,17.76046459103236,11.64046459103236
2756,2444,855.0,-44.725,169.925,17.705980968254153,12.575980968254154
2757,2445,1809.0,-44.725,169.975,17.611680738336872,6.757680738336873
2758,2446,1476.0,-44.725,170.025,17.483231126738247,8.627231126738247
2759,2039,881.0,-44.675,170.075,17.568308890855405,12.282308890855404
2760,2040,662.0,-44.675,170.125,17.38094777817605,13.408947778176051
2761,2041,819.0,-44.675,170.175,17.17627861443907,12.26227861443907
2762,2042,904.0,-44.675,170.225,16.958629294938873,11.534629294938874
2763,2126,616.0,-44.625,170.075,17.79134474444436,14.09534474444436
2764,2236,648.0,-44.625,170.125,17.594997258041985,13.706997258041985
2765,2243,403.0,-44.625,170.175,17.381473720888607,14.963473720888608
2766,2250,405.0,-44.625,170.225,17.154340383654926,14.724340383654926
2767,2447,1215.0,-44.725,170.075,17.32694052759325,10.036940527593252
2768,2448,881.0,-44.725,170.125,17.148714513517916,11.862714513517915
2769,2449,835.0,-44.725,170.175,16.95366374688456,11.943663746884559
2770,2450,1006.0,-44.725,170.225,16.746248228882905,10.710248228882904
2771,2043,973.0,-44.675,170.275,16.73232904629549,10.89432904629549
2772,2044,632.0,-44.675,170.325,16.501651992177358,12.709651992177358
2773,2045,240.0,-44.675,170.375,16.270278073410736,14.830278073410737
2774,2257,269.0,-44.625,170.275,16.918180378648685,15.304180378648685
2775,2262,269.0,-44.625,170.325,16.677917395398254,15.063917395398253
2776,2270,305.0,-44.625,170.375,16.4373897962505,14.6073897962505
2777,2451,1760.0,-44.725,170.275,16.530595545482356,5.970595545482356
2778,2452,941.0,-44.725,170.325,16.310553379764315,10.664553379764314
2779,2453,650.0,-44.725,170.375,16.089526772731915,12.189526772731915
2780,2046,644.0,-44.675,170.425,16.041200885985745,12.177200885985744
2781,2047,356.0,-44.675,170.475,15.816837687481893,13.680837687481894
2782,2048,272.0,-44.675,170.525,15.59912706472096,13.96712706472096
2783,2049,259.0,-44.675,170.575,15.389595598506276,13.835595598506275
2784,2382,912.0,-44.625,170.425,16.199611151823774,10.727611151823774
2785,2384,831.0,-44.625,170.475,15.967002173303626,10.981002173303626
2786,2388,477.0,-44.625,170.525,15.741486502782209,12.879486502782209
2787,2454,512.0,-44.725,170.425,15.870395249046851,12.798395249046852
2788,2455,208.0,-44.725,170.475,15.655542445048923,14.407542445048923
2789,2456,441.0,-44.725,170.525,15.446918835747056,12.800918835747055
2790,2457,566.0,-44.725,170.575,15.246100606629625,11.850100606629624
2791,2489,384.0,-44.625,170.575,15.524538171855966,13.220538171855965
2792,2050,356.0,-44.675,170.625,15.18941226543393,13.05341226543393
2793,2051,422.0,-44.675,170.675,14.999445479159476,12.467445479159476
2794,2052,612.0,-44.675,170.725,14.820329561829567,11.148329561829566
2795,2458,658.0,-44.725,170.625,15.054341590614058,11.106341590614058
2796,2459,655.0,-44.725,170.675,14.872623610426672,10.942623610426672
2797,2460,555.0,-44.725,170.725,14.701708735286957,11.371708735286957
2798,2496,310.0,-44.625,170.625,15.317223963182187,13.457223963182187
2799,2502,452.0,-44.625,170.675,15.120260358409723,12.408260358409724
2800,2507,718.0,-44.625,170.725,14.934092157927807,10.626092157927808
2801,2053,458.0,-44.675,170.775,14.652539982605958,11.904539982605959
2802,2054,504.0,-44.675,170.825,14.49646881307126,11.47246881307126
2803,2055,504.0,-44.675,170.875,14.352480737637961,11.32848073763796
2804,2056,939.0,-44.675,170.925,14.220911341864849,8.586911341864848
2805,2461,335.0,-44.725,170.775,14.542192071385216,12.532192071385216
2806,2462,272.0,-44.725,170.825,14.394547280913685,12.762547280913685
2807,2463,285.0,-44.725,170.875,14.259148539742455,12.549148539742454
2808,2464,329.0,-44.725,170.925,14.136239796149312,12.162239796149311
2809,2607,558.0,-44.625,170.775,14.75899224501336,11.410992245013361
2810,2609,461.0,-44.625,170.825,14.595175610040314,11.829175610040314
2811,2611,453.0,-44.625,170.875,14.442911562684458,11.724911562684458
2812,2619,833.0,-44.625,170.925,14.30260350194294,9.304603501942939
2813,2057,258.0,-44.675,170.975,14.101938623120077,12.553938623120077
2814,2058,109.0,-44.675,171.025,13.995277840906056,13.341277840906056
2815,2059,60.0,-44.675,171.075,13.90039023864665,13.540390238646651
2816,2060,19.0,-44.675,171.125,13.817781057034153,13.703781057034153
2817,2465,258.0,-44.725,170.975,14.0257942523167,12.4777942523167
2818,2466,88.0,-44.725,171.025,13.927052134124096,13.399052134124096
2819,2467,37.0,-44.725,171.075,13.83764495770447,13.61564495770447
2820,2468,10.0,-44.725,171.125,13.758738375152461,13.69873837515246
2821,2624,186.0,-44.625,170.975,14.174796437087934,13.058796437087935
2822,2734,109.0,-44.625,171.025,14.060129811172374,13.406129811172374
2823,2736,58.0,-44.625,171.075,13.959385814901907,13.611385814901906
2824,2740,18.0,-44.625,171.125,13.873362353537232,13.765362353537231
2825,2186,307.0,-44.475,167.875,11.218,9.376
2826,2741,170.0,-44.575,167.825,11.218,10.198
2827,2744,1600.0,-44.575,167.875,11.218,1.6180000000000003
2828,2933,298.0,-44.525,167.875,11.218,9.43
2829,2187,393.0,-44.475,167.925,11.295868793211412,8.937868793211411
2830,2188,764.0,-44.475,167.975,11.48486972070532,6.90086972070532
2831,2189,1104.0,-44.475,168.025,11.710895476920996,5.086895476920996
2832,2190,99.0,-44.475,168.075,11.966437362250872,11.372437362250873
2833,2752,391.0,-44.575,167.925,11.356714119843673,9.010714119843673
2834,2756,1730.0,-44.575,167.975,11.568229019583669,1.1882290195836678
2835,2760,1297.0,-44.575,168.025,11.827292247267906,4.045292247267906
2836,2764,475.0,-44.575,168.075,12.11894825444324,9.26894825444324
2837,2934,644.0,-44.525,167.925,11.318077149393503,7.454077149393503
2838,2935,1051.0,-44.525,167.975,11.517446049838327,5.211446049838327
2839,2936,1124.0,-44.525,168.025,11.75875014939811,5.014750149398111
2840,2937,17.0,-44.525,168.075,12.03162917267764,11.92962917267764
2841,3285,383.0,-44.425,167.925,11.285360644047614,8.987360644047614
2842,3286,267.0,-44.425,167.975,11.46532680792734,9.86332680792734
2843,3287,46.0,-44.425,168.025,11.678255870298017,11.402255870298017
2844,3288,773.0,-44.425,168.075,11.91844771587057,7.2804477158705705
2845,2191,681.0,-44.475,168.125,12.242733007355127,8.156733007355129
2846,2192,389.0,-44.475,168.175,12.531153496121988,10.197153496121988
2847,2193,1155.0,-44.475,168.225,12.82381427969085,5.89381427969085
2848,2768,21.0,-44.575,168.125,12.429917454835959,12.30391745483596
2849,2772,1339.0,-44.575,168.175,12.749340690032113,4.715340690032113
2850,2776,1483.0,-44.575,168.225,13.068036249664146,4.170036249664147
2851,2938,906.0,-44.525,168.125,12.325066254823469,6.889066254823469
2852,2939,760.0,-44.525,168.175,12.629074818687513,8.069074818687515
2853,2940,1242.0,-44.525,168.225,12.934940229577478,5.482940229577478
2854,3289,310.0,-44.425,168.125,12.178953802154865,10.318953802154866
2855,3290,1380.0,-44.425,168.175,12.452545752341393,4.172545752341394
2856,3291,40.0,-44.425,168.225,12.732340256916359,12.492340256916359
2857,2008,1387.0,-44.525,168.275,13.235090919828508,4.913090919828509
2858,2111,1643.0,-44.525,168.325,13.523006949573755,3.6650069495737565
2859,2115,1119.0,-44.525,168.375,13.79325361008523,7.079253610085231
2860,2122,736.0,-44.525,168.425,14.04163846024312,9.62563846024312
2861,2194,650.0,-44.475,168.275,13.113763799134176,9.213763799134176
2862,2195,1285.0,-44.475,168.325,13.395048755395692,5.685048755395693
2863,2196,1183.0,-44.475,168.375,13.662791082984768,6.564791082984768
2864,2197,836.0,-44.475,168.425,13.91331423149677,8.897314231496772
2865,2780,1158.0,-44.575,168.275,13.377981315599754,6.429981315599755
2866,2784,1054.0,-44.575,168.325,13.672103301680181,7.348103301680182
2867,2788,1120.0,-44.575,168.375,13.94430627732072,7.2243062773207205
2868,2792,1426.0,-44.575,168.425,14.18968705763109,5.633687057631091
2869,3292,1140.0,-44.425,168.275,13.012130426999647,6.172130426999647
2870,3293,1057.0,-44.425,168.325,13.286563388304785,6.944563388304785
2871,3294,1758.0,-44.425,168.375,13.551265367364977,3.0032653673649783
2872,3295,1172.0,-44.425,168.425,13.802959605294745,6.770959605294745
2873,2131,621.0,-44.525,168.475,14.265460720984265,10.539460720984266
2874,2132,1140.0,-44.525,168.525,14.463795008836314,7.623795008836314
2875,2133,1409.0,-44.525,168.575,14.637718185666017,6.183718185666018
2876,2198,1935.0,-44.475,168.475,14.144307857670356,2.5343078576703544
2877,2199,1260.0,-44.475,168.525,14.35499043436721,6.79499043436721
2878,2200,1874.0,-44.475,168.575,14.546207966457587,3.3022079664575887
2879,2879,1379.0,-44.575,168.475,14.404906535695773,6.1309065356957735
2880,2880,1471.0,-44.575,168.525,14.58865612297086,5.76265612297086
2881,2881,1415.0,-44.575,168.575,14.742100914707407,6.252100914707407
2882,3296,735.0,-44.425,168.475,14.03958152915584,9.629581529155839
2883,3297,958.0,-44.425,168.525,14.260369227966294,8.512369227966293
2884,3298,1500.0,-44.425,168.575,14.46589210210368,5.46589210210368
2885,2134,1914.0,-44.525,168.625,14.790362302563153,3.306362302563153
2886,2135,1490.0,-44.525,168.675,14.926684584177565,5.986684584177565
2887,2136,1460.0,-44.525,168.725,15.05290970398346,6.29290970398346
2888,2137,1532.0,-44.525,168.775,15.175712649826892,5.9837126498268915
2889,2201,1520.0,-44.475,168.625,14.720398365228903,5.600398365228903
2890,2202,741.0,-44.475,168.675,14.881365547771566,10.435365547771566
2891,2203,857.0,-44.475,168.725,15.03385124146007,9.89185124146007
2892,2204,1424.0,-44.475,168.775,15.1829565432854,6.638956543285399
2893,2882,1827.0,-44.575,168.625,14.869114092318341,3.9071140923183414
2894,2883,880.0,-44.575,168.675,14.976094137877226,9.696094137877225
2895,2884,1449.0,-44.575,168.725,15.071241048106458,6.377241048106459
2896,2885,1019.0,-44.575,168.775,15.163370612892322,9.049370612892321
2897,3299,1680.0,-44.425,168.625,14.657977728871629,4.577977728871629
2898,3300,750.0,-44.425,168.675,14.839509749610443,10.339509749610443
2899,3301,1754.0,-44.425,168.725,15.014097986393608,4.490097986393609
2900,3302,1822.0,-44.425,168.775,15.185658871487249,4.25365887148725
2901,2138,1693.0,-44.525,168.825,15.301321850449312,5.143321850449313
2902,2139,461.0,-44.525,168.875,15.434765728132334,12.668765728132334
2903,2140,693.0,-44.525,168.925,15.579433407576289,11.42143340757629
2904,2141,1783.0,-44.525,168.975,15.73700752435252,5.039007524352522
2905,2205,596.0,-44.475,168.825,15.333523103152402,11.757523103152401
2906,2206,1010.0,-44.475,168.875,15.489605309732724,9.429605309732725
2907,2207,1413.0,-44.475,168.925,15.654137806675863,7.176137806675863
2908,2208,1281.0,-44.475,168.975,15.828841614536941,8.142841614536941
2909,2886,1973.0,-44.575,168.825,15.260570859885775,3.4225708598857754
2910,2887,604.0,-44.575,168.875,15.369096813024953,11.745096813024954
2911,2888,580.0,-44.575,168.925,15.492788189323619,12.012788189323619
2912,2889,905.0,-44.575,168.975,15.633070097595919,10.20307009759592
2913,3303,385.0,-44.425,168.825,15.357975317921955,13.047975317921955
2914,3304,1461.0,-44.425,168.875,15.53431592893321,6.768315928933211
2915,3305,1361.0,-44.425,168.925,15.717178086168133,7.551178086168134
2916,3306,1538.0,-44.425,168.975,15.908184265135787,6.680184265135788
2917,2142,993.0,-44.525,169.025,15.907719180395361,9.949719180395363
2918,2143,387.0,-44.525,169.075,16.090810549503658,13.768810549503659
2919,2144,279.0,-44.525,169.125,16.285057646629866,14.611057646629867
2920,2209,991.0,-44.475,169.025,16.01434573024744,10.068345730247442
2921,2210,1310.0,-44.475,169.075,16.21044984238688,8.35044984238688
2922,2211,279.0,-44.475,169.125,16.41642044589389,14.742420445893892
2923,2890,748.0,-44.575,169.025,15.789415527600795,11.301415527600795
2924,2891,279.0,-44.575,169.075,15.960085916274693,14.286085916274693
2925,2892,382.0,-44.575,169.125,16.142977008072194,13.850977008072194
2926,3307,937.0,-44.425,169.025,16.108119482407346,10.486119482407346
2927,3308,907.0,-44.425,169.075,16.3170622245525,10.8750622245525
2928,3309,281.0,-44.425,169.125,16.534538401989266,14.848538401989266
2929,2145,1228.0,-44.525,169.175,16.489165633975063,9.121165633975064
2930,2146,501.0,-44.525,169.225,16.701809116755612,13.695809116755612
2931,2147,348.0,-44.525,169.275,16.921224076126236,14.833224076126236
2932,2148,821.0,-44.525,169.325,17.14473347616149,12.218733476161491
2933,2212,639.0,-44.475,169.175,16.631194882909767,12.797194882909768
2934,2213,852.0,-44.475,169.225,16.85338858142495,11.741388581424953
2935,2214,348.0,-44.475,169.275,17.08111327275401,14.993113272754009
2936,2215,601.0,-44.475,169.325,17.311792586930096,13.705792586930096
2937,2893,1209.0,-44.575,169.175,16.336363829032052,9.082363829032053
2938,2894,700.0,-44.575,169.225,16.53913248766912,12.339132487669122
2939,2895,348.0,-44.575,169.275,16.74995372653939,14.661953726539387
2940,2896,449.0,-44.575,169.325,16.96600181859685,14.272001818596852
2941,3310,279.0,-44.425,169.175,16.75962398777483,15.08562398777483
2942,3311,810.0,-44.425,169.225,16.990948908496648,12.130948908496649
2943,3312,647.0,-44.425,169.275,17.226619457476772,13.344619457476773
2944,3313,403.0,-44.425,169.325,17.464145213831216,15.046145213831217
2945,2149,758.0,-44.525,169.375,17.36880608269712,12.82080608269712
2946,2150,800.0,-44.525,169.425,17.589560884749517,12.789560884749516
2947,2151,788.0,-44.525,169.475,17.80312363174744,13.07512363174744
2948,2216,1439.0,-44.475,169.375,17.542188663268462,8.908188663268461
2949,2217,1567.0,-44.475,169.425,17.768620202317834,8.366620202317835
2950,2218,1127.0,-44.475,169.475,17.987164982012473,11.225164982012473
2951,2897,1123.0,-44.575,169.375,17.183138368825894,10.445138368825894
2952,2898,1000.0,-44.575,169.425,17.39719368191436,11.39719368191436
2953,2899,1096.0,-44.575,169.475,17.604523844842333,11.028523844842333
2954,3314,348.0,-44.425,169.375,17.70045500010019,15.61245500010019
2955,3315,455.0,-44.425,169.425,17.931999674183317,15.201999674183316
2956,3316,1000.0,-44.425,169.475,18.1548651640187,12.154865164018702
2957,2152,813.0,-44.525,169.525,18.00561786670005,13.12761786670005
2958,2153,868.0,-44.525,169.575,18.19297268812079,12.984972688120791
2959,2154,1010.0,-44.525,169.625,18.36076584440889,12.30076584440889
2960,2155,893.0,-44.525,169.675,18.504206901066937,13.146206901066936
2961,2219,1556.0,-44.475,169.525,18.19372069783276,8.85772069783276
2962,2220,933.0,-44.475,169.575,18.383960279461462,12.785960279461463
2963,2221,1178.0,-44.475,169.625,18.553277326805983,11.485277326805983
2964,2222,1126.0,-44.475,169.675,18.696781602222472,11.940781602222472
2965,2900,1108.0,-44.575,169.525,17.801718708360568,11.153718708360568
2966,2901,779.0,-44.575,169.575,17.98509395349538,13.31109395349538
2967,2902,819.0,-44.575,169.625,18.150353405450005,13.236353405450005
2968,2903,961.0,-44.575,169.675,18.29254861397203,12.526548613972032
2969,3317,1511.0,-44.425,169.525,18.364833477535285,9.298833477535286
2970,3318,1433.0,-44.425,169.575,18.557390491536353,9.959390491536354
2971,3319,1087.0,-44.425,169.625,18.727715612505563,12.205715612505564
2972,3320,737.0,-44.425,169.675,18.87068007461494,14.448680074614938
2973,2156,683.0,-44.525,169.725,18.618239941250067,14.520239941250068
2974,2157,1334.0,-44.525,169.775,18.69763053295901,10.693630532959011
2975,2158,536.0,-44.525,169.825,18.736747400369495,15.520747400369494
2976,2223,643.0,-44.475,169.725,18.80933045526035,14.95133045526035
2977,2224,1135.0,-44.475,169.775,18.88548729463946,12.075487294639462
2978,2225,603.0,-44.475,169.825,18.91912368661724,15.30112368661724
2979,2904,1588.0,-44.575,169.725,18.406272907508537,8.878272907508537
2980,2905,1397.0,-44.575,169.775,18.485855192877352,10.103855192877353
2981,2906,741.0,-44.575,169.825,18.525122607476078,14.079122607476078
2982,3321,761.0,-44.425,169.725,18.980844093719497,14.414844093719498
2983,3322,939.0,-44.425,169.775,19.052401492546778,13.418401492546778
2984,3323,658.0,-44.425,169.825,19.079045719001442,15.131045719001442
2985,2159,497.0,-44.525,169.875,18.728046965552494,15.746046965552495
2986,2160,468.0,-44.525,169.925,18.65483264689101,15.84683264689101
2987,2161,898.0,-44.525,169.975,18.527986983128358,13.139986983128358
2988,2162,668.0,-44.525,170.025,18.363908759667538,14.355908759667539
2989,2226,710.0,-44.475,169.875,18.902060786262155,14.642060786262155
2990,2907,554.0,-44.575,169.875,18.515974365524016,15.191974365524016
2991,2908,844.0,-44.575,169.925,18.449629349343013,13.385629349343013
2992,2909,706.0,-44.575,169.975,18.332160514371935,14.096160514371935
2993,2910,1130.0,-44.575,170.025,18.176815670041833,11.396815670041832
2994,3042,450.0,-44.475,169.925,18.82569610752398,16.125696107523982
2995,3111,419.0,-44.475,169.975,18.696065753116272,16.182065753116273
2996,3113,400.0,-44.475,170.025,18.526777418941492,16.126777418941494
2997,3324,566.0,-44.425,169.875,19.054261570505332,15.658261570505331
2998,3325,570.0,-44.425,169.925,18.974270901584532,15.554270901584532
2999,3326,448.0,-44.425,169.975,18.842935425025644,16.154935425025645
3000,3331,771.0,-44.425,170.025,18.670090905274265,14.044090905274265
3001,2163,362.0,-44.525,170.075,18.17188863834599,15.99988863834599
3002,2164,628.0,-44.525,170.125,17.9589164078061,14.1909164078061
3003,2165,362.0,-44.525,170.175,17.729849495954113,15.557849495954112
3004,2166,537.0,-44.525,170.225,17.48768675062456,14.265686750624562
3005,2911,441.0,-44.575,170.075,17.99316772253951,15.34716772253951
3006,2912,531.0,-44.575,170.125,17.788216548622586,14.602216548622586
3007,2913,460.0,-44.575,170.175,17.56690402823733,14.806904028237332
3008,2914,406.0,-44.575,170.225,17.331278975470923,14.895278975470923
3009,3115,423.0,-44.475,170.075,18.32835027758847,15.79035027758847
3010,3117,1661.0,-44.475,170.125,18.10869239096064,8.142692390960642
3011,3119,706.0,-44.475,170.175,17.87331171441474,13.63731171441474
3012,3121,490.0,-44.475,170.225,17.62601479663863,14.686014796638629
3013,3332,1513.0,-44.425,170.075,18.466558994317893,9.388558994317894
3014,3333,1460.0,-44.425,170.125,18.24162937645451,9.481629376454512
3015,3334,904.0,-44.425,170.175,18.001637815090362,12.577637815090362
3016,3335,362.0,-44.425,170.225,17.750324621069012,15.578324621069012
3017,2167,1053.0,-44.525,170.275,17.236837878415827,10.918837878415827
3018,2168,669.0,-44.525,170.325,16.9822645256354,12.968264525635401
3019,2169,1444.0,-44.525,170.375,16.727856289915508,8.063856289915508
3020,2915,530.0,-44.575,170.275,17.086553319822997,13.906553319822997
3021,2916,662.0,-44.575,170.325,16.838206128653837,12.866206128653838
3022,2917,775.0,-44.575,170.375,16.589979892014526,11.939979892014527
3023,3123,683.0,-44.475,170.275,17.370566821511602,13.272566821511603
3024,3126,1530.0,-44.475,170.325,17.11111307912506,7.931113079125062
3025,3128,1384.0,-44.475,170.375,16.851631387951784,8.547631387951784
3026,3336,419.0,-44.425,170.275,17.49081712597399,14.97681712597399
3027,3337,1182.0,-44.425,170.325,17.226835581619525,10.134835581619527
3028,3338,800.0,-44.425,170.375,16.962569424242247,12.162569424242246
3029,2170,805.0,-44.525,170.425,16.476828770246357,11.646828770246357
3030,2171,873.0,-44.525,170.475,16.23184915757156,10.99384915757156
3031,2172,1684.0,-44.525,170.525,15.995009154838044,5.891009154838045
3032,2173,659.0,-44.525,170.575,15.76778748020297,11.813787480202969
3033,2918,553.0,-44.575,170.425,16.34489420801401,13.026894208014012
3034,2919,1310.0,-44.575,170.475,16.10542022541631,8.24542022541631
3035,2920,1086.0,-44.575,170.525,15.873514779552352,9.357514779552353
3036,2921,527.0,-44.575,170.575,15.650626514834585,12.488626514834586
3037,3135,1280.0,-44.475,170.425,16.595699425932253,8.915699425932253
3038,3143,1163.0,-44.475,170.475,16.34635430961498,9.368354309614979
3039,3267,1674.0,-44.475,170.525,16.105947644100524,6.061947644100526
3040,3271,1163.0,-44.475,170.575,15.87605418835301,8.898054188353008
3041,3339,1149.0,-44.425,170.425,16.702145120158093,9.808145120158093
3042,3340,725.0,-44.425,170.475,16.449154360685498,12.099154360685498
3043,3341,920.0,-44.425,170.525,16.20633185672341,10.68633185672341
3044,3342,656.0,-44.425,170.575,15.975401088624494,12.039401088624494
3045,2174,525.0,-44.525,170.625,15.551053004455753,12.401053004455752
3046,2175,448.0,-44.525,170.675,15.345120282290736,12.657120282290736
3047,2176,503.0,-44.525,170.725,15.149853770242771,12.13185377024277
3048,2922,433.0,-44.575,170.625,15.437717667897232,12.839717667897233
3049,2923,471.0,-44.575,170.675,15.235318327409914,12.409318327409913
3050,2924,804.0,-44.575,170.725,15.043616897572065,10.219616897572067
3051,3272,563.0,-44.475,170.625,15.657463743322296,12.279463743322296
3052,3273,458.0,-44.475,170.675,15.450249308050843,12.702249308050844
3053,3274,624.0,-44.475,170.725,15.253890429768944,11.509890429768944
3054,3343,671.0,-44.425,170.625,15.757072840788169,11.731072840788169
3055,3344,546.0,-44.425,170.675,15.551149811828509,12.27514981182851
3056,3345,911.0,-44.425,170.725,15.356682549638208,9.890682549638209
3057,2177,665.0,-44.525,170.775,14.964816486928612,10.974816486928612
3058,2178,921.0,-44.525,170.825,14.789467002410674,9.263467002410675
3059,2179,502.0,-44.525,170.875,14.623418398172362,11.611418398172361
3060,2180,240.0,-44.525,170.925,14.466775712236995,13.026775712236995
3061,2925,732.0,-44.575,170.775,14.86258564767195,10.47058564767195
3062,2926,483.0,-44.575,170.825,14.692139357561246,11.794139357561246
3063,2927,708.0,-44.575,170.875,14.532323265448213,10.284323265448212
3064,2928,878.0,-44.575,170.925,14.383519303897629,9.115519303897628
3065,3275,849.0,-44.475,170.775,15.067437723162584,9.973437723162583
3066,3276,1054.0,-44.475,170.825,14.889725288929185,8.565725288929187
3067,3277,362.0,-44.475,170.875,14.719663008843781,12.54766300884378
3068,3278,216.0,-44.475,170.925,14.556660139089217,13.260660139089218
3069,3346,1011.0,-44.425,170.775,15.17214201184106,9.106142011841062
3070,3347,769.0,-44.425,170.825,14.995612204860663,10.381612204860662
3071,3348,325.0,-44.425,170.875,14.825050258776173,12.875050258776174
3072,3349,298.0,-44.425,170.925,14.658699839725159,12.870699839725159
3073,2181,233.0,-44.525,170.975,14.3205492796842,12.922549279684201
3074,2182,145.0,-44.525,171.025,14.187062669952866,13.317062669952866
3075,2183,96.0,-44.525,171.075,14.070059395045973,13.494059395045973
3076,2184,54.0,-44.525,171.125,13.973827378329588,13.649827378329588
3077,2929,282.0,-44.575,170.975,14.24664501764346,12.554645017643459
3078,2930,161.0,-44.575,171.025,14.123288200353272,13.157288200353273
3079,2931,109.0,-44.575,171.075,14.015603290492436,13.361603290492436
3080,2932,66.0,-44.575,171.125,13.925550682441099,13.529550682441098
3081,3279,307.0,-44.475,170.975,14.401230483141262,12.559230483141262
3082,3280,179.0,-44.475,171.025,14.255774797755294,13.181774797755294
3083,3281,88.0,-44.475,171.075,14.125340236496413,13.597340236496413
3084,3282,51.0,-44.475,171.125,14.017597972764634,13.711597972764634
3085,3350,188.0,-44.425,170.975,14.495769357541576,13.367769357541576
3086,3351,119.0,-44.425,171.025,14.337496229301905,13.623496229301905
3087,3352,78.0,-44.425,171.075,14.188682303356472,13.720682303356472
3088,3353,66.0,-44.425,171.125,14.059485839388799,13.663485839388798
3089,2185,18.0,-44.525,171.175,13.90045402981923,13.792454029819229
3090,3283,19.0,-44.475,171.175,13.939962528675096,13.825962528675095
3091,3284,8.0,-44.475,171.225,13.89043385203695,13.84243385203695
3092,3354,63.0,-44.425,171.175,13.965602296870202,13.587602296870202
3093,3355,32.0,-44.425,171.225,13.918499311053893,13.726499311053892
3094,3356,19.0,-44.375,168.025,11.656953284458723,11.542953284458722
3095,3357,678.0,-44.375,168.075,11.883740073186345,7.815740073186346
3096,3025,340.0,-44.275,168.125,12.06521086540306,10.02521086540306
3097,3027,875.0,-44.275,168.175,12.301894184201956,7.051894184201956
3098,3028,865.0,-44.275,168.225,12.548251001280732,7.358251001280732
3099,3358,740.0,-44.375,168.125,12.130110399331897,7.690110399331897
3100,3359,923.0,-44.375,168.175,12.390081645629834,6.852081645629834
3101,3360,304.0,-44.375,168.225,12.657773460377939,10.83377346037794
3102,3855,87.0,-44.325,168.125,12.093080555321649,11.571080555321648
3103,3856,37.0,-44.325,168.175,12.340765739791095,12.118765739791096
3104,3858,55.0,-44.325,168.225,12.597303561808076,12.267303561808076
3105,3029,309.0,-44.275,168.275,12.80029120016843,10.946291200168432
3106,3030,936.0,-44.275,168.325,13.054420628701337,7.438420628701337
3107,3032,649.0,-44.275,168.375,13.307600188651122,9.413600188651122
3108,3033,1132.0,-44.275,168.425,13.55745771958027,6.7654577195802705
3109,3053,1043.0,-44.375,168.325,13.19530738267349,6.937307382673491
3110,3124,1497.0,-44.375,168.375,13.45651014574105,4.47451014574105
3111,3129,1050.0,-44.375,168.425,13.708428582001943,7.408428582001943
3112,3361,1202.0,-44.375,168.275,12.927761939761695,5.715761939761695
3113,3860,871.0,-44.325,168.275,12.858022009022534,7.632022009022534
3114,3861,749.0,-44.325,168.325,13.118775833630934,8.624775833630935
3115,3862,804.0,-44.325,168.375,13.376111929421313,8.552111929421315
3116,3863,1317.0,-44.325,168.425,13.627386324806139,5.72538632480614
3117,3034,1170.0,-44.275,168.475,13.802357305656187,6.782357305656188
3118,3035,1032.0,-44.275,168.525,14.041425928706303,7.849425928706303
3119,3036,670.0,-44.275,168.575,14.274534288735595,10.254534288735595
3120,3136,433.0,-44.375,168.475,13.949168605089653,11.351168605089654
3121,3145,1432.0,-44.375,168.525,14.177935734973289,5.5859357349732885
3122,3250,1699.0,-44.375,168.575,14.395029970386531,4.201029970386532
3123,3864,1239.0,-44.325,168.475,13.870840923395008,6.436840923395008
3124,3865,591.0,-44.325,168.525,14.105637464032043,10.559637464032043
3125,3866,218.0,-44.325,168.575,14.33183978573652,13.02383978573652
3126,3037,286.0,-44.275,168.625,14.50222894642502,12.786228946425021
3127,3038,795.0,-44.275,168.675,14.725616874231491,9.955616874231492
3128,3039,401.0,-44.275,168.725,14.94621012423886,12.540210124238861
3129,3040,662.0,-44.275,168.775,15.165745476726443,11.193745476726443
3130,3256,1001.0,-44.375,168.625,14.601762811129447,8.595762811129447
3131,3259,1298.0,-44.375,168.675,14.80028488516109,7.01228488516109
3132,3265,2256.0,-44.375,168.725,14.993330425524618,1.4573304255246189
3133,3269,1653.0,-44.375,168.775,15.183906200982165,5.2659062009821636
3134,3867,908.0,-44.325,168.625,14.550335210573394,9.102335210573393
3135,3868,724.0,-44.325,168.675,14.76269191474421,10.418691914744208
3136,3869,1872.0,-44.325,168.725,14.970960027421825,3.7389600274218253
3137,3870,1077.0,-44.325,168.775,15.177436594385654,8.715436594385654
3138,3041,1175.0,-44.275,168.825,15.385999061632901,8.3359990616329
3139,3043,904.0,-44.275,168.875,15.608616869780235,10.184616869780236
3140,3044,840.0,-44.275,168.925,15.83497799775796,10.794977997757961
3141,3045,762.0,-44.275,168.975,16.066099300049245,11.494099300049246
3142,3366,1487.0,-44.375,168.825,15.374969492841046,6.4529694928410475
3143,3372,1203.0,-44.375,168.875,15.569144995592069,8.351144995592069
3144,3379,1130.0,-44.375,168.925,15.768521048943512,8.988521048943511
3145,3386,1434.0,-44.375,168.975,15.974544474564027,7.370544474564028
3146,3871,1858.0,-44.325,168.825,15.384423881710973,4.236423881710975
3147,3872,1339.0,-44.325,168.875,15.594012908695731,7.560012908695731
3148,3873,919.0,-44.325,168.925,15.807917968020774,10.293917968020775
3149,3874,1304.0,-44.325,168.975,16.027374861121643,8.203374861121645
3150,3046,1591.0,-44.275,169.025,16.302580240007956,6.756580240007956
3151,3047,1427.0,-44.275,169.075,16.544578048575204,7.9825780485752045
3152,3048,750.0,-44.275,169.125,16.79179858142743,12.291798581427429
3153,3394,1627.0,-44.375,169.025,16.188007449381985,6.426007449381986
3154,3400,1419.0,-44.375,169.075,16.409096993971616,7.895096993971617
3155,3405,284.0,-44.375,169.125,16.637463991413824,14.933463991413824
3156,3875,1053.0,-44.325,169.025,16.25309957371792,9.935099573717919
3157,3876,1777.0,-44.325,169.075,16.485289961099625,5.823289961099626
3158,3877,962.0,-44.325,169.125,16.72364508319879,10.951645083198791
3159,3049,419.0,-44.275,169.175,17.04348915279843,14.52948915279843
3160,3052,884.0,-44.275,169.225,17.298425854591187,11.994425854591189
3161,3056,1473.0,-44.275,169.275,17.554896396351978,8.716896396351979
3162,3057,1359.0,-44.275,169.325,17.810685484379064,9.656685484379064
3163,3412,279.0,-44.375,169.175,16.872269471525215,15.198269471525215
3164,3419,1754.0,-44.375,169.225,17.11218514869688,6.588185148696882
3165,3426,1258.0,-44.375,169.275,17.355358869070187,9.807358869070187
3166,3433,1201.0,-44.375,169.325,17.599383880442474,10.393383880442475
3167,3878,279.0,-44.325,169.175,16.96737826790195,15.29337826790195
3168,3879,1432.0,-44.325,169.225,17.21521143830614,8.623211438306141
3169,3880,1305.0,-44.325,169.275,17.46535529906396,9.635355299063958
3170,3881,1838.0,-44.325,169.325,17.715492493938655,6.687492493938656
3171,3058,1346.0,-44.275,169.375,18.06306933669839,9.98706933669839
3172,3059,1157.0,-44.275,169.425,18.30882022844162,11.366820228441618
3173,3060,589.0,-44.275,169.475,18.544216365960892,15.010216365960893
3174,3440,649.0,-44.375,169.375,17.841307763766963,13.947307763766963
3175,3530,459.0,-44.375,169.425,18.077682518283837,15.323682518283837
3176,3536,1268.0,-44.375,169.475,18.30462610651739,10.696626106517389
3177,3882,891.0,-44.325,169.375,17.96277934795944,12.61677934795944
3178,3883,348.0,-44.325,169.425,18.2038677597302,16.1158677597302
3179,3884,1527.0,-44.325,169.475,18.434935381403193,9.272935381403194
3180,3061,1822.0,-44.275,169.525,18.765051956288517,7.833051956288518
3181,3062,1497.0,-44.275,169.575,18.966647746623494,9.984647746623494
3182,3063,1410.0,-44.275,169.625,19.14387123216875,10.68387123216875
3183,3064,1366.0,-44.275,169.675,19.291186882648617,11.095186882648617
3184,3538,1237.0,-44.375,169.525,18.51786604616791,11.095866046167911
3185,3543,1378.0,-44.375,169.575,18.71275843458716,10.44475843458716
3186,3549,787.0,-44.375,169.625,18.88429496192839,14.16229496192839
3187,3555,886.0,-44.375,169.675,19.02711357892258,13.711113578922582
3188,3885,1208.0,-44.325,169.525,18.651710853271652,11.403710853271653
3189,3886,1515.0,-44.325,169.575,18.84949037374463,9.75949037374463
3190,3887,745.0,-44.325,169.625,19.023153588175774,14.553153588175775
3191,3888,1048.0,-44.325,169.675,19.16719598439522,12.87919598439522
3192,3065,1590.0,-44.275,169.725,19.402772701345384,9.862772701345385
3193,3066,1158.0,-44.275,169.775,19.47276349479216,12.524763494792161
3194,3067,612.0,-44.275,169.825,19.49570475888322,15.82370475888322
3195,3561,984.0,-44.375,169.725,19.135523850272875,13.231523850272875
3196,3641,1066.0,-44.375,169.775,19.203575706866104,12.807575706866103
3197,3645,810.0,-44.375,169.825,19.225314267037902,14.365314267037903
3198,3889,1760.0,-44.325,169.725,19.275807683588937,8.715807683588936
3199,3890,1762.0,-44.325,169.775,19.34306182299042,8.77106182299042
3200,3891,713.0,-44.325,169.825,19.36334672497469,15.085346724974691
3201,3068,520.0,-44.275,169.875,19.467280100798234,16.347280100798233
3202,3069,520.0,-44.275,169.925,19.38524569568108,16.265245695681077
3203,3070,515.0,-44.275,169.975,19.25033637729939,16.16033637729939
3204,3071,479.0,-44.275,170.025,19.067021498311078,16.19302149831108
3205,3649,600.0,-44.375,169.875,19.195665954670403,15.595665954670404
3206,3655,580.0,-44.375,169.925,19.112459729833063,15.632459729833062
3207,3660,708.0,-44.375,169.975,18.978528468636796,14.730528468636795
3208,3665,677.0,-44.375,170.025,18.801653052360052,14.739653052360053
3209,3892,617.0,-44.325,169.875,19.33223537093727,15.63023537093727
3210,3893,583.0,-44.325,169.925,19.247801390418317,15.749801390418318
3211,3894,550.0,-44.325,169.975,19.111857005947968,15.811857005947967
3212,3895,495.0,-44.325,170.025,18.930578974977834,15.960578974977834
3213,3001,379.0,-44.325,170.175,18.235018791543553,15.961018791543552
3214,3002,374.0,-44.325,170.225,17.97648997590295,15.73248997590295
3215,3072,458.0,-44.275,170.075,18.844782322412357,16.096782322412356
3216,3073,442.0,-44.275,170.125,18.604777785076294,15.952777785076295
3217,3074,436.0,-44.275,170.175,18.35627308880794,15.740273088807939
3218,3075,407.0,-44.275,170.225,18.09031993956887,15.648319939568871
3219,3670,896.0,-44.375,170.075,18.59280645949184,13.216806459491838
3220,3674,1503.0,-44.375,170.125,18.36323676208849,9.345236762088492
3221,3679,474.0,-44.375,170.175,18.119918651529588,15.275918651529588
3222,3684,362.0,-44.375,170.225,17.865244884014828,15.693244884014828
3223,3896,617.0,-44.325,170.075,18.715083600603975,15.013083600603975
3224,3897,923.0,-44.325,170.125,18.480667947791517,12.942667947791517
3225,3003,396.0,-44.325,170.275,17.706371075531933,15.330371075531934
3226,3004,417.0,-44.325,170.325,17.429435732075945,14.927435732075946
3227,3005,468.0,-44.325,170.375,17.15196368325269,14.343963683252689
3228,3076,418.0,-44.275,170.275,17.809676011267584,15.301676011267585
3229,3077,448.0,-44.275,170.325,17.521020659711212,14.833020659711211
3230,3078,759.0,-44.275,170.375,17.232519790850347,12.678519790850348
3231,3752,499.0,-44.375,170.275,17.601361816487042,14.607361816487042
3232,3753,436.0,-44.375,170.325,17.332056552288122,14.716056552288123
3233,3755,782.0,-44.375,170.375,17.06221971544437,12.370219715444371
3234,3006,767.0,-44.325,170.425,16.88030806669849,12.27830806669849
3235,3007,935.0,-44.325,170.475,16.619854689080967,11.009854689080967
3236,3008,1770.0,-44.325,170.525,16.374381180212367,5.754381180212368
3237,3009,890.0,-44.325,170.575,16.145866578182904,10.805866578182904
3238,3079,527.0,-44.275,170.425,16.95223239727784,13.79023239727784
3239,3080,741.0,-44.275,170.475,16.68677623444819,12.24077623444819
3240,3081,1111.0,-44.275,170.525,16.440467603388242,9.774467603388242
3241,3082,923.0,-44.275,170.575,16.215181362756994,10.677181362756993
3242,3758,768.0,-44.375,170.425,16.796873843704816,12.188873843704815
3243,3761,965.0,-44.375,170.475,16.540388945140876,10.750388945140877
3244,3765,1295.0,-44.375,170.525,16.295989769743755,8.525989769743756
3245,3770,820.0,-44.375,170.575,16.065560730872676,11.145560730872678
3246,3010,878.0,-44.325,170.625,15.934672462870367,10.666672462870366
3247,3011,813.0,-44.325,170.675,15.739895837876247,10.861895837876247
3248,3012,776.0,-44.325,170.725,15.559697644406697,10.903697644406698
3249,3083,1073.0,-44.275,170.625,16.010811103216838,9.57281110321684
3250,3084,754.0,-44.275,170.675,15.825920011440758,11.301920011440757
3251,3085,624.0,-44.275,170.725,15.658244169375394,11.914244169375394
3252,3774,809.0,-44.375,170.625,15.849694724864094,10.995694724864094
3253,3778,700.0,-44.375,170.675,15.647880914009875,11.447880914009875
3254,3782,1402.0,-44.375,170.725,15.458722110954113,7.046722110954114
3255,3013,542.0,-44.325,170.775,15.391498862736626,12.139498862736627
3256,3014,784.0,-44.325,170.825,15.232029994716868,10.528029994716867
3257,3015,305.0,-44.325,170.875,15.077310769469477,13.247310769469477
3258,3016,308.0,-44.325,170.925,14.92272287097876,13.07472287097876
3259,3086,432.0,-44.275,170.775,15.504922444786644,12.912922444786643
3260,3087,316.0,-44.275,170.825,15.362442861660384,13.466442861660383
3261,3088,266.0,-44.275,170.875,15.226386438298505,13.630386438298505
3262,3089,460.0,-44.275,170.925,15.091242771944962,12.331242771944963
3263,3786,726.0,-44.375,170.775,15.280114077264443,10.924114077264443
3264,3790,698.0,-44.375,170.825,15.109381325921277,10.921381325921278
3265,3794,303.0,-44.375,170.875,14.94342990432051,13.12542990432051
3266,3798,231.0,-44.375,170.925,14.779033483180683,13.393033483180684
3267,3017,271.0,-44.325,170.975,14.763354958820855,13.137354958820856
3268,3018,204.0,-44.325,171.025,14.59478742929059,13.37078742929059
3269,3019,157.0,-44.325,171.075,14.414625560573768,13.472625560573768
3270,3021,129.0,-44.325,171.125,14.225468305899994,13.451468305899994
3271,3090,159.0,-44.275,170.975,14.950575419934466,13.996575419934466
3272,3091,112.0,-44.275,171.025,14.797607764630811,14.12560776463081
3273,3092,96.0,-44.275,171.075,14.626591652981006,14.050591652981005
3274,3093,81.0,-44.275,171.125,14.436268152698176,13.950268152698175
3275,3802,149.0,-44.375,170.975,14.613402450078866,13.719402450078865
3276,3850,382.0,-44.375,171.025,14.445223340182565,12.153223340182565
3277,3851,205.0,-44.375,171.075,14.276461159315659,13.046461159315658
3278,3852,163.0,-44.375,171.125,14.115431375073968,13.137431375073968
3279,3022,60.0,-44.325,171.175,14.041264529863838,13.681264529863839
3280,3023,19.0,-44.325,171.225,13.910765769251157,13.796765769251156
3281,3024,7.0,-44.325,171.275,13.896796405257192,13.854796405257192
3282,3094,47.0,-44.275,171.175,14.238885996630415,13.956885996630415
3283,3095,31.0,-44.275,171.225,14.086632711754646,13.900632711754646
3284,3096,17.0,-44.275,171.275,14.044051751407096,13.942051751407096
3285,3853,97.0,-44.375,171.175,13.981660607998492,13.399660607998491
3286,3854,31.0,-44.375,171.225,13.905575472046621,13.719575472046621
3287,3097,7.0,-44.275,171.325,14.05555950535927,14.01355950535927
3288,3098,128.0,-44.225,168.175,12.271077723766211,11.50307772376621
3289,3099,617.0,-44.225,168.225,12.508158178417943,8.806158178417943
3290,3595,304.0,-44.175,168.225,12.474822025455069,10.650822025455069
3291,3100,251.0,-44.225,168.275,12.75209490233101,11.24609490233101
3292,3101,789.0,-44.225,168.325,12.999787932028994,8.265787932028994
3293,3102,478.0,-44.225,168.375,13.248574434081092,10.380574434081092
3294,3103,141.0,-44.225,168.425,13.496331725094933,12.650331725094933
3295,3539,128.0,-44.125,168.275,12.67547935352195,11.90747935352195
3296,3545,483.0,-44.125,168.325,12.910780588223133,10.012780588223134
3297,3551,80.0,-44.125,168.375,13.150168684660457,12.670168684660457
3298,3557,455.0,-44.125,168.425,13.391953679092694,10.661953679092694
3299,3596,351.0,-44.175,168.275,12.711167678877246,10.605167678877246
3300,3597,408.0,-44.175,168.325,12.952597092895303,10.504597092895303
3301,3598,957.0,-44.175,168.375,13.196783179126214,7.454783179126214
3302,3599,604.0,-44.175,168.425,13.44183075777255,9.817830757772551
3303,3948,0.0,-44.075,168.325,12.872499651100952,12.872499651100952
3304,3949,12.0,-44.075,168.375,13.106888706504833,13.034888706504834
3305,3950,14.0,-44.075,168.425,13.344899751013145,13.260899751013145
3306,3104,610.0,-44.225,168.475,13.741540744376834,10.081540744376834
3307,3105,1102.0,-44.225,168.525,13.983310269657522,7.371310269657523
3308,3106,1172.0,-44.225,168.575,14.221361329138745,7.189361329138745
3309,3563,993.0,-44.125,168.475,13.634839536680374,7.676839536680375
3310,3600,80.0,-44.175,168.475,13.686334331519902,13.206334331519901
3311,3601,811.0,-44.175,168.525,13.929401570581831,9.063401570581831
3312,3602,787.0,-44.175,168.575,14.170642881828826,9.448642881828826
3313,3648,55.0,-44.125,168.525,13.877947141532786,13.547947141532786
3314,3653,263.0,-44.125,168.575,14.120808865933213,12.542808865933214
3315,3951,12.0,-44.075,168.475,13.585340424673632,13.513340424673633
3316,3952,197.0,-44.075,168.525,13.827355223416816,12.645355223416816
3317,3953,621.0,-44.075,168.575,14.070424202422146,10.344424202422147
3318,3051,120.0,-44.225,168.775,15.148175067268312,14.428175067268311
3319,3107,425.0,-44.225,168.625,14.455972038733307,11.905972038733307
3320,3108,72.0,-44.225,168.675,14.68788579624379,14.25588579624379
3321,3109,1664.0,-44.225,168.725,14.918189805408474,4.934189805408474
3322,3603,1018.0,-44.175,168.625,14.410128521441948,8.302128521441947
3323,3604,622.0,-44.175,168.675,14.648316678591073,10.916316678591073
3324,3605,321.0,-44.175,168.725,14.885958521743305,12.959958521743305
3325,3606,122.0,-44.175,168.775,15.12398864532588,14.391988645325881
3326,3658,832.0,-44.125,168.625,14.363336437672842,9.371336437672841
3327,3663,928.0,-44.125,168.675,14.60576535918517,9.03776535918517
3328,3668,39.0,-44.125,168.725,14.848580833757296,14.614580833757296
3329,3673,1610.0,-44.125,168.775,15.092431651370134,5.432431651370134
3330,3954,471.0,-44.075,168.625,14.314339720353018,11.488339720353018
3331,3955,20.0,-44.075,168.675,14.559164021164179,14.43916402116418
3332,3956,20.0,-44.075,168.725,14.805171641055495,14.685171641055495
3333,3957,654.0,-44.075,168.775,15.052781606209464,11.128781606209465
3334,3055,352.0,-44.075,168.875,15.554772139235865,13.442772139235865
3335,3132,1415.0,-44.225,168.825,15.379191758052912,6.889191758052911
3336,3134,1311.0,-44.075,168.925,15.810066708887462,7.944066708887462
3337,3141,2259.0,-44.225,168.875,15.612514115171507,2.0585141151715067
3338,3142,1168.0,-44.075,168.975,16.06866478890879,9.060664788908792
3339,3246,1610.0,-44.225,168.925,15.849226204678416,6.189226204678416
3340,3251,1605.0,-44.225,168.975,16.090134764148388,6.460134764148387
3341,3607,1518.0,-44.175,168.825,15.363410861522425,6.255410861522426
3342,3608,1484.0,-44.175,168.875,15.605189183028415,6.701189183028415
3343,3609,1057.0,-44.175,168.925,15.850151953636669,9.50815195363667
3344,3610,1553.0,-44.175,168.975,16.098913767025806,6.780913767025806
3345,3678,59.0,-44.125,168.825,15.338039313675836,14.984039313675837
3346,3683,272.0,-44.125,168.875,15.586109475116245,13.954109475116246
3347,3754,1060.0,-44.125,168.925,15.837251484103035,9.477251484103036
3348,3757,1433.0,-44.125,168.975,16.0919096476282,7.4939096476282
3349,3958,1048.0,-44.075,168.825,15.3024848572677,9.0144848572677
3350,3257,465.0,-44.225,169.025,16.3357091639773,13.5457091639773
3351,3258,712.0,-44.075,169.025,16.330685053602792,12.058685053602792
3352,3260,1468.0,-44.225,169.075,16.58604316157289,7.778043161572889
3353,3329,1599.0,-44.225,169.125,16.840830155590083,7.246830155590084
3354,3330,721.0,-44.075,169.075,16.59602694027126,12.270026940271258
3355,3363,881.0,-44.075,169.125,16.864336540398654,11.578336540398652
3356,3611,1145.0,-44.175,169.025,16.351815935224295,9.481815935224295
3357,3612,1560.0,-44.175,169.075,16.608882861561142,7.2488828615611425
3358,3613,1008.0,-44.175,169.125,16.869789698161185,10.821789698161185
3359,3760,1037.0,-44.125,169.025,16.350307350221556,10.128307350221556
3360,3763,778.0,-44.125,169.075,16.612402933766134,11.944402933766135
3361,3766,980.0,-44.125,169.125,16.87785484379856,10.99785484379856
3362,3364,1061.0,-44.225,169.175,17.099343921930995,10.733343921930995
3363,3369,300.0,-44.225,169.225,17.36041994136758,15.56041994136758
3364,3371,878.0,-44.075,169.175,17.134978373826016,11.866978373826015
3365,3375,1588.0,-44.225,169.275,17.622436666337308,8.094436666337307
3366,3378,1597.0,-44.075,169.225,17.407011378498282,7.8250113784982815
3367,3382,1161.0,-44.225,169.325,17.883299036999233,10.917299036999234
3368,3385,1064.0,-44.075,169.275,17.679167734342627,11.295167734342627
3369,3399,1207.0,-44.075,169.325,17.949833317718003,10.707833317718002
3370,3614,1571.0,-44.175,169.175,17.13383651181357,7.70783651181357
3371,3615,1084.0,-44.175,169.225,17.39992561005056,10.89592561005056
3372,3616,424.0,-44.175,169.275,17.666540702572092,15.122540702572092
3373,3617,889.0,-44.175,169.325,17.931728045863565,12.597728045863565
3374,3769,827.0,-44.125,169.175,17.14599317673128,12.183993176731281
3375,3773,786.0,-44.125,169.225,17.415795274893753,12.699795274893752
3376,3777,1317.0,-44.125,169.275,17.68586388550466,9.78386388550466
3377,3781,907.0,-44.125,169.325,17.95440707617672,12.512407076176721
3378,3389,1664.0,-44.225,169.375,18.140426642959937,8.156426642959937
3379,3393,1782.0,-44.225,169.425,18.390746760822367,7.698746760822367
3380,3404,721.0,-44.075,169.375,18.217028566577937,13.891028566577937
3381,3407,379.0,-44.225,169.475,18.630690469173715,16.356690469173714
3382,3411,1807.0,-44.075,169.425,18.478388327464927,7.6363883274649265
3383,3418,1581.0,-44.075,169.475,18.731139181065373,9.245139181065372
3384,3618,1443.0,-44.175,169.375,18.193079933000263,9.535079933000263
3385,3619,1575.0,-44.175,169.425,18.447720169613604,8.997720169613604
3386,3620,1351.0,-44.175,169.475,18.69229070044821,10.586290700448211
3387,3785,1402.0,-44.125,169.375,18.219219223596156,9.807219223596157
3388,3789,1028.0,-44.125,169.425,18.477662172168493,12.309662172168494
3389,3793,1685.0,-44.125,169.475,18.726645660819486,8.616645660819485
3390,3414,1600.0,-44.225,169.525,18.856190630234778,9.256190630234778
3391,3421,1026.0,-44.225,169.575,19.06268469832139,12.906684698321392
3392,3425,1767.0,-44.075,169.525,18.97207317245193,8.370073172451928
3393,3428,792.0,-44.225,169.625,19.245132744137663,14.493132744137665
3394,3432,1450.0,-44.075,169.575,19.19751814362826,10.497518143628259
3395,3435,1577.0,-44.225,169.675,19.398071476491168,9.936071476491168
3396,3439,1251.0,-44.075,169.625,19.40330732340226,11.89730732340226
3397,3446,1781.0,-44.075,169.675,19.584754858951783,8.898754858951785
3398,3621,400.0,-44.175,169.525,18.922939622832928,16.52293962283293
3399,3622,1980.0,-44.175,169.575,19.135314254439436,7.255314254439435
3400,3623,1253.0,-44.175,169.625,19.324568961572368,11.806568961572369
3401,3624,1439.0,-44.175,169.675,19.485406041319948,10.851406041319947
3402,3797,743.0,-44.125,169.525,18.96260708104819,14.504607081048192
3403,3800,983.0,-44.125,169.575,19.181493144889828,13.283493144889828
3404,3898,1862.0,-44.125,169.625,19.37875043679378,8.20675043679378
3405,3900,1506.0,-44.125,169.675,19.549338330019964,10.513338330019964
3406,3442,1078.0,-44.225,169.725,19.515738432615763,13.047738432615763
3407,3447,1880.0,-44.075,169.725,19.736650249251397,8.456650249251398
3408,3448,1287.0,-44.075,169.775,19.85329441781505,12.13129441781505
3409,3449,578.0,-44.075,169.825,19.928615331155015,16.460615331155015
3410,3534,1643.0,-44.225,169.775,19.59231454282417,9.73431454282417
3411,3542,520.0,-44.225,169.825,19.622337667795364,16.502337667795363
3412,3625,1683.0,-44.175,169.725,19.61217847254011,9.51417847254011
3413,3626,920.0,-44.175,169.775,19.699093364324654,14.179093364324654
3414,3627,520.0,-44.175,169.825,19.740558716031956,16.620558716031955
3415,3901,1120.0,-44.125,169.725,19.687786218128167,12.967786218128168
3416,3903,1300.0,-44.125,169.775,19.788326814974425,11.988326814974425
3417,3905,603.0,-44.125,169.825,19.845146802050294,16.227146802050296
3418,3450,556.0,-44.075,169.875,19.956422852701508,16.62042285270151
3419,3451,1468.0,-44.075,169.925,19.93088452721713,11.122884527217131
3420,3452,1799.0,-44.075,169.975,19.84729459756636,9.053294597566362
3421,3453,1618.0,-44.075,170.025,19.70309258828638,9.995092588286381
3422,3548,520.0,-44.225,169.875,19.601314638362965,16.481314638362964
3423,3554,1530.0,-44.225,169.925,19.526498087710934,10.346498087710934
3424,3560,1101.0,-44.225,169.975,19.397755142999813,12.791755142999813
3425,3566,553.0,-44.225,170.025,19.21858504632837,15.900585046328372
3426,3628,572.0,-44.175,169.875,19.73170708710677,16.29970708710677
3427,3629,1732.0,-44.175,169.925,19.66911058704136,9.27711058704136
3428,3630,922.0,-44.175,169.975,19.55169384740293,14.01969384740293
3429,3631,666.0,-44.175,170.025,19.381863805261673,15.385863805261673
3430,3907,540.0,-44.125,169.875,19.852803215559106,16.612803215559104
3431,3909,1718.0,-44.125,169.925,19.80685433934559,9.498854339345591
3432,3911,1473.0,-44.125,169.975,19.704729088261956,10.866729088261957
3433,3913,865.0,-44.125,170.025,19.546735246753087,14.356735246753086
3434,3454,994.0,-44.075,170.075,19.4988064795034,13.534806479503402
3435,3455,703.0,-44.075,170.125,19.23838814921328,15.020388149213279
3436,3456,524.0,-44.075,170.175,18.928889260889264,15.784889260889264
3437,3457,567.0,-44.075,170.225,18.580194870301057,15.178194870301057
3438,3567,492.0,-44.225,170.075,18.99794774959446,16.04594774959446
3439,3568,488.0,-44.225,170.125,18.752939563331893,15.824939563331892
3440,3569,458.0,-44.225,170.175,18.491821048082784,15.743821048082784
3441,3570,481.0,-44.225,170.225,18.210800612258026,15.324800612258027
3442,3632,568.0,-44.175,170.075,19.166628899460193,15.758628899460193
3443,3633,569.0,-44.175,170.125,18.91641900848481,15.502419008484809
3444,3634,556.0,-44.175,170.175,18.638587698806077,15.302587698806077
3445,3635,579.0,-44.175,170.225,18.336557336966507,14.862557336966507
3446,3915,703.0,-44.125,170.075,19.336700377316447,15.118700377316447
3447,3917,621.0,-44.125,170.125,19.08115320012439,15.355153200124391
3448,3918,524.0,-44.125,170.175,18.787160942243645,15.643160942243645
3449,3919,634.0,-44.125,170.225,18.461998073384166,14.657998073384165
3450,3458,679.0,-44.075,170.275,18.20507192070363,14.131071920703631
3451,3459,676.0,-44.075,170.325,17.819135407014983,13.763135407014982
3452,3460,673.0,-44.075,170.375,17.44096894087852,13.40296894087852
3453,3571,479.0,-44.225,170.275,17.913293987105135,15.039293987105134
3454,3572,476.0,-44.225,170.325,17.607472194096772,14.751472194096772
3455,3573,495.0,-44.225,170.375,17.303510069847107,14.333510069847106
3456,3636,607.0,-44.175,170.275,18.016255685477518,14.374255685477518
3457,3637,520.0,-44.175,170.325,17.68765977572184,14.56765977572184
3458,3638,524.0,-44.175,170.375,17.363347911217716,14.219347911217715
3459,3920,795.0,-44.125,170.275,18.115090752398828,13.345090752398828
3460,3921,600.0,-44.125,170.325,17.75912334007444,14.159123340074439
3461,3922,585.0,-44.125,170.375,17.409732250729576,13.899732250729576
3462,3050,559.0,-44.175,170.525,16.529378336825175,13.175378336825176
3463,3130,906.0,-44.175,170.575,16.314607033884386,10.878607033884386
3464,3461,647.0,-44.075,170.425,17.09273280814523,13.210732808145229
3465,3462,676.0,-44.075,170.475,16.795268099434907,12.739268099434906
3466,3463,674.0,-44.075,170.525,16.55177146618371,12.507771466183708
3467,3464,914.0,-44.075,170.575,16.353306903794874,10.869306903794874
3468,3574,505.0,-44.225,170.425,17.011544213455636,13.981544213455637
3469,3575,533.0,-44.225,170.475,16.739698188001057,13.541698188001057
3470,3576,605.0,-44.225,170.525,16.492723029950866,12.862723029950867
3471,3577,776.0,-44.225,170.575,16.271975219628075,11.615975219628076
3472,3639,547.0,-44.175,170.425,17.05625579529442,13.774255795294419
3473,3640,554.0,-44.175,170.475,16.77660715690581,13.452607156905811
3474,3923,582.0,-44.125,170.425,17.083917801908683,13.591917801908682
3475,3924,605.0,-44.125,170.475,16.795433516206685,13.165433516206686
3476,3925,598.0,-44.125,170.525,16.549026723136194,12.961026723136193
3477,3926,819.0,-44.125,170.575,16.341821064415853,11.427821064415854
3478,3139,1051.0,-44.175,170.625,16.129773759108502,9.823773759108501
3479,3148,780.0,-44.175,170.675,15.971705514093628,11.291705514093628
3480,3253,902.0,-44.175,170.725,15.837336466793204,10.425336466793205
3481,3465,688.0,-44.075,170.625,16.1926986479084,12.0646986479084
3482,3466,649.0,-44.075,170.675,16.065399141254602,12.171399141254602
3483,3467,625.0,-44.075,170.725,15.968219278205652,12.218219278205652
3484,3578,1075.0,-44.225,170.625,16.07646252599079,9.626462525990792
3485,3579,733.0,-44.225,170.675,15.903996103443205,11.505996103443206
3486,3580,489.0,-44.225,170.725,15.75189888026216,12.817898880262161
3487,3927,846.0,-44.125,170.625,16.16900999934296,11.09300999934296
3488,3928,656.0,-44.125,170.675,16.026435205771122,12.090435205771122
3489,3929,1184.0,-44.125,170.725,15.910795944917481,8.806795944917482
3490,3263,398.0,-44.175,170.775,15.723899460484972,13.335899460484972
3491,3328,311.0,-44.175,170.825,15.628892629989423,13.762892629989423
3492,3365,315.0,-44.175,170.875,15.5490642937948,13.659064293794799
3493,3368,291.0,-44.175,170.925,15.478945110313362,13.732945110313361
3494,3468,403.0,-44.075,170.775,15.898791520798113,13.480791520798114
3495,3469,315.0,-44.075,170.825,15.855783640756272,13.965783640756271
3496,3470,350.0,-44.075,170.875,15.838255468959687,13.738255468959688
3497,3471,342.0,-44.075,170.925,15.84138488926692,13.78938488926692
3498,3581,464.0,-44.225,170.775,15.617267657100456,12.833267657100457
3499,3582,319.0,-44.225,170.825,15.496839733008528,13.582839733008528
3500,3583,231.0,-44.225,170.875,15.386401220835978,14.000401220835979
3501,3584,299.0,-44.225,170.925,15.280244064721046,13.486244064721046
3502,3930,420.0,-44.125,170.775,15.81946722822613,13.299467228226131
3503,3931,318.0,-44.125,170.825,15.750766118668253,13.842766118668253
3504,3932,258.0,-44.125,170.875,15.70343921679887,14.15543921679887
3505,3933,491.0,-44.125,170.925,15.671741746453336,12.725741746453336
3506,3373,193.0,-44.175,170.975,15.411826751049375,14.253826751049376
3507,3380,197.0,-44.175,171.025,15.340289886808023,14.158289886808022
3508,3387,199.0,-44.175,171.075,15.25582580876653,14.061825808766532
3509,3398,200.0,-44.175,171.125,15.149112919840263,13.949112919840264
3510,3472,358.0,-44.075,170.975,15.860419766046107,13.712419766046107
3511,3473,484.0,-44.075,171.025,15.890751388244098,12.986751388244098
3512,3474,486.0,-44.075,171.075,15.925972938071936,13.009972938071936
3513,3475,245.0,-44.075,171.125,15.95354564054287,14.48354564054287
3514,3585,155.0,-44.225,170.975,15.171375397301745,14.241375397301745
3515,3586,113.0,-44.225,171.025,15.052038999303477,14.374038999303476
3516,3587,140.0,-44.225,171.075,14.914697329571936,14.074697329571936
3517,3588,79.0,-44.225,171.125,14.755328127503162,14.281328127503162
3518,3934,229.0,-44.125,170.975,15.649893178750062,14.275893178750062
3519,3935,241.0,-44.125,171.025,15.631917746184627,14.185917746184627
3520,3936,259.0,-44.125,171.075,15.60971931743552,14.05571931743552
3521,3937,151.0,-44.125,171.125,15.569566224323353,14.663566224323352
3522,3406,134.0,-44.175,171.175,15.01324358212878,14.20924358212878
3523,3413,61.0,-44.175,171.225,14.853109023038996,14.487109023038997
3524,3420,46.0,-44.175,171.275,14.696818953379989,14.420818953379989
3525,3476,161.0,-44.075,171.175,15.941609374742256,14.975609374742257
3526,3477,209.0,-44.075,171.225,15.812651918880874,14.558651918880875
3527,3478,128.0,-44.075,171.275,15.571713519719196,14.803713519719196
3528,3589,70.0,-44.225,171.175,14.582304890354862,14.162304890354863
3529,3590,46.0,-44.225,171.225,14.42783853164292,14.15183853164292
3530,3591,21.0,-44.225,171.275,14.328357575810514,14.202357575810515
3531,3938,142.0,-44.125,171.175,15.486393564293394,14.634393564293394
3532,3939,101.0,-44.125,171.225,15.331148276047315,14.725148276047316
3533,3940,83.0,-44.125,171.275,15.1221507510636,14.6241507510636
3534,3427,43.0,-44.175,171.325,14.596385523385834,14.338385523385835
3535,3434,36.0,-44.175,171.375,14.574689122586278,14.358689122586279
3536,3441,33.0,-44.175,171.425,14.601434371434152,14.403434371434152
3537,3479,117.0,-44.075,171.325,15.364752676396165,14.662752676396165
3538,3480,101.0,-44.075,171.375,15.254902888700599,14.648902888700599
3539,3481,85.0,-44.075,171.425,15.219919411465526,14.709919411465526
3540,3482,78.0,-44.075,171.475,15.232780113641638,14.764780113641638
3541,3535,21.0,-44.175,171.475,14.654178028984461,14.528178028984462
3542,3592,16.0,-44.225,171.325,14.28956318082055,14.19356318082055
3543,3593,10.0,-44.225,171.375,14.301396002440015,14.241396002440014
3544,3594,4.0,-44.225,171.425,14.3466307168419,14.322630716841902
3545,3941,76.0,-44.125,171.325,14.957873603096232,14.501873603096232
3546,3942,71.0,-44.125,171.375,14.9005360561423,14.4745360561423
3547,3943,59.0,-44.125,171.425,14.899575827090302,14.545575827090303
3548,3944,44.0,-44.125,171.475,14.933627228980185,14.669627228980186
3549,3483,63.0,-44.075,171.525,15.274237255216576,14.896237255216576
3550,3484,47.0,-44.075,171.575,15.329686268727528,15.047686268727528
3551,3485,30.0,-44.075,171.625,15.387242738128407,15.207242738128407
3552,3537,9.0,-44.175,171.525,14.720201000367524,14.666201000367524
3553,3945,35.0,-44.125,171.525,14.988081167073688,14.778081167073687
3554,3946,20.0,-44.125,171.575,15.051458075700793,14.931458075700794
3555,3947,3.0,-44.125,171.625,15.114279408357106,15.096279408357105
3556,3486,26.0,-44.075,171.675,15.436726117011858,15.280726117011858
3557,3487,20.0,-44.075,171.725,15.469783626555,15.349783626555
3558,3488,12.0,-44.025,168.375,13.065323484188411,12.993323484188412
3559,3489,200.0,-44.025,168.425,13.2990793811623,12.099079381162301
3560,3490,349.0,-44.025,168.475,13.536317112331744,11.442317112331745
3561,3491,341.0,-44.025,168.525,13.77621126169106,11.73021126169106
3562,3492,344.0,-44.025,168.575,14.018208889989182,11.954208889989182
3563,3493,41.0,-44.025,168.625,14.262013313942589,14.016013313942588
3564,3494,22.0,-44.025,168.675,14.507552132476121,14.375552132476122
3565,3495,20.0,-44.025,168.725,14.75493264925899,14.63493264925899
3566,3496,15.0,-44.025,168.775,15.004388519504573,14.914388519504573
3567,3497,21.0,-44.025,168.825,15.256221758958418,15.130221758958418
3568,3498,57.0,-44.025,168.875,15.510744082333986,15.168744082333985
3569,3499,1644.0,-44.025,168.925,15.76822095393436,5.9042209539343595
3570,3500,218.0,-44.025,168.975,16.028820773935877,14.720820773935877
3571,3664,12.0,-43.975,168.825,15.198824851599056,15.126824851599057
3572,3669,17.0,-43.975,168.875,15.453695996489841,15.351695996489841
3573,3675,297.0,-43.975,168.925,15.711451495764777,13.929451495764777
3574,3680,977.0,-43.975,168.975,15.972148902132176,10.110148902132178
3575,3745,7.0,-43.925,168.925,15.639638209133409,15.59763820913341
3576,3746,14.0,-43.925,168.975,15.898579181637615,15.814579181637615
3577,3501,503.0,-44.025,169.025,16.292570524732582,13.274570524732582
3578,3502,664.0,-44.025,169.075,16.559318169369362,12.575318169369362
3579,3503,828.0,-44.025,169.125,16.82870130916126,11.86070130916126
3580,3685,703.0,-43.975,169.025,16.235734294634312,12.017734294634312
3581,3686,732.0,-43.975,169.075,16.502009554533288,12.110009554533288
3582,3687,845.0,-43.975,169.125,16.770604913006537,11.700604913006536
3583,3747,31.0,-43.925,169.025,16.160126203321852,15.974126203321852
3584,3748,29.0,-43.925,169.075,16.424037155287806,16.250037155287806
3585,3749,296.0,-43.925,169.125,16.689931997738313,14.913931997738313
3586,3054,153.0,-43.925,169.275,17.493285933625884,16.575285933625885
3587,3131,1234.0,-43.925,169.325,17.759983829280827,10.355983829280827
3588,3504,957.0,-44.025,169.175,17.10012114845449,11.35812114845449
3589,3505,1010.0,-44.025,169.225,17.37272062408738,11.31272062408738
3590,3506,1279.0,-44.025,169.275,17.645365511300042,9.971365511300043
3591,3507,383.0,-44.025,169.325,17.91662723844638,15.618627238446381
3592,3688,181.0,-43.975,169.175,17.04095631738892,15.954956317388918
3593,3689,365.0,-43.975,169.225,17.312286895583384,15.122286895583384
3594,3690,1090.0,-43.975,169.275,17.58359158411622,11.043591584116221
3595,3691,1047.0,-43.975,169.325,17.85362376086414,11.571623760864139
3596,3750,351.0,-43.925,169.175,16.957274079264607,14.851274079264607
3597,3751,1392.0,-43.925,169.225,17.225355506234337,8.873355506234336
3598,3140,1646.0,-43.925,169.375,18.024168833973818,8.148168833973818
3599,3149,608.0,-43.925,169.425,18.2843531727558,14.6363531727558
3600,3150,828.0,-43.925,169.475,18.538829070079373,13.570829070079373
3601,3508,347.0,-44.025,169.375,18.18476591887884,16.102765918878838
3602,3509,1299.0,-44.025,169.425,18.447711750573944,10.653711750573944
3603,3510,1258.0,-44.025,169.475,18.703042526874924,11.155042526874924
3604,3692,319.0,-43.975,169.375,18.12088234804105,16.20688234804105
3605,3693,100.0,-43.975,169.425,18.38359730821685,17.783597308216848
3606,3694,145.0,-43.975,169.475,18.639710687100887,17.769710687100886
3607,3151,423.0,-43.925,169.525,18.785647578828502,16.247647578828502
3608,3152,181.0,-43.925,169.575,19.022581843310036,17.936581843310037
3609,3153,357.0,-43.925,169.625,19.247064161580056,17.105064161580056
3610,3154,329.0,-43.925,169.675,19.45608075428754,17.48208075428754
3611,3511,837.0,-44.025,169.525,18.9479546660732,13.925954666073203
3612,3512,1774.0,-44.025,169.575,19.179225037398282,8.535225037398284
3613,3513,651.0,-44.025,169.625,19.393161095445976,15.487161095445977
3614,3514,1756.0,-44.025,169.675,19.58553781628143,9.04953781628143
3615,3695,1440.0,-43.975,169.525,18.88684929336887,10.246849293368868
3616,3696,1577.0,-43.975,169.575,19.12228365696501,9.66028365696501
3617,3697,2127.0,-43.975,169.625,19.34286592900753,6.5808659290075315
3618,3698,1601.0,-43.975,169.675,19.544936955615412,9.938936955615413
3619,3155,1451.0,-43.925,169.725,19.646000590524636,10.940000590524637
3620,3156,1272.0,-43.925,169.775,19.812305679020938,12.180305679020938
3621,3157,844.0,-43.925,169.825,19.949184450291796,14.885184450291796
3622,3515,1486.0,-44.025,169.725,19.751522711769212,10.835522711769213
3623,3516,1842.0,-44.025,169.775,19.885597398359096,8.833597398359094
3624,3517,604.0,-44.025,169.825,19.98150103125954,16.35750103125954
3625,3699,1029.0,-43.975,169.725,19.724190533685032,13.550190533685033
3626,3700,1814.0,-43.975,169.775,19.875483480427647,8.991483480427647
3627,3701,648.0,-43.975,169.825,19.99259051666013,16.10459051666013
3628,3158,1509.0,-43.925,169.875,20.04896331267082,10.994963312670821
3629,3159,1470.0,-43.925,169.925,20.10143243317725,11.281432433177253
3630,3160,1028.0,-43.925,169.975,20.093390707304934,13.925390707304935
3631,3161,2232.0,-43.925,170.025,20.009375644061947,6.617375644061948
3632,3518,1656.0,-44.025,169.875,20.032255527214147,10.096255527214149
3633,3519,586.0,-44.025,169.925,20.030390894797165,16.514390894797167
3634,3520,1886.0,-44.025,169.975,19.968554947001394,8.652554947001395
3635,3521,1860.0,-44.025,170.025,19.84068826487055,8.68068826487055
3636,3702,2355.0,-43.975,169.875,20.067939221306005,5.937939221306005
3637,3703,1069.0,-43.975,169.925,20.092452964687254,13.678452964687255
3638,3704,1103.0,-43.975,169.975,20.05581493282807,13.437814932828072
3639,3705,2072.0,-43.975,170.025,19.947706913691945,7.515706913691947
3640,3162,1507.0,-43.925,170.075,19.835326806787634,10.793326806787634
3641,3163,565.0,-43.925,170.125,19.565823995304527,16.175823995304526
3642,3164,524.0,-43.925,170.175,19.210372832487337,16.06637283248734
3643,3165,887.0,-43.925,170.225,18.791949858685257,13.469949858685258
3644,3522,1579.0,-44.025,170.075,19.643729411589447,10.169729411589449
3645,3523,660.0,-44.025,170.125,19.379352606338216,15.419352606338217
3646,3524,524.0,-44.025,170.175,19.054901705298107,15.910901705298107
3647,3525,643.0,-44.025,170.225,18.682997271593194,14.824997271593194
3648,3706,1443.0,-43.975,170.075,19.760543713724473,11.102543713724474
3649,3707,754.0,-43.975,170.125,19.49325236355071,14.969252363550709
3650,3708,524.0,-43.975,170.175,19.153925516206073,16.009925516206074
3651,3709,670.0,-43.975,170.225,18.75912291876739,14.73912291876739
3652,3166,1079.0,-43.925,170.275,18.339427873666864,11.865427873666864
3653,3167,965.0,-43.925,170.325,17.881365574226948,12.091365574226948
3654,3168,962.0,-43.925,170.375,17.44427908223588,11.672279082235882
3655,3526,736.0,-44.025,170.275,18.280112084234133,13.864112084234133
3656,3527,799.0,-44.025,170.325,17.865027013176586,13.071027013176586
3657,3528,791.0,-44.025,170.375,17.458261390973348,12.71226139097335
3658,3710,823.0,-43.975,170.275,18.330413451010827,13.392413451010828
3659,3711,823.0,-43.975,170.325,17.890933373535518,12.952933373535519
3660,3712,842.0,-43.975,170.375,17.46407954269671,12.41207954269671
3661,3020,737.0,-44.025,170.475,16.779660877713468,12.357660877713467
3662,3138,825.0,-44.025,170.525,16.540653090458363,11.590653090458364
3663,3147,1087.0,-44.025,170.575,16.34955731476657,9.827557314766572
3664,3169,850.0,-43.925,170.425,17.053762588853715,11.953762588853715
3665,3170,774.0,-43.925,170.475,16.730814254260622,12.086814254260622
3666,3171,710.0,-43.925,170.525,16.478135878394824,12.218135878394824
3667,3172,894.0,-43.925,170.575,16.285903359239455,10.921903359239455
3668,3529,740.0,-44.025,170.425,17.084616035572253,12.644616035572252
3669,3713,831.0,-43.975,170.425,17.076194962050067,12.090194962050067
3670,3714,878.0,-43.975,170.475,16.761871315393364,11.493871315393363
3671,3715,759.0,-43.975,170.525,16.518905796372565,11.964905796372566
3672,3716,918.0,-43.975,170.575,16.32935814067605,10.82135814067605
3673,3173,1720.0,-43.925,170.625,16.14526042563375,5.825260425633752
3674,3174,1490.0,-43.925,170.675,16.049814298778074,7.109814298778074
3675,3175,1038.0,-43.925,170.725,15.99456685266341,9.76656685266341
3676,3249,926.0,-44.025,170.625,16.199173784640152,10.643173784640151
3677,3255,544.0,-44.025,170.675,16.085274863115046,12.821274863115047
3678,3261,434.0,-44.025,170.725,16.004793200379936,13.400793200379937
3679,3717,1217.0,-43.975,170.625,16.185290583380265,8.883290583380266
3680,3718,1146.0,-43.975,170.675,16.081807022506837,9.205807022506836
3681,3719,677.0,-43.975,170.725,16.015201312373392,11.953201312373393
3682,3176,964.0,-43.925,170.775,15.975214810721809,10.19121481072181
3683,3177,622.0,-43.925,170.825,15.987625788373407,12.255625788373408
3684,3178,575.0,-43.925,170.875,16.027284605341265,12.577284605341266
3685,3179,730.0,-43.925,170.925,16.088745051820297,11.708745051820298
3686,3327,423.0,-44.025,170.775,15.95537604414858,13.417376044148579
3687,3367,394.0,-44.025,170.825,15.935227733920328,13.571227733920328
3688,3374,395.0,-44.025,170.875,15.942198170319898,13.572198170319897
3689,3381,348.0,-44.025,170.925,15.972573609411484,13.884573609411483
3690,3720,534.0,-43.975,170.775,15.982392577076098,12.778392577076097
3691,3721,453.0,-43.975,170.825,15.980532222456532,13.262532222456532
3692,3722,394.0,-43.975,170.875,16.006373911281116,13.642373911281116
3693,3723,721.0,-43.975,170.925,16.055690782144666,11.729690782144665
3694,3180,618.0,-43.925,170.975,16.165084299515,12.457084299515001
3695,3181,1136.0,-43.925,171.025,16.24699780921219,9.43099780921219
3696,3182,686.0,-43.925,171.075,16.321058140543755,12.205058140543755
3697,3183,610.0,-43.925,171.125,16.36712243274087,12.70712243274087
3698,3388,577.0,-44.025,170.975,16.021934364776826,12.559934364776826
3699,3397,599.0,-44.025,171.025,16.0854422103439,12.4914422103439
3700,3401,328.0,-44.025,171.075,16.156486481282627,14.188486481282627
3701,3408,295.0,-44.025,171.125,16.223240785155213,14.453240785155213
3702,3724,732.0,-43.975,170.975,16.123151793086436,11.731151793086436
3703,3725,1211.0,-43.975,171.025,16.201869112032,8.935869112032002
3704,3726,916.0,-43.975,171.075,16.281658246240113,10.785658246240114
3705,3727,592.0,-43.975,171.125,16.344839341763873,12.792839341763873
3706,3184,447.0,-43.925,171.175,16.357953980419552,13.675953980419552
3707,3185,424.0,-43.925,171.225,16.27615854231408,13.732158542314078
3708,3186,250.0,-43.925,171.275,16.168315510818502,14.668315510818502
3709,3415,240.0,-44.025,171.175,16.25829407328274,14.818294073282742
3710,3422,189.0,-44.025,171.225,16.161277792445617,15.027277792445616
3711,3429,170.0,-44.025,171.275,15.91827287376509,14.898272873765091
3712,3728,524.0,-43.975,171.175,16.356922214734368,13.212922214734368
3713,3729,228.0,-43.975,171.225,16.265952659130562,14.897952659130562
3714,3730,206.0,-43.975,171.275,16.09554415391176,14.85954415391176
3715,3187,243.0,-43.925,171.325,16.099057082406944,14.641057082406943
3716,3188,217.0,-43.925,171.375,16.06006049690768,14.758060496907682
3717,3189,193.0,-43.925,171.425,16.052487410139292,14.894487410139293
3718,3190,170.0,-43.925,171.475,16.072595264064148,15.052595264064148
3719,3436,147.0,-44.025,171.325,15.70905609158217,14.82705609158217
3720,3443,137.0,-44.025,171.375,15.582795196183724,14.760795196183725
3721,3531,127.0,-44.025,171.425,15.53105138259707,14.76905138259707
3722,3544,108.0,-44.025,171.475,15.531518146453891,14.883518146453891
3723,3731,202.0,-43.975,171.325,15.943776753498241,14.731776753498242
3724,3732,186.0,-43.975,171.375,15.848846810229588,14.732846810229589
3725,3733,164.0,-43.975,171.425,15.809621690830681,14.825621690830681
3726,3734,138.0,-43.975,171.475,15.813557065906934,14.985557065906935
3727,3191,148.0,-43.925,171.525,16.112349744857056,15.224349744857056
3728,3192,129.0,-43.925,171.575,16.16238236951176,15.38838236951176
3729,3193,111.0,-43.925,171.625,16.21344189258525,15.547441892585251
3730,3550,90.0,-44.025,171.525,15.56448180435109,15.02448180435109
3731,3556,71.0,-44.025,171.575,15.614335134159774,15.188335134159773
3732,3562,57.0,-44.025,171.625,15.668132666614838,15.326132666614837
3733,3735,120.0,-43.975,171.525,15.846263332961826,15.126263332961825
3734,3736,98.0,-43.975,171.575,15.894600832631113,15.306600832631114
3735,3737,84.0,-43.975,171.625,15.946848788647912,15.442848788647913
3736,3194,97.0,-43.925,171.675,16.256254414329305,15.674254414329305
3737,3195,90.0,-43.925,171.725,16.27803864472662,15.738038644726622
3738,3196,82.0,-43.925,171.775,16.25275998955476,15.760759989554762
3739,3197,74.0,-43.925,171.825,16.190275817818474,15.746275817818473
3740,3642,48.0,-44.025,171.675,15.71406728203874,15.42606728203874
3741,3647,43.0,-44.025,171.725,15.740997129527386,15.482997129527387
3742,3650,35.0,-44.025,171.775,15.741384923865553,15.531384923865552
3743,3654,29.0,-44.025,171.825,15.716339212754974,15.542339212754975
3744,3738,71.0,-43.975,171.675,15.991396489291219,15.565396489291219
3745,3739,66.0,-43.975,171.725,16.01441124919802,15.618411249198019
3746,3740,52.0,-43.975,171.775,16.0025936436723,15.6905936436723
3747,3741,51.0,-43.975,171.825,15.959583090589149,15.65358309058915
3748,3198,67.0,-43.925,171.875,16.120543872384587,15.718543872384588
3749,3199,59.0,-43.925,171.925,16.04906707094051,15.69506707094051
3750,3200,47.0,-43.925,171.975,15.973803395609139,15.691803395609139
3751,3659,0.0,-44.025,171.875,15.673535203619394,15.673535203619394
3752,3742,40.0,-43.975,171.875,15.900906314695021,15.660906314695021
3753,3743,32.0,-43.975,171.925,15.835408500715857,15.643408500715857
3754,3744,22.0,-43.975,171.975,15.765282301785192,15.633282301785192
3755,3201,35.0,-43.925,172.025,15.892598904727492,15.682598904727492
3756,3202,21.0,-43.925,172.075,15.804772064089775,15.678772064089776
3757,3203,9.0,-43.875,169.025,16.065903526323382,16.011903526323383
3758,3204,567.0,-43.875,169.075,16.325572834583,12.923572834583
3759,3205,45.0,-43.875,169.125,16.58683611941524,16.31683611941524
3760,3423,19.0,-43.825,169.075,16.207051954581402,16.0930519545814
3761,3430,20.0,-43.825,169.125,16.461774669005536,16.341774669005535
3762,3206,1096.0,-43.875,169.175,16.849171162117273,10.273171162117272
3763,3207,273.0,-43.875,169.225,17.111920322058722,15.473920322058722
3764,3208,468.0,-43.875,169.275,17.374283417186234,14.566283417186234
3765,3209,895.0,-43.875,169.325,17.63531360687921,12.265313606879209
3766,3262,81.0,-43.775,169.175,16.5618845114368,16.0758845114368
3767,3268,694.0,-43.775,169.225,16.80760792066576,12.64360792066576
3768,3362,422.0,-43.775,169.275,17.051978314877488,14.519978314877488
3769,3377,345.0,-43.775,169.325,17.294183157064253,15.224183157064253
3770,3437,85.0,-43.825,169.175,16.71709646092495,16.207096460924948
3771,3444,541.0,-43.825,169.225,16.972384764347225,13.726384764347225
3772,3532,1072.0,-43.825,169.275,17.226896280422807,10.794896280422806
3773,3541,615.0,-43.825,169.325,17.479776579682948,13.789776579682949
3774,3984,6.0,-43.725,169.275,16.850960319599835,16.814960319599834
3775,3985,791.0,-43.725,169.325,17.080043509980896,12.334043509980898
3776,3210,1774.0,-43.875,169.375,17.893915182328783,7.249915182328785
3777,3211,883.0,-43.875,169.425,18.14884151003207,12.85084151003207
3778,3212,1857.0,-43.875,169.475,18.3986903274199,7.2566903274199
3779,3384,204.0,-43.775,169.375,17.5333275970479,16.3093275970479
3780,3390,1205.0,-43.775,169.425,17.768441178137437,10.538441178137436
3781,3392,633.0,-43.775,169.475,17.998484955722233,14.200484955722233
3782,3547,954.0,-43.825,169.375,17.730062339804135,12.006062339804135
3783,3553,1248.0,-43.825,169.425,17.976684898661915,10.488684898661916
3784,3559,623.0,-43.825,169.475,18.218472872918937,14.480472872918938
3785,3986,480.0,-43.725,169.375,17.305282797751715,14.425282797751716
3786,3987,68.0,-43.725,169.425,17.525718706980115,17.117718706980114
3787,3988,141.0,-43.725,169.475,17.7403343366459,16.8943343366459
3788,3213,1187.0,-43.875,169.525,18.641891910723643,11.519891910723643
3789,3214,913.0,-43.875,169.575,18.87668292253511,13.398682922535109
3790,3215,478.0,-43.875,169.625,19.101054356520763,16.233054356520764
3791,3216,1091.0,-43.875,169.675,19.312654946785187,12.766654946785188
3792,3395,83.0,-43.775,169.525,18.222356226382544,17.724356226382543
3793,3403,1120.0,-43.775,169.575,18.43888610455906,11.718886104559061
3794,3410,395.0,-43.775,169.625,18.646821952803293,16.276821952803292
3795,3417,1592.0,-43.775,169.675,18.844781158026308,9.292781158026308
3796,3565,362.0,-43.825,169.525,18.45415010675788,16.28215010675788
3797,3644,1165.0,-43.825,169.575,18.68232273249305,11.692322732493048
3798,3652,1850.0,-43.825,169.625,18.9014450313407,7.8014450313407
3799,3657,2223.0,-43.825,169.675,19.10974694226752,5.771746942267521
3800,3989,634.0,-43.725,169.525,17.948061040078755,14.144061040078755
3801,3990,1156.0,-43.725,169.575,18.147779062623158,11.211779062623158
3802,3991,958.0,-43.725,169.625,18.33830702494015,12.590307024940149
3803,3992,580.0,-43.725,169.675,18.518369853904005,15.038369853904005
3804,3217,387.0,-43.875,169.725,19.508620265231002,17.186620265231003
3805,3218,1386.0,-43.875,169.775,19.68528055821662,11.36928055821662
3806,3219,1793.0,-43.875,169.825,19.83767538832035,9.07967538832035
3807,3424,1373.0,-43.775,169.725,19.031153301213635,10.793153301213636
3808,3431,1443.0,-43.775,169.775,19.20391107548494,10.54591107548494
3809,3438,1152.0,-43.775,169.825,19.360259656474227,12.448259656474228
3810,3662,1387.0,-43.825,169.725,19.305094600858865,10.983094600858866
3811,3667,798.0,-43.825,169.775,19.48473570367787,14.69673570367787
3812,3672,1397.0,-43.825,169.825,19.644847164599923,11.262847164599924
3813,3993,868.0,-43.725,169.725,18.686527158832178,13.478527158832179
3814,3994,1584.0,-43.725,169.775,18.841030065726954,9.337030065726955
3815,3995,946.0,-43.725,169.825,18.979547753784573,13.303547753784573
3816,3220,1465.0,-43.875,169.875,19.95877275292878,11.168772752928781
3817,3221,2094.0,-43.875,169.925,20.03828057841747,7.474280578417471
3818,3222,773.0,-43.875,169.975,20.061084400484106,15.423084400484106
3819,3223,2360.0,-43.875,170.025,20.006182403187267,5.846182403187267
3820,3445,1029.0,-43.775,169.875,19.495994031371083,13.321994031371084
3821,3533,1810.0,-43.775,169.925,19.604302094870945,8.744302094870944
3822,3540,1930.0,-43.775,169.975,19.67340888947365,8.093408889473649
3823,3546,1506.0,-43.775,170.025,19.6813184300554,10.645318430055399
3824,3677,1618.0,-43.825,169.875,19.779739818302915,10.071739818302914
3825,3682,1118.0,-43.825,169.925,19.880456584854983,13.172456584854984
3826,3764,1034.0,-43.825,169.975,19.93229351489572,13.728293514895718
3827,3767,1940.0,-43.825,170.025,19.910710050724447,8.270710050724448
3828,3996,1250.0,-43.725,169.875,19.09865098586306,11.59865098586306
3829,3997,1082.0,-43.725,169.925,19.1928224984149,12.700822498414897
3830,3998,1702.0,-43.725,169.975,19.252472662657965,9.040472662657965
3831,3999,2257.0,-43.725,170.025,19.259509845549474,5.717509845549474
3832,3224,1456.0,-43.875,170.075,19.849697114143055,11.113697114143054
3833,3225,555.0,-43.875,170.125,19.577796218160074,16.247796218160076
3834,3226,570.0,-43.875,170.175,19.202544677245896,15.782544677245896
3835,3227,1036.0,-43.875,170.225,18.758192260051146,12.542192260051147
3836,3552,1459.0,-43.775,170.075,19.581569885049248,10.827569885049249
3837,3558,648.0,-43.775,170.125,19.296979275153717,15.408979275153717
3838,3564,1108.0,-43.775,170.175,18.859963297552895,12.211963297552895
3839,3643,1237.0,-43.775,170.225,18.365010948036797,10.943010948036799
3840,3771,1059.0,-43.825,170.075,19.778236619808013,13.424236619808013
3841,3775,588.0,-43.825,170.125,19.50221575179603,15.974215751796029
3842,3779,796.0,-43.825,170.175,19.10011246727663,14.324112467276631
3843,3783,988.0,-43.825,170.225,18.627655567106558,12.699655567106557
3844,4000,1230.0,-43.725,170.075,19.173948586190818,11.793948586190819
3845,4109,1318.0,-43.725,170.125,18.879802481504157,10.971802481504158
3846,4127,692.0,-43.725,170.175,18.42941208052798,14.27741208052798
3847,4137,1392.0,-43.725,170.225,17.939391194056952,9.587391194056952
3848,3228,1294.0,-43.875,170.275,18.283511981542688,10.519511981542689
3849,3229,1391.0,-43.875,170.325,17.811900723987492,9.465900723987492
3850,3230,1233.0,-43.875,170.375,17.37033908770536,9.972339087705361
3851,3646,1742.0,-43.775,170.275,17.866148037923267,7.414148037923267
3852,3651,1873.0,-43.775,170.325,17.395094670762774,6.157094670762774
3853,3656,1877.0,-43.775,170.375,16.9717449809541,5.709744980954101
3854,3787,1843.0,-43.825,170.275,18.13482608398772,7.076826083987719
3855,3791,1990.0,-43.825,170.325,17.65684258445981,5.71684258445981
3856,3795,1561.0,-43.825,170.375,17.21821127779549,7.85221127779549
3857,4144,1130.0,-43.725,170.275,17.458704067743383,10.678704067743382
3858,4153,1868.0,-43.725,170.325,17.01494079636177,5.80694079636177
3859,4162,1546.0,-43.725,170.375,16.62389939109562,7.34789939109562
3860,3231,816.0,-43.875,170.425,16.980290943960426,12.084290943960426
3861,3232,736.0,-43.875,170.475,16.655802833061898,12.239802833061898
3862,3233,710.0,-43.875,170.525,16.400045482849237,12.140045482849237
3863,3234,830.0,-43.875,170.575,16.207783446094254,11.227783446094254
3864,3661,1736.0,-43.775,170.425,16.60816668716143,6.19216668716143
3865,3666,1591.0,-43.775,170.475,16.310198377177585,6.7641983771775855
3866,3671,715.0,-43.775,170.525,16.07834431162337,11.78834431162337
3867,3676,753.0,-43.775,170.575,15.909076276759151,11.39107627675915
3868,3799,1121.0,-43.825,170.425,16.83568790977006,10.10968790977006
3869,3803,1169.0,-43.825,170.475,16.518777841789415,9.504777841789416
3870,3804,710.0,-43.825,170.525,16.269560706568882,12.009560706568882
3871,3805,762.0,-43.825,170.575,16.084332591301063,11.512332591301064
3872,4266,1630.0,-43.725,170.425,16.29382314279792,6.51382314279792
3873,4279,1807.0,-43.725,170.475,16.02767638498335,5.185676384983351
3874,4287,736.0,-43.725,170.525,15.824517431115964,11.408517431115964
3875,4378,760.0,-43.725,170.575,15.680626992805628,11.12062699280563
3876,3235,1220.0,-43.875,170.625,16.07140576382517,8.751405763825169
3877,3236,1794.0,-43.875,170.675,15.983853853133041,5.21985385313304
3878,3237,1786.0,-43.875,170.725,15.939006405795226,5.223006405795227
3879,3681,1188.0,-43.775,170.625,15.796562183124479,8.668562183124479
3880,3756,1635.0,-43.775,170.675,15.734120554028777,5.924120554028777
3881,3759,1581.0,-43.775,170.725,15.715008659753948,6.229008659753948
3882,3806,1007.0,-43.825,170.625,15.956624523474602,9.914624523474602
3883,3807,1883.0,-43.825,170.675,15.87942558969371,4.581425589693712
3884,3808,2281.0,-43.825,170.725,15.846046244696481,2.160046244696483
3885,4384,1101.0,-43.725,170.625,15.590601243427955,8.984601243427955
3886,4390,1920.0,-43.725,170.675,15.548261794872815,4.028261794872815
3887,4396,1437.0,-43.725,170.725,15.547224454639945,6.925224454639945
3888,3238,1941.0,-43.875,170.775,15.931358553556493,4.2853585535564935
3889,3239,790.0,-43.875,170.825,15.955563470954075,11.215563470954075
3890,3240,750.0,-43.875,170.875,16.005918736220337,11.505918736220337
3891,3241,711.0,-43.875,170.925,16.075814975891262,11.809814975891262
3892,3762,1357.0,-43.775,170.775,15.732644243777031,7.590644243777032
3893,3768,2002.0,-43.775,170.825,15.780498810461722,3.7684988104617236
3894,3772,1737.0,-43.775,170.875,15.851843415672192,5.429843415672192
3895,3776,1115.0,-43.775,170.925,15.939467295625946,9.249467295625944
3896,3809,2027.0,-43.825,170.775,15.850180012028432,3.6881800120284325
3897,3810,1439.0,-43.825,170.825,15.88562979424023,7.25162979424023
3898,3811,809.0,-43.825,170.875,15.94590308010811,11.09190308010811
3899,3812,1340.0,-43.825,170.925,16.02376036933856,7.983760369338562
3900,4400,1539.0,-43.725,170.775,15.581129364843946,6.347129364843946
3901,4403,1144.0,-43.725,170.825,15.643638088280568,8.779638088280567
3902,4410,659.0,-43.725,170.875,15.728319751506206,11.774319751506205
3903,4412,1511.0,-43.725,170.925,15.828538453701185,6.762538453701186
3904,3242,547.0,-43.875,170.975,16.157117272290634,12.875117272290634
3905,3243,724.0,-43.875,171.025,16.23938878782792,11.895388787827919
3906,3244,973.0,-43.875,171.075,16.309049106115708,10.471049106115707
3907,3245,544.0,-43.875,171.125,16.34943684085738,13.08543684085738
3908,3780,1018.0,-43.775,170.975,16.035482310020598,9.927482310020597
3909,3784,1176.0,-43.775,171.025,16.131393701332854,9.075393701332853
3910,3788,1075.0,-43.775,171.075,16.218779493676266,9.768779493676266
3911,3792,1359.0,-43.775,171.125,16.29109986650292,8.137099866502918
3912,3813,1127.0,-43.825,170.975,16.110769061138853,9.348769061138853
3913,3814,644.0,-43.825,171.025,16.196971567638684,12.332971567638683
3914,3815,514.0,-43.825,171.075,16.27103994463687,13.187039944636869
3915,3816,546.0,-43.825,171.125,16.32189834548626,13.045898345486261
3916,4415,1444.0,-43.725,170.975,15.937460389337502,7.273460389337503
3917,4420,1076.0,-43.725,171.025,16.04833378837793,9.592333788377932
3918,4425,623.0,-43.725,171.075,16.155232792079914,12.417232792079915
3919,4432,420.0,-43.725,171.125,16.254387918277644,13.734387918277644
3920,3031,876.0,-43.875,171.175,16.3450572406,11.089057240599999
3921,3110,914.0,-43.875,171.225,16.296286159777083,10.812286159777083
3922,3112,303.0,-43.875,171.275,16.246266838395968,14.428266838395968
3923,3796,635.0,-43.775,171.175,16.346919305971824,12.536919305971825
3924,3801,477.0,-43.775,171.225,16.393069660814945,13.531069660814945
3925,3817,984.0,-43.825,171.175,16.34353138814913,10.439531388149131
3926,3818,669.0,-43.825,171.225,16.343631635187194,12.329631635187194
3927,3819,364.0,-43.825,171.275,16.347007746837335,14.163007746837334
3928,3857,422.0,-43.775,171.275,16.44267454612418,13.91067454612418
3929,4439,481.0,-43.725,171.175,16.345809235062916,13.459809235062917
3930,4521,877.0,-43.725,171.225,16.433971655351343,11.171971655351342
3931,4523,814.0,-43.725,171.275,16.525732676498592,11.641732676498592
3932,3114,289.0,-43.875,171.325,16.23407122574281,14.50007122574281
3933,3116,260.0,-43.875,171.375,16.24336781463353,14.68336781463353
3934,3118,229.0,-43.875,171.425,16.269857821433106,14.895857821433106
3935,3120,199.0,-43.875,171.475,16.311094216362108,15.117094216362108
3936,3820,348.0,-43.825,171.325,16.372263623168692,14.284263623168691
3937,3821,299.0,-43.825,171.375,16.416243688756367,14.622243688756367
3938,3822,257.0,-43.825,171.425,16.472170924273087,14.930170924273087
3939,3823,236.0,-43.825,171.475,16.534873518219683,15.118873518219683
3940,3859,385.0,-43.775,171.325,16.505271326052025,14.195271326052024
3941,3899,317.0,-43.775,171.375,16.58081099417177,14.678810994171771
3942,3902,303.0,-43.775,171.425,16.664085140335374,14.846085140335374
3943,3904,279.0,-43.775,171.475,16.748788981611142,15.074788981611142
3944,4525,461.0,-43.725,171.325,16.62582122083404,13.859821220834041
3945,4527,373.0,-43.725,171.375,16.73398124607047,14.495981246070471
3946,4529,349.0,-43.725,171.425,16.84588660040754,14.75188660040754
3947,4531,306.0,-43.725,171.475,16.955125525477342,15.119125525477342
3948,3122,184.0,-43.875,171.525,16.361837165401084,15.257837165401085
3949,3125,159.0,-43.875,171.575,16.414912040432682,15.460912040432682
3950,3127,138.0,-43.875,171.625,16.46239653287921,15.634396532879212
3951,3824,216.0,-43.825,171.525,16.598562391882297,15.302562391882297
3952,3825,188.0,-43.825,171.575,16.656131217227085,15.528131217227084
3953,3826,167.0,-43.825,171.625,16.69934023404494,15.697340234044939
3954,3906,247.0,-43.775,171.525,16.828024745511357,15.346024745511357
3955,3908,214.0,-43.775,171.575,16.894059738406213,15.610059738406212
3956,3910,197.0,-43.775,171.625,16.938397389254533,15.756397389254532
3957,4533,262.0,-43.725,171.525,17.05424854689045,15.48224854689045
3958,4535,253.0,-43.725,171.575,17.135232065047603,15.617232065047602
3959,4537,239.0,-43.725,171.625,17.190096966951387,15.756096966951388
3960,3133,124.0,-43.875,171.675,16.49600596385426,15.752005963854259
3961,3144,116.0,-43.875,171.725,16.504994745453587,15.808994745453587
3962,3247,109.0,-43.875,171.775,16.465946880431147,15.811946880431147
3963,3252,102.0,-43.875,171.825,16.397650600993074,15.785650600993074
3964,3827,154.0,-43.825,171.675,16.7187862493156,15.7947862493156
3965,3828,147.0,-43.825,171.725,16.70370171839022,15.821701718390221
3966,3829,141.0,-43.825,171.775,16.65072554346989,15.804725543469889
3967,3830,134.0,-43.825,171.825,16.593908924842253,15.789908924842253
3968,3912,188.0,-43.775,171.675,16.952319649222773,15.824319649222772
3969,3914,183.0,-43.775,171.725,16.92926374831586,15.83126374831586
3970,3916,177.0,-43.775,171.775,16.87437375332229,15.812373753322289
3971,3959,161.0,-43.775,171.825,16.826841698522912,15.860841698522913
3972,4539,229.0,-43.725,171.675,17.212318988371408,15.838318988371407
3973,4541,222.0,-43.725,171.725,17.200136969040614,15.868136969040613
3974,4543,208.0,-43.725,171.775,17.1626417907828,15.9146417907828
3975,4545,192.0,-43.725,171.825,17.118856983463047,15.966856983463048
3976,3264,94.0,-43.875,171.875,16.33098423323827,15.766984233238269
3977,3266,86.0,-43.875,171.925,16.263029895635555,15.747029895635555
3978,3270,73.0,-43.875,171.975,16.1878524539934,15.7498524539934
3979,3831,124.0,-43.825,171.875,16.544968104804866,15.800968104804866
3980,3832,108.0,-43.825,171.925,16.48661208167323,15.83861208167323
3981,3833,92.0,-43.825,171.975,16.41339977364987,15.861399773649872
3982,3960,148.0,-43.775,171.875,16.787770283117425,15.899770283117425
3983,3961,131.0,-43.775,171.925,16.732831527187955,15.946831527187955
3984,3962,111.0,-43.775,171.975,16.657245462585706,15.991245462585706
3985,4547,169.0,-43.725,171.875,17.071381021873094,16.057381021873095
3986,4549,151.0,-43.725,171.925,17.008031440258492,16.102031440258493
3987,4551,132.0,-43.725,171.975,16.922436102613574,16.130436102613572
3988,3370,56.0,-43.875,172.025,16.102746776829008,15.766746776829008
3989,3376,43.0,-43.875,172.075,16.007511561649153,15.749511561649154
3990,3383,32.0,-43.875,172.125,15.903638333489653,15.711638333489653
3991,3391,16.0,-43.875,172.175,15.793826931505464,15.697826931505464
3992,3834,78.0,-43.825,172.025,16.324483635660727,15.856483635660727
3993,3835,63.0,-43.825,172.075,16.221129876503255,15.843129876503255
3994,3836,51.0,-43.825,172.125,16.105991252261447,15.799991252261448
3995,3837,40.0,-43.825,172.175,15.982775565295015,15.742775565295014
3996,3963,99.0,-43.775,172.025,16.561223079654155,15.967223079654156
3997,3964,86.0,-43.775,172.075,16.447048008209094,15.931048008209094
3998,3965,70.0,-43.775,172.125,16.318319987971336,15.898319987971336
3999,3966,52.0,-43.775,172.175,16.17967422294896,15.867674222948962
4000,4553,114.0,-43.725,172.025,16.813969572423957,16.129969572423956
4001,4555,102.0,-43.725,172.075,16.684942841529846,16.072942841529848
4002,4557,78.0,-43.725,172.125,16.539396929030772,16.071396929030772
4003,4560,62.0,-43.725,172.175,16.382680647453526,16.010680647453526
4004,3396,10.0,-43.875,172.225,15.681666170945391,15.62166617094539
4005,3402,3.0,-43.875,172.275,15.571371280733729,15.553371280733728
4006,3838,29.0,-43.825,172.225,15.856024891632842,15.682024891632842
4007,3839,17.0,-43.825,172.275,15.730922048911452,15.628922048911452
4008,3840,9.0,-43.825,172.325,15.613093549152836,15.559093549152836
4009,3841,1.0,-43.825,172.375,15.508298814878799,15.502298814878799
4010,3967,37.0,-43.775,172.225,16.036595344834495,15.814595344834496
4011,3968,23.0,-43.775,172.275,15.895223167550284,15.757223167550285
4012,3969,11.0,-43.775,172.325,15.762213643232826,15.696213643232825
4013,3970,1.0,-43.775,172.375,15.644716685725143,15.638716685725143
4014,4561,50.0,-43.725,172.225,16.221205278357957,15.921205278357956
4015,4562,32.0,-43.725,172.275,16.06209029222373,15.870090292223729
4016,4563,19.0,-43.725,172.325,15.91283899062546,15.798838990625459
4017,4564,10.0,-43.725,172.375,15.781542799115414,15.721542799115413
4018,3842,1.0,-43.825,172.425,15.421648017247207,15.415648017247207
4019,3843,1.0,-43.825,172.475,15.355951340286992,15.349951340286992
4020,3844,3.0,-43.825,172.525,15.309982499980833,15.291982499980833
4021,3971,1.0,-43.775,172.425,15.54998173986678,15.54398173986678
4022,3972,1.0,-43.775,172.475,15.482888792321319,15.476888792321319
4023,3973,1.0,-43.775,172.525,15.44114890191122,15.43514890191122
4024,4565,1.0,-43.725,172.425,15.677888104619342,15.671888104619342
4025,4566,1.0,-43.725,172.475,15.611715605700738,15.605715605700738
4026,4567,6.0,-43.725,172.525,15.580645803260268,15.544645803260268
4027,3845,7.0,-43.825,172.575,15.27910690504359,15.237106905043591
4028,3846,1.0,-43.825,172.625,15.258968946698587,15.252968946698587
4029,3847,9.0,-43.825,172.675,15.249230220448226,15.195230220448225
4030,3848,137.0,-43.825,172.725,15.25484838958073,14.43284838958073
4031,3974,1.0,-43.775,172.575,15.415096688215272,15.409096688215271
4032,3975,1.0,-43.775,172.625,15.395765835404745,15.389765835404745
4033,3976,144.0,-43.775,172.675,15.381925291876541,14.51792529187654
4034,3977,277.0,-43.775,172.725,15.3807173667592,13.7187173667592
4035,4568,10.0,-43.725,172.575,15.564768091993756,15.504768091993755
4036,4569,20.0,-43.725,172.625,15.54771417210577,15.427714172105771
4037,4570,287.0,-43.725,172.675,15.529112212359905,13.807112212359906
4038,4571,144.0,-43.725,172.725,15.521313249060768,14.657313249060767
4039,3026,617.0,-43.825,172.825,15.353764792249422,11.651764792249422
4040,3137,520.0,-43.825,172.875,15.477089129257365,12.357089129257364
4041,3409,164.0,-43.875,172.875,15.415856748004444,14.431856748004444
4042,3849,397.0,-43.825,172.775,15.285340252172318,12.903340252172319
4043,3978,169.0,-43.775,172.775,15.404905859046266,14.390905859046267
4044,3979,475.0,-43.775,172.825,15.470455420887447,12.620455420887447
4045,3980,397.0,-43.775,172.875,15.59656502190046,13.21456502190046
4046,4572,545.0,-43.725,172.775,15.542674181357143,12.272674181357143
4047,4573,378.0,-43.725,172.825,15.613451401513885,13.345451401513884
4048,4574,414.0,-43.725,172.875,15.755979990339256,13.271979990339256
4049,3146,243.0,-43.825,172.975,16.021057518853922,14.563057518853922
4050,3248,478.0,-43.825,173.025,16.549341783247655,13.681341783247655
4051,3254,267.0,-43.825,173.075,17.1325047329301,15.530504732930101
4052,3416,309.0,-43.875,172.975,15.976897799264407,14.122897799264408
4053,3981,186.0,-43.775,172.975,16.16943974039168,15.053439740391681
4054,3982,338.0,-43.775,173.025,16.71434632515593,14.68634632515593
4055,3983,399.0,-43.775,173.075,17.325721341883764,14.931721341883764
4056,4575,371.0,-43.725,172.925,15.998589089722373,13.772589089722374
4057,4576,533.0,-43.725,172.975,16.375358941062586,13.177358941062586
4058,4577,85.0,-43.725,173.025,16.88788482468226,16.37788482468226
4059,4578,150.0,-43.725,173.075,17.464864972498617,16.56486497249862
4060,4579,127.0,-43.675,169.375,17.048369693307905,16.286369693307904
4061,4580,120.0,-43.675,169.425,17.251208412693813,16.531208412693815
4062,4581,423.0,-43.675,169.475,17.446987602190347,14.908987602190347
4063,4582,320.0,-43.675,169.525,17.63453608113923,15.714536081139231
4064,4583,227.0,-43.675,169.575,17.81260715474491,16.45060715474491
4065,4584,890.0,-43.675,169.625,17.97986204913468,12.639862049134681
4066,4585,1136.0,-43.675,169.675,18.134833273885306,11.318833273885307
4067,4677,14.0,-43.625,169.525,17.28669355122838,17.202693551228382
4068,4756,18.0,-43.625,169.575,17.439094369503437,17.331094369503436
4069,4758,24.0,-43.625,169.625,17.57822021181346,17.43422021181346
4070,4760,198.0,-43.625,169.675,17.702172647987027,16.514172647987028
4071,4947,11.0,-43.575,169.675,17.23142834895407,17.16542834895407
4072,4065,160.0,-43.575,169.725,17.298888403514866,16.338888403514865
4073,4125,241.0,-43.575,169.775,17.341309998737415,15.895309998737416
4074,4131,86.0,-43.575,169.825,17.35437535494566,16.83837535494566
4075,4586,824.0,-43.675,169.725,18.275851730868453,13.331851730868454
4076,4587,1509.0,-43.675,169.775,18.40090755475103,9.346907554751029
4077,4588,186.0,-43.675,169.825,18.507385889766738,17.391385889766738
4078,4762,630.0,-43.625,169.725,17.80874126861454,14.02874126861454
4079,4764,1101.0,-43.625,169.775,17.89524669299135,11.28924669299135
4080,4766,102.0,-43.625,169.825,17.958268344256794,17.346268344256796
4081,4795,6.0,-43.525,169.725,16.76242235393147,16.72642235393147
4082,4948,15.0,-43.525,169.775,16.759447954507777,16.669447954507778
4083,4956,20.0,-43.525,169.825,16.72168073261855,16.60168073261855
4084,4149,1138.0,-43.575,169.875,17.332612317375606,10.504612317375607
4085,4158,1518.0,-43.575,169.925,17.269009241601452,8.161009241601453
4086,4263,984.0,-43.575,169.975,17.15479800972389,11.25079800972389
4087,4270,870.0,-43.575,170.025,16.980367460259004,11.760367460259005
4088,4589,732.0,-43.675,169.875,18.591555312857963,14.199555312857964
4089,4590,1244.0,-43.675,169.925,18.64753689270583,11.183536892705831
4090,4591,2254.0,-43.675,169.975,18.66509869764559,5.141098697645591
4091,4592,2481.0,-43.675,170.025,18.624585141282296,3.7385851412822966
4092,4768,691.0,-43.625,169.875,17.993157366436208,13.847157366436207
4093,4770,512.0,-43.625,169.925,17.99314165645046,14.921141656450462
4094,4796,709.0,-43.625,169.975,17.947708525374765,13.693708525374765
4095,4868,1152.0,-43.625,170.025,17.84023168962449,10.92823168962449
4096,4958,304.0,-43.525,169.875,16.643301175819943,14.819301175819943
4097,4960,483.0,-43.525,169.925,16.517809192329878,13.619809192329878
4098,4962,711.0,-43.525,169.975,16.338977490435354,12.072977490435354
4099,4964,1063.0,-43.525,170.025,16.103566452569794,9.725566452569794
4100,4282,1208.0,-43.575,170.075,16.73980660593952,9.491806605939521
4101,4386,2133.0,-43.575,170.125,16.44089872002951,3.6428987200295104
4102,4387,2250.0,-43.575,170.175,16.111844764847774,2.611844764847774
4103,4388,1149.0,-43.575,170.225,15.789983985596336,8.895983985596336
4104,4593,2105.0,-43.675,170.075,18.48612031241646,5.85612031241646
4105,4594,1421.0,-43.675,170.125,18.198527612985345,9.672527612985345
4106,4595,715.0,-43.675,170.175,17.79149396144203,13.50149396144203
4107,4596,1600.0,-43.675,170.225,17.345342860702658,7.745342860702658
4108,4871,1999.0,-43.625,170.075,17.648163153236965,5.654163153236967
4109,4873,2010.0,-43.625,170.125,17.358824856288265,5.298824856288265
4110,4874,1475.0,-43.625,170.175,16.99692963020061,8.146929630200612
4111,4876,1359.0,-43.625,170.225,16.612657209218014,8.458657209218014
4112,4966,1659.0,-43.525,170.075,15.816979520721361,5.862979520721362
4113,4968,1834.0,-43.525,170.125,15.500657385244267,4.4966573852442675
4114,4970,2175.0,-43.525,170.175,15.192588169447845,2.142588169447846
4115,4972,2440.0,-43.525,170.225,14.929297935013892,0.28929793501389334
4116,4405,2218.0,-43.575,170.275,15.502568592492025,2.1945685924920255
4117,4411,1872.0,-43.575,170.325,15.26115028798813,4.029150287988131
4118,4414,1200.0,-43.575,170.375,15.06767333249445,7.867673332494451
4119,4597,1986.0,-43.675,170.275,16.911934994510375,4.995934994510376
4120,4598,2223.0,-43.675,170.325,16.518564414815046,3.1805644148150467
4121,4599,1182.0,-43.675,170.375,16.178577186219627,9.086577186219628
4122,4878,1216.0,-43.625,170.275,16.247327594843227,8.951327594843228
4123,4880,1387.0,-43.625,170.325,15.923693010990974,7.601693010990974
4124,4882,1833.0,-43.625,170.375,15.651267453009496,4.653267453009496
4125,4973,2181.0,-43.525,170.275,14.723945970355999,1.6379459703560002
4126,4974,2261.0,-43.525,170.325,14.570772879087599,1.0047728790876
4127,4975,1946.0,-43.525,170.375,14.460925078979926,2.784925078979926
4128,4431,1534.0,-43.575,170.425,14.920602447818965,5.716602447818966
4129,4438,909.0,-43.575,170.475,14.817580334231025,9.363580334231024
4130,4520,1914.0,-43.575,170.525,14.756047032482456,3.2720470324824564
4131,4522,1738.0,-43.575,170.575,14.73322478463524,4.305224784635241
4132,4600,1678.0,-43.675,170.425,15.897422598383855,5.8294225983838555
4133,4601,1274.0,-43.675,170.475,15.675972990342416,8.031972990342416
4134,4602,774.0,-43.675,170.525,15.512278067064472,10.868278067064471
4135,4603,1357.0,-43.675,170.575,15.402569868398132,7.260569868398132
4136,4884,1740.0,-43.625,170.425,15.432559588662116,4.992559588662116
4137,4886,832.0,-43.625,170.475,15.26675250264816,10.274752502648159
4138,4888,1472.0,-43.625,170.525,15.151362419099314,6.319362419099313
4139,4890,1621.0,-43.625,170.575,15.082922588393558,5.356922588393557
4140,4976,2079.0,-43.525,170.425,14.388474528008373,1.914474528008375
4141,4977,1040.0,-43.525,170.475,14.350066639453871,8.110066639453871
4142,4978,1117.0,-43.525,170.525,14.343587108043721,7.641587108043721
4143,4979,2134.0,-43.525,170.575,14.36725452664541,1.5632545266454105
4144,4524,1465.0,-43.575,170.625,14.74604438219103,5.956044382191031
4145,4526,1543.0,-43.575,170.675,14.791148558142595,5.533148558142596
4146,4528,2126.0,-43.575,170.725,14.864958332676906,2.108958332676906
4147,4604,837.0,-43.675,170.625,15.341967256594216,10.319967256594218
4148,4605,1629.0,-43.675,170.675,15.325009219377534,5.551009219377535
4149,4606,1860.0,-43.675,170.725,15.346011155023007,4.186011155023007
4150,4892,901.0,-43.625,170.625,15.057326851412654,9.651326851412655
4151,4894,1049.0,-43.625,170.675,15.070071884401841,8.77607188440184
4152,4896,1949.0,-43.625,170.725,15.116443189763231,3.422443189763232
4153,4980,1486.0,-43.525,170.625,14.419172871421324,5.5031728714213255
4154,4981,1774.0,-43.525,170.675,14.497177868935978,3.8531778689359797
4155,4982,1117.0,-43.525,170.725,14.598842485720525,7.896842485720525
4156,4530,1127.0,-43.575,170.775,14.963764436746715,8.201764436746714
4157,4532,1389.0,-43.575,170.825,15.083823743130779,6.749823743130779
4158,4534,517.0,-43.575,170.875,15.221463430527365,12.119463430527365
4159,4536,508.0,-43.575,170.925,15.373209941550158,12.325209941550158
4160,4607,1044.0,-43.675,170.775,15.399245843291283,9.135245843291283
4161,4608,1639.0,-43.675,170.825,15.478993927768897,5.644993927768898
4162,4609,718.0,-43.675,170.875,15.579534844669979,11.27153484466998
4163,4610,540.0,-43.675,170.925,15.695159396331292,12.455159396331291
4164,4898,1266.0,-43.625,170.775,15.191641958575929,7.5956419585759285
4165,4900,835.0,-43.625,170.825,15.290862661320716,10.280862661320716
4166,4902,557.0,-43.625,170.875,15.409353207272943,12.067353207272943
4167,4904,472.0,-43.625,170.925,15.542503718810622,12.710503718810621
4168,4983,1058.0,-43.525,170.775,14.721558277931763,8.373558277931764
4169,4984,579.0,-43.525,170.825,14.862649899383541,11.388649899383541
4170,4985,554.0,-43.525,170.875,15.01950703014154,11.69550703014154
4171,4986,1329.0,-43.525,170.925,15.189731769176433,7.2157317691764336
4172,4538,603.0,-43.575,170.975,15.535961231391411,11.917961231391411
4173,4540,768.0,-43.575,171.025,15.707205617130967,11.099205617130966
4174,4542,859.0,-43.575,171.075,15.88525401277002,10.73125401277002
4175,4544,784.0,-43.575,171.125,16.069396010338096,11.365396010338095
4176,4611,456.0,-43.675,170.975,15.820292178046657,13.084292178046656
4177,4612,1299.0,-43.675,171.025,15.949814975116169,8.155814975116169
4178,4613,1368.0,-43.675,171.075,16.079653131688247,7.871653131688246
4179,4614,678.0,-43.675,171.125,16.207563305884833,12.139563305884833
4180,4906,1260.0,-43.625,170.975,15.686013576720143,8.126013576720144
4181,4908,1245.0,-43.625,171.025,15.8361737455416,8.366173745541602
4182,4910,685.0,-43.625,171.075,15.990256729215616,11.880256729215617
4183,4912,639.0,-43.625,171.125,16.1469108297606,12.3129108297606
4184,4987,971.0,-43.525,170.975,15.371300441707717,9.545300441707717
4185,4988,1320.0,-43.525,171.025,15.562726744887186,7.642726744887187
4186,4989,839.0,-43.525,171.075,15.7631894199003,10.729189419900301
4187,4990,978.0,-43.525,171.125,15.972559234709479,10.10455923470948
4188,4546,621.0,-43.575,171.175,16.25983829132747,12.53383829132747
4189,4548,1202.0,-43.575,171.225,16.457293711224338,9.245293711224338
4190,4550,1014.0,-43.575,171.275,16.662218071724055,10.578218071724056
4191,4615,1210.0,-43.675,171.175,16.333783077221597,9.073783077221597
4192,4616,684.0,-43.675,171.225,16.460877536039334,12.356877536039335
4193,4617,635.0,-43.675,171.275,16.592243396647973,12.782243396647974
4194,4914,969.0,-43.625,171.175,16.306321067677345,10.492321067677345
4195,4916,1080.0,-43.625,171.225,16.469830193760572,9.989830193760572
4196,4917,539.0,-43.625,171.275,16.638898393139243,13.404898393139243
4197,4991,681.0,-43.525,171.175,16.191244937072042,12.105244937072044
4198,4992,747.0,-43.525,171.225,16.419802073884057,11.937802073884058
4199,4993,1128.0,-43.525,171.275,16.658325363940094,9.890325363940093
4200,4036,453.0,-43.675,171.375,16.872353980026674,14.154353980026674
4201,4143,368.0,-43.675,171.425,17.015711790678324,14.807711790678324
4202,4152,334.0,-43.675,171.475,17.1534670018591,15.1494670018591
4203,4552,1110.0,-43.575,171.325,16.873901748651406,10.213901748651406
4204,4554,1453.0,-43.575,171.375,17.089745174569543,8.371745174569543
4205,4556,806.0,-43.575,171.425,17.30495156670804,12.468951566708041
4206,4558,804.0,-43.575,171.475,17.512667887407588,12.68866788740759
4207,4621,441.0,-43.675,171.325,16.729789143952075,14.083789143952075
4208,4918,955.0,-43.625,171.325,16.813747956592124,11.083747956592124
4209,4919,1284.0,-43.625,171.375,16.99236737843603,9.288367378436028
4210,4920,503.0,-43.625,171.425,17.170283133658813,14.152283133658813
4211,4921,407.0,-43.625,171.475,17.34096127250814,14.898961272508139
4212,4994,1653.0,-43.525,171.325,16.90574518390349,6.98774518390349
4213,4995,1860.0,-43.525,171.375,17.159205118514365,5.999205118514364
4214,4996,865.0,-43.525,171.425,17.413672198046697,12.223672198046696
4215,4997,1125.0,-43.525,171.475,17.661866581300274,10.911866581300274
4216,4161,329.0,-43.675,171.525,17.277977891557384,15.303977891557384
4217,4258,314.0,-43.675,171.575,17.381192411034135,15.497192411034135
4218,4264,287.0,-43.675,171.625,17.455716164200567,15.733716164200567
4219,4633,502.0,-43.575,171.525,17.70450701203663,14.692507012036629
4220,4636,426.0,-43.575,171.575,17.871419005386997,15.315419005386998
4221,4638,397.0,-43.575,171.625,18.004901582142338,15.622901582142338
4222,4922,409.0,-43.625,171.525,17.496526546921814,15.042526546921813
4223,4923,378.0,-43.625,171.575,17.628691156132845,15.360691156132845
4224,4924,335.0,-43.625,171.625,17.729969930223888,15.719969930223888
4225,4998,748.0,-43.525,171.525,17.89456482732203,13.406564827322029
4226,4999,597.0,-43.525,171.575,18.101336199382786,14.519336199382785
4227,5000,416.0,-43.525,171.625,18.271738081268268,15.775738081268267
4228,4032,304.0,-43.525,171.675,18.396836815751158,16.57283681575116
4229,4133,397.0,-43.525,171.725,18.47064230660908,16.088642306609078
4230,4135,373.0,-43.525,171.775,18.490856166987214,16.252856166987215
4231,4141,310.0,-43.525,171.825,18.458570210437756,16.598570210437757
4232,4267,274.0,-43.675,171.675,17.49648817194975,15.85248817194975
4233,4286,257.0,-43.675,171.725,17.503186358313542,15.961186358313542
4234,4376,238.0,-43.675,171.775,17.48194926502765,16.05394926502765
4235,4377,220.0,-43.675,171.825,17.441661101183854,16.121661101183854
4236,4640,376.0,-43.575,171.675,18.098413421801524,15.842413421801524
4237,4642,344.0,-43.575,171.725,18.14855305099627,16.08455305099627
4238,4644,278.0,-43.575,171.775,18.15528779788292,16.48728779788292
4239,4649,268.0,-43.575,171.825,18.120828712446382,16.51282871244638
4240,4925,315.0,-43.625,171.675,17.795207958493847,15.905207958493847
4241,4926,295.0,-43.625,171.725,17.823052791674854,16.053052791674855
4242,4927,270.0,-43.625,171.775,17.816202619607793,16.196202619607792
4243,4928,203.0,-43.625,171.825,17.779048268828774,16.561048268828774
4244,4148,277.0,-43.525,171.875,18.37722147637396,16.715221476373962
4245,4157,220.0,-43.525,171.925,18.251553160705953,16.931553160705953
4246,4262,199.0,-43.525,171.975,18.087020438353647,16.89302043835365
4247,4379,174.0,-43.675,171.875,17.38488919197698,16.34088919197698
4248,4380,159.0,-43.675,171.925,17.30754003924085,16.353540039240848
4249,4381,161.0,-43.675,171.975,17.20603096895502,16.24003096895502
4250,4654,234.0,-43.575,171.875,18.04795130135608,16.64395130135608
4251,4659,205.0,-43.575,171.925,17.939245036570355,16.709245036570355
4252,4664,173.0,-43.575,171.975,17.797523283370538,16.759523283370537
4253,4929,220.0,-43.625,171.875,17.714105040678987,16.394105040678987
4254,4930,199.0,-43.625,171.925,17.62139271493652,16.42739271493652
4255,4931,174.0,-43.625,171.975,17.500747892365325,16.456747892365325
4256,4271,183.0,-43.525,172.025,17.88950750049844,16.79150750049844
4257,4278,176.0,-43.525,172.075,17.664999870117754,16.608999870117753
4258,4285,171.0,-43.525,172.125,17.41861141654954,16.39261141654954
4259,4382,161.0,-43.525,172.175,17.154283028125064,16.188283028125063
4260,4417,140.0,-43.675,172.025,17.08005142363254,16.24005142363254
4261,4424,118.0,-43.675,172.075,16.93196047859965,16.22396047859965
4262,4430,94.0,-43.675,172.125,16.766021161107346,16.202021161107346
4263,4437,72.0,-43.675,172.175,16.588184294072562,16.156184294072563
4264,4669,149.0,-43.575,172.025,17.626349322890746,16.732349322890748
4265,4674,142.0,-43.575,172.075,17.43000085822132,16.57800085822132
4266,4679,133.0,-43.575,172.125,17.2131430888694,16.4151430888694
4267,4771,124.0,-43.575,172.175,16.98207958272542,16.23807958272542
4268,4932,149.0,-43.625,172.025,17.353521684912266,16.459521684912268
4269,4933,125.0,-43.625,172.075,17.182744886449655,16.432744886449655
4270,4934,108.0,-43.625,172.125,16.992919259821065,16.344919259821065
4271,4935,90.0,-43.625,172.175,16.790497639143723,16.250497639143724
4272,4383,137.0,-43.525,172.225,16.886010687390808,16.06401068739081
4273,4385,122.0,-43.525,172.275,16.63172531478631,15.89972531478631
4274,4389,105.0,-43.525,172.325,16.408612980667385,15.778612980667384
4275,4391,88.0,-43.525,172.375,16.234935111075174,15.706935111075174
4276,4618,61.0,-43.675,172.225,16.405976443202235,16.039976443202235
4277,4622,45.0,-43.675,172.275,16.22788651502924,15.95788651502924
4278,4623,33.0,-43.675,172.325,16.062443152652122,15.864443152652122
4279,4624,21.0,-43.675,172.375,15.917862542788498,15.791862542788499
4280,4773,115.0,-43.575,172.225,16.747938891596277,16.057938891596276
4281,4775,96.0,-43.575,172.275,16.52503444769536,15.949034447695361
4282,4777,82.0,-43.575,172.325,16.327905660349643,15.835905660349644
4283,4779,64.0,-43.575,172.375,16.17086158019083,15.78686158019083
4284,4936,82.0,-43.625,172.225,16.58455497676914,16.09255497676914
4285,4937,66.0,-43.625,172.275,16.38592013536254,15.989920135362539
4286,4938,51.0,-43.625,172.325,16.20541809972201,15.899418099722011
4287,4939,38.0,-43.625,172.375,16.052668499556603,15.824668499556603
4288,4393,65.0,-43.525,172.425,16.129114084571484,15.739114084571483
4289,4394,50.0,-43.525,172.475,16.099666539477766,15.799666539477766
4290,4395,27.0,-43.525,172.525,16.106866404385073,15.944866404385072
4291,4625,8.0,-43.675,172.425,15.804054754771641,15.756054754771641
4292,4626,7.0,-43.675,172.475,15.739575714498642,15.697575714498642
4293,4627,6.0,-43.675,172.525,15.727830712654395,15.691830712654395
4294,4781,47.0,-43.575,172.425,16.068160846814862,15.786160846814862
4295,4783,34.0,-43.575,172.475,16.03251977551554,15.828519775515538
4296,4785,19.0,-43.575,172.525,16.04019359195081,15.92619359195081
4297,4940,29.0,-43.625,172.425,15.93617170577636,15.76217170577636
4298,4941,16.0,-43.625,172.475,15.87500061544415,15.77900061544415
4299,4942,10.0,-43.625,172.525,15.886648014900857,15.826648014900856
4300,4397,15.0,-43.525,172.575,16.03650782679324,15.94650782679324
4301,4399,10.0,-43.525,172.625,15.914753668228514,15.854753668228513
4302,4401,9.0,-43.525,172.675,15.795010187663138,15.741010187663138
4303,4404,2.0,-43.525,172.725,15.738379274931503,15.726379274931503
4304,4628,106.0,-43.675,172.575,15.724824851189624,15.088824851189624
4305,4629,333.0,-43.675,172.625,15.705673308417317,13.707673308417318
4306,4630,61.0,-43.675,172.675,15.675901573544252,15.309901573544252
4307,4631,388.0,-43.675,172.725,15.657216694176896,13.329216694176896
4308,4787,18.0,-43.575,172.575,16.017386289997376,15.909386289997375
4309,4789,69.0,-43.575,172.625,15.945028621717938,15.531028621717939
4310,4791,274.0,-43.575,172.675,15.854573776217876,14.210573776217876
4311,4793,262.0,-43.575,172.725,15.798386492358986,14.226386492358987
4312,4943,70.0,-43.625,172.575,15.88645730650751,15.46645730650751
4313,4944,468.0,-43.625,172.625,15.850908133812482,13.042908133812482
4314,4647,438.0,-43.675,172.775,15.674925280269235,13.046925280269235
4315,4652,252.0,-43.675,172.825,15.751984625516343,14.239984625516342
4316,4657,49.0,-43.675,172.875,15.909179105205112,15.615179105205112
4317,4945,19.0,-43.625,172.825,15.854058811499272,15.74005881149927
4318,4946,218.0,-43.625,172.875,16.019506824333803,14.711506824333803
4319,4662,509.0,-43.675,172.925,16.166052824046346,13.112052824046346
4320,4667,299.0,-43.675,172.975,16.534599797189003,14.740599797189002
4321,4672,234.0,-43.675,173.025,16.99980862168013,15.595808621680131
4322,4418,20.0,-43.475,169.775,16.17032929765992,16.050329297659918
4323,4423,113.0,-43.475,169.825,16.085984853678383,15.407984853678382
4324,4844,25.0,-43.425,169.825,15.469763926550513,15.319763926550513
4325,4197,43.0,-43.375,169.975,14.172689482336864,13.914689482336865
4326,4198,65.0,-43.375,170.025,13.847664604196325,13.457664604196324
4327,4429,45.0,-43.475,169.875,15.957342185080051,15.687342185080052
4328,4436,72.0,-43.475,169.925,15.778853635129053,15.346853635129053
4329,4619,114.0,-43.475,169.975,15.546464850718621,14.862464850718622
4330,4645,253.0,-43.475,170.025,15.26071074893116,13.74271074893116
4331,4845,147.0,-43.425,169.875,15.301816751918523,14.419816751918523
4332,4846,201.0,-43.425,169.925,15.084491154906573,13.878491154906573
4333,4847,322.0,-43.425,169.975,14.815596643340541,12.88359664334054
4334,4848,436.0,-43.425,170.025,14.497536062757717,11.881536062757718
4335,4199,369.0,-43.375,170.075,13.494518322288059,11.280518322288058
4336,4200,92.0,-43.375,170.125,13.140504414302995,12.588504414302996
4337,4201,128.0,-43.375,170.175,12.849531539599411,12.08153153959941
4338,4202,616.0,-43.375,170.225,12.738325611891923,9.042325611891924
4339,4650,1431.0,-43.475,170.075,14.932410027802689,6.346410027802689
4340,4655,1019.0,-43.475,170.125,14.591272215446224,8.477272215446224
4341,4660,1846.0,-43.475,170.175,14.29180383917992,3.2158038391799195
4342,4665,2042.0,-43.475,170.225,14.084768731583608,1.8327687315836076
4343,4849,190.0,-43.425,170.075,14.14178827527212,13.00178827527212
4344,4850,674.0,-43.425,170.125,13.777167917403858,9.733167917403858
4345,4851,220.0,-43.425,170.175,13.471034662041347,12.151034662041347
4346,4852,771.0,-43.425,170.225,13.323006328952033,8.697006328952034
4347,4203,1116.0,-43.375,170.275,12.737899240339175,6.041899240339175
4348,4204,1804.0,-43.375,170.325,12.784433420922142,1.9604334209221417
4349,4205,796.0,-43.375,170.375,12.857491378672421,8.081491378672421
4350,4670,1384.0,-43.475,170.275,13.963984510104638,5.659984510104637
4351,4675,2572.0,-43.475,170.325,13.8981026741385,-1.5338973258614992
4352,4680,1604.0,-43.475,170.375,13.867996088956716,4.243996088956717
4353,4853,1314.0,-43.425,170.275,13.282793427119032,5.398793427119031
4354,4854,1492.0,-43.425,170.325,13.290156272996683,4.338156272996683
4355,4855,909.0,-43.425,170.375,13.324591468670405,7.870591468670406
4356,4206,273.0,-43.375,170.425,12.948944149189629,11.310944149189629
4357,4207,1044.0,-43.375,170.475,13.055485581280664,6.791485581280664
4358,4208,1547.0,-43.375,170.525,13.175823870376917,3.8938238703769166
4359,4209,414.0,-43.375,170.575,13.309429551649373,10.825429551649373
4360,4797,2192.0,-43.475,170.425,13.865431523998268,0.7134315239982669
4361,4799,2012.0,-43.475,170.475,13.887234370195074,1.815234370195073
4362,4800,1810.0,-43.475,170.525,13.932156120572472,3.072156120572471
4363,4801,1996.0,-43.475,170.575,13.999448771850439,2.023448771850438
4364,4856,1434.0,-43.425,170.425,13.37878710924997,4.774787109249971
4365,4857,1673.0,-43.425,170.475,13.450311292574042,3.412311292574042
4366,4858,2269.0,-43.425,170.525,13.53851264124387,-0.07548735875613133
4367,4859,1975.0,-43.425,170.575,13.643215154268546,1.7932151542685464
4368,4210,1901.0,-43.375,170.625,13.455957161670085,2.0499571616700845
4369,4211,1129.0,-43.375,170.675,13.615003468847135,6.841003468847136
4370,4212,2128.0,-43.375,170.725,13.786047523812158,1.0180475238121574
4371,4802,1711.0,-43.475,170.625,14.08826861952548,3.822268619525479
4372,4803,1357.0,-43.475,170.675,14.197478664311348,6.055478664311348
4373,4804,724.0,-43.475,170.725,14.325643657153705,9.981643657153704
4374,4860,2242.0,-43.425,170.625,13.76417336697341,0.31217336697340947
4375,4861,1461.0,-43.425,170.675,13.90088534532697,5.134885345326969
4376,4862,1484.0,-43.425,170.725,14.052583637152566,5.148583637152566
4377,4034,1207.0,-43.425,170.775,14.218316229031188,6.976316229031188
4378,4120,867.0,-43.425,170.825,14.397071877203416,9.195071877203416
4379,4124,933.0,-43.425,170.875,14.587924529158045,8.989924529158046
4380,4132,1579.0,-43.425,170.925,14.790180063719163,5.316180063719164
4381,4213,932.0,-43.375,170.775,13.96849231745,8.376492317450001
4382,4214,1749.0,-43.375,170.825,14.161762554955203,3.667762554955205
4383,4215,1413.0,-43.375,170.875,14.365429956553271,5.887429956553271
4384,4216,1405.0,-43.375,170.925,14.57934487683815,6.14934487683815
4385,4805,1405.0,-43.475,170.775,14.471116477070609,6.041116477070609
4386,4806,1012.0,-43.475,170.825,14.63216608215589,8.560166082155892
4387,4807,1034.0,-43.475,170.875,14.807123611768475,8.603123611768474
4388,4808,1528.0,-43.475,170.925,14.994534782279516,5.826534782279516
4389,4140,1748.0,-43.425,170.975,15.00350932587753,4.515509325877531
4390,4147,1247.0,-43.425,171.025,15.228046948934207,7.7460469489342065
4391,4156,1057.0,-43.425,171.075,15.464428566512652,9.122428566512653
4392,4165,1245.0,-43.425,171.125,15.713733912212774,8.243733912212775
4393,4217,1703.0,-43.375,170.975,14.80375471879961,4.58575471879961
4394,4218,1131.0,-43.375,171.025,15.039388100180076,8.253388100180075
4395,4219,1733.0,-43.375,171.075,15.287481311301235,4.889481311301237
4396,4220,978.0,-43.375,171.125,15.549722511146683,9.681722511146685
4397,4809,1190.0,-43.475,170.975,15.193307458190247,8.053307458190247
4398,4810,1775.0,-43.475,171.025,15.402835331391543,4.752835331391543
4399,4811,1282.0,-43.475,171.075,15.623065068386495,7.931065068386495
4400,4812,1121.0,-43.475,171.125,15.854461462295149,9.12846146229515
4401,4166,696.0,-43.425,171.175,15.977304929634556,11.801304929634556
4402,4167,865.0,-43.425,171.225,16.256419816199923,11.066419816199922
4403,4168,1898.0,-43.425,171.275,16.55182429999695,5.163824299996952
4404,4221,913.0,-43.375,171.175,15.828090960567351,10.35009096056735
4405,4222,1363.0,-43.375,171.225,16.124573294539005,7.946573294539004
4406,4223,1505.0,-43.375,171.275,16.44074392033508,7.410743920335081
4407,4813,691.0,-43.475,171.175,16.09782337071374,11.95182337071374
4408,4814,757.0,-43.475,171.225,16.35392306963331,11.81192306963331
4409,4815,1050.0,-43.475,171.275,16.62298420339357,10.32298420339357
4410,4169,1087.0,-43.425,171.325,16.863143064139877,10.341143064139878
4411,4170,1124.0,-43.425,171.375,17.188210200256435,10.444210200256435
4412,4171,1440.0,-43.425,171.425,17.522372235398507,8.882372235398506
4413,4172,1114.0,-43.425,171.475,17.85785106534604,11.173851065346039
4414,4224,1227.0,-43.375,171.325,16.777198579336982,9.415198579336984
4415,4225,1088.0,-43.375,171.375,17.132829193316866,10.604829193316865
4416,4226,1786.0,-43.375,171.425,17.50393489745329,6.787934897453292
4417,4227,430.0,-43.375,171.475,17.88320411092718,15.303204110927181
4418,4816,2170.0,-43.475,171.325,16.904062793240882,3.884062793240883
4419,4817,1097.0,-43.475,171.375,17.19442720254301,10.61242720254301
4420,4818,1056.0,-43.475,171.425,17.489038143015932,11.153038143015932
4421,4819,1591.0,-43.475,171.475,17.780230543517973,8.234230543517974
4422,4173,1748.0,-43.425,171.525,18.183333798806416,7.695333798806416
4423,4174,339.0,-43.425,171.575,18.484089858015068,16.45008985801507
4424,4175,527.0,-43.425,171.625,18.743045015464304,15.581045015464305
4425,4228,355.0,-43.375,171.525,18.258715582633158,16.12871558263316
4426,4229,466.0,-43.375,171.575,18.613341855758335,15.817341855758336
4427,4230,685.0,-43.375,171.625,18.92531966896786,14.81531966896786
4428,4820,2060.0,-43.475,171.525,18.057725019869395,5.697725019869393
4429,4821,635.0,-43.475,171.575,18.30914232993382,14.499142329933822
4430,4822,463.0,-43.475,171.625,18.521191870473558,15.743191870473558
4431,4176,603.0,-43.425,171.675,18.943167139063007,15.325167139063007
4432,4177,825.0,-43.425,171.725,19.070912870767643,14.120912870767643
4433,4178,459.0,-43.425,171.775,19.11938610348443,16.36538610348443
4434,4179,493.0,-43.425,171.825,19.089377726515522,16.131377726515524
4435,4231,1132.0,-43.375,171.675,19.171074667930952,12.379074667930952
4436,4232,1357.0,-43.375,171.725,19.330764035519678,11.188764035519679
4437,4233,896.0,-43.375,171.775,19.39439182827482,14.018391828274819
4438,4234,507.0,-43.375,171.825,19.364017580010113,16.32201758001011
4439,4823,520.0,-43.475,171.675,18.681539081444498,15.561539081444497
4440,4824,892.0,-43.475,171.725,18.78096344289952,13.42896344289952
4441,4825,519.0,-43.475,171.775,18.814994621207006,15.700994621207006
4442,4826,425.0,-43.475,171.825,18.78424722775526,16.234247227755258
4443,4180,340.0,-43.425,171.875,18.987738220239407,16.94773822023941
4444,4181,324.0,-43.425,171.925,18.82443227020849,16.88043227020849
4445,4182,322.0,-43.425,171.975,18.60999703426205,16.677997034262052
4446,4235,492.0,-43.375,171.875,19.25039287857362,16.298392878573623
4447,4236,354.0,-43.375,171.925,19.067494838905986,16.943494838905988
4448,4237,328.0,-43.375,171.975,18.82865584141109,16.86065584141109
4449,4827,385.0,-43.475,171.875,18.69338787336892,16.38338787336892
4450,4828,333.0,-43.475,171.925,18.549464100564364,16.551464100564363
4451,4829,240.0,-43.475,171.975,18.360435869224602,16.9204358692246
4452,4183,279.0,-43.425,172.025,18.354091127825086,16.680091127825087
4453,4184,257.0,-43.425,172.075,18.064859126054216,16.522859126054215
4454,4185,225.0,-43.425,172.125,17.748674164278782,16.39867416427878
4455,4186,188.0,-43.425,172.175,17.41189677953662,16.28389677953662
4456,4238,312.0,-43.375,172.025,18.54498339840211,16.67298339840211
4457,4239,236.0,-43.375,172.075,18.225194632948842,16.80919463294884
4458,4240,254.0,-43.375,172.125,17.876271651286515,16.352271651286514
4459,4241,230.0,-43.375,172.175,17.505157713909284,16.125157713909285
4460,4830,223.0,-43.475,172.025,18.134256852732506,16.796256852732505
4461,4831,217.0,-43.475,172.075,17.87833792094898,16.57633792094898
4462,4832,208.0,-43.475,172.125,17.5986419319961,16.350641931996098
4463,4833,192.0,-43.475,172.175,17.298051065125037,16.146051065125036
4464,4187,188.0,-43.425,172.225,17.0659516993328,15.9379516993328
4465,4188,160.0,-43.425,172.275,16.72540882854082,15.76540882854082
4466,4189,133.0,-43.425,172.325,16.40461386262905,15.606613862629048
4467,4190,104.0,-43.425,172.375,16.117306591608212,15.493306591608212
4468,4242,198.0,-43.375,172.225,17.120656680563116,15.932656680563115
4469,4243,166.0,-43.375,172.275,16.73300856159767,15.737008561597671
4470,4244,140.0,-43.375,172.325,16.352178863773588,15.512178863773588
4471,4245,116.0,-43.375,172.375,15.986648931895616,15.290648931895616
4472,4834,167.0,-43.475,172.225,16.99151886686741,15.989518866867408
4473,4835,141.0,-43.475,172.275,16.6973039497243,15.8513039497243
4474,4836,118.0,-43.475,172.325,16.432424568323768,15.724424568323768
4475,4837,95.0,-43.475,172.375,16.21483045790228,15.64483045790228
4476,4191,78.0,-43.425,172.425,15.874874433298828,15.406874433298828
4477,4192,53.0,-43.425,172.475,15.680644516731263,15.362644516731264
4478,4193,33.0,-43.425,172.525,15.51929348523845,15.32129348523845
4479,4246,89.0,-43.375,172.425,15.642388323991327,15.108388323991326
4480,4247,63.0,-43.375,172.475,15.323469519658829,14.945469519658829
4481,4248,43.0,-43.375,172.525,15.043396238790592,14.785396238790593
4482,4838,70.0,-43.475,172.425,16.061789123807102,15.641789123807103
4483,4839,51.0,-43.475,172.475,15.981112208799459,15.67511220879946
4484,4840,35.0,-43.475,172.525,15.94161475119472,15.73161475119472
4485,4194,17.0,-43.425,172.575,15.372285001139971,15.270285001139971
4486,4195,10.0,-43.425,172.625,15.275860038265819,15.215860038265818
4487,4196,7.0,-43.425,172.675,15.26110773110122,15.21910773110122
4488,4249,22.0,-43.375,172.575,14.85744514768885,14.72544514768885
4489,4250,7.0,-43.375,172.625,14.824941058046534,14.782941058046534
4490,4251,3.0,-43.375,172.675,14.909498930559494,14.891498930559493
4491,4841,21.0,-43.475,172.575,15.819807237843634,15.693807237843634
4492,4842,10.0,-43.475,172.625,15.676271999953315,15.616271999953314
4493,4843,6.0,-43.475,172.675,15.585228985539288,15.549228985539289
4494,4099,19.0,-43.225,170.225,11.894327280810103,11.780327280810102
4495,4252,39.0,-43.325,170.075,13.0019824563351,12.7679824563351
4496,4253,54.0,-43.325,170.125,12.701173187902896,12.377173187902896
4497,4254,399.0,-43.325,170.175,12.469153816753533,10.075153816753533
4498,4255,289.0,-43.325,170.225,12.355682326917304,10.621682326917304
4499,4698,27.0,-43.275,170.125,12.391179325582925,12.229179325582924
4500,4699,144.0,-43.275,170.175,12.205861406313488,11.341861406313487
4501,4700,242.0,-43.275,170.225,12.094674945663428,10.642674945663428
4502,4750,22.0,-43.225,170.175,12.001756865472998,11.869756865472999
4503,4788,0.0,-43.175,170.225,11.717252348084003,11.717252348084003
4504,4067,1436.0,-43.325,170.375,12.477085286402144,3.861085286402144
4505,4119,117.0,-43.225,170.275,11.85224662986002,11.15024662986002
4506,4126,245.0,-43.225,170.325,11.871765880554449,10.401765880554448
4507,4136,46.0,-43.225,170.375,11.940106171328807,11.664106171328807
4508,4256,401.0,-43.325,170.275,12.343913479096955,9.937913479096956
4509,4257,768.0,-43.325,170.325,12.392489441175712,7.784489441175713
4510,4701,185.0,-43.275,170.275,12.063887778000208,10.953887778000208
4511,4702,72.0,-43.275,170.325,12.097680775797926,11.665680775797926
4512,4703,75.0,-43.275,170.375,12.176728328049649,11.72672832804965
4513,4790,10.0,-43.175,170.275,11.677251945948228,11.617251945948228
4514,4792,17.0,-43.175,170.325,11.690224474470597,11.588224474470596
4515,4794,34.0,-43.175,170.375,11.749962525238516,11.545962525238515
4516,4110,167.0,-43.325,170.425,12.585538182611344,11.583538182611344
4517,4111,678.0,-43.325,170.475,12.71166539718979,8.64366539718979
4518,4112,801.0,-43.325,170.525,12.852233331825119,8.046233331825118
4519,4113,1307.0,-43.325,170.575,13.005454600701341,5.163454600701342
4520,4142,51.0,-43.225,170.425,12.044993655086728,11.738993655086729
4521,4151,366.0,-43.225,170.475,12.177054141327972,9.981054141327972
4522,4160,479.0,-43.225,170.525,12.32965096461703,9.45565096461703
4523,4265,1471.0,-43.225,170.575,12.498160566057777,3.6721605660577765
4524,4704,262.0,-43.275,170.425,12.287168926530285,10.715168926530286
4525,4705,1149.0,-43.275,170.475,12.420265123218996,5.526265123218996
4526,4706,1546.0,-43.275,170.525,12.570636972319335,3.294636972319335
4527,4707,1129.0,-43.275,170.575,12.734908140846528,5.960908140846529
4528,4798,30.0,-43.175,170.425,11.847621290944517,11.667621290944517
4529,4863,333.0,-43.175,170.475,11.97494982657372,9.97694982657372
4530,4864,145.0,-43.175,170.525,12.125234494131291,11.255234494131292
4531,4865,506.0,-43.175,170.575,12.293284908460919,9.25728490846092
4532,4115,1906.0,-43.325,170.625,13.17021740443306,1.7342174044330623
4533,4116,1842.0,-43.325,170.675,13.345702857797733,2.293702857797731
4534,4118,1888.0,-43.325,170.725,13.531223789672367,2.203223789672368
4535,4272,1444.0,-43.225,170.625,12.67931519402191,4.015315194021911
4536,4274,830.0,-43.225,170.675,12.870739449863322,7.890739449863322
4537,4277,312.0,-43.225,170.725,13.07066806522198,11.19866806522198
4538,4708,2088.0,-43.275,170.625,12.910855403897585,0.38285540389758665
4539,4709,1200.0,-43.275,170.675,13.096916958806105,5.896916958806106
4540,4710,1676.0,-43.275,170.725,13.291936838446418,3.235936838446417
4541,4866,100.0,-43.175,170.625,12.475135093322024,11.875135093322024
4542,4867,919.0,-43.175,170.675,12.667734233982628,7.153734233982629
4543,4869,1009.0,-43.175,170.725,12.868717420467874,6.814717420467875
4544,4123,1470.0,-43.325,170.775,13.72619535427657,4.906195354276571
4545,4130,1740.0,-43.325,170.825,13.93018441228196,3.4901844122819607
4546,4150,1827.0,-43.325,170.875,14.14300271961838,3.1810027196183803
4547,4159,1450.0,-43.325,170.925,14.36481736577116,5.66481736577116
4548,4283,548.0,-43.225,170.775,13.277805845049443,9.989805845049442
4549,4413,1466.0,-43.225,170.825,13.491292333579622,4.695292333579623
4550,4426,1697.0,-43.225,170.875,13.71073870966211,3.528738709662111
4551,4433,1512.0,-43.225,170.925,13.936306782212341,4.864306782212342
4552,4711,1055.0,-43.275,170.775,13.49506326278788,7.16506326278788
4553,4712,1698.0,-43.275,170.825,13.705746651714435,3.5177466517144342
4554,4713,2167.0,-43.275,170.875,13.923798910545884,0.921798910545883
4555,4714,1264.0,-43.275,170.925,14.149483437562594,6.565483437562595
4556,4870,1371.0,-43.175,170.775,13.076274821651168,4.850274821651167
4557,4872,1849.0,-43.175,170.825,13.28911233501276,2.1951123350127606
4558,4875,1449.0,-43.175,170.875,13.506486729893368,4.812486729893369
4559,4877,1729.0,-43.175,170.925,13.728290941740852,3.354290941740853
4560,4273,1708.0,-43.325,170.975,14.596255146956537,4.348255146956538
4561,4276,1726.0,-43.325,171.025,14.838478612800827,4.482478612800827
4562,4281,1089.0,-43.325,171.075,15.093212516483618,8.559212516483619
4563,4406,749.0,-43.325,171.125,15.362701361213112,10.868701361213112
4564,4440,1325.0,-43.225,170.975,14.168800242012367,6.218800242012367
4565,4559,1685.0,-43.225,171.025,14.409739683120279,4.299739683120277
4566,4632,2018.0,-43.225,171.075,14.66139860311523,2.553398603115232
4567,4634,1389.0,-43.225,171.125,14.926788251352264,6.592788251352264
4568,4715,820.0,-43.275,170.975,14.383608813252067,9.463608813252069
4569,4716,750.0,-43.275,171.025,14.627601581130875,10.127601581130875
4570,4717,1409.0,-43.275,171.075,14.88353731847019,6.4295373184701905
4571,4718,895.0,-43.275,171.125,15.154114774195477,9.784114774195478
4572,4879,1093.0,-43.175,170.975,13.955157721735304,7.397157721735304
4573,4881,1727.0,-43.175,171.025,14.188545977987815,3.8265459779878146
4574,4883,919.0,-43.175,171.075,14.430780016235076,8.916780016235077
4575,4885,694.0,-43.175,171.125,14.68502987336251,10.52102987336251
4576,4407,1427.0,-43.325,171.175,15.6495810947672,7.0875810947672
4577,4409,927.0,-43.325,171.225,15.9566483226954,10.394648322695401
4578,4419,888.0,-43.325,171.275,16.286504820425762,10.958504820425762
4579,4635,601.0,-43.225,171.175,15.209590827755164,11.603590827755164
4580,4637,648.0,-43.225,171.225,15.51404534545145,11.62604534545145
4581,4639,1214.0,-43.225,171.275,15.844779061735608,8.560779061735609
4582,4719,710.0,-43.275,171.175,15.442562991782324,11.182562991782325
4583,4720,529.0,-43.275,171.225,15.75247124544694,12.578471245446941
4584,4721,500.0,-43.275,171.275,16.087520102970302,13.087520102970302
4585,4887,1771.0,-43.175,171.175,14.955244625249179,4.32924462524918
4586,4889,1061.0,-43.175,171.225,15.246066749852616,8.880066749852617
4587,4891,1599.0,-43.175,171.275,15.562751095334534,5.968751095334534
4588,4422,778.0,-43.325,171.325,16.641040341579355,11.973040341579356
4589,4428,538.0,-43.325,171.375,17.020694163249573,13.792694163249573
4590,4435,400.0,-43.325,171.425,17.423417838843307,15.023417838843306
4591,4620,516.0,-43.325,171.475,17.843277962354477,14.747277962354477
4592,4641,1424.0,-43.225,171.325,16.20654027191631,7.66254027191631
4593,4643,599.0,-43.225,171.375,16.6037157351966,13.009715735196602
4594,4648,588.0,-43.225,171.425,17.039404503331752,13.511404503331752
4595,4653,666.0,-43.225,171.475,17.513698715774808,13.517698715774808
4596,4722,458.0,-43.275,171.325,16.451063218759373,13.703063218759373
4597,4723,507.0,-43.275,171.375,16.845461534772767,13.803461534772767
4598,4724,1098.0,-43.275,171.425,17.271013597390265,10.683013597390264
4599,4725,507.0,-43.275,171.475,17.724290288620978,14.682290288620978
4600,4893,1294.0,-43.175,171.325,15.911075529118534,8.147075529118535
4601,4895,550.0,-43.175,171.375,16.297144359574304,12.997144359574303
4602,4897,693.0,-43.175,171.425,16.72681648521393,12.568816485213931
4603,4899,1000.0,-43.175,171.475,17.20421580033144,11.20421580033144
4604,4646,507.0,-43.325,171.525,18.268739748062217,15.226739748062217
4605,4651,561.0,-43.325,171.575,18.68094709557772,15.314947095577722
4606,4656,1054.0,-43.325,171.625,19.052951544479583,12.728951544479585
4607,4658,1260.0,-43.225,171.525,18.02079558071273,10.46079558071273
4608,4663,876.0,-43.225,171.575,18.54475163416646,13.28875163416646
4609,4668,1748.0,-43.225,171.625,19.053835327125853,8.565835327125853
4610,4726,785.0,-43.275,171.525,18.195730381223257,13.485730381223256
4611,4727,661.0,-43.275,171.575,18.666554381648893,14.700554381648892
4612,4728,1889.0,-43.275,171.625,19.105573823020677,7.7715738230206775
4613,4901,699.0,-43.175,171.525,17.728541865202715,13.534541865202716
4614,4903,659.0,-43.175,171.575,18.288710145818186,14.334710145818185
4615,4905,1668.0,-43.175,171.625,18.856408282124903,8.848408282124904
4616,4661,827.0,-43.325,171.675,19.352097053735633,14.390097053735634
4617,4666,900.0,-43.325,171.725,19.548520174022997,14.148520174022998
4618,4671,687.0,-43.325,171.775,19.627694749768125,15.505694749768125
4619,4673,1054.0,-43.225,171.675,19.493128423637245,13.169128423637247
4620,4676,539.0,-43.325,171.825,19.595290392113384,16.361290392113386
4621,4678,714.0,-43.225,171.725,19.785010609106394,15.501010609106395
4622,4729,944.0,-43.275,171.675,19.468448102095863,13.804448102095863
4623,4730,1438.0,-43.275,171.725,19.708022811391857,11.080022811391856
4624,4731,1148.0,-43.275,171.775,19.801923227030784,12.913923227030784
4625,4732,1264.0,-43.275,171.825,19.765204035880743,12.181204035880743
4626,4751,813.0,-43.225,171.775,19.889793571579503,15.011793571579503
4627,4752,1070.0,-43.225,171.825,19.847941836807877,13.427941836807879
4628,4907,1008.0,-43.175,171.675,19.376662262890022,13.328662262890022
4629,4909,753.0,-43.175,171.725,19.73498668517277,15.21698668517277
4630,4911,866.0,-43.175,171.775,19.844311955559533,14.648311955559533
4631,4913,596.0,-43.175,171.825,19.81024244846776,16.23424244846776
4632,4681,437.0,-43.325,171.875,19.469031853906927,16.847031853906927
4633,4682,387.0,-43.325,171.925,19.26827037865587,16.94627037865587
4634,4683,305.0,-43.325,171.975,19.009049317333847,17.17904931733385
4635,4733,706.0,-43.275,171.875,19.627595043959445,15.391595043959445
4636,4734,449.0,-43.275,171.925,19.41432395823358,16.720323958233582
4637,4735,435.0,-43.275,171.975,19.142933022332727,16.532933022332728
4638,4753,1127.0,-43.225,171.875,19.706075077789137,12.944075077789137
4639,4754,592.0,-43.225,171.925,19.491982539344463,15.939982539344463
4640,4755,764.0,-43.225,171.975,19.22200928235543,14.63800928235543
4641,4915,596.0,-43.175,171.875,19.684304698414053,16.108304698414052
4642,4949,779.0,-43.175,171.925,19.489821379786008,14.815821379786009
4643,4950,846.0,-43.175,171.975,19.240347609927994,14.164347609927994
4644,4684,340.0,-43.325,172.025,18.703387856963673,16.663387856963674
4645,4685,307.0,-43.325,172.075,18.360105457817554,16.518105457817555
4646,4686,269.0,-43.325,172.125,17.986059028597083,16.372059028597082
4647,4687,237.0,-43.325,172.175,17.58751488191774,16.16551488191774
4648,4736,396.0,-43.275,172.025,18.825232352755847,16.449232352755846
4649,4737,352.0,-43.275,172.075,18.469417088635964,16.357417088635962
4650,4738,321.0,-43.275,172.125,18.081672380300006,16.155672380300008
4651,4739,409.0,-43.275,172.175,17.66736206645146,15.21336206645146
4652,4757,795.0,-43.225,172.025,18.906508033673163,14.136508033673163
4653,4759,1087.0,-43.225,172.075,18.55260630029079,12.030606300290792
4654,4761,665.0,-43.225,172.125,18.165766803664155,14.175766803664155
4655,4763,451.0,-43.225,172.175,17.75078582984861,15.04478582984861
4656,4951,729.0,-43.175,172.025,18.944794372131582,14.570794372131584
4657,4952,657.0,-43.175,172.075,18.609628087826422,14.667628087826422
4658,4953,445.0,-43.175,172.125,18.24009465103154,15.57009465103154
4659,4954,446.0,-43.175,172.175,17.84104819125787,15.165048191257869
4660,4688,209.0,-43.325,172.225,17.17114014441904,15.917140144419042
4661,4689,181.0,-43.325,172.275,16.743940429980285,15.657940429980284
4662,4690,155.0,-43.325,172.325,16.312448803932057,15.382448803932057
4663,4691,128.0,-43.325,172.375,15.882015309864073,15.114015309864072
4664,4740,214.0,-43.275,172.225,17.231756318898988,15.947756318898987
4665,4741,187.0,-43.275,172.275,16.78021953778807,15.65821953778807
4666,4742,164.0,-43.275,172.325,16.318125596968457,15.334125596968457
4667,4743,185.0,-43.275,172.375,15.851165627376758,14.741165627376759
4668,4765,344.0,-43.225,172.225,17.312448311698972,15.248448311698972
4669,4767,250.0,-43.225,172.275,16.855974803169374,15.355974803169374
4670,4769,212.0,-43.225,172.325,16.38755930386833,15.115559303868329
4671,4772,164.0,-43.225,172.375,15.915588112606201,14.931588112606201
4672,4955,997.0,-43.175,172.225,17.417609991767677,11.435609991767677
4673,4957,641.0,-43.175,172.275,16.975825228350004,13.129825228350004
4674,4959,558.0,-43.175,172.325,16.523570630466565,13.175570630466567
4675,4961,393.0,-43.175,172.375,16.072101700337953,13.714101700337952
4676,4692,112.0,-43.325,172.425,15.457067820665543,14.785067820665542
4677,4693,71.0,-43.325,172.475,15.044828361191321,14.618828361191321
4678,4694,51.0,-43.325,172.525,14.669871430494823,14.363871430494823
4679,4744,146.0,-43.275,172.425,15.38718938366219,14.51118938366219
4680,4745,85.0,-43.275,172.475,14.94195542045054,14.43195542045054
4681,4746,72.0,-43.275,172.525,14.554503532504896,14.122503532504895
4682,4774,136.0,-43.225,172.425,15.453531488325098,14.637531488325097
4683,4776,127.0,-43.225,172.475,15.02601330637117,14.264013306371169
4684,4778,127.0,-43.225,172.525,14.67888280848274,13.91688280848274
4685,4963,179.0,-43.175,172.425,15.638676103466423,14.564676103466423
4686,4965,216.0,-43.175,172.475,15.25020992854843,13.95420992854843
4687,4967,284.0,-43.175,172.525,14.94544103826047,13.241441038260469
4688,4035,100.0,-43.175,172.675,14.834265867713839,14.23426586771384
4689,4114,31.0,-43.175,172.725,15.024290971006849,14.838290971006849
4690,4695,30.0,-43.325,172.575,14.429116418963531,14.249116418963531
4691,4696,10.0,-43.325,172.625,14.469977128843311,14.40997712884331
4692,4697,9.0,-43.325,172.675,14.6387262672215,14.5847262672215
4693,4747,49.0,-43.275,172.575,14.326361073894077,14.032361073894076
4694,4748,17.0,-43.275,172.625,14.35585190357233,14.253851903572329
4695,4749,11.0,-43.275,172.675,14.535674351413036,14.469674351413035
4696,4780,159.0,-43.225,172.575,14.481301825944684,13.527301825944683
4697,4782,85.0,-43.225,172.625,14.473416874563554,13.963416874563555
4698,4784,37.0,-43.225,172.675,14.614075201636297,14.392075201636297
4699,4786,15.0,-43.225,172.725,14.841540627996437,14.751540627996437
4700,4969,213.0,-43.175,172.575,14.766854826404597,13.488854826404596
4701,4971,161.0,-43.175,172.625,14.735505415737862,13.769505415737862
4702,4117,3.0,-43.175,172.775,15.267684104503132,15.249684104503132
4703,4122,6.0,-43.125,170.275,11.524422599119134,11.488422599119135
4704,4129,13.0,-43.125,170.325,11.537714025442256,11.459714025442256
4705,4139,70.0,-43.125,170.375,11.592961637186818,11.172961637186818
4706,4008,59.0,-43.025,170.575,11.836200171295786,11.482200171295787
4707,4146,53.0,-43.125,170.425,11.684659855265636,11.366659855265636
4708,4155,33.0,-43.125,170.475,11.806424161652103,11.608424161652103
4709,4164,66.0,-43.125,170.525,11.952275832503801,11.5562758325038
4710,4259,49.0,-43.125,170.575,12.117084941302892,11.823084941302891
4711,4475,11.0,-43.075,170.425,11.548115230514668,11.482115230514667
4712,4476,46.0,-43.075,170.475,11.664866730716312,11.388866730716313
4713,4477,29.0,-43.075,170.525,11.805697154370137,11.631697154370137
4714,4478,32.0,-43.075,170.575,11.965917094203178,11.773917094203178
4715,4009,64.0,-43.025,170.625,12.00664313917514,11.622643139175139
4716,4010,109.0,-43.025,170.675,12.188638729858212,11.534638729858212
4717,4011,38.0,-43.025,170.725,12.378780198603636,12.150780198603636
4718,4261,60.0,-43.125,170.625,12.296601124020526,11.936601124020527
4719,4268,628.0,-43.125,170.675,12.487336271966342,8.719336271966341
4720,4284,171.0,-43.125,170.725,12.686432413844159,11.660432413844159
4721,4479,32.0,-43.075,170.625,12.141323254036251,11.949323254036251
4722,4480,614.0,-43.075,170.675,12.32823031686712,8.644230316867121
4723,4481,77.0,-43.075,170.725,12.52343262557406,12.06143262557406
4724,4012,313.0,-43.025,170.775,12.57394464261597,10.69594464261597
4725,4013,521.0,-43.025,170.825,12.771328457107302,9.645328457107302
4726,4014,145.0,-43.025,170.875,12.968569716758793,12.098569716758794
4727,4015,891.0,-43.025,170.925,13.163989869994111,7.817989869994111
4728,4392,717.0,-43.125,170.775,12.891574872628553,8.589574872628553
4729,4398,1050.0,-43.125,170.825,13.100974560540635,6.800974560540635
4730,4402,1266.0,-43.125,170.875,13.313423163635889,5.717423163635889
4731,4408,1956.0,-43.125,170.925,13.52840735774953,1.7924073577495303
4732,4482,597.0,-43.075,170.775,12.724169260676717,9.142169260676717
4733,4483,634.0,-43.075,170.825,12.928138228715397,9.124138228715397
4734,4484,821.0,-43.075,170.875,13.133586097101215,8.207586097101215
4735,4485,1777.0,-43.075,170.925,13.339475648186635,2.677475648186636
4736,4016,1014.0,-43.025,170.975,13.356930040899897,7.2729300408998965
4737,4017,309.0,-43.025,171.025,13.548062627916806,11.694062627916807
4738,4018,880.0,-43.025,171.075,13.73949944677588,8.45949944677588
4739,4019,1229.0,-43.025,171.125,13.934593886020593,6.560593886020595
4740,4416,809.0,-43.125,170.975,13.746248324983753,8.892248324983754
4741,4421,1274.0,-43.125,171.025,13.968216851033503,6.324216851033503
4742,4427,1666.0,-43.125,171.075,14.196576366608497,4.200576366608496
4743,4434,1916.0,-43.125,171.125,14.434535342385061,2.9385353423850606
4744,4486,824.0,-43.075,170.975,13.54569700860884,8.601697008608841
4745,4487,259.0,-43.075,171.025,13.753246245061746,12.199246245061746
4746,4488,1181.0,-43.075,171.075,13.96428297366947,6.878282973669469
4747,4489,1576.0,-43.075,171.125,14.18202545325039,4.72602545325039
4748,4020,1306.0,-43.025,171.175,14.137520172429504,6.301520172429504
4749,4021,1206.0,-43.025,171.225,14.352842792795855,7.116842792795855
4750,4022,847.0,-43.025,171.275,14.58527501874778,9.503275018747779
4751,4441,1880.0,-43.125,171.175,14.686135754702264,3.406135754702264
4752,4442,1495.0,-43.125,171.225,14.956140019974555,5.986140019974556
4753,4443,875.0,-43.125,171.275,15.24998497676279,9.99998497676279
4754,4490,2013.0,-43.075,171.175,14.410529626955395,2.3325296269553952
4755,4491,1231.0,-43.075,171.225,14.654466644642525,7.268466644642525
4756,4492,804.0,-43.075,171.275,14.919023908194504,10.095023908194506
4757,4023,759.0,-43.025,171.325,14.839748244179646,10.285748244179647
4758,4024,1703.0,-43.025,171.375,15.121892167298938,4.903892167298938
4759,4025,1506.0,-43.025,171.425,15.439132042360143,6.403132042360143
4760,4026,1234.0,-43.025,171.475,15.80286315275589,8.39886315275589
4761,4444,686.0,-43.125,171.325,15.573843652688083,11.457843652688084
4762,4445,818.0,-43.125,171.375,15.934763100420241,11.026763100420242
4763,4446,1504.0,-43.125,171.425,16.34066495943989,7.316664959439892
4764,4447,1126.0,-43.125,171.475,16.79953196538554,10.04353196538554
4765,4493,675.0,-43.075,171.325,15.210026375905727,11.160026375905726
4766,4494,1349.0,-43.075,171.375,15.53434093244141,7.44034093244141
4767,4495,1451.0,-43.075,171.425,15.900556535139913,7.194556535139913
4768,4496,1358.0,-43.075,171.475,16.319553824854665,8.171553824854666
4769,4027,939.0,-43.025,171.525,16.231711592175998,10.597711592175997
4770,4028,905.0,-43.025,171.575,16.746457372879377,11.316457372879377
4771,4029,618.0,-43.025,171.625,17.329098152258666,13.621098152258666
4772,4448,1625.0,-43.125,171.525,17.316213829093613,7.566213829093613
4773,4449,1746.0,-43.125,171.575,17.884887320833514,7.408887320833513
4774,4450,832.0,-43.125,171.625,18.478058354274253,13.486058354274252
4775,4497,1501.0,-43.075,171.525,16.802884705975885,7.796884705975884
4776,4498,1245.0,-43.075,171.575,17.35299168986967,9.88299168986967
4777,4499,1285.0,-43.075,171.625,17.942667001494556,10.232667001494557
4778,4030,577.0,-43.025,171.675,17.902163566293893,14.440163566293894
4779,4031,815.0,-43.025,171.725,18.38339544045448,13.493395440454478
4780,4033,950.0,-43.025,171.775,18.72864601103356,13.028646011033562
4781,4037,638.0,-43.025,171.825,18.93843520776136,15.110435207761359
4782,4451,1775.0,-43.125,171.675,19.03539303726575,8.385393037265748
4783,4452,1002.0,-43.125,171.725,19.439354863614426,13.427354863614426
4784,4453,630.0,-43.125,171.775,19.607503051505773,15.827503051505774
4785,4454,1523.0,-43.125,171.825,19.628299803021946,10.490299803021946
4786,4500,1407.0,-43.075,171.675,18.503034702400328,10.061034702400327
4787,4501,1117.0,-43.075,171.725,18.94103809168155,12.239038091681548
4788,4502,641.0,-43.075,171.775,19.204887723375577,15.358887723375577
4789,4503,921.0,-43.075,171.825,19.319760799582582,13.793760799582582
4790,4038,1198.0,-43.025,171.875,19.034161432020483,11.846161432020484
4791,4039,713.0,-43.025,171.925,19.037802623177413,14.759802623177414
4792,4040,1200.0,-43.025,171.975,18.966522195143625,11.766522195143626
4793,4455,596.0,-43.125,171.875,19.552877928043017,15.976877928043017
4794,4456,782.0,-43.125,171.925,19.40472297721135,14.71272297721135
4795,4457,693.0,-43.125,171.975,19.19766848118161,15.039668481181609
4796,4504,562.0,-43.075,171.875,19.325016004717327,15.953016004717327
4797,4505,451.0,-43.075,171.925,19.246754643434542,16.540754643434543
4798,4506,593.0,-43.075,171.975,19.101533358960296,15.543533358960296
4799,4041,934.0,-43.025,172.025,18.833221290522488,13.229221290522489
4800,4042,1149.0,-43.025,172.075,18.647960473201238,11.753960473201237
4801,4043,1283.0,-43.025,172.125,18.419173577116453,10.721173577116453
4802,4044,901.0,-43.025,172.175,18.154641976740095,12.748641976740096
4803,4458,1580.0,-43.125,172.025,18.941052147740265,9.461052147740265
4804,4459,1194.0,-43.125,172.075,18.641874721317436,11.477874721317436
4805,4460,679.0,-43.125,172.125,18.30599840504874,14.23199840504874
4806,4461,452.0,-43.125,172.175,17.938989285132266,15.226989285132266
4807,4507,1019.0,-43.075,172.025,18.900709720139275,12.786709720139275
4808,4508,1152.0,-43.075,172.075,18.652827402867842,11.740827402867843
4809,4509,699.0,-43.075,172.125,18.36501245420368,14.17101245420368
4810,4510,542.0,-43.075,172.175,18.043949436032563,14.791949436032564
4811,4045,1440.0,-43.025,172.225,17.86233755115245,9.22233755115245
4812,4046,761.0,-43.025,172.275,17.551210230856668,12.98521023085667
4813,4047,671.0,-43.025,172.325,17.23192538751755,13.20592538751755
4814,4048,498.0,-43.025,172.375,16.917445481580216,13.929445481580217
4815,4462,457.0,-43.125,172.225,17.54684952837124,14.80484952837124
4816,4463,939.0,-43.125,172.275,17.136798807943705,11.502798807943705
4817,4464,566.0,-43.125,172.325,16.718264677518164,13.322264677518163
4818,4465,373.0,-43.125,172.375,16.304220689518843,14.066220689518843
4819,4511,563.0,-43.075,172.225,17.696708535586367,14.318708535586367
4820,4512,493.0,-43.075,172.275,17.3315683943365,14.3735683943365
4821,4513,837.0,-43.075,172.325,16.958908916567452,11.936908916567454
4822,4514,488.0,-43.075,172.375,16.592142206820427,13.664142206820426
4823,4049,706.0,-43.025,172.425,16.623186189041007,12.387186189041007
4824,4050,393.0,-43.025,172.475,16.36630787262402,14.00830787262402
4825,4051,298.0,-43.025,172.525,16.163736939968658,14.375736939968657
4826,4466,640.0,-43.125,172.425,15.912809153698618,12.072809153698618
4827,4467,396.0,-43.125,172.475,15.568505273753544,13.192505273753545
4828,4468,444.0,-43.125,172.525,15.300660452296142,12.636660452296143
4829,4515,539.0,-43.075,172.425,16.248413861336303,13.014413861336303
4830,4516,417.0,-43.075,172.475,15.94838037712907,13.44638037712907
4831,4517,349.0,-43.075,172.525,15.713960611989023,13.619960611989024
4832,4001,126.0,-43.075,172.675,15.544646478476352,14.788646478476352
4833,4002,90.0,-43.075,172.725,15.662416759616463,15.122416759616463
4834,4052,443.0,-43.025,172.575,16.029127407164196,13.371127407164197
4835,4053,476.0,-43.025,172.625,15.970335608028108,13.114335608028108
4836,4054,308.0,-43.025,172.675,15.988969640660798,14.1409696406608
4837,4055,170.0,-43.025,172.725,16.073179094688385,15.053179094688385
4838,4469,327.0,-43.125,172.575,15.136393409586162,13.174393409586163
4839,4470,147.0,-43.125,172.625,15.089366996864555,14.207366996864556
4840,4471,83.0,-43.125,172.675,15.1540494672372,14.656049467237201
4841,4472,73.0,-43.125,172.725,15.305881178705022,14.867881178705021
4842,4518,220.0,-43.075,172.575,15.563493914189166,14.243493914189166
4843,4519,120.0,-43.075,172.625,15.506423994447687,14.786423994447686
4844,4003,60.0,-43.075,172.775,15.828818548747222,15.468818548747223
4845,4004,426.0,-43.075,172.825,16.0201057948143,13.4641057948143
4846,4005,278.0,-43.075,172.875,16.218055322024156,14.550055322024157
4847,4056,94.0,-43.025,172.775,16.199596603008104,15.635596603008104
4848,4057,81.0,-43.025,172.825,16.34688738209661,15.86088738209661
4849,4058,134.0,-43.025,172.875,16.49811604160641,15.694116041606408
4850,4473,21.0,-43.125,172.775,15.511833734621177,15.385833734621178
4851,4474,115.0,-43.125,172.825,15.744751510006608,15.054751510006609
4852,4006,216.0,-43.075,172.925,16.40984494064469,15.11384494064469
4853,4007,120.0,-43.075,172.975,16.587336451368174,15.867336451368173
4854,4059,235.0,-43.025,172.925,16.641423760316684,15.231423760316684
4855,4060,117.0,-43.025,172.975,16.76980164772249,16.06780164772249
4856,4061,60.0,-43.025,173.025,16.87992924824357,16.51992924824357
4857,4062,59.0,-43.025,173.075,16.970779978350038,16.61677997835004
4858,4063,17.0,-42.975,170.675,12.066503076435765,11.964503076435765
4859,4066,56.0,-42.975,170.725,12.25107926907367,11.91507926907367
4860,4068,557.0,-42.975,170.775,12.440218332834775,9.098218332834774
4861,4069,248.0,-42.975,170.825,12.6306555759802,11.1426555759802
4862,4070,328.0,-42.975,170.875,12.819368194614071,10.851368194614071
4863,4071,666.0,-42.975,170.925,13.003892164910212,9.007892164910212
4864,4269,36.0,-42.925,170.775,12.321694257727358,12.10569425772736
4865,4275,502.0,-42.925,170.825,12.505473525787238,9.493473525787238
4866,4280,85.0,-42.925,170.875,12.68615441233851,12.17615441233851
4867,4288,217.0,-42.925,170.925,12.860294444370084,11.558294444370084
4868,4335,8.0,-42.875,170.825,12.394187221230823,12.346187221230823
4869,4336,74.0,-42.875,170.875,12.567970406962559,12.123970406962558
4870,4337,69.0,-42.875,170.925,12.73312491129036,12.319124911290361
4871,5453,24.0,-42.825,170.875,12.462290936338832,12.318290936338832
4872,5456,24.0,-42.825,170.925,12.620595309359487,12.476595309359487
4873,4072,393.0,-42.975,170.975,13.182858293803292,10.824858293803292
4874,4073,143.0,-42.975,171.025,13.356576596896048,12.498576596896047
4875,4074,952.0,-42.975,171.075,13.527288855257211,7.8152888552572115
4876,4075,1019.0,-42.975,171.125,13.698822839098284,7.584822839098284
4877,4289,107.0,-42.925,170.975,13.025523313990561,12.383523313990562
4878,4290,54.0,-42.925,171.025,13.181683821982006,12.857683821982006
4879,4291,107.0,-42.925,171.075,13.331470352655742,12.689470352655743
4880,4292,220.0,-42.925,171.125,13.479809169279179,12.159809169279178
4881,4338,40.0,-42.875,170.975,12.885714154108427,12.645714154108427
4882,4339,39.0,-42.875,171.025,13.024753381221672,12.790753381221672
4883,4340,38.0,-42.875,171.075,13.153922284807777,12.925922284807777
4884,4341,154.0,-42.875,171.125,13.280293879273813,12.356293879273814
4885,5462,71.0,-42.825,170.975,12.76249654723506,12.33649654723506
4886,5560,18.0,-42.825,171.025,12.885045070943306,12.777045070943306
4887,5563,156.0,-42.825,171.075,12.993910336706904,12.057910336706904
4888,5565,475.0,-42.825,171.125,13.100093512897729,10.25009351289773
4889,4076,1284.0,-42.975,171.175,13.875823340349598,6.171823340349598
4890,4077,887.0,-42.975,171.225,14.063002067938214,8.741002067938215
4891,4078,1731.0,-42.975,171.275,14.26471983231022,3.878719832310221
4892,4293,789.0,-42.925,171.175,13.6324304688751,8.8984304688751
4893,4294,957.0,-42.925,171.225,13.794664465953247,8.052664465953246
4894,4295,1360.0,-42.925,171.275,13.970923895540182,5.810923895540181
4895,4342,318.0,-42.875,171.175,13.411497738488833,11.503497738488834
4896,4343,791.0,-42.875,171.225,13.553952708098223,8.807952708098224
4897,4344,934.0,-42.875,171.275,13.71250168143888,8.10850168143888
4898,5567,602.0,-42.825,171.175,13.213866844656877,9.601866844656877
4899,5569,153.0,-42.825,171.225,13.342848120781127,12.424848120781128
4900,5571,797.0,-42.825,171.275,13.492313829468912,8.710313829468912
4901,4079,1204.0,-42.975,171.325,14.484989285789197,7.260989285789198
4902,4080,1635.0,-42.975,171.375,14.727918043965474,4.917918043965473
4903,4081,1408.0,-42.975,171.425,14.998758710600669,6.550758710600668
4904,4082,1544.0,-42.975,171.475,15.306305433812668,6.042305433812668
4905,4296,1025.0,-42.925,171.325,14.164807948036469,8.01480794803647
4906,4297,1487.0,-42.925,171.375,14.379712076522992,5.457712076522993
4907,4298,1387.0,-42.925,171.425,14.620044702809537,6.298044702809538
4908,4299,991.0,-42.925,171.475,14.893712858684012,8.947712858684012
4909,4345,1531.0,-42.875,171.325,13.890883335567196,4.704883335567196
4910,4346,734.0,-42.875,171.375,14.092788336522062,9.688788336522062
4911,4347,1027.0,-42.875,171.425,14.323662192327902,8.161662192327903
4912,4348,1260.0,-42.875,171.475,14.594014817746938,7.034014817746939
4913,5573,912.0,-42.825,171.325,13.66618783652666,8.19418783652666
4914,5575,1136.0,-42.825,171.375,13.868495179980528,7.052495179980528
4915,5577,1336.0,-42.825,171.425,14.105343949762755,6.089343949762755
4916,5579,717.0,-42.825,171.475,14.387373227946227,10.085373227946228
4917,4083,1034.0,-42.975,171.525,15.669827589314082,9.465827589314081
4918,4084,893.0,-42.975,171.575,16.140155649132794,10.782155649132793
4919,4085,738.0,-42.975,171.625,16.72816894382413,12.30016894382413
4920,4300,1733.0,-42.925,171.525,15.218806202232372,4.820806202232374
4921,4301,1604.0,-42.925,171.575,15.654904968032497,6.030904968032498
4922,4302,1064.0,-42.925,171.625,16.23320751398569,9.84920751398569
4923,4349,1053.0,-42.875,171.525,14.925855313354987,8.607855313354987
4924,4350,1462.0,-42.875,171.575,15.355435693083564,6.583435693083565
4925,4351,1134.0,-42.875,171.625,15.883681356921443,9.079681356921444
4926,5581,1175.0,-42.825,171.525,14.731120278403978,7.681120278403978
4927,5583,810.0,-42.825,171.575,15.1520594573376,10.2920594573376
4928,5659,759.0,-42.825,171.625,15.643175761084422,11.089175761084423
4929,4086,1271.0,-42.975,171.675,17.32138354284689,9.695383542846887
4930,4087,767.0,-42.975,171.725,17.84136623390077,13.239366233900771
4931,4088,1023.0,-42.975,171.775,18.250111101806397,12.112111101806397
4932,4089,1481.0,-42.975,171.825,18.539513553783763,9.653513553783764
4933,4303,1600.0,-42.925,171.675,16.82612330286065,7.2261233028606515
4934,4304,1311.0,-42.925,171.725,17.364842693539686,9.498842693539686
4935,4305,1017.0,-42.925,171.775,17.81481861406064,11.712818614060641
4936,4306,786.0,-42.925,171.825,18.163430649670772,13.447430649670771
4937,4352,1236.0,-42.875,171.675,16.44505637625116,9.029056376251159
4938,4353,1194.0,-42.875,171.725,16.978160192113137,9.814160192113137
4939,4354,1138.0,-42.875,171.775,17.446861614851514,10.618861614851514
4940,4355,1284.0,-42.875,171.825,17.834106522335787,10.130106522335787
4941,5661,785.0,-42.825,171.675,16.1675326336117,11.457532633611699
4942,5662,819.0,-42.825,171.725,16.68149139023444,11.767491390234442
4943,5665,880.0,-42.825,171.775,17.152401502491557,11.872401502491556
4944,5669,1016.0,-42.825,171.825,17.561203293633298,11.465203293633298
4945,4090,977.0,-42.975,171.875,18.719184201792814,12.857184201792816
4946,4091,1226.0,-42.975,171.925,18.804552049841732,11.448552049841732
4947,4092,1478.0,-42.975,171.975,18.810616905771894,9.942616905771896
4948,4307,791.0,-42.925,171.875,18.412528448257945,13.666528448257946
4949,4308,838.0,-42.925,171.925,18.571236224044696,13.543236224044696
4950,4309,747.0,-42.925,171.975,18.650929257521057,14.168929257521057
4951,4356,697.0,-42.875,171.875,18.13578257919289,13.953782579192893
4952,4357,1374.0,-42.875,171.925,18.35550498132943,10.111504981329432
4953,4358,1381.0,-42.875,171.975,18.50064127241785,10.214641272417852
4954,5673,710.0,-42.825,171.875,17.899753374338616,13.639753374338616
4955,5677,1147.0,-42.825,171.925,18.167348716873676,11.285348716873674
4956,5681,1082.0,-42.825,171.975,18.36768820504949,11.875688205049489
4957,4093,975.0,-42.975,172.025,18.750160405033967,12.900160405033967
4958,4094,803.0,-42.975,172.075,18.633843941890518,13.815843941890519
4959,4095,1466.0,-42.975,172.125,18.470850766432704,9.674850766432705
4960,4096,1256.0,-42.975,172.175,18.269623426211183,10.733623426211183
4961,4310,799.0,-42.925,172.025,18.66275210666936,13.868752106669358
4962,4311,1308.0,-42.925,172.075,18.616810482737492,10.768810482737493
4963,4312,882.0,-42.925,172.125,18.52218826462922,13.230188264629222
4964,4313,1051.0,-42.925,172.175,18.387313504135818,12.081313504135817
4965,4359,1643.0,-42.875,172.025,18.579823020889307,8.721823020889309
4966,4360,1101.0,-42.875,172.075,18.60168701589282,11.995687015892821
4967,4361,1539.0,-42.875,172.125,18.574412984453375,9.340412984453375
4968,4362,1358.0,-42.875,172.175,18.505714238315704,10.357714238315705
4969,5685,952.0,-42.825,172.025,18.50665776160895,12.79465776160895
4970,5689,1686.0,-42.825,172.075,18.590937031811336,8.474937031811336
4971,5693,937.0,-42.825,172.125,18.627244593037176,13.005244593037176
4972,5697,712.0,-42.825,172.175,18.622021467221202,14.350021467221202
4973,4097,1095.0,-42.975,172.225,18.038588700044784,11.468588700044783
4974,4098,801.0,-42.975,172.275,17.786842753514065,12.980842753514064
4975,4100,1181.0,-42.975,172.325,17.524744415844907,10.438744415844907
4976,4101,756.0,-42.975,172.375,17.264289477694547,12.728289477694547
4977,4314,1326.0,-42.925,172.225,18.220460855969577,10.264460855969578
4978,4315,915.0,-42.925,172.275,18.030290176247945,12.540290176247945
4979,4316,599.0,-42.925,172.325,17.8263324808795,14.232332480879501
4980,4317,709.0,-42.925,172.375,17.619290530274156,13.365290530274157
4981,4363,1514.0,-42.875,172.225,18.403077479510102,9.319077479510103
4982,4364,1174.0,-42.875,172.275,18.274139496759744,11.230139496759744
4983,4365,561.0,-42.875,172.325,18.127110521381837,14.761110521381838
4984,4366,1063.0,-42.875,172.375,17.97111399890855,11.59311399890855
4985,5701,681.0,-42.825,172.225,18.581414329149993,14.495414329149995
4986,5785,745.0,-42.825,172.275,18.51148932603246,14.041489326032462
4987,5787,649.0,-42.825,172.325,18.418634757428663,14.524634757428663
4988,5789,821.0,-42.825,172.375,18.31005243828986,13.384052438289858
4989,4102,563.0,-42.975,172.425,17.01905112026725,13.64105112026725
4990,4103,482.0,-42.975,172.475,16.803441238123924,13.911441238123924
4991,4104,324.0,-42.975,172.525,16.631189971856656,14.687189971856657
4992,4318,520.0,-42.925,172.425,17.420971723709954,14.300971723709953
4993,4319,459.0,-42.925,172.475,17.24368366719864,14.489683667198639
4994,4320,442.0,-42.925,172.525,17.09905440287548,14.447054402875482
4995,4367,508.0,-42.875,172.425,17.81624956241285,14.76824956241285
4996,4368,463.0,-42.875,172.475,17.67318113859801,14.89518113859801
4997,4369,401.0,-42.875,172.525,17.55217336358328,15.14617336358328
4998,5791,469.0,-42.825,172.425,18.19409525919764,15.380095259197638
4999,5793,571.0,-42.825,172.475,18.080112217357964,14.654112217357964
5000,5795,525.0,-42.825,172.525,17.97760342033871,14.82760342033871
5001,4105,303.0,-42.975,172.575,16.513328741377336,14.695328741377336
5002,4106,383.0,-42.975,172.625,16.456302853592206,14.158302853592206
5003,4107,297.0,-42.975,172.675,16.459991386684123,14.677991386684123
5004,4108,378.0,-42.975,172.725,16.514897254746757,14.246897254746756
5005,4321,300.0,-42.925,172.575,16.99644980597077,15.196449805970769
5006,4322,295.0,-42.925,172.625,16.941236848040717,15.171236848040717
5007,4323,330.0,-42.925,172.675,16.932961723257904,14.952961723257904
5008,4324,285.0,-42.925,172.725,16.96394557179883,15.25394557179883
5009,4370,303.0,-42.875,172.575,17.46169643641042,15.643696436410421
5010,4371,279.0,-42.875,172.625,17.406836876063608,15.732836876063608
5011,4372,239.0,-42.875,172.675,17.387762595739332,15.953762595739333
5012,4373,216.0,-42.875,172.725,17.398592199519044,16.102592199519044
5013,5797,319.0,-42.825,172.575,17.89482968620723,15.980829686207231
5014,5799,280.0,-42.825,172.625,17.837259499618085,16.157259499618085
5015,5801,261.0,-42.825,172.675,17.806209054630017,16.240209054630018
5016,5803,233.0,-42.825,172.725,17.797841508261627,16.399841508261627
5017,4064,257.0,-42.975,172.775,16.60371455983841,15.061714559838409
5018,4121,262.0,-42.975,172.825,16.707580200774828,15.135580200774829
5019,4128,119.0,-42.975,172.875,16.81059080453997,16.09659080453997
5020,4325,480.0,-42.925,172.775,17.01997220396879,14.139972203968792
5021,4326,273.0,-42.925,172.825,17.083567945446703,15.445567945446703
5022,4327,182.0,-42.925,172.875,17.139025280121132,16.047025280121133
5023,4374,283.0,-42.875,172.775,17.427061875961954,15.729061875961953
5024,4375,490.0,-42.875,172.825,17.455412664538017,14.515412664538017
5025,5215,295.0,-42.875,172.875,17.465514764204272,15.695514764204272
5026,5805,203.0,-42.825,172.775,17.802275511276093,16.584275511276093
5027,5807,172.0,-42.825,172.825,17.80158156871039,16.76958156871039
5028,5810,143.0,-42.825,172.875,17.769543569360394,16.911543569360393
5029,4134,194.0,-42.975,172.925,16.902220593197853,15.738220593197854
5030,4138,305.0,-42.975,172.975,16.977483650916838,15.147483650916838
5031,4145,359.0,-42.975,173.025,17.03516388189746,14.88116388189746
5032,4154,293.0,-42.975,173.075,17.07583290702314,15.317832907023142
5033,4328,149.0,-42.925,172.925,17.17741176665004,16.28341176665004
5034,4329,187.0,-42.925,172.975,17.197126318642404,16.075126318642404
5035,4330,383.0,-42.925,173.025,17.200147487892536,14.902147487892536
5036,4331,138.0,-42.925,173.075,17.18898745198385,16.36098745198385
5037,5323,228.0,-42.875,172.925,17.450021951066446,16.082021951066448
5038,5327,144.0,-42.875,172.975,17.413336949510267,16.549336949510266
5039,5333,112.0,-42.875,173.025,17.36173525819322,16.68973525819322
5040,5340,106.0,-42.875,173.075,17.299457372922916,16.663457372922917
5041,5813,243.0,-42.825,172.925,17.699971684167394,16.241971684167396
5042,5816,524.0,-42.825,172.975,17.608833112128195,14.464833112128195
5043,5819,383.0,-42.825,173.025,17.506051730626496,15.208051730626496
5044,5822,299.0,-42.825,173.075,17.39635413038195,15.60235413038195
5045,4163,126.0,-42.975,173.125,17.10069310637482,16.34469310637482
5046,4260,44.0,-42.975,173.175,17.111147423434886,16.847147423434887
5047,4332,425.0,-42.925,173.125,17.165759892493952,14.615759892493951
5048,4333,60.0,-42.925,173.175,17.132207903574454,16.772207903574454
5049,4334,45.0,-42.925,173.225,17.089921242906712,16.819921242906712
5050,5438,291.0,-42.875,173.125,17.22912784120126,15.483127841201261
5051,5443,58.0,-42.875,173.175,17.15255722924485,16.80455722924485
5052,5448,33.0,-42.875,173.225,17.07125264246133,16.87325264246133
5053,5824,196.0,-42.825,173.125,17.282319643753,16.106319643753
5054,5826,354.0,-42.825,173.175,17.165642937019584,15.041642937019583
5055,5828,72.0,-42.825,173.225,17.047712431056425,16.615712431056426
5056,5450,168.0,-42.875,173.275,16.986704541472136,15.978704541472137
5057,5830,81.0,-42.825,173.275,16.92990808270406,16.44390808270406
5058,5832,181.0,-42.825,173.325,16.813761504017748,15.727761504017748
5059,5834,20.0,-42.775,170.925,12.518155370577006,12.398155370577006
5060,5108,47.0,-42.625,171.125,12.510515431858948,12.228515431858948
5061,5221,19.0,-42.725,170.975,12.546394858378335,12.432394858378334
5062,5222,83.0,-42.725,171.025,12.63594774826197,12.13794774826197
5063,5223,174.0,-42.725,171.075,12.707076503211283,11.663076503211283
5064,5224,85.0,-42.725,171.125,12.783757386408979,12.27375738640898
5065,5270,13.0,-42.675,171.025,12.502211715604062,12.424211715604063
5066,5271,90.0,-42.675,171.075,12.5674975404836,12.027497540483601
5067,5272,81.0,-42.675,171.125,12.640587708359817,12.154587708359816
5068,5836,72.0,-42.775,170.975,12.652365398709662,12.220365398709662
5069,5838,20.0,-42.775,171.025,12.758702032660949,12.63870203266095
5070,5840,102.0,-42.775,171.075,12.847401637525763,12.235401637525763
5071,5842,160.0,-42.775,171.125,12.93612106218643,11.97612106218643
5072,5109,79.0,-42.625,171.175,12.61411293760466,12.140112937604659
5073,5110,80.0,-42.625,171.225,12.758759486168856,12.278759486168855
5074,5111,127.0,-42.625,171.275,12.94839470066654,12.18639470066654
5075,5225,144.0,-42.725,171.175,12.879333159813541,12.01533315981354
5076,5226,190.0,-42.725,171.225,13.002513196421205,11.862513196421204
5077,5227,59.0,-42.725,171.275,13.158306969242403,12.804306969242404
5078,5273,124.0,-42.675,171.175,12.7375041526102,11.9935041526102
5079,5274,68.0,-42.675,171.225,12.868482190271607,12.460482190271607
5080,5279,173.0,-42.675,171.275,13.038189307044377,12.000189307044376
5081,5844,148.0,-42.775,171.175,13.03754007598036,12.14954007598036
5082,5846,699.0,-42.775,171.225,13.159980041935341,8.965980041935342
5083,5848,725.0,-42.775,171.275,13.308754752608365,8.958754752608366
5084,5112,192.0,-42.625,171.325,13.17995430562587,12.02795430562587
5085,5113,144.0,-42.625,171.375,13.448536338371923,12.584536338371922
5086,5114,89.0,-42.625,171.425,13.750665843399474,13.216665843399474
5087,5115,89.0,-42.625,171.475,14.084623760529212,13.550623760529211
5088,5228,767.0,-42.725,171.325,13.349197388262837,8.747197388262837
5089,5229,700.0,-42.725,171.375,13.576935086079175,9.376935086079175
5090,5230,230.0,-42.725,171.425,13.844175888167229,12.46417588816723
5091,5231,152.0,-42.725,171.475,14.154975488476339,13.24297548847634
5092,5280,613.0,-42.675,171.325,13.247102299981634,9.569102299981633
5093,5281,710.0,-42.675,171.375,13.494196365238167,9.234196365238168
5094,5282,425.0,-42.675,171.425,13.779093913166435,11.229093913166434
5095,5283,420.0,-42.675,171.475,14.102513149642618,11.582513149642619
5096,5850,323.0,-42.775,171.325,13.48744945944054,11.54944945944054
5097,5852,541.0,-42.775,171.375,13.699524191993987,10.453524191993987
5098,5854,470.0,-42.775,171.425,13.950037459042505,11.130037459042505
5099,5856,216.0,-42.775,171.475,14.246767608288792,12.950767608288793
5100,5116,111.0,-42.625,171.525,14.449133703688858,13.783133703688858
5101,5117,120.0,-42.625,171.575,14.84154354770726,14.12154354770726
5102,5118,889.0,-42.625,171.625,15.256421193786082,9.922421193786082
5103,5232,409.0,-42.725,171.525,14.513266232679598,12.059266232679597
5104,5233,1041.0,-42.725,171.575,14.91908639810572,8.67308639810572
5105,5234,1055.0,-42.725,171.625,15.364494611538248,9.034494611538248
5106,5284,192.0,-42.675,171.525,14.464970316897961,13.312970316897962
5107,5285,354.0,-42.675,171.575,14.864372766794986,12.740372766794986
5108,5286,306.0,-42.675,171.625,15.293877281990717,13.457877281990717
5109,5858,966.0,-42.775,171.525,14.599050749093294,8.803050749093295
5110,5860,1102.0,-42.775,171.575,15.011859384467243,8.399859384467245
5111,5862,277.0,-42.775,171.625,15.476797098177485,13.814797098177486
5112,5119,443.0,-42.625,171.675,15.685287191110547,13.027287191110547
5113,5120,1107.0,-42.625,171.725,16.11761185816431,9.47561185816431
5114,5121,732.0,-42.625,171.775,16.54250100023637,12.150501000236371
5115,5122,720.0,-42.625,171.825,16.950272652786225,12.630272652786225
5116,5235,1126.0,-42.725,171.675,15.832994500902714,9.076994500902714
5117,5236,1171.0,-42.725,171.725,16.3036426523322,9.2776426523322
5118,5237,964.0,-42.725,171.775,16.756504829303594,10.972504829303595
5119,5238,942.0,-42.725,171.825,17.176156153538614,11.524156153538613
5120,5287,684.0,-42.675,171.675,15.741626477771206,11.637626477771207
5121,5288,1236.0,-42.675,171.725,16.192760647230898,8.776760647230898
5122,5289,976.0,-42.675,171.775,16.632420826281304,10.776420826281305
5123,5290,1014.0,-42.675,171.825,17.048157754077693,10.964157754077693
5124,5864,322.0,-42.775,171.675,15.970130123270792,14.038130123270792
5125,5866,398.0,-42.775,171.725,16.461879738300922,14.073879738300922
5126,5868,1163.0,-42.775,171.775,16.925878312482382,9.94787831248238
5127,5870,1307.0,-42.775,171.825,17.34409164232784,9.50209164232784
5128,5123,955.0,-42.625,171.875,17.333433825770044,11.603433825770043
5129,5124,380.0,-42.625,171.925,17.686985498439753,15.406985498439754
5130,5125,707.0,-42.625,171.975,18.008223374461522,13.766223374461521
5131,5239,1148.0,-42.725,171.875,17.55269921880972,10.664699218809721
5132,5240,995.0,-42.725,171.925,17.881220274954103,11.911220274954104
5133,5241,874.0,-42.725,171.975,18.160604601871455,12.916604601871455
5134,5291,833.0,-42.675,171.875,17.431081646936946,12.433081646936945
5135,5292,1406.0,-42.675,171.925,17.77592728921445,9.339927289214451
5136,5293,1367.0,-42.675,171.975,18.08048202059581,9.87848202059581
5137,5872,1104.0,-42.775,171.875,17.7066117462673,11.0826117462673
5138,5874,975.0,-42.775,171.925,18.009920441676513,12.159920441676514
5139,5876,1094.0,-42.775,171.975,18.254839210407226,11.690839210407226
5140,5126,1010.0,-42.625,172.025,18.296248286089394,12.236248286089396
5141,5127,1324.0,-42.625,172.075,18.551347278727917,10.607347278727918
5142,5128,1604.0,-42.625,172.125,18.77432705606043,9.15032705606043
5143,5129,1512.0,-42.625,172.175,18.965806005347986,9.893806005347987
5144,5242,1507.0,-42.725,172.025,18.39226348500233,9.350263485002332
5145,5243,1328.0,-42.725,172.075,18.57902184262639,10.61102184262639
5146,5244,1303.0,-42.725,172.125,18.724232106746058,10.906232106746058
5147,5245,764.0,-42.725,172.175,18.831096355512273,14.247096355512273
5148,5294,1294.0,-42.675,172.025,18.344756104415865,10.580756104415865
5149,5295,813.0,-42.675,172.075,18.57012032007333,13.692120320073329
5150,5296,1187.0,-42.675,172.125,18.758502474214765,11.636502474214765
5151,5297,884.0,-42.675,172.175,18.91164890631626,13.60764890631626
5152,5878,1367.0,-42.775,172.025,18.444758272380568,10.242758272380568
5153,5880,1511.0,-42.775,172.075,18.584321374553838,9.518321374553839
5154,5882,1385.0,-42.775,172.125,18.678543042376987,10.368543042376988
5155,5883,608.0,-42.775,172.175,18.73227116749331,15.08427116749331
5156,5130,963.0,-42.625,172.225,19.125403741694754,13.347403741694754
5157,5131,634.0,-42.625,172.275,19.250720180134522,15.446720180134522
5158,5132,1051.0,-42.625,172.325,19.336156604098505,13.030156604098504
5159,5133,1131.0,-42.625,172.375,19.373102038764046,12.587102038764044
5160,5246,1002.0,-42.725,172.225,18.90217861592828,12.890178615928278
5161,5247,546.0,-42.725,172.275,18.939177286083577,15.663177286083577
5162,5248,950.0,-42.725,172.325,18.943205866700737,13.243205866700738
5163,5249,1307.0,-42.725,172.375,18.915934368647868,11.073934368647869
5164,5298,768.0,-42.675,172.225,19.030426988829277,14.422426988829276
5165,5299,1473.0,-42.675,172.275,19.1142125303013,10.276212530301303
5166,5300,1720.0,-42.675,172.325,19.16072037196136,8.840720371961362
5167,5301,1475.0,-42.675,172.375,19.167325126138167,10.317325126138167
5168,5884,743.0,-42.775,172.225,18.749930634119664,14.291930634119666
5169,5885,590.0,-42.775,172.275,18.73555451107677,15.195554511076772
5170,5886,550.0,-42.775,172.325,18.693175553606125,15.393175553606124
5171,5887,1028.0,-42.775,172.375,18.627594927165774,12.459594927165774
5172,5134,656.0,-42.625,172.425,19.35657056652417,15.42057056652417
5173,5135,591.0,-42.625,172.475,19.29490940924734,15.74890940924734
5174,5136,876.0,-42.625,172.525,19.20459750117152,13.94859750117152
5175,5250,637.0,-42.725,172.425,18.86142194457352,15.039421944573522
5176,5251,1070.0,-42.725,172.475,18.787212687544525,12.367212687544527
5177,5252,868.0,-42.725,172.525,18.703235627966933,13.495235627966935
5178,5302,978.0,-42.675,172.425,19.134761868903297,13.266761868903298
5179,5303,1214.0,-42.675,172.475,19.070341345199267,11.786341345199268
5180,5304,1059.0,-42.675,172.525,18.985956224089023,12.631956224089024
5181,5888,764.0,-42.775,172.425,18.54523367040383,13.961233670403832
5182,5889,479.0,-42.775,172.475,18.454390067287022,15.580390067287022
5183,5890,592.0,-42.775,172.525,18.36438835322042,14.81238835322042
5184,5137,973.0,-42.625,172.575,19.099709619084024,13.261709619084023
5185,5138,1113.0,-42.625,172.625,18.988956018016324,12.310956018016324
5186,5139,995.0,-42.625,172.675,18.876004304620437,12.906004304620438
5187,5140,556.0,-42.625,172.725,18.760010031954153,15.424010031954152
5188,5253,574.0,-42.725,172.575,18.619198928630794,15.175198928630795
5189,5254,902.0,-42.725,172.625,18.542258939371095,13.130258939371096
5190,5255,410.0,-42.725,172.675,18.47565538236813,16.01565538236813
5191,5256,379.0,-42.725,172.725,18.417962895939127,16.143962895939126
5192,5305,754.0,-42.675,172.575,18.89316986214544,14.36916986214544
5193,5306,1355.0,-42.675,172.625,18.800097137398552,10.670097137398551
5194,5307,549.0,-42.675,172.675,18.71035554120317,15.41635554120317
5195,5308,498.0,-42.675,172.725,18.62273898537387,15.634738985373872
5196,5891,623.0,-42.775,172.575,18.283888539706822,14.545888539706823
5197,5892,386.0,-42.775,172.625,18.21911907021422,15.90311907021422
5198,5893,405.0,-42.775,172.675,18.172551459356328,15.742551459356328
5199,5894,264.0,-42.775,172.725,18.142062142229406,16.558062142229407
5200,5141,279.0,-42.625,172.775,18.63613311899826,16.96213311899826
5201,5142,573.0,-42.625,172.825,18.496864954402554,15.058864954402553
5202,5143,320.0,-42.625,172.875,18.335513524827547,16.415513524827546
5203,5257,423.0,-42.725,172.775,18.362224555850844,15.824224555850844
5204,5258,426.0,-42.725,172.825,18.293590544868493,15.737590544868494
5205,5259,219.0,-42.725,172.875,18.18815151254239,16.87415151254239
5206,5309,277.0,-42.675,172.775,18.53087195919943,16.86887195919943
5207,5310,274.0,-42.675,172.825,18.423218853233266,16.779218853233267
5208,5311,217.0,-42.675,172.875,18.287320697912946,16.985320697912947
5209,5895,213.0,-42.775,172.775,18.120203252721694,16.842203252721696
5210,5896,192.0,-42.775,172.825,18.092182572901947,16.940182572901946
5211,5897,175.0,-42.775,172.875,18.021829538949532,16.97182953894953
5212,5144,222.0,-42.625,172.925,18.15075193393568,16.81875193393568
5213,5145,185.0,-42.625,172.975,17.947111892703106,16.837111892703106
5214,5146,159.0,-42.625,173.025,17.731224393239245,16.777224393239244
5215,5147,201.0,-42.625,173.075,17.508944409390097,16.302944409390097
5216,5149,219.0,-42.775,172.975,17.766360111971153,16.452360111971153
5217,5208,616.0,-42.775,173.025,17.620487349064206,13.924487349064206
5218,5210,451.0,-42.775,173.075,17.470199833944207,14.764199833944208
5219,5260,188.0,-42.725,172.925,18.042246194789186,16.914246194789186
5220,5261,163.0,-42.725,172.975,17.874603643169394,16.896603643169392
5221,5262,143.0,-42.725,173.025,17.696776191311073,16.838776191311073
5222,5263,316.0,-42.725,173.075,17.514616680229665,15.618616680229664
5223,5312,184.0,-42.675,172.925,18.120943350702873,17.016943350702874
5224,5313,185.0,-42.675,172.975,17.932919945858885,16.822919945858885
5225,5314,234.0,-42.675,173.025,17.7328230029525,16.3288230029525
5226,5315,118.0,-42.675,173.075,17.52720260404749,16.81920260404749
5227,5898,171.0,-42.775,172.925,17.903281137201702,16.877281137201702
5228,5101,241.0,-42.675,173.125,17.320263080255245,15.874263080255245
5229,5102,308.0,-42.675,173.175,17.11484717109124,15.266847171091243
5230,5103,231.0,-42.675,173.225,16.91308821835264,15.527088218352642
5231,5148,181.0,-42.625,173.125,17.284684786747675,16.198684786747677
5232,5155,240.0,-42.625,173.175,17.0616885151685,15.621688515168499
5233,5156,246.0,-42.625,173.225,16.842448164272355,15.366448164272356
5234,5212,227.0,-42.775,173.125,17.318101946555544,15.956101946555544
5235,5216,189.0,-42.775,173.175,17.165944080232293,16.031944080232293
5236,5217,70.0,-42.775,173.225,17.01514929177938,16.59514929177938
5237,5264,245.0,-42.725,173.125,17.33149316860363,15.861493168603628
5238,5265,111.0,-42.725,173.175,17.149622511438793,16.483622511438792
5239,5266,51.0,-42.725,173.225,16.970713444650755,16.664713444650754
5240,5104,114.0,-42.675,173.275,16.71682128495013,16.032821284950128
5241,5105,101.0,-42.675,173.325,16.527855720371008,15.921855720371008
5242,5106,284.0,-42.675,173.375,16.348168055301358,14.644168055301357
5243,5107,54.0,-42.675,173.425,16.18004375655437,15.856043756554369
5244,5157,156.0,-42.625,173.275,16.629062563719344,15.693062563719344
5245,5158,129.0,-42.625,173.325,16.42351485248946,15.64951485248946
5246,5159,207.0,-42.625,173.375,16.227894760966592,14.985894760966593
5247,5160,258.0,-42.625,173.425,16.04458728913596,14.496587289135961
5248,5218,43.0,-42.775,173.275,16.86710674893402,16.60910674893402
5249,5219,218.0,-42.775,173.325,16.723345290942234,15.415345290942234
5250,5220,5.0,-42.775,173.375,16.585633837923524,16.555633837923523
5251,5267,37.0,-42.725,173.275,16.796326509851497,16.574326509851495
5252,5268,92.0,-42.725,173.325,16.628096043597907,16.076096043597907
5253,5269,338.0,-42.725,173.375,16.46787365981436,14.439873659814358
5254,5161,22.0,-42.575,171.125,12.403883049453725,12.271883049453725
5255,5162,115.0,-42.575,171.175,12.51583433666383,11.82583433666383
5256,5163,155.0,-42.575,171.225,12.678287709408323,11.748287709408324
5257,5164,238.0,-42.575,171.275,12.893118532083463,11.465118532083462
5258,5330,21.0,-42.525,171.175,12.454339439718751,12.328339439718752
5259,5337,142.0,-42.525,171.225,12.637507367122453,11.785507367122452
5260,5447,213.0,-42.525,171.275,12.882127780467272,11.604127780467271
5261,5733,155.0,-42.475,171.225,12.657730930586695,11.727730930586695
5262,5734,40.0,-42.475,171.275,12.931454892313923,12.691454892313923
5263,5165,301.0,-42.575,171.325,13.150594040460419,11.34459404046042
5264,5166,283.0,-42.575,171.375,13.440902652175282,11.742902652175282
5265,5167,164.0,-42.575,171.425,13.758111222428852,12.774111222428852
5266,5168,108.0,-42.575,171.475,14.099283428193303,13.451283428193303
5267,5449,161.0,-42.525,171.325,13.165942894658656,12.199942894658657
5268,5451,144.0,-42.525,171.375,13.474935622580233,12.610935622580232
5269,5454,147.0,-42.525,171.425,13.802428699826123,12.920428699826124
5270,5457,167.0,-42.525,171.475,14.145578491821652,13.143578491821652
5271,5735,162.0,-42.475,171.325,13.23490196239436,12.262901962394361
5272,5736,32.0,-42.475,171.375,13.554510369503987,13.362510369503987
5273,5737,155.0,-42.475,171.425,13.884278427518439,12.954278427518439
5274,5738,158.0,-42.475,171.475,14.222061093707453,13.274061093707452
5275,5169,143.0,-42.575,171.525,14.462673706162605,13.604673706162604
5276,5170,219.0,-42.575,171.575,14.846060100899194,13.532060100899194
5277,5171,429.0,-42.575,171.625,15.245608340308536,12.671608340308536
5278,5463,206.0,-42.525,171.525,14.503147582116071,13.26714758211607
5279,5644,220.0,-42.525,171.575,14.873942078193068,13.553942078193067
5280,5668,272.0,-42.525,171.625,15.255797072182759,13.623797072182759
5281,5739,177.0,-42.475,171.525,14.567562689815531,13.505562689815532
5282,5740,281.0,-42.475,171.575,14.92086251307046,13.23486251307046
5283,5741,309.0,-42.475,171.625,15.281407774411491,13.427407774411492
5284,5172,201.0,-42.575,171.675,15.655530959993484,14.449530959993485
5285,5173,202.0,-42.575,171.725,16.068548053866834,14.856548053866835
5286,5174,223.0,-42.575,171.775,16.476846462479443,15.138846462479444
5287,5175,436.0,-42.575,171.825,16.8731035075034,14.257103507503402
5288,5672,316.0,-42.525,171.675,15.64516720751999,13.749167207519989
5289,5676,482.0,-42.525,171.725,16.037289733605576,13.145289733605576
5290,5680,167.0,-42.525,171.775,16.426735542030656,15.424735542030655
5291,5684,331.0,-42.525,171.825,16.808086399716558,14.822086399716557
5292,5742,275.0,-42.475,171.675,15.647523456995259,13.997523456995259
5293,5743,271.0,-42.475,171.725,16.0163992769958,14.3903992769958
5294,5744,140.0,-42.475,171.775,16.384412250990863,15.544412250990863
5295,5745,858.0,-42.475,171.825,16.747597827139543,11.599597827139544
5296,5176,557.0,-42.575,171.875,17.251244986779056,13.909244986779056
5297,5177,543.0,-42.575,171.925,17.606810303623206,14.348810303623207
5298,5178,310.0,-42.575,171.975,17.936957418191014,16.076957418191014
5299,5688,383.0,-42.525,171.875,17.176512669000658,14.878512669000658
5300,5692,770.0,-42.525,171.925,17.528127665136708,12.908127665136707
5301,5696,1177.0,-42.525,171.975,17.860094536692486,10.798094536692487
5302,5746,937.0,-42.475,171.875,17.102101967451745,11.480101967451745
5303,5747,1171.0,-42.475,171.925,17.444505468170973,10.418505468170974
5304,5748,398.0,-42.475,171.975,17.771975804120302,15.383975804120302
5305,5179,1327.0,-42.575,172.025,18.240208911098307,10.278208911098307
5306,5180,888.0,-42.575,172.075,18.51603864633944,13.18803864633944
5307,5181,1181.0,-42.575,172.125,18.76436093026132,11.678360930261318
5308,5182,964.0,-42.575,172.175,18.98493074194994,13.20093074194994
5309,5700,1200.0,-42.525,172.025,18.170521560983616,10.970521560983617
5310,5704,1309.0,-42.525,172.075,18.45819919584028,10.60419919584028
5311,5705,743.0,-42.525,172.125,18.722219914503512,14.264219914503514
5312,5706,1203.0,-42.525,172.175,18.96149088248785,11.743490882487851
5313,5749,440.0,-42.475,172.025,18.08224757850985,15.44224757850985
5314,5750,1061.0,-42.475,172.075,18.373453027306823,12.007453027306823
5315,5751,1087.0,-42.475,172.125,18.643821475096047,12.121821475096048
5316,5752,1005.0,-42.475,172.175,18.891243766469415,12.861243766469414
5317,5183,922.0,-42.575,172.225,19.17659005796304,13.64459005796304
5318,5184,1602.0,-42.575,172.275,19.336151610972593,9.724151610972593
5319,5185,1388.0,-42.575,172.325,19.456327244100976,11.128327244100976
5320,5186,534.0,-42.575,172.375,19.521768065504148,16.317768065504147
5321,5707,723.0,-42.525,172.225,19.174097808412625,14.836097808412624
5322,5708,943.0,-42.525,172.275,19.356369266621186,13.698369266621187
5323,5709,1279.0,-42.525,172.325,19.50113884093298,11.827138840932982
5324,5710,559.0,-42.525,172.375,19.592531906455406,16.238531906455407
5325,5753,1555.0,-42.475,172.225,19.112645232773502,9.782645232773502
5326,5754,1218.0,-42.475,172.275,19.302977283354267,11.994977283354267
5327,5755,1169.0,-42.475,172.325,19.453194593836088,12.439194593836088
5328,5756,770.0,-42.475,172.375,19.54523924458772,14.925239244587718
5329,5187,1016.0,-42.575,172.425,19.515090026485268,13.419090026485268
5330,5188,657.0,-42.575,172.475,19.44965470157331,15.507654701573308
5331,5189,619.0,-42.575,172.525,19.35074954990705,15.63674954990705
5332,5711,996.0,-42.525,172.425,19.58948320223135,13.61348320223135
5333,5712,1471.0,-42.525,172.475,19.520234411713318,10.694234411713317
5334,5713,1351.0,-42.525,172.525,19.416680695911054,11.310680695911055
5335,5757,1656.0,-42.475,172.425,19.555278046871535,9.619278046871537
5336,5758,1263.0,-42.475,172.475,19.497962138499133,11.919962138499134
5337,5759,857.0,-42.475,172.525,19.400086388981435,14.258086388981436
5338,5190,589.0,-42.575,172.575,19.233825330171385,15.699825330171386
5339,5191,371.0,-42.575,172.625,19.107126673392486,16.881126673392487
5340,5192,589.0,-42.575,172.675,18.974078379760613,15.440078379760614
5341,5193,320.0,-42.575,172.725,18.834381127060624,16.914381127060622
5342,5714,699.0,-42.525,172.575,19.292400317106512,15.098400317106513
5343,5715,1189.0,-42.525,172.625,19.154757494819933,12.020757494819932
5344,5716,719.0,-42.525,172.675,19.0071544493112,14.693154449311201
5345,5717,492.0,-42.525,172.725,18.85007387130463,15.89807387130463
5346,5760,520.0,-42.475,172.575,19.27629797635018,16.156297976350178
5347,5761,985.0,-42.475,172.625,19.1345989160327,13.2245989160327
5348,5762,1414.0,-42.475,172.675,18.979138286667876,10.495138286667876
5349,5763,1655.0,-42.475,172.725,18.81149394775275,8.881493947752752
5350,5194,296.0,-42.575,172.775,18.684922533400822,16.908922533400823
5351,5195,382.0,-42.575,172.825,18.521211188213783,16.22921118821378
5352,5196,464.0,-42.575,172.875,18.339615659671836,15.555615659671837
5353,5718,337.0,-42.525,172.775,18.681998078376637,16.65999807837664
5354,5719,358.0,-42.525,172.825,18.50058170169359,16.35258170169359
5355,5720,396.0,-42.525,172.875,18.30406278774899,15.92806278774899
5356,5764,1205.0,-42.475,172.775,18.631621018386795,11.401621018386795
5357,5765,859.0,-42.475,172.825,18.438806095247855,13.284806095247855
5358,5766,900.0,-42.475,172.875,18.232616608962417,12.832616608962418
5359,5197,833.0,-42.575,172.925,18.1395025991078,13.141502599107799
5360,5198,487.0,-42.575,172.975,17.923585993004963,15.001585993004962
5361,5199,296.0,-42.575,173.025,17.69643198014819,15.92043198014819
5362,5200,290.0,-42.575,173.075,17.46279314145795,15.72279314145795
5363,5721,773.0,-42.525,172.925,18.0924151284853,13.4544151284853
5364,5722,615.0,-42.525,172.975,17.867617059710028,14.177617059710029
5365,5723,596.0,-42.525,173.025,17.6330191811212,14.057019181121198
5366,5724,427.0,-42.525,173.075,17.392430153173336,14.830430153173337
5367,5767,1309.0,-42.475,172.925,18.01361009306129,10.15961009306129
5368,5768,970.0,-42.475,172.975,17.78355552534049,11.963555525340489
5369,5769,757.0,-42.475,173.025,17.545165434872615,13.003165434872615
5370,5770,1185.0,-42.475,173.075,17.301597915691673,10.191597915691673
5371,5201,390.0,-42.575,173.125,17.226773290749406,14.886773290749407
5372,5202,356.0,-42.575,173.175,16.991681042949494,14.855681042949495
5373,5203,328.0,-42.575,173.225,16.760185601255216,14.792185601255216
5374,5725,367.0,-42.525,173.125,17.14946416307066,14.947464163070661
5375,5726,575.0,-42.525,173.175,16.907268392002152,13.457268392002153
5376,5727,638.0,-42.525,173.225,16.66851278868853,12.840512788688532
5377,5771,885.0,-42.475,173.125,17.056012044631643,11.746012044631644
5378,5772,617.0,-42.475,173.175,16.811308618103794,13.109308618103794
5379,5773,745.0,-42.475,173.225,16.570050509471912,12.100050509471913
5380,5151,170.0,-42.575,173.425,15.914235010626726,14.894235010626726
5381,5204,342.0,-42.575,173.275,16.53455197634321,14.48255197634321
5382,5205,139.0,-42.575,173.325,16.31687553931988,15.482875539319881
5383,5206,397.0,-42.575,173.375,16.109301036463876,13.727301036463876
5384,5728,387.0,-42.525,173.275,16.435509337148687,14.113509337148688
5385,5729,284.0,-42.525,173.325,16.21038250660058,14.50638250660058
5386,5730,370.0,-42.525,173.375,15.995259430150327,13.775259430150326
5387,5731,500.0,-42.525,173.425,15.792477159797272,12.792477159797272
5388,5774,329.0,-42.475,173.275,16.334505741710018,14.360505741710018
5389,5775,267.0,-42.475,173.325,16.106761297189223,14.504761297189223
5390,5776,295.0,-42.475,173.375,15.888877024808608,14.118877024808608
5391,5777,525.0,-42.475,173.425,15.683069800237718,12.533069800237717
5392,5277,115.0,-42.575,173.475,15.734567909981706,15.044567909981707
5393,5732,52.0,-42.525,173.475,15.604824269925302,15.292824269925303
5394,5778,700.0,-42.475,173.475,15.491938123122964,11.291938123122964
5395,5779,88.0,-42.475,173.525,15.318766641546972,14.790766641546972
5396,5498,234.0,-42.375,171.275,13.238850981695578,11.834850981695578
5397,5780,279.0,-42.425,171.225,12.772717787724105,11.098717787724105
5398,5781,67.0,-42.425,171.275,13.054040426111897,12.652040426111897
5399,5214,121.0,-42.425,171.425,14.001524859384517,13.275524859384518
5400,5318,95.0,-42.425,171.475,14.32515618999605,13.75515618999605
5401,5378,654.0,-42.275,171.325,13.967781890416518,10.043781890416518
5402,5379,1140.0,-42.275,171.375,14.230718495760811,7.390718495760812
5403,5380,944.0,-42.275,171.425,14.47591924619337,8.811919246193371
5404,5381,280.0,-42.275,171.475,14.70844351881533,13.02844351881533
5405,5499,560.0,-42.375,171.325,13.538418613054091,10.178418613054092
5406,5500,267.0,-42.375,171.375,13.843796993271098,12.241796993271098
5407,5501,74.0,-42.375,171.425,14.147462780412752,13.703462780412751
5408,5502,59.0,-42.375,171.475,14.448044678094448,14.094044678094448
5409,5547,343.0,-42.325,171.325,13.747326171200257,11.689326171200257
5410,5548,875.0,-42.325,171.375,14.033194972478668,8.783194972478668
5411,5549,576.0,-42.325,171.425,14.310660418253974,10.854660418253975
5412,5550,115.0,-42.325,171.475,14.580350806703791,13.890350806703792
5413,5782,286.0,-42.425,171.325,13.36167748569278,11.645677485692781
5414,5783,20.0,-42.425,171.375,13.679753428237746,13.559753428237746
5415,5320,125.0,-42.425,171.525,14.65131534334796,13.90131534334796
5416,5321,154.0,-42.425,171.575,14.981395260270801,14.057395260270802
5417,5325,287.0,-42.425,171.625,15.316317920558504,13.594317920558504
5418,5382,103.0,-42.275,171.525,14.936066538866726,14.318066538866725
5419,5383,165.0,-42.275,171.575,15.165536881395383,14.175536881395383
5420,5384,107.0,-42.275,171.625,15.40139955743507,14.75939955743507
5421,5503,126.0,-42.375,171.525,14.747448602705845,13.991448602705844
5422,5504,80.0,-42.375,171.575,15.048503802230698,14.568503802230698
5423,5505,142.0,-42.375,171.625,15.353480622332427,14.501480622332426
5424,5551,70.0,-42.325,171.525,14.846378696674947,14.426378696674947
5425,5552,79.0,-42.325,171.575,15.113360310599091,14.639360310599091
5426,5553,197.0,-42.325,171.625,15.384813222291996,14.202813222291995
5427,5153,180.0,-42.325,171.675,15.662621476265485,14.582621476265485
5428,5278,136.0,-42.325,171.725,15.947062564475345,15.131062564475345
5429,5324,251.0,-42.325,171.775,16.237077067504288,14.731077067504287
5430,5328,469.0,-42.325,171.825,16.530615321637015,13.716615321637015
5431,5329,293.0,-42.425,171.675,15.655930129491026,13.897930129491026
5432,5336,110.0,-42.425,171.725,15.998888984773657,15.338888984773657
5433,5385,105.0,-42.275,171.675,15.645991423822124,15.015991423822124
5434,5386,181.0,-42.275,171.725,15.899779269166174,14.813779269166174
5435,5387,342.0,-42.275,171.775,16.161763970274478,14.109763970274479
5436,5388,400.0,-42.275,171.825,16.429869491708814,14.029869491708814
5437,5437,281.0,-42.425,171.775,16.342871182539966,14.656871182539966
5438,5442,510.0,-42.425,171.825,16.684935716708424,13.624935716708425
5439,5506,215.0,-42.375,171.675,15.663414282680606,14.373414282680606
5440,5507,221.0,-42.375,171.725,15.977984490338713,14.651984490338712
5441,5508,261.0,-42.375,171.775,16.29570861379034,14.72970861379034
5442,5509,248.0,-42.375,171.825,16.614269533805782,15.126269533805782
5443,5334,365.0,-42.325,171.875,16.824971992711653,14.634971992711653
5444,5341,479.0,-42.325,171.925,17.117056363567826,14.243056363567826
5445,5342,479.0,-42.325,171.975,17.403568191220984,14.529568191220983
5446,5389,695.0,-42.275,171.875,16.70128276568721,12.53128276568721
5447,5390,714.0,-42.275,171.925,16.97272153465019,12.688721534650192
5448,5391,382.0,-42.275,171.975,17.240614454975002,14.948614454975003
5449,5458,1202.0,-42.425,171.875,17.021900398482103,9.809900398482103
5450,5464,514.0,-42.425,171.925,17.35063851113955,14.26663851113955
5451,5465,299.0,-42.425,171.975,17.668247012479696,15.874247012479696
5452,5510,686.0,-42.375,171.875,16.930857183091575,12.814857183091576
5453,5511,849.0,-42.375,171.925,17.242447248048848,12.148447248048846
5454,5512,760.0,-42.375,171.975,17.545974313426996,12.985974313426997
5455,5343,853.0,-42.325,172.025,17.681064653821522,12.563064653821524
5456,5344,1054.0,-42.325,172.075,17.9459151612391,11.621915161239102
5457,5345,675.0,-42.325,172.125,18.194149747418123,14.144149747418123
5458,5346,421.0,-42.325,172.175,18.421220183881815,15.895220183881815
5459,5392,1298.0,-42.275,172.025,17.501186433204566,9.713186433204566
5460,5393,1239.0,-42.275,172.075,17.750451930303825,10.316451930303824
5461,5394,1034.0,-42.275,172.125,17.98413111291302,11.780131112913018
5462,5395,571.0,-42.275,172.175,18.197523886570707,14.771523886570707
5463,5466,920.0,-42.425,172.025,17.9720712191629,12.4520712191629
5464,5467,637.0,-42.425,172.075,18.259588051383616,14.437588051383617
5465,5468,1036.0,-42.425,172.125,18.528149966252386,12.312149966252386
5466,5469,710.0,-42.425,172.175,18.77457400718413,14.514574007184128
5467,5513,839.0,-42.375,172.025,17.838380666769808,12.80438066676981
5468,5514,1013.0,-42.375,172.075,18.116535554625443,12.038535554625444
5469,5515,487.0,-42.375,172.125,18.37702343662386,15.455023436623858
5470,5516,499.0,-42.375,172.175,18.61579707628698,15.621797076286981
5471,5347,641.0,-42.325,172.225,18.62172918446595,14.775729184465948
5472,5348,709.0,-42.325,172.275,18.789282610086957,14.535282610086957
5473,5349,700.0,-42.325,172.325,18.91682879658765,14.716828796587652
5474,5350,970.0,-42.325,172.375,18.998030863367603,13.178030863367603
5475,5396,435.0,-42.275,172.225,18.385415641067084,15.775415641067084
5476,5397,946.0,-42.275,172.275,18.54215501208091,12.866155012080911
5477,5398,1051.0,-42.275,172.325,18.66211249490152,12.35611249490152
5478,5399,1193.0,-42.275,172.375,18.7406690283824,11.5826690283824
5479,5470,1436.0,-42.425,172.225,18.99451993891853,10.37851993891853
5480,5471,1129.0,-42.425,172.275,19.181535937997978,12.407535937997979
5481,5472,1387.0,-42.425,172.325,19.325694880477386,11.003694880477386
5482,5473,1202.0,-42.425,172.375,19.413178567396244,12.201178567396244
5483,5517,849.0,-42.375,172.225,18.827695398926153,13.733695398926152
5484,5518,519.0,-42.375,172.275,19.005892054308788,15.891892054308787
5485,5519,693.0,-42.375,172.325,19.14166346330603,14.983663463306032
5486,5520,945.0,-42.375,172.375,19.225762259608018,13.55576225960802
5487,5351,1015.0,-42.325,172.425,19.02966145440587,12.939661454405869
5488,5352,1273.0,-42.325,172.475,19.01333492511185,11.375334925111849
5489,5353,1256.0,-42.325,172.525,18.95466933172429,11.41866933172429
5490,5400,1165.0,-42.275,172.425,18.775494868437818,11.785494868437818
5491,5401,1876.0,-42.275,172.475,18.76733547214826,7.511335472148261
5492,5402,1171.0,-42.275,172.525,18.71964163269149,11.693641632691492
5493,5474,1433.0,-42.425,172.425,19.433665568431024,10.835665568431025
5494,5475,1085.0,-42.425,172.475,19.39335783632123,12.88335783632123
5495,5476,1566.0,-42.425,172.525,19.308280748533434,9.912280748533435
5496,5521,1590.0,-42.375,172.425,19.252920082391938,9.712920082391939
5497,5522,1390.0,-42.375,172.475,19.226232640226954,10.886232640226954
5498,5523,1307.0,-42.375,172.525,19.155022324295714,11.313022324295716
5499,5354,1092.0,-42.325,172.575,18.86076278904511,12.308762789045112
5500,5355,1148.0,-42.325,172.625,18.73819264840131,11.85019264840131
5501,5356,1210.0,-42.325,172.675,18.592235388292465,11.332235388292466
5502,5357,1738.0,-42.325,172.725,18.426870257171686,7.998870257171687
5503,5403,1191.0,-42.275,172.575,18.63733578861138,11.49133578861138
5504,5404,779.0,-42.275,172.625,18.52558013626549,13.85158013626549
5505,5405,1688.0,-42.275,172.675,18.389057632695767,8.261057632695769
5506,5406,1379.0,-42.275,172.725,18.231754537009692,9.957754537009693
5507,5477,1249.0,-42.425,172.575,19.19180057864287,11.69780057864287
5508,5478,881.0,-42.425,172.625,19.052553797526343,13.766553797526342
5509,5479,765.0,-42.425,172.675,18.895657044937252,14.305657044937252
5510,5480,1103.0,-42.425,172.725,18.723851528622617,12.105851528622619
5511,5524,1423.0,-42.375,172.575,19.049343564198352,10.511343564198352
5512,5525,969.0,-42.375,172.625,18.917145199149672,13.103145199149672
5513,5526,1521.0,-42.375,172.675,18.76394397306285,9.637943973062852
5514,5527,1097.0,-42.375,172.725,18.593332013246254,12.011332013246253
5515,5358,940.0,-42.325,172.775,18.245100132633524,12.605100132633524
5516,5359,1469.0,-42.325,172.825,18.049347079286235,9.235347079286235
5517,5360,1316.0,-42.325,172.875,17.841808498043974,9.945808498043974
5518,5407,996.0,-42.275,172.775,18.057041218853556,12.081041218853557
5519,5408,1368.0,-42.275,172.825,17.867873840332322,9.659873840332322
5520,5409,1375.0,-42.275,172.875,17.667004770490166,9.417004770490166
5521,5481,1050.0,-42.425,172.775,18.538409018248785,12.238409018248785
5522,5482,1172.0,-42.425,172.825,18.339929533889517,11.307929533889517
5523,5483,1544.0,-42.425,172.875,18.129035684949486,8.865035684949486
5524,5528,1114.0,-42.375,172.775,18.407621698235744,11.723621698235743
5525,5529,959.0,-42.375,172.825,18.208457239481504,12.454457239481505
5526,5530,1092.0,-42.375,172.875,17.997330746467924,11.445330746467924
5527,5361,1380.0,-42.325,172.925,17.624711360309448,9.344711360309448
5528,5362,793.0,-42.325,172.975,17.40043481732573,12.642434817325732
5529,5363,1153.0,-42.325,173.025,17.171507580620528,10.253507580620528
5530,5364,1057.0,-42.325,173.075,16.940519167234015,10.598519167234016
5531,5410,1144.0,-42.275,172.925,17.457138016849058,10.593138016849057
5532,5411,980.0,-42.275,172.975,17.24100087078841,11.361000870788413
5533,5412,988.0,-42.275,173.025,17.0213325022778,11.0933325022778
5534,5413,877.0,-42.275,173.075,16.80081377832539,11.538813778325391
5535,5484,812.0,-42.425,172.925,17.906864187105384,13.034864187105384
5536,5485,1461.0,-42.425,172.975,17.675256687318324,8.909256687318324
5537,5486,1230.0,-42.425,173.025,17.436658081263886,10.056658081263887
5538,5487,1070.0,-42.425,173.075,17.193845761445118,10.77384576144512
5539,5531,929.0,-42.375,172.925,17.775942415653844,12.201942415653846
5540,5532,1078.0,-42.375,172.975,17.546362037413928,11.078362037413928
5541,5533,1169.0,-42.375,173.025,17.311002227303106,10.297002227303107
5542,5534,842.0,-42.375,173.075,17.07246992815635,12.020469928156352
5543,5365,947.0,-42.325,173.125,16.709999718368636,11.027999718368635
5544,5366,1378.0,-42.325,173.175,16.482318062480772,8.214318062480773
5545,5367,994.0,-42.325,173.225,16.259630234431825,10.295630234431826
5546,5414,1144.0,-42.275,173.125,16.58197544761788,9.717975447617878
5547,5415,1220.0,-42.275,173.175,16.36712223954237,9.047122239542368
5548,5416,2088.0,-42.275,173.225,16.158301546201983,3.6303015462019843
5549,5488,1334.0,-42.425,173.125,16.949642781291914,8.945642781291914
5550,5489,960.0,-42.425,173.175,16.706714624073356,10.946714624073357
5551,5490,871.0,-42.425,173.225,16.467478575956193,11.241478575956194
5552,5535,796.0,-42.375,173.125,16.833384254518023,12.057384254518023
5553,5536,696.0,-42.375,173.175,16.596230596493115,12.420230596493115
5554,5537,1314.0,-42.375,173.225,16.363285788749636,8.479285788749635
5555,5368,740.0,-42.325,173.275,16.043891907975194,11.603891907975193
5556,5369,992.0,-42.325,173.325,15.836934972503514,9.884934972503514
5557,5370,1090.0,-42.325,173.375,15.640602707157086,9.100602707157087
5558,5371,1262.0,-42.325,173.425,15.456939583076746,7.884939583076747
5559,5417,651.0,-42.275,173.275,15.957332713187498,12.051332713187499
5560,5418,679.0,-42.275,173.325,15.76590133398713,11.691901333987131
5561,5419,1194.0,-42.275,173.375,15.58571507288434,8.421715072884341
5562,5420,635.0,-42.275,173.425,15.418714523839299,11.6087145238393
5563,5491,489.0,-42.425,173.275,16.234111426922027,13.300111426922028
5564,5492,468.0,-42.425,173.325,16.008628693532955,13.200628693532956
5565,5493,425.0,-42.425,173.375,15.793013088907173,13.243013088907173
5566,5494,316.0,-42.425,173.425,15.589380879602686,13.693380879602685
5567,5538,904.0,-42.375,173.275,16.136619867414993,10.712619867414993
5568,5539,814.0,-42.375,173.325,15.918164834700292,11.034164834700292
5569,5540,792.0,-42.375,173.375,15.709837818496453,10.957837818496454
5570,5541,303.0,-42.375,173.425,15.513711044128286,13.695711044128286
5571,5372,1202.0,-42.325,173.475,15.288441579396022,8.076441579396022
5572,5373,759.0,-42.325,173.525,15.138394839625107,10.584394839625109
5573,5374,619.0,-42.325,173.575,15.011368414961908,11.297368414961907
5574,5375,863.0,-42.325,173.625,14.913930211281695,9.735930211281694
5575,5421,1240.0,-42.275,173.475,15.267333903408144,7.827333903408144
5576,5422,1430.0,-42.275,173.525,15.134806605543417,6.554806605543417
5577,5423,1215.0,-42.275,173.575,15.025484144578513,7.735484144578513
5578,5424,886.0,-42.275,173.625,14.9449874311249,9.628987431124902
5579,5495,525.0,-42.425,173.475,15.40018919474096,12.25018919474096
5580,5496,170.0,-42.425,173.525,15.228510342916707,14.208510342916707
5581,5497,21.0,-42.425,173.575,15.078450893954141,14.952450893954142
5582,5542,223.0,-42.375,173.475,15.332233413333597,13.994233413333598
5583,5543,136.0,-42.375,173.525,15.168534717915463,14.352534717915463
5584,5544,121.0,-42.375,173.575,15.026909965177765,14.300909965177766
5585,5545,61.0,-42.375,173.625,14.913793648993305,14.547793648993306
5586,5376,124.0,-42.325,173.675,14.855075782259519,14.111075782259519
5587,5377,20.0,-42.325,173.725,14.842901581265323,14.722901581265324
5588,5425,255.0,-42.275,173.675,14.899536574252124,13.369536574252125
5589,5426,428.0,-42.275,173.725,14.893418210012896,12.325418210012897
5590,5427,107.0,-42.275,173.775,14.925769824061717,14.283769824061718
5591,5546,10.0,-42.375,173.675,14.840241691708798,14.780241691708797
5592,5428,17.0,-42.225,171.325,14.179108345299028,14.077108345299028
5593,5429,570.0,-42.225,171.375,14.416989831079263,10.996989831079263
5594,5430,654.0,-42.225,171.425,14.62488688142912,10.70088688142912
5595,5431,726.0,-42.225,171.475,14.815864047443029,10.459864047443029
5596,5835,10.0,-42.175,171.325,14.358908790585701,14.2989087905857
5597,5837,327.0,-42.175,171.375,14.569177877012407,12.607177877012408
5598,5839,384.0,-42.175,171.425,14.735400029516313,12.431400029516313
5599,5841,631.0,-42.175,171.475,14.88391950444202,11.09791950444202
5600,5997,54.0,-42.125,171.375,14.654481647303328,14.330481647303328
5601,5998,197.0,-42.125,171.425,14.781147901609074,13.599147901609074
5602,5999,471.0,-42.125,171.475,14.894073675954132,12.068073675954132
5603,5150,375.0,-42.125,171.575,15.134562672305037,12.884562672305037
5604,5276,957.0,-42.125,171.625,15.275430905690882,9.533430905690881
5605,5432,295.0,-42.225,171.525,15.002568751340732,13.232568751340732
5606,5433,204.0,-42.225,171.575,15.193616713528172,13.969616713528172
5607,5434,222.0,-42.225,171.625,15.3940487888176,14.062048788817599
5608,5843,496.0,-42.175,171.525,15.031203634411213,12.055203634411214
5609,5845,830.0,-42.175,171.575,15.18636218982283,10.20636218982283
5610,5847,452.0,-42.175,171.625,15.354245683978661,12.642245683978661
5611,6000,1046.0,-42.125,171.525,15.008993469949928,8.732993469949928
5612,5154,294.0,-42.225,171.725,15.830389859809657,14.066389859809657
5613,5275,182.0,-42.225,171.775,16.065396497098845,14.973396497098845
5614,5316,402.0,-42.225,171.825,16.30891515010444,13.89691515010444
5615,5331,538.0,-42.125,171.675,15.43343227232981,12.20543227232981
5616,5338,250.0,-42.125,171.725,15.608275283535477,14.108275283535477
5617,5435,169.0,-42.225,171.675,15.60620390958502,14.59220390958502
5618,5436,234.0,-42.125,171.775,15.798086612121551,14.394086612121551
5619,5441,278.0,-42.125,171.825,15.999887771933572,14.331887771933573
5620,5849,212.0,-42.175,171.675,15.536878456230625,14.264878456230624
5621,5851,182.0,-42.175,171.725,15.734229808542295,14.642229808542295
5622,5853,258.0,-42.175,171.775,15.94474775591516,14.39674775591516
5623,5855,383.0,-42.175,171.825,16.165790978135192,13.867790978135192
5624,5317,695.0,-42.225,171.875,16.55788443228812,12.38788443228812
5625,5335,619.0,-42.225,171.925,16.808760061539942,13.094760061539942
5626,5440,857.0,-42.225,171.975,17.057702585851075,11.915702585851076
5627,5446,370.0,-42.125,171.875,16.20999797336117,13.989997973361168
5628,5452,384.0,-42.125,171.925,16.424346839703503,14.120346839703503
5629,5455,510.0,-42.125,171.975,16.638696063280804,13.578696063280805
5630,5857,568.0,-42.175,171.875,16.393987119823578,12.985987119823578
5631,5859,324.0,-42.175,171.925,16.625514344967087,14.681514344967088
5632,5861,732.0,-42.175,171.975,16.856302479849546,12.464302479849547
5633,5444,895.0,-42.225,172.025,17.300682461063843,11.930682461063844
5634,5460,979.0,-42.225,172.075,17.533510958513943,11.659510958513945
5635,5461,582.0,-42.125,172.025,16.848783823952544,13.356783823952544
5636,5554,870.0,-42.125,172.075,17.050412988479366,11.830412988479367
5637,5555,863.0,-42.125,172.125,17.239505554935022,12.061505554935021
5638,5556,745.0,-42.125,172.175,17.412144533300307,12.942144533300308
5639,5643,1395.0,-42.225,172.125,17.751817160780774,9.381817160780775
5640,5660,791.0,-42.225,172.175,17.951008692587493,13.205008692587494
5641,5863,845.0,-42.175,172.025,17.082158479373902,12.012158479373902
5642,5865,1295.0,-42.175,172.075,17.29882978828391,9.528829788283911
5643,5867,1121.0,-42.175,172.125,17.502027359092608,10.776027359092609
5644,5869,1016.0,-42.175,172.175,17.68743947437906,11.591439474379062
5645,5557,321.0,-42.125,172.225,17.564622499543475,15.638622499543475
5646,5558,538.0,-42.125,172.275,17.693514891914674,14.465514891914674
5647,5559,707.0,-42.125,172.325,17.795795677891874,13.553795677891873
5648,5561,553.0,-42.125,172.375,17.869006279404857,14.551006279404858
5649,5663,399.0,-42.225,172.225,18.126279962976696,15.732279962976696
5650,5666,587.0,-42.225,172.275,18.272761380620068,14.750761380620068
5651,5670,889.0,-42.225,172.325,18.385906421171967,13.051906421171967
5652,5674,800.0,-42.225,172.375,18.462130040526972,13.662130040526971
5653,5871,375.0,-42.175,172.225,17.8507790052754,15.600779005275399
5654,5873,460.0,-42.175,172.275,17.987915489895386,15.227915489895386
5655,5875,989.0,-42.175,172.325,18.095133623632137,12.161133623632136
5656,5877,612.0,-42.175,172.375,18.169509001898405,14.497509001898404
5657,5562,1455.0,-42.125,172.425,17.911461485506152,9.181461485506151
5658,5564,1140.0,-42.125,172.475,17.922431577309908,11.082431577309908
5659,5566,636.0,-42.125,172.525,17.902220417076023,14.086220417076024
5660,5678,1597.0,-42.225,172.425,18.49951272751059,8.91751272751059
5661,5682,997.0,-42.225,172.475,18.498206235184625,12.516206235184626
5662,5686,1559.0,-42.225,172.525,18.460276218414947,9.106276218414948
5663,5879,1829.0,-42.175,172.425,18.209301523660542,7.235301523660544
5664,5881,1605.0,-42.175,172.475,18.214199194939283,8.584199194939282
5665,5968,734.0,-42.175,172.525,18.185287630694802,13.781287630694802
5666,5568,2017.0,-42.125,172.575,17.852101743410458,5.7501017434104575
5667,5570,1551.0,-42.125,172.625,17.77414941843017,8.46814941843017
5668,5572,1269.0,-42.125,172.675,17.671037396634347,10.057037396634348
5669,5574,1851.0,-42.125,172.725,17.545871230046032,6.439871230046032
5670,5690,1878.0,-42.225,172.575,18.389083748537814,7.121083748537814
5671,5694,1307.0,-42.225,172.625,18.28856508447643,10.446565084476433
5672,5698,1194.0,-42.225,172.675,18.162701796543843,10.998701796543843
5673,5702,1189.0,-42.225,172.725,18.015261281958374,10.881261281958373
5674,5969,991.0,-42.175,172.575,18.12476635395433,12.178766353954328
5675,5970,1456.0,-42.175,172.625,18.035557044655434,9.299557044655433
5676,5971,1340.0,-42.175,172.675,17.920956906142237,9.880956906142238
5677,5972,1567.0,-42.175,172.725,17.784414201400068,8.382414201400069
5678,5576,1874.0,-42.125,172.775,17.40207289635873,6.158072896358734
5679,5578,1738.0,-42.125,172.825,17.243306353819207,6.815306353819208
5680,5580,1304.0,-42.125,172.875,17.073414852347923,9.249414852347925
5681,5784,1527.0,-42.225,172.775,17.849746302083076,8.687746302083077
5682,5786,1640.0,-42.225,172.825,17.669455698589445,7.829455698589447
5683,5788,1434.0,-42.225,172.875,17.477574055374134,8.873574055374135
5684,5973,1456.0,-42.175,172.775,17.629424087994266,8.893424087994266
5685,5974,1440.0,-42.175,172.825,17.459501516750606,8.819501516750606
5686,5975,1339.0,-42.175,172.875,17.278180361412524,9.244180361412523
5687,5582,1045.0,-42.125,172.925,16.896340951687307,10.626340951687308
5688,5584,1040.0,-42.125,172.975,16.71601087338786,10.476010873387859
5689,5585,946.0,-42.125,173.025,16.53618116605503,10.86018116605503
5690,5586,1008.0,-42.125,173.075,16.36026330673485,10.31226330673485
5691,5790,1284.0,-42.225,172.925,17.277236011548666,9.573236011548666
5692,5792,1825.0,-42.225,172.975,17.071538209049322,6.121538209049323
5693,5794,1133.0,-42.225,173.025,16.863496124686208,10.065496124686208
5694,5796,822.0,-42.225,173.075,16.655962474636908,11.723962474636908
5695,5976,1066.0,-42.175,172.925,17.088998433995584,10.692998433995584
5696,5977,1054.0,-42.175,172.975,16.895445771508093,10.571445771508095
5697,5978,1353.0,-42.175,173.025,16.700872997193073,8.582872997193075
5698,5979,1013.0,-42.175,173.075,16.508374039396585,10.430374039396586
5699,5587,968.0,-42.125,173.125,16.191156472174043,10.383156472174043
5700,5588,1108.0,-42.125,173.175,16.03112626577058,9.383126265770581
5701,5589,928.0,-42.125,173.225,15.881764867110178,10.313764867110178
5702,5798,1309.0,-42.225,173.125,16.451535878513823,8.597535878513824
5703,5800,1124.0,-42.225,173.175,16.252491568084224,9.508491568084224
5704,5802,1197.0,-42.225,173.225,16.06076105433749,8.87876105433749
5705,5980,1384.0,-42.175,173.125,16.320669906919647,8.016669906919647
5706,5981,1214.0,-42.175,173.175,16.140025231485197,8.856025231485198
5707,5982,1242.0,-42.175,173.225,15.96822613599943,8.51622613599943
5708,5590,1074.0,-42.125,173.275,15.74405545204354,9.30005545204354
5709,5591,1228.0,-42.125,173.325,15.618543266667984,8.250543266667986
5710,5592,1497.0,-42.125,173.375,15.505592060115305,6.5235920601153055
5711,5593,1800.0,-42.125,173.425,15.405682570810313,4.605682570810314
5712,5804,1243.0,-42.225,173.275,15.877977563359309,8.41997756335931
5713,5806,1199.0,-42.225,173.325,15.705592008591339,8.51159200859134
5714,5809,515.0,-42.225,173.375,15.545053027053655,12.455053027053655
5715,5812,707.0,-42.225,173.425,15.398035413403704,11.156035413403703
5716,5983,1539.0,-42.175,173.275,15.806637700166903,6.5726377001669025
5717,5984,1160.0,-42.175,173.325,15.656344440460089,8.696344440460088
5718,5985,872.0,-42.175,173.375,15.518360893336649,10.28636089333665
5719,5986,1151.0,-42.175,173.425,15.39388384650374,8.487883846503742
5720,5594,1759.0,-42.125,173.475,15.319692303761258,4.7656923037612575
5721,5595,780.0,-42.125,173.525,15.249083111833897,10.569083111833898
5722,5596,657.0,-42.125,173.575,15.195916170334385,11.253916170334385
5723,5597,542.0,-42.125,173.625,15.162624142823915,11.910624142823917
5724,5815,715.0,-42.225,173.475,15.266692380100721,10.976692380100722
5725,5818,909.0,-42.225,173.525,15.153890000423416,9.699890000423416
5726,5821,1220.0,-42.225,173.575,15.063335293561977,7.7433352935619775
5727,5825,2202.0,-42.225,173.625,14.9994012547686,1.7874012547686
5728,5987,562.0,-42.175,173.475,15.284542560388218,11.912542560388218
5729,5988,769.0,-42.175,173.525,15.19258386061847,10.578583860618469
5730,5989,673.0,-42.175,173.575,15.120898653571203,11.082898653571203
5731,5990,1017.0,-42.175,173.625,15.072762490926834,8.970762490926834
5732,5598,850.0,-42.125,173.675,15.15152699239843,10.051526992398431
5733,5599,1287.0,-42.125,173.725,15.16420294099953,7.442202940999531
5734,5600,1014.0,-42.125,173.775,15.200957620560075,9.116957620560076
5735,5827,1394.0,-42.225,173.675,14.966326744062826,6.602326744062827
5736,5829,635.0,-42.225,173.725,14.966684303304646,11.156684303304647
5737,5831,684.0,-42.225,173.775,14.999959031170874,10.895959031170875
5738,5991,2140.0,-42.175,173.675,15.051186999873607,2.2111869998736093
5739,5992,1421.0,-42.175,173.725,15.057984008803032,6.5319840088030325
5740,5993,545.0,-42.175,173.775,15.092996682542434,11.822996682542435
5741,5601,530.0,-42.125,173.825,15.260618334454193,12.080618334454194
5742,5602,129.0,-42.125,173.875,15.340676472689665,14.566676472689664
5743,5603,2.0,-42.125,173.925,15.437615097755042,15.425615097755042
5744,5833,428.0,-42.225,173.825,15.062580366087786,12.494580366087787
5745,5994,856.0,-42.175,173.825,15.15400215802947,10.018002158029471
5746,5995,357.0,-42.175,173.875,15.237268969402066,13.095268969402067
5747,5996,3.0,-42.175,173.925,15.338292324573558,15.320292324573558
5748,5001,201.0,-42.025,171.425,14.622155183984432,13.416155183984433
5749,5002,241.0,-42.025,171.475,14.707614695362281,13.261614695362281
5750,5053,183.0,-41.975,171.425,14.445018250175053,13.347018250175053
5751,5054,230.0,-41.975,171.475,14.526264054205967,13.146264054205968
5752,5319,139.0,-41.925,171.425,14.231410435822909,13.39741043582291
5753,5322,87.0,-41.925,171.475,14.307190296181943,13.785190296181943
5754,5604,340.0,-42.075,171.375,14.631478633818915,12.591478633818916
5755,5605,181.0,-42.075,171.425,14.741662188636838,13.655662188636837
5756,5606,201.0,-42.075,171.475,14.834627374802949,13.62862737480295
5757,5003,320.0,-42.025,171.525,14.790551294689067,12.870551294689067
5758,5004,887.0,-42.025,171.575,14.882943248172523,9.560943248172524
5759,5005,866.0,-42.025,171.625,14.99160409878823,9.79560409878823
5760,5055,227.0,-41.975,171.525,14.603658321808325,13.241658321808325
5761,5056,641.0,-41.975,171.575,14.689648516359739,10.843648516359739
5762,5057,858.0,-41.975,171.625,14.792018724649097,9.644018724649097
5763,5326,149.0,-41.925,171.525,14.380243962164968,13.486243962164968
5764,5332,533.0,-41.925,171.575,14.46287140493223,11.26487140493223
5765,5339,1172.0,-41.925,171.625,14.563364965259098,7.5313649652590975
5766,5607,868.0,-42.075,171.525,14.928469384351047,9.720469384351048
5767,5608,840.0,-42.075,171.575,15.033216723692021,9.993216723692022
5768,5609,707.0,-42.075,171.625,15.154302779163118,10.912302779163117
5769,5006,966.0,-42.025,171.675,15.119345872328267,9.323345872328268
5770,5007,928.0,-42.025,171.725,15.265930743626086,9.697930743626086
5771,5008,647.0,-42.025,171.775,15.42901817674283,11.54701817674283
5772,5009,257.0,-42.025,171.825,15.605018432426732,14.063018432426732
5773,5058,760.0,-41.975,171.675,14.914009286396322,10.354009286396323
5774,5059,957.0,-41.975,171.725,15.055190264858538,9.313190264858537
5775,5060,653.0,-41.975,171.775,15.212756435910705,11.294756435910706
5776,5061,417.0,-41.975,171.825,15.382704531111813,12.880704531111814
5777,5439,335.0,-41.925,171.675,14.68478882034833,12.674788820348331
5778,5445,786.0,-41.925,171.725,14.825804172971402,10.109804172971401
5779,5459,294.0,-41.925,171.775,14.98264690083306,13.218646900833061
5780,5610,871.0,-42.075,171.675,15.293885801875149,10.06788580187515
5781,5611,1066.0,-42.075,171.725,15.451649372844258,9.055649372844258
5782,5612,264.0,-42.075,171.775,15.625487623387016,14.041487623387017
5783,5613,159.0,-42.075,171.825,15.81212003887049,14.858120038870489
5784,5642,340.0,-41.925,171.825,15.150729922272149,13.11072992227215
5785,5010,141.0,-42.025,171.875,15.789734312187647,14.943734312187647
5786,5011,160.0,-42.025,171.925,15.978776601681602,15.018776601681601
5787,5012,625.0,-42.025,171.975,16.167811531682673,12.417811531682673
5788,5062,133.0,-41.975,171.875,15.560607304505538,14.762607304505538
5789,5063,120.0,-41.975,171.925,15.74202745083312,15.02202745083312
5790,5064,375.0,-41.975,171.975,15.922721349714266,13.672721349714266
5791,5614,196.0,-42.075,171.875,16.007592467751238,14.831592467751237
5792,5615,407.0,-42.075,171.925,16.207641692089965,13.765641692089964
5793,5616,848.0,-42.075,171.975,16.4079387928723,11.3199387928723
5794,5664,287.0,-41.925,171.875,15.325430981567479,13.60343098156748
5795,5667,104.0,-41.925,171.925,15.502374069539655,14.878374069539655
5796,5671,199.0,-41.925,171.975,15.677515936040436,14.483515936040437
5797,5013,583.0,-42.025,172.025,16.352710462459072,12.854710462459073
5798,5014,1279.0,-42.025,172.075,16.529654876998393,8.855654876998393
5799,5015,1245.0,-42.025,172.125,16.69522726805735,9.225227268057353
5800,5016,644.0,-42.025,172.175,16.84649409505073,12.982494095050729
5801,5065,1011.0,-41.975,172.025,16.098751692159567,10.032751692159568
5802,5066,1296.0,-41.975,172.075,16.26657717879425,8.49057717879425
5803,5067,1068.0,-41.975,172.125,16.42315279502509,10.01515279502509
5804,5068,424.0,-41.975,172.175,16.566048488275555,14.022048488275555
5805,5617,553.0,-42.075,172.025,16.604245311638806,13.286245311638806
5806,5618,858.0,-42.075,172.075,16.79251651714003,11.64451651714003
5807,5619,1043.0,-42.075,172.125,16.96897709948098,10.710977099480981
5808,5620,398.0,-42.075,172.175,17.130181056214496,14.742181056214497
5809,5675,717.0,-41.925,172.025,15.847189649561187,11.545189649561188
5810,5679,1243.0,-41.925,172.075,16.008163979910023,8.550163979910025
5811,5683,472.0,-41.925,172.125,16.157743049858254,13.325743049858254
5812,5687,400.0,-41.925,172.175,16.293921183671046,13.893921183671045
5813,5017,849.0,-42.025,172.225,16.981054153053265,11.887054153053263
5814,5018,1039.0,-42.025,172.275,17.096986681295675,10.862986681295675
5815,5019,647.0,-42.025,172.325,17.19263662173762,13.31063662173762
5816,5020,806.0,-42.025,172.375,17.266312941988872,12.430312941988872
5817,5069,500.0,-41.975,172.225,16.693553729419364,13.693553729419364
5818,5070,1479.0,-41.975,172.275,16.804647297482006,7.9306472974820075
5819,5071,502.0,-41.975,172.325,16.898607901988726,13.886607901988725
5820,5072,1102.0,-41.975,172.375,16.97424563376262,10.362245633762623
5821,5621,526.0,-42.075,172.225,17.273051021897118,14.117051021897119
5822,5622,655.0,-42.075,172.275,17.39488022281148,13.46488022281148
5823,5623,432.0,-42.075,172.325,17.493293256527977,14.901293256527977
5824,5624,1035.0,-42.075,172.375,17.56621342041035,11.356213420410349
5825,5691,302.0,-41.925,172.225,16.41559282650269,14.60359282650269
5826,5695,438.0,-41.925,172.275,16.52271595086495,13.89471595086495
5827,5699,343.0,-41.925,172.325,16.61593213542801,14.557932135428011
5828,5703,613.0,-41.925,172.375,16.694906090997392,13.016906090997391
5829,5021,1378.0,-42.025,172.425,17.31617784525588,9.04817784525588
5830,5022,995.0,-42.025,172.475,17.340510468624416,11.370510468624417
5831,5023,452.0,-42.025,172.525,17.338149659059127,14.626149659059127
5832,5073,787.0,-41.975,172.425,17.029452444978233,12.307452444978233
5833,5074,565.0,-41.975,172.475,17.06171742555307,13.67171742555307
5834,5075,558.0,-41.975,172.525,17.0690213400012,13.7210213400012
5835,5625,1469.0,-42.075,172.425,17.611924465607444,8.797924465607444
5836,5626,935.0,-42.075,172.475,17.62925514759263,12.01925514759263
5837,5627,956.0,-42.075,172.525,17.61779369953001,11.88179369953001
5838,5808,965.0,-41.925,172.425,16.756923541703145,10.966923541703146
5839,5811,928.0,-41.925,172.475,16.798217543560895,11.230217543560896
5840,5814,780.0,-41.925,172.525,16.815808235682198,12.135808235682198
5841,5024,1714.0,-42.025,172.575,17.30880983703537,7.024809837035368
5842,5025,1296.0,-42.025,172.625,17.2531807854175,9.477180785417499
5843,5026,1152.0,-42.025,172.675,17.172889190253045,10.260889190253046
5844,5027,1545.0,-42.025,172.725,17.070412688502984,7.800412688502984
5845,5076,1528.0,-41.975,172.575,17.050353345810436,7.8823533458104365
5846,5077,963.0,-41.975,172.625,17.00582801814744,11.22782801814744
5847,5078,1309.0,-41.975,172.675,16.936638117244,9.082638117244002
5848,5079,1635.0,-41.975,172.725,16.84498190125305,7.034981901253049
5849,5628,1987.0,-42.075,172.575,17.578009500342887,5.656009500342886
5850,5629,1300.0,-42.075,172.625,17.51124390955374,9.71124390955374
5851,5630,1837.0,-42.075,172.675,17.419615525177505,6.397615525177505
5852,5631,2250.0,-42.075,172.725,17.30590201736777,3.805902017367771
5853,5817,800.0,-41.925,172.575,16.808054345201526,12.008054345201526
5854,5820,894.0,-41.925,172.625,16.77459580930008,11.41059580930008
5855,5823,1157.0,-41.925,172.675,16.71623561377055,9.77423561377055
5856,5899,1498.0,-41.925,172.725,16.63488127772871,7.64688127772871
5857,5028,2047.0,-42.025,172.775,16.94899131299462,4.666991312994623
5858,5029,1985.0,-42.025,172.825,16.81253935155837,4.902539351558371
5859,5030,1566.0,-42.025,172.875,16.665536239830544,7.269536239830545
5860,5080,906.0,-41.975,172.775,16.734004187077517,11.298004187077517
5861,5081,1069.0,-41.975,172.825,16.607740110623126,10.193740110623127
5862,5082,1361.0,-41.975,172.875,16.47102675268252,8.30502675268252
5863,5632,1159.0,-42.075,172.775,17.173433565767482,10.219433565767481
5864,5633,906.0,-42.075,172.825,17.02599972455937,11.58999972455937
5865,5634,1794.0,-42.075,172.875,16.867750629658985,6.103750629658984
5866,5900,1847.0,-41.925,172.775,16.533539935495355,5.451539935495356
5867,5901,1260.0,-41.925,172.825,16.416329651256092,8.856329651256093
5868,5902,1226.0,-41.925,172.875,16.288452848071756,8.932452848071756
5869,5031,1550.0,-42.025,172.925,16.512866938035586,7.212866938035587
5870,5032,1422.0,-42.025,172.975,16.359588214574615,7.8275882145746145
5871,5033,1693.0,-42.025,173.025,16.21061579074012,6.052615790740122
5872,5034,1706.0,-42.025,173.075,16.070355252420995,5.8343552524209965
5873,5083,1443.0,-41.975,172.925,16.329338744923007,7.671338744923007
5874,5084,1796.0,-41.975,172.975,16.18850913105416,5.412509131054161
5875,5085,1307.0,-41.975,173.025,16.05431904108991,8.212319041089913
5876,5086,1294.0,-41.975,173.075,15.93197943521227,8.16797943521227
5877,5635,941.0,-42.075,172.925,16.703067808448395,11.057067808448394
5878,5636,1504.0,-42.075,172.975,16.53638688000501,7.512386880005012
5879,5637,1052.0,-42.075,173.025,16.371970509644598,10.059970509644598
5880,5638,1846.0,-42.075,173.075,16.21365079257521,5.137650792575208
5881,5903,822.0,-41.925,172.925,16.15606552351528,11.22406552351528
5882,5904,1665.0,-41.925,172.975,16.025975792566896,6.035975792566898
5883,5905,975.0,-41.925,173.025,15.905128920530842,10.055128920530843
5884,5906,1443.0,-41.925,173.075,15.799891623370058,7.141891623370059
5885,5035,1748.0,-42.025,173.125,15.942330217112612,5.454330217112613
5886,5036,1267.0,-42.025,173.175,15.828883733360271,8.226883733360271
5887,5037,1227.0,-42.025,173.225,15.731031743482163,8.369031743482164
5888,5087,1606.0,-41.975,173.125,15.82557794690365,6.1895779469036505
5889,5088,1813.0,-41.975,173.175,15.737606561240682,4.859606561240684
5890,5089,1689.0,-41.975,173.225,15.668699109992303,5.534699109992303
5891,5639,1669.0,-42.075,173.125,16.06458018691046,6.0505801869104605
5892,5640,1205.0,-42.075,173.175,15.92704256412253,8.69704256412253
5893,5641,1325.0,-42.075,173.225,15.802374953535036,7.852374953535037
5894,5907,1136.0,-41.925,173.125,15.715230810383218,8.89923081038322
5895,5908,919.0,-41.925,173.175,15.65396453676658,10.13996453676658
5896,5909,1882.0,-41.925,173.225,15.616302091300895,4.324302091300895
5897,5038,1421.0,-42.025,173.275,15.64852398437506,7.122523984375061
5898,5039,1458.0,-42.025,173.325,15.58012142321968,6.8321214232196805
5899,5040,846.0,-42.025,173.375,15.52404430830211,10.448044308302109
5900,5041,962.0,-42.025,173.425,15.478499857519637,9.706499857519638
5901,5090,1648.0,-41.975,173.275,15.617675384557515,5.729675384557515
5902,5091,1746.0,-41.975,173.325,15.581914309717831,5.10591430971783
5903,5092,1339.0,-41.975,173.375,15.557987697728095,7.523987697728094
5904,5093,911.0,-41.975,173.425,15.5424147139056,10.076414713905601
5905,5645,900.0,-42.075,173.275,15.691033594543114,10.291033594543116
5906,5646,950.0,-42.075,173.325,15.592807867069496,9.892807867069497
5907,5647,1341.0,-42.075,173.375,15.507150456985983,7.461150456985983
5908,5648,941.0,-42.075,173.425,15.433561514561006,9.787561514561006
5909,5910,1570.0,-41.925,173.275,15.59984818760131,6.17984818760131
5910,5911,1529.0,-41.925,173.325,15.600122110648954,6.426122110648954
5911,5912,1424.0,-41.925,173.375,15.611484218447004,7.067484218447003
5912,5913,807.0,-41.925,173.425,15.628241767641157,10.786241767641158
5913,5042,1266.0,-42.025,173.475,15.442177837387135,7.846177837387135
5914,5043,1415.0,-42.025,173.525,15.414609863466467,6.924609863466467
5915,5044,1868.0,-42.025,173.575,15.39631905695569,4.18831905695569
5916,5045,2076.0,-42.025,173.625,15.388732023689954,2.932732023689953
5917,5094,867.0,-41.975,173.475,15.532371884757595,10.330371884757595
5918,5095,783.0,-41.975,173.525,15.526217881881166,10.828217881881166
5919,5096,1323.0,-41.975,173.575,15.523749344458338,7.585749344458338
5920,5097,1948.0,-41.975,173.625,15.526169160701102,3.838169160701101
5921,5649,1263.0,-42.075,173.475,15.371946063896758,7.793946063896757
5922,5650,1560.0,-42.075,173.525,15.322860566368036,5.962860566368036
5923,5651,1339.0,-42.075,173.575,15.287576958806312,7.2535769588063115
5924,5652,688.0,-42.075,173.625,15.267923561725183,11.139923561725183
5925,5914,1110.0,-41.925,173.475,15.645674724364653,8.985674724364653
5926,5915,747.0,-41.925,173.525,15.660780109923508,11.178780109923508
5927,5916,731.0,-41.925,173.575,15.67263819618529,11.28663819618529
5928,5917,988.0,-41.925,173.625,15.682403991530009,9.754403991530008
5929,5046,1687.0,-42.025,173.675,15.393876385533076,5.271876385533076
5930,5047,586.0,-42.025,173.725,15.413933151467063,11.897933151467063
5931,5048,261.0,-42.025,173.775,15.45073763801338,13.88473763801338
5932,5098,2188.0,-41.975,173.675,15.535802319944196,2.4078023199441976
5933,5099,1457.0,-41.975,173.725,15.555626164314162,6.813626164314163
5934,5100,581.0,-41.975,173.775,15.58868915738276,12.102689157382759
5935,5653,331.0,-42.075,173.675,15.265917273522064,13.279917273522063
5936,5654,721.0,-42.075,173.725,15.283274245819484,10.957274245819484
5937,5655,826.0,-42.075,173.775,15.320940009769402,10.364940009769402
5938,5918,836.0,-41.925,173.675,15.692990171941346,10.676990171941348
5939,5919,1862.0,-41.925,173.725,15.708525961825217,4.536525961825216
5940,5920,961.0,-41.925,173.775,15.733662053804437,9.967662053804439
5941,5049,427.0,-42.025,173.825,15.505313393878168,12.943313393878169
5942,5050,364.0,-42.025,173.875,15.577491874588304,13.393491874588303
5943,5051,522.0,-42.025,173.925,15.665650587288837,12.533650587288838
5944,5052,67.0,-42.025,173.975,15.766619534726487,15.364619534726488
5945,5152,493.0,-41.975,173.825,15.637481377671065,12.679481377671065
5946,5207,682.0,-41.975,173.875,15.703307657997357,11.611307657997358
5947,5209,728.0,-41.975,173.925,15.78572298707877,11.41772298707877
5948,5211,302.0,-41.975,173.975,15.882134017141652,14.070134017141653
5949,5656,502.0,-42.075,173.825,15.378764551176573,12.366764551176573
5950,5657,216.0,-42.075,173.875,15.455365349065687,14.159365349065688
5951,5658,131.0,-42.075,173.925,15.548147739755223,14.762147739755223
5952,5921,620.0,-41.925,173.825,15.77276570397953,12.052765703979532
5953,5922,1033.0,-41.925,173.875,15.82903781233108,9.63103781233108
5954,5923,672.0,-41.925,173.925,15.903607414114958,11.871607414114958
5955,5924,640.0,-41.925,173.975,15.994729865386034,12.154729865386035
5956,5213,81.0,-41.975,174.025,15.98774479887652,15.50174479887652
5957,5925,809.0,-41.925,174.025,16.097336924376577,11.243336924376578
5958,5926,159.0,-41.925,174.075,16.203368037593464,15.249368037593463
5959,5927,61.0,-41.875,171.475,14.066450461134082,13.700450461134082
5960,6128,17.0,-41.825,171.475,13.819348471821286,13.717348471821285
5961,6184,27.0,-41.775,171.475,13.58121452612977,13.41921452612977
5962,5928,61.0,-41.875,171.525,14.134102731302846,13.768102731302847
5963,5929,244.0,-41.875,171.575,14.214144975063391,12.75014497506339
5964,5930,1102.0,-41.875,171.625,14.315704708307749,7.7037047083077494
5965,6129,20.0,-41.825,171.525,13.87971100404684,13.75971100404684
5966,6130,111.0,-41.825,171.575,13.956308441585861,13.29030844158586
5967,6131,20.0,-41.825,171.625,14.061016976702376,13.941016976702377
5968,6185,20.0,-41.775,171.525,13.63344490864256,13.51344490864256
5969,6186,32.0,-41.775,171.575,13.704338995921717,13.512338995921716
5970,6187,6.0,-41.775,171.625,13.814252528900397,13.778252528900397
5971,5931,691.0,-41.875,171.675,14.440884259645827,10.294884259645826
5972,5932,167.0,-41.875,171.725,14.586181864055106,13.584181864055106
5973,5933,232.0,-41.875,171.775,14.746221419321955,13.354221419321956
5974,5934,119.0,-41.875,171.825,14.915763405639154,14.201763405639154
5975,6132,454.0,-41.825,171.675,14.193672596127726,11.469672596127726
5976,6133,550.0,-41.825,171.725,14.346489628747804,11.046489628747803
5977,6134,423.0,-41.825,171.775,14.51214236569649,11.97414236569649
5978,6135,256.0,-41.825,171.825,14.685077172638557,13.149077172638558
5979,6188,95.0,-41.775,171.675,13.957041245128494,13.387041245128493
5980,6189,667.0,-41.775,171.725,14.118068415482412,10.116068415482413
5981,6190,742.0,-41.775,171.775,14.289340253766568,9.837340253766568
5982,6191,913.0,-41.775,171.825,14.465746334099094,8.987746334099093
5983,5935,354.0,-41.875,171.875,15.09013607610541,12.966136076105409
5984,5936,62.0,-41.875,171.925,15.265185968848527,14.893185968848528
5985,5937,157.0,-41.875,171.975,15.437190759985242,14.495190759985242
5986,6136,142.0,-41.825,171.875,14.860876333637862,14.008876333637861
5987,6137,289.0,-41.825,171.925,15.035785632164334,13.301785632164334
5988,6138,334.0,-41.825,171.975,15.20649587608932,13.202495876089321
5989,6192,291.0,-41.775,171.875,14.643374005005171,12.89737400500517
5990,6193,146.0,-41.775,171.925,14.818923053135222,13.942923053135223
5991,6194,341.0,-41.775,171.975,14.989492322842125,12.943492322842125
5992,5938,337.0,-41.875,172.025,15.60282679645752,13.58082679645752
5993,5939,719.0,-41.875,172.075,15.759197336534271,11.445197336534271
5994,5940,1075.0,-41.875,172.125,15.9039203581342,9.453920358134202
5995,5941,632.0,-41.875,172.175,16.035289863786602,12.243289863786602
5996,6139,477.0,-41.825,172.025,15.370073319616495,12.508073319616495
5997,6140,438.0,-41.825,172.075,15.523976792297617,12.895976792297617
5998,6141,779.0,-41.825,172.125,15.666135724219203,10.992135724219203
5999,6142,291.0,-41.825,172.175,15.795090060237271,14.04909006023727
6000,6195,80.0,-41.775,172.025,15.152524892815563,14.672524892815563
6001,6196,719.0,-41.775,172.075,15.305837204665295,10.991837204665295
6002,6197,375.0,-41.775,172.125,15.447705132246483,13.197705132246483
6003,6198,183.0,-41.775,172.175,15.577007211402815,14.479007211402815
6004,5942,883.0,-41.875,172.225,16.152559408445086,10.854559408445086
6005,5943,369.0,-41.875,172.275,16.256447691754147,14.042447691754147
6006,5944,229.0,-41.875,172.325,16.349566637611133,14.975566637611132
6007,5945,863.0,-41.875,172.375,16.433500310362433,11.255500310362432
6008,6143,311.0,-41.825,172.225,15.91023438728007,14.04423438728007
6009,6144,463.0,-41.825,172.275,16.01235060192994,13.234350601929938
6010,6145,178.0,-41.825,172.325,16.10552807066415,15.03752807066415
6011,6146,288.0,-41.825,172.375,16.1964449608422,14.4684449608422
6012,6199,190.0,-41.775,172.225,15.693467404606054,14.553467404606053
6013,6200,158.0,-41.775,172.275,15.798187489301199,14.850187489301199
6014,6201,175.0,-41.775,172.325,15.895496202356298,14.845496202356298
6015,6202,182.0,-41.775,172.375,15.9916586058971,14.8996586058971
6016,5946,584.0,-41.875,172.425,16.503961704249377,12.999961704249378
6017,5947,371.0,-41.875,172.475,16.555212360712176,14.329212360712177
6018,5948,644.0,-41.875,172.525,16.583497088729928,12.719497088729927
6019,6147,715.0,-41.825,172.425,16.276239111502946,11.986239111502947
6020,6148,287.0,-41.825,172.475,16.337456498404208,14.615456498404209
6021,6149,639.0,-41.825,172.525,16.376310807630944,12.542310807630944
6022,6203,428.0,-41.775,172.425,16.07840213464806,13.510402134648059
6023,6204,505.0,-41.775,172.475,16.148216974936076,13.118216974936077
6024,6205,436.0,-41.775,172.525,16.19704523357359,13.58104523357359
6025,5949,793.0,-41.875,172.575,16.586785133811645,11.828785133811646
6026,5950,797.0,-41.875,172.625,16.56434759170952,11.78234759170952
6027,5951,664.0,-41.875,172.675,16.516593011605437,12.532593011605437
6028,5952,1247.0,-41.875,172.725,16.445061136313598,8.963061136313598
6029,6150,962.0,-41.825,172.575,16.39059169180109,10.618591691801093
6030,6151,454.0,-41.825,172.625,16.379194477594865,13.655194477594865
6031,6152,636.0,-41.825,172.675,16.342026740116125,12.526026740116126
6032,6153,910.0,-41.825,172.725,16.280088899555267,10.820088899555266
6033,6206,606.0,-41.775,172.575,16.222264069045195,12.586264069045196
6034,6207,877.0,-41.775,172.625,16.222200901167525,10.960200901167525
6035,6208,564.0,-41.775,172.675,16.1960553666504,12.812055366650398
6036,6209,568.0,-41.775,172.725,16.14403017223958,12.736030172239582
6037,5953,1571.0,-41.875,172.775,16.35250757835456,6.9265075783545615
6038,5954,675.0,-41.875,172.825,16.243025026196847,12.193025026196846
6039,5955,1653.0,-41.875,172.875,16.122131868221913,6.204131868221912
6040,6154,1072.0,-41.825,172.775,16.195671459383448,9.763671459383447
6041,6155,734.0,-41.825,172.825,16.092624584402074,11.688624584402074
6042,6156,1255.0,-41.825,172.875,15.976627058749727,8.446627058749726
6043,6210,552.0,-41.775,172.775,16.06762959410844,12.75562959410844
6044,6211,808.0,-41.775,172.825,15.97010100888292,11.122101008882922
6045,6212,792.0,-41.775,172.875,15.856957266143581,11.104957266143582
6046,5956,658.0,-41.875,172.925,15.996733975567622,12.048733975567622
6047,5957,1671.0,-41.875,172.975,15.874848205516173,5.848848205516173
6048,5958,1445.0,-41.875,173.025,15.764991276737419,7.094991276737419
6049,5959,798.0,-41.875,173.075,15.675209663131682,10.887209663131681
6050,6082,1073.0,-41.775,173.075,15.45133020915091,9.013330209150912
6051,6157,806.0,-41.825,172.925,15.85533040719747,11.01933040719747
6052,6158,1115.0,-41.825,172.975,15.738199947329122,9.04819994732912
6053,6159,1407.0,-41.825,173.025,15.635856904213142,7.193856904213142
6054,6160,961.0,-41.825,173.075,15.558801511135243,9.792801511135245
6055,6213,700.0,-41.775,172.925,15.736434267906589,11.53643426790659
6056,6214,530.0,-41.775,172.975,15.61962030257564,12.43962030257564
6057,6215,1085.0,-41.775,173.025,15.519893049524399,9.009893049524399
6058,5960,1700.0,-41.875,173.125,15.611860911827534,5.411860911827535
6059,5961,1074.0,-41.875,173.175,15.57841701075813,9.134417010758131
6060,5962,1898.0,-41.875,173.225,15.574661773949629,4.186661773949629
6061,6094,498.0,-41.775,173.125,15.426057803284493,12.438057803284494
6062,6108,900.0,-41.775,173.175,15.45108382897888,10.051083828978882
6063,6118,541.0,-41.775,173.225,15.525759464580915,12.279759464580914
6064,6161,1112.0,-41.825,173.125,15.515607986460964,8.843607986460963
6065,6162,839.0,-41.825,173.175,15.510991101298714,10.476991101298715
6066,6163,1184.0,-41.825,173.225,15.544392395699106,8.440392395699106
6067,5963,1284.0,-41.875,173.275,15.596607396451873,7.892607396451873
6068,5964,819.0,-41.875,173.325,15.637240933232533,10.723240933232534
6069,5965,1354.0,-41.875,173.375,15.687921089440351,7.563921089440353
6070,5966,1087.0,-41.875,173.425,15.740031822941091,9.218031822941093
6071,6164,1667.0,-41.825,173.275,15.609709255601047,5.607709255601046
6072,6165,1033.0,-41.825,173.325,15.696407886694942,9.498407886694942
6073,6166,810.0,-41.825,173.375,15.791701269678015,10.931701269678015
6074,6167,637.0,-41.825,173.425,15.883075038029347,12.061075038029347
6075,6238,1029.0,-41.775,173.275,15.64110652342788,9.46710652342788
6076,6241,1412.0,-41.775,173.325,15.781549530460325,7.309549530460325
6077,6243,714.0,-41.775,173.375,15.928449391678441,11.644449391678442
6078,6254,1035.0,-41.775,173.425,16.06405820731743,9.85405820731743
6079,5967,1314.0,-41.875,173.475,15.78646515258879,7.902465152588789
6080,6061,1141.0,-41.875,173.525,15.82263733632135,8.97663733632135
6081,6072,612.0,-41.875,173.575,15.846939977731381,12.17493997773138
6082,6084,569.0,-41.875,173.625,15.860687711385253,12.446687711385254
6083,6168,1160.0,-41.825,173.475,15.960427433288714,9.000427433288714
6084,6169,933.0,-41.825,173.525,16.017390439992596,10.419390439992597
6085,6170,1022.0,-41.825,173.575,16.051777302927803,9.919777302927802
6086,6171,1450.0,-41.825,173.625,16.065355080296285,7.365355080296286
6087,6264,708.0,-41.775,173.475,16.174592918207054,11.926592918207053
6088,6273,1037.0,-41.775,173.525,16.25182385797234,10.02982385797234
6089,6274,612.0,-41.775,173.575,16.293299768760335,12.621299768760334
6090,6275,794.0,-41.775,173.625,16.301702621574805,11.537702621574805
6091,6096,495.0,-41.875,173.675,15.867697925998073,12.897697925998072
6092,6106,670.0,-41.875,173.725,15.873631543890951,11.853631543890952
6093,6112,927.0,-41.875,173.775,15.885170910722081,10.323170910722082
6094,6172,1419.0,-41.825,173.675,16.063212247481715,7.549212247481716
6095,6173,481.0,-41.825,173.725,16.05292930671567,13.16692930671567
6096,6174,617.0,-41.825,173.775,16.043639521893056,12.341639521893056
6097,6276,1049.0,-41.775,173.675,16.28383505099191,9.98983505099191
6098,6277,993.0,-41.775,173.725,16.249560918146017,10.291560918146018
6099,6278,1233.0,-41.775,173.775,16.21079235178331,8.812792351783312
6100,6121,989.0,-41.875,173.825,15.909050620051858,9.975050620051856
6101,6122,781.0,-41.875,173.875,15.950927241727186,11.264927241727186
6102,6123,507.0,-41.875,173.925,16.014105065005424,12.972105065005424
6103,6124,468.0,-41.875,173.975,16.098233737451665,13.290233737451665
6104,6175,359.0,-41.825,173.825,16.04494640154735,13.89094640154735
6105,6176,516.0,-41.825,173.875,16.065593860810623,12.969593860810622
6106,6177,541.0,-41.825,173.925,16.11181924626362,12.865819246263621
6107,6178,420.0,-41.825,173.975,16.185484020264994,13.665484020264994
6108,6279,439.0,-41.775,173.825,16.180409631866496,13.546409631866496
6109,6280,272.0,-41.775,173.875,16.170848568224756,14.538848568224756
6110,6281,520.0,-41.775,173.925,16.192088867850543,13.072088867850542
6111,6282,583.0,-41.775,173.975,16.24908521485486,12.751085214854859
6112,6125,235.0,-41.875,174.025,16.198240871388407,14.788240871388407
6113,6126,182.0,-41.875,174.075,16.304025533660024,15.212025533660023
6114,6127,44.0,-41.875,174.125,16.402120662110974,16.138120662110975
6115,6180,355.0,-41.825,174.025,16.282264906119963,14.152264906119964
6116,6181,200.0,-41.825,174.075,16.39023287560849,15.19023287560849
6117,6182,47.0,-41.825,174.125,16.489905130543775,16.207905130543775
6118,6283,659.0,-41.775,174.025,16.339204495227023,12.385204495227022
6119,6284,314.0,-41.775,174.075,16.45012104511261,14.56612104511261
6120,6285,82.0,-41.775,174.125,16.556655645472347,16.064655645472346
6121,6183,26.0,-41.825,174.175,16.56162888052495,16.40562888052495
6122,6286,113.0,-41.775,174.175,16.621963351739396,15.943963351739395
6123,6287,45.0,-41.775,174.225,16.643749094029772,16.373749094029773
6124,6288,6.0,-41.725,171.725,13.911438790986722,13.875438790986722
6125,6289,66.0,-41.725,171.775,14.085439496775507,13.689439496775506
6126,6290,741.0,-41.725,171.825,14.263563310392783,9.817563310392783
6127,6338,176.0,-41.675,171.825,14.081996524364513,13.025996524364512
6128,6022,207.0,-41.625,171.875,14.097757451549114,12.855757451549115
6129,6023,389.0,-41.625,171.925,14.272561382873391,11.938561382873392
6130,6024,245.0,-41.625,171.975,14.443612090268289,12.973612090268288
6131,6251,372.0,-41.575,171.925,14.127253999824461,11.895253999824462
6132,6257,252.0,-41.575,171.975,14.29770767804439,12.785707678044389
6133,6291,681.0,-41.725,171.875,14.44217856011528,10.356178560115282
6134,6292,223.0,-41.725,171.925,14.618251098923793,13.280251098923793
6135,6293,387.0,-41.725,171.975,14.789151951750682,12.467151951750683
6136,6339,782.0,-41.675,171.875,14.260053631005576,9.568053631005576
6137,6340,478.0,-41.675,171.925,14.435940623188799,11.567940623188798
6138,6341,345.0,-41.675,171.975,14.607106824958464,12.537106824958464
6139,6025,565.0,-41.625,172.025,14.608811560370668,11.218811560370668
6140,6026,1005.0,-41.625,172.075,14.76656620373251,8.736566203732508
6141,6027,936.0,-41.625,172.125,14.915865415576263,9.299865415576264
6142,6028,206.0,-41.625,172.175,15.056387358286884,13.820387358286883
6143,6266,329.0,-41.575,172.025,14.463521580037195,12.489521580037195
6144,6294,554.0,-41.725,172.025,14.952610882268345,11.628610882268346
6145,6295,513.0,-41.725,172.075,15.10675452821306,12.02875452821306
6146,6296,1202.0,-41.725,172.125,15.250206235446967,8.038206235446967
6147,6297,625.0,-41.725,172.175,15.382249104724906,11.632249104724906
6148,6342,359.0,-41.675,172.025,14.77143072464969,12.61743072464969
6149,6343,1133.0,-41.675,172.075,14.927244275626435,8.129244275626435
6150,6344,527.0,-41.675,172.125,15.073428475036053,11.911428475036054
6151,6345,927.0,-41.675,172.175,15.209559166549298,9.647559166549298
6152,6365,1182.0,-41.575,172.075,14.623060312966118,7.531060312966118
6153,6368,945.0,-41.575,172.125,14.775273150262365,9.105273150262366
6154,6372,314.0,-41.575,172.175,14.919787921760872,13.035787921760871
6155,6029,728.0,-41.625,172.225,15.188550527273037,10.820550527273037
6156,6030,1069.0,-41.625,172.275,15.313360717984324,8.899360717984324
6157,6031,962.0,-41.625,172.325,15.431845349216019,9.65984534921602
6158,6032,882.0,-41.625,172.375,15.544104952532507,10.252104952532507
6159,6298,539.0,-41.725,172.225,15.503088628945989,12.269088628945989
6160,6299,1225.0,-41.725,172.275,15.614289532364637,8.264289532364637
6161,6300,422.0,-41.725,172.325,15.719021741264442,13.187021741264441
6162,6301,551.0,-41.725,172.375,15.819133076263824,12.513133076263825
6163,6346,867.0,-41.675,172.225,15.33607290055079,10.13407290055079
6164,6347,667.0,-41.675,172.275,15.454328072919452,11.452328072919453
6165,6348,269.0,-41.675,172.325,15.566084611971746,13.952084611971745
6166,6349,707.0,-41.675,172.375,15.671787368388323,11.429787368388322
6167,6387,619.0,-41.575,172.225,15.056920612383692,11.342920612383692
6168,6392,1232.0,-41.575,172.275,15.18747284670826,7.795472846708261
6169,6489,1037.0,-41.575,172.325,15.312255229138827,9.090255229138828
6170,6492,477.0,-41.575,172.375,15.43147250394395,12.56947250394395
6171,6033,861.0,-41.625,172.425,15.648676018165133,10.482676018165133
6172,6034,638.0,-41.625,172.475,15.742823025291727,11.914823025291728
6173,6035,402.0,-41.625,172.525,15.823243530750915,13.411243530750916
6174,6302,521.0,-41.725,172.425,15.910700792745047,12.784700792745047
6175,6303,847.0,-41.725,172.475,15.987932262818504,10.905932262818503
6176,6304,808.0,-41.725,172.525,16.046412042094744,11.198412042094745
6177,6350,677.0,-41.675,172.425,15.769136811548378,11.707136811548379
6178,6351,383.0,-41.675,172.475,15.854173470201204,13.556173470201204
6179,6352,602.0,-41.675,172.525,15.92291358379589,12.31091358379589
6180,6494,1190.0,-41.575,172.425,15.544308175354672,8.404308175354672
6181,6497,788.0,-41.575,172.475,15.648927278954943,10.920927278954943
6182,6499,723.0,-41.575,172.525,15.742729043347936,11.404729043347935
6183,6036,628.0,-41.625,172.575,15.886482757043268,12.118482757043267
6184,6037,863.0,-41.625,172.625,15.929017840782763,10.751017840782762
6185,6038,471.0,-41.625,172.675,15.94724350006436,13.12124350006436
6186,6039,586.0,-41.625,172.725,15.937547802481276,12.421547802481276
6187,6305,359.0,-41.725,172.575,16.08292804258963,13.928928042589629
6188,6306,962.0,-41.725,172.625,16.09507532120915,10.323075321209153
6189,6307,557.0,-41.725,172.675,16.081144797150046,12.739144797150045
6190,6308,558.0,-41.725,172.725,16.040255165920826,12.692255165920827
6191,6353,1160.0,-41.675,172.575,15.971852481125097,9.011852481125096
6192,6354,381.0,-41.675,172.625,15.997916244727094,13.711916244727094
6193,6355,459.0,-41.675,172.675,15.998408517618373,13.244408517618373
6194,6356,562.0,-41.675,172.725,15.971132331396802,12.599132331396802
6195,6502,930.0,-41.575,172.575,15.822548316769826,10.242548316769826
6196,6505,1078.0,-41.575,172.625,15.88469338122377,9.41669338122377
6197,6508,446.0,-41.575,172.675,15.92488185530965,13.24888185530965
6198,6511,521.0,-41.575,172.725,15.938195352959156,12.812195352959156
6199,6040,381.0,-41.625,172.775,15.896632610703819,13.610632610703819
6200,6041,414.0,-41.625,172.825,15.822264132119017,13.338264132119017
6201,6042,441.0,-41.625,172.875,15.714696119975997,13.068696119975996
6202,6309,714.0,-41.725,172.775,15.97271910069685,11.68871910069685
6203,6310,695.0,-41.725,172.825,15.880657121211698,11.710657121211698
6204,6311,678.0,-41.725,172.875,15.768840444536181,11.700840444536182
6205,6357,501.0,-41.675,172.775,15.914776088888175,12.908776088888175
6206,6358,631.0,-41.675,172.825,15.829656918569526,12.043656918569527
6207,6359,486.0,-41.675,172.875,15.718904863671924,12.802904863671923
6208,6514,390.0,-41.575,172.775,15.919207217812072,13.579207217812073
6209,6517,619.0,-41.575,172.825,15.862519981266814,12.148519981266814
6210,6597,483.0,-41.575,172.875,15.764113594130322,12.866113594130322
6211,6043,710.0,-41.625,172.925,15.579003608050698,11.319003608050698
6212,6044,674.0,-41.625,172.975,15.428295681864256,11.384295681864256
6213,6045,1519.0,-41.625,173.025,15.286895994380757,6.172895994380758
6214,6046,1568.0,-41.625,173.075,15.190920549750444,5.782920549750445
6215,6312,1253.0,-41.725,172.925,15.645634506698116,8.127634506698117
6216,6313,979.0,-41.725,172.975,15.52370575533132,9.649705755331322
6217,6314,784.0,-41.725,173.025,15.419881503592478,10.715881503592477
6218,6315,440.0,-41.725,173.075,15.353399412590079,12.713399412590078
6219,6360,1006.0,-41.675,172.925,15.59006916184444,9.554069161844438
6220,6361,657.0,-41.675,172.975,15.456831515402882,11.514831515402882
6221,6362,1435.0,-41.675,173.025,15.33995040004811,6.729950400048111
6222,6363,1271.0,-41.675,173.075,15.265915980999125,7.639915980999125
6223,6603,503.0,-41.575,172.925,15.624133115597942,12.606133115597942
6224,6605,1157.0,-41.575,172.975,15.451823144223454,8.509823144223454
6225,6607,1215.0,-41.575,173.025,15.272507726382173,7.982507726382173
6226,6610,1544.0,-41.575,173.075,15.1334432781332,5.8694432781332
6227,6001,561.0,-41.675,173.125,15.261796164573752,11.895796164573753
6228,6002,354.0,-41.675,173.175,15.346451920107938,13.222451920107938
6229,6003,420.0,-41.675,173.225,15.521584902940958,13.001584902940959
6230,6047,681.0,-41.625,173.125,15.182287144183647,11.096287144183648
6231,6048,607.0,-41.625,173.175,15.2941291707466,11.652129170746601
6232,6049,748.0,-41.625,173.225,15.532995465509885,11.044995465509885
6233,6316,836.0,-41.725,173.125,15.342101608366647,10.326101608366649
6234,6317,674.0,-41.725,173.175,15.39718134963914,11.35318134963914
6235,6318,818.0,-41.725,173.225,15.518497106284485,10.610497106284486
6236,6616,469.0,-41.575,173.125,15.099995349803066,12.285995349803066
6237,6622,780.0,-41.575,173.175,15.232520867561107,10.552520867561107
6238,6628,902.0,-41.575,173.225,15.549467180539068,10.137467180539069
6239,6004,520.0,-41.675,173.275,15.768177857535193,12.648177857535192
6240,6005,442.0,-41.675,173.325,16.051450811537507,13.399450811537507
6241,6006,854.0,-41.675,173.375,16.331673710956238,11.20767371095624
6242,6007,683.0,-41.675,173.425,16.574700437246065,12.476700437246066
6243,6050,332.0,-41.625,173.275,15.870436025077652,13.878436025077653
6244,6051,262.0,-41.625,173.325,16.252334537792194,14.680334537792195
6245,6052,248.0,-41.625,173.375,16.619662258643075,15.131662258643075
6246,6054,260.0,-41.625,173.425,16.92628486502508,15.366284865025081
6247,6319,903.0,-41.725,173.275,15.693020254584553,10.275020254584554
6248,6320,842.0,-41.725,173.325,15.897674333555187,10.845674333555188
6249,6321,1330.0,-41.725,173.375,16.105346318079683,8.125346318079682
6250,6322,664.0,-41.725,173.425,16.291252323415392,12.307252323415392
6251,6634,903.0,-41.575,173.275,16.006291780504398,10.588291780504399
6252,6640,1131.0,-41.575,173.325,16.51471258969832,9.728712589698318
6253,6641,634.0,-41.575,173.375,16.985644993794267,13.181644993794267
6254,6642,352.0,-41.575,173.425,17.359290206750302,15.247290206750302
6255,6008,519.0,-41.675,173.475,16.757848102541175,13.643848102541174
6256,6009,323.0,-41.675,173.525,16.87076376463665,14.932763764636649
6257,6010,354.0,-41.675,173.575,16.913326678291924,14.789326678291923
6258,6011,346.0,-41.675,173.625,16.892730821804435,14.816730821804434
6259,6055,435.0,-41.625,173.475,17.14591608882256,14.53591608882256
6260,6056,524.0,-41.625,173.525,17.270199137943564,14.126199137943564
6261,6062,285.0,-41.575,173.575,17.749358465829573,16.039358465829572
6262,6064,200.0,-41.575,173.625,17.66881825499877,16.46881825499877
6263,6075,421.0,-41.625,173.575,17.303346401320596,14.777346401320596
6264,6078,411.0,-41.625,173.625,17.25706518547304,14.791065185473038
6265,6323,508.0,-41.725,173.475,16.437285372587212,13.389285372587212
6266,6324,578.0,-41.725,173.525,16.533629281912,13.065629281911999
6267,6325,606.0,-41.725,173.575,16.57828779616102,12.942287796161022
6268,6326,414.0,-41.725,173.625,16.575610147869156,14.091610147869156
6269,6643,178.0,-41.575,173.475,17.609778215432016,16.541778215432014
6270,6644,170.0,-41.575,173.525,17.735739452487906,16.715739452487906
6271,6012,427.0,-41.675,173.675,16.820989369080053,14.258989369080053
6272,6013,558.0,-41.675,173.725,16.713281197226024,13.365281197226025
6273,6014,463.0,-41.675,173.775,16.58709944338625,13.80909944338625
6274,6067,271.0,-41.575,173.675,17.514258787661674,15.888258787661675
6275,6070,122.0,-41.575,173.725,17.306142599816667,16.574142599816668
6276,6083,183.0,-41.625,173.675,17.147087697678217,16.049087697678218
6277,6085,128.0,-41.575,173.775,17.065144369236805,16.297144369236804
6278,6092,205.0,-41.625,173.725,16.99132621703029,15.761326217030291
6279,6099,468.0,-41.625,173.775,16.80931364164644,14.00131364164644
6280,6327,619.0,-41.725,173.675,16.534664304483158,12.820664304483158
6281,6328,544.0,-41.725,173.725,16.467889553772693,13.203889553772694
6282,6329,961.0,-41.725,173.775,16.390098655629117,10.624098655629119
6283,6015,401.0,-41.675,173.825,16.46190138396196,14.05590138396196
6284,6016,396.0,-41.675,173.875,16.35858774519147,13.982587745191472
6285,6017,442.0,-41.675,173.925,16.297395940076967,13.645395940076968
6286,6018,128.0,-41.675,173.975,16.292422429640283,15.524422429640282
6287,6098,108.0,-41.575,173.825,16.813208667605068,16.165208667605068
6288,6102,348.0,-41.625,173.825,16.622606450157036,14.534606450157035
6289,6104,164.0,-41.575,173.875,16.575993489172106,15.591993489172106
6290,6114,86.0,-41.575,173.925,16.387056056999427,15.871056056999427
6291,6115,721.0,-41.625,173.875,16.45570664761908,12.12970664761908
6292,6227,229.0,-41.625,173.925,16.33580487285508,14.961804872855078
6293,6230,308.0,-41.575,173.975,16.28645910157502,14.43845910157502
6294,6233,346.0,-41.625,173.975,16.286024226108566,14.210024226108565
6295,6330,840.0,-41.725,173.825,16.31761209196702,11.277612091967022
6296,6331,180.0,-41.725,173.875,16.267024944849254,15.187024944849254
6297,6332,220.0,-41.725,173.925,16.25290282307833,14.93290282307833
6298,6333,201.0,-41.725,173.975,16.28407510131001,15.07807510131001
6299,6019,105.0,-41.675,174.025,16.34397562186132,15.713975621861318
6300,6020,98.0,-41.675,174.075,16.434854216509848,15.846854216509849
6301,6021,61.0,-41.675,174.125,16.531909445358906,16.165909445358906
6302,6239,191.0,-41.625,174.025,16.30932206137004,15.163322061370039
6303,6242,281.0,-41.625,174.075,16.38168128727557,14.695681287275569
6304,6247,24.0,-41.625,174.125,16.466030943294754,16.322030943294756
6305,6248,183.0,-41.575,174.025,16.285139933166647,15.187139933166646
6306,6258,119.0,-41.575,174.075,16.344328398787184,15.630328398787183
6307,6267,238.0,-41.575,174.125,16.41993731367984,14.991937313679838
6308,6334,134.0,-41.725,174.025,16.359635413893557,15.555635413893556
6309,6335,115.0,-41.725,174.075,16.466712650893896,15.776712650893897
6310,6336,74.0,-41.725,174.125,16.57882877672091,16.134828776720912
6311,6337,1.0,-41.725,174.175,16.639229057378543,16.633229057378543
6312,6366,169.0,-41.575,175.275,18.950942343064526,17.936942343064526
6313,6375,295.0,-41.575,175.325,18.943178881379936,17.173178881379936
6314,6379,27.0,-41.525,171.975,14.16749860609707,14.005498606097069
6315,6439,272.0,-41.475,171.975,14.050457192810427,12.418457192810427
6316,6380,264.0,-41.425,172.075,14.27091267270589,12.68691267270589
6317,6381,559.0,-41.525,172.025,14.333537952858023,10.979537952858024
6318,6382,83.0,-41.425,172.125,14.427967078561778,13.929967078561779
6319,6383,199.0,-41.525,172.075,14.494450686543132,13.300450686543133
6320,6384,215.0,-41.425,172.175,14.578742951707682,13.288742951707682
6321,6386,343.0,-41.525,172.125,14.649019759825023,12.591019759825024
6322,6391,401.0,-41.525,172.175,14.79671857750509,12.39071857750509
6323,6440,189.0,-41.475,172.025,14.216290265816497,13.082290265816496
6324,6441,290.0,-41.475,172.075,14.378057862719288,12.638057862719288
6325,6442,522.0,-41.475,172.125,14.534253306926985,11.402253306926985
6326,6443,512.0,-41.475,172.175,14.684087308414746,11.612087308414747
6327,6556,43.0,-41.375,172.125,14.326970296227955,14.068970296227956
6328,6557,119.0,-41.375,172.175,14.47742160668713,13.76342160668713
6329,6388,964.0,-41.425,172.225,14.723393304040655,8.939393304040657
6330,6393,1094.0,-41.425,172.275,14.8634888242741,8.2994888242741
6331,6396,156.0,-41.525,172.225,14.937775470098131,14.001775470098131
6332,6397,542.0,-41.525,172.275,15.072998445131816,11.820998445131817
6333,6398,797.0,-41.525,172.325,15.203338714702113,10.421338714702113
6334,6399,715.0,-41.525,172.375,15.329371032858035,11.039371032858035
6335,6444,1073.0,-41.475,172.225,14.827741377186612,8.389741377186613
6336,6445,545.0,-41.475,172.275,14.966257463725924,11.696257463725924
6337,6446,763.0,-41.475,172.325,15.101019258101587,10.523019258101588
6338,6447,865.0,-41.475,172.375,15.233166755562706,10.043166755562705
6339,6496,1108.0,-41.425,172.325,15.001136158956797,8.353136158956797
6340,6498,761.0,-41.425,172.375,15.13816967625462,10.572169676254621
6341,6558,598.0,-41.375,172.225,14.621170788654126,11.033170788654125
6342,6559,628.0,-41.375,172.275,14.7608504769305,10.9928504769305
6343,6560,882.0,-41.375,172.325,14.899578303724411,9.607578303724411
6344,6561,847.0,-41.375,172.375,15.039865009355708,9.957865009355707
6345,6400,1163.0,-41.525,172.425,15.450923578071524,8.472923578071523
6346,6401,952.0,-41.525,172.475,15.56695524819952,9.85495524819952
6347,6402,1325.0,-41.525,172.525,15.675591616440215,7.725591616440216
6348,6448,1200.0,-41.475,172.425,15.363217503690976,8.163217503690976
6349,6449,556.0,-41.475,172.475,15.490909340478538,12.154909340478538
6350,6450,808.0,-41.475,172.525,15.615151945785328,10.76715194578533
6351,6500,1165.0,-41.425,172.425,15.275806448255025,8.285806448255025
6352,6503,897.0,-41.425,172.475,15.41455208115076,10.032552081150758
6353,6506,828.0,-41.425,172.525,15.554156399870408,10.586156399870408
6354,6562,569.0,-41.375,172.425,15.183539302866848,11.769539302866848
6355,6563,1254.0,-41.375,172.475,15.331819661681948,7.807819661681949
6356,6564,1047.0,-41.375,172.525,15.485316228609008,9.203316228609008
6357,6403,1220.0,-41.525,172.575,15.774159483014955,8.454159483014955
6358,6404,905.0,-41.525,172.625,15.85912145698967,10.42912145698967
6359,6405,732.0,-41.525,172.675,15.925902553251944,11.533902553251945
6360,6406,429.0,-41.525,172.725,15.968660292601271,13.394660292601271
6361,6451,421.0,-41.475,172.575,15.733965463674394,13.207965463674395
6362,6452,793.0,-41.475,172.625,15.844324460675125,11.086324460675126
6363,6453,495.0,-41.475,172.675,15.941872197676275,12.971872197676275
6364,6457,266.0,-41.475,172.725,16.020502637482423,14.424502637482423
6365,6509,691.0,-41.425,172.575,15.693515783037583,11.547515783037582
6366,6512,249.0,-41.425,172.625,15.830463632606552,14.336463632606552
6367,6515,907.0,-41.425,172.675,15.961410593845358,10.519410593845357
6368,6519,180.0,-41.425,172.725,16.08080214567235,15.00080214567235
6369,6565,1193.0,-41.375,172.575,15.643928490768303,8.485928490768304
6370,6566,826.0,-41.375,172.625,15.806614417360834,10.850614417360834
6371,6567,359.0,-41.375,172.675,15.971001771682495,13.817001771682495
6372,6568,159.0,-41.375,172.725,16.132806185654772,15.178806185654771
6373,6407,479.0,-41.525,172.775,15.98009972289583,13.106099722895829
6374,6408,642.0,-41.525,172.825,15.95153376548842,12.09953376548842
6375,6409,313.0,-41.525,172.875,15.873626638800488,13.995626638800488
6376,6458,600.0,-41.475,172.775,16.07183112255734,12.471831122557342
6377,6459,348.0,-41.475,172.825,16.084623503709736,13.996623503709735
6378,6460,339.0,-41.475,172.875,16.044422008344554,14.010422008344555
6379,6520,192.0,-41.425,172.775,16.180348661400785,15.028348661400786
6380,6521,285.0,-41.425,172.825,16.247947358187957,14.537947358187957
6381,6522,301.0,-41.425,172.875,16.266173063264432,14.460173063264433
6382,6569,213.0,-41.375,172.775,16.28499715709404,15.00699715709404
6383,6570,263.0,-41.375,172.825,16.41657797397056,14.838577973970562
6384,6571,388.0,-41.375,172.875,16.510647447259544,14.182647447259544
6385,6410,377.0,-41.525,172.925,15.738772611090099,13.476772611090098
6386,6411,398.0,-41.525,172.975,15.54694058469613,13.158940584696131
6387,6412,592.0,-41.525,173.025,15.317397085527773,11.765397085527773
6388,6413,781.0,-41.525,173.075,15.105632307589985,10.419632307589985
6389,6461,320.0,-41.475,172.925,15.934163783334952,14.014163783334952
6390,6462,181.0,-41.475,172.975,15.738228294307191,14.652228294307191
6391,6463,254.0,-41.475,173.025,15.456144185103767,13.932144185103766
6392,6464,285.0,-41.475,173.075,15.135784352161863,13.425784352161863
6393,6523,327.0,-41.425,172.925,16.210308440255176,14.248308440255176
6394,6524,260.0,-41.425,172.975,16.04689462538954,14.48689462538954
6395,6525,87.0,-41.425,173.025,15.739226385987422,15.217226385987422
6396,6526,122.0,-41.425,173.075,15.28619402354525,14.55419402354525
6397,6572,364.0,-41.375,172.925,16.540936612196674,14.356936612196673
6398,6573,212.0,-41.375,172.975,16.46498660089128,15.19298660089128
6399,6574,108.0,-41.375,173.025,16.211212488778983,15.563212488778984
6400,6575,55.0,-41.375,173.075,15.67376648530626,15.34376648530626
6401,6414,593.0,-41.525,173.125,15.01171785061888,11.45371785061888
6402,6415,1262.0,-41.525,173.175,15.14931555113435,7.577315551134351
6403,6416,1349.0,-41.525,173.225,15.566522709850688,7.472522709850688
6404,6465,671.0,-41.475,173.125,14.918881509991479,10.89288150999148
6405,6466,364.0,-41.475,173.175,15.024593649271992,12.840593649271991
6406,6467,809.0,-41.475,173.225,15.579619415224442,10.725619415224443
6407,6527,144.0,-41.425,173.125,14.842923043725023,13.978923043725022
6408,6528,258.0,-41.425,173.175,14.826213701126107,13.278213701126107
6409,6529,485.0,-41.425,173.225,15.590205886433978,12.680205886433978
6410,6579,26.0,-41.375,173.125,14.877510481612262,14.721510481612262
6411,6580,320.0,-41.375,173.175,14.513708592123294,12.593708592123294
6412,6581,292.0,-41.375,173.225,15.634673500659119,13.882673500659118
6413,6417,1011.0,-41.525,173.275,16.188504382684187,10.122504382684188
6414,6418,557.0,-41.525,173.325,16.86178225140611,13.519782251406111
6415,6419,437.0,-41.525,173.375,17.45100776496838,14.829007764968381
6416,6420,584.0,-41.525,173.425,17.886426041113737,14.382426041113737
6417,6468,1044.0,-41.475,173.275,16.444933532642608,10.180933532642609
6418,6469,889.0,-41.475,173.325,17.331593810587947,11.997593810587947
6419,6470,1272.0,-41.475,173.375,18.04056199506158,10.40856199506158
6420,6471,993.0,-41.475,173.425,18.51397251511662,12.555972515116622
6421,6530,771.0,-41.425,173.275,16.840331184772367,12.214331184772368
6422,6531,715.0,-41.425,173.325,17.981290356587124,13.691290356587125
6423,6532,470.0,-41.425,173.375,18.770685997136752,15.950685997136752
6424,6533,688.0,-41.425,173.425,19.228304307682265,15.100304307682265
6425,6582,756.0,-41.375,173.275,17.522970277372224,12.986970277372224
6426,6583,693.0,-41.375,173.325,18.86102178065994,14.70302178065994
6427,6584,443.0,-41.375,173.375,19.611305418551638,16.953305418551636
6428,6585,277.0,-41.375,173.425,19.973992623461527,18.311992623461528
6429,6421,471.0,-41.525,173.475,18.153035284856742,15.327035284856741
6430,6422,267.0,-41.525,173.525,18.264580905895855,16.662580905895854
6431,6423,136.0,-41.525,173.575,18.24541185820999,17.429411858209992
6432,6424,116.0,-41.525,173.625,18.121703667588008,17.425703667588007
6433,6472,871.0,-41.475,173.475,18.768506098436774,13.542506098436775
6434,6473,835.0,-41.475,173.525,18.842602256845566,13.832602256845567
6435,6474,617.0,-41.475,173.575,18.775254101274186,15.073254101274186
6436,6475,295.0,-41.475,173.625,18.600345972667128,16.83034597266713
6437,6534,858.0,-41.425,173.475,19.429108905493194,14.281108905493195
6438,6535,416.0,-41.425,173.525,19.43945662310216,16.94345662310216
6439,6536,503.0,-41.425,173.575,19.30996353498631,16.29196353498631
6440,6537,676.0,-41.425,173.625,19.078979711564898,15.022979711564897
6441,6586,391.0,-41.375,173.475,20.079281490885478,17.733281490885478
6442,6587,430.0,-41.375,173.525,20.006646837813605,17.426646837813607
6443,6588,320.0,-41.375,173.575,19.808612519616872,17.88861251961687
6444,6589,485.0,-41.375,173.625,19.522805575215898,16.612805575215898
6445,6425,89.0,-41.525,173.675,17.918187696606765,17.384187696606766
6446,6426,83.0,-41.525,173.725,17.65749870385116,17.15949870385116
6447,6427,78.0,-41.525,173.775,17.36076630444586,16.89276630444586
6448,6476,267.0,-41.475,173.675,18.346300044977397,16.744300044977397
6449,6477,137.0,-41.475,173.725,18.037213783747575,17.215213783747576
6450,6478,126.0,-41.475,173.775,17.694431562165846,16.938431562165846
6451,6538,765.0,-41.425,173.675,18.776421024656884,14.186421024656884
6452,6539,400.0,-41.425,173.725,18.42668359234085,16.026683592340852
6453,6540,109.0,-41.425,173.775,18.05101255048794,17.39701255048794
6454,6590,634.0,-41.375,173.675,19.178045186468808,15.374045186468807
6455,6591,351.0,-41.375,173.725,18.797765160088602,16.6917651600886
6456,6592,333.0,-41.375,173.775,18.402362452023226,16.404362452023225
6457,6058,22.0,-41.475,173.875,16.992377743321413,16.86037774332141
6458,6069,10.0,-41.475,173.925,16.68778892394039,16.62778892394039
6459,6081,4.0,-41.475,173.975,16.489365145123884,16.465365145123883
6460,6428,55.0,-41.525,173.825,17.049056152307458,16.71905615230746
6461,6429,28.0,-41.525,173.875,16.746070730372594,16.578070730372595
6462,6430,11.0,-41.525,173.925,16.48459151487259,16.418591514872592
6463,6431,10.0,-41.525,173.975,16.328026497423707,16.26802649742371
6464,6479,36.0,-41.475,173.825,17.338531778332253,17.122531778332252
6465,6541,601.0,-41.425,173.825,17.66999397421023,14.063993974210229
6466,6542,206.0,-41.425,173.875,17.307104159030132,16.07110415903013
6467,6543,232.0,-41.425,173.925,16.994346854226023,15.602346854226024
6468,6544,30.0,-41.425,173.975,16.77321759231927,16.59321759231927
6469,6593,795.0,-41.375,173.825,18.01136640688128,13.24136640688128
6470,6594,204.0,-41.375,173.875,17.645865587706794,16.421865587706794
6471,6595,101.0,-41.375,173.925,17.330135903503106,16.724135903503104
6472,6596,466.0,-41.375,173.975,17.08702242391155,14.29102242391155
6473,6057,245.0,-41.375,174.025,16.92304949132631,15.45304949132631
6474,6074,1.0,-41.375,174.075,16.82279044405186,16.81679044405186
6475,6090,2.0,-41.475,174.025,16.43629563858849,16.42429563858849
6476,6432,4.0,-41.525,174.025,16.311638325340027,16.287638325340026
6477,6545,6.0,-41.425,174.025,16.658072260875997,16.622072260875996
6478,6077,114.0,-41.375,174.875,16.953673529900698,16.269673529900697
6479,6080,223.0,-41.375,174.925,17.15099292072773,15.812992920727732
6480,6087,654.0,-41.375,174.975,17.36313395644902,13.43913395644902
6481,6097,495.0,-41.375,175.025,17.621497020387324,14.651497020387323
6482,6546,240.0,-41.425,174.925,17.235133679228966,15.795133679228966
6483,6100,117.0,-41.475,175.225,19.085608011204386,18.383608011204387
6484,6105,45.0,-41.375,175.075,17.946260845597862,17.676260845597863
6485,6111,,-41.375,175.125,18.33664739068263,
6486,6120,38.0,-41.375,175.175,18.76618445157328,18.53818445157328
6487,6218,110.0,-41.375,175.225,19.1832913057151,18.5232913057151
6488,6433,66.0,-41.525,175.225,18.980204030598543,18.584204030598542
6489,6547,124.0,-41.425,175.225,19.162188180202065,18.418188180202065
6490,6103,333.0,-41.475,175.275,19.254395482550535,17.256395482550534
6491,6113,509.0,-41.475,175.325,19.284217220887513,16.230217220887514
6492,6220,299.0,-41.375,175.275,19.513673569003004,17.719673569003003
6493,6222,332.0,-41.375,175.325,19.66366738308352,17.67166738308352
6494,6224,310.0,-41.375,175.375,19.533526279417856,17.673526279417857
6495,6231,305.0,-41.475,175.375,19.142952135181986,17.312952135181988
6496,6434,435.0,-41.525,175.275,19.101041496000107,16.491041496000108
6497,6435,393.0,-41.525,175.325,19.106035711396544,16.748035711396543
6498,6436,214.0,-41.525,175.375,18.977751708138385,17.693751708138386
6499,6548,166.0,-41.425,175.275,19.39960877174235,18.403608771742352
6500,6549,288.0,-41.425,175.325,19.47423696107944,17.74623696107944
6501,6550,617.0,-41.425,175.375,19.328112815010172,15.626112815010172
6502,6228,365.0,-41.375,175.425,19.065730072763472,16.87573007276347
6503,6234,322.0,-41.375,175.475,18.33407207245,16.40207207245
6504,6252,141.0,-41.475,175.425,18.829644960864243,17.983644960864243
6505,6253,98.0,-41.375,175.525,17.55237014090926,16.96437014090926
6506,6259,108.0,-41.375,175.575,16.91279598904657,16.264795989046572
6507,6260,317.0,-41.475,175.475,18.38617367313782,16.484173673137818
6508,6269,205.0,-41.475,175.525,17.887465765807065,16.657465765807064
6509,6378,12.0,-41.475,175.575,17.41094403898569,17.33894403898569
6510,6437,39.0,-41.525,175.425,18.72044225724676,18.486442257246757
6511,6438,182.0,-41.525,175.475,18.36408363982082,17.27208363982082
6512,6551,468.0,-41.425,175.425,18.944884439169982,16.136884439169982
6513,6552,105.0,-41.425,175.475,18.382525664750574,17.752525664750575
6514,6553,160.0,-41.425,175.525,17.762544163539133,16.80254416353913
6515,6554,42.0,-41.425,175.575,17.204355145480804,16.952355145480805
6516,6268,139.0,-41.375,175.625,16.476539995457642,15.642539995457643
6517,6377,227.0,-41.375,175.675,16.21765306965972,14.855653069659718
6518,6385,18.0,-41.375,175.725,16.08693017452788,15.978930174527878
6519,6555,179.0,-41.425,175.625,16.771407711932625,15.697407711932625
6520,6389,61.0,-41.325,172.125,14.22763986649079,13.86163986649079
6521,6394,105.0,-41.325,172.175,14.376519602352346,13.746519602352345
6522,6710,20.0,-41.225,172.125,14.012732186813082,13.892732186813083
6523,6711,144.0,-41.225,172.175,14.15378004052036,13.289780040520359
6524,6984,102.0,-41.275,172.125,14.12483133054775,13.51283133054775
6525,6985,65.0,-41.275,172.175,14.270942409835698,13.880942409835697
6526,6480,512.0,-41.325,172.225,14.517166188328702,11.445166188328702
6527,6481,645.0,-41.325,172.275,14.654482824946172,10.78448282494617
6528,6482,742.0,-41.325,172.325,14.792563620212604,10.340563620212604
6529,6483,1042.0,-41.325,172.375,14.934302783360181,8.682302783360182
6530,6712,307.0,-41.225,172.225,14.287156931502977,12.445156931502977
6531,6713,184.0,-41.225,172.275,14.41847966908972,13.314479669089721
6532,6714,1014.0,-41.225,172.325,14.552201817783498,8.468201817783498
6533,6715,509.0,-41.225,172.375,14.691689647785097,11.637689647785097
6534,6986,681.0,-41.275,172.225,14.406865953504166,10.320865953504168
6535,6987,133.0,-41.275,172.275,14.540928966984211,13.742928966984211
6536,6988,641.0,-41.275,172.325,14.67718275723746,10.83118275723746
6537,6989,1038.0,-41.275,172.375,14.81863548772526,8.590635487725258
6538,6484,720.0,-41.325,172.425,15.081966531070066,10.761966531070065
6539,6485,987.0,-41.325,172.475,15.237399220877705,9.315399220877705
6540,6486,841.0,-41.325,172.525,15.402047691452026,10.356047691452027
6541,6716,1039.0,-41.225,172.425,14.8399449714816,8.6059449714816
6542,6717,334.0,-41.225,172.475,14.999875756970141,12.995875756970142
6543,6718,482.0,-41.225,172.525,15.174382216326194,12.282382216326194
6544,6990,1116.0,-41.275,172.425,14.967901086805796,8.271901086805796
6545,6991,300.0,-41.275,172.475,15.127384358886047,13.327384358886047
6546,6992,688.0,-41.275,172.525,15.299310357710056,11.171310357710055
6547,6487,873.0,-41.325,172.575,15.57685935995687,10.33885935995687
6548,6488,677.0,-41.325,172.625,15.762045695817505,11.700045695817506
6549,6490,396.0,-41.325,172.675,15.956684647615475,13.580684647615476
6550,6491,197.0,-41.325,172.725,16.158134524608613,14.976134524608613
6551,6719,396.0,-41.225,172.575,15.366309589029697,12.990309589029698
6552,6720,999.0,-41.225,172.625,15.578234987067844,9.584234987067845
6553,6721,1603.0,-41.225,172.675,15.812018367454584,6.194018367454584
6554,6722,861.0,-41.225,172.725,16.068042417908146,10.902042417908145
6555,6993,1171.0,-41.275,172.575,15.485633837659407,8.459633837659407
6556,6994,710.0,-41.275,172.625,15.68780570266972,11.42780570266972
6557,6995,1261.0,-41.275,172.675,15.906356040359242,8.340356040359243
6558,6996,573.0,-41.275,172.725,16.14025919408232,12.702259194082318
6559,6493,303.0,-41.325,172.775,16.361228300680523,14.543228300680523
6560,6495,120.0,-41.325,172.825,16.557175029731297,15.837175029731297
6561,6501,269.0,-41.325,172.875,16.7319327133373,15.1179327133373
6562,6723,379.0,-41.225,172.775,16.344103253846697,14.070103253846696
6563,6724,105.0,-41.225,172.825,16.633966408819106,16.003966408819107
6564,6725,210.0,-41.225,172.875,16.92552527380758,15.66552527380758
6565,6997,257.0,-41.275,172.775,16.3860681118058,14.844068111805798
6566,6998,336.0,-41.275,172.825,16.636809933981567,14.620809933981567
6567,6999,119.0,-41.275,172.875,16.88053123863574,16.16653123863574
6568,6060,166.0,-41.275,172.975,17.257608181047544,16.261608181047546
6569,6066,90.0,-41.275,173.025,17.30156994171557,16.76156994171557
6570,6504,194.0,-41.325,172.925,16.863332974484365,15.699332974484365
6571,6507,327.0,-41.325,172.975,16.914759409522958,14.952759409522958
6572,6510,238.0,-41.325,173.025,16.81754776080561,15.389547760805609
6573,6513,81.0,-41.325,173.075,16.404390670199064,15.918390670199063
6574,6726,130.0,-41.225,172.925,17.19797485037998,16.417974850379977
6575,6727,90.0,-41.225,172.975,17.415866893177736,16.875866893177736
6576,6728,55.0,-41.225,173.025,17.51431510612747,17.18431510612747
6577,6729,74.0,-41.225,173.075,17.373181133421895,16.929181133421896
6578,7000,191.0,-41.275,172.925,17.097974036641972,15.951974036641971
6579,6071,3.0,-41.275,173.125,16.12969915143185,16.11169915143185
6580,6516,11.0,-41.325,173.125,15.29011803639878,15.22411803639878
6581,6601,22.0,-41.325,173.225,15.95045498770196,15.81845498770196
6582,6089,20.0,-41.275,173.275,19.604464738651586,19.484464738651585
6583,6093,69.0,-41.275,173.325,20.561250554466824,20.147250554466822
6584,6095,457.0,-41.275,173.375,20.979604816879146,18.237604816879145
6585,6107,968.0,-41.275,173.425,21.098314958187984,15.290314958187984
6586,6609,541.0,-41.325,173.275,18.6848777924788,15.4388777924788
6587,6615,667.0,-41.325,173.325,19.864373161955882,15.862373161955883
6588,6621,509.0,-41.325,173.375,20.423109412542544,17.369109412542546
6589,6627,691.0,-41.325,173.425,20.64055443412508,16.494554434125078
6590,6730,390.0,-41.225,173.375,21.170777114661178,18.830777114661178
6591,6731,260.0,-41.225,173.425,21.27997841181059,19.71997841181059
6592,6119,215.0,-41.275,173.475,21.022193433083885,19.732193433083886
6593,6217,204.0,-41.275,173.525,20.8127223869742,19.5887223869742
6594,6219,40.0,-41.275,173.575,20.512056489973475,20.272056489973476
6595,6221,93.0,-41.275,173.625,20.152019141878554,19.594019141878555
6596,6633,153.0,-41.325,173.475,20.63767561810164,19.71967561810164
6597,6639,240.0,-41.325,173.525,20.483459094110003,19.043459094110002
6598,6688,700.0,-41.325,173.575,20.223857345288707,16.023857345288707
6599,6693,601.0,-41.325,173.625,19.89265309230177,16.28665309230177
6600,6732,693.0,-41.225,173.475,21.18654728270667,17.02854728270667
6601,6733,594.0,-41.225,173.525,20.959247482420324,17.395247482420324
6602,6734,120.0,-41.225,173.575,20.64379985280175,19.92379985280175
6603,6735,140.0,-41.225,173.625,20.273983491988474,19.433983491988474
6604,6223,78.0,-41.275,173.675,19.758155824929418,19.290155824929418
6605,6225,20.0,-41.275,173.725,19.351718018620886,19.231718018620885
6606,6736,478.0,-41.225,173.675,19.876563002575494,17.008563002575496
6607,6737,769.0,-41.225,173.725,19.473489859910842,14.859489859910841
6608,6738,39.0,-41.225,173.775,19.08260035090825,18.84860035090825
6609,6778,75.0,-41.325,173.675,19.516415435577073,19.066415435577074
6610,6779,313.0,-41.325,173.725,19.117114514876448,17.239114514876448
6611,6780,204.0,-41.325,173.775,18.713727640440993,17.489727640440993
6612,6229,338.0,-41.275,173.825,18.56935391515799,16.54135391515799
6613,6232,383.0,-41.275,173.875,18.21908998213621,15.92108998213621
6614,6739,598.0,-41.225,173.825,18.717152342926056,15.129152342926055
6615,6740,79.0,-41.225,173.975,17.80849369544194,17.33449369544194
6616,6781,591.0,-41.325,173.825,18.323417808274826,14.777417808274826
6617,6782,711.0,-41.325,173.875,17.96239824913937,13.696398249139369
6618,6783,315.0,-41.325,173.925,17.645829756780586,15.755829756780585
6619,6784,43.0,-41.325,173.975,17.385283641997376,17.127283641997376
6620,6256,20.0,-41.275,174.075,17.221736729672557,17.101736729672556
6621,6262,244.0,-41.275,174.125,17.08081492008023,15.616814920080229
6622,6741,0.0,-41.225,174.025,17.559014194215706,17.559014194215706
6623,6742,0.0,-41.225,174.075,17.344559459492302,17.344559459492302
6624,6870,298.0,-41.325,174.025,17.184278946644554,15.396278946644554
6625,6880,498.0,-41.325,174.075,17.037138633369977,14.049138633369978
6626,6271,468.0,-41.275,174.175,16.980574852563223,14.172574852563223
6627,6370,286.0,-41.275,174.225,16.915724169486566,15.199724169486567
6628,6743,0.0,-41.225,174.225,16.98228728344111,16.98228728344111
6629,6881,355.0,-41.325,174.175,16.86227217256601,14.73227217256601
6630,6374,366.0,-41.275,174.625,16.758395046008445,14.562395046008445
6631,6455,284.0,-41.275,174.675,16.650338101580928,14.946338101580928
6632,6882,209.0,-41.325,174.675,16.35305535947191,15.09905535947191
6633,6577,149.0,-41.275,174.725,16.52422066060717,15.63022066060717
6634,6599,33.0,-41.275,174.775,16.538871595334058,16.340871595334058
6635,6744,79.0,-41.225,174.725,17.169169588152727,16.695169588152726
6636,6745,278.0,-41.225,174.775,17.18587936429867,15.517879364298672
6637,6746,201.0,-41.225,174.825,17.242969556979006,16.036969556979006
6638,6747,8.0,-41.225,174.875,17.19148123829109,17.14348123829109
6639,6883,296.0,-41.325,174.725,16.289488979084126,14.513488979084126
6640,6884,35.0,-41.325,174.775,16.434459321621034,16.224459321621033
6641,6885,20.0,-41.325,174.825,16.75075836763972,16.630758367639718
6642,6613,208.0,-41.275,174.925,17.01964870674783,15.77164870674783
6643,6619,101.0,-41.275,174.975,17.039484418384745,16.433484418384744
6644,6625,639.0,-41.275,175.025,17.138236517950645,13.304236517950645
6645,6748,20.0,-41.225,174.925,17.0311916357914,16.9111916357914
6646,6749,161.0,-41.225,174.975,16.865479306825364,15.899479306825365
6647,6750,275.0,-41.225,175.025,16.81196492014351,15.16196492014351
6648,6887,111.0,-41.325,174.925,17.070551643219005,16.404551643219005
6649,6888,403.0,-41.325,174.975,17.210436986666537,14.792436986666537
6650,6890,293.0,-41.325,175.025,17.41039597624149,15.65239597624149
6651,6631,434.0,-41.275,175.075,17.38224092305245,14.77824092305245
6652,6637,197.0,-41.275,175.125,17.787441314507305,16.605441314507306
6653,6691,1.0,-41.275,175.175,18.31741886411146,18.31141886411146
6654,6696,1.0,-41.275,175.225,18.90301120838012,18.89701120838012
6655,6751,522.0,-41.225,175.075,16.96817824795835,13.83617824795835
6656,6752,512.0,-41.225,175.125,17.352837911095776,14.280837911095777
6657,6753,20.0,-41.225,175.175,17.903317631320533,17.783317631320532
6658,6754,1.0,-41.225,175.225,18.533188292250998,18.527188292250997
6659,6968,183.0,-41.325,175.075,17.71004143819846,16.61204143819846
6660,6969,20.0,-41.325,175.125,18.11727274837176,17.99727274837176
6661,6970,15.0,-41.325,175.175,18.603907349261135,18.513907349261135
6662,6971,11.0,-41.325,175.225,19.111120007990394,19.045120007990395
6663,6697,4.0,-41.275,175.275,19.453005070949075,19.429005070949074
6664,6698,9.0,-41.275,175.325,19.847559760923104,19.793559760923106
6665,6699,53.0,-41.275,175.375,19.908256789560255,19.590256789560254
6666,6755,1.0,-41.225,175.275,19.144208591802453,19.138208591802453
6667,6756,4.0,-41.225,175.325,19.615644345740293,19.591644345740292
6668,6757,19.0,-41.225,175.375,19.780644225647848,19.666644225647847
6669,6972,122.0,-41.325,175.275,19.553744732242194,18.821744732242195
6670,6973,308.0,-41.325,175.325,19.816807836239605,17.968807836239606
6671,6974,295.0,-41.325,175.375,19.74811196351584,17.97811196351584
6672,6700,108.0,-41.275,175.425,19.322219235828015,18.674219235828016
6673,6701,97.0,-41.275,175.475,17.9063331823545,17.3243331823545
6674,6702,337.0,-41.275,175.525,16.676078136657452,14.654078136657452
6675,6703,198.0,-41.275,175.575,16.06592985766474,14.877929857664741
6676,6758,18.0,-41.225,175.425,19.321364955672834,19.213364955672834
6677,6759,47.0,-41.225,175.475,17.172926095436196,16.890926095436196
6678,6760,226.0,-41.225,175.525,16.061832955576392,14.705832955576392
6679,6761,183.0,-41.225,175.575,15.708097844220902,14.6100978442209
6680,6975,176.0,-41.325,175.425,19.192104504945746,18.136104504945745
6681,6976,131.0,-41.325,175.475,18.203984665718963,17.41798466571896
6682,6977,260.0,-41.325,175.525,17.208893195820565,15.648893195820564
6683,6978,329.0,-41.325,175.575,16.522316738242807,14.548316738242807
6684,6704,242.0,-41.275,175.625,15.82572208694728,14.37372208694728
6685,6705,80.0,-41.275,175.675,15.778968693392017,15.298968693392016
6686,6706,297.0,-41.275,175.725,15.82878100531343,14.04678100531343
6687,6707,258.0,-41.275,175.775,15.920679421826208,14.372679421826208
6688,6762,239.0,-41.225,175.625,15.650792757409363,14.216792757409364
6689,6763,167.0,-41.225,175.675,15.729778837843696,14.727778837843696
6690,6764,116.0,-41.225,175.725,15.86315740651844,15.16715740651844
6691,6765,453.0,-41.225,175.775,16.007124826766812,13.289124826766813
6692,6979,143.0,-41.325,175.625,16.140879655820754,15.282879655820754
6693,6980,165.0,-41.325,175.675,15.967642286666887,14.977642286666887
6694,6981,147.0,-41.325,175.725,15.919983865969698,15.037983865969698
6695,6982,327.0,-41.325,175.775,15.94204449710378,13.98004449710378
6696,6059,344.0,-41.225,175.875,16.253827540196653,14.189827540196653
6697,6073,194.0,-41.225,175.925,16.346616138951504,15.182616138951504
6698,6708,331.0,-41.275,175.825,16.0245027158453,14.0385027158453
6699,6709,17.0,-41.275,175.875,16.124656152893294,16.022656152893294
6700,6766,151.0,-41.225,175.825,16.140169360900472,15.234169360900472
6701,6983,319.0,-41.325,175.825,15.99868569091268,14.08468569091268
6702,6088,44.0,-41.175,172.125,13.895412913443579,13.63141291344358
6703,6109,397.0,-41.175,172.175,14.030334000875882,11.648334000875883
6704,6270,389.0,-41.075,172.125,13.662727815259132,11.328727815259132
6705,6364,894.0,-41.075,172.175,13.783457043315138,8.419457043315138
6706,6681,400.0,-41.025,172.125,13.552755697346583,11.152755697346583
6707,6682,1126.0,-41.025,172.175,13.665978423716297,6.909978423716297
6708,6927,437.0,-41.125,172.125,13.777746967192797,11.155746967192798
6709,6928,354.0,-41.125,172.175,13.905817513241345,11.781817513241345
6710,6117,374.0,-41.175,172.225,14.160259469255834,11.916259469255834
6711,6236,1212.0,-41.175,172.275,14.288395354142267,7.016395354142268
6712,6255,435.0,-41.175,172.325,14.418579683329881,11.808579683329882
6713,6263,950.0,-41.175,172.375,14.554297722454066,8.854297722454067
6714,6367,700.0,-41.075,172.225,13.901754836195323,9.701754836195324
6715,6373,1126.0,-41.075,172.275,14.01911410692992,7.26311410692992
6716,6390,720.0,-41.075,172.325,14.137801417920855,9.817801417920855
6717,6395,1055.0,-41.075,172.375,14.260488288367924,7.930488288367924
6718,6683,900.0,-41.025,172.225,13.777247329264355,8.377247329264357
6719,6684,616.0,-41.025,172.275,13.887658939507673,10.191658939507674
6720,6685,1103.0,-41.025,172.325,13.99893088319368,7.38093088319368
6721,6687,1355.0,-41.025,172.375,14.11321035047149,5.98321035047149
6722,6929,471.0,-41.125,172.225,14.030530752748746,11.204530752748745
6723,6930,514.0,-41.125,172.275,14.153981183990254,11.069981183990254
6724,6931,704.0,-41.125,172.325,14.27914105848322,10.055141058483219
6725,6932,774.0,-41.125,172.375,14.409181472132332,9.765181472132332
6726,6272,661.0,-41.175,172.425,14.698811066573398,10.732811066573397
6727,6369,511.0,-41.175,172.475,14.855382066689344,11.789382066689344
6728,6376,885.0,-41.175,172.525,15.027407861693064,9.717407861693065
6729,6518,1242.0,-41.075,172.425,14.390087300042069,6.938087300042069
6730,6602,860.0,-41.075,172.475,14.52977677686431,9.36977677686431
6731,6604,1291.0,-41.075,172.525,14.683128825719905,6.937128825719905
6732,6689,942.0,-41.025,172.425,14.232960805547918,8.580960805547917
6733,6694,1600.0,-41.025,172.475,14.360970074423676,4.7609700744236765
6734,6767,632.0,-41.025,172.525,14.500472534844448,10.708472534844448
6735,6933,1170.0,-41.125,172.425,14.547321100457339,7.527321100457339
6736,6934,1101.0,-41.125,172.475,14.696919068835996,8.090919068835996
6737,6935,1216.0,-41.125,172.525,14.861610417825432,7.565610417825432
6738,6454,823.0,-41.175,172.575,15.218438702257117,10.280438702257118
6739,6578,1237.0,-41.175,172.625,15.432021159540454,8.010021159540456
6740,6600,1013.0,-41.175,172.675,15.671247821432189,9.59324782143219
6741,6606,1555.0,-41.075,172.575,14.854280165563978,5.524280165563978
6742,6608,1437.0,-41.075,172.625,15.048080700726132,6.426080700726132
6743,6611,1164.0,-41.075,172.675,15.270059912250872,8.286059912250872
6744,6612,906.0,-41.175,172.725,15.937854130774213,10.501854130774213
6745,6617,388.0,-41.075,172.725,15.525799370967434,13.197799370967434
6746,6768,1650.0,-41.025,172.575,14.65538181654847,4.75538181654847
6747,6769,1107.0,-41.025,172.625,14.830646030241041,8.188646030241042
6748,6770,726.0,-41.025,172.675,15.032699693605537,10.676699693605537
6749,6771,669.0,-41.025,172.725,15.269696528717759,11.25569652871776
6750,6936,1504.0,-41.125,172.575,15.04539792653668,6.021397926536681
6751,6937,1084.0,-41.125,172.625,15.252612550484628,8.748612550484628
6752,6938,1124.0,-41.125,172.675,15.487574168968422,8.743574168968422
6753,6939,743.0,-41.125,172.725,15.753664151612611,11.295664151612613
6754,6618,614.0,-41.175,172.775,16.23074594476202,12.546745944762021
6755,6623,659.0,-41.075,172.775,15.818962888224632,11.864962888224632
6756,6624,562.0,-41.175,172.825,16.54402113991091,13.17202113991091
6757,6629,871.0,-41.075,172.825,16.147608253537328,10.921608253537329
6758,6630,264.0,-41.175,172.875,16.864726077677915,15.280726077677915
6759,6635,458.0,-41.075,172.875,16.50069859546784,13.75269859546784
6760,6772,513.0,-41.025,172.775,15.5501829902787,12.4721829902787
6761,6774,118.0,-41.025,172.825,15.877693772388739,15.169693772388738
6762,6775,666.0,-41.025,172.875,16.243314933417423,12.247314933417423
6763,6940,1053.0,-41.125,172.775,16.051501947913493,9.733501947913494
6764,6941,1030.0,-41.125,172.825,16.376311696803896,10.196311696803896
6765,6942,859.0,-41.125,172.875,16.71543765545357,11.56143765545357
6766,6636,62.0,-41.175,172.925,17.170412229403155,16.798412229403155
6767,6645,604.0,-41.075,172.925,16.858741344927694,13.234741344927695
6768,6646,135.0,-41.075,172.975,17.200198682156042,16.390198682156043
6769,6692,19.0,-41.175,172.975,17.426293968943355,17.312293968943354
6770,6773,22.0,-41.175,173.025,17.58492458116234,17.45292458116234
6771,6777,496.0,-41.025,172.925,16.626855069342128,13.650855069342128
6772,6786,106.0,-41.025,172.975,17.007759917076328,16.37175991707633
6773,6943,233.0,-41.125,172.925,17.047515586269583,15.649515586269583
6774,6944,17.0,-41.125,172.975,17.34488911572771,17.24288911572771
6775,6776,18.0,-41.175,173.425,21.211733422938778,21.103733422938777
6776,6647,84.0,-41.075,173.575,20.085924340857673,19.58192434085767
6777,6785,352.0,-41.175,173.475,21.135158363080336,19.023158363080334
6778,6871,398.0,-41.175,173.525,20.918145647494384,18.530145647494386
6779,6886,382.0,-41.175,173.575,20.609322728721963,18.31732272872196
6780,6889,526.0,-41.175,173.625,20.245317887140118,17.08931788714012
6781,6945,231.0,-41.125,173.525,20.708553284694062,19.322553284694063
6782,6946,487.0,-41.125,173.575,20.416733023126653,17.494733023126653
6783,6947,389.0,-41.125,173.625,20.066742854514814,17.732742854514814
6784,6648,263.0,-41.075,173.725,19.01172167394725,17.43372167394725
6785,6649,198.0,-41.075,173.775,18.654785703511152,17.466785703511153
6786,6788,240.0,-41.025,173.725,18.585604914373107,17.145604914373106
6787,6891,429.0,-41.175,173.675,19.855122971468518,17.28112297146852
6788,6895,596.0,-41.175,173.725,19.462329063278958,15.886329063278957
6789,6948,359.0,-41.125,173.675,19.688851428880298,17.534851428880298
6790,6949,357.0,-41.125,173.725,19.308067772255527,17.166067772255527
6791,6950,384.0,-41.125,173.775,18.944631988921174,16.640631988921175
6792,6650,58.0,-41.075,173.825,18.328691632154005,17.980691632154006
6793,6651,130.0,-41.075,173.875,18.04175059663794,17.26175059663794
6794,6896,52.0,-41.175,173.825,18.739255130651145,18.427255130651144
6795,6897,456.0,-41.175,173.925,18.14799296970341,15.411992969703409
6796,6898,28.0,-41.175,173.975,17.877941787288364,17.709941787288365
6797,6951,422.0,-41.125,173.825,18.613457378303792,16.081457378303792
6798,6952,24.0,-41.125,173.925,18.06605579380448,17.922055793804482
6799,6652,49.0,-41.075,174.025,17.272486921570817,16.978486921570816
6800,6653,526.0,-41.075,174.075,17.040460088359396,13.884460088359397
6801,6654,179.0,-41.075,174.125,16.872931822295868,15.798931822295868
6802,6790,315.0,-41.025,174.075,16.654985634897457,14.764985634897457
6803,6792,239.0,-41.025,174.125,16.52859171102864,15.09459171102864
6804,6899,100.0,-41.175,174.075,17.374450337063536,16.774450337063534
6805,6900,122.0,-41.175,174.125,17.18771714995819,16.45571714995819
6806,6953,297.0,-41.125,174.025,17.52902856907349,15.747028569073489
6807,6954,315.0,-41.125,174.075,17.280636766819953,15.390636766819952
6808,6955,174.0,-41.125,174.125,17.092363340496377,16.048363340496376
6809,6655,218.0,-41.075,174.175,16.778980100440094,15.470980100440094
6810,6794,330.0,-41.025,174.175,16.477285824510545,14.497285824510545
6811,6901,167.0,-41.175,174.175,17.059868734953852,16.057868734953853
6812,6956,10.0,-41.125,174.375,17.113891073207924,17.053891073207925
6813,6656,19.0,-41.075,174.875,17.903700404780466,17.789700404780465
6814,6902,123.0,-41.175,174.775,18.009097914444283,17.271097914444283
6815,6903,39.0,-41.175,174.825,17.85752959355159,17.623529593551588
6816,6904,382.0,-41.175,174.875,17.519853686420902,15.227853686420902
6817,6957,41.0,-41.125,174.825,18.43316389957181,18.18716389957181
6818,6958,98.0,-41.125,174.875,17.81642091534377,17.22842091534377
6819,6657,99.0,-41.075,174.925,17.11900246731784,16.52500246731784
6820,6658,340.0,-41.075,174.975,16.445380311779445,14.405380311779446
6821,6659,338.0,-41.075,175.025,15.9970049158037,13.9690049158037
6822,6796,269.0,-41.025,174.925,16.94810933615736,15.334109336157358
6823,6798,366.0,-41.025,174.975,16.27828484730344,14.08228484730344
6824,6800,231.0,-41.025,175.025,15.845518010350133,14.459518010350134
6825,6905,162.0,-41.175,174.925,17.09667325974806,16.124673259748057
6826,6906,129.0,-41.175,174.975,16.702772534399628,15.928772534399627
6827,6907,359.0,-41.175,175.025,16.45727628353052,14.303276283530518
6828,6959,38.0,-41.125,174.925,17.153792566799893,16.925792566799892
6829,6960,170.0,-41.125,174.975,16.567775065201204,15.547775065201204
6830,6961,177.0,-41.125,175.025,16.162501699138375,15.100501699138375
6831,6660,396.0,-41.075,175.075,15.87304172074073,13.49704172074073
6832,6661,353.0,-41.075,175.125,16.061131352611483,13.943131352611482
6833,6662,235.0,-41.075,175.175,16.445058550849353,15.035058550849353
6834,6663,234.0,-41.075,175.225,16.946744642347767,15.542744642347767
6835,6802,404.0,-41.025,175.075,15.707133980587969,13.28313398058797
6836,6804,269.0,-41.025,175.125,15.836520610408115,14.222520610408115
6837,6806,538.0,-41.025,175.175,16.155097232078333,12.927097232078333
6838,6808,676.0,-41.025,175.225,16.578608906835143,12.522608906835142
6839,6908,200.0,-41.175,175.075,16.50381403103347,15.303814031033472
6840,6909,691.0,-41.175,175.125,16.858990301425365,12.712990301425364
6841,6910,362.0,-41.175,175.175,17.39879497728907,15.226794977289071
6842,6911,261.0,-41.175,175.225,18.024299641665493,16.458299641665494
6843,6962,77.0,-41.125,175.075,16.10369252453711,15.64169252453711
6844,6963,169.0,-41.125,175.125,16.401200362082818,15.387200362082819
6845,6964,487.0,-41.125,175.175,16.881764278308765,13.959764278308764
6846,6965,531.0,-41.125,175.225,17.457551650410096,14.271551650410096
6847,6053,38.0,-41.125,175.375,18.363313557703805,18.135313557703803
6848,6664,543.0,-41.075,175.275,17.431570499231384,14.173570499231385
6849,6665,375.0,-41.075,175.325,17.747988921506476,15.497988921506476
6850,6666,92.0,-41.075,175.375,17.779309990064576,17.227309990064576
6851,6810,893.0,-41.025,175.275,16.99815321934875,11.64015321934875
6852,6812,602.0,-41.025,175.325,17.300356724581434,13.688356724581434
6853,6892,600.0,-41.025,175.375,17.41260963019522,13.81260963019522
6854,6912,1.0,-41.175,175.275,18.626712338891593,18.620712338891593
6855,6913,4.0,-41.175,175.325,19.064795275162396,19.040795275162395
6856,6914,14.0,-41.175,175.375,19.138557584146838,19.05455758414684
6857,6966,341.0,-41.125,175.275,18.00651583987201,15.96051583987201
6858,6967,27.0,-41.125,175.325,18.368672100539698,18.2066721005397
6859,6063,47.0,-41.125,175.425,17.82394328085138,17.54194328085138
6860,6065,42.0,-41.125,175.475,16.91307713635615,16.661077136356152
6861,6068,199.0,-41.125,175.525,16.250866794991452,15.056866794991453
6862,6076,79.0,-41.025,175.525,17.03587597945443,16.56187597945443
6863,6079,85.0,-41.025,175.575,17.04536023587025,16.535360235870247
6864,6091,130.0,-41.125,175.575,16.036393896705704,15.256393896705704
6865,6667,74.0,-41.075,175.425,17.487530166128636,17.043530166128637
6866,6668,52.0,-41.075,175.475,17.019673174861964,16.707673174861963
6867,6669,59.0,-41.075,175.525,16.65599091855256,16.301990918552562
6868,6670,73.0,-41.075,175.575,16.538766493689764,16.100766493689765
6869,6893,250.0,-41.025,175.425,17.33455229681931,15.83455229681931
6870,6894,76.0,-41.025,175.475,17.161170657227558,16.70517065722756
6871,6915,45.0,-41.175,175.425,18.477465034566194,18.207465034566194
6872,6916,39.0,-41.175,175.475,16.857502172782915,16.623502172782914
6873,6917,94.0,-41.175,175.525,15.93118316750224,15.36718316750224
6874,6918,186.0,-41.175,175.575,15.69534277422099,14.57934277422099
6875,6086,97.0,-41.025,175.625,17.164481658448494,16.582481658448494
6876,6101,121.0,-41.125,175.625,16.087684979602273,15.361684979602273
6877,6110,154.0,-41.025,175.675,17.288937400991927,16.364937400991927
6878,6116,227.0,-41.025,175.725,17.37713937801891,16.01513937801891
6879,6179,479.0,-41.125,175.675,16.241281199736477,13.367281199736476
6880,6216,223.0,-41.125,175.725,16.408014825108694,15.070014825108695
6881,6226,221.0,-41.125,175.775,16.549170124624652,15.223170124624652
6882,6237,270.0,-41.025,175.775,17.4045344988117,15.784534498811698
6883,6671,55.0,-41.075,175.625,16.607665641631684,16.277665641631685
6884,6672,119.0,-41.075,175.675,16.74337347500841,16.029373475008413
6885,6673,317.0,-41.075,175.725,16.87225576239507,14.970255762395071
6886,6674,201.0,-41.075,175.775,16.963295586279855,15.757295586279856
6887,6919,220.0,-41.175,175.625,15.735087728260623,14.415087728260623
6888,6920,281.0,-41.175,175.675,15.882811147135726,14.196811147135726
6889,6921,232.0,-41.175,175.725,16.057092379614915,14.665092379614915
6890,6922,379.0,-41.175,175.775,16.218938141009858,13.944938141009857
6891,6235,220.0,-41.125,175.825,16.654571857456176,15.334571857456176
6892,6240,238.0,-41.125,175.875,16.7274576579548,15.2994576579548
6893,6244,202.0,-41.025,175.825,17.39090286213832,16.17890286213832
6894,6245,287.0,-41.125,175.925,16.774884139056667,15.052884139056667
6895,6246,215.0,-41.025,175.875,17.35629513200547,16.06629513200547
6896,6249,291.0,-41.025,175.925,17.31149509944953,15.56549509944953
6897,6675,206.0,-41.075,175.825,17.015111300279386,15.779111300279386
6898,6676,233.0,-41.075,175.875,17.037893496988545,15.639893496988545
6899,6677,322.0,-41.075,175.925,17.04138885359498,15.10938885359498
6900,6923,302.0,-41.175,175.825,16.353387465223932,14.541387465223933
6901,6924,306.0,-41.175,175.875,16.458271054860234,14.622271054860233
6902,6925,322.0,-41.175,175.925,16.536965763083572,14.604965763083571
6903,6250,210.0,-41.125,175.975,16.803598019072524,15.543598019072524
6904,6261,20.0,-41.125,176.025,16.81894008690142,16.69894008690142
6905,6265,287.0,-41.025,175.975,17.262501939232607,15.540501939232607
6906,6371,178.0,-41.025,176.025,17.212883318694367,16.144883318694365
6907,6456,84.0,-41.025,176.075,17.164681337697402,16.6606813376974
6908,6678,278.0,-41.075,175.975,17.032631531681545,15.364631531681546
6909,6679,105.0,-41.075,176.025,17.016399031166657,16.386399031166658
6910,6680,22.0,-41.075,176.075,16.99579529204493,16.86379529204493
6911,6926,61.0,-41.175,175.975,16.594389269430394,16.228389269430394
6912,6576,46.0,-40.975,172.125,13.44992834036384,13.17392834036384
6913,6598,202.0,-40.975,172.175,13.555833394406363,12.343833394406364
6914,6834,381.0,-40.925,172.125,13.35607482648993,11.07007482648993
6915,6835,107.0,-40.925,172.175,13.455186647905066,12.813186647905066
6916,7001,761.0,-40.875,172.175,13.36583900192636,8.799839001926362
6917,6614,820.0,-40.975,172.225,13.660012205502426,8.740012205502428
6918,6620,571.0,-40.975,172.275,13.76327287017557,10.33727287017557
6919,6626,925.0,-40.975,172.325,13.866907935371273,8.316907935371272
6920,6632,904.0,-40.975,172.375,13.97259357686562,8.54859357686562
6921,6836,77.0,-40.925,172.225,13.552703289115016,13.090703289115016
6922,6837,802.0,-40.925,172.275,13.649227722838987,8.837227722838987
6923,6838,778.0,-40.925,172.325,13.745742231258191,9.077742231258192
6924,6839,1038.0,-40.925,172.375,13.843555305422342,7.615555305422341
6925,7002,782.0,-40.875,172.225,13.457512697539642,8.765512697539641
6926,7003,792.0,-40.875,172.275,13.548216246665106,8.796216246665107
6927,7004,732.0,-40.875,172.325,13.638737590365054,9.246737590365054
6928,7005,718.0,-40.875,172.375,13.730152409239963,9.422152409239963
6929,6638,908.0,-40.975,172.425,14.08231985549719,8.63431985549719
6930,6686,442.0,-40.975,172.475,14.198396613282966,11.546396613282967
6931,6690,1140.0,-40.975,172.525,14.323559311149438,7.483559311149438
6932,6840,347.0,-40.925,172.425,13.944262063097995,11.862262063097994
6933,6841,557.0,-40.925,172.475,14.049752504470234,10.707752504470234
6934,6842,900.0,-40.925,172.525,14.162297039591067,8.762297039591068
6935,7006,781.0,-40.875,172.425,13.823811434685922,9.137811434685922
6936,7007,162.0,-40.875,172.475,13.921363869747438,12.949363869747438
6937,7008,571.0,-40.875,172.525,14.02484586196806,10.59884586196806
6938,6695,1174.0,-40.975,172.575,14.46121002369182,7.41721002369182
6939,6787,1617.0,-40.975,172.625,14.61587778694593,4.91387778694593
6940,6789,1166.0,-40.975,172.675,14.794078530547267,7.798078530547268
6941,6791,314.0,-40.975,172.725,15.005827103777847,13.121827103777846
6942,6843,1327.0,-40.925,172.575,14.284751672887069,6.322751672887069
6943,6844,882.0,-40.925,172.625,14.420975104399986,9.128975104399986
6944,6845,335.0,-40.925,172.675,14.576690126628819,12.566690126628819
6945,6846,1028.0,-40.925,172.725,14.761468770484498,8.593468770484499
6946,7009,1167.0,-40.875,172.575,14.136876648510224,7.134876648510224
6947,7010,1324.0,-40.875,172.625,14.261045617960917,6.317045617960917
6948,7011,580.0,-40.875,172.675,14.402682499334333,10.922682499334332
6949,7012,295.0,-40.875,172.725,14.57054666098702,12.80054666098702
6950,6793,494.0,-40.975,172.775,15.266073819511803,12.302073819511802
6951,6795,58.0,-40.975,172.825,15.58879686716682,15.24079686716682
6952,6797,838.0,-40.975,172.875,15.967063921878434,10.939063921878434
6953,6847,81.0,-40.925,172.775,14.99415963026695,14.508159630266949
6954,6848,39.0,-40.925,172.825,15.308983914015698,15.074983914015698
6955,6849,861.0,-40.925,172.875,15.700979396995535,10.534979396995535
6956,7013,39.0,-40.875,172.775,14.781635160716178,14.547635160716178
6957,7014,42.0,-40.875,172.825,15.086162732863158,14.834162732863158
6958,7015,581.0,-40.875,172.875,15.48100972227985,11.99500972227985
6959,6799,914.0,-40.975,172.925,16.373694652236736,10.889694652236736
6960,6801,259.0,-40.975,172.975,16.784282147405975,15.230282147405974
6961,6803,286.0,-40.975,173.025,17.186680601123953,15.470680601123954
6962,6850,841.0,-40.925,172.925,16.124113146399395,11.078113146399396
6963,6851,569.0,-40.925,172.975,16.55044312891914,13.136443128919142
6964,6852,202.0,-40.925,173.025,16.96644513528736,15.754445135287359
6965,7016,612.0,-40.875,172.925,15.903385114626872,12.231385114626871
6966,7017,488.0,-40.875,172.975,16.326936253140957,13.398936253140956
6967,7018,202.0,-40.875,173.025,16.737055447221792,15.525055447221792
6968,6805,363.0,-40.975,173.825,17.332837871526863,15.154837871526862
6969,6853,0.0,-40.925,173.825,16.681503161380533,16.681503161380533
6970,7019,124.0,-40.875,173.825,15.97478194282121,15.23078194282121
6971,7020,62.0,-40.875,173.875,15.616857950742997,15.244857950742997
6972,6807,20.0,-40.975,174.975,16.05570685017301,15.93570685017301
6973,6809,309.0,-40.975,175.025,15.67968266095886,13.825682660958861
6974,6854,266.0,-40.925,175.025,15.552393016803762,13.956393016803762
6975,7021,14.0,-40.875,175.025,15.570841489132363,15.486841489132363
6976,6811,413.0,-40.975,175.075,15.577530130412924,13.099530130412925
6977,6813,362.0,-40.975,175.125,15.699972760105084,13.527972760105083
6978,6814,599.0,-40.975,175.175,15.981840542241116,12.387840542241117
6979,6815,806.0,-40.975,175.225,16.35071283461002,11.514712834610021
6980,6855,163.0,-40.925,175.075,15.514185319061653,14.536185319061653
6981,6856,247.0,-40.925,175.125,15.651317084491893,14.169317084491894
6982,6857,696.0,-40.925,175.175,15.913894359422557,11.737894359422556
6983,6858,496.0,-40.925,175.225,16.247850535024554,13.271850535024555
6984,7022,72.0,-40.875,175.075,15.563136049426248,15.131136049426248
6985,7023,221.0,-40.875,175.125,15.703789095716274,14.377789095716274
6986,7024,533.0,-40.875,175.175,15.948819160052153,12.750819160052153
6987,7025,189.0,-40.875,175.225,16.256165700790007,15.122165700790006
6988,6816,1037.0,-40.975,175.275,16.725384518180363,10.503384518180363
6989,6817,774.0,-40.975,175.325,17.029618199789184,12.385618199789183
6990,6818,480.0,-40.975,175.375,17.21794555665292,14.337945556652922
6991,6859,796.0,-40.925,175.275,16.59555029978401,11.819550299784009
6992,6860,742.0,-40.925,175.325,16.9060162664191,12.454016266419101
6993,6861,460.0,-40.925,175.375,17.14938627076299,14.389386270762989
6994,7026,443.0,-40.875,175.275,16.58394693064656,13.925946930646562
6995,7027,671.0,-40.875,175.325,16.89640333076204,12.870403330762041
6996,7028,563.0,-40.875,175.375,17.171639463400425,13.793639463400424
6997,6819,298.0,-40.975,175.425,17.294586695410544,15.506586695410544
6998,6820,318.0,-40.975,175.475,17.31470675102537,15.40670675102537
6999,6821,127.0,-40.975,175.525,17.354334894387648,16.592334894387648
7000,6822,120.0,-40.975,175.575,17.46084654267179,16.74084654267179
7001,6862,640.0,-40.925,175.425,17.326449231048173,13.486449231048173
7002,6863,246.0,-40.925,175.475,17.465758048803764,15.989758048803765
7003,6864,282.0,-40.925,175.525,17.605440080445987,15.913440080445987
7004,6865,181.0,-40.925,175.575,17.767464331103838,16.68146433110384
7005,7029,1131.0,-40.875,175.425,17.405955733680457,10.619955733680456
7006,7030,779.0,-40.875,175.475,17.610862567655204,12.936862567655204
7007,7031,502.0,-40.875,175.525,17.802415351752643,14.790415351752642
7008,7032,213.0,-40.875,175.575,17.98756994107316,16.709569941073163
7009,6823,111.0,-40.975,175.625,17.618405754870764,16.952405754870764
7010,6824,95.0,-40.975,175.675,17.766209459530728,17.196209459530728
7011,6825,106.0,-40.975,175.725,17.836659949916793,17.200659949916794
7012,6826,172.0,-40.975,175.775,17.80260112146061,16.77060112146061
7013,6866,131.0,-40.925,175.625,17.941063888074495,17.155063888074494
7014,6867,136.0,-40.925,175.675,18.088161511061116,17.272161511061118
7015,6868,138.0,-40.925,175.725,18.145375688756758,17.31737568875676
7016,6869,185.0,-40.925,175.775,18.09433840076781,16.98433840076781
7017,7033,167.0,-40.875,175.625,18.155363145755473,17.153363145755474
7018,7034,156.0,-40.875,175.675,18.277429493069576,17.341429493069576
7019,7035,292.0,-40.875,175.725,18.31947067938745,16.56747067938745
7020,7036,175.0,-40.875,175.775,18.275769723535632,17.22576972353563
7021,6827,200.0,-40.975,175.825,17.731297730286315,16.531297730286315
7022,6828,204.0,-40.975,175.875,17.6469125792064,16.4229125792064
7023,6829,268.0,-40.975,175.925,17.559432888603624,15.951432888603623
7024,6872,129.0,-40.925,175.825,17.996491000081733,17.22249100008173
7025,6873,187.0,-40.925,175.875,17.88227295568504,16.76027295568504
7026,6874,186.0,-40.925,175.925,17.765102188343008,16.649102188343008
7027,7037,274.0,-40.875,175.825,18.17674235411141,16.532742354111413
7028,7038,174.0,-40.875,175.875,18.051819135060214,17.007819135060213
7029,7039,320.0,-40.875,175.925,17.91874702259338,15.99874702259338
7030,6830,233.0,-40.975,175.975,17.474029388220515,16.076029388220515
7031,6831,80.0,-40.975,176.025,17.3935989209931,16.9135989209931
7032,6832,207.0,-40.975,176.075,17.319638166831282,16.07763816683128
7033,6833,98.0,-40.975,176.125,17.25246966857958,16.664469668579578
7034,6875,175.0,-40.925,175.975,17.65187986654564,16.60187986654564
7035,6876,89.0,-40.925,176.025,17.546353322453797,17.012353322453798
7036,6877,49.0,-40.925,176.075,17.45044736996715,17.15644736996715
7037,6878,272.0,-40.925,176.125,17.364758217830968,15.732758217830968
7038,7040,292.0,-40.875,175.975,17.78752469739993,16.035524697399932
7039,7041,121.0,-40.875,176.025,17.663745757832658,16.93774575783266
7040,7044,39.0,-40.875,176.075,17.550408352468367,17.316408352468365
7041,7045,82.0,-40.875,176.125,17.448771666600805,16.956771666600805
7042,6879,85.0,-40.925,176.175,17.288424028061854,16.778424028061853
7043,7046,143.0,-40.875,176.175,17.35843963224397,16.50043963224397
7044,7047,2.0,-40.875,176.225,17.275887844120007,17.263887844120006
7045,7048,292.0,-40.825,172.175,13.289149833784904,11.537149833784904
7046,7049,688.0,-40.825,172.225,13.376063479528966,9.248063479528966
7047,7050,592.0,-40.825,172.275,13.462191646285646,9.910191646285647
7048,7051,729.0,-40.825,172.325,13.548238302144455,9.174238302144456
7049,7056,453.0,-40.825,172.375,13.635185786362854,10.917185786362854
7050,7093,131.0,-40.775,172.275,13.39228588482365,12.60628588482365
7051,7094,85.0,-40.775,172.325,13.475510686850612,12.965510686850612
7052,7095,140.0,-40.775,172.375,13.560025848757505,12.720025848757505
7053,7324,86.0,-40.725,172.375,13.504686779102485,12.988686779102485
7054,7057,514.0,-40.825,172.425,13.724311953454162,10.640311953454162
7055,7058,160.0,-40.825,172.475,13.817244694640976,12.857244694640976
7056,7059,239.0,-40.825,172.525,13.916086124958383,12.482086124958384
7057,7096,844.0,-40.775,172.425,13.64717243477935,8.58317243477935
7058,7097,364.0,-40.775,172.475,13.73871910480375,11.554719104803748
7059,7098,355.0,-40.775,172.525,13.837026435885491,11.707026435885492
7060,7329,256.0,-40.725,172.425,13.592014536792703,12.056014536792704
7061,7337,183.0,-40.725,172.475,13.684721769586758,12.586721769586758
7062,7436,657.0,-40.725,172.525,13.785428793802566,9.843428793802566
7063,7614,192.0,-40.675,172.425,13.55712230460631,12.40512230460631
7064,7615,152.0,-40.675,172.475,13.65256108048743,12.740561080487431
7065,7616,389.0,-40.675,172.525,13.757152398913604,11.423152398913604
7066,7060,522.0,-40.825,172.575,14.023659431153646,10.891659431153647
7067,7061,624.0,-40.825,172.625,14.143983747086168,10.399983747086168
7068,7062,981.0,-40.825,172.675,14.28322077453413,8.39722077453413
7069,7063,342.0,-40.825,172.725,14.451734790129194,12.399734790129195
7070,7099,59.0,-40.775,172.575,13.94533957540989,13.59133957540989
7071,7100,294.0,-40.775,172.625,14.068298575675726,12.304298575675727
7072,7101,415.0,-40.775,172.675,14.21280294619828,11.72280294619828
7073,7102,60.0,-40.775,172.725,14.38927539299766,14.029275392997661
7074,7447,86.0,-40.725,172.575,13.897684528325044,13.381684528325044
7075,7449,32.0,-40.725,172.625,14.026344399448135,13.834344399448135
7076,7451,15.0,-40.725,172.675,14.177998839249994,14.087998839249995
7077,7617,459.0,-40.675,172.575,13.874452933672728,11.120452933672729
7078,7618,95.0,-40.675,172.625,14.009003136792671,13.439003136792671
7079,7064,44.0,-40.825,172.775,14.668722742349928,14.404722742349929
7080,7065,231.0,-40.825,172.925,15.726293505042122,14.340293505042123
7081,7066,300.0,-40.825,172.975,16.128027063503396,14.328027063503395
7082,7067,157.0,-40.825,173.825,15.24901558404963,14.30701558404963
7083,7068,164.0,-40.825,173.875,14.867258526723163,13.883258526723163
7084,7069,20.0,-40.825,175.075,15.726346100941555,15.606346100941556
7085,7070,119.0,-40.825,175.125,15.854481211130405,15.140481211130405
7086,7071,282.0,-40.825,175.175,16.077103414028898,14.385103414028897
7087,7072,323.0,-40.825,175.225,16.358609195956888,14.420609195956887
7088,7103,17.0,-40.775,175.125,16.080775814625667,15.978775814625667
7089,7104,32.0,-40.775,175.175,16.279554886926235,16.087554886926235
7090,7105,203.0,-40.775,175.225,16.534553047115878,15.316553047115878
7091,7453,19.0,-40.725,175.175,16.53292979816615,16.41892979816615
7092,7455,93.0,-40.725,175.225,16.761994834512734,16.203994834512734
7093,7619,20.0,-40.675,175.175,16.815411400319135,16.695411400319134
7094,7620,21.0,-40.675,175.225,17.02006071152573,16.89406071152573
7095,7073,669.0,-40.825,175.275,16.666232993515223,12.652232993515224
7096,7074,705.0,-40.825,175.325,16.97263165186814,12.742631651868141
7097,7075,746.0,-40.825,175.375,17.25952406020042,12.78352406020042
7098,7106,642.0,-40.775,175.275,16.819397795087752,12.967397795087752
7099,7108,711.0,-40.775,175.325,17.111697393538634,12.845697393538634
7100,7112,858.0,-40.775,175.375,17.394811735292024,12.246811735292024
7101,7459,426.0,-40.725,175.275,17.021993961013322,14.465993961013323
7102,7460,669.0,-40.725,175.325,17.294230121422515,13.280230121422516
7103,7463,800.0,-40.725,175.375,17.56318795013067,12.763187950130668
7104,7621,58.0,-40.675,175.275,17.254443364043254,16.906443364043255
7105,7622,146.0,-40.675,175.325,17.503210817154468,16.627210817154467
7106,7623,286.0,-40.675,175.375,17.752112642087013,16.036112642087012
7107,7076,1025.0,-40.825,175.425,17.51935605489598,11.369356054895981
7108,7077,565.0,-40.825,175.475,17.753005674236192,14.363005674236192
7109,7078,589.0,-40.825,175.525,17.96371529998578,14.42971529998578
7110,7079,400.0,-40.825,175.575,18.149925830439315,15.749925830439315
7111,7115,1134.0,-40.775,175.425,17.658379195019734,10.854379195019735
7112,7122,827.0,-40.775,175.475,17.896802132514495,12.934802132514495
7113,7131,555.0,-40.775,175.525,18.10600515449005,14.776005154490049
7114,7140,399.0,-40.775,175.575,18.279993996004123,15.885993996004123
7115,7469,930.0,-40.725,175.425,17.816783716440113,12.236783716440113
7116,7473,834.0,-40.725,175.475,18.045570387595035,13.041570387595035
7117,7476,448.0,-40.725,175.525,18.24127912969925,15.55327912969925
7118,7481,618.0,-40.725,175.575,18.395602663098543,14.687602663098543
7119,7624,994.0,-40.675,175.425,17.98828497590148,12.02428497590148
7120,7625,543.0,-40.675,175.475,18.200019207146397,14.942019207146398
7121,7626,749.0,-40.675,175.525,18.37643260120967,13.882432601209672
7122,7627,471.0,-40.675,175.575,18.507645329022125,15.681645329022125
7123,7080,220.0,-40.825,175.625,18.300933934920977,16.980933934920976
7124,7081,228.0,-40.825,175.675,18.398442583929864,17.030442583929865
7125,7082,347.0,-40.825,175.725,18.425965676022315,16.343965676022314
7126,7083,185.0,-40.825,175.775,18.383041908031373,17.273041908031374
7127,7149,376.0,-40.775,175.625,18.409294575556487,16.153294575556487
7128,7158,285.0,-40.775,175.675,18.482885782115773,16.77288578211577
7129,7167,509.0,-40.775,175.725,18.49371869139941,15.439718691399408
7130,7262,280.0,-40.775,175.775,18.4445517635304,16.7645517635304
7131,7488,334.0,-40.725,175.625,18.500247767218752,16.49624776721875
7132,7578,321.0,-40.725,175.675,18.54877533236504,16.62277533236504
7133,7582,240.0,-40.725,175.725,18.539613990478756,17.099613990478755
7134,7588,319.0,-40.725,175.775,18.478224084670728,16.564224084670727
7135,7628,420.0,-40.675,175.625,18.585911750220475,16.065911750220476
7136,7629,255.0,-40.675,175.675,18.60755052692184,17.07755052692184
7137,7630,375.0,-40.675,175.725,18.57474854165048,16.32474854165048
7138,7631,254.0,-40.675,175.775,18.495897399812748,16.971897399812747
7139,7084,260.0,-40.825,175.825,18.287205307631666,16.727205307631667
7140,7085,224.0,-40.825,175.875,18.160696439868843,16.816696439868842
7141,7086,194.0,-40.825,175.925,18.021064718064736,16.857064718064734
7142,7275,344.0,-40.775,175.825,18.34816693594439,16.28416693594439
7143,7289,391.0,-40.775,175.875,18.221466613287703,15.875466613287703
7144,7293,356.0,-40.775,175.925,18.079610847271397,15.943610847271398
7145,7594,224.0,-40.725,175.825,18.37620336805412,17.03220336805412
7146,7600,160.0,-40.725,175.875,18.247549746469303,17.287549746469303
7147,7606,283.0,-40.725,175.925,18.10482147492803,16.40682147492803
7148,7632,257.0,-40.675,175.825,18.383563394352677,16.841563394352676
7149,7633,205.0,-40.675,175.875,18.25073175801481,17.020731758014808
7150,7634,283.0,-40.675,175.925,18.107612111816707,16.409612111816706
7151,7087,257.0,-40.825,175.975,17.879864978885962,16.33786497888596
7152,7088,219.0,-40.825,176.025,17.744117412585183,16.430117412585183
7153,7089,60.0,-40.825,176.075,17.61783305931749,17.25783305931749
7154,7090,271.0,-40.825,176.125,17.502973919526994,15.876973919526995
7155,7299,284.0,-40.775,175.975,17.933690070529337,16.229690070529337
7156,7302,243.0,-40.775,176.025,17.790958367764688,16.33295836776469
7157,7304,234.0,-40.775,176.075,17.65590009691732,16.25190009691732
7158,7306,181.0,-40.775,176.125,17.531185693616862,16.445185693616864
7159,7607,302.0,-40.725,175.975,17.95734059204915,16.14534059204915
7160,7608,346.0,-40.725,176.025,17.81137191410562,15.73537191410562
7161,7609,270.0,-40.725,176.075,17.671135404440065,16.051135404440064
7162,7610,180.0,-40.725,176.125,17.539787058207366,16.459787058207368
7163,7635,267.0,-40.675,175.975,17.960842278851487,16.358842278851487
7164,7636,257.0,-40.675,176.025,17.814601728256093,16.27260172825609
7165,7637,262.0,-40.675,176.075,17.672084670433833,16.100084670433834
7166,7638,260.0,-40.675,176.125,17.536544759133903,15.976544759133903
7167,7091,259.0,-40.825,176.175,17.399757288163528,15.845757288163528
7168,7092,57.0,-40.825,176.225,17.30681128274955,16.96481128274955
7169,7311,199.0,-40.775,176.175,17.41828640748281,16.22428640748281
7170,7320,60.0,-40.775,176.225,17.31811534890221,16.95811534890221
7171,7611,174.0,-40.725,176.175,17.420099090173608,16.376099090173607
7172,7612,302.0,-40.725,176.225,17.314904571918305,15.502904571918306
7173,7613,67.0,-40.725,176.275,17.227265961741068,16.825265961741067
7174,7639,298.0,-40.675,176.175,17.411869223002213,15.623869223002213
7175,7640,334.0,-40.675,176.225,17.30272068819977,15.29872068819977
7176,7641,140.0,-40.675,176.275,17.214053023788438,16.374053023788438
7177,7642,164.0,-40.675,176.325,17.14982682027403,16.16582682027403
7178,7137,81.0,-40.575,172.675,14.178231964542647,13.692231964542646
7179,7643,265.0,-40.625,172.575,13.869352254674595,12.279352254674595
7180,7644,366.0,-40.625,172.625,14.008298282684336,11.812298282684337
7181,7645,23.0,-40.625,172.675,14.168528088699532,14.030528088699532
7182,7667,77.0,-40.525,172.675,14.191376996308463,13.729376996308464
7183,7670,57.0,-40.525,172.725,14.36567014224056,14.02367014224056
7184,7146,20.0,-40.575,175.225,17.556407424417557,17.436407424417556
7185,7646,20.0,-40.625,175.225,17.29024180013039,17.170241800130388
7186,7672,12.0,-40.525,175.225,17.804261262808723,17.732261262808724
7187,7155,20.0,-40.575,175.275,17.739989731762762,17.61998973176276
7188,7164,24.0,-40.575,175.325,17.939056296909257,17.79505629690926
7189,7281,38.0,-40.575,175.375,18.142821820621975,17.914821820621974
7190,7647,30.0,-40.625,175.275,17.49910511152848,17.31910511152848
7191,7648,53.0,-40.625,175.325,17.723076666068664,17.405076666068663
7192,7649,264.0,-40.625,175.375,17.94948574523005,16.36548574523005
7193,7673,18.0,-40.525,175.275,17.962315730615956,17.854315730615955
7194,7677,3.0,-40.525,175.325,18.136707371622833,18.118707371622833
7195,7682,4.0,-40.525,175.375,18.318778577920966,18.294778577920965
7196,7283,106.0,-40.575,175.425,18.338911046857902,17.702911046857903
7197,7286,312.0,-40.575,175.475,18.51349506436236,16.64149506436236
7198,7297,455.0,-40.575,175.525,18.651770465115987,15.921770465115987
7199,7308,482.0,-40.575,175.575,18.739566943406317,15.847566943406317
7200,7650,261.0,-40.625,175.425,18.165423665428534,16.599423665428535
7201,7651,463.0,-40.625,175.475,18.357834843465753,15.579834843465752
7202,7652,697.0,-40.625,175.525,18.51383032474223,14.331830324742231
7203,7653,470.0,-40.625,175.575,18.621788460899552,15.801788460899552
7204,7687,9.0,-40.525,175.425,18.49719145402014,18.44319145402014
7205,7692,40.0,-40.525,175.475,18.657906907759752,18.417906907759754
7206,7697,455.0,-40.525,175.525,18.784296265177545,16.054296265177545
7207,7702,522.0,-40.525,175.575,18.858447659942613,15.726447659942613
7208,7315,259.0,-40.575,175.625,18.76673907141594,17.212739071415943
7209,7327,199.0,-40.575,175.675,18.73131839088819,17.537318390888192
7210,7335,205.0,-40.575,175.725,18.641492535454745,17.411492535454745
7211,7343,286.0,-40.575,175.775,18.514146421381156,16.798146421381155
7212,7654,241.0,-40.625,175.625,18.673505091770494,17.227505091770492
7213,7655,255.0,-40.625,175.675,18.666753117679036,17.136753117679035
7214,7656,220.0,-40.625,175.725,18.6068143232078,17.2868143232078
7215,7657,174.0,-40.625,175.775,18.50579893961185,17.46179893961185
7216,7707,515.0,-40.525,175.625,18.86594067004262,15.775940670042619
7217,7712,161.0,-40.525,175.675,18.803770066715515,17.837770066715514
7218,7717,199.0,-40.525,175.725,18.683455195550778,17.48945519555078
7219,7722,160.0,-40.525,175.775,18.52706670758198,17.56706670758198
7220,7437,224.0,-40.575,175.825,18.37048947407675,17.026489474076747
7221,7442,299.0,-40.575,175.875,18.227119303812287,16.433119303812287
7222,7465,304.0,-40.575,175.925,18.088320446564467,16.26432044656447
7223,7658,209.0,-40.625,175.825,18.379290909584597,17.125290909584596
7224,7659,121.0,-40.625,175.875,18.240952759228094,17.514952759228095
7225,7660,282.0,-40.625,175.925,18.098580276935536,16.406580276935536
7226,7781,181.0,-40.525,175.825,18.364093393931398,17.2780933939314
7227,7783,135.0,-40.525,175.875,18.219013427176833,17.409013427176834
7228,7785,284.0,-40.525,175.925,18.088529550030216,16.384529550030216
7229,7470,514.0,-40.575,175.975,17.95089607498994,14.866896074989942
7230,7483,570.0,-40.575,176.025,17.811923452649353,14.391923452649353
7231,7490,330.0,-40.575,176.075,17.67118352649959,15.69118352649959
7232,7574,241.0,-40.575,176.125,17.531297040377467,16.085297040377466
7233,7661,280.0,-40.625,175.975,17.954948409083954,16.274948409083954
7234,7662,272.0,-40.625,176.025,17.811095863198716,16.179095863198715
7235,7663,270.0,-40.625,176.075,17.668581672282016,16.048581672282015
7236,7664,289.0,-40.625,176.125,17.530413169068197,15.796413169068197
7237,7786,393.0,-40.525,175.975,17.960289013557485,15.602289013557485
7238,7788,295.0,-40.525,176.025,17.827987192737055,16.057987192737055
7239,7791,693.0,-40.525,176.075,17.690249392424448,13.532249392424449
7240,7793,244.0,-40.525,176.125,17.5493629739085,16.085362973908502
7241,7054,230.0,-40.625,176.175,17.401392674424642,16.021392674424643
7242,7111,107.0,-40.625,176.225,17.288096454443803,16.646096454443803
7243,7114,79.0,-40.625,176.275,17.19803492923893,16.72403492923893
7244,7579,163.0,-40.575,176.175,17.397728210298737,16.419728210298736
7245,7583,85.0,-40.575,176.225,17.27889911337661,16.76889911337661
7246,7589,204.0,-40.575,176.275,17.185738070362277,15.961738070362276
7247,7795,175.0,-40.525,176.175,17.41108207653815,16.36108207653815
7248,7797,215.0,-40.525,176.225,17.284989145508007,15.994989145508008
7249,7800,96.0,-40.525,176.275,17.18553310165771,16.60953310165771
7250,7120,164.0,-40.625,176.325,17.137319012592343,16.153319012592345
7251,7128,41.0,-40.625,176.375,17.10772159885164,16.86172159885164
7252,7595,280.0,-40.575,176.325,17.12832015085951,15.448320150859509
7253,7601,210.0,-40.575,176.375,17.109076765944337,15.849076765944337
7254,7665,156.0,-40.575,176.425,17.121822610672098,16.185822610672098
7255,7802,44.0,-40.525,176.325,17.130445954468087,16.866445954468087
7256,7804,49.0,-40.525,176.375,17.123452471525525,16.829452471525524
7257,7806,91.0,-40.525,176.425,17.151611461078573,16.605611461078574
7258,7809,270.0,-40.525,176.475,17.202958759367903,15.582958759367902
7259,7813,10.0,-40.475,175.225,18.020755531386385,17.960755531386386
7260,7860,9.0,-40.425,175.225,18.193677422910696,18.139677422910697
7261,7340,9.0,-40.375,175.275,18.383070196816334,18.329070196816335
7262,7439,29.0,-40.375,175.325,18.48071632277788,18.30671632277788
7263,7444,40.0,-40.375,175.375,18.601195481156537,18.36119548115654
7264,7807,9.0,-40.325,175.275,18.40117986900441,18.34717986900441
7265,7810,30.0,-40.325,175.325,18.472257566667395,18.292257566667395
7266,7814,28.0,-40.325,175.375,18.572920800665088,18.40492080066509
7267,7817,10.0,-40.475,175.275,18.152173575825145,18.092173575825147
7268,7821,20.0,-40.475,175.325,18.301780286137728,18.181780286137727
7269,7825,11.0,-40.475,175.375,18.46313851899322,18.39713851899322
7270,7861,10.0,-40.425,175.275,18.2964598679755,18.2364598679755
7271,7862,27.0,-40.425,175.325,18.420564477026346,18.258564477026347
7272,7863,30.0,-40.425,175.375,18.5615475384202,18.3815475384202
7273,7462,20.0,-40.375,175.425,18.736636997768073,18.616636997768072
7274,7466,10.0,-40.375,175.475,18.87495717966158,18.81495717966158
7275,7480,15.0,-40.375,175.525,18.99973287210196,18.90973287210196
7276,7487,22.0,-40.375,175.575,19.08791021473371,18.95591021473371
7277,7818,18.0,-40.325,175.425,18.69464114213224,18.58664114213224
7278,7822,19.0,-40.325,175.475,18.824184446175423,18.710184446175422
7279,7826,18.0,-40.325,175.525,18.943505572786307,18.835505572786307
7280,7829,10.0,-40.475,175.425,18.62633536778594,18.566335367785943
7281,7830,24.0,-40.325,175.575,19.027431205930043,18.883431205930044
7282,7833,10.0,-40.475,175.475,18.77786167584418,18.71786167584418
7283,7837,47.0,-40.475,175.525,18.90006031595658,18.61806031595658
7284,7838,377.0,-40.475,175.575,18.97052844515565,16.70852844515565
7285,7864,12.0,-40.425,175.425,18.710897063390803,18.638897063390804
7286,7865,10.0,-40.425,175.475,18.85615115050132,18.79615115050132
7287,7866,14.0,-40.425,175.525,18.980303427479157,18.896303427479157
7288,7867,49.0,-40.425,175.575,19.058899205210764,18.764899205210764
7289,7573,37.0,-40.375,175.625,19.09312225002759,18.87112225002759
7290,7587,99.0,-40.375,175.675,18.99262226212886,18.39862226212886
7291,7593,337.0,-40.375,175.725,18.842417760453827,16.82041776045383
7292,7599,354.0,-40.375,175.775,18.673032658458396,16.549032658458398
7293,7834,43.0,-40.325,175.625,19.041514817026837,18.783514817026838
7294,7839,403.0,-40.475,175.625,18.966470442646823,16.548470442646824
7295,7840,471.0,-40.475,175.675,18.8822371674014,16.0562371674014
7296,7841,177.0,-40.475,175.725,18.73601949087606,17.67401949087606
7297,7842,171.0,-40.475,175.775,18.55446744461733,17.52846744461733
7298,7868,94.0,-40.425,175.625,19.054455516106827,18.490455516106827
7299,7869,241.0,-40.425,175.675,18.954531405252055,17.508531405252054
7300,7870,353.0,-40.425,175.725,18.795240843564898,16.6772408435649
7301,7871,173.0,-40.425,175.775,18.608446046029712,17.570446046029712
7302,7920,52.0,-40.325,175.675,18.974347404917353,18.66234740491735
7303,7925,49.0,-40.325,175.725,18.857700857435702,18.563700857435702
7304,7927,250.0,-40.325,175.775,18.720875928946043,17.220875928946043
7305,7043,158.0,-40.425,175.825,18.427525451497786,17.479525451497786
7306,7121,95.0,-40.425,175.875,18.28736126504009,17.71736126504009
7307,7130,121.0,-40.425,175.925,18.17093403119179,17.444934031191792
7308,7605,75.0,-40.375,175.825,18.51090289192689,18.06090289192689
7309,7671,79.0,-40.375,175.875,18.37380690916507,17.89980690916507
7310,7674,215.0,-40.375,175.925,18.25735530880047,16.96735530880047
7311,7843,136.0,-40.475,175.825,18.371452784431312,17.555452784431314
7312,7844,140.0,-40.475,175.875,18.231973403668235,17.391973403668235
7313,7845,168.0,-40.475,175.925,18.112747881687028,17.10474788168703
7314,7929,138.0,-40.325,175.825,18.5852851014497,17.7572851014497
7315,7930,101.0,-40.325,175.875,18.4632388306527,17.857238830652697
7316,7932,117.0,-40.325,175.925,18.35502791946783,17.65302791946783
7317,7139,225.0,-40.425,175.975,18.057395141873712,16.70739514187371
7318,7148,336.0,-40.425,176.025,17.9375604207562,15.9215604207562
7319,7157,688.0,-40.425,176.075,17.80755428356315,13.67955428356315
7320,7166,464.0,-40.425,176.125,17.668132618038726,14.884132618038727
7321,7678,146.0,-40.375,175.975,18.147561003152077,17.271561003152076
7322,7683,266.0,-40.375,176.025,18.033566550464457,16.437566550464457
7323,7688,379.0,-40.375,176.075,17.90880999392175,15.634809993921749
7324,7693,425.0,-40.375,176.125,17.772032763052266,15.222032763052265
7325,7846,509.0,-40.475,175.975,17.993839805851167,14.939839805851166
7326,7847,454.0,-40.475,176.025,17.86834774030831,15.144347740308309
7327,7848,352.0,-40.475,176.075,17.734255201585256,15.622255201585256
7328,7849,423.0,-40.475,176.125,17.593401219433872,15.055401219433872
7329,7933,143.0,-40.325,175.975,18.253094249861533,17.395094249861533
7330,7935,122.0,-40.325,176.025,18.148058793009113,17.416058793009114
7331,7936,254.0,-40.325,176.075,18.031228042842486,16.507228042842485
7332,7938,413.0,-40.325,176.125,17.89777350561053,15.41977350561053
7333,7265,317.0,-40.425,176.175,17.525457419660597,15.623457419660598
7334,7278,140.0,-40.425,176.225,17.391391852126617,16.551391852126617
7335,7285,186.0,-40.425,176.275,17.283933764772883,16.167933764772883
7336,7698,575.0,-40.375,176.175,17.629800002841876,14.179800002841876
7337,7703,461.0,-40.375,176.225,17.496937132043968,14.730937132043968
7338,7708,160.0,-40.375,176.275,17.39356358832447,16.433563588324468
7339,7850,181.0,-40.475,176.175,17.4516215974636,16.3656215974636
7340,7851,180.0,-40.475,176.225,17.318976701246356,16.238976701246358
7341,7852,103.0,-40.475,176.275,17.210802317036723,16.592802317036725
7342,7940,231.0,-40.325,176.175,17.754122619455302,16.368122619455303
7343,7942,318.0,-40.325,176.225,17.61931294652277,15.711312946522769
7344,7944,246.0,-40.325,176.275,17.515504853794482,16.039504853794483
7345,7290,147.0,-40.425,176.325,17.22990490358825,16.347904903588248
7346,7294,248.0,-40.425,176.375,17.235508550174927,15.747508550174928
7347,7310,399.0,-40.425,176.425,17.280597334118283,14.886597334118283
7348,7318,102.0,-40.425,176.475,17.35178231404643,16.739782314046433
7349,7713,235.0,-40.375,176.325,17.338818627862565,15.928818627862565
7350,7718,363.0,-40.375,176.375,17.33790790783496,15.15990790783496
7351,7723,182.0,-40.375,176.425,17.380839274976097,16.288839274976098
7352,7799,200.0,-40.375,176.475,17.454743311222046,16.254743311222047
7353,7853,41.0,-40.475,176.325,17.15629893017467,16.910298930174672
7354,7854,121.0,-40.475,176.375,17.162124494168893,16.436124494168894
7355,7855,114.0,-40.475,176.425,17.203046856177025,16.519046856177024
7356,7856,277.0,-40.475,176.475,17.266974490481516,15.604974490481517
7357,7946,340.0,-40.325,176.325,17.458881835722423,15.418881835722424
7358,7948,317.0,-40.325,176.375,17.45407202507704,15.55207202507704
7359,7949,144.0,-40.325,176.425,17.494819342642586,16.630819342642585
7360,7950,108.0,-40.325,176.475,17.569838612438616,16.921838612438616
7361,7325,81.0,-40.425,176.525,17.438868474459014,16.952868474459013
7362,7332,117.0,-40.425,176.575,17.53244507377167,16.83044507377167
7363,7801,197.0,-40.375,176.525,17.54792178543721,16.365921785437212
7364,7803,114.0,-40.375,176.575,17.649293810667587,16.965293810667585
7365,7805,222.0,-40.375,176.625,17.747591809533333,16.415591809533332
7366,7857,128.0,-40.475,176.525,17.344967032546265,16.576967032546264
7367,7858,127.0,-40.475,176.575,17.42904782867481,16.66704782867481
7368,7859,185.0,-40.475,176.625,17.51203950960189,16.40203950960189
7369,7951,181.0,-40.325,176.525,17.667038420493554,16.581038420493556
7370,7952,131.0,-40.325,176.575,17.774545737156586,16.988545737156585
7371,7953,48.0,-40.325,176.625,17.879667147590226,17.591667147590226
7372,7132,20.0,-40.225,175.225,18.220741917186388,18.100741917186387
7373,7681,20.0,-40.175,175.225,18.0045757774933,17.8845757774933
7374,7890,4.0,-40.125,175.175,17.820209323384915,17.796209323384915
7375,7921,40.0,-40.125,175.225,17.677870678373438,17.43787067837344
7376,7954,9.0,-40.275,175.225,18.33624932487146,18.28224932487146
7377,7141,15.0,-40.225,175.275,18.196164571720146,18.106164571720146
7378,7150,25.0,-40.225,175.325,18.22535463180975,18.075354631809752
7379,7159,35.0,-40.225,175.375,18.300877186145954,18.090877186145953
7380,7686,44.0,-40.175,175.275,17.960102971308515,17.696102971308516
7381,7691,73.0,-40.175,175.325,17.984006873830367,17.54600687383037
7382,7696,54.0,-40.175,175.375,18.06339154204761,17.73939154204761
7383,7922,78.0,-40.125,175.275,17.632725733303232,17.164725733303232
7384,7923,120.0,-40.125,175.325,17.670439574911143,16.950439574911144
7385,7924,120.0,-40.125,175.375,17.770619388873456,17.050619388873457
7386,7955,6.0,-40.275,175.275,18.341437996983586,18.305437996983585
7387,7956,30.0,-40.275,175.325,18.38829037593314,18.20829037593314
7388,7957,31.0,-40.275,175.375,18.472541527553403,18.286541527553403
7389,7168,51.0,-40.225,175.425,18.409253155026818,18.103253155026817
7390,7263,118.0,-40.225,175.475,18.53324538663219,17.82524538663219
7391,7269,80.0,-40.225,175.525,18.653339928394416,18.173339928394416
7392,7272,75.0,-40.225,175.575,18.74965178331331,18.299651783313312
7393,7701,81.0,-40.175,175.425,18.180901863630424,17.694901863630424
7394,7706,113.0,-40.175,175.475,18.317398992065137,17.639398992065136
7395,7711,110.0,-40.175,175.525,18.453623942561535,17.793623942561535
7396,7716,160.0,-40.175,175.575,18.572062643797835,17.612062643797834
7397,7926,100.0,-40.125,175.425,17.911843757276074,17.311843757276073
7398,7928,121.0,-40.125,175.475,18.07352674948197,17.347526749481972
7399,7931,152.0,-40.125,175.525,18.236882301855076,17.324882301855077
7400,7934,180.0,-40.125,175.575,18.38602690222615,17.30602690222615
7401,7958,31.0,-40.275,175.425,18.583724200660072,18.397724200660072
7402,7959,60.0,-40.275,175.475,18.706631879347697,18.346631879347697
7403,7960,40.0,-40.275,175.525,18.821915575665116,18.581915575665118
7404,7961,47.0,-40.275,175.575,18.90649659817609,18.62449659817609
7405,7274,92.0,-40.225,175.625,18.806264771665155,18.254264771665156
7406,7291,133.0,-40.225,175.675,18.817766923883028,18.019766923883026
7407,7312,180.0,-40.225,175.725,18.79091956839511,17.710919568395113
7408,7321,99.0,-40.225,175.775,18.738478129118448,18.144478129118447
7409,7721,129.0,-40.175,175.625,18.659737619465886,17.885737619465885
7410,7780,160.0,-40.175,175.675,18.711069927892822,17.75106992789282
7411,7782,220.0,-40.175,175.725,18.728264661869616,17.408264661869616
7412,7784,262.0,-40.175,175.775,18.718405472762242,17.146405472762243
7413,7937,213.0,-40.125,175.625,18.509437022919883,17.231437022919884
7414,7939,201.0,-40.125,175.675,18.601151719027257,17.395151719027258
7415,7941,231.0,-40.125,175.725,18.660697859711945,17.274697859711946
7416,7943,280.0,-40.125,175.775,18.691457117107348,17.011457117107348
7417,7962,55.0,-40.275,175.625,18.93806664080148,18.608066640801482
7418,7963,108.0,-40.275,175.675,18.910077686077784,18.262077686077784
7419,7964,118.0,-40.275,175.725,18.837750985692765,18.129750985692766
7420,7965,81.0,-40.275,175.775,18.741907592946518,18.255907592946517
7421,7331,389.0,-40.225,175.825,18.67274971398183,16.33874971398183
7422,7339,848.0,-40.225,175.875,18.60224858248148,13.514248582481478
7423,7432,368.0,-40.225,175.925,18.530678850851473,16.322678850851474
7424,7787,155.0,-40.175,175.825,18.689618221142155,17.759618221142155
7425,7789,404.0,-40.175,175.875,18.648347003909294,16.224347003909294
7426,7792,1022.0,-40.175,175.925,18.598109971941085,12.466109971941084
7427,7945,218.0,-40.125,175.825,18.69833430464132,17.39033430464132
7428,7947,204.0,-40.125,175.875,18.68574906973845,17.46174906973845
7429,7966,396.0,-40.275,175.825,18.639576818794012,16.26357681879401
7430,7967,261.0,-40.275,175.875,18.541059107876208,16.97505910787621
7431,7968,228.0,-40.275,175.925,18.449042442916834,17.081042442916836
7432,7982,384.0,-40.125,175.925,18.656380416245156,16.352380416245158
7433,7434,253.0,-40.225,175.975,18.457559651973497,16.939559651973497
7434,7438,215.0,-40.225,176.025,18.379316564212786,17.089316564212787
7435,7445,201.0,-40.225,176.075,18.28870870879109,17.082708708791092
7436,7464,196.0,-40.225,176.125,18.16462560671971,16.98862560671971
7437,7794,465.0,-40.175,175.975,18.539337040070677,15.749337040070678
7438,7796,302.0,-40.175,176.025,18.46943422166987,16.65743422166987
7439,7812,281.0,-40.175,176.075,18.38132275758653,16.69532275758653
7440,7816,249.0,-40.175,176.125,18.257794174242008,16.76379417424201
7441,7969,188.0,-40.275,175.975,18.360346536139332,17.23234653613933
7442,7970,153.0,-40.275,176.025,18.26841686691114,17.35041686691114
7443,7971,202.0,-40.275,176.075,18.163649539857943,16.951649539857943
7444,7972,216.0,-40.275,176.125,18.034124025012716,16.738124025012716
7445,7983,993.0,-40.125,175.975,18.610536152158602,12.652536152158603
7446,7984,568.0,-40.125,176.025,18.545682537653192,15.137682537653193
7447,7985,452.0,-40.125,176.075,18.455872746131718,15.743872746131718
7448,7986,318.0,-40.125,176.125,18.334492734704327,16.426492734704325
7449,7468,219.0,-40.225,176.175,18.0042546019813,16.6902546019813
7450,7477,253.0,-40.225,176.225,17.855391749522823,16.337391749522823
7451,7482,275.0,-40.225,176.275,17.74629194917361,16.09629194917361
7452,7820,319.0,-40.175,176.175,18.10083574300006,16.18683574300006
7453,7824,357.0,-40.175,176.225,17.952221575938893,15.810221575938893
7454,7828,450.0,-40.175,176.275,17.84599262143638,15.145992621436381
7455,7973,325.0,-40.275,176.175,17.884441166563192,15.934441166563193
7456,7974,189.0,-40.275,176.225,17.742960111610955,16.608960111610955
7457,7975,344.0,-40.275,176.275,17.63585985581267,15.571859855812669
7458,7987,350.0,-40.125,176.175,18.18868277385991,16.088682773859908
7459,7988,317.0,-40.125,176.225,18.046202771805838,16.144202771805837
7460,7989,241.0,-40.125,176.275,17.945714808345656,16.499714808345654
7461,7489,360.0,-40.225,176.325,17.69149709627891,15.531497096278908
7462,7570,320.0,-40.225,176.375,17.691589991583896,15.771589991583896
7463,7575,249.0,-40.225,176.425,17.737584141330444,16.243584141330444
7464,7584,216.0,-40.225,176.475,17.817077454647006,16.521077454647006
7465,7832,427.0,-40.175,176.325,17.80045668886123,15.238456688861232
7466,7836,358.0,-40.175,176.375,17.811953809174156,15.663953809174156
7467,7872,183.0,-40.175,176.425,17.866433407029035,16.768433407029036
7468,7874,179.0,-40.175,176.475,17.949956994762033,16.87595699476203
7469,7976,315.0,-40.275,176.325,17.578251727753013,15.688251727753013
7470,7977,459.0,-40.275,176.375,17.573315389845447,14.819315389845448
7471,7978,332.0,-40.275,176.425,17.61471455789797,15.62271455789797
7472,7979,122.0,-40.275,176.475,17.69131506044505,16.95931506044505
7473,7990,331.0,-40.125,176.325,17.917063400514962,15.931063400514962
7474,7991,547.0,-40.125,176.375,17.945176686553168,14.663176686553168
7475,7992,223.0,-40.125,176.425,18.009444513878407,16.671444513878406
7476,7993,183.0,-40.125,176.475,18.096375428718602,16.998375428718603
7477,7109,180.0,-40.275,176.625,18.00984833768962,16.92984833768962
7478,7590,76.0,-40.225,176.525,17.917423987306393,17.461423987306393
7479,7596,65.0,-40.225,176.575,18.026313746026062,17.63631374602606
7480,7602,48.0,-40.225,176.625,18.13082664525973,17.84282664525973
7481,7876,105.0,-40.175,176.525,18.05012295643246,17.42012295643246
7482,7878,61.0,-40.175,176.575,18.15535578676645,17.78935578676645
7483,7880,60.0,-40.175,176.625,18.254405957632116,17.894405957632117
7484,7980,59.0,-40.275,176.525,17.790839414281436,17.436839414281437
7485,7981,55.0,-40.275,176.575,17.901201308155578,17.57120130815558
7486,7994,120.0,-40.125,176.525,18.195062297376353,17.475062297376354
7487,7995,249.0,-40.125,176.575,18.29558381884999,16.80158381884999
7488,7996,207.0,-40.125,176.625,18.388865017459466,17.146865017459465
7489,7123,7.0,-40.275,176.675,18.09797773325772,18.05597773325772
7490,7668,89.0,-40.225,176.675,18.21686812158441,17.682868121584413
7491,7676,40.0,-40.225,176.725,18.2785856984774,18.0385856984774
7492,7882,98.0,-40.175,176.675,18.33749522097787,17.74949522097787
7493,7884,121.0,-40.175,176.725,18.399996401170938,17.67399640117094
7494,7886,100.0,-40.175,176.775,18.443053724142374,17.843053724142372
7495,7888,95.0,-40.175,176.825,18.469641934643732,17.899641934643732
7496,7997,220.0,-40.125,176.675,18.46764728916787,17.14764728916787
7497,7998,180.0,-40.125,176.725,18.52799241655157,17.44799241655157
7498,7999,193.0,-40.125,176.775,18.569472471936024,17.411472471936023
7499,8000,72.0,-40.125,176.825,18.59367334494891,18.161673344948913
7500,7053,40.0,-40.075,175.175,17.374517685751925,17.134517685751927
7501,7110,40.0,-40.075,175.225,17.238316435861634,16.998316435861636
7502,7196,20.0,-40.025,175.125,17.036566893839336,16.916566893839335
7503,7197,83.0,-40.025,175.175,16.778679817300144,16.280679817300143
7504,7198,32.0,-40.025,175.225,16.704363854969415,16.512363854969415
7505,7232,46.0,-39.975,175.075,16.61531045643642,16.33931045643642
7506,7233,80.0,-39.975,175.125,16.201251911756117,15.721251911756116
7507,7234,110.0,-39.975,175.175,16.085189182191243,15.425189182191243
7508,7235,38.0,-39.975,175.225,16.13305975896219,15.90505975896219
7509,7113,89.0,-40.075,175.275,17.22316704918194,16.68916704918194
7510,7118,140.0,-40.075,175.325,17.299425915745815,16.459425915745815
7511,7125,148.0,-40.075,175.375,17.439457836069778,16.551457836069776
7512,7199,65.0,-40.025,175.275,16.757566895408672,16.36756689540867
7513,7200,175.0,-40.025,175.325,16.89750991983601,15.84750991983601
7514,7201,208.0,-40.025,175.375,17.094207634072518,15.846207634072519
7515,7236,60.0,-39.975,175.275,16.284312922718527,15.924312922718528
7516,7237,80.0,-39.975,175.325,16.503437145540374,16.023437145540374
7517,7238,174.0,-39.975,175.375,16.76559831602208,15.721598316022078
7518,7134,159.0,-40.075,175.425,17.619176993641304,16.665176993641303
7519,7143,86.0,-40.075,175.475,17.817755999181827,17.30175599918183
7520,7152,194.0,-40.075,175.525,18.01742452604958,16.85342452604958
7521,7161,236.0,-40.075,175.575,18.203739150027104,16.787739150027104
7522,7202,210.0,-40.025,175.425,17.32420710779843,16.064207107798428
7523,7203,159.0,-40.025,175.475,17.568286705893115,16.614286705893115
7524,7204,100.0,-40.025,175.525,17.81048596643086,17.21048596643086
7525,7205,294.0,-40.025,175.575,18.037929340021947,16.273929340021947
7526,7239,310.0,-39.975,175.425,17.0513873661439,15.1913873661439
7527,7240,305.0,-39.975,175.475,17.344671111161006,15.514671111161006
7528,7241,220.0,-39.975,175.525,17.631798358295782,16.311798358295782
7529,7242,218.0,-39.975,175.575,17.901483405948966,16.593483405948966
7530,7170,276.0,-40.075,175.625,18.366169620272558,16.71016962027256
7531,7171,321.0,-40.075,175.675,18.498534661477606,16.572534661477608
7532,7172,360.0,-40.075,175.725,18.598777529135987,16.438777529135987
7533,7173,421.0,-40.075,175.775,18.667937913385686,16.141937913385686
7534,7206,351.0,-40.025,175.625,18.24101674341,16.13501674341
7535,7207,378.0,-40.025,175.675,18.413578397463425,16.145578397463424
7536,7208,350.0,-40.025,175.725,18.552674109967484,16.452674109967482
7537,7209,430.0,-40.025,175.775,18.657932771940978,16.07793277194098
7538,7243,151.0,-39.975,175.625,18.14497949595534,17.23897949595534
7539,7244,322.0,-39.975,175.675,18.35624170175288,16.42424170175288
7540,7245,405.0,-39.975,175.725,18.531858911672316,16.101858911672316
7541,7246,373.0,-39.975,175.775,18.670668389615457,16.432668389615458
7542,7174,421.0,-40.075,175.825,18.708663815898035,16.182663815898035
7543,7175,221.0,-40.075,175.875,18.72376815775351,17.39776815775351
7544,7176,353.0,-40.075,175.925,18.71514714636578,16.59714714636578
7545,7210,300.0,-40.025,175.825,18.730577888276457,16.930577888276456
7546,7211,508.0,-40.025,175.875,18.772410362005758,15.724410362005758
7547,7212,437.0,-40.025,175.925,18.784988954437722,16.162988954437722
7548,7247,491.0,-39.975,175.825,18.773120997371734,15.827120997371734
7549,7248,459.0,-39.975,175.875,18.840572227109078,16.086572227109077
7550,7249,499.0,-39.975,175.925,18.87470251992636,15.88070251992636
7551,7177,693.0,-40.075,175.975,18.68312215831429,14.525122158314291
7552,7178,909.0,-40.075,176.025,18.626212686911458,13.172212686911458
7553,7179,609.0,-40.075,176.075,18.541868265365338,14.887868265365338
7554,7180,460.0,-40.075,176.125,18.429906645862502,15.669906645862502
7555,7213,428.0,-40.025,175.975,18.769172770811565,16.201172770811564
7556,7214,1179.0,-40.025,176.025,18.72522255572403,11.651222555724033
7557,7215,957.0,-40.025,176.075,18.65387594973072,12.911875949730717
7558,7216,731.0,-40.025,176.125,18.55885899687928,14.172858996879281
7559,7250,520.0,-39.975,175.975,18.877253915634356,15.757253915634355
7560,7251,803.0,-39.975,176.025,18.850270771214127,14.032270771214128
7561,7252,1402.0,-39.975,176.075,18.797037936166817,10.385037936166817
7562,7253,779.0,-39.975,176.125,18.7237356925325,14.0497356925325
7563,7181,386.0,-40.075,176.175,18.298856825418625,15.982856825418626
7564,7182,364.0,-40.075,176.225,18.169107597119364,15.985107597119363
7565,7183,304.0,-40.075,176.275,18.075478873091924,16.251478873091926
7566,7217,470.0,-40.025,176.175,18.450249452487697,15.630249452487696
7567,7218,393.0,-40.025,176.225,18.34709868256141,15.989098682561409
7568,7219,318.0,-40.025,176.275,18.279212049423222,16.37121204942322
7569,7254,573.0,-39.975,176.175,18.64131465473838,15.20331465473838
7570,7255,398.0,-39.975,176.225,18.56649067825856,16.178490678258562
7571,7256,322.0,-39.975,176.275,18.519326257784996,16.587326257784998
7572,7184,305.0,-40.075,176.325,18.066869331107227,16.23686933110723
7573,7185,319.0,-40.075,176.375,18.107312085314334,16.193312085314332
7574,7186,285.0,-40.075,176.425,18.176610583092042,16.46661058309204
7575,7187,160.0,-40.075,176.475,18.26326120054364,17.303261200543638
7576,7220,255.0,-40.025,176.325,18.27054986758776,16.74054986758776
7577,7221,218.0,-40.025,176.375,18.308378094230648,17.000378094230648
7578,7222,184.0,-40.025,176.425,18.373834455309407,17.269834455309407
7579,7223,221.0,-40.025,176.475,18.454683478919833,17.128683478919832
7580,7257,255.0,-39.975,176.325,18.512709563436147,16.982709563436146
7581,7258,208.0,-39.975,176.375,18.54325171466553,17.29525171466553
7582,7259,172.0,-39.975,176.425,18.599392933138006,17.567392933138006
7583,7260,150.0,-39.975,176.475,18.6701548004512,17.770154800451202
7584,7042,156.0,-39.975,176.525,18.746577402327603,17.810577402327603
7585,7119,136.0,-39.975,176.575,18.82125224804986,18.00525224804986
7586,7127,136.0,-39.975,176.625,18.888073433166937,18.07207343316694
7587,7188,181.0,-40.075,176.525,18.35788412468719,17.27188412468719
7588,7189,182.0,-40.075,176.575,18.452064129722203,17.360064129722204
7589,7190,293.0,-40.075,176.625,18.53837853040568,16.78037853040568
7590,7224,126.0,-40.025,176.525,18.541739918211533,17.785739918211533
7591,7225,139.0,-40.025,176.575,18.62728540693388,17.79328540693388
7592,7226,181.0,-40.025,176.625,18.70480157424572,17.618801574245722
7593,7136,191.0,-39.975,176.675,18.942296109371455,17.796296109371454
7594,7145,141.0,-39.975,176.725,18.980684002912312,18.134684002912312
7595,7154,177.0,-39.975,176.775,19.00155788571101,17.939557885711007
7596,7163,180.0,-39.975,176.825,19.004680276935687,17.92468027693569
7597,7191,180.0,-40.075,176.675,18.611016739714614,17.531016739714616
7598,7192,200.0,-40.075,176.725,18.666481576494334,17.466481576494335
7599,7193,245.0,-40.075,176.775,18.703687116787478,17.23368711678748
7600,7194,168.0,-40.075,176.825,18.723326949882903,17.715326949882904
7601,7227,157.0,-40.025,176.675,18.769226456781325,17.827226456781325
7602,7228,160.0,-40.025,176.725,18.81728377636682,17.85728377636682
7603,7229,275.0,-40.025,176.775,18.847545761920628,17.19754576192063
7604,7230,164.0,-40.025,176.825,18.860151237422542,17.876151237422544
7605,7195,135.0,-40.075,176.875,18.72708053367387,17.91708053367387
7606,7231,158.0,-40.025,176.875,18.85636843946122,17.90836843946122
7607,7266,215.0,-39.975,176.875,18.991028832151642,17.701028832151643
7608,7509,20.0,-39.775,174.525,15.336693813827878,15.216693813827879
7609,7510,70.0,-39.775,174.575,15.567351535028138,15.147351535028138
7610,7511,60.0,-39.775,174.625,15.769818004620902,15.409818004620902
7611,7512,79.0,-39.775,174.675,15.930853307632788,15.456853307632787
7612,7771,20.0,-39.825,174.625,15.881633898010477,15.761633898010478
7613,7772,37.0,-39.825,174.675,16.085518930824037,15.863518930824037
7614,7513,20.0,-39.775,174.725,16.03627001127461,15.91627001127461
7615,7514,42.0,-39.775,174.775,16.070821713910846,15.818821713910845
7616,7515,173.0,-39.775,174.825,16.018979540596774,14.980979540596774
7617,7516,243.0,-39.775,174.875,15.868069980151631,14.410069980151631
7618,7728,39.0,-39.875,174.875,16.644215576881834,16.410215576881832
7619,7773,20.0,-39.825,174.725,16.236531667327654,16.116531667327653
7620,7774,86.0,-39.825,174.775,16.31697406543026,15.800974065430259
7621,7775,99.0,-39.825,174.825,16.305770240280253,15.711770240280254
7622,7776,122.0,-39.825,174.875,16.178543819452898,15.446543819452899
7623,7267,36.0,-39.925,174.975,16.850118341302732,16.63411834130273
7624,7268,21.0,-39.925,175.025,16.125056554577895,15.999056554577896
7625,7517,280.0,-39.775,174.925,15.616909322459833,13.936909322459833
7626,7518,221.0,-39.775,174.975,15.29338087218639,13.96738087218639
7627,7519,334.0,-39.775,175.025,14.972552478750004,12.968552478750004
7628,7729,37.0,-39.875,174.925,16.42953924100584,16.20753924100584
7629,7730,118.0,-39.875,174.975,15.998353857725306,15.290353857725306
7630,7731,142.0,-39.875,175.025,15.379366920184111,14.527366920184111
7631,7777,143.0,-39.825,174.925,15.912761625520943,15.054761625520943
7632,7778,80.0,-39.825,174.975,15.51142230649566,15.03142230649566
7633,7779,122.0,-39.825,175.025,15.062180555669329,14.33018055566933
7634,7107,136.0,-39.825,175.075,14.751257123869436,13.935257123869436
7635,7129,177.0,-39.825,175.125,14.686784900084604,13.624784900084604
7636,7138,158.0,-39.825,175.175,14.821206781132787,13.873206781132787
7637,7147,139.0,-39.825,175.225,15.077921035270265,14.243921035270265
7638,7270,39.0,-39.925,175.075,15.471104735956033,15.237104735956033
7639,7271,26.0,-39.925,175.125,15.368984790773538,15.212984790773538
7640,7273,157.0,-39.925,175.175,15.44236194541736,14.50036194541736
7641,7277,206.0,-39.925,175.225,15.619958921932266,14.383958921932265
7642,7520,68.0,-39.775,175.075,14.757885521568824,14.349885521568824
7643,7521,137.0,-39.775,175.125,14.713437477243133,13.891437477243134
7644,7522,165.0,-39.775,175.175,14.832079094187065,13.842079094187065
7645,7523,126.0,-39.775,175.225,15.072251956607943,14.316251956607942
7646,7732,141.0,-39.875,175.075,14.933456342376303,14.087456342376303
7647,7733,76.0,-39.875,175.125,14.866393122749287,14.410393122749287
7648,7734,228.0,-39.875,175.175,15.008642217067973,13.640642217067972
7649,7735,122.0,-39.875,175.225,15.255878037751245,14.523878037751246
7650,7156,92.0,-39.825,175.275,15.407443853917357,14.855443853917357
7651,7165,337.0,-39.825,175.325,15.781093301058718,13.759093301058718
7652,7261,187.0,-39.825,175.375,16.18045188211181,15.058451882111811
7653,7292,40.0,-39.925,175.275,15.86754235169792,15.62754235169792
7654,7313,60.0,-39.925,175.325,16.162280650547473,15.802280650547473
7655,7319,167.0,-39.925,175.375,16.48654202648322,15.48454202648322
7656,7524,244.0,-39.775,175.275,15.394121320532577,13.930121320532576
7657,7525,157.0,-39.775,175.325,15.769031674484722,14.827031674484722
7658,7526,181.0,-39.775,175.375,16.177039885482372,15.091039885482372
7659,7736,119.0,-39.875,175.275,15.56519754141118,14.85119754141118
7660,7737,232.0,-39.875,175.325,15.913684314116836,14.521684314116836
7661,7738,116.0,-39.875,175.375,16.28547372021785,15.589473720217851
7662,7276,250.0,-39.825,175.425,16.591611121646565,15.091611121646565
7663,7298,224.0,-39.825,175.475,17.002484643497155,15.658484643497156
7664,7300,294.0,-39.825,175.525,17.401782845772686,15.637782845772687
7665,7301,358.0,-39.825,175.575,17.77896855751169,15.63096855751169
7666,7322,240.0,-39.925,175.425,16.825470529438462,15.385470529438463
7667,7333,205.0,-39.925,175.475,17.165958245415823,15.935958245415822
7668,7341,318.0,-39.925,175.525,17.496340489582508,15.588340489582508
7669,7433,314.0,-39.925,175.575,17.80651466046038,15.92251466046038
7670,7527,420.0,-39.775,175.425,16.602923987760732,14.082923987760733
7671,7528,547.0,-39.775,175.475,17.033380267985194,13.751380267985194
7672,7529,214.0,-39.775,175.525,17.45567152532749,16.17167152532749
7673,7530,371.0,-39.775,175.575,17.857502825612755,15.631502825612756
7674,7739,131.0,-39.875,175.425,16.667555026935588,15.881555026935589
7675,7740,153.0,-39.875,175.475,17.048241428725305,16.130241428725306
7676,7741,206.0,-39.875,175.525,17.416729578158993,16.180729578158992
7677,7742,357.0,-39.875,175.575,17.763237236318673,15.621237236318674
7678,7303,483.0,-39.825,175.625,18.124777524419187,15.226777524419187
7679,7305,440.0,-39.825,175.675,18.431936878347187,15.791936878347187
7680,7307,348.0,-39.825,175.725,18.695737490837928,16.607737490837927
7681,7314,421.0,-39.825,175.775,18.91419856683933,16.388198566839332
7682,7435,281.0,-39.925,175.625,18.088259511743672,16.402259511743672
7683,7440,312.0,-39.925,175.675,18.335542704360705,16.463542704360705
7684,7443,327.0,-39.925,175.725,18.544638489471254,16.582638489471254
7685,7471,373.0,-39.925,175.775,18.713963102149137,16.475963102149137
7686,7531,436.0,-39.775,175.625,18.227750588372146,15.611750588372146
7687,7532,625.0,-39.775,175.675,18.557561422239814,14.807561422239814
7688,7533,551.0,-39.775,175.725,18.841292839380912,15.535292839380913
7689,7534,586.0,-39.775,175.775,19.076866213748872,15.560866213748872
7690,7743,317.0,-39.875,175.625,18.07943974641239,16.17743974641239
7691,7744,200.0,-39.875,175.675,18.358960614772514,17.158960614772514
7692,7745,318.0,-39.875,175.725,18.597695560780267,16.689695560780265
7693,7746,344.0,-39.875,175.775,18.79382328180509,16.72982328180509
7694,7328,591.0,-39.825,175.825,19.087723528471543,15.541723528471543
7695,7334,349.0,-39.825,175.875,19.21843265001735,17.124432650017347
7696,7342,569.0,-39.825,175.925,19.30963876151145,15.895638761511451
7697,7479,469.0,-39.925,175.825,18.84365769102442,16.02965769102442
7698,7486,510.0,-39.925,175.875,18.935063455675845,15.875063455675846
7699,7535,347.0,-39.775,175.825,19.265284146877093,17.183284146877092
7700,7536,457.0,-39.775,175.875,19.409406209579174,16.667406209579173
7701,7537,460.0,-39.775,175.925,19.513153832042008,16.75315383204201
7702,7572,564.0,-39.925,175.925,18.990288193439483,15.606288193439482
7703,7747,422.0,-39.875,175.825,18.94748870571493,16.41548870571493
7704,7748,509.0,-39.875,175.875,19.060312378827803,16.006312378827804
7705,7749,509.0,-39.875,175.925,19.134979608552385,16.080979608552386
7706,7441,687.0,-39.825,175.975,19.365667066729657,15.243667066729657
7707,7467,642.0,-39.825,176.025,19.391852382861543,15.539852382861543
7708,7484,1485.0,-39.825,176.075,19.3946090231002,10.484609023100202
7709,7491,1264.0,-39.825,176.125,19.381466465154517,11.797466465154518
7710,7538,637.0,-39.775,175.975,19.581457289590617,15.759457289590618
7711,7539,633.0,-39.775,176.025,19.62013871898307,15.822138718983071
7712,7540,1415.0,-39.775,176.075,19.6357658159759,11.145765815975901
7713,7541,1022.0,-39.775,176.125,19.635497941933863,13.503497941933862
7714,7576,692.0,-39.925,175.975,19.012039575900417,14.860039575900416
7715,7586,1216.0,-39.925,176.025,19.003842775859084,11.707842775859085
7716,7592,1016.0,-39.925,176.075,18.97068439152281,12.874684391522809
7717,7598,1020.0,-39.925,176.125,18.919950663112104,12.799950663112105
7718,7750,607.0,-39.875,175.975,19.175079464817827,15.533079464817828
7719,7751,1201.0,-39.875,176.025,19.185217685782845,11.979217685782846
7720,7752,1431.0,-39.875,176.075,19.171350334039744,10.585350334039743
7721,7753,1432.0,-39.875,176.125,19.141175202261365,10.549175202261365
7722,7492,717.0,-39.825,176.175,19.36084228431355,15.058842284313549
7723,7493,589.0,-39.825,176.225,19.341290422949896,15.807290422949897
7724,7494,505.0,-39.825,176.275,19.330164822009465,16.300164822009464
7725,7542,1200.0,-39.775,176.175,19.626768304493453,12.426768304493454
7726,7543,493.0,-39.775,176.225,19.61667446730644,16.65867446730644
7727,7544,438.0,-39.775,176.275,19.611109267845677,16.983109267845677
7728,7604,540.0,-39.925,176.175,18.862197039637977,15.622197039637976
7729,7669,475.0,-39.925,176.225,18.81083207471238,15.96083207471238
7730,7675,348.0,-39.925,176.275,18.779368244697253,16.69136824469725
7731,7754,790.0,-39.875,176.175,19.10422057273172,14.36422057273172
7732,7755,380.0,-39.875,176.225,19.071089737040893,16.791089737040892
7733,7756,455.0,-39.875,176.275,19.051445650731694,16.321445650731693
7734,7495,334.0,-39.825,176.325,19.332125049122624,17.328125049122622
7735,7496,291.0,-39.825,176.375,19.348306541520287,17.60230654152029
7736,7497,262.0,-39.825,176.425,19.376632590843656,17.804632590843656
7737,7498,217.0,-39.825,176.475,19.41288871409415,18.110888714094152
7738,7545,557.0,-39.775,176.325,19.613894252848695,16.271894252848696
7739,7546,371.0,-39.775,176.375,19.626296868646023,17.400296868646024
7740,7547,371.0,-39.775,176.425,19.647140167913676,17.421140167913677
7741,7548,275.0,-39.775,176.475,19.673369872991316,18.023369872991317
7742,7679,286.0,-39.925,176.325,18.776097947420567,17.060097947420566
7743,7684,224.0,-39.925,176.375,18.800673835037742,17.45667383503774
7744,7689,189.0,-39.925,176.425,18.846592916193913,17.712592916193913
7745,7694,171.0,-39.925,176.475,18.90554042363874,17.87954042363874
7746,7757,344.0,-39.875,176.325,19.05127325221474,16.98727325221474
7747,7758,280.0,-39.875,176.375,19.0713084582967,17.3913084582967
7748,7759,226.0,-39.875,176.425,19.10789314435533,17.75189314435533
7749,7760,194.0,-39.875,176.475,19.155093186920567,17.991093186920565
7750,7499,220.0,-39.825,176.525,19.451845028130265,18.131845028130265
7751,7500,272.0,-39.825,176.575,19.48806123083341,17.856061230833408
7752,7501,132.0,-39.825,176.625,19.51639343246825,18.724393432468247
7753,7549,293.0,-39.775,176.525,19.70076255610911,17.942762556109113
7754,7550,260.0,-39.775,176.575,19.724545514614874,18.164545514614876
7755,7551,227.0,-39.775,176.625,19.739875700250195,18.377875700250197
7756,7699,152.0,-39.925,176.525,18.96960834910533,18.05760834910533
7757,7704,237.0,-39.925,176.575,19.031872815035968,17.609872815035967
7758,7709,111.0,-39.925,176.625,19.08651168635879,18.42051168635879
7759,7761,168.0,-39.875,176.525,19.206396974477684,18.198396974477685
7760,7762,161.0,-39.875,176.575,19.255597575835054,18.289597575835053
7761,7763,113.0,-39.875,176.625,19.297198704800394,18.619198704800393
7762,7502,167.0,-39.825,176.675,19.53234039507697,18.530340395076973
7763,7503,272.0,-39.825,176.725,19.532326342525266,17.900326342525265
7764,7504,182.0,-39.825,176.775,19.513947328825452,18.421947328825453
7765,7505,193.0,-39.825,176.825,19.476169898673106,18.318169898673105
7766,7552,78.0,-39.775,176.675,19.74223480902765,19.27423480902765
7767,7553,40.0,-39.775,176.725,19.727815504995306,19.487815504995307
7768,7554,175.0,-39.775,176.775,19.693917025946575,18.643917025946575
7769,7555,83.0,-39.775,176.825,19.63926969869135,19.14126969869135
7770,7714,114.0,-39.925,176.675,19.12890312224772,18.44490312224772
7771,7719,100.0,-39.925,176.725,19.155742304497835,18.555742304497834
7772,7724,207.0,-39.925,176.775,19.165115450958183,17.923115450958182
7773,7725,193.0,-39.925,176.825,19.1564944394122,17.998494439412198
7774,7764,80.0,-39.875,176.675,19.32664979596302,18.84664979596302
7775,7765,80.0,-39.875,176.725,19.340528327651555,18.860528327651554
7776,7766,184.0,-39.875,176.775,19.336683045341488,18.23268304534149
7777,7767,225.0,-39.875,176.825,19.31432985606989,17.964329856069888
7778,7506,313.0,-39.825,176.875,19.419503993718536,17.541503993718536
7779,7507,371.0,-39.825,176.925,19.346202000095218,17.12020200009522
7780,7508,39.0,-39.825,176.975,19.260292442602804,19.026292442602802
7781,7556,145.0,-39.775,176.875,19.564245436076817,18.694245436076816
7782,7557,163.0,-39.775,176.925,19.471268988854717,18.493268988854716
7783,7558,151.0,-39.775,176.975,19.365438217024348,18.45943821702435
7784,7726,227.0,-39.925,176.875,19.130658991383825,17.768658991383827
7785,7727,128.0,-39.925,176.925,19.089553571957367,18.321553571957367
7786,7768,471.0,-39.875,176.875,19.274106723012665,16.448106723012664
7787,7769,336.0,-39.875,176.925,19.218073945237848,17.20207394523785
7788,7770,,-39.875,176.975,19.149548313456762,
7789,7428,79.0,-39.625,174.325,14.725721732153033,14.251721732153033
7790,7052,314.0,-39.625,174.525,15.449714337824844,13.565714337824843
7791,7373,71.0,-39.675,174.375,14.762814212124795,14.336814212124795
7792,7374,101.0,-39.675,174.425,14.964206044245657,14.358206044245657
7793,7375,122.0,-39.675,174.475,15.170007814871497,14.438007814871497
7794,7376,99.0,-39.675,174.525,15.367092334723566,14.773092334723566
7795,7429,65.0,-39.625,174.375,14.896368790839915,14.506368790839915
7796,7430,141.0,-39.625,174.425,15.084146145127306,14.238146145127306
7797,7431,179.0,-39.625,174.475,15.272401757189073,14.198401757189073
7798,7559,40.0,-39.725,174.425,14.886316302661726,14.646316302661726
7799,7560,20.0,-39.725,174.475,15.111802742845612,14.991802742845612
7800,7561,70.0,-39.725,174.525,15.331302126360242,14.911302126360242
7801,7116,276.0,-39.625,174.575,15.607396209641593,13.951396209641592
7802,7124,157.0,-39.625,174.625,15.737907524278853,14.795907524278853
7803,7133,225.0,-39.625,174.675,15.834301219139888,14.484301219139889
7804,7377,161.0,-39.675,174.575,15.544368321203365,14.578368321203365
7805,7378,326.0,-39.675,174.625,15.691812120618124,13.735812120618125
7806,7379,141.0,-39.675,174.675,15.799932999943849,14.953932999943849
7807,7562,102.0,-39.725,174.575,15.532478564724443,14.920478564724442
7808,7563,120.0,-39.725,174.625,15.703508048412914,14.983508048412913
7809,7564,80.0,-39.725,174.675,15.832632050660322,15.352632050660322
7810,7142,261.0,-39.625,174.725,15.89049667398649,14.324496673986491
7811,7151,218.0,-39.625,174.775,15.902267466928606,14.594267466928606
7812,7160,177.0,-39.625,174.825,15.868902292299026,14.806902292299027
7813,7169,342.0,-39.625,174.875,15.795381232259388,13.743381232259388
7814,7380,100.0,-39.675,174.725,15.859874927416968,15.259874927416968
7815,7381,119.0,-39.675,174.775,15.864306023024255,15.150306023024255
7816,7382,250.0,-39.675,174.825,15.80933705604184,14.30933705604184
7817,7383,173.0,-39.675,174.875,15.697687932297413,14.659687932297413
7818,7565,173.0,-39.725,174.725,15.908047366356186,14.870047366356186
7819,7566,170.0,-39.725,174.775,15.918454277478304,14.898454277478304
7820,7567,55.0,-39.725,174.825,15.8548054809944,15.5248054809944
7821,7568,155.0,-39.725,174.875,15.714158123184461,14.784158123184461
7822,7055,410.0,-39.725,174.975,15.263128624865203,12.803128624865204
7823,7117,240.0,-39.725,175.025,15.038993316033157,13.598993316033157
7824,7264,353.0,-39.625,174.925,15.694460399168747,13.576460399168747
7825,7279,281.0,-39.625,174.975,15.58731949901994,13.901319499019941
7826,7280,278.0,-39.625,175.025,15.501062675881258,13.833062675881258
7827,7384,269.0,-39.675,174.925,15.542764972538862,13.928764972538861
7828,7385,387.0,-39.675,174.975,15.371704643399426,13.049704643399426
7829,7386,253.0,-39.675,175.025,15.22335850008676,13.70535850008676
7830,7569,451.0,-39.725,174.925,15.506490873609437,12.800490873609437
7831,7126,176.0,-39.725,175.075,14.896825196141435,13.840825196141434
7832,7135,182.0,-39.725,175.125,14.87796109928604,13.78596109928604
7833,7144,371.0,-39.725,175.175,14.98761994409142,12.761619944091422
7834,7153,396.0,-39.725,175.225,15.206173582293559,12.83017358229356
7835,7282,302.0,-39.625,175.075,15.46263869448012,13.65063869448012
7836,7284,556.0,-39.625,175.125,15.491732475948083,12.155732475948083
7837,7288,135.0,-39.625,175.175,15.596902345343551,14.78690234534355
7838,7295,345.0,-39.625,175.225,15.776923940218694,13.706923940218694
7839,7387,381.0,-39.675,175.075,15.138207499348937,12.852207499348937
7840,7388,222.0,-39.675,175.125,15.144432873836195,13.812432873836194
7841,7389,182.0,-39.675,175.175,15.250504003946844,14.158504003946843
7842,7390,432.0,-39.675,175.225,15.448814884995954,12.856814884995954
7843,7162,288.0,-39.725,175.275,15.507353712775512,13.779353712775512
7844,7287,171.0,-39.725,175.325,15.868095230729523,14.842095230729523
7845,7296,593.0,-39.725,175.375,16.27024202364919,12.712242023649189
7846,7309,579.0,-39.625,175.275,16.025312223155197,12.551312223155197
7847,7317,281.0,-39.625,175.325,16.334512581492163,14.648512581492163
7848,7326,490.0,-39.625,175.375,16.697438732535375,13.757438732535375
7849,7391,362.0,-39.675,175.275,15.724513530221884,13.552513530221884
7850,7392,246.0,-39.675,175.325,16.062247070396552,14.586247070396553
7851,7393,549.0,-39.675,175.375,16.448460905234242,13.154460905234242
7852,7316,322.0,-39.725,175.425,16.698752747230174,14.766752747230173
7853,7323,379.0,-39.725,175.475,17.139464579544438,14.865464579544437
7854,7330,287.0,-39.625,175.425,17.105891860184784,15.383891860184784
7855,7336,324.0,-39.725,175.525,17.577816125234676,15.633816125234677
7856,7338,431.0,-39.625,175.475,17.547485653321928,14.961485653321928
7857,7344,482.0,-39.725,175.575,17.99893799570782,15.10693799570782
7858,7394,260.0,-39.675,175.425,16.87042728259985,15.310427282599848
7859,7395,627.0,-39.675,175.475,17.314189568431175,13.552189568431174
7860,7396,437.0,-39.675,175.525,17.76338925358141,15.141389253581409
7861,7397,472.0,-39.675,175.575,18.199866938863124,15.367866938863123
7862,7446,646.0,-39.625,175.525,18.00416377372312,14.128163773723122
7863,7448,501.0,-39.625,175.575,18.453719082994212,15.447719082994212
7864,7345,569.0,-39.725,175.625,18.388886493827158,14.974886493827158
7865,7346,499.0,-39.725,175.675,18.73643724921567,15.74243724921567
7866,7347,658.0,-39.725,175.725,19.0346403513322,15.0866403513322
7867,7348,741.0,-39.725,175.775,19.281412286509294,14.835412286509294
7868,7398,515.0,-39.675,175.625,18.605782080001518,15.515782080001518
7869,7399,530.0,-39.675,175.675,18.966580158361467,15.786580158361467
7870,7400,641.0,-39.675,175.725,19.27369474369334,15.42769474369334
7871,7401,581.0,-39.675,175.775,19.525385562257725,16.039385562257724
7872,7450,583.0,-39.625,175.625,18.873132947723207,15.375132947723207
7873,7452,623.0,-39.625,175.675,19.243129245158343,15.505129245158344
7874,7454,561.0,-39.625,175.725,19.553240014291077,16.187240014291078
7875,7456,532.0,-39.625,175.775,19.8032997189257,16.6112997189257
7876,7349,473.0,-39.725,175.825,19.478967157057923,16.640967157057922
7877,7350,508.0,-39.725,175.875,19.631262449071073,16.58326244907107
7878,7351,521.0,-39.725,175.925,19.742701950548508,16.616701950548507
7879,7402,489.0,-39.675,175.825,19.72568289675837,16.79168289675837
7880,7403,513.0,-39.675,175.875,19.88013300412058,16.80213300412058
7881,7404,361.0,-39.675,175.925,19.993815056641324,17.827815056641324
7882,7457,619.0,-39.625,175.825,19.999622870003805,16.285622870003806
7883,7458,622.0,-39.625,175.875,20.14972973613476,16.41772973613476
7884,7461,582.0,-39.625,175.925,20.260271203926095,16.768271203926094
7885,7352,705.0,-39.725,175.975,19.81879523837415,15.58879523837415
7886,7353,693.0,-39.725,176.025,19.865706500859233,15.707706500859233
7887,7354,1280.0,-39.725,176.075,19.889970347605413,12.209970347605413
7888,7355,805.0,-39.725,176.125,19.898297290645132,15.068297290645132
7889,7405,592.0,-39.675,175.975,20.072835431768908,16.52083543176891
7890,7406,457.0,-39.675,176.025,20.123508032236714,17.381508032236713
7891,7407,903.0,-39.675,176.075,20.152161494239408,14.734161494239409
7892,7408,763.0,-39.675,176.125,20.165004517926718,15.587004517926719
7893,7472,564.0,-39.625,175.975,20.33760180263198,16.95360180263198
7894,7474,542.0,-39.625,176.025,20.387880317823146,17.135880317823148
7895,7475,955.0,-39.625,176.075,20.41704805268455,14.687048052684549
7896,7478,1262.0,-39.625,176.125,20.430764913857274,12.858764913857275
7897,7356,1287.0,-39.725,176.175,19.897285808743618,12.175285808743618
7898,7357,912.0,-39.725,176.225,19.8929720042579,14.4209720042579
7899,7358,495.0,-39.725,176.275,19.89026232978722,16.92026232978722
7900,7409,1322.0,-39.675,176.175,20.16791161994479,12.235911619944789
7901,7410,978.0,-39.675,176.225,20.166104930518486,14.298104930518488
7902,7411,650.0,-39.675,176.275,20.16377742797704,16.26377742797704
7903,7485,1204.0,-39.625,176.175,20.434258268986014,13.210258268986014
7904,7571,1135.0,-39.625,176.225,20.432094736697763,13.622094736697765
7905,7577,1176.0,-39.625,176.275,20.42791906436105,13.371919064361048
7906,7359,753.0,-39.725,176.325,19.89240385487392,15.374403854873918
7907,7360,483.0,-39.725,176.375,19.900681627899758,17.002681627899758
7908,7361,390.0,-39.725,176.425,19.914444839841963,17.574444839841963
7909,7362,361.0,-39.725,176.475,19.931409921497107,17.765409921497106
7910,7412,494.0,-39.675,176.325,20.163752419737648,17.19975241973765
7911,7413,367.0,-39.675,176.375,20.167280726098397,17.9652807260984
7912,7414,431.0,-39.675,176.425,20.17402872839375,17.588028728393752
7913,7415,335.0,-39.675,176.475,20.182234285208324,18.172234285208326
7914,7580,499.0,-39.625,176.325,20.424222239682422,17.430222239682422
7915,7581,402.0,-39.625,176.375,20.42219663805554,18.01019663805554
7916,7585,296.0,-39.625,176.425,20.421706496654224,18.645706496654224
7917,7591,277.0,-39.625,176.475,20.421359705120267,18.759359705120268
7918,7363,345.0,-39.725,176.525,19.948092281940262,17.878092281940262
7919,7364,213.0,-39.725,176.575,19.96023486797276,18.68223486797276
7920,7365,240.0,-39.725,176.625,19.963186443403174,18.523186443403173
7921,7416,199.0,-39.675,176.525,20.188953349668736,18.994953349668737
7922,7417,136.0,-39.675,176.575,20.190317121261614,19.374317121261615
7923,7418,102.0,-39.675,176.625,20.181762498459648,19.56976249845965
7924,7597,171.0,-39.625,176.525,20.418632796337988,19.39263279633799
7925,7603,125.0,-39.625,176.575,20.409989131885595,19.659989131885595
7926,7666,84.0,-39.625,176.625,20.390942687332426,19.886942687332425
7927,7366,60.0,-39.725,176.675,19.952272171880395,19.592272171880396
7928,7367,98.0,-39.725,176.725,19.92325930158586,19.335259301585857
7929,7368,70.0,-39.725,176.775,19.872995510799228,19.452995510799227
7930,7369,146.0,-39.725,176.825,19.80004636243939,18.924046362439388
7931,7419,60.0,-39.675,176.675,20.158276285750617,19.798276285750617
7932,7420,20.0,-39.675,176.725,20.11481647057917,19.99481647057917
7933,7421,11.0,-39.675,176.775,20.04722708787631,19.98122708787631
7934,7422,10.0,-39.675,176.825,19.953803672717186,19.893803672717187
7935,7680,60.0,-39.625,176.675,20.35606335749435,19.99606335749435
7936,7685,34.0,-39.625,176.725,20.29905050999878,20.095050509998778
7937,7690,19.0,-39.625,176.775,20.213412161176166,20.099412161176165
7938,7695,14.0,-39.625,176.825,20.095199752197004,20.011199752197005
7939,7370,184.0,-39.725,176.875,19.704800948949924,18.600800948949924
7940,7371,73.0,-39.725,176.925,19.589592228308902,19.151592228308903
7941,7372,97.0,-39.725,176.975,19.460988018789067,18.878988018789066
7942,7423,21.0,-39.675,176.875,19.836015608216258,19.710015608216256
7943,7424,41.0,-39.675,176.925,19.69576681723629,19.44976681723629
7944,7425,77.0,-39.675,176.975,19.54100453339197,19.07900453339197
7945,7426,216.0,-39.675,177.025,19.389233234418498,18.0932332344185
7946,7700,9.0,-39.625,176.875,19.94852012883348,19.89452012883348
7947,7705,8.0,-39.625,176.925,19.77978675788654,19.731786757886542
7948,7427,,-39.675,177.075,19.24974047255091,
7949,8132,53.0,-39.525,173.975,15.524750303586188,15.206750303586189
7950,8315,21.0,-39.425,173.825,16.489056461683504,16.363056461683502
7951,8320,66.0,-39.425,173.875,16.45271525959106,16.05671525959106
7952,8325,126.0,-39.425,173.925,16.399038557661697,15.643038557661697
7953,8330,189.0,-39.425,173.975,16.326726701448933,15.192726701448933
7954,8678,21.0,-39.475,173.875,16.073606197489426,15.947606197489426
7955,8679,64.0,-39.475,173.925,16.004990963396267,15.620990963396267
7956,8680,113.0,-39.475,173.975,15.920337268886215,15.242337268886214
7957,7710,27.0,-39.575,174.075,14.948718713560083,14.786718713560083
7958,7715,42.0,-39.575,174.125,14.852924883933156,14.600924883933155
7959,8133,78.0,-39.525,174.025,15.421124956192216,14.953124956192216
7960,8138,74.0,-39.525,174.075,15.310036585586204,14.866036585586203
7961,8147,99.0,-39.525,174.125,15.198264457932964,14.604264457932965
7962,8423,259.0,-39.425,174.025,16.236949305621238,14.682949305621237
7963,8424,289.0,-39.425,174.075,16.134923420606356,14.400923420606356
7964,8425,281.0,-39.425,174.125,16.031326457228715,14.345326457228715
7965,8681,154.0,-39.475,174.025,15.820970821238006,14.896970821238007
7966,8682,156.0,-39.475,174.075,15.711062361486256,14.775062361486256
7967,8683,166.0,-39.475,174.125,15.598526099143783,14.602526099143782
7968,7720,39.0,-39.575,174.175,14.776885823666817,14.542885823666817
7969,7790,80.0,-39.575,174.225,14.745369072057656,14.265369072057656
7970,7798,100.0,-39.575,174.275,14.792753987545439,14.192753987545439
7971,7808,96.0,-39.575,174.325,14.917731249959616,14.341731249959615
7972,8155,106.0,-39.525,174.175,15.097280734727974,14.461280734727975
7973,8414,112.0,-39.525,174.225,15.029273744519742,14.357273744519741
7974,8426,271.0,-39.425,174.175,15.943094124151685,14.317094124151685
7975,8427,252.0,-39.425,174.225,15.892518157837912,14.380518157837912
7976,8428,243.0,-39.425,174.275,15.895453924371395,14.437453924371395
7977,8429,220.0,-39.425,174.325,15.93374950659927,14.61374950659927
7978,8431,120.0,-39.525,174.275,15.05638997852293,14.336389978522929
7979,8439,138.0,-39.525,174.325,15.179958606942819,14.35195860694282
7980,8684,181.0,-39.475,174.175,15.49637814341986,14.41037814341986
7981,8685,181.0,-39.475,174.225,15.428067777211254,14.342067777211254
7982,8686,181.0,-39.475,174.275,15.440763189988502,14.354763189988502
7983,8687,249.0,-39.475,174.325,15.52944925976044,14.03544925976044
7984,7811,117.0,-39.575,174.375,15.080862363211054,14.378862363211054
7985,7815,202.0,-39.575,174.425,15.25397802921725,14.041978029217251
7986,7819,207.0,-39.575,174.475,15.423032888058515,14.181032888058516
7987,7823,269.0,-39.575,174.525,15.580436146756256,13.966436146756255
7988,8432,240.0,-39.425,174.375,15.98009836331039,14.54009836331039
7989,8437,243.0,-39.425,174.425,16.033528425803524,14.575528425803524
7990,8441,103.0,-39.425,174.475,16.099581065398525,15.481581065398524
7991,8442,205.0,-39.525,174.375,15.327868863714684,14.097868863714684
7992,8446,196.0,-39.425,174.525,16.179772389870777,15.003772389870777
7993,8447,171.0,-39.525,174.425,15.47701247267105,14.45101247267105
7994,8454,176.0,-39.525,174.475,15.620182710114022,14.564182710114022
7995,8585,78.0,-39.525,174.525,15.75468323586756,15.28668323586756
7996,8688,127.0,-39.475,174.375,15.637008410569251,14.87500841056925
7997,8689,195.0,-39.475,174.425,15.745299275120487,14.575299275120488
7998,8690,181.0,-39.475,174.475,15.852985188292223,14.766985188292223
7999,8691,221.0,-39.475,174.525,15.960729017031554,14.634729017031553
8000,7827,149.0,-39.575,174.575,15.720793984874035,14.826793984874035
8001,7831,198.0,-39.575,174.625,15.839205391610449,14.651205391610448
8002,7835,162.0,-39.575,174.675,15.930975420596951,14.958975420596952
8003,8453,246.0,-39.425,174.575,16.272347475009155,14.796347475009156
8004,8527,264.0,-39.425,174.625,16.37394875372047,14.78994875372047
8005,8528,319.0,-39.425,174.675,16.480794214559864,14.566794214559865
8006,8623,160.0,-39.525,174.575,15.87820408524567,14.91820408524567
8007,8628,148.0,-39.525,174.625,15.98781514782604,15.09981514782604
8008,8633,189.0,-39.525,174.675,16.08023795150075,14.946237951500748
8009,8692,114.0,-39.475,174.575,16.067628761778906,15.383628761778906
8010,8693,295.0,-39.475,174.625,16.171299785899464,14.401299785899464
8011,8694,242.0,-39.475,174.675,16.26872110034674,14.816721100346738
8012,7873,457.0,-39.575,174.725,15.99211255854243,13.25011255854243
8013,7875,303.0,-39.575,174.775,16.020313350571087,14.202313350571087
8014,7877,41.0,-39.575,174.825,16.016260867101664,15.770260867101664
8015,7879,139.0,-39.575,174.875,15.984985841605521,15.150985841605522
8016,8529,448.0,-39.425,174.725,16.589482704737748,13.901482704737747
8017,8530,417.0,-39.425,174.775,16.697544236471003,14.195544236471004
8018,8531,377.0,-39.425,174.825,16.80376433802303,14.541764338023029
8019,8532,377.0,-39.425,174.875,16.90825269275956,14.64625269275956
8020,8634,255.0,-39.525,174.725,16.15259678273287,14.622596782732872
8021,8635,337.0,-39.525,174.775,16.20335031861032,14.181350318610319
8022,8636,391.0,-39.525,174.825,16.233248254706268,13.887248254706268
8023,8637,370.0,-39.525,174.875,16.2461194700154,14.0261194700154
8024,8695,155.0,-39.475,174.725,16.35712646878528,15.427126468785282
8025,8696,364.0,-39.475,174.775,16.43479802269576,14.250798022695758
8026,8697,341.0,-39.475,174.825,16.50170280029124,14.455702800291242
8027,8698,262.0,-39.475,174.875,16.55987452104455,14.98787452104455
8028,7881,206.0,-39.575,174.925,15.936799312072253,14.700799312072252
8029,7883,664.0,-39.575,174.975,15.887061374032783,11.903061374032783
8030,7885,471.0,-39.575,175.025,15.85416680151684,13.02816680151684
8031,8533,221.0,-39.425,174.925,17.0122134399644,15.686213439964398
8032,8534,341.0,-39.425,174.975,17.11742751998827,15.07142751998827
8033,8535,128.0,-39.425,175.025,17.225582913364633,16.457582913364632
8034,8638,280.0,-39.525,174.925,16.249195474083535,14.569195474083536
8035,8639,488.0,-39.525,174.975,16.252634848384332,13.324634848384331
8036,8640,459.0,-39.525,175.025,16.26809762283665,13.51409762283665
8037,8699,521.0,-39.475,174.925,16.61340295671107,13.48740295671107
8038,8700,428.0,-39.475,174.975,16.667924328619847,14.099924328619847
8039,8701,145.0,-39.475,175.025,16.729659135075053,15.859659135075054
8040,7887,252.0,-39.575,175.075,15.855954459606437,14.343954459606437
8041,7889,123.0,-39.575,175.125,15.90598021884216,15.16798021884216
8042,7891,275.0,-39.575,175.175,16.01158522049809,14.36158522049809
8043,7892,451.0,-39.575,175.225,16.17468221591116,13.468682215911162
8044,8536,398.0,-39.425,175.075,17.337743544136174,14.949743544136174
8045,8537,331.0,-39.425,175.125,17.45432224002434,15.468322240024339
8046,8538,599.0,-39.425,175.175,17.57579349387379,13.98179349387379
8047,8539,490.0,-39.425,175.225,17.704049300591578,14.764049300591578
8048,8641,389.0,-39.525,175.075,16.306679478948354,13.972679478948354
8049,8642,294.0,-39.525,175.125,16.3770250192174,14.6130250192174
8050,8643,404.0,-39.525,175.175,16.48455193933478,14.060551939334779
8051,8644,324.0,-39.525,175.225,16.632235651049996,14.688235651049997
8052,8702,262.0,-39.475,175.075,16.804293068740662,15.232293068740663
8053,8703,594.0,-39.475,175.125,16.896195931039983,13.332195931039983
8054,8704,607.0,-39.475,175.175,17.008434224015218,13.366434224015219
8055,8705,537.0,-39.475,175.225,17.143727586022578,13.921727586022579
8056,7893,291.0,-39.575,175.275,16.39450007060077,14.64850007060077
8057,7894,502.0,-39.575,175.325,16.67051100396202,13.658511003962019
8058,7895,638.0,-39.575,175.375,17.00344326901177,13.175443269011769
8059,8540,521.0,-39.425,175.275,17.84401943366538,14.718019433665381
8060,8541,537.0,-39.425,175.325,18.005384630876506,14.783384630876506
8061,8542,560.0,-39.425,175.375,18.20559830728598,14.845598307285982
8062,8645,556.0,-39.525,175.275,16.822696209819696,13.486696209819696
8063,8646,487.0,-39.525,175.325,17.060897476920218,14.138897476920217
8064,8647,571.0,-39.525,175.375,17.35612605604547,13.930126056045468
8065,8706,664.0,-39.475,175.275,17.306186104433436,13.322186104433436
8066,8707,552.0,-39.475,175.325,17.50378156030638,14.19178156030638
8067,8708,738.0,-39.475,175.375,17.75244117672264,13.32444117672264
8068,7896,532.0,-39.575,175.425,17.392226690579264,14.200226690579264
8069,7897,568.0,-39.575,175.475,17.827631173895497,14.419631173895498
8070,7898,444.0,-39.575,175.525,18.289547638712975,15.625547638712975
8071,7899,540.0,-39.575,175.575,18.75092636217596,15.51092636217596
8072,8062,681.0,-39.475,175.575,19.418986784745357,15.332986784745358
8073,8543,622.0,-39.425,175.425,18.487260954956582,14.755260954956583
8074,8544,680.0,-39.425,175.475,18.878781237355724,14.798781237355724
8075,8545,726.0,-39.425,175.525,19.313980858842115,14.957980858842115
8076,8546,740.0,-39.425,175.575,19.757303201738978,15.317303201738977
8077,8648,580.0,-39.525,175.425,17.718423966762202,14.238423966762202
8078,8649,577.0,-39.525,175.475,18.143913861167675,14.681913861167676
8079,8650,685.0,-39.525,175.525,18.608082353403006,14.498082353403007
8080,8651,700.0,-39.525,175.575,19.078429835371935,14.878429835371936
8081,8709,763.0,-39.475,175.425,18.07953637691753,13.501536376917532
8082,8710,651.0,-39.475,175.475,18.491505204801797,14.585505204801798
8083,8711,645.0,-39.475,175.525,18.950502102710743,15.080502102710742
8084,7900,579.0,-39.575,175.625,19.182469927636703,15.708469927636703
8085,7901,830.0,-39.575,175.675,19.557796530847554,14.577796530847554
8086,7902,792.0,-39.575,175.725,19.863772122811497,15.111772122811498
8087,7903,811.0,-39.575,175.775,20.104355638806737,15.238355638806738
8088,8121,720.0,-39.475,175.625,19.863997994521924,15.543997994521924
8089,8135,820.0,-39.475,175.675,20.23846481291548,15.318464812915483
8090,8139,1001.0,-39.475,175.725,20.508412840179517,14.502412840179517
8091,8144,1055.0,-39.475,175.775,20.713339043199085,14.383339043199085
8092,8547,801.0,-39.425,175.625,20.176790696805256,15.370790696805255
8093,8548,868.0,-39.425,175.675,20.529897344669735,15.321897344669736
8094,8549,891.0,-39.425,175.725,20.791847502194287,15.445847502194287
8095,8550,843.0,-39.425,175.775,20.987862450550892,15.929862450550893
8096,8652,872.0,-39.525,175.625,19.520665957737947,14.288665957737948
8097,8653,800.0,-39.525,175.675,19.897479612438474,15.097479612438473
8098,8654,925.0,-39.525,175.725,20.190196767980524,14.640196767980523
8099,8655,1080.0,-39.525,175.775,20.413786056175013,13.933786056175013
8100,7904,541.0,-39.575,175.825,20.29022852390699,17.04422852390699
8101,7905,623.0,-39.575,175.875,20.431019935225777,16.693019935225777
8102,7906,710.0,-39.575,175.925,20.53424426030324,16.27424426030324
8103,8151,771.0,-39.475,175.825,20.869914871163928,16.24391487116393
8104,8260,746.0,-39.475,175.875,20.98692847192433,16.51092847192433
8105,8261,651.0,-39.475,175.925,21.07072430012704,17.16472430012704
8106,8551,1124.0,-39.425,175.825,21.135329299548175,14.391329299548175
8107,8552,1185.0,-39.425,175.875,21.24340629902872,14.13340629902872
8108,8553,840.0,-39.425,175.925,21.318547031140042,16.278547031140043
8109,8656,861.0,-39.525,175.825,20.584784528196906,15.418784528196905
8110,8657,818.0,-39.525,175.875,20.71350106434693,15.80550106434693
8111,8658,760.0,-39.525,175.925,20.807121392994304,16.247121392994305
8112,7907,823.0,-39.575,175.975,20.606223938448238,15.66822393844824
8113,7908,716.0,-39.575,176.025,20.652732378151995,16.356732378151996
8114,7909,833.0,-39.575,176.075,20.679209529851505,15.681209529851504
8115,7910,1161.0,-39.575,176.125,20.690761425197707,13.724761425197707
8116,8262,807.0,-39.475,175.975,21.126674181694398,16.2846741816944
8117,8263,714.0,-39.475,176.025,21.15971065231861,16.87571065231861
8118,8264,843.0,-39.475,176.075,21.174474082978122,16.116474082978122
8119,8265,931.0,-39.475,176.125,21.175277007903787,15.589277007903787
8120,8554,1033.0,-39.425,175.975,21.366182023557485,15.168182023557485
8121,8555,879.0,-39.425,176.025,21.39126581054734,16.117265810547337
8122,8556,710.0,-39.425,176.075,21.398403529299685,17.138403529299687
8123,8557,899.0,-39.425,176.125,21.391804451315693,15.997804451315693
8124,8659,885.0,-39.525,175.975,20.87149926334314,15.56149926334314
8125,8660,559.0,-39.525,176.025,20.911915928696544,17.557915928696545
8126,8661,630.0,-39.525,176.075,20.93332529696636,17.153325296966358
8127,8662,734.0,-39.525,176.125,20.940354999180272,16.536354999180272
8128,7911,831.0,-39.575,176.175,20.692044639810774,15.706044639810774
8129,7912,889.0,-39.575,176.225,20.68708889591653,15.353088895916532
8130,7913,1021.0,-39.575,176.275,20.679102734942717,14.553102734942716
8131,8266,932.0,-39.475,176.175,21.16598999811322,15.57398999811322
8132,8267,792.0,-39.475,176.225,21.149906097740313,16.397906097740314
8133,8268,834.0,-39.475,176.275,21.1296159009471,16.125615900947103
8134,8558,941.0,-39.425,176.175,21.375175042696355,15.729175042696355
8135,8559,662.0,-39.425,176.225,21.351606429565436,17.379606429565435
8136,8560,644.0,-39.425,176.275,21.323481668416207,17.459481668416206
8137,8663,1251.0,-39.525,176.175,20.93719711212907,13.43119711212907
8138,8664,519.0,-39.525,176.225,20.92745564730285,17.81345564730285
8139,8665,768.0,-39.525,176.275,20.91399168614953,16.30599168614953
8140,7914,688.0,-39.575,176.325,20.670305153013032,16.542305153013032
8141,7915,634.0,-39.575,176.375,20.661817023777985,16.857817023777987
8142,7916,316.0,-39.575,176.425,20.653626431245357,18.757626431245356
8143,7917,215.0,-39.575,176.475,20.644616215366113,19.354616215366114
8144,8269,588.0,-39.475,176.325,21.106911802799004,17.578911802799006
8145,8270,419.0,-39.475,176.375,21.082730448499206,18.568730448499206
8146,8272,540.0,-39.475,176.425,21.057133105809044,17.81713310580904
8147,8274,321.0,-39.475,176.475,21.029313755936528,19.10331375593653
8148,8561,942.0,-39.425,176.325,21.29241300513604,15.64041300513604
8149,8562,860.0,-39.425,176.375,21.259210805248586,16.099210805248585
8150,8563,742.0,-39.425,176.425,21.223879624296387,16.77187962429639
8151,8564,329.0,-39.425,176.475,21.185630975192907,19.211630975192907
8152,8666,396.0,-39.525,176.325,20.898795455992513,18.52279545599251
8153,8667,241.0,-39.525,176.375,20.88290437883552,19.436904378835518
8154,8668,397.0,-39.525,176.425,20.866372525619227,18.484372525619225
8155,8669,282.0,-39.525,176.475,20.84828069026844,19.15628069026844
8156,7918,175.0,-39.575,176.525,20.632618343417562,19.58261834341756
8157,7919,141.0,-39.575,176.575,20.61444279333773,19.76844279333773
8158,8061,132.0,-39.575,176.625,20.58581525354748,19.79381525354748
8159,8277,245.0,-39.475,176.525,20.997614724794403,19.527614724794404
8160,8280,166.0,-39.475,176.575,20.959519475332854,19.963519475332856
8161,8286,190.0,-39.475,176.625,20.911578414354153,19.771578414354153
8162,8565,282.0,-39.425,176.525,21.142896143068356,19.450896143068356
8163,8566,264.0,-39.425,176.575,21.09331503571957,19.50931503571957
8164,8567,195.0,-39.425,176.625,21.03366532775908,19.86366532775908
8165,8670,280.0,-39.525,176.525,20.826760168216424,19.146760168216424
8166,8671,249.0,-39.525,176.575,20.798987803340424,19.304987803340424
8167,8672,159.0,-39.525,176.625,20.761088859508163,19.807088859508163
8168,8126,123.0,-39.575,176.675,20.54113990397127,19.80313990397127
8169,8127,40.0,-39.575,176.725,20.472990802982167,20.23299080298217
8170,8128,20.0,-39.575,176.775,20.371411210851875,20.251411210851874
8171,8129,12.0,-39.575,176.825,20.224753190615957,20.152753190615957
8172,8290,122.0,-39.475,176.675,20.84919585132411,20.117195851324112
8173,8295,165.0,-39.475,176.725,20.766133932225785,19.776133932225786
8174,8300,111.0,-39.475,176.775,20.653354225223666,19.987354225223665
8175,8305,78.0,-39.475,176.825,20.495663160636468,20.027663160636468
8176,8568,190.0,-39.425,176.675,20.959669368436153,19.819669368436152
8177,8569,160.0,-39.425,176.725,20.86553469349201,19.905534693492008
8178,8570,197.0,-39.425,176.775,20.74276345657745,19.56076345657745
8179,8571,19.0,-39.425,176.825,20.57627364292057,20.462273642920568
8180,8673,79.0,-39.525,176.675,20.707837739302704,20.233837739302704
8181,8674,97.0,-39.525,176.725,20.6319160038056,20.0499160038056
8182,8675,37.0,-39.525,176.775,20.522084584079494,20.300084584079492
8183,8676,41.0,-39.525,176.825,20.35858742092205,20.11258742092205
8184,8130,6.0,-39.575,176.875,20.03071931436716,19.99471931436716
8185,8131,1.0,-39.575,176.925,19.817169787505918,19.811169787505918
8186,8310,1.0,-39.475,176.875,20.24712362115133,20.24112362115133
8187,8572,3.0,-39.425,176.875,20.336724444487118,20.318724444487117
8188,8677,9.0,-39.525,176.875,20.112036522483322,20.058036522483324
8189,8451,27.0,-39.275,173.775,17.431730418924417,17.269730418924418
8190,8846,17.0,-39.325,173.775,17.15338719722058,17.05138719722058
8191,8573,58.0,-39.375,173.825,16.84061788614781,16.492617886147812
8192,8574,114.0,-39.375,173.875,16.823063074487436,16.139063074487435
8193,8575,202.0,-39.375,173.925,16.786667656830105,15.574667656830105
8194,8576,298.0,-39.375,173.975,16.728827382565214,14.940827382565214
8195,8588,117.0,-39.275,173.825,17.46545034362134,16.763450343621344
8196,8596,200.0,-39.275,173.875,17.48470808588172,16.28470808588172
8197,8600,288.0,-39.275,173.925,17.48293236041718,15.75493236041718
8198,8604,501.0,-39.275,173.975,17.45186626335635,14.44586626335635
8199,8849,87.0,-39.325,173.825,17.170161483423726,16.648161483423728
8200,8852,163.0,-39.325,173.875,17.1717682370072,16.1937682370072
8201,8855,288.0,-39.325,173.925,17.15322093001305,15.42522093001305
8202,8858,461.0,-39.325,173.975,17.10958510132332,14.343585101323319
8203,8895,74.0,-39.225,173.825,17.714046693436103,17.270046693436104
8204,8896,144.0,-39.225,173.875,17.747009241818887,16.883009241818886
8205,8897,220.0,-39.225,173.925,17.75904479619203,16.43904479619203
8206,8898,509.0,-39.225,173.975,17.738510313203733,14.684510313203733
8207,8577,428.0,-39.375,174.025,16.64969855731033,14.08169855731033
8208,8578,504.0,-39.375,174.075,16.554673993003235,13.530673993003234
8209,8579,470.0,-39.375,174.125,16.45648112813069,13.63648112813069
8210,8608,857.0,-39.275,174.025,17.38339757506037,12.241397575060372
8211,8612,1244.0,-39.275,174.075,17.274785804685962,9.810785804685963
8212,8616,746.0,-39.275,174.125,17.136394424844184,12.660394424844185
8213,8861,820.0,-39.325,174.025,17.038138542124216,12.118138542124218
8214,8864,1142.0,-39.325,174.075,16.9420649110034,10.090064911003399
8215,8867,736.0,-39.325,174.125,16.83413160728378,12.41813160728378
8216,8899,1047.0,-39.225,174.025,17.669646124126302,11.387646124126302
8217,8900,623.0,-39.225,174.075,17.538242729242484,13.800242729242484
8218,8901,471.0,-39.225,174.125,17.348349546191457,14.522349546191457
8219,8580,421.0,-39.375,174.175,16.3748330159724,13.8488330159724
8220,8581,340.0,-39.375,174.225,16.330315570696257,14.290315570696258
8221,8582,279.0,-39.375,174.275,16.326435861599748,14.652435861599749
8222,8583,241.0,-39.375,174.325,16.322349001755356,14.876349001755356
8223,8620,514.0,-39.275,174.175,16.993797199014807,13.909797199014807
8224,8625,380.0,-39.275,174.225,16.87532974712667,14.595329747126671
8225,8630,314.0,-39.275,174.275,16.789795906515792,14.905795906515792
8226,8715,274.0,-39.275,174.325,16.71673310519691,15.072733105196908
8227,8902,365.0,-39.225,174.175,17.135182932714088,14.945182932714088
8228,8903,294.0,-39.225,174.225,16.945648630680807,15.181648630680808
8229,8904,230.0,-39.225,174.275,16.80492569780108,15.424925697801083
8230,8905,220.0,-39.225,174.325,16.71083233664831,15.390832336648309
8231,8920,546.0,-39.325,174.175,16.73625544155948,13.460255441559479
8232,8922,417.0,-39.325,174.225,16.67089505399781,14.168895053997812
8233,8924,329.0,-39.325,174.275,16.643157646518375,14.669157646518375
8234,8925,264.0,-39.325,174.325,16.603005009928893,15.019005009928893
8235,8041,256.0,-39.375,174.375,16.30230438257422,14.766304382574221
8236,8109,194.0,-39.375,174.425,16.30109425928822,15.13709425928822
8237,8111,163.0,-39.375,174.475,16.329991077865998,15.351991077865998
8238,8113,220.0,-39.375,174.525,16.388697128953936,15.068697128953936
8239,8717,200.0,-39.275,174.375,16.651938986418827,15.451938986418828
8240,8719,217.0,-39.275,174.425,16.62040998944576,15.318409989445762
8241,8723,222.0,-39.275,174.475,16.634688153557363,15.302688153557362
8242,8727,187.0,-39.275,174.525,16.695026422778028,15.573026422778028
8243,8906,242.0,-39.225,174.375,16.657580196762865,15.205580196762865
8244,8907,120.0,-39.225,174.425,16.648509788064985,15.928509788064984
8245,8908,158.0,-39.225,174.475,16.68709761098944,15.73909761098944
8246,8909,228.0,-39.225,174.525,16.77231938557088,15.404319385570881
8247,8926,200.0,-39.325,174.375,16.538197047208087,15.338197047208087
8248,8927,200.0,-39.325,174.425,16.50505686111501,15.305056861115009
8249,8928,253.0,-39.325,174.475,16.514615971165767,14.996615971165767
8250,8929,213.0,-39.325,174.525,16.565476305317134,15.287476305317133
8251,8115,388.0,-39.375,174.575,16.47327506667716,14.145275066677161
8252,8117,470.0,-39.375,174.625,16.578735716720985,13.758735716720984
8253,8119,669.0,-39.375,174.675,16.70015871582291,12.68615871582291
8254,8731,179.0,-39.275,174.575,16.796917749852582,15.722917749852583
8255,8735,180.0,-39.275,174.625,16.93460721570591,15.85460721570591
8256,8739,266.0,-39.275,174.675,17.102509984120843,15.506509984120843
8257,8910,199.0,-39.225,174.575,16.900208242383087,15.706208242383088
8258,8911,291.0,-39.225,174.625,17.065792091718322,15.319792091718321
8259,8912,289.0,-39.225,174.675,17.26416316219911,15.530163162199111
8260,8930,217.0,-39.325,174.575,16.652513954541064,15.350513954541064
8261,8931,272.0,-39.325,174.625,16.769766361030634,15.137766361030634
8262,8932,180.0,-39.325,174.675,16.911584707981092,15.831584707981092
8263,8001,138.0,-39.225,174.825,18.014512749854475,17.186512749854476
8264,8003,309.0,-39.225,174.875,18.30437120044371,16.450371200443712
8265,8122,517.0,-39.375,174.725,16.83326448437583,13.731264484375831
8266,8141,423.0,-39.375,174.775,16.974693085438048,14.436693085438048
8267,8145,478.0,-39.375,174.825,17.12205525124591,14.25405525124591
8268,8153,647.0,-39.375,174.875,17.27375616498466,13.391756164984661
8269,8743,326.0,-39.275,174.725,17.2957198011718,15.3397198011718
8270,8747,235.0,-39.275,174.775,17.510081113920023,16.100081113920023
8271,8816,117.0,-39.275,174.825,17.741994661620993,17.039994661620995
8272,8817,179.0,-39.275,174.875,17.98800209006731,16.91400209006731
8273,8913,445.0,-39.225,174.725,17.490912290966662,14.820912290966662
8274,8914,373.0,-39.225,174.775,17.74218891525379,15.504188915253792
8275,8933,258.0,-39.325,174.725,17.073092086458928,15.525092086458928
8276,8934,367.0,-39.325,174.775,17.25029369571712,15.048293695717119
8277,8935,326.0,-39.325,174.825,17.439949118794175,15.483949118794175
8278,8936,265.0,-39.325,174.875,17.63923039158908,16.04923039158908
8279,8004,213.0,-39.225,174.925,18.607584779761964,17.329584779761966
8280,8005,285.0,-39.225,174.975,18.918394370310125,17.208394370310124
8281,8006,472.0,-39.225,175.025,19.22822877625731,16.39622877625731
8282,8415,691.0,-39.375,174.925,17.42859171074815,13.28259171074815
8283,8430,340.0,-39.375,174.975,17.58517683273385,15.545176832733851
8284,8438,174.0,-39.375,175.025,17.74138626642889,16.69738626642889
8285,8818,87.0,-39.275,174.925,18.24415403259627,17.722154032596272
8286,8819,88.0,-39.275,174.975,18.505181936954614,17.977181936954615
8287,8820,303.0,-39.275,175.025,18.76358751366206,16.94558751366206
8288,8937,311.0,-39.325,174.925,17.845177384842827,15.979177384842828
8289,8938,104.0,-39.325,174.975,18.05401159153189,17.43001159153189
8290,8939,373.0,-39.325,175.025,18.260491865341464,16.022491865341465
8291,8007,331.0,-39.225,175.075,19.524257140801637,17.538257140801637
8292,8008,608.0,-39.225,175.125,19.788546947551367,16.140546947551368
8293,8009,346.0,-39.225,175.175,20.000767399986216,17.924767399986216
8294,8010,588.0,-39.225,175.225,20.14891411120334,16.62091411120334
8295,8443,289.0,-39.375,175.075,17.89413704870094,16.16013704870094
8296,8450,250.0,-39.375,175.125,18.039918947713886,16.539918947713886
8297,8587,348.0,-39.375,175.175,18.17630922927492,16.08830922927492
8298,8589,605.0,-39.375,175.225,18.30419577318753,14.674195773187531
8299,8821,348.0,-39.275,175.075,19.00901706865261,16.92101706865261
8300,8822,403.0,-39.275,175.125,19.228820362710394,16.810820362710395
8301,8823,433.0,-39.275,175.175,19.411275124381064,16.813275124381065
8302,8841,416.0,-39.275,175.225,19.551999697421707,17.055999697421708
8303,8940,383.0,-39.325,175.075,18.45770095302578,16.159700953025776
8304,8941,361.0,-39.325,175.125,18.637878195979283,16.471878195979283
8305,8942,475.0,-39.325,175.175,18.794864796822367,15.944864796822367
8306,8943,428.0,-39.325,175.225,18.92787437318475,16.35987437318475
8307,8011,664.0,-39.225,175.275,20.242685424298543,16.258685424298545
8308,8012,612.0,-39.225,175.325,20.311304957293032,16.63930495729303
8309,8013,744.0,-39.225,175.375,20.387530349536974,15.923530349536973
8310,8591,561.0,-39.375,175.275,18.429919144837186,15.063919144837186
8311,8593,593.0,-39.375,175.325,18.566893562816404,15.008893562816404
8312,8595,644.0,-39.375,175.375,18.738300106997485,14.874300106997485
8313,8844,520.0,-39.275,175.275,19.659927885870275,16.539927885870274
8314,8847,715.0,-39.275,175.325,19.756942457588593,15.466942457588594
8315,8850,765.0,-39.275,175.375,19.870843044598587,15.280843044598587
8316,8944,474.0,-39.325,175.275,19.044839906408015,16.200839906408014
8317,8945,606.0,-39.325,175.325,19.163460765928903,15.527460765928904
8318,8946,763.0,-39.325,175.375,19.309807907215145,14.731807907215146
8319,8014,1195.0,-39.225,175.425,20.49523801644682,13.325238016446821
8320,8015,1142.0,-39.225,175.475,20.644635095610283,13.792635095610283
8321,8016,1307.0,-39.225,175.525,20.833848172740545,12.991848172740546
8322,8017,1489.0,-39.225,175.575,21.055588239905774,12.121588239905774
8323,8598,909.0,-39.375,175.425,18.98277793544912,13.52877793544912
8324,8602,860.0,-39.375,175.475,19.316169080331747,14.156169080331747
8325,8606,930.0,-39.375,175.525,19.69824996700845,14.11824996700845
8326,8610,944.0,-39.375,175.575,20.09232220880949,14.428322208809492
8327,8853,909.0,-39.275,175.425,20.025300211258582,14.571300211258581
8328,8856,1138.0,-39.275,175.475,20.229831282253144,13.401831282253145
8329,8859,1820.0,-39.275,175.525,20.477473801038286,9.557473801038286
8330,8862,2469.0,-39.275,175.575,20.751046160206897,5.937046160206897
8331,8947,881.0,-39.325,175.425,19.511658570350846,14.225658570350845
8332,8948,1074.0,-39.325,175.475,19.778562019142555,13.334562019142556
8333,8949,1478.0,-39.325,175.525,20.092656906821503,11.224656906821505
8334,8950,1706.0,-39.325,175.575,20.42602281935251,10.190022819352512
8335,8018,1295.0,-39.225,175.625,21.289745032707287,13.519745032707288
8336,8019,1140.0,-39.225,175.675,21.512179815857962,14.672179815857962
8337,8020,970.0,-39.225,175.725,21.706602313141047,15.886602313141047
8338,8021,911.0,-39.225,175.775,21.863527071684075,16.397527071684074
8339,8614,965.0,-39.375,175.625,20.466264410788426,14.676264410788427
8340,8618,943.0,-39.375,175.675,20.78857237871489,15.13057237871489
8341,8622,897.0,-39.375,175.725,21.042695863838162,15.66069586383816
8342,8627,879.0,-39.375,175.775,21.234969146327785,15.960969146327786
8343,8865,1590.0,-39.275,175.625,21.02690623998933,11.486906239989331
8344,8868,1225.0,-39.275,175.675,21.28126100911686,13.931261009116861
8345,8869,1077.0,-39.275,175.725,21.49799030543727,15.03599030543727
8346,8870,1094.0,-39.275,175.775,21.670224758490804,15.106224758490804
8347,8951,1350.0,-39.325,175.625,20.74989220414136,12.649892204141361
8348,8952,1086.0,-39.325,175.675,21.03843773105109,14.522437731051092
8349,8953,1054.0,-39.325,175.725,21.27619469158526,14.952194691585262
8350,8954,1125.0,-39.325,175.775,21.460850378007308,14.710850378007308
8351,8022,1106.0,-39.225,175.825,21.979341452439257,15.343341452439258
8352,8023,1211.0,-39.225,175.875,22.05511874836884,14.789118748368843
8353,8024,1635.0,-39.225,175.925,22.095233507505327,12.285233507505327
8354,8632,1109.0,-39.375,175.825,21.37732283247169,14.723322832471691
8355,8714,1056.0,-39.375,175.875,21.478855277029652,15.142855277029652
8356,8720,1137.0,-39.375,175.925,21.54647450547054,14.724474505470543
8357,8871,1459.0,-39.275,175.825,21.79788117231874,13.04388117231874
8358,8872,1243.0,-39.275,175.875,21.88459308149686,14.426593081496861
8359,8873,1402.0,-39.275,175.925,21.935759474974475,13.523759474974476
8360,8955,1228.0,-39.325,175.825,21.597388718961156,14.229388718961157
8361,8956,1107.0,-39.325,175.875,21.692449858073815,15.050449858073815
8362,8957,1244.0,-39.325,175.925,21.75251532162656,14.288515321626562
8363,8025,912.0,-39.225,175.975,22.105794660223182,16.63379466022318
8364,8026,1323.0,-39.225,176.025,22.09323677949942,14.155236779499422
8365,8027,1291.0,-39.225,176.075,22.06340514040494,14.31740514040494
8366,8028,1112.0,-39.225,176.125,22.0211283145145,15.349128314514498
8367,8724,1053.0,-39.375,175.975,21.586036489148682,15.268036489148683
8368,8728,778.0,-39.375,176.025,21.602828963048523,16.934828963048524
8369,8732,976.0,-39.375,176.075,21.60167102888954,15.745671028889541
8370,8736,880.0,-39.375,176.125,21.5868565946912,16.306856594691197
8371,8874,861.0,-39.275,175.975,21.95746123218123,16.79146123218123
8372,8875,1156.0,-39.275,176.025,21.95574164196296,15.019741641962959
8373,8876,1086.0,-39.275,176.075,21.936110836617445,15.420110836617447
8374,8877,1126.0,-39.275,176.125,21.903257146968826,15.147257146968826
8375,8958,1255.0,-39.325,175.975,21.78369171582017,14.253691715820167
8376,8959,1067.0,-39.325,176.025,21.791669557562273,15.389669557562272
8377,8960,1030.0,-39.325,176.075,21.781605111900717,15.601605111900717
8378,8961,891.0,-39.325,176.125,21.7579830209761,16.4119830209761
8379,8029,1327.0,-39.225,176.175,21.97009733064624,14.00809733064624
8380,8030,1253.0,-39.225,176.225,21.912897335118032,14.394897335118033
8381,8031,1346.0,-39.225,176.275,21.851105316392932,13.775105316392931
8382,8107,1075.0,-39.325,176.225,21.684086365985422,15.234086365985423
8383,8124,797.0,-39.325,176.275,21.63874842738369,16.85674842738369
8384,8740,911.0,-39.375,176.175,21.56205960664738,16.09605960664738
8385,8744,1147.0,-39.375,176.225,21.53025145526044,14.64825145526044
8386,8748,1186.0,-39.375,176.275,21.493646682101826,14.377646682101826
8387,8878,1061.0,-39.275,176.175,21.86092247846682,15.494922478466819
8388,8879,1108.0,-39.275,176.225,21.811883315243904,15.163883315243904
8389,8880,1062.0,-39.275,176.275,21.757990336238436,15.385990336238436
8390,8962,965.0,-39.325,176.175,21.72451473223191,15.93451473223191
8391,8032,1373.0,-39.225,176.325,21.78541008438333,13.54741008438333
8392,8033,1181.0,-39.225,176.375,21.71573098800218,14.629730988002178
8393,8034,932.0,-39.225,176.425,21.641322296167345,16.049322296167347
8394,8035,585.0,-39.225,176.475,21.560857081880386,18.050857081880388
8395,8140,1288.0,-39.325,176.325,21.589734509543632,13.861734509543632
8396,8146,1120.0,-39.325,176.375,21.537496646662476,14.817496646662477
8397,8154,769.0,-39.325,176.425,21.4817460563645,16.8677460563645
8398,8416,556.0,-39.325,176.475,21.421487940588122,18.085487940588123
8399,8825,688.0,-39.375,176.325,21.4536781409588,17.3256781409588
8400,8827,703.0,-39.375,176.375,21.410996653423354,17.192996653423354
8401,8829,460.0,-39.375,176.425,21.36548697764738,18.60548697764738
8402,8831,577.0,-39.375,176.475,21.316288833881117,17.854288833881117
8403,8881,933.0,-39.275,176.325,21.700235796510242,16.102235796510243
8404,8882,1568.0,-39.275,176.375,21.638829110397637,12.230829110397638
8405,8883,891.0,-39.275,176.425,21.573267547453725,16.227267547453724
8406,8884,641.0,-39.275,176.475,21.502392465983576,17.656392465983576
8407,8036,500.0,-39.225,176.525,21.4724902395792,18.4724902395792
8408,8037,665.0,-39.225,176.575,21.373907596793288,17.383907596793286
8409,8038,572.0,-39.225,176.625,21.262382711944156,17.830382711944157
8410,8417,559.0,-39.325,176.525,21.35503728124968,18.00103728124968
8411,8418,567.0,-39.325,176.575,21.279998838266692,17.87799883826669
8412,8419,361.0,-39.325,176.625,21.19318920067235,19.02718920067235
8413,8832,299.0,-39.375,176.525,21.261807542045062,19.467807542045062
8414,8833,260.0,-39.375,176.575,21.19969202892753,19.63969202892753
8415,8835,277.0,-39.375,176.625,21.12674474422238,19.46474474422238
8416,8885,610.0,-39.275,176.525,21.42442344502342,17.76442344502342
8417,8886,520.0,-39.275,176.575,21.33696490298462,18.216964902984618
8418,8887,414.0,-39.275,176.625,21.236987351234347,18.75298735123435
8419,8039,722.0,-39.225,176.675,21.134895762330416,16.802895762330415
8420,8040,476.0,-39.225,176.725,20.98843326142014,18.13243326142014
8421,8042,305.0,-39.225,176.775,20.820670232998964,18.990670232998966
8422,8043,242.0,-39.225,176.825,20.631204628454725,19.179204628454727
8423,8420,239.0,-39.325,176.675,21.09047771704718,19.656477717047178
8424,8421,350.0,-39.325,176.725,20.966564144036965,18.866564144036964
8425,8422,248.0,-39.325,176.775,20.814969543100233,19.326969543100233
8426,8433,296.0,-39.325,176.825,20.629506736117037,18.853506736117037
8427,8836,333.0,-39.375,176.675,21.038698543085047,19.040698543085046
8428,8837,200.0,-39.375,176.725,20.929730348916564,19.729730348916565
8429,8838,186.0,-39.375,176.775,20.791508837848596,19.675508837848596
8430,8840,234.0,-39.375,176.825,20.612323910763735,19.208323910763735
8431,8888,336.0,-39.275,176.675,21.1208134011722,19.1048134011722
8432,8889,378.0,-39.275,176.725,20.984227342996746,18.716227342996746
8433,8890,180.0,-39.275,176.775,20.82305010800883,19.74305010800883
8434,8891,460.0,-39.275,176.825,20.634836272189204,17.874836272189206
8435,8044,278.0,-39.225,176.875,20.423048774215204,18.755048774215204
8436,8045,283.0,-39.225,176.925,20.203190293681473,18.505190293681473
8437,8046,307.0,-39.225,176.975,19.9810353609264,18.1390353609264
8438,8047,267.0,-39.225,177.025,19.765500062880164,18.163500062880164
8439,8434,182.0,-39.325,176.875,20.409925311056213,19.317925311056214
8440,8444,54.0,-39.325,176.925,20.16950675897715,19.845506758977148
8441,8843,22.0,-39.375,176.875,20.383469550883092,20.25146955088309
8442,8892,381.0,-39.275,176.875,20.42195886391528,18.135958863915278
8443,8893,304.0,-39.275,176.925,20.193817973244222,18.369817973244224
8444,8894,132.0,-39.275,176.975,19.964139895670087,19.172139895670085
8445,8048,185.0,-39.225,177.875,18.81995934542283,17.70995934542283
8446,8049,61.0,-39.175,173.875,17.9438556991081,17.5778556991081
8447,8050,141.0,-39.175,173.925,17.96334947066498,17.11734947066498
8448,8051,453.0,-39.175,173.975,17.949849003969575,15.231849003969575
8449,8164,41.0,-39.125,173.975,18.060278318152996,17.814278318152997
8450,8052,358.0,-39.175,174.025,17.880433256999822,15.732433256999823
8451,8053,307.0,-39.175,174.075,17.721822332940064,15.879822332940064
8452,8054,281.0,-39.175,174.125,17.460223906182364,15.774223906182364
8453,8165,142.0,-39.125,174.025,17.988393548250315,17.136393548250314
8454,8166,160.0,-39.125,174.075,17.809060634113848,16.849060634113847
8455,8167,153.0,-39.125,174.125,17.453803766191413,16.535803766191414
8456,8232,25.0,-39.075,174.025,17.942242970289954,17.792242970289955
8457,8233,43.0,-39.075,174.075,17.736766453097516,17.478766453097517
8458,8234,80.0,-39.075,174.125,17.272808837424236,16.792808837424236
8459,8055,254.0,-39.175,174.175,17.15297237890627,15.62897237890627
8460,8056,207.0,-39.175,174.225,16.887413905198628,15.645413905198629
8461,8057,172.0,-39.175,174.275,16.707055081191356,15.675055081191356
8462,8058,184.0,-39.175,174.325,16.609970595993218,15.505970595993219
8463,8168,169.0,-39.125,174.175,17.02961739111197,16.01561739111197
8464,8169,177.0,-39.125,174.225,16.699481371084403,15.637481371084403
8465,8170,146.0,-39.125,174.275,16.509731864363857,15.633731864363858
8466,8171,117.0,-39.125,174.325,16.436158762404375,15.734158762404375
8467,8235,87.0,-39.075,174.175,16.742578112112824,16.220578112112825
8468,8236,109.0,-39.075,174.225,16.395769549566467,15.741769549566467
8469,8237,86.0,-39.075,174.275,16.246419684714056,15.730419684714056
8470,8238,144.0,-39.075,174.325,16.22525051053526,15.36125051053526
8471,8059,188.0,-39.175,174.375,16.580109221737075,15.452109221737075
8472,8060,122.0,-39.175,174.425,16.605911049358838,15.873911049358838
8473,8065,258.0,-39.175,174.475,16.68121602780593,15.133216027805931
8474,8066,110.0,-39.175,174.525,16.80166477926832,16.14166477926832
8475,8172,187.0,-39.125,174.375,16.445401806799055,15.323401806799055
8476,8173,162.0,-39.125,174.425,16.515283339540474,15.543283339540475
8477,8174,166.0,-39.125,174.475,16.63370375825616,15.63770375825616
8478,8175,187.0,-39.125,174.525,16.793960704446363,15.671960704446363
8479,8239,135.0,-39.075,174.375,16.28575898613053,15.475758986130531
8480,8240,266.0,-39.075,174.425,16.40327125222393,14.80727125222393
8481,8241,68.0,-39.075,174.475,16.56489671361851,16.156896713618508
8482,8242,247.0,-39.075,174.525,16.763726358200074,15.281726358200075
8483,8067,201.0,-39.175,174.575,16.963049586156558,15.757049586156558
8484,8068,235.0,-39.175,174.625,17.161163395248877,15.751163395248877
8485,8069,201.0,-39.175,174.675,17.39201388879883,16.18601388879883
8486,8176,196.0,-39.125,174.575,16.99163616873193,15.81563616873193
8487,8177,254.0,-39.125,174.625,17.223208752264327,15.699208752264326
8488,8178,347.0,-39.125,174.675,17.485573418071,15.403573418070998
8489,8243,204.0,-39.075,174.575,16.995659302141576,15.771659302141575
8490,8244,198.0,-39.075,174.625,17.25779727468762,16.06979727468762
8491,8245,225.0,-39.075,174.675,17.54771230555707,16.19771230555707
8492,8070,217.0,-39.175,174.725,17.651973220356012,16.349973220356013
8493,8071,269.0,-39.175,174.775,17.937776274651696,16.323776274651696
8494,8072,314.0,-39.175,174.825,18.246360104167252,16.36236010416725
8495,8073,313.0,-39.175,174.875,18.57453268107929,16.69653268107929
8496,8179,229.0,-39.125,174.725,17.77589224793337,16.40189224793337
8497,8180,393.0,-39.125,174.775,18.091506227196078,15.733506227196077
8498,8181,224.0,-39.125,174.825,18.429795609965367,17.085795609965366
8499,8182,261.0,-39.125,174.875,18.78793289366149,17.221932893661492
8500,8246,351.0,-39.075,174.725,17.863132691061764,15.757132691061765
8501,8247,282.0,-39.075,174.775,18.201786581619672,16.50978658161967
8502,8248,188.0,-39.075,174.825,18.561263452465937,17.433263452465937
8503,8249,115.0,-39.075,174.875,18.938814670429565,18.248814670429564
8504,8074,372.0,-39.175,174.925,18.9184300948873,16.6864300948873
8505,8075,247.0,-39.175,174.975,19.2726696486352,17.790669648635202
8506,8076,433.0,-39.175,175.025,19.62900704186177,17.03100704186177
8507,8183,226.0,-39.125,174.925,19.16247753308926,17.806477533089257
8508,8184,138.0,-39.125,174.975,19.54872514741146,18.72072514741146
8509,8185,277.0,-39.125,175.025,19.939609977303917,18.277609977303918
8510,8250,232.0,-39.075,174.925,19.33103667875548,17.939036678755482
8511,8251,364.0,-39.075,174.975,19.733366592394304,17.549366592394303
8512,8252,281.0,-39.075,175.025,20.139242915814975,18.453242915814975
8513,8077,388.0,-39.175,175.075,19.974138559246057,17.646138559246058
8514,8078,410.0,-39.175,175.125,20.286317698526545,17.826317698526545
8515,8079,578.0,-39.175,175.175,20.53322327441856,17.06522327441856
8516,8080,559.0,-39.175,175.225,20.68632368587714,17.332323685877142
8517,8108,419.0,-39.075,175.075,20.538540846951946,18.024540846951947
8518,8123,371.0,-39.075,175.125,20.9140644937288,18.688064493728803
8519,8136,215.0,-39.075,175.175,21.230817057174136,19.940817057174137
8520,8152,200.0,-39.075,175.225,21.380160179520317,20.180160179520318
8521,8186,269.0,-39.125,175.075,20.32363193771016,18.70963193771016
8522,8187,142.0,-39.125,175.125,20.68024606394465,19.82824606394465
8523,8188,443.0,-39.125,175.175,20.968153827758215,18.310153827758214
8524,8189,371.0,-39.125,175.225,21.12179771139199,18.895797711391992
8525,8081,300.0,-39.175,175.275,20.75716263335198,18.95716263335198
8526,8082,565.0,-39.175,175.325,20.791387126624613,17.401387126624613
8527,8083,837.0,-39.175,175.375,20.830275990367227,15.808275990367228
8528,8190,392.0,-39.125,175.275,21.158901399801834,18.806901399801834
8529,8191,353.0,-39.125,175.325,21.159972711044247,19.04197271104425
8530,8192,636.0,-39.125,175.375,21.171227918192017,17.355227918192018
8531,8254,306.0,-39.075,175.275,21.39297360717319,19.55697360717319
8532,8259,415.0,-39.075,175.325,21.38306475209538,18.893064752095377
8533,8273,541.0,-39.075,175.375,21.389125095680356,18.143125095680357
8534,8084,846.0,-39.175,175.425,20.89827841776423,15.822278417764231
8535,8085,878.0,-39.175,175.475,21.005114602572576,15.737114602572575
8536,8086,997.0,-39.175,175.525,21.150548957091814,15.168548957091815
8537,8087,1175.0,-39.175,175.575,21.330971642066288,14.280971642066287
8538,8193,740.0,-39.125,175.425,21.213736115845677,16.773736115845676
8539,8194,782.0,-39.125,175.475,21.29477078103082,16.60277078103082
8540,8195,883.0,-39.125,175.525,21.413746030215407,16.115746030215405
8541,8196,1044.0,-39.125,175.575,21.56473347764768,15.300733477647679
8542,8276,960.0,-39.075,175.425,21.426607235713163,15.666607235713164
8543,8281,691.0,-39.075,175.475,21.49974922374895,17.35374922374895
8544,8283,805.0,-39.075,175.525,21.60668093003187,16.776680930031873
8545,8285,790.0,-39.075,175.575,21.741052444907837,17.001052444907835
8546,8088,1555.0,-39.175,175.625,21.52938433385134,12.19938433385134
8547,8089,1268.0,-39.175,175.675,21.72340890777923,14.11540890777923
8548,8090,1026.0,-39.175,175.725,21.89672429611528,15.740724296115282
8549,8091,806.0,-39.175,175.775,22.037757947928185,17.201757947928186
8550,8197,1595.0,-39.125,175.625,21.73436716154174,12.164367161541742
8551,8198,1554.0,-39.125,175.675,21.90505538204161,12.58105538204161
8552,8199,986.0,-39.125,175.725,22.060639824881946,16.144639824881946
8553,8200,710.0,-39.125,175.775,22.187510385854694,17.927510385854696
8554,8289,906.0,-39.075,175.625,21.892115452508733,16.456115452508733
8555,8294,789.0,-39.075,175.675,22.046204239675717,17.312204239675715
8556,8299,564.0,-39.075,175.725,22.18890407987419,18.80490407987419
8557,8304,581.0,-39.075,175.775,22.305402868681995,18.819402868681994
8558,8092,983.0,-39.175,175.825,22.13996919206693,16.24196919206693
8559,8093,1008.0,-39.175,175.875,22.202413084261934,16.154413084261932
8560,8094,1236.0,-39.175,175.925,22.229091917146434,14.813091917146433
8561,8201,644.0,-39.125,175.825,22.275894436170347,18.411894436170346
8562,8202,971.0,-39.125,175.875,22.323112003352435,16.497112003352434
8563,8203,1314.0,-39.125,175.925,22.334145120996254,14.450145120996254
8564,8309,496.0,-39.075,175.825,22.381313909711025,19.405313909711026
8565,8314,622.0,-39.075,175.875,22.411739597326232,18.679739597326233
8566,8319,1020.0,-39.075,175.925,22.40556736947474,16.28556736947474
8567,8095,1150.0,-39.175,175.975,22.22667572992941,15.326675729929413
8568,8096,1074.0,-39.175,176.025,22.202195862850203,15.758195862850204
8569,8097,1177.0,-39.175,176.075,22.161794010542508,15.099794010542508
8570,8098,1419.0,-39.175,176.125,22.11030655909417,13.59630655909417
8571,8204,1432.0,-39.125,175.975,22.317262988919538,13.725262988919537
8572,8205,1198.0,-39.125,176.025,22.2803177406131,15.092317740613101
8573,8206,1360.0,-39.125,176.075,22.229601241204364,14.069601241204364
8574,8207,1270.0,-39.125,176.125,22.169755074522982,14.549755074522983
8575,8324,1010.0,-39.075,175.975,22.373880215764075,16.313880215764076
8576,8329,1187.0,-39.075,176.025,22.325105340180016,15.203105340180016
8577,8334,942.0,-39.075,176.075,22.265346827294707,16.613346827294706
8578,8335,1071.0,-39.075,176.125,22.198846909021086,15.772846909021085
8579,8099,1006.0,-39.175,176.175,22.05123095228919,16.015230952289187
8580,8100,1095.0,-39.175,176.225,21.986836005929945,15.416836005929945
8581,8101,1279.0,-39.175,176.275,21.91832419957791,14.24432419957791
8582,8208,915.0,-39.125,176.175,22.10390900825587,16.613909008255867
8583,8209,823.0,-39.125,176.225,22.03387570225459,17.09587570225459
8584,8210,994.0,-39.125,176.275,21.960374417372805,15.996374417372806
8585,8336,1357.0,-39.075,176.175,22.12823164130532,13.98623164130532
8586,8337,1051.0,-39.075,176.225,22.05474348529242,15.748743485292419
8587,8338,620.0,-39.075,176.275,21.978522385223187,18.258522385223188
8588,8102,1236.0,-39.175,176.325,21.846005673578475,14.430005673578474
8589,8103,1002.0,-39.175,176.375,21.769460755233013,15.757460755233012
8590,8104,799.0,-39.175,176.425,21.687678756032255,16.893678756032255
8591,8105,597.0,-39.175,176.475,21.599170887930086,18.017170887930085
8592,8211,930.0,-39.125,176.325,21.883259249152616,16.303259249152617
8593,8212,571.0,-39.125,176.375,21.80172555363606,18.375725553636062
8594,8213,984.0,-39.125,176.425,21.71448077669629,15.810480776696291
8595,8214,794.0,-39.125,176.475,21.61988188667965,16.85588188667965
8596,8339,751.0,-39.075,176.325,21.898898178264062,17.392898178264062
8597,8340,991.0,-39.075,176.375,21.81464487653284,15.868644876532839
8598,8341,794.0,-39.075,176.425,21.72417838074034,16.96017838074034
8599,8342,943.0,-39.075,176.475,21.62570828328171,15.967708283281711
8600,8064,502.0,-39.175,176.575,21.394191435801986,18.382191435801985
8601,8106,453.0,-39.175,176.525,21.502064063504804,18.784064063504804
8602,8143,396.0,-39.175,176.625,21.273208758557303,18.8972087585573
8603,8215,605.0,-39.125,176.525,21.51605307542195,17.88605307542195
8604,8216,562.0,-39.125,176.575,21.401004712693975,18.029004712693975
8605,8217,541.0,-39.125,176.625,21.27278124210352,18.02678124210352
8606,8343,812.0,-39.075,176.525,21.51736690150574,16.64536690150574
8607,8344,582.0,-39.075,176.575,21.397340148345393,17.905340148345392
8608,8345,570.0,-39.075,176.625,21.264022847379238,17.844022847379236
8609,8148,503.0,-39.175,176.675,21.13678684118713,18.11878684118713
8610,8156,894.0,-39.175,176.725,20.982955629175194,15.618955629175193
8611,8157,442.0,-39.175,176.775,20.810674935335555,18.158674935335554
8612,8158,181.0,-39.175,176.825,20.620606949023568,19.53460694902357
8613,8218,374.0,-39.125,176.675,21.129672618078985,18.885672618078985
8614,8219,845.0,-39.125,176.725,20.970523814734406,15.900523814734406
8615,8220,879.0,-39.125,176.775,20.795150360341722,15.521150360341723
8616,8221,688.0,-39.125,176.825,20.604790258334106,16.476790258334105
8617,8346,674.0,-39.075,176.675,21.116217244034488,17.072217244034487
8618,8347,367.0,-39.075,176.725,20.953382783663983,18.751382783663985
8619,8348,527.0,-39.075,176.775,20.775918921788616,17.613918921788617
8620,8349,592.0,-39.075,176.825,20.585417138272533,17.033417138272533
8621,8159,292.0,-39.175,176.875,20.415804323269185,18.663804323269186
8622,8160,159.0,-39.175,176.925,20.201764968967836,19.247764968967836
8623,8161,93.0,-39.175,176.975,19.985496074150433,19.427496074150433
8624,8162,76.0,-39.175,177.025,19.773979777659406,19.317979777659406
8625,8222,487.0,-39.125,176.875,20.402404379719883,17.480404379719882
8626,8223,322.0,-39.125,176.925,20.192578706868517,18.260578706868518
8627,8224,148.0,-39.125,176.975,19.980924344374216,19.092924344374214
8628,8225,158.0,-39.125,177.025,19.773182584034657,18.825182584034657
8629,8350,464.0,-39.075,176.875,20.384771793698746,17.600771793698748
8630,8351,442.0,-39.075,176.925,20.1780393845238,17.5260393845238
8631,8352,295.0,-39.075,176.975,19.970022504092412,18.200022504092413
8632,8353,278.0,-39.075,177.025,19.765694514017014,18.097694514017014
8633,8226,141.0,-39.125,177.075,19.574438846557314,18.728438846557314
8634,8227,97.0,-39.125,177.125,19.388731388153246,18.806731388153246
8635,8228,60.0,-39.125,177.175,19.219064032400638,18.85906403240064
8636,8354,222.0,-39.075,177.075,19.569665699626057,18.237665699626056
8637,8355,121.0,-39.075,177.125,19.385850972779735,18.659850972779736
8638,8356,147.0,-39.075,177.175,19.217381207825383,18.33538120782538
8639,8357,94.0,-39.075,177.225,19.066707020167087,18.502707020167087
8640,8358,20.0,-39.075,177.275,18.93582664532005,18.815826645320048
8641,8359,20.0,-39.075,177.325,18.826622885011602,18.7066228850116
8642,8163,277.0,-39.175,177.875,18.876227460754308,17.21422746075431
8643,8229,183.0,-39.125,177.875,18.93722586493459,17.83922586493459
8644,8230,120.0,-39.125,177.925,18.991944510053145,18.271944510053146
8645,8360,22.0,-39.075,177.875,19.003179638479196,18.871179638479195
8646,8231,126.0,-39.125,177.975,19.04353669057309,18.28753669057309
8647,8361,30.0,-39.025,174.175,16.34487414909745,16.16487414909745
8648,8362,56.0,-39.025,174.225,16.0604302852189,15.724430285218899
8649,8363,69.0,-39.025,174.275,15.991373438300798,15.577373438300798
8650,8364,59.0,-39.025,174.325,16.03044656003476,15.676446560034762
8651,8365,50.0,-39.025,174.375,16.139158284709993,15.839158284709992
8652,8366,73.0,-39.025,174.425,16.297836630579695,15.859836630579695
8653,8367,149.0,-39.025,174.475,16.49560131650651,15.601601316506509
8654,8368,84.0,-39.025,174.525,16.726282313349657,16.222282313349655
8655,8629,24.0,-38.975,174.425,16.2224177581993,16.0784177581993
8656,8712,84.0,-38.975,174.475,16.44335636554024,15.93935636554024
8657,8716,54.0,-38.975,174.525,16.69508472923917,16.37108472923917
8658,8808,149.0,-38.925,174.525,16.679720295593143,15.785720295593142
8659,8369,146.0,-39.025,174.575,16.98616446847882,16.110164468478818
8660,8370,287.0,-39.025,174.625,17.272681440506858,15.550681440506859
8661,8371,193.0,-39.025,174.675,17.58369282199783,16.425692821997828
8662,8487,167.0,-38.875,174.575,16.969732512614428,15.967732512614427
8663,8488,49.0,-38.875,174.625,17.276415360836836,16.982415360836836
8664,8489,202.0,-38.875,174.675,17.601355573322508,16.389355573322508
8665,8718,78.0,-38.975,174.575,16.97358172580425,16.50558172580425
8666,8721,262.0,-38.975,174.625,17.276040122294944,15.704040122294945
8667,8725,210.0,-38.975,174.675,17.600099091636366,16.340099091636365
8668,8809,172.0,-38.925,174.575,16.9662503929394,15.9342503929394
8669,8810,144.0,-38.925,174.625,17.275299726410594,16.411299726410594
8670,8811,284.0,-38.925,174.675,17.603836925896758,15.899836925896757
8671,8372,298.0,-39.025,174.725,17.917104468346224,16.129104468346224
8672,8373,275.0,-39.025,174.775,18.270660255700932,16.620660255700933
8673,8374,189.0,-39.025,174.825,18.641778842829808,17.507778842829808
8674,8375,121.0,-39.025,174.875,19.02734273785245,18.30134273785245
8675,8490,97.0,-38.875,174.725,17.940593410374277,17.358593410374276
8676,8491,395.0,-38.875,174.775,18.28989438998542,15.91989438998542
8677,8492,428.0,-38.875,174.825,18.644621447248937,16.076621447248936
8678,8493,391.0,-38.875,174.875,18.999449813003594,16.653449813003594
8679,8729,348.0,-38.975,174.725,17.94338834195878,15.855388341958779
8680,8733,284.0,-38.975,174.775,18.30326505267294,16.59926505267294
8681,8737,153.0,-38.975,174.825,18.67661250823221,17.75861250823221
8682,8741,212.0,-38.975,174.875,19.05958300398561,17.78758300398561
8683,8812,280.0,-38.925,174.725,17.948820796606014,16.268820796606015
8684,8813,320.0,-38.925,174.775,18.30690147004134,16.386901470041337
8685,8814,467.0,-38.925,174.825,18.67420958546427,15.872209585464269
8686,8815,277.0,-38.925,174.875,19.04606757552756,17.38406757552756
8687,8002,304.0,-38.925,174.925,19.416554917250323,17.592554917250325
8688,8110,186.0,-38.925,174.975,19.777903482710826,18.661903482710827
8689,8112,140.0,-38.925,175.025,20.119731984035752,19.279731984035752
8690,8376,221.0,-39.025,174.925,19.423367933595728,18.097367933595727
8691,8377,307.0,-39.025,174.975,19.824470651168667,17.98247065116867
8692,8378,280.0,-39.025,175.025,20.222961928971927,18.542961928971927
8693,8494,481.0,-38.875,174.925,19.34795867977664,16.46195867977664
8694,8495,178.0,-38.875,174.975,19.68218600397813,18.61418600397813
8695,8496,179.0,-38.875,175.025,19.992293196890387,18.918293196890385
8696,8745,301.0,-38.975,174.925,19.447199386493594,17.641199386493593
8697,8749,174.0,-38.975,174.975,19.832730663012626,18.788730663012625
8698,8750,140.0,-38.975,175.025,20.206704363325116,19.366704363325116
8699,8114,254.0,-38.925,175.075,20.42832283208554,18.90432283208554
8700,8116,176.0,-38.925,175.125,20.68696550744062,19.630965507440617
8701,8118,323.0,-38.925,175.175,20.880694712137483,18.942694712137484
8702,8120,178.0,-38.925,175.225,21.011216129656532,19.94321612965653
8703,8379,162.0,-39.025,175.075,20.607116208080697,19.635116208080696
8704,8380,271.0,-39.025,175.125,20.95720594681916,19.331205946819157
8705,8381,479.0,-39.025,175.175,21.23533880598916,18.36133880598916
8706,8382,481.0,-39.025,175.225,21.38552698609419,18.499526986094192
8707,8497,197.0,-38.875,175.075,20.266736492216296,19.084736492216297
8708,8498,401.0,-38.875,175.125,20.493909833108773,18.087909833108775
8709,8499,371.0,-38.875,175.175,20.666968675861426,18.440968675861427
8710,8500,248.0,-38.875,175.225,20.793710254853067,19.305710254853068
8711,8751,230.0,-38.975,175.075,20.555335235629173,19.175335235629174
8712,8752,267.0,-38.975,175.125,20.858379356970545,19.256379356970545
8713,8753,397.0,-38.975,175.175,21.089458631915477,18.707458631915475
8714,8754,249.0,-38.975,175.225,21.233126496616023,19.739126496616024
8715,8125,210.0,-38.925,175.275,21.119651313245413,19.85965131324541
8716,8134,319.0,-38.925,175.325,21.24311736681193,19.32911736681193
8717,8137,238.0,-38.925,175.375,21.36926985800892,19.94126985800892
8718,8383,336.0,-39.025,175.275,21.431063866635668,19.41506386663567
8719,8384,415.0,-39.025,175.325,21.44944653037237,18.959446530372368
8720,8385,480.0,-39.025,175.375,21.479466080487327,18.59946608048733
8721,8501,267.0,-38.875,175.275,20.920131379243685,19.318131379243685
8722,8502,204.0,-38.875,175.325,21.083078180177836,19.859078180177836
8723,8503,251.0,-38.875,175.375,21.245839651142887,19.739839651142887
8724,8755,365.0,-38.975,175.275,21.316599679135834,19.126599679135833
8725,8756,339.0,-38.975,175.325,21.385410079215944,19.351410079215945
8726,8757,401.0,-38.975,175.375,21.460717504367494,19.054717504367495
8727,8150,373.0,-38.925,175.425,21.4957436075274,19.257743607527402
8728,8255,454.0,-38.925,175.475,21.62500591607386,18.90100591607386
8729,8258,549.0,-38.925,175.525,21.758225068086176,18.464225068086176
8730,8271,710.0,-38.925,175.575,21.894074168041698,17.6340741680417
8731,8386,660.0,-39.025,175.425,21.534146987753047,17.574146987753046
8732,8387,504.0,-39.025,175.475,21.616398398735328,18.592398398735327
8733,8388,550.0,-39.025,175.525,21.72443359006502,18.424433590065018
8734,8389,667.0,-39.025,175.575,21.853079200063803,17.851079200063804
8735,8504,257.0,-38.875,175.425,21.402219824631175,19.860219824631173
8736,8505,399.0,-38.875,175.475,21.553213056889945,19.159213056889946
8737,8506,751.0,-38.875,175.525,21.69982601919037,17.193826019190368
8738,8507,726.0,-38.875,175.575,21.841326147681684,17.485326147681683
8739,8758,432.0,-38.975,175.425,21.54899979084439,18.956999790844392
8740,8759,450.0,-38.975,175.475,21.652640036001685,18.952640036001686
8741,8760,616.0,-38.975,175.525,21.771257364460325,18.075257364460327
8742,8761,643.0,-38.975,175.575,21.9017057327801,18.0437057327801
8743,8275,654.0,-38.925,175.625,22.028719600981276,18.104719600981277
8744,8279,691.0,-38.925,175.675,22.156082543609955,18.010082543609954
8745,8288,562.0,-38.925,175.725,22.267907662018843,18.895907662018843
8746,8293,357.0,-38.925,175.775,22.353149989343365,20.211149989343365
8747,8390,636.0,-39.025,175.625,21.994160653994186,18.178160653994187
8748,8391,577.0,-39.025,175.675,22.137296821383643,18.675296821383643
8749,8392,642.0,-39.025,175.725,22.270786618668353,18.418786618668353
8750,8393,788.0,-39.025,175.775,22.381004414441122,17.65300441444112
8751,8508,595.0,-38.875,175.625,21.974871089136286,18.404871089136286
8752,8509,489.0,-38.875,175.675,22.095554949664802,19.1615549496648
8753,8510,453.0,-38.875,175.725,22.196546762694197,19.478546762694197
8754,8511,357.0,-38.875,175.775,22.26953290442907,20.12753290442907
8755,8762,640.0,-38.975,175.625,22.038267917647318,18.198267917647318
8756,8763,913.0,-38.975,175.675,22.173137313591724,16.695137313591722
8757,8764,792.0,-38.975,175.725,22.296815971487376,17.544815971487377
8758,8765,467.0,-38.975,175.775,22.39736774848643,19.59536774848643
8759,8298,357.0,-38.925,175.825,22.39840437244493,20.25640437244493
8760,8303,357.0,-38.925,175.875,22.39924589329894,20.25724589329894
8761,8308,400.0,-38.925,175.925,22.366724339295615,19.966724339295617
8762,8394,411.0,-39.025,175.825,22.447407986193866,19.981407986193865
8763,8395,457.0,-39.025,175.875,22.45,19.708
8764,8396,694.0,-39.025,175.925,22.43707983220156,18.27307983220156
8765,8512,357.0,-38.875,175.825,22.306969927809405,20.164969927809405
8766,8513,357.0,-38.875,175.875,22.30721277953853,20.165212779538532
8767,8514,357.0,-38.875,175.925,22.276507118145673,20.134507118145674
8768,8766,366.0,-38.975,175.825,22.45,20.253999999999998
8769,8767,435.0,-38.975,175.875,22.45,19.84
8770,8768,506.0,-38.975,175.925,22.423527091428696,19.387527091428694
8771,8313,585.0,-38.925,175.975,22.31333915550931,18.803339155509313
8772,8318,560.0,-38.925,176.025,22.24864431556489,18.88864431556489
8773,8323,683.0,-38.925,176.075,22.17981606387184,18.08181606387184
8774,8328,560.0,-38.925,176.125,22.111362451309105,18.751362451309106
8775,8397,669.0,-39.025,175.975,22.392713205532345,18.378713205532346
8776,8398,667.0,-39.025,176.025,22.334524238798622,18.332524238798623
8777,8399,874.0,-39.025,176.075,22.268231618341815,17.024231618341815
8778,8400,1092.0,-39.025,176.125,22.19769558723783,15.645695587237832
8779,8515,357.0,-38.875,175.975,22.22466353762138,20.082663537621382
8780,8516,505.0,-38.875,176.025,22.161592887983716,19.131592887983714
8781,8517,541.0,-38.875,176.075,22.09602771884238,18.85002771884238
8782,8518,526.0,-38.875,176.125,22.033640063044004,18.877640063044005
8783,8769,525.0,-38.975,175.975,22.371757044718834,19.221757044718835
8784,8770,639.0,-38.975,176.025,22.30820228468292,18.47420228468292
8785,8771,639.0,-38.975,176.075,22.23884747181728,18.40484747181728
8786,8772,674.0,-38.975,176.125,22.16758692400981,18.12358692400981
8787,8333,640.0,-38.925,176.175,22.044749586260878,18.204749586260878
8788,8401,1095.0,-39.025,176.175,22.125034966808016,15.555034966808016
8789,8402,739.0,-39.025,176.225,22.050860451672634,17.616860451672636
8790,8403,657.0,-39.025,176.275,21.974655206526222,18.032655206526222
8791,8436,757.0,-38.925,176.225,21.979039059118804,17.437039059118803
8792,8448,740.0,-38.925,176.275,21.912093067221576,17.472093067221575
8793,8519,605.0,-38.875,176.175,21.97537868512518,18.34537868512518
8794,8520,721.0,-38.875,176.225,21.918893252415728,17.592893252415728
8795,8521,781.0,-38.875,176.275,21.860989929828065,17.174989929828065
8796,8773,972.0,-38.975,176.175,22.09616740607089,16.26416740607089
8797,8774,1042.0,-38.975,176.225,22.024517369623936,15.772517369623937
8798,8775,710.0,-38.975,176.275,21.95137868830716,17.69137868830716
8799,8404,827.0,-39.025,176.325,21.89517169804094,16.93317169804094
8800,8405,805.0,-39.025,176.375,21.810743428683054,16.980743428683056
8801,8406,763.0,-39.025,176.425,21.7194982688452,17.1414982688452
8802,8407,944.0,-39.025,176.475,21.619508133684576,15.955508133684576
8803,8455,761.0,-38.925,176.325,21.841426743190823,17.275426743190824
8804,8456,721.0,-38.925,176.375,21.76456594264164,17.438565942641638
8805,8457,760.0,-38.925,176.425,21.679166475165403,17.119166475165404
8806,8458,722.0,-38.925,176.475,21.583081068107276,17.251081068107275
8807,8522,757.0,-38.875,176.325,21.7986544935884,17.2566544935884
8808,8523,720.0,-38.875,176.375,21.729167255693028,17.409167255693028
8809,8524,732.0,-38.875,176.425,21.65005133510931,17.25805133510931
8810,8525,778.0,-38.875,176.475,21.559073839478515,16.891073839478516
8811,8776,949.0,-38.975,176.325,21.874888946698775,16.180888946698776
8812,8777,789.0,-38.975,176.375,21.792949745497026,17.058949745497024
8813,8778,784.0,-38.975,176.425,21.70342599360447,16.99942599360447
8814,8779,720.0,-38.975,176.475,21.60426874901532,17.284268749015318
8815,8063,840.0,-38.875,176.575,21.334330406469235,16.294330406469236
8816,8142,1034.0,-38.875,176.625,21.198243046659627,14.994243046659626
8817,8408,684.0,-39.025,176.525,21.50891440205305,17.404914402053052
8818,8409,460.0,-39.025,176.575,21.38605707030365,18.626057070303652
8819,8410,520.0,-39.025,176.625,21.24962371869333,18.129623718693328
8820,8459,704.0,-38.925,176.525,21.4744445552642,17.2504445552642
8821,8460,728.0,-38.925,176.575,21.351790705753956,16.983790705753954
8822,8461,992.0,-38.925,176.625,21.21419225682257,15.262192256822571
8823,8526,711.0,-38.875,176.525,21.454321489913127,17.18832148991313
8824,8780,773.0,-38.975,176.525,21.4936233180415,16.855623318041502
8825,8781,584.0,-38.975,176.575,21.36995014369313,17.86595014369313
8826,8782,824.0,-38.975,176.625,21.232165093628282,16.288165093628283
8827,8149,885.0,-38.875,176.675,21.045963956399646,15.735963956399647
8828,8253,350.0,-39.025,176.825,20.56411455982925,18.464114559829248
8829,8256,1114.0,-38.875,176.725,20.878285606451755,14.194285606451754
8830,8282,564.0,-38.875,176.775,20.69695692618734,17.31295692618734
8831,8284,829.0,-38.875,176.825,20.504671978456827,15.530671978456827
8832,8411,759.0,-39.025,176.675,21.0988240060542,16.544824006054203
8833,8412,944.0,-39.025,176.725,20.933582810919688,15.269582810919688
8834,8413,361.0,-39.025,176.775,20.754726558194307,18.588726558194306
8835,8462,993.0,-38.925,176.675,21.061406665687173,15.103406665687174
8836,8463,846.0,-38.925,176.725,20.894004789101018,15.818004789101018
8837,8464,891.0,-38.925,176.775,20.71345612060759,15.367456120607589
8838,8465,496.0,-38.925,176.825,20.522143886419144,17.546143886419145
8839,8783,692.0,-38.975,176.675,21.079793287621214,16.927793287621213
8840,8784,929.0,-38.975,176.725,20.91312051760906,15.33912051760906
8841,8785,457.0,-38.975,176.775,20.733315902800314,17.991315902800313
8842,8786,744.0,-38.975,176.825,20.542490719126363,16.078490719126364
8843,8257,208.0,-39.025,176.875,20.364652781810946,19.116652781810945
8844,8278,409.0,-39.025,176.925,20.16014122289198,17.70614122289198
8845,8287,667.0,-38.875,176.875,20.304966118988887,16.302966118988888
8846,8291,375.0,-39.025,176.975,19.954957514895796,17.704957514895796
8847,8292,533.0,-38.875,176.925,20.102022117400338,16.904022117400338
8848,8296,306.0,-39.025,177.025,19.753647236902907,17.91764723690291
8849,8297,495.0,-38.875,176.975,19.900406780723642,16.930406780723644
8850,8302,339.0,-38.875,177.025,19.704774778254432,17.670774778254433
8851,8466,799.0,-38.925,176.875,20.323289438758366,15.529289438758365
8852,8467,358.0,-38.925,176.925,20.120780366540203,17.972780366540203
8853,8468,381.0,-38.925,176.975,19.918918862413193,17.63291886241319
8854,8469,205.0,-38.925,177.025,19.722128978446563,18.492128978446562
8855,8787,606.0,-38.975,176.875,20.343657934774455,16.707657934774456
8856,8788,439.0,-38.975,176.925,20.140572469328617,17.506572469328617
8857,8789,543.0,-38.975,176.975,19.937464133639878,16.67946413363988
8858,8790,348.0,-38.975,177.025,19.738711483007137,17.650711483007136
8859,8301,235.0,-39.025,177.075,19.560531639672263,18.150531639672263
8860,8306,276.0,-39.025,177.125,19.379428610216564,17.723428610216565
8861,8307,360.0,-38.875,177.075,19.519585181002185,17.359585181002185
8862,8311,303.0,-39.025,177.175,19.213529128166556,17.395529128166555
8863,8312,485.0,-38.875,177.125,19.348874535680807,16.438874535680807
8864,8317,281.0,-38.875,177.175,19.196119007177913,17.510119007177913
8865,8470,318.0,-38.925,177.075,19.53467402993192,17.62667402993192
8866,8471,250.0,-38.925,177.125,19.360433215635567,17.860433215635567
8867,8472,266.0,-38.925,177.175,19.202772255543096,17.606772255543095
8868,8791,496.0,-38.975,177.075,19.548525959700783,16.572525959700783
8869,8792,395.0,-38.975,177.125,19.370710197399603,17.000710197399602
8870,8793,366.0,-38.975,177.175,19.20852852540702,17.012528525407017
8871,8316,121.0,-39.025,177.225,19.0654204327584,18.339420432758402
8872,8321,196.0,-39.025,177.275,18.937228293896624,17.761228293896625
8873,8322,135.0,-38.875,177.225,19.06420106988662,18.254201069886623
8874,8326,69.0,-39.025,177.325,18.8308746919829,18.416874691982898
8875,8327,238.0,-38.875,177.275,18.955475401999138,17.527475401999137
8876,8331,20.0,-39.025,177.375,18.748550517771946,18.628550517771945
8877,8332,185.0,-38.875,177.325,18.871894103118393,17.761894103118394
8878,8440,220.0,-38.875,177.375,18.815065077000327,17.495065077000326
8879,8473,186.0,-38.925,177.225,19.06452553107374,17.94852553107374
8880,8474,90.0,-38.925,177.275,18.948096148233162,18.408096148233163
8881,8475,182.0,-38.925,177.325,18.855675615930522,17.763675615930524
8882,8476,255.0,-38.925,177.375,18.78953290022764,17.25953290022764
8883,8794,104.0,-38.975,177.225,19.06470019718472,18.44070019718472
8884,8795,227.0,-38.975,177.275,18.9415152568763,17.579515256876302
8885,8796,135.0,-38.975,177.325,18.841097016149433,18.031097016149435
8886,8797,42.0,-38.975,177.375,18.765934700746584,18.513934700746585
8887,8435,20.0,-39.025,177.425,18.69416959721275,18.574169597212748
8888,8445,135.0,-38.875,177.425,18.785957623869763,17.975957623869764
8889,8449,24.0,-39.025,177.475,18.67609668212026,18.53209668212026
8890,8452,92.0,-38.875,177.475,18.784077340122167,18.232077340122167
8891,8477,40.0,-38.925,177.425,18.751927457327838,18.51192745732784
8892,8478,263.0,-38.925,177.475,18.74342917584363,17.16542917584363
8893,8479,158.0,-38.925,177.525,18.760979421120282,17.812979421120282
8894,8584,237.0,-38.875,177.525,18.80687643978672,17.38487643978672
8895,8586,110.0,-39.025,177.525,18.68497324458076,18.02497324458076
8896,8798,19.0,-38.975,177.425,18.71985141346886,18.60585141346886
8897,8799,53.0,-38.975,177.475,18.705886652143818,18.387886652143816
8898,8800,189.0,-38.975,177.525,18.719240434827952,17.585240434827952
8899,8480,193.0,-38.925,177.575,18.799514928090503,17.6415149280905
8900,8481,392.0,-38.925,177.625,18.854128878501797,16.502128878501797
8901,8482,548.0,-38.925,177.675,18.920497315964894,15.632497315964894
8902,8483,553.0,-38.925,177.725,18.994724046180636,15.676724046180636
8903,8590,398.0,-38.875,177.575,18.85035279634394,16.462352796343943
8904,8592,276.0,-38.875,177.625,18.910105347120407,17.254105347120408
8905,8594,403.0,-38.875,177.675,18.981886576890247,16.563886576890248
8906,8597,508.0,-38.875,177.725,19.06170341077086,16.01370341077086
8907,8599,20.0,-39.025,177.575,18.71335481881397,18.593354818813967
8908,8603,138.0,-39.025,177.625,18.756600818836887,17.928600818836887
8909,8607,37.0,-39.025,177.675,18.810882060581207,18.588882060581206
8910,8611,156.0,-39.025,177.725,18.87278431539744,17.93678431539744
8911,8801,270.0,-38.975,177.575,18.753111270591035,17.133111270591034
8912,8802,263.0,-38.975,177.625,18.802426781330723,17.224426781330724
8913,8803,374.0,-38.975,177.675,18.86306142904141,16.61906142904141
8914,8804,256.0,-38.975,177.725,18.931359632417298,17.395359632417296
8915,8484,211.0,-38.925,177.775,19.073185999306588,17.80718599930659
8916,8485,399.0,-38.925,177.825,19.152454549734102,16.758454549734104
8917,8486,466.0,-38.925,177.875,19.229301098865108,16.43330109886511
8918,8601,512.0,-38.875,177.775,19.14575785150373,16.073757851503732
8919,8605,381.0,-38.875,177.825,19.230371579076746,16.944371579076744
8920,8609,402.0,-38.875,177.875,19.31196411302153,16.899964113021532
8921,8615,48.0,-39.025,177.775,18.939171731453825,18.651171731453825
8922,8619,156.0,-39.025,177.825,19.00715014529851,18.07115014529851
8923,8624,18.0,-39.025,177.875,19.074089876248763,18.966089876248763
8924,8805,167.0,-38.975,177.775,19.003950386504584,18.001950386504586
8925,8806,170.0,-38.975,177.825,19.077687850778602,18.057687850778603
8926,8807,240.0,-38.975,177.875,19.149671733091964,17.709671733091962
8927,8613,20.0,-38.825,174.625,17.283671423534543,17.16367142353454
8928,8617,125.0,-38.825,174.675,17.598194505582796,16.848194505582796
8929,8994,53.0,-38.775,174.625,17.299940303619223,16.981940303619222
8930,8995,144.0,-38.775,174.675,17.598900740529643,16.734900740529643
8931,9649,111.0,-38.725,174.625,17.327480862855737,16.661480862855736
8932,9650,192.0,-38.725,174.675,17.607259852571588,16.455259852571587
8933,8621,224.0,-38.825,174.725,17.92552431198419,16.58152431198419
8934,8626,266.0,-38.825,174.775,18.26050597648282,16.66450597648282
8935,8631,435.0,-38.825,174.825,18.597918613904767,15.987918613904768
8936,8713,418.0,-38.825,174.875,18.932160613963788,16.42416061396379
8937,8996,182.0,-38.775,174.725,17.90959023286996,16.81759023286996
8938,8997,267.0,-38.775,174.775,18.226092029297433,16.624092029297433
8939,8998,401.0,-38.775,174.825,18.542969286270818,16.13696928627082
8940,8999,418.0,-38.775,174.875,18.8547601911705,16.3467601911705
8941,9651,196.0,-38.725,174.725,17.897613294426264,16.721613294426266
8942,9652,193.0,-38.725,174.775,18.19253043012577,17.03453043012577
8943,9653,69.0,-38.725,174.825,18.486728555311856,18.072728555311855
8944,9654,345.0,-38.725,174.875,18.775182777488226,16.705182777488226
8945,8722,186.0,-38.825,174.925,19.2568970231805,18.1408970231805
8946,8726,170.0,-38.825,174.975,19.564834032265935,18.544834032265936
8947,8730,177.0,-38.825,175.025,19.84780268126633,18.78580268126633
8948,9000,282.0,-38.775,174.925,19.155708355636307,17.463708355636307
8949,9042,180.0,-38.775,174.975,19.43973898321201,18.35973898321201
8950,9157,267.0,-38.775,175.025,19.700806072738487,18.098806072738487
8951,9655,241.0,-38.725,174.925,19.05298982691238,17.60698982691238
8952,9656,324.0,-38.725,174.975,19.315470032819576,17.371470032819577
8953,9657,318.0,-38.725,175.025,19.558583266058122,17.65058326605812
8954,8734,452.0,-38.825,175.075,20.09752657817444,17.38552657817444
8955,8738,372.0,-38.825,175.125,20.30772852555674,18.07572852555674
8956,8742,441.0,-38.825,175.175,20.478419444414612,17.83241944441461
8957,8746,180.0,-38.825,175.225,20.622872178333637,19.54287217833364
8958,9197,160.0,-38.775,175.075,19.93385912720987,18.97385912720987
8959,9283,203.0,-38.775,175.125,20.136727074081136,18.918727074081136
8960,9291,236.0,-38.775,175.175,20.31295500264241,18.89695500264241
8961,9299,242.0,-38.775,175.225,20.47427007782244,19.02227007782244
8962,9658,321.0,-38.725,175.075,19.779762549325824,17.853762549325825
8963,9659,342.0,-38.725,175.125,19.979172211547848,17.92717221154785
8964,9660,366.0,-38.725,175.175,20.161013023793203,17.9650130237932
8965,9661,353.0,-38.725,175.225,20.333628630909516,18.215628630909517
8966,8824,202.0,-38.825,175.275,20.771399275578005,19.559399275578006
8967,8826,217.0,-38.825,175.325,20.94105776304059,19.63905776304059
8968,8828,346.0,-38.825,175.375,21.117587076907512,19.04158707690751
8969,9466,233.0,-38.775,175.275,20.637454122286726,19.239454122286727
8970,9542,488.0,-38.775,175.325,20.811427960012225,17.883427960012224
8971,9568,378.0,-38.775,175.375,20.991587876218546,18.723587876218545
8972,9662,218.0,-38.725,175.275,20.50646999714445,19.19846999714445
8973,9663,207.0,-38.725,175.325,20.684543929586653,19.442543929586652
8974,9664,324.0,-38.725,175.375,20.866131511473213,18.922131511473214
8975,8830,358.0,-38.825,175.425,21.289901171752717,19.141901171752718
8976,8834,455.0,-38.825,175.475,21.454537638812326,18.724537638812325
8977,8839,560.0,-38.825,175.525,21.610314601472055,18.250314601472056
8978,8842,996.0,-38.825,175.575,21.7557621251035,15.779762125103503
8979,9571,739.0,-38.775,175.425,21.169861085447337,16.73586108544734
8980,9573,923.0,-38.775,175.475,21.34083659321186,15.802836593211861
8981,9575,791.0,-38.775,175.525,21.501265206679818,16.75526520667982
8982,9578,841.0,-38.775,175.575,21.64851142463158,16.60251142463158
8983,9665,682.0,-38.725,175.425,21.046015444328077,16.95401544432808
8984,9666,709.0,-38.725,175.475,21.21900358919811,16.965003589198112
8985,9667,862.0,-38.725,175.525,21.38095097783662,16.20895097783662
8986,9668,673.0,-38.725,175.575,21.528416042587196,17.490416042587196
8987,8845,791.0,-38.825,175.625,21.888197269614466,17.142197269614467
8988,8848,540.0,-38.825,175.675,22.003522308979882,18.76352230897988
8989,8851,527.0,-38.825,175.725,22.0964485989316,18.934448598931603
8990,8854,498.0,-38.825,175.775,22.16130603079,19.173306030790002
8991,9581,728.0,-38.775,175.625,21.77962102933816,17.411621029338157
8992,9587,560.0,-38.775,175.675,21.891009089413274,18.531009089413274
8993,9592,505.0,-38.775,175.725,21.978647732234094,18.948647732234093
8994,9597,357.0,-38.775,175.775,22.03876185655099,19.89676185655099
8995,9669,606.0,-38.725,175.625,21.658162804516905,18.022162804516906
8996,9670,571.0,-38.725,175.675,21.766939407676546,18.340939407676547
8997,9671,527.0,-38.725,175.725,21.851617174314015,18.689617174314016
8998,9672,357.0,-38.725,175.775,21.90967752564029,19.76767752564029
8999,8857,357.0,-38.825,175.825,22.193863733147737,20.051863733147737
9000,8860,357.0,-38.825,175.875,22.193728082362213,20.051728082362214
9001,8863,357.0,-38.825,175.925,22.165217512043455,20.023217512043455
9002,9602,357.0,-38.775,175.825,22.06900678344391,19.92700678344391
9003,9607,357.0,-38.775,175.875,22.069688767594926,19.927688767594926
9004,9608,357.0,-38.775,175.925,22.044239036818908,19.90223903681891
9005,9673,357.0,-38.725,175.825,21.939934207766782,19.797934207766783
9006,9674,357.0,-38.725,175.875,21.943210270681448,19.801210270681448
9007,9675,357.0,-38.725,175.925,21.92264230836372,19.78064230836372
9008,8866,357.0,-38.825,175.975,22.11598684731871,19.97398684731871
9009,8915,357.0,-38.825,176.025,22.05554596532238,19.91354596532238
9010,8916,474.0,-38.825,176.075,21.99454014706498,19.15054014706498
9011,8917,486.0,-38.825,176.125,21.940988914862828,19.024988914862828
9012,9609,357.0,-38.775,175.975,21.998767908917216,19.856767908917217
9013,9610,357.0,-38.775,176.025,21.94163610315445,19.79963610315445
9014,9611,357.0,-38.775,176.075,21.88488754577702,19.74288754577702
9015,9612,461.0,-38.775,176.125,21.842673211147485,19.076673211147487
9016,9676,357.0,-38.725,175.975,21.88357881590855,19.74157881590855
9017,9677,376.0,-38.725,176.025,21.833553877189843,19.577553877189843
9018,9678,372.0,-38.725,176.075,21.78404983780638,19.55204983780638
9019,9679,499.0,-38.725,176.125,21.75208531609678,18.758085316096782
9020,8918,681.0,-38.825,176.175,21.894320371502545,17.808320371502546
9021,8919,737.0,-38.825,176.225,21.84966837713364,17.42766837713364
9022,8921,751.0,-38.825,176.275,21.802872739754093,17.296872739754093
9023,9613,545.0,-38.775,176.175,21.809618181072437,18.539618181072438
9024,9614,720.0,-38.775,176.225,21.777648106020933,17.457648106020933
9025,9615,720.0,-38.775,176.275,21.742634959453426,17.422634959453426
9026,9680,591.0,-38.725,176.175,21.729671877830697,18.183671877830697
9027,9681,475.0,-38.725,176.225,21.708384274228592,18.85838427422859
9028,9682,694.0,-38.725,176.275,21.68428424575177,17.520284245751768
9029,8923,702.0,-38.825,176.325,21.75070696570765,17.53870696570765
9030,8963,701.0,-38.825,176.375,21.690391710126278,17.48439171012628
9031,8964,720.0,-38.825,176.425,21.619371568845963,17.299371568845963
9032,8965,742.0,-38.825,176.475,21.535295794055855,17.083295794055857
9033,9616,665.0,-38.775,176.325,21.701540732457943,17.71154073245794
9034,9617,661.0,-38.775,176.375,21.651604398801283,17.68560439880128
9035,9618,670.0,-38.775,176.425,21.590136959672236,17.570136959672237
9036,9619,682.0,-38.775,176.475,21.5145515455406,17.4225515455406
9037,9683,674.0,-38.725,176.325,21.6543031743131,17.6103031743131
9038,9684,668.0,-38.725,176.375,21.615483901638072,17.607483901638073
9039,9685,620.0,-38.725,176.425,21.56479944474995,17.844799444749952
9040,9686,640.0,-38.725,176.475,21.499216238153167,17.659216238153167
9041,8966,797.0,-38.825,176.525,21.436119016052544,16.654119016052544
9042,8967,821.0,-38.825,176.575,21.320269237621687,16.394269237621685
9043,8968,920.0,-38.825,176.625,21.186843110037444,15.666843110037444
9044,9001,688.0,-38.725,176.625,21.187563513831265,17.059563513831264
9045,9620,801.0,-38.775,176.525,21.422519431809633,16.616519431809632
9046,9621,780.0,-38.775,176.575,21.312197002076573,16.632197002076573
9047,9622,814.0,-38.775,176.625,21.18247958109896,16.29847958109896
9048,9687,714.0,-38.725,176.525,21.41590195945173,17.13190195945173
9049,9688,721.0,-38.725,176.575,21.312520686213247,16.986520686213247
9050,8969,742.0,-38.825,176.675,21.035792141618003,16.583792141618005
9051,8970,817.0,-38.825,176.725,20.86806541501028,15.966065415010277
9052,8971,958.0,-38.825,176.775,20.68567846719816,14.937678467198158
9053,8972,728.0,-38.825,176.825,20.49168623271362,16.123686232713617
9054,9002,495.0,-38.725,176.675,21.040660552689587,18.07066055268959
9055,9003,917.0,-38.725,176.725,20.872819979227643,15.370819979227644
9056,9004,849.0,-38.725,176.775,20.686545930560897,15.592545930560895
9057,9005,934.0,-38.725,176.825,20.485801340175385,14.881801340175386
9058,9623,748.0,-38.775,176.675,21.03323909599567,16.54523909599567
9059,9624,1013.0,-38.775,176.725,20.865503649907623,14.787503649907624
9060,9625,648.0,-38.775,176.775,20.68154235932161,16.793542359321613
9061,9626,796.0,-38.775,176.825,20.48482988140495,15.708829881404949
9062,8973,717.0,-38.825,176.875,20.29005096171386,15.98805096171386
9063,8974,481.0,-38.825,176.925,20.085412825392268,17.19941282539227
9064,8975,868.0,-38.825,176.975,19.882788753438945,14.674788753438946
9065,8976,1015.0,-38.825,177.025,19.68723984945791,13.59723984945791
9066,9006,510.0,-38.725,176.875,20.275803697104493,17.215803697104494
9067,9007,775.0,-38.725,176.925,20.06266828148182,15.412668281481821
9068,9008,950.0,-38.725,176.975,19.852940287477395,14.152940287477396
9069,9009,826.0,-38.725,177.025,19.65307934782504,14.697079347825042
9070,9627,692.0,-38.775,176.875,20.27988176827239,16.12788176827239
9071,9628,811.0,-38.775,176.925,20.07197221774186,15.20597221774186
9072,9629,620.0,-38.775,176.975,19.866766556731818,16.14676655673182
9073,9630,582.0,-38.775,177.025,19.66991758205404,16.17791758205404
9074,8977,633.0,-38.825,177.075,19.503555271923688,15.705555271923687
9075,8978,399.0,-38.825,177.125,19.335997988815507,16.94199798881551
9076,8979,433.0,-38.825,177.175,19.188145080443064,16.590145080443065
9077,9010,880.0,-38.725,177.075,19.468971954807785,14.188971954807784
9078,9011,950.0,-38.725,177.125,19.305544075290527,13.605544075290528
9079,9012,953.0,-38.725,177.175,19.166525181652105,13.448525181652105
9080,9631,582.0,-38.775,177.075,19.486683299877768,15.994683299877767
9081,9632,582.0,-38.775,177.125,19.321620250160777,15.829620250160776
9082,9633,857.0,-38.775,177.175,19.17839035435827,14.036390354358272
9083,8980,327.0,-38.825,177.225,19.062834012380335,17.100834012380336
9084,8981,298.0,-38.825,177.275,18.962197742574062,17.174197742574062
9085,8982,120.0,-38.825,177.325,18.887733221152303,18.167733221152304
9086,8983,286.0,-38.825,177.375,18.840299892286566,17.124299892286565
9087,9013,679.0,-38.725,177.225,19.054378551169066,14.980378551169066
9088,9014,673.0,-38.725,177.275,18.970370411298063,14.932370411298063
9089,9015,610.0,-38.725,177.325,18.914716518465866,15.254716518465866
9090,9016,430.0,-38.725,177.375,18.88673457333789,16.30673457333789
9091,9634,510.0,-38.775,177.225,19.059691993068554,15.999691993068556
9092,9635,313.0,-38.775,177.275,18.9672923688413,17.0892923688413
9093,9636,505.0,-38.775,177.325,18.902105046206998,15.872105046206999
9094,9637,371.0,-38.775,177.375,18.86423732120238,16.638237321202382
9095,8984,242.0,-38.825,177.425,18.819931434361933,17.367931434361935
9096,8985,180.0,-38.825,177.475,18.825495716169826,17.745495716169827
9097,8986,150.0,-38.825,177.525,18.854534945934574,17.954534945934576
9098,9017,459.0,-38.725,177.425,18.88495596476423,16.13095596476423
9099,9018,498.0,-38.725,177.475,18.90720477240029,15.919204772400292
9100,9019,192.0,-38.725,177.525,18.950696411968238,17.798696411968237
9101,9638,205.0,-38.775,177.425,18.85295521614171,17.62295521614171
9102,9639,334.0,-38.775,177.475,18.866604341477796,16.862604341477795
9103,9640,172.0,-38.775,177.525,18.90262256391361,17.87062256391361
9104,8987,643.0,-38.825,177.575,18.90356687302483,15.045566873024828
9105,8988,279.0,-38.825,177.625,18.968630293995375,17.294630293995375
9106,8989,480.0,-38.825,177.675,19.045694328888203,16.165694328888204
9107,8990,417.0,-38.825,177.725,19.130823264473293,16.628823264473294
9108,9020,140.0,-38.725,177.575,19.0121946842919,18.1721946842919
9109,9022,419.0,-38.725,177.625,19.088205545751407,16.574205545751408
9110,9023,536.0,-38.725,177.675,19.175146839123045,15.959146839123044
9111,9025,362.0,-38.725,177.725,19.269446023987257,17.097446023987256
9112,9641,367.0,-38.775,177.575,18.957739423087332,16.755739423087334
9113,9642,636.0,-38.775,177.625,19.02828853548999,15.212288535489993
9114,9643,576.0,-38.775,177.675,19.1104777009823,15.654477700982302
9115,9644,598.0,-38.775,177.725,19.2005306766805,15.6125306766805
9116,8991,326.0,-38.825,177.775,19.220175838916475,17.264175838916476
9117,8992,460.0,-38.825,177.825,19.309927604070253,16.549927604070255
9118,8993,190.0,-38.825,177.875,19.39618838228853,18.256188382288528
9119,9027,158.0,-38.725,177.775,19.36754856668267,18.41954856668267
9120,9029,36.0,-38.725,177.825,19.465829764209047,19.249829764209046
9121,9032,37.0,-38.725,177.875,19.560376459307008,19.338376459307007
9122,9037,1.0,-38.725,177.925,19.646529420642764,19.640529420642764
9123,9645,292.0,-38.775,177.775,19.294700328722683,17.542700328722685
9124,9646,310.0,-38.775,177.825,19.389178653214913,17.529178653214913
9125,9647,87.0,-38.775,177.875,19.47992353886002,18.957923538860022
9126,9648,20.0,-38.775,177.925,19.562472890316712,19.44247289031671
9127,9045,117.0,-38.675,174.625,17.368780405886355,16.666780405886357
9128,9147,28.0,-38.675,174.675,17.62574333047087,17.45774333047087
9129,9357,274.0,-38.575,174.675,17.690570272938203,16.046570272938204
9130,9461,15.0,-38.625,174.625,17.42094051380991,17.33094051380991
9131,9462,83.0,-38.625,174.675,17.653998846551985,17.155998846551984
9132,9808,235.0,-38.525,174.675,17.73403868310561,16.32403868310561
9133,9039,366.0,-38.625,174.825,18.387570885384775,16.191570885384774
9134,9148,60.0,-38.625,174.875,18.62832704536777,18.26832704536777
9135,9155,102.0,-38.675,174.725,17.89276477189196,17.280764771891963
9136,9161,309.0,-38.675,174.775,18.163864181253302,16.309864181253303
9137,9194,237.0,-38.675,174.825,18.433998039930884,17.011998039930884
9138,9268,109.0,-38.675,174.875,18.69870211342277,18.04470211342277
9139,9358,184.0,-38.575,174.725,17.907787485353765,16.803787485353766
9140,9359,196.0,-38.575,174.775,18.128437325067353,16.952437325067354
9141,9360,169.0,-38.575,174.825,18.348645903919532,17.334645903919533
9142,9361,98.0,-38.575,174.875,18.565368975047022,17.97736897504702
9143,9463,223.0,-38.625,174.725,17.896219620641205,16.558219620641204
9144,9464,178.0,-38.625,174.775,18.142266640821617,17.074266640821616
9145,9811,395.0,-38.525,174.725,17.926674364876817,15.556674364876816
9146,9814,468.0,-38.525,174.775,18.12213418616375,15.314134186163749
9147,9817,342.0,-38.525,174.825,18.317314643973077,16.265314643973078
9148,9820,124.0,-38.525,174.875,18.50999083919305,17.76599083919305
9149,9153,74.0,-38.625,174.925,18.861475146288285,18.417475146288286
9150,9163,58.0,-38.625,174.975,19.084793825590168,18.73679382559017
9151,9164,161.0,-38.625,175.025,19.297108389197092,18.33110838919709
9152,9271,104.0,-38.675,174.925,18.954001511025126,18.330001511025127
9153,9274,239.0,-38.675,174.975,19.19653188036318,17.76253188036318
9154,9277,383.0,-38.675,175.025,19.4238783824876,17.1258783824876
9155,9362,44.0,-38.575,174.925,18.776434268947924,18.512434268947924
9156,9363,141.0,-38.575,174.975,18.98060356970018,18.13460356970018
9157,9364,133.0,-38.575,175.025,19.177666864503408,18.379666864503406
9158,9823,141.0,-38.525,174.925,18.698851795510564,17.852851795510563
9159,9826,220.0,-38.525,174.975,18.88352307288369,17.56352307288369
9160,9829,148.0,-38.525,175.025,19.06459191497561,18.176591914975607
9161,9166,211.0,-38.625,175.075,19.49855304970697,18.232553049706972
9162,9168,397.0,-38.625,175.125,19.69074045927846,17.308740459278457
9163,9170,329.0,-38.625,175.175,19.876603403990885,17.902603403990884
9164,9280,277.0,-38.675,175.075,19.635123202337127,17.973123202337128
9165,9284,469.0,-38.625,175.225,20.05967915418296,17.24567915418296
9166,9286,346.0,-38.675,175.125,19.831475042603415,17.755475042603415
9167,9294,375.0,-38.675,175.175,20.01660816241929,17.76660816241929
9168,9365,161.0,-38.575,175.075,19.36849631935911,18.40249631935911
9169,9366,161.0,-38.575,175.125,19.554921292125073,18.58892129212507
9170,9367,201.0,-38.575,175.175,19.739295254770695,18.533295254770696
9171,9368,366.0,-38.575,175.225,19.923774608119857,17.727774608119855
9172,9390,392.0,-38.675,175.225,20.19605732288619,17.84405732288619
9173,9832,160.0,-38.525,175.075,19.243559451126202,18.2835594511262
9174,9835,245.0,-38.525,175.125,19.422554697252053,17.952554697252054
9175,9838,300.0,-38.525,175.175,19.603671227392624,17.803671227392623
9176,9841,424.0,-38.525,175.225,19.788113722803246,17.244113722803245
9177,9292,354.0,-38.625,175.275,20.24286271008168,18.118862710081682
9178,9300,260.0,-38.625,175.325,20.42716096395452,18.86716096395452
9179,9301,263.0,-38.625,175.375,20.611226355416875,19.033226355416875
9180,9369,323.0,-38.575,175.275,20.109538359603903,18.171538359603904
9181,9370,381.0,-38.575,175.325,20.296257432324637,18.010257432324636
9182,9371,375.0,-38.575,175.375,20.482021796178742,18.232021796178742
9183,9392,447.0,-38.675,175.275,20.37520642968593,17.693206429685933
9184,9393,376.0,-38.675,175.325,20.556713709145697,18.300713709145697
9185,9395,425.0,-38.675,175.375,20.739454930706415,18.189454930706415
9186,9844,338.0,-38.525,175.275,19.975680395265954,17.947680395265955
9187,9845,301.0,-38.525,175.325,20.16479154154149,18.35879154154149
9188,9846,369.0,-38.525,175.375,20.352794014455867,18.13879401445587
9189,9302,414.0,-38.625,175.425,20.791897427923686,18.307897427923688
9190,9303,517.0,-38.625,175.475,20.965183287418768,17.863183287418767
9191,9304,600.0,-38.625,175.525,21.127042527787125,17.527042527787124
9192,9305,702.0,-38.625,175.575,21.273763384764607,17.061763384764607
9193,9372,415.0,-38.575,175.425,20.663714974594768,18.173714974594766
9194,9373,480.0,-38.575,175.475,20.837605004242505,17.957605004242506
9195,9374,468.0,-38.575,175.525,20.999878882234043,18.191878882234043
9196,9375,683.0,-38.575,175.575,21.14699254437437,17.04899254437437
9197,9397,343.0,-38.675,175.425,20.919702135201078,18.861702135201078
9198,9399,614.0,-38.675,175.475,21.092947367160377,17.408947367160376
9199,9401,740.0,-38.675,175.525,21.25495046487049,16.81495046487049
9200,9403,903.0,-38.675,175.575,21.401970147333486,15.983970147333487
9201,9847,478.0,-38.525,175.425,20.536332441515697,17.668332441515698
9202,9848,480.0,-38.525,175.475,20.71173503076716,17.83173503076716
9203,9849,554.0,-38.525,175.525,20.87535970693716,17.551359706937163
9204,9850,612.0,-38.525,175.575,21.02385386617243,17.35185386617243
9205,9306,801.0,-38.625,175.625,21.402091478692455,16.596091478692454
9206,9307,646.0,-38.625,175.675,21.509305446616054,17.633305446616053
9207,9308,533.0,-38.625,175.725,21.593363542044244,18.395363542044244
9208,9309,507.0,-38.625,175.775,21.653152839367976,18.611152839367975
9209,9376,838.0,-38.575,175.625,21.275867864365864,16.247867864365865
9210,9377,597.0,-38.575,175.675,21.3840319704359,17.8020319704359
9211,9378,499.0,-38.575,175.725,21.469776170088153,18.475776170088153
9212,9379,480.0,-38.575,175.775,21.53236191261385,18.652361912613852
9213,9405,670.0,-38.675,175.625,21.530672344397317,17.510672344397317
9214,9407,547.0,-38.675,175.675,21.638075047696475,18.356075047696475
9215,9409,540.0,-38.675,175.725,21.72167952770542,18.481679527705417
9216,9411,483.0,-38.675,175.775,21.779804262467223,18.881804262467224
9217,9851,708.0,-38.525,175.625,21.154335167819227,16.906335167819226
9218,9852,728.0,-38.525,175.675,21.264539283882186,16.896539283882184
9219,9853,488.0,-38.525,175.725,21.352977843169356,18.424977843169355
9220,9854,398.0,-38.525,175.775,21.419121250939497,19.0311212509395
9221,9310,516.0,-38.625,175.825,21.688799865452893,18.592799865452893
9222,9311,532.0,-38.625,175.875,21.70196078099616,18.50996078099616
9223,9312,496.0,-38.625,175.925,21.696020163330104,18.720020163330105
9224,9380,540.0,-38.575,175.825,21.572253046775586,18.332253046775584
9225,9381,629.0,-38.575,175.875,21.591323647546233,17.81732364754623
9226,9382,582.0,-38.575,175.925,21.592981690457236,18.100981690457235
9227,9413,357.0,-38.675,175.825,21.812040027340117,19.670040027340118
9228,9415,437.0,-38.675,175.875,21.819671199325967,19.197671199325967
9229,9417,492.0,-38.675,175.925,21.805925578984898,18.8539255789849
9230,9855,475.0,-38.525,175.825,21.463588646081917,18.613588646081915
9231,9856,560.0,-38.525,175.875,21.488303215224732,18.128303215224733
9232,9857,462.0,-38.525,175.925,21.496554822835606,18.724554822835607
9233,9313,524.0,-38.625,175.975,21.676178519370296,18.532178519370298
9234,9314,539.0,-38.625,176.025,21.649366408262722,18.415366408262724
9235,9315,452.0,-38.625,176.075,21.623394387039298,18.911394387039298
9236,9316,391.0,-38.625,176.125,21.6040635332065,19.2580635332065
9237,9383,633.0,-38.575,175.975,21.582135943786852,17.78413594378685
9238,9384,550.0,-38.575,176.025,21.56485109240748,18.26485109240748
9239,9385,559.0,-38.575,176.075,21.547378556606418,18.19337855660642
9240,9386,470.0,-38.575,176.125,21.53447581743967,18.71447581743967
9241,9419,431.0,-38.675,175.975,21.776080006497068,19.19008000649707
9242,9420,577.0,-38.675,176.025,21.73770184705063,18.27570184705063
9243,9421,383.0,-38.675,176.075,21.701047851969633,19.40304785196963
9244,9422,475.0,-38.675,176.125,21.675009759885143,18.82500975988514
9245,9858,460.0,-38.525,175.975,21.492891218200384,18.732891218200386
9246,9859,767.0,-38.525,176.025,21.482726865051518,16.880726865051518
9247,9860,569.0,-38.525,176.075,21.471572273381753,18.05757227338175
9248,9861,498.0,-38.525,176.125,21.463999850326218,18.475999850326218
9249,9317,360.0,-38.625,176.175,21.592191513616854,19.432191513616853
9250,9318,319.0,-38.625,176.225,21.585080252640182,19.67108025264018
9251,9319,316.0,-38.625,176.275,21.579223725912016,19.683223725912015
9252,9387,405.0,-38.575,176.175,21.528071447341063,19.098071447341063
9253,9388,342.0,-38.575,176.225,21.527497483031766,19.475497483031766
9254,9389,314.0,-38.575,176.275,21.530507966843288,19.646507966843288
9255,9423,493.0,-38.675,176.175,21.658087437539507,18.70008743753951
9256,9424,472.0,-38.675,176.225,21.644490600581776,18.812490600581775
9257,9425,469.0,-38.675,176.275,21.629879202544544,18.815879202544544
9258,9862,332.0,-38.525,176.175,21.4628190080075,19.4708190080075
9259,9863,303.0,-38.525,176.225,21.468856799503556,19.650856799503554
9260,9864,351.0,-38.525,176.275,21.481136067675834,19.375136067675832
9261,9041,325.0,-38.575,176.325,21.533844834015326,19.583844834015327
9262,9150,503.0,-38.575,176.375,21.53332629725992,18.515326297259918
9263,9162,607.0,-38.575,176.425,21.52387445005661,17.88187445005661
9264,9195,577.0,-38.575,176.475,21.49972028081538,18.037720280815382
9265,9320,486.0,-38.625,176.325,21.571008671602613,18.655008671602612
9266,9321,640.0,-38.625,176.375,21.556532030372182,17.716532030372182
9267,9322,642.0,-38.625,176.425,21.531464605101064,17.679464605101064
9268,9323,580.0,-38.625,176.475,21.49115084363075,18.011150843630748
9269,9426,647.0,-38.675,176.325,21.610745795973344,17.728745795973346
9270,9427,639.0,-38.675,176.375,21.583658604125958,17.74965860412596
9271,9428,606.0,-38.675,176.425,21.545008898545348,17.90900889854535
9272,9429,596.0,-38.675,176.475,21.491065625552437,17.915065625552437
9273,9865,295.0,-38.525,176.325,21.497020926355617,19.727020926355618
9274,9866,363.0,-38.525,176.375,21.51224143651052,19.33424143651052
9275,9867,536.0,-38.525,176.425,21.520976096249797,18.304976096249796
9276,9868,558.0,-38.525,176.475,21.516161599502084,18.168161599502085
9277,9269,458.0,-38.575,176.525,21.454843146351777,18.706843146351776
9278,9270,416.0,-38.575,176.575,21.383610232420324,18.887610232420325
9279,9272,367.0,-38.575,176.625,21.28153614693656,19.07953614693656
9280,9324,498.0,-38.625,176.525,21.43092975136824,18.44292975136824
9281,9325,480.0,-38.625,176.575,21.346618140116334,18.466618140116335
9282,9326,495.0,-38.625,176.625,21.235079297930497,18.265079297930498
9283,9430,569.0,-38.675,176.525,21.418225854642515,18.004225854642513
9284,9431,622.0,-38.675,176.575,21.323388998534938,17.59138899853494
9285,9432,624.0,-38.675,176.625,21.204387689791474,17.460387689791474
9286,9869,482.0,-38.525,176.525,21.490087226135074,18.598087226135075
9287,9870,441.0,-38.525,176.575,21.435240730294026,18.789240730294026
9288,9871,420.0,-38.525,176.625,21.34532114165995,18.825321141659952
9289,9275,579.0,-38.575,176.675,21.146053453918285,17.672053453918284
9290,9278,500.0,-38.575,176.725,20.977163595180173,17.977163595180173
9291,9281,323.0,-38.575,176.775,20.777833739681228,18.83983373968123
9292,9288,585.0,-38.575,176.825,20.55403248892617,17.04403248892617
9293,9327,540.0,-38.625,176.675,21.094786400470184,17.854786400470182
9294,9328,341.0,-38.625,176.725,20.92628196739679,18.88028196739679
9295,9329,579.0,-38.625,176.775,20.73243913629085,17.25843913629085
9296,9330,474.0,-38.625,176.825,20.5184533831889,17.674453383188897
9297,9433,420.0,-38.675,176.675,21.06040398289406,18.54040398289406
9298,9434,516.0,-38.675,176.725,20.89229754385451,17.79629754385451
9299,9435,819.0,-38.675,176.775,20.702779043906048,15.788779043906048
9300,9436,798.0,-38.675,176.825,20.496380297621727,15.708380297621726
9301,9872,379.0,-38.525,176.675,21.21629374013719,18.94229374013719
9302,9873,362.0,-38.525,176.725,21.047317534095782,18.87531753409578
9303,9874,615.0,-38.525,176.775,20.84134836269186,17.15134836269186
9304,9875,815.0,-38.525,176.825,20.605251091379614,15.715251091379614
9305,9296,806.0,-38.575,176.875,20.31435583246821,15.478355832468209
9306,9331,573.0,-38.625,176.875,20.291533667414114,16.853533667414116
9307,9332,522.0,-38.625,176.925,20.060311470857414,16.928311470857416
9308,9333,528.0,-38.625,176.975,19.834035260973906,16.666035260973906
9309,9334,840.0,-38.625,177.025,19.621661361492443,14.581661361492444
9310,9437,823.0,-38.675,176.875,20.279202025649283,15.341202025649284
9311,9438,932.0,-38.675,176.925,20.058455988955757,14.466455988955758
9312,9439,815.0,-38.675,176.975,19.841854598946156,14.951854598946156
9313,9440,784.0,-38.675,177.025,19.636932201214222,14.932932201214221
9314,9465,743.0,-38.575,176.925,20.069265363943487,15.611265363943488
9315,9538,374.0,-38.575,176.975,19.830023940618048,17.58602394061805
9316,9585,724.0,-38.575,177.025,19.607469039659918,15.263469039659917
9317,9876,435.0,-38.525,176.875,20.349348453251878,17.73934845325188
9318,9877,530.0,-38.525,176.925,20.086443785030497,16.906443785030497
9319,9878,371.0,-38.525,176.975,19.830428200701135,17.604428200701136
9320,9879,656.0,-38.525,177.025,19.59463147864153,15.658631478641531
9321,9335,904.0,-38.625,177.075,19.430985465238336,14.006985465238337
9322,9336,907.0,-38.625,177.125,19.267969073840504,13.825969073840504
9323,9337,795.0,-38.625,177.175,19.136382884247723,14.366382884247724
9324,9441,1002.0,-38.675,177.075,19.45040178853742,13.43840178853742
9325,9442,1137.0,-38.675,177.125,19.28765070539157,12.465650705391571
9326,9443,1039.0,-38.675,177.175,19.152451863083115,12.918451863083115
9327,9590,558.0,-38.575,177.075,19.410819398006424,16.062819398006425
9328,9595,989.0,-38.575,177.125,19.24674931327172,13.31274931327172
9329,9600,879.0,-38.575,177.175,19.118936926224706,13.844936926224706
9330,9880,573.0,-38.525,177.075,19.390159336715442,15.952159336715441
9331,9881,620.0,-38.525,177.125,19.224574113603012,15.504574113603013
9332,9882,721.0,-38.525,177.175,19.101292012910562,14.775292012910562
9333,9338,678.0,-38.625,177.225,19.03780949112479,14.96980949112479
9334,9339,740.0,-38.625,177.275,18.971947361755156,14.531947361755154
9335,9340,626.0,-38.625,177.325,18.93708377693474,15.181083776934742
9336,9341,825.0,-38.625,177.375,18.93058916341397,13.98058916341397
9337,9444,940.0,-38.675,177.225,19.046914839567762,13.406914839567762
9338,9445,565.0,-38.675,177.275,18.97163986914893,15.58163986914893
9339,9446,369.0,-38.675,177.325,18.925991569842154,16.711991569842155
9340,9447,713.0,-38.675,177.375,18.908397778901417,14.630397778901418
9341,9605,843.0,-38.575,177.225,19.028165903582703,13.970165903582703
9342,9690,822.0,-38.575,177.275,18.972880403402087,14.040880403402086
9343,9693,688.0,-38.575,177.325,18.94996351919326,14.821963519193261
9344,9695,468.0,-38.575,177.375,18.95549582480089,16.14749582480089
9345,9883,1018.0,-38.525,177.225,19.019862596916937,12.911862596916936
9346,9884,928.0,-38.525,177.275,18.976946864666388,13.408946864666389
9347,9885,937.0,-38.525,177.325,18.967569496384385,13.345569496384385
9348,9886,835.0,-38.525,177.375,18.986234914878878,13.976234914878878
9349,9342,363.0,-38.625,177.425,18.94932536944907,16.77132536944907
9350,9343,407.0,-38.625,177.475,18.98992494868071,16.54792494868071
9351,9344,261.0,-38.625,177.525,19.048953478082694,17.482953478082695
9352,9448,529.0,-38.675,177.425,18.916605102829635,15.742605102829636
9353,9449,582.0,-38.675,177.475,18.947870273917943,15.455870273917942
9354,9450,448.0,-38.675,177.525,18.99910585163161,16.311105851631613
9355,9696,440.0,-38.575,177.425,18.985332422646024,16.345332422646024
9356,9700,547.0,-38.575,177.475,19.035445588931907,15.753445588931907
9357,9705,590.0,-38.575,177.525,19.102063195532537,15.562063195532538
9358,9887,539.0,-38.525,177.425,19.02768255148476,15.793682551484759
9359,9888,657.0,-38.525,177.475,19.087248632455157,15.145248632455157
9360,9889,401.0,-38.525,177.525,19.160916171746067,16.754916171746068
9361,9345,320.0,-38.625,177.575,19.122993582765048,17.202993582765046
9362,9346,481.0,-38.625,177.625,19.208687581693084,16.322687581693085
9363,9347,424.0,-38.625,177.675,19.302757493198442,16.75875749319844
9364,9348,391.0,-38.625,177.725,19.40200143432594,17.05600143432594
9365,9451,373.0,-38.675,177.575,19.067007182467933,16.829007182467933
9366,9452,254.0,-38.675,177.625,19.14816860101564,17.62416860101564
9367,9453,263.0,-38.675,177.675,19.239175794948096,17.661175794948097
9368,9454,333.0,-38.675,177.725,19.336655334005627,17.338655334005626
9369,9708,391.0,-38.575,177.575,19.18167519425333,16.83567519425333
9370,9712,276.0,-38.575,177.625,19.270984543203667,17.61498454320367
9371,9716,279.0,-38.575,177.675,19.366851072045392,17.692851072045393
9372,9720,140.0,-38.575,177.725,19.46623519622517,18.62623519622517
9373,9890,456.0,-38.525,177.575,19.24518346556215,16.50918346556215
9374,9891,260.0,-38.525,177.625,19.336888058758632,17.776888058758633
9375,9892,244.0,-38.525,177.675,19.433073358639376,17.969073358639378
9376,9893,118.0,-38.525,177.725,19.530897897606337,18.82289789760634
9377,9046,155.0,-38.525,177.775,19.627541425084928,18.69754142508493
9378,9154,83.0,-38.525,177.825,19.72007605755789,19.22207605755789
9379,9158,55.0,-38.525,177.875,19.80530631037982,19.47530631037982
9380,9199,56.0,-38.525,177.925,19.879670346814237,19.54367034681424
9381,9349,296.0,-38.625,177.775,19.503253179049352,17.727253179049352
9382,9350,39.0,-38.625,177.825,19.603283047159493,19.36928304715949
9383,9351,25.0,-38.625,177.875,19.69859289091255,19.548592890912552
9384,9352,12.0,-38.625,177.925,19.784946051244333,19.712946051244334
9385,9455,443.0,-38.675,177.775,19.43726714888544,16.779267148885438
9386,9456,283.0,-38.675,177.825,19.53762647750409,17.83962647750409
9387,9457,19.0,-38.675,177.875,19.63412062927091,19.52012062927091
9388,9458,10.0,-38.675,177.925,19.7224875826505,19.662487582650503
9389,9724,180.0,-38.575,177.775,19.56611991236059,18.486119912360593
9390,9791,114.0,-38.575,177.825,19.663378975052183,18.97937897505218
9391,9792,40.0,-38.575,177.875,19.754545965122816,19.514545965122817
9392,9794,19.0,-38.575,177.925,19.835426616929908,19.721426616929907
9393,9287,96.0,-38.525,177.975,19.939574840416753,19.363574840416753
9394,9295,264.0,-38.525,178.025,19.982720835690998,18.398720835690998
9395,9353,10.0,-38.625,177.975,19.855925578667666,19.795925578667667
9396,9354,139.0,-38.625,178.025,19.902911054039578,19.068911054039578
9397,9355,90.0,-38.625,178.075,19.929597581336566,19.389597581336567
9398,9459,5.0,-38.675,177.975,19.796361644621356,19.766361644621355
9399,9460,53.0,-38.675,178.075,19.872831882112223,19.55483188211222
9400,9469,194.0,-38.525,178.075,20.009474441929342,18.84547444192934
9401,9795,98.0,-38.575,177.975,19.90082549366707,19.31282549366707
9402,9797,101.0,-38.575,178.025,19.94659581659289,19.340595816592888
9403,9799,86.0,-38.575,178.075,19.97386111900414,19.457861119004143
9404,9356,49.0,-38.625,178.125,19.942571249128378,19.648571249128377
9405,9470,206.0,-38.525,178.125,20.022160036100104,18.786160036100103
9406,9471,171.0,-38.525,178.175,20.02340885458034,18.99740885458034
9407,9472,99.0,-38.525,178.225,20.01541804937733,19.42141804937733
9408,9473,119.0,-38.525,178.275,19.999895953129453,19.285895953129454
9409,9802,108.0,-38.575,178.125,19.986680449859705,19.338680449859705
9410,9805,40.0,-38.575,178.175,19.98837055300828,19.748370553008282
9411,9474,20.0,-38.475,174.675,17.782953349811578,17.662953349811577
9412,9552,109.0,-38.425,174.675,17.835744477502885,17.181744477502885
9413,9749,236.0,-38.375,174.675,17.890647186955903,16.474647186955902
9414,9475,189.0,-38.475,174.725,17.951765538360632,16.817765538360632
9415,9476,630.0,-38.475,174.775,18.122533652349375,14.342533652349376
9416,9477,405.0,-38.475,174.825,18.29294269006641,15.862942690066411
9417,9478,308.0,-38.475,174.875,18.461620823472913,16.613620823472914
9418,9553,231.0,-38.425,174.725,17.98168300404359,16.59568300404359
9419,9554,268.0,-38.425,174.775,18.128392325525056,16.520392325525055
9420,9555,505.0,-38.425,174.825,18.274378764355788,15.244378764355789
9421,9556,261.0,-38.425,174.875,18.419183817073645,16.853183817073646
9422,9750,113.0,-38.375,174.725,18.014763214996492,17.33676321499649
9423,9751,293.0,-38.375,174.775,18.138069882712443,16.380069882712444
9424,9752,452.0,-38.375,174.825,18.260002327133407,15.548002327133407
9425,9753,320.0,-38.375,174.875,18.38115428265155,16.46115428265155
9426,9479,233.0,-38.475,174.925,18.628100207133684,17.230100207133685
9427,9480,245.0,-38.475,174.975,18.79277973605349,17.32277973605349
9428,9481,160.0,-38.475,175.025,18.956924053865805,17.996924053865804
9429,9557,161.0,-38.425,174.925,18.56319353667641,17.597193536676407
9430,9558,296.0,-38.425,174.975,18.70751049984392,16.93151049984392
9431,9559,248.0,-38.425,175.025,18.853943274807534,17.365943274807535
9432,9754,339.0,-38.375,174.925,18.502824373605108,16.46882437360511
9433,9755,383.0,-38.375,174.975,18.62678597655031,16.328785976550307
9434,9756,264.0,-38.375,175.025,18.7552734082783,17.1712734082783
9435,9482,269.0,-38.475,175.075,19.12263776011241,17.50863776011241
9436,9483,156.0,-38.475,175.125,19.292591354405886,18.356591354405886
9437,9484,179.0,-38.475,175.175,19.46909909418173,18.395099094181727
9438,9485,183.0,-38.475,175.225,19.652729392684705,18.554729392684706
9439,9560,154.0,-38.425,175.075,19.00509718124522,18.08109718124522
9440,9561,236.0,-38.425,175.125,19.16442911093327,17.74842911093327
9441,9562,268.0,-38.425,175.175,19.33530653037451,17.72730653037451
9442,9563,214.0,-38.425,175.225,19.517955651092052,18.233955651092053
9443,9757,255.0,-38.375,175.075,18.891133076129336,17.361133076129335
9444,9758,80.0,-38.375,175.125,19.038344507076545,18.558344507076544
9445,9759,180.0,-38.375,175.175,19.202758550942235,18.122758550942237
9446,9760,268.0,-38.375,175.225,19.384727911048685,17.776727911048685
9447,9486,279.0,-38.475,175.275,19.841891143918474,18.167891143918474
9448,9487,352.0,-38.475,175.325,20.03366242877746,17.92166242877746
9449,9488,508.0,-38.475,175.375,20.224545461132948,17.176545461132946
9450,9564,316.0,-38.425,175.275,19.708901636979135,17.812901636979134
9451,9565,258.0,-38.425,175.325,19.903718120964186,18.355718120964184
9452,9566,456.0,-38.425,175.375,20.09809911940829,17.36209911940829
9453,9761,297.0,-38.375,175.275,19.57752221550618,17.79552221550618
9454,9762,306.0,-38.375,175.325,19.775524231201416,17.939524231201418
9455,9763,255.0,-38.375,175.375,19.97383828413149,18.443838284131488
9456,9047,545.0,-38.425,175.475,20.469370348087978,17.199370348087978
9457,9151,581.0,-38.425,175.525,20.638940595039458,17.152940595039457
9458,9160,540.0,-38.425,175.575,20.79358268414944,17.55358268414944
9459,9489,416.0,-38.475,175.425,20.410815297673253,17.914815297673254
9460,9490,492.0,-38.475,175.475,20.588743846812577,17.63674384681258
9461,9491,565.0,-38.475,175.525,20.75479604362772,17.36479604362772
9462,9492,539.0,-38.475,175.575,20.905785171868047,17.67178517186805
9463,9567,489.0,-38.425,175.425,20.287930990256427,17.353930990256426
9464,9764,581.0,-38.375,175.425,20.16793472619611,16.681934726196108
9465,9765,655.0,-38.375,175.475,20.353784853898105,16.423784853898105
9466,9766,630.0,-38.375,175.525,20.527935397039982,16.74793539703998
9467,9767,488.0,-38.375,175.575,20.687426179771137,17.759426179771136
9468,9200,456.0,-38.425,175.625,20.930688974818622,18.19468897481862
9469,9289,318.0,-38.425,175.675,21.048176455617067,19.140176455617066
9470,9297,265.0,-38.425,175.725,21.144621756429842,19.554621756429842
9471,9391,243.0,-38.425,175.775,21.219439682678058,19.76143968267806
9472,9493,540.0,-38.475,175.625,21.038994431626634,17.79899443162663
9473,9494,304.0,-38.475,175.675,21.15229800864472,19.328298008644722
9474,9495,360.0,-38.475,175.725,21.24430778887472,19.08430778887472
9475,9496,361.0,-38.475,175.775,21.314545974120847,19.148545974120847
9476,9768,351.0,-38.375,175.625,20.829690288344864,18.723690288344862
9477,9769,281.0,-38.375,175.675,20.952566292951815,19.266566292951815
9478,9770,305.0,-38.375,175.725,21.05443760570779,19.22443760570779
9479,9771,217.0,-38.375,175.775,21.134442848586332,19.832442848586332
9480,9394,276.0,-38.425,175.825,21.27306578056232,19.61706578056232
9481,9396,230.0,-38.425,175.875,21.30709811730776,19.92709811730776
9482,9398,322.0,-38.425,175.925,21.324354155276524,19.392354155276525
9483,9497,417.0,-38.475,175.825,21.363618890529324,18.861618890529325
9484,9498,514.0,-38.475,175.875,21.39335051663147,18.309350516631472
9485,9499,489.0,-38.475,175.925,21.406823347970203,18.472823347970202
9486,9772,226.0,-38.375,175.825,21.192692349446588,19.836692349446587
9487,9773,455.0,-38.375,175.875,21.23044161105645,18.50044161105645
9488,9774,378.0,-38.375,175.925,21.25018788682064,18.98218788682064
9489,9400,304.0,-38.425,175.975,21.32880179494532,19.504801794945323
9490,9402,572.0,-38.425,176.025,21.3253346651436,17.893334665143602
9491,9404,352.0,-38.425,176.075,21.319389936157677,19.207389936157675
9492,9406,294.0,-38.425,176.125,21.31644736049202,19.55244736049202
9493,9500,399.0,-38.475,175.975,21.40826550174097,19.014265501740972
9494,9501,649.0,-38.475,176.025,21.40272390350583,17.50872390350583
9495,9502,665.0,-38.475,176.075,21.395505034208327,17.405505034208325
9496,9503,587.0,-38.475,176.125,21.39147407206474,17.86947407206474
9497,9775,407.0,-38.375,175.975,21.25566675814116,18.81366675814116
9498,9776,406.0,-38.375,176.025,21.25173631196958,18.81573631196958
9499,9777,375.0,-38.375,176.075,21.244148685724213,18.994148685724213
9500,9778,489.0,-38.375,176.125,21.23921115308258,18.305211153082578
9501,9408,480.0,-38.425,176.175,21.321463299445895,18.441463299445896
9502,9410,608.0,-38.425,176.225,21.338249769258255,17.690249769258255
9503,9412,397.0,-38.425,176.275,21.3687616733514,18.9867616733514
9504,9504,403.0,-38.475,176.175,21.394407481802773,18.976407481802774
9505,9505,447.0,-38.475,176.225,21.406534346991975,18.724534346991977
9506,9506,346.0,-38.475,176.275,21.428212974275084,19.352212974275083
9507,9779,300.0,-38.375,176.175,21.243308427721786,19.443308427721785
9508,9780,464.0,-38.375,176.225,21.26219121872782,18.478191218727822
9509,9781,754.0,-38.375,176.275,21.299908526667423,16.775908526667422
9510,9414,299.0,-38.425,176.325,21.41232358805064,19.61832358805064
9511,9416,309.0,-38.425,176.375,21.465007757877174,19.611007757877175
9512,9418,496.0,-38.425,176.425,21.519470415205433,18.543470415205434
9513,9507,300.0,-38.475,176.325,21.45763673381589,19.657636733815888
9514,9508,324.0,-38.475,176.375,21.490609721746296,19.546609721746297
9515,9509,442.0,-38.475,176.425,21.520559986238368,18.868559986238367
9516,9510,542.0,-38.475,176.475,21.538925781522266,18.286925781522267
9517,9540,519.0,-38.425,176.475,21.56540927210517,18.45140927210517
9518,9782,346.0,-38.375,176.325,21.357428561444976,19.281428561444976
9519,9783,359.0,-38.375,176.375,21.431386273019598,19.277386273019598
9520,9784,358.0,-38.375,176.425,21.51362411648006,19.36562411648006
9521,9785,510.0,-38.375,176.475,21.591805076710443,18.531805076710445
9522,9511,560.0,-38.475,176.525,21.535930266127252,18.175930266127253
9523,9512,492.0,-38.475,176.575,21.5016767046327,18.549676704632702
9524,9513,375.0,-38.475,176.625,21.427473214773272,19.177473214773272
9525,9576,540.0,-38.425,176.525,21.590561257740774,18.35056125774077
9526,9579,514.0,-38.425,176.575,21.582074636711695,18.498074636711696
9527,9582,404.0,-38.425,176.625,21.52817291939573,19.10417291939573
9528,9786,530.0,-38.375,176.525,21.650752437039046,18.470752437039046
9529,9787,480.0,-38.375,176.575,21.67409112707901,18.79409112707901
9530,9788,440.0,-38.375,176.625,21.64617435411492,19.00617435411492
9531,9033,165.0,-38.375,176.775,21.162097071601238,20.17209707160124
9532,9038,244.0,-38.375,176.825,20.873736327366714,19.409736327366716
9533,9514,265.0,-38.475,176.675,21.30726409307863,19.71726409307863
9534,9515,201.0,-38.475,176.725,21.138956101040094,19.932956101040094
9535,9516,326.0,-38.475,176.775,20.92533706611539,18.96933706611539
9536,9517,762.0,-38.475,176.825,20.674307453760775,16.102307453760776
9537,9586,240.0,-38.425,176.675,21.420057327519316,19.980057327519315
9538,9591,180.0,-38.425,176.725,21.25381794745408,20.173817947454083
9539,9596,184.0,-38.425,176.775,21.03185615471375,19.92785615471375
9540,9601,680.0,-38.425,176.825,20.76328866383301,16.68328866383301
9541,9789,356.0,-38.375,176.675,21.55451241506671,19.41851241506671
9542,9790,191.0,-38.375,176.725,21.392574682655322,20.24657468265532
9543,9048,678.0,-38.375,176.875,20.54577081752359,16.47777081752359
9544,9049,697.0,-38.375,176.925,20.201772666636316,16.019772666636317
9545,9050,529.0,-38.375,176.975,19.868202110264974,16.694202110264975
9546,9051,225.0,-38.375,177.025,19.571594794786506,18.221594794786505
9547,9518,669.0,-38.475,176.875,20.39832106697395,16.38432106697395
9548,9519,721.0,-38.475,176.925,20.113132752343517,15.787132752343517
9549,9520,262.0,-38.475,176.975,19.836019979571574,18.264019979571575
9550,9521,615.0,-38.475,177.025,19.58361344626428,15.89361344626428
9551,9606,505.0,-38.425,176.875,20.463178074634925,17.433178074634924
9552,9689,338.0,-38.425,176.925,20.150893672236634,18.122893672236636
9553,9691,247.0,-38.425,176.975,19.84794860186048,18.36594860186048
9554,9707,316.0,-38.425,177.025,19.575314411711588,17.679314411711587
9555,9052,339.0,-38.375,177.075,19.334185603158403,17.300185603158404
9556,9053,282.0,-38.375,177.125,19.168454197126266,17.476454197126266
9557,9054,458.0,-38.375,177.175,19.07416368169652,16.326163681696517
9558,9522,687.0,-38.475,177.075,19.369561020765104,15.247561020765104
9559,9523,643.0,-38.475,177.125,19.202553791001264,15.344553791001264
9560,9524,1015.0,-38.475,177.175,19.08544449733745,12.995444497337449
9561,9711,406.0,-38.425,177.075,19.3501555126968,16.9141555126968
9562,9715,624.0,-38.425,177.125,19.18267810092948,15.43867810092948
9563,9719,680.0,-38.425,177.175,19.074648560512287,14.994648560512287
9564,9055,851.0,-38.375,177.225,19.04079171090416,13.93479171090416
9565,9056,832.0,-38.375,177.275,19.053304307624785,14.061304307624784
9566,9057,689.0,-38.375,177.325,19.097147305044928,14.963147305044927
9567,9058,607.0,-38.375,177.375,19.160730138548388,15.518730138548388
9568,9525,1122.0,-38.475,177.225,19.015846035017603,12.283846035017604
9569,9526,606.0,-38.475,177.275,18.98784818065542,15.35184818065542
9570,9527,757.0,-38.475,177.325,18.994015978245443,14.452015978245443
9571,9528,649.0,-38.475,177.375,19.026971459552442,15.132971459552442
9572,9723,458.0,-38.425,177.225,19.020589738473063,16.272589738473062
9573,9727,888.0,-38.425,177.275,19.010859586571314,13.682859586571315
9574,9728,360.0,-38.425,177.325,19.034830803819204,16.874830803819204
9575,9729,628.0,-38.425,177.375,19.083005062380835,15.315005062380834
9576,9059,586.0,-38.375,177.425,19.23594980614871,15.71994980614871
9577,9060,635.0,-38.375,177.475,19.317761726950266,15.507761726950267
9578,9061,616.0,-38.375,177.525,19.403392112628353,15.707392112628353
9579,9529,628.0,-38.475,177.425,19.08029744282976,15.31229744282976
9580,9530,748.0,-38.475,177.475,19.148830744576117,14.660830744576117
9581,9531,734.0,-38.475,177.525,19.22852607119421,14.82452607119421
9582,9730,857.0,-38.425,177.425,19.147923022712348,14.005923022712349
9583,9731,618.0,-38.425,177.475,19.22422870903756,15.516228709037561
9584,9732,732.0,-38.425,177.525,19.30823155017424,14.916231550174242
9585,9062,659.0,-38.375,177.575,19.491104263990565,15.537104263990564
9586,9063,306.0,-38.375,177.625,19.578939414459455,17.742939414459457
9587,9064,372.0,-38.375,177.675,19.664844315499067,17.432844315499068
9588,9065,405.0,-38.375,177.725,19.747023645490117,17.317023645490117
9589,9532,753.0,-38.475,177.575,19.316091937835154,14.798091937835153
9590,9533,478.0,-38.475,177.625,19.408631459958997,16.540631459959
9591,9534,251.0,-38.475,177.675,19.503448655643297,17.997448655643296
9592,9535,183.0,-38.475,177.725,19.597971591538226,18.499971591538227
9593,9733,586.0,-38.425,177.575,19.39717408454817,15.881174084548169
9594,9734,515.0,-38.425,177.625,19.488582087706163,16.398582087706163
9595,9735,389.0,-38.425,177.675,19.58008570833408,17.246085708334082
9596,9736,79.0,-38.425,177.725,19.669460722314398,19.195460722314397
9597,9066,209.0,-38.375,177.775,19.823841999332217,18.569841999332215
9598,9067,100.0,-38.375,177.825,19.89370439250706,19.29370439250706
9599,9068,168.0,-38.375,177.875,19.955044285637996,18.947044285637997
9600,9069,230.0,-38.375,177.925,20.006424084986065,18.626424084986066
9601,9536,196.0,-38.475,177.775,19.689676015470468,18.51367601547047
9602,9537,101.0,-38.475,177.825,19.775985725136707,19.169985725136705
9603,9539,80.0,-38.475,177.875,19.85420092523782,19.37420092523782
9604,9544,136.0,-38.475,177.925,19.92156445279761,19.105564452797612
9605,9737,236.0,-38.425,177.775,19.754583684371028,18.338583684371027
9606,9738,82.0,-38.425,177.825,19.83334487611137,19.341344876111368
9607,9739,167.0,-38.425,177.875,19.9036219631962,18.901621963196202
9608,9740,158.0,-38.425,177.925,19.963386045288644,19.015386045288643
9609,9070,285.0,-38.375,177.975,20.046728590696148,18.336728590696147
9610,9071,241.0,-38.375,178.025,20.075381377348094,18.629381377348093
9611,9072,307.0,-38.375,178.075,20.09246560514657,18.250465605146573
9612,9545,196.0,-38.475,177.975,19.975636799284985,18.799636799284986
9613,9546,360.0,-38.475,178.025,20.015003787619207,17.855003787619207
9614,9547,179.0,-38.475,178.075,20.039802120951208,18.965802120951206
9615,9741,340.0,-38.425,177.975,20.010980860675772,17.970980860675773
9616,9742,441.0,-38.425,178.025,20.045501594126108,17.399501594126107
9617,9743,345.0,-38.425,178.075,20.067028924775514,17.997028924775513
9618,9073,190.0,-38.375,178.125,20.09866681510539,18.95866681510539
9619,9074,222.0,-38.375,178.175,20.09507302160273,18.76307302160273
9620,9075,186.0,-38.375,178.225,20.082944514331757,18.966944514331757
9621,9076,18.0,-38.375,178.275,20.063539227034198,19.955539227034198
9622,9548,185.0,-38.475,178.125,20.05145127929427,18.94145127929427
9623,9549,201.0,-38.475,178.175,20.05189375964983,18.84589375964983
9624,9550,41.0,-38.475,178.225,20.043025537059293,19.797025537059294
9625,9551,109.0,-38.475,178.275,20.02647782365966,19.37247782365966
9626,9744,210.0,-38.425,178.125,20.076509708545927,18.816509708545926
9627,9745,315.0,-38.425,178.175,20.07538041456064,18.18538041456064
9628,9746,67.0,-38.425,178.225,20.06519886715978,19.663198867159778
9629,9747,105.0,-38.425,178.275,20.047424645148567,19.417424645148568
9630,9748,66.0,-38.425,178.325,20.023332613774983,19.627332613774982
9631,9077,20.0,-38.325,174.725,18.048968104274536,17.928968104274535
9632,9078,292.0,-38.325,174.775,18.149440919318295,16.397440919318296
9633,9079,295.0,-38.325,174.825,18.24764596373643,16.477645963736432
9634,9080,222.0,-38.325,174.875,18.345482959666697,17.013482959666696
9635,9159,144.0,-38.275,174.725,18.08168922249388,17.217689222493878
9636,9196,63.0,-38.275,174.775,18.15967463112611,17.78167463112611
9637,9217,20.0,-38.175,174.725,18.125165318524523,18.005165318524522
9638,9218,34.0,-38.175,174.775,18.159187195517006,17.955187195517006
9639,9219,174.0,-38.175,174.825,18.190721214774385,17.146721214774384
9640,9220,164.0,-38.175,174.875,18.224693747692072,17.240693747692074
9641,9273,121.0,-38.275,174.825,18.234447932110925,17.508447932110926
9642,9276,239.0,-38.275,174.875,18.309527346333198,16.875527346333197
9643,9950,42.0,-38.225,174.725,18.10926930034111,17.857269300341112
9644,9951,128.0,-38.225,174.775,18.164788200650946,17.396788200650946
9645,9952,100.0,-38.225,174.825,18.216774767763127,17.616774767763125
9646,9953,273.0,-38.225,174.875,18.2702131941478,16.632213194147802
9647,9081,265.0,-38.325,174.925,18.445235306746326,16.855235306746327
9648,9082,349.0,-38.325,174.975,18.549343160881108,16.455343160881107
9649,9083,230.0,-38.325,175.025,18.660490960228344,17.280490960228345
9650,9221,239.0,-38.175,174.925,18.264753330986423,16.830753330986422
9651,9222,408.0,-38.175,174.975,18.31440243691759,15.86640243691759
9652,9223,301.0,-38.175,175.025,18.377486357516318,16.571486357516317
9653,9279,195.0,-38.275,174.925,18.38810155641113,17.218101556411128
9654,9282,301.0,-38.275,174.975,18.473188435542397,16.667188435542396
9655,9290,277.0,-38.275,175.025,18.56799581244195,16.90599581244195
9656,9954,383.0,-38.225,174.925,18.328733927330177,16.030733927330175
9657,9955,529.0,-38.225,174.975,18.3956840763567,15.221684076356702
9658,9956,298.0,-38.225,175.025,18.474681359402894,16.686681359402893
9659,9084,168.0,-38.325,175.075,18.781794072321645,17.773794072321646
9660,9085,69.0,-38.325,175.125,18.917249954509316,18.503249954509315
9661,9086,101.0,-38.325,175.175,19.07457638764754,18.468576387647538
9662,9087,188.0,-38.325,175.225,19.25463195318298,18.12663195318298
9663,9224,162.0,-38.175,175.075,18.458413815627864,17.486413815627863
9664,9225,177.0,-38.175,175.125,18.561972430179594,17.499972430179593
9665,9226,76.0,-38.175,175.175,18.692420738643705,18.236420738643705
9666,9227,59.0,-38.175,175.225,18.851958585248212,18.497958585248213
9667,9298,113.0,-38.275,175.075,18.676257073511806,17.998257073511805
9668,9467,54.0,-38.275,175.125,18.802681790799397,18.478681790799396
9669,9543,60.0,-38.275,175.175,18.9526954230314,18.5926954230314
9670,9583,111.0,-38.275,175.225,19.12670129356411,18.46070129356411
9671,9957,173.0,-38.225,175.075,18.569917267526762,17.53191726752676
9672,9958,54.0,-38.225,175.125,18.68612487456994,18.36212487456994
9673,9959,61.0,-38.225,175.175,18.827444583053875,18.461444583053876
9674,9960,42.0,-38.225,175.225,18.994786114595627,18.742786114595628
9675,9088,290.0,-38.325,175.275,19.448055686931184,17.708055686931186
9676,9089,377.0,-38.325,175.325,19.648837891072617,17.386837891072616
9677,9090,265.0,-38.325,175.375,19.85133506899001,18.26133506899001
9678,9228,62.0,-38.175,175.275,19.039395895459165,18.667395895459165
9679,9229,91.0,-38.175,175.325,19.249116938968655,18.703116938968655
9680,9230,100.0,-38.175,175.375,19.4701463082165,18.870146308216498
9681,9588,129.0,-38.275,175.275,19.31871481181588,18.54471481181588
9682,9593,319.0,-38.275,175.325,19.521823739545653,17.60782373954565
9683,9598,185.0,-38.275,175.375,19.728934694154304,18.618934694154305
9684,9961,80.0,-38.225,175.275,19.18471808769391,18.70471808769391
9685,9962,81.0,-38.225,175.325,19.390577155303617,18.904577155303617
9686,9963,130.0,-38.225,175.375,19.603482891867316,18.823482891867314
9687,9091,426.0,-38.325,175.425,20.05031225833227,17.49431225833227
9688,9092,543.0,-38.325,175.475,20.241410886865197,16.983410886865197
9689,9093,576.0,-38.325,175.525,20.42120577829337,16.96520577829337
9690,9094,518.0,-38.325,175.575,20.58684579511464,17.47884579511464
9691,9231,110.0,-38.175,175.425,19.68954938329989,19.02954938329989
9692,9232,160.0,-38.175,175.475,19.902015100524295,18.942015100524294
9693,9233,132.0,-38.175,175.525,20.10740333823196,19.31540333823196
9694,9234,200.0,-38.175,175.575,20.303513660815952,19.103513660815953
9695,9603,240.0,-38.275,175.425,19.933515795404674,18.493515795404672
9696,9692,333.0,-38.275,175.475,20.13072238804307,18.132722388043067
9697,9710,415.0,-38.275,175.525,20.31732452326105,17.827324523261048
9698,9714,437.0,-38.275,175.575,20.49067022442614,17.86867022442614
9699,9964,176.0,-38.225,175.425,19.814732979881228,18.758732979881227
9700,9965,273.0,-38.225,175.475,20.01900784884492,18.381007848844924
9701,9966,235.0,-38.225,175.525,20.213874503773695,18.803874503773695
9702,9967,261.0,-38.225,175.575,20.397023130095477,18.831023130095478
9703,9095,392.0,-38.325,175.625,20.735725974587695,18.383725974587694
9704,9096,197.0,-38.325,175.675,20.86544735817006,19.68344735817006
9705,9097,213.0,-38.325,175.725,20.974009469624434,19.696009469624435
9706,9098,331.0,-38.325,175.775,21.060092216419434,19.074092216419434
9707,9235,233.0,-38.175,175.625,20.486001834891795,19.088001834891795
9708,9236,154.0,-38.175,175.675,20.649900719330617,19.725900719330618
9709,9237,260.0,-38.175,175.725,20.79061926148279,19.23061926148279
9710,9238,260.0,-38.175,175.775,20.904496064838895,19.344496064838896
9711,9718,300.0,-38.275,175.625,20.64799541659886,18.84799541659886
9712,9722,225.0,-38.275,175.675,20.78643253458722,19.43643253458722
9713,9726,283.0,-38.275,175.725,20.903363881814585,19.205363881814584
9714,9801,424.0,-38.275,175.775,20.99682121069418,18.45282121069418
9715,9968,342.0,-38.225,175.625,20.565243770910456,18.513243770910456
9716,9969,117.0,-38.225,175.675,20.71484700262954,20.01284700262954
9717,9970,320.0,-38.225,175.725,20.842334080796718,18.922334080796716
9718,9971,353.0,-38.225,175.775,20.944924427538353,18.826924427538355
9719,9021,340.0,-38.225,175.875,21.06996814100421,19.02996814100421
9720,9024,387.0,-38.225,175.925,21.093245664425922,18.771245664425923
9721,9099,327.0,-38.325,175.825,21.12332813145258,19.16132813145258
9722,9100,345.0,-38.325,175.875,21.16451872658945,19.09451872658945
9723,9101,620.0,-38.325,175.925,21.185777268499805,17.465777268499806
9724,9239,280.0,-38.175,175.825,20.989115866206703,19.309115866206703
9725,9240,297.0,-38.175,175.875,21.043525392764423,19.261525392764423
9726,9241,369.0,-38.175,175.925,21.068424534601945,18.854424534601947
9727,9804,364.0,-38.275,175.825,21.065820086423628,18.881820086423627
9728,9807,377.0,-38.275,175.875,21.110611852080183,18.848611852080182
9729,9810,421.0,-38.275,175.925,21.132862827118515,18.606862827118515
9730,9972,348.0,-38.225,175.825,21.02092109370642,18.93292109370642
9731,9026,500.0,-38.225,175.975,21.0936250808154,18.0936250808154
9732,9028,549.0,-38.225,176.025,21.07579113832253,17.78179113832253
9733,9030,632.0,-38.225,176.075,21.046340844404767,17.254340844404766
9734,9035,654.0,-38.225,176.125,21.013896934844524,17.089896934844525
9735,9102,404.0,-38.325,175.975,21.190592167658906,18.766592167658906
9736,9103,296.0,-38.325,176.025,21.183811709604925,19.407811709604925
9737,9104,298.0,-38.325,176.075,21.171554528933484,19.383554528933484
9738,9105,341.0,-38.325,176.125,21.161038542551978,19.11503854255198
9739,9242,414.0,-38.175,175.975,21.066356083254504,18.582356083254506
9740,9243,563.0,-38.175,176.025,21.041877474443027,17.663877474443026
9741,9244,659.0,-38.175,176.075,21.0016938609333,17.0476938609333
9742,9245,640.0,-38.175,176.125,20.95478190895301,17.11478190895301
9743,9813,522.0,-38.275,175.975,21.13577183479356,18.00377183479356
9744,9816,517.0,-38.275,176.025,21.124135571757506,18.022135571757506
9745,9819,587.0,-38.275,176.075,21.104374358568748,17.58237435856875
9746,9822,462.0,-38.275,176.125,21.08452996770211,18.312529967702112
9747,9043,376.0,-38.225,176.175,20.98930643715721,18.73330643715721
9748,9106,341.0,-38.325,176.175,21.16026430299098,19.114264302990982
9749,9107,321.0,-38.325,176.225,21.177357334905537,19.25135733490554
9750,9108,359.0,-38.325,176.275,21.219224429118185,19.065224429118185
9751,9165,365.0,-38.225,176.225,20.985931805313157,18.795931805313156
9752,9167,400.0,-38.225,176.275,21.019388036937016,18.619388036937018
9753,9246,526.0,-38.175,176.175,20.912645660555427,17.756645660555428
9754,9247,410.0,-38.175,176.225,20.89006127643006,18.43006127643006
9755,9248,354.0,-38.175,176.275,20.906934806218487,18.78293480621849
9756,9825,380.0,-38.275,176.175,21.074204718828696,18.794204718828695
9757,9828,380.0,-38.275,176.225,21.084229266576585,18.804229266576584
9758,9831,420.0,-38.275,176.275,21.125384861523344,18.605384861523344
9759,9109,501.0,-38.325,176.325,21.289337678015727,18.283337678015727
9760,9110,407.0,-38.325,176.375,21.38535493774907,18.94335493774907
9761,9111,400.0,-38.325,176.425,21.498163400232443,19.098163400232444
9762,9112,465.0,-38.325,176.475,21.61298673730562,18.82298673730562
9763,9169,426.0,-38.225,176.325,21.103740494541853,18.547740494541852
9764,9171,525.0,-38.225,176.375,21.241517232963815,18.091517232963817
9765,9172,299.0,-38.225,176.425,21.418825721604662,19.62482572160466
9766,9173,531.0,-38.225,176.475,21.613348440067057,18.427348440067057
9767,9249,468.0,-38.175,176.325,20.9883996484823,18.1803996484823
9768,9250,388.0,-38.175,176.375,21.14361234111493,18.81561234111493
9769,9251,302.0,-38.175,176.425,21.349627870651602,19.5376278706516
9770,9252,530.0,-38.175,176.475,21.578371962525125,18.398371962525125
9771,9834,571.0,-38.275,176.325,21.205118822039367,17.77911882203937
9772,9837,481.0,-38.275,176.375,21.32284465986595,18.43684465986595
9773,9840,392.0,-38.275,176.425,21.46796282172363,19.11596282172363
9774,9843,360.0,-38.275,176.475,21.622565799490985,19.462565799490985
9775,9113,436.0,-38.325,176.525,21.711395804079075,19.095395804079075
9776,9114,393.0,-38.325,176.575,21.773117235885366,19.415117235885365
9777,9115,423.0,-38.325,176.625,21.77787497541067,19.239874975410668
9778,9174,900.0,-38.225,176.525,21.80077512374737,16.400775123747373
9779,9175,560.0,-38.225,176.575,21.954978340343587,18.594978340343587
9780,9176,356.0,-38.225,176.625,22.046345673732503,19.910345673732504
9781,9253,326.0,-38.175,176.525,21.805178335882374,19.849178335882375
9782,9254,143.0,-38.175,176.575,22.00463026743455,21.14663026743455
9783,9255,166.0,-38.175,176.625,22.145750471048814,21.149750471048815
9784,9901,478.0,-38.275,176.525,21.76493063125963,18.896930631259632
9785,9903,455.0,-38.275,176.575,21.871118076152925,19.141118076152924
9786,9905,440.0,-38.275,176.625,21.915824995703588,19.275824995703587
9787,9116,377.0,-38.325,176.675,21.708227989940497,19.446227989940496
9788,9117,305.0,-38.325,176.725,21.553781235161296,19.723781235161297
9789,9118,179.0,-38.325,176.775,21.31527017679946,20.241270176799457
9790,9119,261.0,-38.325,176.825,21.005668813100783,19.439668813100784
9791,9177,439.0,-38.225,176.675,22.042284798411856,19.408284798411856
9792,9178,396.0,-38.225,176.725,21.9158141923308,19.539814192330798
9793,9179,281.0,-38.225,176.775,21.66345244956574,19.97745244956574
9794,9180,154.0,-38.225,176.825,21.31213203952575,20.38813203952575
9795,9256,140.0,-38.175,176.675,22.187154310096957,21.347154310096958
9796,9257,338.0,-38.175,176.725,22.08227694424022,20.054276944240222
9797,9258,310.0,-38.175,176.775,21.819952474867023,19.959952474867023
9798,9259,168.0,-38.175,176.825,21.45010497538169,20.442104975381692
9799,9907,396.0,-38.275,176.675,21.874987489916748,19.498987489916747
9800,9909,275.0,-38.275,176.725,21.732141890397543,20.082141890397544
9801,9911,221.0,-38.275,176.775,21.486542465065213,20.160542465065213
9802,9913,259.0,-38.275,176.825,21.155518803674568,19.60151880367457
9803,9120,571.0,-38.325,176.875,20.647446533745097,17.221446533745098
9804,9121,608.0,-38.325,176.925,20.268645009791726,16.620645009791726
9805,9122,120.0,-38.325,176.975,19.900585865481844,19.180585865481845
9806,9123,262.0,-38.325,177.025,19.576395188974857,18.004395188974858
9807,9181,452.0,-38.225,176.875,20.901832510406166,18.189832510406166
9808,9182,575.0,-38.225,176.925,20.467732132696256,17.017732132696256
9809,9183,525.0,-38.225,176.975,20.039523268722405,16.889523268722407
9810,9184,504.0,-38.225,177.025,19.65535569869826,16.631355698698258
9811,9260,391.0,-38.175,176.875,21.033807519374022,18.687807519374022
9812,9261,258.0,-38.175,176.925,20.607422760942427,19.059422760942425
9813,9262,83.0,-38.175,176.975,20.18614047583833,19.688140475838328
9814,9263,163.0,-38.175,177.025,19.78957102392087,18.81157102392087
9815,9914,478.0,-38.275,176.875,20.767825052662374,17.899825052662376
9816,9916,574.0,-38.275,176.925,20.355612462359204,16.911612462359205
9817,9917,528.0,-38.275,176.975,19.952712347223496,16.784712347223497
9818,9919,301.0,-38.275,177.025,19.598158740274812,17.79215874027481
9819,9124,575.0,-38.325,177.075,19.326046599780966,15.876046599780967
9820,9125,252.0,-38.325,177.125,19.166082973413722,17.654082973413722
9821,9126,487.0,-38.325,177.175,19.092538891607546,16.170538891607546
9822,9185,237.0,-38.225,177.075,19.376277885850868,17.954277885850868
9823,9186,320.0,-38.225,177.125,19.251510931131634,17.331510931131632
9824,9187,326.0,-38.225,177.175,19.25121241476154,17.29521241476154
9825,9264,97.0,-38.175,177.075,19.48935519416409,18.90735519416409
9826,9265,145.0,-38.175,177.125,19.40412622715303,18.534126227153028
9827,9266,89.0,-38.175,177.175,19.449709098476887,18.91570909847689
9828,9920,368.0,-38.275,177.075,19.33434443936858,17.12634443936858
9829,9921,273.0,-38.275,177.125,19.1867383892386,17.5487383892386
9830,9923,531.0,-38.275,177.175,19.14383460868703,15.95783460868703
9831,9031,179.0,-38.175,177.275,19.641881514893612,18.56788151489361
9832,9036,385.0,-38.175,177.325,19.73530053461218,17.42530053461218
9833,9044,486.0,-38.175,177.375,19.81444758581347,16.898447585813468
9834,9127,798.0,-38.325,177.225,19.08637794511378,14.298377945113781
9835,9128,775.0,-38.325,177.275,19.125015122132027,14.475015122132028
9836,9129,158.0,-38.325,177.325,19.189657533224818,18.241657533224817
9837,9130,724.0,-38.325,177.375,19.26727340598154,14.92327340598154
9838,9188,634.0,-38.225,177.225,19.316250964551728,15.512250964551727
9839,9189,599.0,-38.225,177.275,19.407197899679886,15.813197899679887
9840,9190,519.0,-38.225,177.325,19.502535102485126,16.388535102485125
9841,9191,425.0,-38.225,177.375,19.59198285560342,17.04198285560342
9842,9267,461.0,-38.175,177.225,19.540839070155926,16.774839070155927
9843,9924,663.0,-38.275,177.225,19.171728218749195,15.193728218749195
9844,9926,184.0,-38.275,177.275,19.23841058301332,18.13441058301332
9845,9928,307.0,-38.275,177.325,19.32193650499903,17.47993650499903
9846,9930,386.0,-38.275,177.375,19.409482785336877,17.093482785336878
9847,9131,486.0,-38.325,177.425,19.34995959592561,16.43395959592561
9848,9132,588.0,-38.325,177.475,19.433638901300583,15.905638901300582
9849,9133,589.0,-38.325,177.525,19.517012081494613,15.983012081494614
9850,9146,170.0,-38.175,177.425,19.879533834046015,18.859533834046015
9851,9156,222.0,-38.175,177.475,19.933637732057832,18.60163773205783
9852,9192,490.0,-38.225,177.425,19.67216420571276,16.73216420571276
9853,9193,542.0,-38.225,177.475,19.74346862726088,16.491468627260883
9854,9198,488.0,-38.175,177.525,19.980186277247412,17.05218627724741
9855,9201,458.0,-38.225,177.525,19.8080353757141,17.060035375714097
9856,9931,572.0,-38.275,177.425,19.49470085079156,16.06270085079156
9857,9932,634.0,-38.275,177.475,19.57533835637878,15.771338356378779
9858,9933,506.0,-38.275,177.525,19.65172662913028,16.61572662913028
9859,9134,577.0,-38.325,177.575,19.600164166487957,16.138164166487957
9860,9135,899.0,-38.325,177.625,19.681418395121,14.287418395121
9861,9136,1011.0,-38.325,177.675,19.758996410262625,13.692996410262626
9862,9137,500.0,-38.325,177.725,19.831665493438777,16.831665493438777
9863,9202,629.0,-38.225,177.575,19.868059901444212,16.09405990144421
9864,9203,682.0,-38.225,177.625,19.923913592487224,15.831913592487226
9865,9204,566.0,-38.225,177.675,19.975150857855624,16.579150857855623
9866,9205,821.0,-38.225,177.725,20.02134695180939,15.095346951809391
9867,9285,411.0,-38.175,177.575,20.021713526610256,17.555713526610255
9868,9293,678.0,-38.175,177.625,20.059344797173253,15.991344797173253
9869,9468,581.0,-38.175,177.675,20.093219942948053,16.607219942948053
9870,9541,1035.0,-38.175,177.725,20.12308467508774,13.913084675087738
9871,9934,532.0,-38.275,177.575,19.726022935530636,16.534022935530636
9872,9935,770.0,-38.275,177.625,19.796779882803094,15.176779882803093
9873,9936,953.0,-38.275,177.675,19.862820464757533,14.144820464757533
9874,9937,498.0,-38.275,177.725,19.923462089092936,16.935462089092937
9875,9138,287.0,-38.325,177.775,19.89831812104967,18.17631812104967
9876,9139,247.0,-38.325,177.825,19.957845146625914,18.475845146625915
9877,9140,285.0,-38.325,177.875,20.009149709207122,18.29914970920712
9878,9141,248.0,-38.325,177.925,20.051241801109427,18.563241801109427
9879,9206,439.0,-38.225,177.775,20.06202911863147,17.42802911863147
9880,9207,583.0,-38.225,177.825,20.096653651591623,16.598653651591622
9881,9208,463.0,-38.225,177.875,20.124654937910236,17.346654937910237
9882,9209,870.0,-38.225,177.925,20.14552385981733,14.925523859817332
9883,9569,775.0,-38.175,177.775,20.148524720483692,15.498524720483694
9884,9570,908.0,-38.175,177.825,20.16905005298031,14.72105005298031
9885,9572,439.0,-38.175,177.875,20.18416116461958,17.55016116461958
9886,9574,460.0,-38.175,177.925,20.193417109356233,17.433417109356235
9887,9938,380.0,-38.275,177.775,19.978021535487642,17.69802153548764
9888,9939,344.0,-38.275,177.825,20.025756814564375,17.961756814564374
9889,9940,412.0,-38.275,177.875,20.065910026947677,17.593910026947675
9890,9941,424.0,-38.275,177.925,20.097797155940498,17.553797155940497
9891,9142,399.0,-38.325,177.975,20.083378423376416,17.689378423376418
9892,9143,200.0,-38.325,178.025,20.105200041423814,18.905200041423814
9893,9144,362.0,-38.325,178.075,20.116803519569658,17.944803519569657
9894,9210,627.0,-38.225,177.975,20.15889121535656,16.39689121535656
9895,9211,564.0,-38.225,178.025,20.164596016024007,16.780596016024006
9896,9212,431.0,-38.225,178.075,20.162721601380326,17.576721601380328
9897,9577,592.0,-38.175,177.975,20.19649914751426,16.64449914751426
9898,9580,491.0,-38.175,178.025,20.193259636154835,17.247259636154833
9899,9584,528.0,-38.175,178.075,20.18374700327695,17.01574700327695
9900,9942,379.0,-38.275,177.975,20.12091576574676,17.846915765746758
9901,9943,247.0,-38.275,178.025,20.135039480373962,18.653039480373963
9902,9944,370.0,-38.275,178.075,20.140268067520083,17.920268067520084
9903,9034,61.0,-38.325,178.175,20.111779189202935,19.745779189202935
9904,9040,237.0,-38.325,178.225,20.09701229534403,18.67501229534403
9905,9145,262.0,-38.325,178.125,20.11871522329966,18.54671522329966
9906,9149,19.0,-38.325,178.275,20.075475772668142,19.96147577266814
9907,9213,381.0,-38.225,178.125,20.153591114776646,17.867591114776644
9908,9214,457.0,-38.225,178.175,20.137726498316624,17.395726498316623
9909,9215,276.0,-38.225,178.225,20.115785349276848,18.45978534927685
9910,9216,83.0,-38.225,178.275,20.088492850198236,19.590492850198235
9911,9589,580.0,-38.175,178.125,20.16820251107856,16.68820251107856
9912,9594,287.0,-38.175,178.175,20.147031389555195,18.425031389555194
9913,9599,188.0,-38.175,178.225,20.12075679496047,18.99275679496047
9914,9604,121.0,-38.175,178.275,20.089967457242892,19.363967457242893
9915,9945,301.0,-38.275,178.125,20.13701605712413,18.331016057124128
9916,9946,333.0,-38.275,178.175,20.125947236163483,18.127947236163482
9917,9947,188.0,-38.275,178.225,20.10788120313373,18.97988120313373
9918,9948,71.0,-38.275,178.275,20.083700606082857,19.65770060608286
9919,9152,136.0,-38.325,178.325,20.048186093801633,19.232186093801634
9920,9694,117.0,-38.175,178.325,20.05526863529667,19.353268635296672
9921,9949,92.0,-38.275,178.325,20.054277338153042,19.502277338153043
9922,9697,113.0,-38.125,174.725,18.119546033554798,17.441546033554797
9923,9698,5.0,-38.125,174.775,18.13855205384243,18.10855205384243
9924,9699,20.0,-38.125,174.825,18.154007953969995,18.034007953969994
9925,9701,23.0,-38.125,174.875,18.171473148519,18.033473148518997
9926,10904,30.0,-38.025,174.825,18.05510351288831,17.87510351288831
9927,10907,61.0,-38.025,174.875,18.04583981747419,17.67983981747419
9928,9702,84.0,-38.125,174.925,18.194954373662767,17.690954373662766
9929,9703,252.0,-38.125,174.975,18.228128302042023,16.716128302042023
9930,9704,334.0,-38.125,175.025,18.2749271337525,16.270927133752497
9931,9995,22.0,-38.075,174.925,18.119786660779937,17.987786660779935
9932,9996,181.0,-38.075,174.975,18.137359989093966,17.051359989093967
9933,9997,318.0,-38.075,175.025,18.167641745141736,16.259641745141735
9934,10775,85.0,-37.975,174.925,17.96132633718662,17.451326337186618
9935,10781,262.0,-37.975,174.975,17.951390410129534,16.379390410129535
9936,10785,338.0,-37.975,175.025,17.950699339533458,15.922699339533457
9937,10934,378.0,-38.025,174.925,18.041098283807514,15.773098283807514
9938,10935,91.0,-38.025,174.975,18.044149469391414,17.498149469391414
9939,10936,308.0,-38.025,175.025,18.05825373229891,16.21025373229891
9940,9706,217.0,-38.125,175.075,18.33984665429307,17.03784665429307
9941,9709,125.0,-38.125,175.125,18.427931884416466,17.677931884416466
9942,9713,111.0,-38.125,175.175,18.544268711637415,17.878268711637414
9943,9717,89.0,-38.125,175.225,18.692938140346087,18.158938140346088
9944,9998,161.0,-38.075,175.075,18.21499667968601,17.24899667968601
9945,9999,130.0,-38.075,175.125,18.284683940641116,17.504683940641115
9946,10000,40.0,-38.075,175.175,18.382798154598277,18.142798154598278
9947,10029,40.0,-38.075,175.225,18.515567276263027,18.27556727626303
9948,10790,495.0,-37.975,175.075,17.961946766496112,14.991946766496111
9949,10794,421.0,-37.975,175.125,17.98945950937923,15.46345950937923
9950,10798,39.0,-37.975,175.175,18.040525696400437,17.806525696400435
9951,10802,20.0,-37.975,175.225,18.125549864940695,18.005549864940694
9952,10937,504.0,-38.025,175.075,18.087227834130317,15.063227834130316
9953,10938,362.0,-38.025,175.125,18.136182166701474,15.964182166701473
9954,10939,139.0,-38.025,175.175,18.212018154161342,17.378018154161342
9955,10940,39.0,-38.025,175.225,18.323130962708092,18.08913096270809
9956,9721,51.0,-38.125,175.275,18.875518029530213,18.56951802953021
9957,9725,79.0,-38.125,175.325,19.088926637658005,18.614926637658005
9958,9793,76.0,-38.125,175.375,19.321498254081234,18.865498254081235
9959,10037,42.0,-38.075,175.275,18.687712005412322,18.435712005412324
9960,10046,40.0,-38.075,175.325,18.899420782538073,18.659420782538074
9961,10154,40.0,-38.075,175.375,19.14103225323197,18.90103225323197
9962,10806,60.0,-37.975,175.275,18.257159693937865,17.897159693937866
9963,10810,83.0,-37.975,175.325,18.447088304259523,17.949088304259522
9964,10814,61.0,-37.975,175.375,18.69643999831169,18.33043999831169
9965,10941,36.0,-38.025,175.275,18.477803299669176,18.261803299669175
9966,10942,53.0,-38.025,175.325,18.68019979346718,18.36219979346718
9967,10943,64.0,-38.025,175.375,18.923502009412914,18.539502009412914
9968,9796,209.0,-38.125,175.425,19.550725152403174,18.296725152403173
9969,9798,78.0,-38.125,175.475,19.77350628242857,19.30550628242857
9970,9800,171.0,-38.125,175.525,19.993901295296382,18.967901295296382
9971,9803,181.0,-38.125,175.575,20.207912010300788,19.12191201030079
9972,10163,82.0,-38.075,175.425,19.38457038215347,18.89257038215347
9973,10169,125.0,-38.075,175.475,19.626943513019796,18.876943513019796
9974,10178,169.0,-38.075,175.525,19.870931080324226,18.856931080324227
9975,10181,260.0,-38.075,175.575,20.10957293021056,18.549572930210562
9976,10818,80.0,-37.975,175.425,18.9884007358487,18.5084007358487
9977,10822,75.0,-37.975,175.475,19.300333916624368,18.85033391662437
9978,10823,153.0,-37.975,175.525,19.614710963040125,18.696710963040125
9979,10824,122.0,-37.975,175.575,19.9183091358027,19.186309135802702
9980,10944,67.0,-38.025,175.425,19.189293635747163,18.78729363574716
9981,10945,259.0,-38.025,175.475,19.464421654090984,17.910421654090985
9982,10946,325.0,-38.025,175.525,19.741416264296276,17.791416264296277
9983,10947,621.0,-38.025,175.575,20.01105199319136,16.28505199319136
9984,9806,111.0,-38.125,175.625,20.409109478892788,19.743109478892787
9985,9809,162.0,-38.125,175.675,20.590982026311394,19.618982026311393
9986,9812,205.0,-38.125,175.725,20.747864052758814,19.517864052758814
9987,9815,208.0,-38.125,175.775,20.875330650480464,19.627330650480463
9988,10190,119.0,-38.075,175.625,20.33449902850043,19.620499028500433
9989,10198,137.0,-38.075,175.675,20.537997865823854,19.715997865823855
9990,10299,140.0,-38.075,175.725,20.713696582293778,19.87369658229378
9991,10306,180.0,-38.075,175.775,20.85674649216162,19.77674649216162
9992,10825,108.0,-37.975,175.625,20.200444494410476,19.552444494410476
9993,10826,184.0,-37.975,175.675,20.45263390905893,19.348633909058933
9994,10827,154.0,-37.975,175.725,20.66861439371496,19.74461439371496
9995,10828,140.0,-37.975,175.775,20.844178588456998,20.004178588457
9996,10948,232.0,-38.025,175.625,20.263844408902514,18.871844408902515
9997,10949,142.0,-38.025,175.675,20.491540608374635,19.639540608374634
9998,10950,247.0,-38.025,175.725,20.687612245998025,19.205612245998026
9999,10951,139.0,-38.025,175.775,20.847274579478835,20.013274579478836
10000,9818,240.0,-38.125,175.825,20.97037543455008,19.530375434550077
10001,9821,312.0,-38.125,175.875,21.031540743719233,19.159540743719234
10002,9824,272.0,-38.125,175.925,21.05909836493811,19.427098364938107
10003,10334,235.0,-38.075,175.825,20.963822421959776,19.553822421959776
10004,10340,249.0,-38.075,175.875,21.03313074957987,19.53913074957987
10005,10348,279.0,-38.075,175.925,21.064580014441162,19.390580014441163
10006,10829,111.0,-37.975,175.825,20.97668472922669,20.31068472922669
10007,10830,173.0,-37.975,175.875,21.06445117532712,20.02645117532712
10008,10831,240.0,-37.975,175.925,21.106622158313257,19.666622158313256
10009,10952,144.0,-38.025,175.825,20.967280981385557,20.103280981385556
10010,10953,261.0,-38.025,175.875,21.045730236193776,19.479730236193777
10011,10954,304.0,-38.025,175.925,21.08218593557831,19.25818593557831
10012,9827,427.0,-38.125,175.975,21.055301092575974,18.493301092575972
10013,9830,540.0,-38.125,176.025,21.024643300486787,17.784643300486785
10014,9833,594.0,-38.125,176.075,20.97404080956767,17.41004080956767
10015,9836,455.0,-38.125,176.125,20.91291082477619,18.18291082477619
10016,10434,486.0,-38.075,175.975,21.060160067008837,18.144160067008837
10017,10438,540.0,-38.075,176.025,21.024397861248872,17.78439786124887
10018,10443,572.0,-38.075,176.075,20.96466650247021,17.53266650247021
10019,10458,495.0,-38.075,176.125,20.89126734853926,17.92126734853926
10020,10832,495.0,-37.975,175.975,21.104101030603488,18.13410103060349
10021,10833,537.0,-37.975,176.025,21.06124191321942,17.839241913219418
10022,10834,537.0,-37.975,176.075,20.98685709133133,17.76485709133133
10023,10835,537.0,-37.975,176.125,20.893796744079737,17.671796744079735
10024,10955,468.0,-38.025,175.975,21.078281453163072,18.270281453163072
10025,10956,560.0,-38.025,176.025,21.038575591970584,17.678575591970585
10026,10957,560.0,-38.025,176.075,20.971110524322285,17.611110524322285
10027,10958,528.0,-38.025,176.125,20.887446258402633,17.719446258402634
10028,9839,451.0,-38.125,176.175,20.85327671469713,18.14727671469713
10029,9842,290.0,-38.125,176.225,20.81025418873469,19.07025418873469
10030,9894,282.0,-38.125,176.275,20.804162586617167,19.112162586617167
10031,10464,320.0,-38.075,176.175,20.817484249058907,18.897484249058905
10032,10556,282.0,-38.075,176.225,20.7600705812074,19.0680705812074
10033,10558,282.0,-38.075,176.275,20.741471998753696,19.049471998753695
10034,10836,469.0,-37.975,176.175,20.798242928038235,17.984242928038235
10035,10837,386.0,-37.975,176.225,20.719774830096867,18.403774830096868
10036,10838,315.0,-37.975,176.275,20.680954290757654,18.790954290757654
10037,10959,441.0,-38.025,176.175,20.80262072003825,18.156620720038248
10038,10960,426.0,-38.025,176.225,20.735671760110563,18.179671760110562
10039,10961,387.0,-38.025,176.275,20.710741164006322,18.388741164006323
10040,9895,337.0,-38.125,176.325,20.87221626166138,18.85021626166138
10041,9896,520.0,-38.125,176.375,21.041137284075376,17.921137284075375
10042,9897,464.0,-38.125,176.425,21.264278480284702,18.480278480284703
10043,9898,837.0,-38.125,176.475,21.512187116499263,16.490187116499264
10044,10559,286.0,-38.075,176.325,20.7987006488911,19.082700648891098
10045,10570,335.0,-38.075,176.375,20.954017376046977,18.94401737604698
10046,10576,398.0,-38.075,176.425,21.168316676383256,18.780316676383258
10047,10583,559.0,-38.075,176.475,21.4114259949165,18.0574259949165
10048,10839,279.0,-37.975,176.325,20.70229009796094,19.02829009796094
10049,10840,281.0,-37.975,176.375,20.79073759258972,19.10473759258972
10050,10841,280.0,-37.975,176.425,20.933848523516644,19.253848523516645
10051,10842,259.0,-37.975,176.475,21.10784921184313,19.553849211843133
10052,10962,360.0,-38.025,176.325,20.75461646016265,18.59461646016265
10053,10963,278.0,-38.025,176.375,20.877414006223262,19.209414006223263
10054,10964,278.0,-38.025,176.425,21.06008330811892,19.39208330811892
10055,10965,358.0,-38.025,176.475,21.275275091815274,19.127275091815275
10056,9899,262.0,-38.125,176.525,21.762640460927287,20.190640460927288
10057,9900,271.0,-38.125,176.575,21.99302846106366,20.367028461063658
10058,9902,185.0,-38.125,176.625,22.175478261196986,21.065478261196986
10059,10653,620.0,-38.075,176.525,21.66070303896413,17.94070303896413
10060,10655,439.0,-38.075,176.575,21.89407663309794,19.26007663309794
10061,10664,257.0,-38.075,176.625,22.08598881915168,20.54398881915168
10062,10843,261.0,-37.975,176.525,21.286144067418718,19.72014406741872
10063,10844,245.0,-37.975,176.575,21.44086802837046,19.97086802837046
10064,10845,263.0,-37.975,176.625,21.540401621454293,19.962401621454294
10065,10966,295.0,-38.025,176.525,21.497573099593865,19.727573099593865
10066,10967,317.0,-38.025,176.575,21.7017910781924,19.7997910781924
10067,10968,377.0,-38.025,176.625,21.85857659352041,19.59657659352041
10068,9904,166.0,-38.125,176.675,22.26721841802828,21.27121841802828
10069,9906,155.0,-38.125,176.725,22.19071670052108,21.26071670052108
10070,9908,185.0,-38.125,176.775,21.906363846912427,20.796363846912428
10071,9910,199.0,-38.125,176.825,21.522411817581087,20.328411817581088
10072,10030,302.0,-38.025,176.675,21.925562955144414,20.113562955144413
10073,10038,20.0,-38.025,176.725,21.83489782541983,21.71489782541983
10074,10048,20.0,-38.025,176.775,21.566365495109494,21.446365495109493
10075,10166,17.0,-38.025,176.825,21.24228222927195,21.14028222927195
10076,10669,77.0,-38.075,176.675,22.19980627035875,21.73780627035875
10077,10674,34.0,-38.075,176.725,22.14953528859951,21.94553528859951
10078,10679,58.0,-38.075,176.775,21.83853674043894,21.49053674043894
10079,10684,63.0,-38.075,176.825,21.4655310459857,21.0875310459857
10080,10846,481.0,-37.975,176.675,21.54671634162696,18.660716341626962
10081,10847,188.0,-37.975,176.725,21.424185761219633,20.296185761219633
10082,10848,14.0,-37.975,176.775,21.17999184383916,21.095991843839162
10083,10849,7.0,-37.975,176.825,20.894941841923355,20.852941841923354
10084,9912,257.0,-38.125,176.875,21.129953139376084,19.587953139376083
10085,9915,68.0,-38.125,176.925,20.763316558945007,20.355316558945006
10086,9918,55.0,-38.125,176.975,20.41470583786213,20.08470583786213
10087,9922,74.0,-38.125,177.025,20.073068444235105,19.629068444235106
10088,10171,191.0,-38.025,176.875,21.002241423064334,19.856241423064333
10089,10184,147.0,-38.025,176.925,20.937970409057016,20.055970409057014
10090,10193,23.0,-38.025,176.975,20.984093991028203,20.8460939910282
10091,10202,318.0,-38.025,177.025,20.94031687340248,19.03231687340248
10092,10689,214.0,-38.075,176.875,21.137668867560933,19.853668867560934
10093,10694,74.0,-38.075,176.925,20.896120598028574,20.452120598028575
10094,10699,20.0,-38.075,176.975,20.703724033068283,20.583724033068282
10095,10778,28.0,-38.075,177.025,20.496201515532448,20.32820151553245
10096,10850,10.0,-37.975,176.875,20.704843526840705,20.644843526840706
10097,10851,10.0,-37.975,176.925,20.799993170305243,20.739993170305244
10098,10852,8.0,-37.975,176.975,21.171050479471887,21.12305047947189
10099,10853,99.0,-37.975,177.025,21.276891047618847,20.682891047618845
10100,9925,80.0,-38.125,177.075,19.795726251897577,19.315726251897576
10101,9927,40.0,-38.125,177.125,19.724430851107172,19.484430851107174
10102,9929,153.0,-38.125,177.175,19.770345968718175,18.852345968718176
10103,10297,60.0,-38.025,177.075,20.79762850014231,20.43762850014231
10104,10303,38.0,-38.025,177.175,20.611255629024527,20.383255629024525
10105,10782,160.0,-38.075,177.075,20.29878689331599,19.33878689331599
10106,10786,140.0,-38.075,177.125,20.195495809679414,19.355495809679415
10107,10789,95.0,-38.075,177.175,20.187257224853965,19.617257224853965
10108,9973,617.0,-38.125,177.225,19.853647509386064,16.151647509386066
10109,9974,202.0,-38.125,177.275,19.94102000703424,18.72902000703424
10110,9975,84.0,-38.125,177.325,20.014308298628748,19.510308298628747
10111,9976,290.0,-38.125,177.375,20.068715700370376,18.328715700370378
10112,10320,63.0,-38.025,177.225,20.604865868150227,20.226865868150227
10113,10332,17.0,-38.025,177.275,20.620912888964085,20.518912888964085
10114,10336,20.0,-38.025,177.325,20.61510906096737,20.49510906096737
10115,10344,182.0,-38.025,177.375,20.591039880244352,19.499039880244354
10116,10793,343.0,-38.075,177.225,20.228976567705104,18.170976567705104
10117,10797,20.0,-38.075,177.275,20.28232183953878,20.16232183953878
10118,10801,87.0,-38.075,177.325,20.319552348279103,19.797552348279105
10119,10805,218.0,-38.075,177.375,20.336735215088993,19.028735215088993
10120,9977,109.0,-38.125,177.425,20.108005890087952,19.454005890087952
10121,9978,581.0,-38.125,177.475,20.137388637092954,16.651388637092953
10122,9979,686.0,-38.125,177.525,20.16079469255783,16.04479469255783
10123,10446,52.0,-38.025,177.425,20.563029538861883,20.251029538861882
10124,10449,264.0,-38.025,177.475,20.53499392460435,18.95099392460435
10125,10451,410.0,-38.025,177.525,20.50835929211098,18.04835929211098
10126,10809,380.0,-38.075,177.425,20.342431540517282,18.06243154051728
10127,10813,182.0,-38.075,177.475,20.34260637217085,19.25060637217085
10128,10817,515.0,-38.075,177.525,20.34037006436847,17.25037006436847
10129,10854,94.0,-37.975,177.475,20.70131137782664,20.13731137782664
10130,10855,318.0,-37.975,177.525,20.65508693940501,18.74708693940501
10131,9980,406.0,-38.125,177.575,20.18061809081337,17.74461809081337
10132,9981,615.0,-38.125,177.625,20.1979509578523,16.507950957852298
10133,9982,424.0,-38.125,177.675,20.21299731255931,17.66899731255931
10134,9983,442.0,-38.125,177.725,20.225494213256752,17.57349421325675
10135,10457,402.0,-38.025,177.575,20.483550268865656,18.071550268865657
10136,10465,354.0,-38.025,177.625,20.460436282664887,18.336436282664888
10137,10563,205.0,-38.025,177.675,20.438547936293617,19.208547936293616
10138,10568,987.0,-38.025,177.725,20.417231769875798,14.495231769875797
10139,10821,397.0,-38.075,177.575,20.337234788508795,17.955234788508793
10140,10856,276.0,-37.975,177.575,20.612248161651223,18.956248161651224
10141,10857,448.0,-37.975,177.625,20.572407772633596,17.884407772633597
10142,10858,836.0,-37.975,177.675,20.534941788046126,15.518941788046128
10143,10859,745.0,-37.975,177.725,20.499113863257662,16.029113863257663
10144,10878,518.0,-38.075,177.625,20.333724089530733,17.225724089530733
10145,10879,484.0,-38.075,177.675,20.329738175867533,17.425738175867533
10146,10880,591.0,-38.075,177.725,20.324833135004155,16.778833135004156
10147,9984,360.0,-38.125,177.775,20.234976221443503,18.074976221443503
10148,9985,586.0,-38.125,177.825,20.24091129765293,16.72491129765293
10149,9986,762.0,-38.125,177.875,20.242781195596763,15.670781195596764
10150,9987,687.0,-38.125,177.925,20.24014146843183,16.11814146843183
10151,10573,629.0,-38.025,177.775,20.395768451853655,16.621768451853654
10152,10579,695.0,-38.025,177.825,20.37345631663993,16.20345631663993
10153,10658,1175.0,-38.025,177.875,20.349667625330767,13.299667625330766
10154,10660,831.0,-38.025,177.925,20.323886522142857,15.337886522142856
10155,10860,439.0,-37.975,177.775,20.464162911292078,17.830162911292078
10156,10861,881.0,-37.975,177.825,20.42936713290692,15.143367132906917
10157,10862,564.0,-37.975,177.875,20.39408977556377,17.01008977556377
10158,10863,1058.0,-37.975,177.925,20.357810896792216,14.009810896792217
10159,10881,1031.0,-38.075,177.775,20.318416440106375,14.132416440106375
10160,10882,1070.0,-38.075,177.825,20.30986710693469,13.889867106934691
10161,10883,1033.0,-38.075,177.875,20.2986092854444,14.1006092854444
10162,10884,777.0,-38.075,177.925,20.284161676107033,15.622161676107034
10163,9988,558.0,-38.125,177.975,20.232669254459324,16.884669254459325
10164,9989,565.0,-38.125,178.025,20.220196795358788,16.830196795358788
10165,9990,340.0,-38.125,178.075,20.20272662703792,18.16272662703792
10166,10665,635.0,-38.025,177.975,20.29573405861447,16.485734058614472
10167,10670,627.0,-38.025,178.025,20.26498178293332,16.50298178293332
10168,10675,368.0,-38.025,178.075,20.23155334780313,18.02355334780313
10169,10864,989.0,-37.975,177.975,20.320147963342606,14.386147963342605
10170,10865,931.0,-37.975,178.025,20.280866232995322,14.694866232995322
10171,10866,869.0,-37.975,178.075,20.23987847258104,15.025878472581041
10172,10887,594.0,-38.075,177.975,20.2661722880257,16.7021722880257
10173,10890,596.0,-38.075,178.025,20.24444004562247,16.668440045622468
10174,10892,428.0,-38.075,178.075,20.218921880928974,17.650921880928973
10175,9991,536.0,-38.125,178.125,20.180426377824915,16.964426377824914
10176,9992,222.0,-38.125,178.175,20.15360487817088,18.82160487817088
10177,9993,154.0,-38.125,178.225,20.122674882339197,19.198674882339198
10178,9994,175.0,-38.125,178.275,20.088109703036025,19.038109703036024
10179,10680,495.0,-38.025,178.125,20.195513422353542,17.225513422353544
10180,10685,340.0,-38.025,178.175,20.157044340114226,18.117044340114226
10181,10690,287.0,-38.025,178.225,20.116412756440695,18.394412756440694
10182,10695,202.0,-38.025,178.275,20.07393060636241,18.86193060636241
10183,10867,345.0,-37.975,178.125,20.197233097740536,18.127233097740536
10184,10868,314.0,-37.975,178.175,20.153090325351513,18.269090325351513
10185,10869,265.0,-37.975,178.225,20.107687449235527,18.517687449235527
10186,10870,279.0,-37.975,178.275,20.06129685993801,18.38729685993801
10187,10894,338.0,-38.075,178.125,20.189724338739325,18.161724338739326
10188,10896,432.0,-38.075,178.175,20.157080770179164,17.565080770179165
10189,10898,332.0,-38.075,178.225,20.12131760075863,18.12931760075863
10190,10900,212.0,-38.075,178.275,20.082815011046478,18.81081501104648
10191,10700,98.0,-38.025,178.325,20.02991617542284,19.44191617542284
10192,10871,329.0,-37.975,178.325,20.01418330449087,18.04018330449087
10193,10902,314.0,-38.075,178.325,20.041968069854192,18.157968069854192
10194,10206,84.0,-37.825,174.825,17.829402436596865,17.325402436596864
10195,10815,255.0,-37.875,174.775,17.93097036045947,16.400970360459468
10196,10819,255.0,-37.875,174.825,17.885323829650588,16.355323829650587
10197,10872,21.0,-37.925,174.825,17.94212987573701,17.81612987573701
10198,10873,90.0,-37.925,174.875,17.910063769493718,17.37006376949372
10199,10886,134.0,-37.875,174.875,17.84280895016491,17.03880895016491
10200,10207,51.0,-37.825,174.925,17.730900622314948,17.424900622314947
10201,10208,21.0,-37.825,174.975,17.694164890908723,17.568164890908722
10202,10209,60.0,-37.825,175.025,17.66790558412322,17.30790558412322
10203,10874,230.0,-37.925,174.925,17.88255933527398,16.502559335273983
10204,10875,217.0,-37.925,174.975,17.861729536933126,16.559729536933126
10205,10876,137.0,-37.925,175.025,17.84898513101507,17.02698513101507
10206,10888,99.0,-37.875,174.925,17.805813665116148,17.211813665116146
10207,10889,414.0,-37.875,174.975,17.776333388319472,15.292333388319472
10208,10891,92.0,-37.875,175.025,17.755336479312973,17.203336479312973
10209,10019,60.0,-37.925,175.125,17.853301717732393,17.493301717732393
10210,10023,20.0,-37.925,175.175,17.880418370914413,17.76041837091441
10211,10026,39.0,-37.925,175.225,17.938701160055643,17.70470116005564
10212,10210,130.0,-37.825,175.075,17.651136392567423,16.871136392567422
10213,10211,38.0,-37.825,175.125,17.63671220325341,17.40871220325341
10214,10212,42.0,-37.825,175.175,17.637540000687295,17.385540000687296
10215,10213,41.0,-37.825,175.225,17.671359772641154,17.425359772641155
10216,10877,169.0,-37.925,175.075,17.845294296836073,16.831294296836074
10217,10893,143.0,-37.875,175.075,17.741874957959226,16.883874957959225
10218,10895,40.0,-37.875,175.125,17.73527541117801,17.49527541117801
10219,10897,20.0,-37.875,175.175,17.743969169412594,17.623969169412593
10220,10899,37.0,-37.875,175.225,17.78229706624552,17.560297066245518
10221,10033,41.0,-37.925,175.275,18.04430356292505,17.798303562925053
10222,10042,60.0,-37.925,175.325,18.219742374545604,17.859742374545604
10223,10052,62.0,-37.925,175.375,18.480903163319454,18.108903163319454
10224,10214,50.0,-37.825,175.275,17.756236860601348,17.456236860601347
10225,10215,40.0,-37.825,175.325,17.923570438135357,17.68357043813536
10226,10216,48.0,-37.825,175.375,18.208102493059414,17.920102493059414
10227,10901,60.0,-37.875,175.275,17.866917283346993,17.506917283346993
10228,10903,44.0,-37.875,175.325,18.025270868762163,17.761270868762164
10229,10905,48.0,-37.875,175.375,18.305514442152344,18.017514442152343
10230,10156,60.0,-37.925,175.425,18.80386039536461,18.44386039536461
10231,10161,71.0,-37.925,175.475,19.1526490027245,18.726649002724503
10232,10167,89.0,-37.925,175.525,19.503045985416975,18.969045985416976
10233,10174,105.0,-37.925,175.575,19.838850161540904,19.208850161540905
10234,10217,56.0,-37.825,175.425,18.570961595047265,18.234961595047267
10235,10218,71.0,-37.825,175.475,18.965057234112464,18.539057234112466
10236,10219,282.0,-37.825,175.525,19.361946167959104,17.669946167959104
10237,10220,197.0,-37.825,175.575,19.740854361079982,18.558854361079984
10238,10908,63.0,-37.875,175.425,18.658754791023966,18.280754791023966
10239,10969,71.0,-37.875,175.475,19.037768946967844,18.611768946967846
10240,10970,88.0,-37.875,175.525,19.41710795207473,18.88910795207473
10241,10971,118.0,-37.875,175.575,19.778918924399477,19.07091892439948
10242,10186,171.0,-37.925,175.625,20.148128403670853,19.122128403670853
10243,10194,101.0,-37.925,175.675,20.422035114013852,19.81603511401385
10244,10203,100.0,-37.925,175.725,20.65466859211665,20.05466859211665
10245,10221,185.0,-37.825,175.625,20.0852731955747,18.9752731955747
10246,10222,179.0,-37.825,175.675,20.382790239451424,19.308790239451422
10247,10223,80.0,-37.825,175.725,20.626412901092408,20.146412901092408
10248,10224,69.0,-37.825,175.775,20.815752680959122,20.40175268095912
10249,10301,80.0,-37.925,175.775,20.84286309212257,20.36286309212257
10250,10972,314.0,-37.875,175.625,20.10965413370286,18.22565413370286
10251,10973,179.0,-37.875,175.675,20.399403334839008,19.325403334839006
10252,10974,82.0,-37.875,175.725,20.642247554937057,20.150247554937057
10253,10975,78.0,-37.875,175.775,20.836407457103633,20.368407457103633
10254,10225,73.0,-37.825,175.825,20.956120211707457,20.51812021170746
10255,10226,125.0,-37.825,175.875,21.054284899779304,20.304284899779304
10256,10227,565.0,-37.825,175.925,21.111039046696533,17.721039046696532
10257,10304,100.0,-37.925,175.825,20.98533895618675,20.38533895618675
10258,10316,107.0,-37.925,175.875,21.081270702605252,20.439270702605253
10259,10326,394.0,-37.925,175.925,21.129279410932213,18.765279410932212
10260,10976,70.0,-37.875,175.825,20.983128623684024,20.563128623684023
10261,10977,67.0,-37.875,175.875,21.08390934259296,20.68190934259296
10262,10978,343.0,-37.875,175.925,21.137191835332487,19.079191835332487
10263,10228,296.0,-37.825,175.975,21.115198392926686,19.339198392926686
10264,10229,180.0,-37.825,176.025,21.06112073008262,19.981120730082623
10265,10230,224.0,-37.825,176.075,20.969469103754818,19.625469103754817
10266,10231,161.0,-37.825,176.125,20.860427918974892,19.89442791897489
10267,10330,458.0,-37.925,175.975,21.128628308528278,18.380628308528276
10268,10335,444.0,-37.925,176.025,21.08284085732521,18.418840857325208
10269,10343,463.0,-37.925,176.075,21.001806742082408,18.22380674208241
10270,10440,486.0,-37.925,176.125,20.899741845598328,17.983741845598328
10271,10979,416.0,-37.875,175.975,21.138663129622728,18.64266312962273
10272,10980,322.0,-37.875,176.025,21.089517132342735,19.157517132342736
10273,10981,346.0,-37.875,176.075,21.002236280306533,18.926236280306533
10274,10982,346.0,-37.875,176.125,20.893262805406266,18.817262805406266
10275,10232,241.0,-37.825,176.175,20.7433032654626,19.2973032654626
10276,10233,346.0,-37.825,176.225,20.625055706150306,18.549055706150305
10277,10234,160.0,-37.825,176.275,20.518847015016945,19.558847015016944
10278,10454,394.0,-37.925,176.175,20.79274073250417,18.42874073250417
10279,10461,346.0,-37.925,176.225,20.698842079327733,18.622842079327732
10280,10468,250.0,-37.925,176.275,20.638639316213812,19.138639316213812
10281,10983,368.0,-37.875,176.175,20.77691353200862,18.568913532008622
10282,10984,441.0,-37.875,176.225,20.667177727635135,18.021177727635134
10283,10985,292.0,-37.875,176.275,20.581760478140495,18.829760478140496
10284,10235,75.0,-37.825,176.325,20.450130750628887,20.000130750628887
10285,10236,40.0,-37.825,176.375,20.451195612709853,20.211195612709854
10286,10237,20.0,-37.825,176.425,20.489166621813638,20.369166621813637
10287,10238,16.0,-37.825,176.475,20.540974785546496,20.444974785546496
10288,10557,171.0,-37.925,176.325,20.631867750566016,19.605867750566016
10289,10560,216.0,-37.925,176.375,20.686329850170296,19.390329850170296
10290,10566,201.0,-37.925,176.425,20.790133639853593,19.584133639853594
10291,10571,162.0,-37.925,176.475,20.91983251962847,19.94783251962847
10292,10986,235.0,-37.875,176.325,20.544070517535147,19.134070517535147
10293,10987,78.0,-37.875,176.375,20.568429022257988,20.100429022257988
10294,10988,61.0,-37.875,176.425,20.637583137435286,20.271583137435286
10295,10989,72.0,-37.875,176.475,20.7261285427212,20.2941285427212
10296,10239,20.0,-37.825,176.525,20.587462382285594,20.467462382285593
10297,10240,20.0,-37.825,176.575,20.610564013895782,20.49056401389578
10298,10577,175.0,-37.925,176.525,21.04919340070046,19.99919340070046
10299,10582,159.0,-37.925,176.575,21.151065464260682,20.19706546426068
10300,10652,85.0,-37.925,176.625,21.197026673440632,20.68702667344063
10301,10990,78.0,-37.875,176.525,20.810363850179783,20.342363850179783
10302,10991,101.0,-37.875,176.575,20.8670873785195,20.2610873785195
10303,10992,104.0,-37.875,176.625,20.87420403473152,20.25020403473152
10304,10654,206.0,-37.925,176.675,21.159486648479287,19.923486648479287
10305,10661,174.0,-37.925,176.725,21.02198220608625,19.97798220608625
10306,10666,8.0,-37.925,176.775,20.798525205082115,20.750525205082116
10307,10671,5.0,-37.925,176.825,20.54625853421203,20.516258534212028
10308,10993,99.0,-37.875,176.675,20.814351500241173,20.220351500241172
10309,10676,6.0,-37.925,176.875,20.366303622504347,20.330303622504346
10310,10681,4.0,-37.925,176.925,20.473240076087677,20.449240076087676
10311,10241,80.0,-37.825,177.625,20.783932812195417,20.303932812195416
10312,10242,391.0,-37.825,177.675,20.719756285536278,18.373756285536277
10313,10243,179.0,-37.825,177.725,20.65683867134794,19.58283867134794
10314,10686,139.0,-37.925,177.575,20.717815172160044,19.883815172160045
10315,10691,264.0,-37.925,177.625,20.66520857663636,19.08120857663636
10316,10696,187.0,-37.925,177.675,20.615326899602223,19.493326899602224
10317,10701,145.0,-37.925,177.725,20.56754939876555,19.69754939876555
10318,10994,189.0,-37.875,177.625,20.736070634469797,19.602070634469797
10319,10995,573.0,-37.875,177.675,20.67730598887647,17.23930598887647
10320,10996,383.0,-37.875,177.725,20.620486844061816,18.322486844061814
10321,10244,894.0,-37.825,177.775,20.595014536935196,15.231014536935195
10322,10245,811.0,-37.825,177.825,20.534021511368337,15.668021511368337
10323,10246,712.0,-37.825,177.875,20.473576469143154,16.201576469143156
10324,10247,276.0,-37.825,177.925,20.41343039854837,18.757430398548372
10325,10769,896.0,-37.925,177.775,20.521204648703133,15.145204648703132
10326,10771,241.0,-37.925,177.825,20.475641680950503,19.0296416809505
10327,10773,363.0,-37.925,177.875,20.430279374621023,18.252279374621022
10328,10776,740.0,-37.925,177.925,20.384640734009736,15.944640734009734
10329,10997,339.0,-37.875,177.775,20.56515517533626,18.53115517533626
10330,10998,575.0,-37.875,177.825,20.510821440304426,17.060821440304426
10331,10999,581.0,-37.875,177.875,20.457027123287844,16.971027123287843
10332,11000,720.0,-37.875,177.925,20.403388365019055,16.083388365019054
10333,10040,738.0,-37.875,177.975,20.349625980499695,15.921625980499694
10334,10051,560.0,-37.875,178.025,20.29558446285955,16.935584462859552
10335,10157,491.0,-37.875,178.075,20.241240456307423,17.295240456307422
10336,10248,656.0,-37.825,177.975,20.353408081176894,16.417408081176895
10337,10249,694.0,-37.825,178.025,20.293436254716653,16.12943625471665
10338,10250,616.0,-37.825,178.075,20.233561681834544,16.537561681834546
10339,10779,1115.0,-37.925,177.975,20.338375543189613,13.648375543189612
10340,10783,1212.0,-37.925,178.025,20.291272799466242,13.019272799466243
10341,10787,1277.0,-37.925,178.075,20.24326274853229,12.58126274853229
10342,10160,469.0,-37.875,178.125,20.186699218247668,17.372699218247668
10343,10175,218.0,-37.875,178.175,20.132175811682828,18.824175811682828
10344,10183,116.0,-37.875,178.225,20.077957194007467,19.381957194007466
10345,10195,72.0,-37.875,178.275,20.024344583202037,19.59234458320204
10346,10251,496.0,-37.825,178.125,20.173957875929773,17.197957875929774
10347,10252,764.0,-37.825,178.175,20.11491551675863,15.530915516758629
10348,10253,415.0,-37.825,178.225,20.05680745146674,17.566807451466737
10349,10254,142.0,-37.825,178.275,20.00001931328734,19.14801931328734
10350,10791,869.0,-37.925,178.125,20.19440727723122,14.980407277231222
10351,10795,329.0,-37.925,178.175,20.14487705224019,18.17087705224019
10352,10799,104.0,-37.925,178.225,20.094914763292763,19.470914763292765
10353,10803,112.0,-37.925,178.275,20.044786994993046,19.372786994993046
10354,10204,50.0,-37.875,178.325,19.97158495862095,19.67158495862095
10355,10205,173.0,-37.875,178.375,19.919812866079155,18.881812866079155
10356,10255,93.0,-37.825,178.325,19.944851104795816,19.386851104795817
10357,10256,33.0,-37.825,178.375,19.891425557369075,19.693425557369075
10358,10257,200.0,-37.825,178.425,19.8396553895509,18.6396553895509
10359,10807,462.0,-37.925,178.325,19.994732589504565,17.222732589504567
10360,10811,69.0,-37.925,178.375,19.944920179965266,19.530920179965264
10361,10258,103.0,-37.775,174.875,17.711792076679558,17.09379207667956
10362,10300,103.0,-37.725,174.825,17.72132363642595,17.10332363642595
10363,10305,79.0,-37.725,174.875,17.648059020713845,17.174059020713845
10364,10722,64.0,-37.675,174.825,17.669554925294506,17.285554925294505
10365,10723,44.0,-37.675,174.875,17.585678509676654,17.321678509676655
10366,10764,95.0,-37.625,174.825,17.619466262680362,17.04946626268036
10367,10765,22.0,-37.625,174.875,17.524657718706294,17.392657718706293
10368,10001,84.0,-37.625,175.025,17.338295605411986,16.834295605411985
10369,10259,22.0,-37.775,174.975,17.613293268557754,17.481293268557753
10370,10260,161.0,-37.775,175.025,17.58168782305438,16.61568782305438
10371,10333,80.0,-37.725,174.925,17.584533200399164,17.104533200399164
10372,10341,38.0,-37.725,174.975,17.53351921180729,17.305519211807287
10373,10349,104.0,-37.725,175.025,17.497019233353058,16.87301923335306
10374,10724,117.0,-37.675,174.925,17.5132320177363,16.8112320177363
10375,10725,116.0,-37.675,174.975,17.45569206575601,16.75969206575601
10376,10726,209.0,-37.675,175.025,17.41620428395254,16.162204283952537
10377,10766,109.0,-37.625,174.925,17.443202220969397,16.789202220969397
10378,10767,117.0,-37.625,174.975,17.379596354046953,16.677596354046955
10379,10002,97.0,-37.625,175.075,17.323978121847176,16.741978121847175
10380,10003,113.0,-37.625,175.125,17.34229020316343,16.66429020316343
10381,10004,18.0,-37.625,175.175,17.40047719550057,17.29247719550057
10382,10005,20.0,-37.625,175.225,17.506988351873588,17.386988351873587
10383,10261,81.0,-37.775,175.075,17.561527587393357,17.075527587393356
10384,10262,26.0,-37.775,175.125,17.549867753434228,17.39386775343423
10385,10263,23.0,-37.775,175.175,17.55800467930385,17.420004679303847
10386,10264,41.0,-37.775,175.225,17.603818746956676,17.357818746956678
10387,10445,209.0,-37.725,175.075,17.47606088732573,16.22206088732573
10388,10447,20.0,-37.725,175.125,17.473198569306987,17.353198569306986
10389,10448,40.0,-37.725,175.175,17.49776075652335,17.25776075652335
10390,10450,24.0,-37.725,175.225,17.564547640791716,17.420547640791717
10391,10727,131.0,-37.675,175.075,17.39796069845761,16.611960698457608
10392,10728,191.0,-37.675,175.125,17.40581607515196,16.25981607515196
10393,10729,27.0,-37.675,175.175,17.44816113681736,17.286161136817363
10394,10730,33.0,-37.675,175.225,17.53655151139901,17.33855151139901
10395,10006,33.0,-37.625,175.275,17.66985020550419,17.47185020550419
10396,10007,30.0,-37.625,175.325,17.893981871864526,17.713981871864526
10397,10008,31.0,-37.625,175.375,18.178076123836945,17.992076123836945
10398,10265,20.0,-37.775,175.275,17.706337214236555,17.586337214236554
10399,10266,49.0,-37.775,175.325,17.891904307412915,17.597904307412914
10400,10267,41.0,-37.775,175.375,18.177274861882324,17.931274861882326
10401,10456,40.0,-37.725,175.275,17.69055578683765,17.45055578683765
10402,10463,40.0,-37.725,175.325,17.893114964288543,17.653114964288545
10403,10555,45.0,-37.725,175.375,18.17789694615567,17.90789694615567
10404,10731,32.0,-37.675,175.275,17.683509277205303,17.491509277205303
10405,10732,30.0,-37.675,175.325,17.898935797864397,17.718935797864397
10406,10733,40.0,-37.675,175.375,18.18392048116948,17.94392048116948
10407,10009,38.0,-37.625,175.425,18.51318891335177,18.285188913351767
10408,10010,30.0,-37.625,175.475,18.884216383856256,18.704216383856256
10409,10011,37.0,-37.625,175.525,19.272182404580235,19.050182404580234
10410,10012,20.0,-37.625,175.575,19.65485929013812,19.53485929013812
10411,10268,52.0,-37.775,175.425,18.535163456501323,18.22316345650132
10412,10269,158.0,-37.775,175.475,18.930568056322954,17.982568056322954
10413,10270,164.0,-37.775,175.525,19.334018194618693,18.350018194618695
10414,10271,156.0,-37.775,175.575,19.721368506579893,18.785368506579893
10415,10562,47.0,-37.725,175.425,18.528488718002336,18.246488718002336
10416,10565,86.0,-37.725,175.475,18.918668014248397,18.4026680142484
10417,10569,60.0,-37.725,175.525,19.321490330647066,18.961490330647067
10418,10575,48.0,-37.725,175.575,19.711199173299974,19.423199173299974
10419,10734,46.0,-37.675,175.425,18.527262558571238,18.251262558571238
10420,10735,42.0,-37.675,175.475,18.909392730060063,18.657392730060064
10421,10736,53.0,-37.675,175.525,19.307205048982723,18.989205048982722
10422,10737,33.0,-37.675,175.575,19.695589037277387,19.497589037277386
10423,10013,24.0,-37.625,175.625,20.00445624706481,19.86045624706481
10424,10014,31.0,-37.625,175.675,20.281971738353604,20.095971738353605
10425,10015,30.0,-37.625,175.725,20.43704631573928,20.25704631573928
10426,10016,20.0,-37.625,175.775,20.450253397531924,20.330253397531923
10427,10272,62.0,-37.775,175.625,20.071889609927894,19.699889609927894
10428,10273,78.0,-37.775,175.675,20.36871533466183,19.90071533466183
10429,10274,79.0,-37.775,175.725,20.601787544186664,20.127787544186663
10430,10275,52.0,-37.775,175.775,20.771332707514375,20.459332707514374
10431,10581,40.0,-37.725,175.625,20.062695259221073,19.822695259221074
10432,10656,57.0,-37.725,175.675,20.352496882904234,20.010496882904235
10433,10659,42.0,-37.725,175.725,20.564096170102857,20.31209617010286
10434,10663,47.0,-37.725,175.775,20.696337887748086,20.414337887748086
10435,10738,43.0,-37.675,175.625,20.04636641513207,19.78836641513207
10436,10739,30.0,-37.675,175.675,20.327628618237213,20.147628618237214
10437,10740,32.0,-37.675,175.725,20.510658601346222,20.318658601346222
10438,10741,31.0,-37.675,175.775,20.589193960975535,20.403193960975536
10439,10017,449.0,-37.625,175.825,20.365923066652613,17.671923066652614
10440,10018,232.0,-37.625,175.875,20.242894201161107,18.850894201161108
10441,10020,42.0,-37.625,175.925,20.135649201816705,19.883649201816706
10442,10276,47.0,-37.775,175.825,20.88805485830744,20.60605485830744
10443,10277,154.0,-37.775,175.875,20.967674625775544,20.043674625775544
10444,10278,482.0,-37.775,175.925,21.020161267751973,18.128161267751974
10445,10668,40.0,-37.725,175.825,20.766172473406186,20.526172473406188
10446,10673,480.0,-37.725,175.875,20.80035344722637,17.920353447226372
10447,10678,440.0,-37.725,175.925,20.820173364914808,18.180173364914808
10448,10742,58.0,-37.675,175.825,20.58895709643548,20.24095709643548
10449,10743,690.0,-37.675,175.875,20.550856704823673,16.410856704823672
10450,10744,243.0,-37.675,175.925,20.510724159776146,19.052724159776147
10451,10279,460.0,-37.775,175.975,21.0290343795059,18.269034379505904
10452,10280,215.0,-37.775,176.025,20.966738871957205,19.676738871957205
10453,10281,50.0,-37.775,176.075,20.878894647205016,20.578894647205015
10454,10282,80.0,-37.775,176.125,20.78475336439078,20.30475336439078
10455,10683,301.0,-37.725,175.975,20.817188797314884,19.011188797314883
10456,10688,210.0,-37.725,176.025,20.76698515530734,19.506985155307337
10457,10693,122.0,-37.725,176.075,20.70698791893301,19.97498791893301
10458,10698,37.0,-37.725,176.125,20.649594407172117,20.427594407172116
10459,10745,121.0,-37.675,175.975,20.48287013153822,19.75687013153822
10460,10746,24.0,-37.675,176.025,20.462850283500302,20.318850283500304
10461,10747,20.0,-37.675,176.075,20.45065639677341,20.33065639677341
10462,10748,3.0,-37.675,176.125,20.443401643591642,20.42540164359164
10463,10283,163.0,-37.775,176.175,20.683173615965643,19.70517361596564
10464,10284,286.0,-37.775,176.225,20.571115896091214,18.855115896091213
10465,10285,21.0,-37.775,176.275,20.460423941318368,20.334423941318367
10466,10703,19.0,-37.725,176.225,20.4926390399487,20.3786390399487
10467,10704,56.0,-37.725,176.275,20.387660248172324,20.051660248172325
10468,10749,9.0,-37.675,176.225,20.36525113839525,20.311251138395253
10469,10021,45.0,-37.625,176.425,19.974046546263708,19.704046546263708
10470,10286,15.0,-37.775,176.325,20.37929467045251,20.28929467045251
10471,10287,7.0,-37.775,176.375,20.348920888758585,20.306920888758583
10472,10288,6.0,-37.775,176.425,20.353667688705173,20.31766768870517
10473,10705,9.0,-37.725,176.325,20.301669455213414,20.247669455213416
10474,10289,389.0,-37.775,177.725,20.676432702632155,18.342432702632156
10475,10706,171.0,-37.725,177.725,20.679869280251296,19.653869280251296
10476,10022,55.0,-37.625,177.925,20.36679366320459,20.03679366320459
10477,10290,480.0,-37.775,177.775,20.610507338813477,17.730507338813478
10478,10291,292.0,-37.775,177.825,20.544934689456568,18.79293468945657
10479,10292,552.0,-37.775,177.875,20.479636704869336,17.167636704869334
10480,10293,192.0,-37.775,177.925,20.41452541097533,19.26252541097533
10481,10707,298.0,-37.725,177.775,20.611994813014462,18.823994813014462
10482,10708,703.0,-37.725,177.825,20.543777309114375,16.325777309114375
10483,10709,399.0,-37.725,177.875,20.47534947933309,18.081349479333092
10484,10710,289.0,-37.725,177.925,20.406793411602848,18.672793411602846
10485,10750,96.0,-37.675,177.825,20.531195071576803,19.955195071576803
10486,10751,22.0,-37.675,177.875,20.46121973690242,20.32921973690242
10487,10752,234.0,-37.675,177.925,20.390662797679397,18.986662797679397
10488,10025,350.0,-37.625,177.975,20.294797578058933,18.19479757805893
10489,10028,213.0,-37.625,178.025,20.22236990692909,18.94436990692909
10490,10035,242.0,-37.625,178.075,20.149877715215553,18.697877715215554
10491,10294,377.0,-37.775,177.975,20.34955118583457,18.08755118583457
10492,10295,837.0,-37.775,178.025,20.284740068076644,15.262740068076646
10493,10296,1099.0,-37.775,178.075,20.220222658710554,13.626222658710553
10494,10711,357.0,-37.725,177.975,20.33819391752695,18.19619391752695
10495,10712,211.0,-37.725,178.025,20.269682443438796,19.003682443438798
10496,10713,391.0,-37.725,178.075,20.201475190595374,17.855475190595374
10497,10753,367.0,-37.675,177.975,20.319741783889185,18.117741783889187
10498,10754,328.0,-37.675,178.025,20.248691487584438,18.280691487584438
10499,10755,185.0,-37.675,178.075,20.177806796476943,19.067806796476944
10500,10031,1036.0,-37.775,178.125,20.156254667570465,13.940254667570466
10501,10039,752.0,-37.775,178.175,20.093224002892384,15.581224002892384
10502,10045,171.0,-37.625,178.125,20.077767172362655,19.051767172362656
10503,10049,397.0,-37.775,178.225,20.031629330253054,17.649629330253052
10504,10155,167.0,-37.775,178.275,19.972003328090068,18.97000332809007
10505,10165,659.0,-37.625,178.175,20.006623675930314,16.052623675930313
10506,10172,341.0,-37.625,178.225,19.937273326147988,17.89127332614799
10507,10185,498.0,-37.625,178.275,19.870982159802224,16.882982159802225
10508,10714,770.0,-37.725,178.125,20.133908170668292,15.51390817066829
10509,10715,262.0,-37.725,178.175,20.067468182518496,18.495468182518497
10510,10716,619.0,-37.725,178.225,20.00280505347473,16.288805053474732
10511,10717,176.0,-37.725,178.275,19.94067423098022,18.88467423098022
10512,10756,415.0,-37.675,178.125,20.107487420311372,17.61748742031137
10513,10757,446.0,-37.675,178.175,20.038291588265565,17.362291588265567
10514,10758,334.0,-37.675,178.225,19.971001960890135,17.967001960890133
10515,10759,67.0,-37.675,178.275,19.906660831416957,19.504660831416956
10516,10162,139.0,-37.775,178.325,19.914764737281075,19.080764737281076
10517,10170,144.0,-37.775,178.375,19.860053285068716,18.996053285068715
10518,10179,45.0,-37.775,178.425,19.807673606919707,19.537673606919707
10519,10192,9.0,-37.625,178.325,19.809582088928437,19.75558208892844
10520,10718,149.0,-37.725,178.325,19.88172221484274,18.98772221484274
10521,10719,106.0,-37.725,178.375,19.82615136550885,19.19015136550885
10522,10720,235.0,-37.725,178.425,19.77359624869132,18.36359624869132
10523,10760,72.0,-37.675,178.325,19.846341652191768,19.41434165219177
10524,10761,121.0,-37.675,178.375,19.790406304186035,19.064406304186036
10525,10762,204.0,-37.675,178.425,19.738154004560784,18.514154004560783
10526,10199,9.0,-37.775,178.475,19.75719706696691,19.70319706696691
10527,10721,175.0,-37.725,178.475,19.72337278699706,18.67337278699706
10528,10763,211.0,-37.675,178.475,19.688514080764435,18.422514080764437
10529,10201,58.0,-37.575,174.775,17.68729747868565,17.33929747868565
10530,10309,189.0,-37.575,174.825,17.571035756853234,16.437035756853234
10531,10311,101.0,-37.575,174.875,17.464707396582526,16.858707396582524
10532,10774,21.0,-37.525,174.775,17.653558464215166,17.527558464215165
10533,10777,193.0,-37.525,174.825,17.524178990443033,16.366178990443032
10534,10780,135.0,-37.525,174.875,17.405339434691996,16.595339434691997
10535,10920,75.0,-37.475,174.775,17.622170934570022,17.172170934570023
10536,10921,20.0,-37.475,174.825,17.478919993765885,17.358919993765884
10537,10922,80.0,-37.475,174.875,17.34611556874006,16.86611556874006
10538,10313,61.0,-37.575,174.925,17.373721550935443,17.007721550935443
10539,10315,67.0,-37.575,174.975,17.30377920839237,16.90177920839237
10540,10318,197.0,-37.575,175.025,17.26057278924418,16.07857278924418
10541,10784,105.0,-37.525,174.925,17.303664945608034,16.673664945608035
10542,10788,53.0,-37.525,174.975,17.22625099600191,16.908250996001907
10543,10792,28.0,-37.525,175.025,17.180019467330567,17.012019467330568
10544,10923,144.0,-37.475,174.925,17.231887082638423,16.367887082638422
10545,10924,79.0,-37.475,174.975,17.145077130782738,16.671077130782738
10546,10925,20.0,-37.475,175.025,17.094047630238492,16.97404763023849
10547,10328,61.0,-37.575,175.075,17.249707465762185,16.883707465762186
10548,10339,11.0,-37.575,175.125,17.27685194598962,17.21085194598962
10549,10347,112.0,-37.575,175.175,17.34781946136718,16.67581946136718
10550,10436,20.0,-37.575,175.225,17.468160754251585,17.348160754251584
10551,10796,25.0,-37.525,175.075,17.171214038375183,17.021214038375184
10552,10800,20.0,-37.525,175.125,17.205131553029787,17.085131553029786
10553,10804,21.0,-37.525,175.175,17.28596849227688,17.159968492276878
10554,10808,102.0,-37.525,175.225,17.416543813727912,16.804543813727914
10555,10926,19.0,-37.475,175.075,17.085645374958403,16.971645374958403
10556,10927,14.0,-37.475,175.125,17.124599124625092,17.040599124625093
10557,10928,10.0,-37.475,175.175,17.213331142753304,17.153331142753306
10558,10929,17.0,-37.475,175.225,17.351956413494918,17.249956413494917
10559,10444,12.0,-37.575,175.275,17.64208474118641,17.57008474118641
10560,10453,20.0,-37.575,175.325,17.8708631061927,17.7508631061927
10561,10460,41.0,-37.575,175.375,18.151294400988263,17.905294400988264
10562,10812,28.0,-37.525,175.275,17.597741992154624,17.429741992154625
10563,10816,20.0,-37.525,175.325,17.827743836969603,17.707743836969602
10564,10820,24.0,-37.525,175.375,18.101364255544468,17.95736425554447
10565,10930,40.0,-37.475,175.275,17.538238084802288,17.29823808480229
10566,10931,156.0,-37.475,175.325,17.76742994734741,16.83142994734741
10567,10932,442.0,-37.475,175.375,18.032127874012076,15.380127874012077
10568,10043,76.0,-37.475,175.475,18.625758246635087,18.169758246635087
10569,10053,9.0,-37.475,175.525,18.928366079380794,18.874366079380795
10570,10054,11.0,-37.475,175.575,19.21445329542621,19.14845329542621
10571,10467,58.0,-37.575,175.425,18.475137816338247,18.127137816338248
10572,10554,74.0,-37.575,175.475,18.829864421473758,18.38586442147376
10573,10561,11.0,-37.575,175.525,19.199890665411658,19.13389066541166
10574,10574,12.0,-37.575,175.575,19.56690401470769,19.49490401470769
10575,10885,30.0,-37.525,175.425,18.409907295288576,18.229907295288577
10576,10906,120.0,-37.525,175.475,18.7416721412701,18.021672141270102
10577,10909,11.0,-37.525,175.525,19.082734979103407,19.016734979103408
10578,10910,11.0,-37.525,175.575,19.417189919477096,19.351189919477097
10579,10933,199.0,-37.475,175.425,18.322326013221755,17.128326013221756
10580,10055,11.0,-37.475,175.625,19.46548148047441,19.39948148047441
10581,10056,20.0,-37.475,175.675,19.65445798277142,19.534457982771418
10582,10057,336.0,-37.475,175.725,19.737419092871278,17.72141909287128
10583,10058,230.0,-37.475,175.775,19.689973222615663,18.309973222615664
10584,10580,16.0,-37.575,175.625,19.90769028204886,19.81169028204886
10585,10657,20.0,-37.575,175.675,20.185998272649158,20.065998272649157
10586,10662,20.0,-37.575,175.725,20.32504966783017,20.20504966783017
10587,10667,85.0,-37.575,175.775,20.268416069029627,19.758416069029625
10588,10911,12.0,-37.525,175.625,19.725330538676644,19.653330538676645
10589,10912,11.0,-37.525,175.675,19.975571069226135,19.909571069226136
10590,10913,290.0,-37.525,175.725,20.092117765281728,18.35211776528173
10591,10914,495.0,-37.525,175.775,20.010963316075504,17.040963316075505
10592,10059,352.0,-37.475,175.825,19.552360708043125,17.440360708043123
10593,10060,189.0,-37.475,175.875,19.38286726793376,18.24886726793376
10594,10061,58.0,-37.475,175.925,19.24245296001027,18.89445296001027
10595,10672,608.0,-37.575,175.825,20.10974133075797,16.46174133075797
10596,10677,102.0,-37.575,175.875,19.91556200591367,19.303562005913673
10597,10682,,-37.575,175.925,19.744587627767032,
10598,10915,679.0,-37.525,175.825,19.832601699519728,15.758601699519728
10599,10916,337.0,-37.525,175.875,19.621717659210844,17.599717659210846
10600,10917,40.0,-37.525,175.925,19.43714834650018,19.19714834650018
10601,10687,1.0,-37.575,176.075,19.812021981357248,19.806021981357247
10602,10918,10.0,-37.525,176.025,19.436976761477126,19.376976761477128
10603,10919,15.0,-37.525,177.175,20.599259190887096,20.509259190887096
10604,10692,23.0,-37.575,178.025,20.191398375900462,20.05339837590046
10605,10697,21.0,-37.575,178.075,20.11840449893498,19.992404498934977
10606,10702,79.0,-37.575,178.125,20.045589176908834,19.571589176908834
10607,10768,111.0,-37.575,178.175,19.973557190147403,19.307557190147403
10608,10770,69.0,-37.575,178.225,19.9031085992101,19.4891085992101
10609,10772,86.0,-37.575,178.275,19.83544450178306,19.31944450178306
10610,10137,121.0,-37.275,174.675,17.877810767557094,17.151810767557095
10611,10062,124.0,-37.425,174.725,17.75314835006793,17.00914835006793
10612,10063,249.0,-37.425,174.775,17.593505122105853,16.099505122105853
10613,10064,160.0,-37.425,174.825,17.435632950484433,16.47563295048443
10614,10065,79.0,-37.425,174.875,17.286939994784916,16.812939994784916
10615,10087,20.0,-37.375,174.725,17.738975769920216,17.618975769920215
10616,10088,107.0,-37.375,174.775,17.56829869478679,16.92629869478679
10617,10089,169.0,-37.375,174.825,17.395343387441244,16.381343387441245
10618,10090,118.0,-37.375,174.875,17.22836316620669,16.520363166206693
10619,10112,30.0,-37.325,174.725,17.72621611498471,17.54621611498471
10620,10113,16.0,-37.325,174.775,17.547817664548347,17.451817664548347
10621,10114,20.0,-37.325,174.825,17.36012000476694,17.24012000476694
10622,10115,119.0,-37.325,174.875,17.17192622912262,16.45792622912262
10623,10138,20.0,-37.275,174.725,17.713166203124274,17.593166203124273
10624,10139,20.0,-37.275,174.775,17.533965681792324,17.413965681792323
10625,10140,17.0,-37.275,174.825,17.33362990938258,17.23162990938258
10626,10141,16.0,-37.275,174.875,17.12061927008108,17.02461927008108
10627,10066,78.0,-37.425,174.925,17.157540202148084,16.689540202148084
10628,10067,36.0,-37.425,174.975,17.05870498791046,16.84270498791046
10629,10068,33.0,-37.425,175.025,17.00077335433525,16.80277335433525
10630,10091,43.0,-37.375,174.925,17.08029367450581,16.82229367450581
10631,10092,121.0,-37.375,174.975,16.966085143772943,16.240085143772944
10632,10093,20.0,-37.375,175.025,16.899058985913143,16.779058985913142
10633,10116,156.0,-37.325,174.925,17.000486044522404,16.064486044522404
10634,10117,158.0,-37.325,174.975,16.866662671702215,15.918662671702215
10635,10118,66.0,-37.325,175.025,16.78847682036576,16.392476820365758
10636,10142,17.0,-37.275,174.925,16.91926159648574,16.81726159648574
10637,10143,121.0,-37.275,174.975,16.760295839409082,16.034295839409083
10638,10144,20.0,-37.275,175.025,16.669352299806633,16.549352299806632
10639,10069,20.0,-37.425,175.075,16.991376280009717,16.871376280009716
10640,10070,19.0,-37.425,175.125,17.034534461959993,16.920534461959992
10641,10071,7.0,-37.425,175.175,17.130643802011036,17.088643802011035
10642,10072,46.0,-37.425,175.225,17.276954021144775,17.000954021144775
10643,10094,25.0,-37.375,175.075,16.887981014071556,16.737981014071558
10644,10095,22.0,-37.375,175.125,16.935904818674317,16.803904818674315
10645,10096,11.0,-37.375,175.175,17.040693428258237,16.974693428258238
10646,10097,22.0,-37.375,175.225,17.196330899965687,17.064330899965686
10647,10119,20.0,-37.325,175.075,16.77624917094363,16.656249170943628
10648,10120,15.0,-37.325,175.125,16.83138468002653,16.74138468002653
10649,10121,21.0,-37.325,175.175,16.948217172550358,16.822217172550356
10650,10122,47.0,-37.325,175.225,17.11676986186285,16.83476986186285
10651,10145,32.0,-37.275,175.075,16.65848999328591,16.46648999328591
10652,10146,20.0,-37.275,175.125,16.72574792571322,16.60574792571322
10653,10147,38.0,-37.275,175.175,16.860128734810132,16.63212873481013
10654,10148,51.0,-37.275,175.225,17.04673250738415,16.74073250738415
10655,10073,128.0,-37.425,175.275,17.468097147568187,16.700097147568187
10656,10074,154.0,-37.425,175.325,17.69643543525308,16.77243543525308
10657,10075,226.0,-37.425,175.375,17.952239880512934,16.596239880512933
10658,10098,32.0,-37.375,175.275,17.394172147269273,17.202172147269273
10659,10099,98.0,-37.375,175.325,17.623752719940967,17.035752719940966
10660,10100,272.0,-37.375,175.375,17.873180887800117,16.241180887800116
10661,10123,75.0,-37.325,175.275,17.32490824006527,16.87490824006527
10662,10124,115.0,-37.325,175.325,17.559521794421016,16.869521794421015
10663,10125,102.0,-37.325,175.375,17.806989213175257,17.19498921317526
10664,10149,127.0,-37.275,175.275,17.269799747806246,16.507799747806246
10665,10150,137.0,-37.275,175.325,17.513946485865745,16.691946485865746
10666,10151,19.0,-37.275,175.375,17.764452487892413,17.650452487892412
10667,10036,7.0,-37.275,175.425,18.007224223754747,17.965224223754745
10668,10047,3.0,-37.275,175.475,18.228814251400763,18.210814251400762
10669,10076,337.0,-37.425,175.425,18.223830387043563,16.201830387043564
10670,10077,20.0,-37.425,175.475,18.497786568608717,18.377786568608716
10671,10078,10.0,-37.425,175.525,18.75924560833664,18.699245608336643
10672,10079,9.0,-37.425,175.575,18.99229240076238,18.938292400762382
10673,10101,40.0,-37.375,175.425,18.129305490372644,17.889305490372646
10674,10102,7.0,-37.375,175.475,18.37787708590986,18.335877085909857
10675,10103,8.0,-37.375,175.525,18.603923783150094,18.555923783150096
10676,10104,7.0,-37.375,175.575,18.792658798975026,18.750658798975024
10677,10126,9.0,-37.325,175.425,18.05330412674084,17.999304126740842
10678,10127,6.0,-37.325,175.475,18.284220256031404,18.248220256031402
10679,10128,4.0,-37.325,175.525,18.48587364693958,18.46187364693958
10680,10129,8.0,-37.325,175.575,18.646580875920336,18.598580875920337
10681,10158,7.0,-37.275,175.525,18.41699531973063,18.37499531973063
10682,10176,7.0,-37.275,175.575,18.56305548626551,18.52105548626551
10683,10080,12.0,-37.425,175.625,19.18099896770218,19.10899896770218
10684,10081,21.0,-37.425,175.675,19.31368833311717,19.18768833311717
10685,10082,158.0,-37.425,175.725,19.383234618228016,18.435234618228016
10686,10083,144.0,-37.425,175.775,19.373266270144086,18.509266270144085
10687,10105,7.0,-37.375,175.625,18.93181121532325,18.88981121532325
10688,10106,20.0,-37.375,175.675,19.01974069777134,18.89974069777134
10689,10107,391.0,-37.375,175.725,19.0886913829454,16.7426913829454
10690,10108,128.0,-37.375,175.775,19.1099052480713,18.3419052480713
10691,10130,5.0,-37.325,175.625,18.76071066334771,18.730710663347708
10692,10131,14.0,-37.325,175.675,18.836439561546285,18.752439561546286
10693,10132,361.0,-37.325,175.725,18.893666238211154,16.727666238211153
10694,10133,452.0,-37.325,175.775,18.92319490024238,16.21119490024238
10695,10180,10.0,-37.275,175.625,18.666242595652875,18.606242595652876
10696,10197,141.0,-37.275,175.675,18.735793302752427,17.889793302752427
10697,10302,95.0,-37.275,175.725,18.782994013672578,18.212994013672578
10698,10317,551.0,-37.275,175.775,18.80929485050183,15.50329485050183
10699,10084,106.0,-37.425,175.825,19.293411707949417,18.657411707949418
10700,10085,104.0,-37.425,175.875,19.18310032264344,18.55910032264344
10701,10086,20.0,-37.425,175.925,19.08948372488885,18.96948372488885
10702,10109,248.0,-37.375,175.825,19.077708897340926,17.589708897340927
10703,10110,135.0,-37.375,175.875,19.01784122142999,18.20784122142999
10704,10111,202.0,-37.375,175.925,18.963074102935934,17.751074102935934
10705,10134,282.0,-37.325,175.825,18.917871651268797,17.225871651268797
10706,10135,218.0,-37.325,175.875,18.89113083072516,17.58313083072516
10707,10136,92.0,-37.325,175.925,18.863669870288504,18.311669870288505
10708,10327,111.0,-37.275,175.825,18.814103227563464,18.148103227563464
10709,10337,66.0,-37.275,175.875,18.804606133424386,18.408606133424385
10710,10345,79.0,-37.275,176.275,19.02300620371716,18.54900620371716
10711,10439,81.0,-37.225,174.625,17.996443629162968,17.510443629162967
10712,10442,45.0,-37.225,174.675,17.842846075200214,17.572846075200214
10713,10490,118.0,-37.175,174.625,17.911615254186472,17.203615254186474
10714,10491,41.0,-37.175,174.675,17.772676524269627,17.52667652426963
10715,10512,134.0,-37.125,174.575,17.97367304540603,17.169673045406032
10716,10513,62.0,-37.125,174.625,17.759749645731063,17.387749645731063
10717,10455,80.0,-37.225,174.775,17.5290580058645,17.0490580058645
10718,10462,60.0,-37.225,174.825,17.32196858460884,16.96196858460884
10719,10469,120.0,-37.225,174.875,17.079628458974184,16.359628458974186
10720,10492,11.0,-37.175,174.725,17.66323704464594,17.59723704464594
10721,10493,22.0,-37.175,174.775,17.533991785428952,17.40199178542895
10722,10494,34.0,-37.175,174.825,17.33387465280248,17.129874652802478
10723,10495,47.0,-37.175,174.875,17.057977879634564,16.775977879634564
10724,10514,20.0,-37.125,174.775,17.542214652694383,17.422214652694382
10725,10515,23.0,-37.125,174.825,17.37367049754903,17.235670497549027
10726,10516,20.0,-37.125,174.875,17.061757955598296,16.941757955598295
10727,10470,60.0,-37.225,174.925,16.838752576506522,16.478752576506523
10728,10471,116.0,-37.225,174.975,16.6471268634632,15.9511268634632
10729,10472,73.0,-37.225,175.025,16.54317880329836,16.10517880329836
10730,10496,78.0,-37.175,174.925,16.76178654667092,16.29378654667092
10731,10497,96.0,-37.175,174.975,16.52752676820819,15.95152676820819
10732,10498,192.0,-37.175,175.025,16.41427553064932,15.26227553064932
10733,10517,24.0,-37.125,174.925,16.69079064710604,16.546790647106043
10734,10518,29.0,-37.125,174.975,16.404036799307505,16.230036799307506
10735,10519,228.0,-37.125,175.025,16.295437718341418,14.927437718341418
10736,10473,18.0,-37.225,175.075,16.53954012968461,16.43154012968461
10737,10474,19.0,-37.225,175.125,16.626909928614623,16.512909928614622
10738,10475,21.0,-37.225,175.175,16.78615549952883,16.66015549952883
10739,10476,71.0,-37.225,175.225,16.996586050816404,16.570586050816406
10740,10499,194.0,-37.175,175.075,16.429278229839838,15.265278229839838
10741,10500,157.0,-37.175,175.125,16.547845958593825,15.605845958593825
10742,10501,132.0,-37.175,175.175,16.739708884699212,15.947708884699212
10743,10502,107.0,-37.175,175.225,16.978691957334377,16.336691957334377
10744,10520,185.0,-37.125,175.075,16.34779962898756,15.23779962898756
10745,10521,115.0,-37.125,175.125,16.508940570562118,15.818940570562118
10746,10522,201.0,-37.125,175.175,16.73814251096701,15.53214251096701
10747,10523,174.0,-37.125,175.225,17.006779142342566,15.962779142342566
10748,10477,119.0,-37.225,175.275,17.23908541984565,16.525085419845652
10749,10478,88.0,-37.225,175.325,17.496661643010157,16.968661643010158
10750,10479,3.0,-37.225,175.375,17.754216197372443,17.736216197372443
10751,10503,22.0,-37.175,175.275,17.243473836919293,17.11147383691929
10752,10524,17.0,-37.125,175.275,17.29342699007975,17.19142699007975
10753,10480,3.0,-37.225,175.425,17.998258234681998,17.980258234681997
10754,10481,2.0,-37.225,175.475,18.216731199969217,18.204731199969217
10755,10482,3.0,-37.225,175.525,18.39890767736506,18.38090767736506
10756,10483,8.0,-37.225,175.575,18.536678447417216,18.488678447417218
10757,10504,4.0,-37.175,175.525,18.42660655475993,18.402606554759927
10758,10505,59.0,-37.175,175.575,18.557426779942034,18.203426779942035
10759,10525,365.0,-37.125,175.575,18.611376227188885,16.421376227188883
10760,10484,17.0,-37.225,175.625,18.63124458694074,18.529244586940738
10761,10485,202.0,-37.225,175.675,18.69292343842244,17.48092343842244
10762,10486,338.0,-37.225,175.725,18.731535734288627,16.70353573428863
10763,10487,242.0,-37.225,175.775,18.752257632198962,17.300257632198964
10764,10506,335.0,-37.175,175.625,18.641873619410035,16.631873619410037
10765,10507,601.0,-37.175,175.675,18.694238015386873,15.088238015386873
10766,10508,304.0,-37.175,175.725,18.724054104068273,16.900054104068275
10767,10509,152.0,-37.175,175.775,18.73790791212741,17.825907912127413
10768,10526,45.0,-37.125,175.625,18.686928539638757,18.416928539638757
10769,10527,515.0,-37.125,175.675,18.729648558439294,15.639648558439294
10770,10528,265.0,-37.125,175.725,18.749990558402715,17.159990558402715
10771,10529,233.0,-37.125,175.775,18.755683406261596,17.357683406261597
10772,10488,55.0,-37.225,175.825,18.758358776896785,18.428358776896786
10773,10489,11.0,-37.225,175.875,18.75528339029006,18.68928339029006
10774,10510,121.0,-37.175,175.825,18.740754253614796,18.014754253614797
10775,10511,100.0,-37.175,175.875,18.73758376684782,18.13758376684782
10776,10530,175.0,-37.125,175.825,18.752548801783632,17.70254880178363
10777,10308,132.0,-36.975,174.475,18.432958930376117,17.640958930376115
10778,10310,356.0,-36.975,174.525,17.912184919388892,15.776184919388893
10779,10359,241.0,-36.925,174.475,18.591879182764387,17.145879182764386
10780,10360,311.0,-36.925,174.525,18.063952987073208,16.197952987073208
10781,10549,43.0,-37.025,174.525,17.993222631379467,17.735222631379468
10782,10312,212.0,-36.975,174.575,17.269934304127673,15.997934304127673
10783,10361,233.0,-36.925,174.575,17.262050169760187,15.864050169760187
10784,10362,63.0,-36.925,174.625,16.40602333165407,16.02802333165407
10785,10363,60.0,-36.925,174.675,16.577712177246212,16.217712177246213
10786,10531,143.0,-37.075,174.575,17.78755350764186,16.92955350764186
10787,10532,93.0,-37.075,174.625,17.51236985930518,16.95436985930518
10788,10314,19.0,-36.975,174.775,16.785313080874403,16.671313080874402
10789,10321,19.0,-36.975,174.825,16.977236811308103,16.863236811308102
10790,10322,19.0,-36.975,174.875,17.048669551229978,16.934669551229977
10791,10364,45.0,-36.925,174.725,17.342666410948368,17.07266641094837
10792,10365,6.0,-36.925,174.825,16.949984723914895,16.913984723914893
10793,10366,1.0,-36.925,174.875,17.027322040314175,17.021322040314175
10794,10550,21.0,-37.025,174.875,17.124146787507925,16.998146787507924
10795,10323,40.0,-36.975,174.925,16.790861924042474,16.550861924042476
10796,10324,109.0,-36.975,174.975,16.552088590560743,15.898088590560743
10797,10325,120.0,-36.975,175.025,16.523421017544024,15.803421017544023
10798,10367,40.0,-36.925,174.925,16.956875050684175,16.716875050684177
10799,10368,27.0,-36.925,174.975,16.855663461805307,16.693663461805308
10800,10369,86.0,-36.925,175.025,16.856166073759596,16.340166073759598
10801,10533,19.0,-37.075,174.925,16.638045156629232,16.52404515662923
10802,10534,38.0,-37.075,174.975,16.29397473287827,16.065974732878267
10803,10535,210.0,-37.075,175.025,16.224224111163494,14.964224111163494
10804,10551,20.0,-37.025,174.925,16.66588415332808,16.54588415332808
10805,10552,40.0,-37.025,174.975,16.30185014415474,16.061850144154743
10806,10553,26.0,-37.025,175.025,16.2853949319433,16.129394931943303
10807,10024,29.0,-37.025,175.075,16.429646479115036,16.255646479115036
10808,10027,336.0,-37.025,175.125,16.660474268432154,14.644474268432154
10809,10034,369.0,-37.025,175.175,16.94119381068049,14.727193810680488
10810,10044,518.0,-37.025,175.225,17.247306649054735,14.139306649054735
10811,10329,27.0,-36.975,175.075,16.656701402262115,16.494701402262116
10812,10342,101.0,-36.975,175.125,16.88280314552685,16.27680314552685
10813,10350,137.0,-36.975,175.175,17.161350186572236,16.339350186572236
10814,10351,47.0,-36.975,175.225,17.466191726249235,17.184191726249235
10815,10536,121.0,-37.075,175.075,16.332103084176197,15.606103084176198
10816,10537,345.0,-37.075,175.125,16.53785628896003,14.467856288960029
10817,10538,232.0,-37.075,175.175,16.800528165145806,15.408528165145807
10818,10539,402.0,-37.075,175.225,17.093696227701002,14.681696227701003
10819,10153,114.0,-37.025,175.275,17.559825363827258,16.875825363827257
10820,10540,77.0,-37.075,175.275,17.397509087115395,16.935509087115395
10821,10164,49.0,-37.025,175.525,18.72335673701673,18.42935673701673
10822,10168,578.0,-37.025,175.575,18.815446907927253,15.347446907927253
10823,10352,154.0,-36.975,175.525,18.895950921307303,17.971950921307304
10824,10353,491.0,-36.975,175.575,18.96527559460992,16.01927559460992
10825,10370,176.0,-36.925,175.475,18.99584405744463,17.939844057444628
10826,10371,122.0,-36.925,175.525,19.09990242537424,18.36790242537424
10827,10372,396.0,-36.925,175.575,19.140999373817976,16.764999373817975
10828,10541,122.0,-37.075,175.525,18.58722227567705,17.85522227567705
10829,10542,536.0,-37.075,175.575,18.69660454791301,15.48060454791301
10830,10177,311.0,-37.025,175.625,18.86304051616753,16.99704051616753
10831,10182,574.0,-37.025,175.675,18.878275407434558,15.434275407434559
10832,10189,488.0,-37.025,175.725,18.873448865737373,15.945448865737372
10833,10196,218.0,-37.025,175.775,18.857798171331524,17.549798171331524
10834,10354,399.0,-36.975,175.625,18.988890626786088,16.59489062678609
10835,10355,339.0,-36.975,175.675,18.98225242524495,16.948252425244952
10836,10356,275.0,-36.975,175.725,18.959877823132047,17.309877823132048
10837,10357,172.0,-36.975,175.775,18.930868338782602,17.898868338782602
10838,10373,252.0,-36.925,175.625,19.13331765480507,17.62131765480507
10839,10374,100.0,-36.925,175.675,19.0986033095287,18.498603309528697
10840,10375,49.0,-36.925,175.725,19.05588249696484,18.76188249696484
10841,10376,58.0,-36.925,175.775,19.01264050548525,18.664640505485252
10842,10543,254.0,-37.075,175.625,18.761241654574405,17.237241654574404
10843,10544,284.0,-37.075,175.675,18.792501998585067,17.088501998585066
10844,10545,150.0,-37.075,175.725,18.80173292877589,17.901732928775893
10845,10546,19.0,-37.075,175.775,18.797697125119157,18.683697125119156
10846,10298,18.0,-37.025,175.825,18.837268467417744,18.729268467417743
10847,10358,133.0,-36.975,175.825,18.899747842731813,18.10174784273181
10848,10377,146.0,-36.925,175.825,18.970223301150327,18.094223301150326
10849,10547,146.0,-37.075,175.825,18.786634038582633,17.910634038582632
10850,10548,70.0,-37.075,175.875,18.77309166453597,18.353091664535967
10851,10378,102.0,-36.875,174.475,18.860478859272916,18.248478859272918
10852,10379,116.0,-36.875,174.525,18.50187004653526,17.805870046535258
10853,10394,80.0,-36.825,174.475,19.075967957374814,18.595967957374814
10854,10395,101.0,-36.825,174.525,18.907874434487894,18.301874434487893
10855,10406,95.0,-36.775,174.425,19.15664008339263,18.58664008339263
10856,10407,62.0,-36.775,174.475,19.088253162855835,18.716253162855836
10857,10408,31.0,-36.775,174.525,18.954241995637858,18.768241995637858
10858,10423,21.0,-36.725,174.375,19.03063908967306,18.904639089673058
10859,10424,41.0,-36.725,174.425,18.988365083698227,18.74236508369823
10860,10425,160.0,-36.725,174.475,18.899894166843296,17.939894166843295
10861,10426,87.0,-36.725,174.525,18.728566285288252,18.206566285288254
10862,10032,153.0,-36.725,174.575,18.413179893712368,17.49517989371237
10863,10041,34.0,-36.725,174.625,17.92588350328151,17.72188350328151
10864,10050,70.0,-36.725,174.675,17.41211637768356,16.99211637768356
10865,10380,96.0,-36.875,174.575,17.882976509225045,17.306976509225045
10866,10381,21.0,-36.875,174.625,16.470197286162147,16.344197286162146
10867,10396,79.0,-36.825,174.575,18.63097791715336,18.15697791715336
10868,10397,20.0,-36.825,174.625,17.89437191617617,17.774371916176168
10869,10409,40.0,-36.775,174.575,18.66408702764602,18.42408702764602
10870,10410,,-36.775,174.625,18.06502111876398,
10871,10411,30.0,-36.775,174.675,17.397738531293726,17.217738531293726
10872,10152,84.0,-36.725,174.725,17.141240951797954,16.637240951797953
10873,10382,23.0,-36.875,174.725,18.003984959967056,17.865984959967054
10874,10383,66.0,-36.875,174.775,18.080329816122685,17.684329816122684
10875,10384,38.0,-36.875,174.825,17.52956950726002,17.30156950726002
10876,10385,20.0,-36.875,174.875,17.3075084885495,17.1875084885495
10877,10412,56.0,-36.775,174.725,17.109394124956452,16.773394124956454
10878,10413,5.0,-36.775,174.775,17.350480295408488,17.320480295408487
10879,10414,38.0,-36.775,174.875,17.689012281101895,17.461012281101894
10880,10415,70.0,-36.775,174.925,17.766726528043364,17.346726528043362
10881,10386,22.0,-36.875,175.175,17.77046062129193,17.63846062129193
10882,10398,25.0,-36.825,175.075,17.71267367925975,17.562673679259753
10883,10399,42.0,-36.825,175.125,17.888149025100574,17.636149025100575
10884,10416,41.0,-36.775,175.125,18.235152528010076,17.989152528010077
10885,10417,56.0,-36.775,175.175,18.430823347362093,18.094823347362095
10886,10159,95.0,-36.725,175.475,19.886233789447942,19.316233789447942
10887,10173,392.0,-36.725,175.525,19.91975164516407,17.56775164516407
10888,10187,200.0,-36.725,175.575,19.84106864776186,18.64106864776186
10889,10387,81.0,-36.875,175.425,19.087167647940078,18.601167647940077
10890,10388,85.0,-36.875,175.475,19.244520839765755,18.734520839765754
10891,10389,190.0,-36.875,175.525,19.32670023177343,18.18670023177343
10892,10390,459.0,-36.875,175.575,19.335390411701155,16.581390411701154
10893,10400,136.0,-36.825,175.475,19.499565264351986,18.683565264351987
10894,10401,244.0,-36.825,175.525,19.56189354477283,18.09789354477283
10895,10402,311.0,-36.825,175.575,19.536620924247472,17.670620924247473
10896,10418,215.0,-36.775,175.525,19.778584959009095,18.488584959009096
10897,10419,207.0,-36.775,175.575,19.719317188762943,18.477317188762942
10898,10188,82.0,-36.725,175.775,19.350193167596444,18.858193167596443
10899,10391,54.0,-36.875,175.625,19.28993274638742,18.96593274638742
10900,10392,40.0,-36.875,175.725,19.157565314892054,18.917565314892055
10901,10393,37.0,-36.875,175.775,19.10010525655707,18.87810525655707
10902,10403,341.0,-36.825,175.625,19.45331753037135,17.40731753037135
10903,10404,12.0,-36.825,175.675,19.349468485688703,19.277468485688704
10904,10405,80.0,-36.825,175.775,19.190952686936726,18.710952686936725
10905,10420,106.0,-36.775,175.625,19.60807720059529,18.97207720059529
10906,10421,107.0,-36.775,175.675,19.48455174665105,18.84255174665105
10907,10422,60.0,-36.775,175.725,19.374185527207374,19.014185527207374
10908,10191,13.0,-36.675,174.325,18.828846475491446,18.750846475491446
10909,10431,160.0,-36.625,174.325,18.576619934039627,17.616619934039626
10910,10572,81.0,-36.575,174.275,18.37104274293779,17.885042742937788
10911,10578,37.0,-36.575,174.325,18.31534135124457,18.093341351244568
10912,10200,52.0,-36.675,174.375,18.792547920886136,18.480547920886135
10913,10307,8.0,-36.675,174.425,18.72001462884873,18.672014628848732
10914,10319,70.0,-36.675,174.475,18.594792658783263,18.17479265878326
10915,10331,63.0,-36.675,174.525,18.393143122761103,18.015143122761103
10916,10432,39.0,-36.625,174.475,18.24994040139063,18.01594040139063
10917,10433,39.0,-36.625,174.525,18.036867216815153,17.80286721681515
10918,10584,19.0,-36.575,174.375,18.22477851374424,18.11077851374424
10919,10585,39.0,-36.575,174.475,17.918220973608186,17.684220973608184
10920,10586,88.0,-36.575,174.525,17.70519585103466,17.17719585103466
10921,10338,93.0,-36.675,174.575,18.095474746060063,17.537474746060063
10922,10346,50.0,-36.675,174.625,17.72533666536765,17.42533666536765
10923,10427,68.0,-36.675,174.675,17.391226277908572,16.98322627790857
10924,10435,59.0,-36.625,174.575,17.775916113545463,17.421916113545464
10925,10437,60.0,-36.625,174.625,17.51109544618521,17.15109544618521
10926,10441,33.0,-36.625,174.675,17.32675786278014,17.12875786278014
10927,10587,113.0,-36.575,174.575,17.479509220016553,16.801509220016552
10928,10588,58.0,-36.575,174.625,17.294422927789128,16.94642292778913
10929,10589,56.0,-36.575,174.675,17.22306907897837,16.88706907897837
10930,10428,,-36.675,174.725,17.248742789801327,
10931,10452,44.0,-36.625,174.725,17.31291734955994,17.04891734955994
10932,10429,152.0,-36.675,175.475,19.92180516551707,19.009805165517072
10933,10430,245.0,-36.675,175.525,19.94197203526528,18.47197203526528
10934,10459,14.0,-36.625,175.475,19.884917724431943,19.800917724431944
10935,10466,295.0,-36.625,175.525,19.8942641574522,18.1242641574522
10936,10564,187.0,-36.625,175.575,19.842321330173945,18.720321330173945
10937,10590,140.0,-36.575,175.425,19.757742705436613,18.917742705436613
10938,10591,79.0,-36.575,175.475,19.80130037809431,19.32730037809431
10939,10567,102.0,-36.625,175.825,19.30114824316479,18.68914824316479
10940,10618,10.0,-36.375,174.075,17.682796586790573,17.622796586790574
10941,10619,101.0,-36.375,174.125,17.70083279166647,17.09483279166647
10942,10592,64.0,-36.525,174.225,18.183127785363467,17.799127785363467
10943,10593,44.0,-36.525,174.275,18.14208385240272,17.87808385240272
10944,10602,16.0,-36.475,174.175,18.009720631305754,17.913720631305754
10945,10603,120.0,-36.475,174.225,17.987487733744274,17.267487733744275
10946,10620,10.0,-36.375,174.275,17.65722813568391,17.59722813568391
10947,10621,28.0,-36.375,174.325,17.60235370173723,17.43435370173723
10948,10594,,-36.525,174.425,17.819021609961055,
10949,10595,153.0,-36.525,174.475,17.637368734820484,16.719368734820485
10950,10596,54.0,-36.525,174.525,17.431242549695526,17.107242549695524
10951,10604,13.0,-36.475,174.425,17.609393592301785,17.531393592301786
10952,10605,257.0,-36.475,174.475,17.436702362170763,15.894702362170763
10953,10606,100.0,-36.475,174.525,17.24833201061847,16.648332010618468
10954,10611,59.0,-36.425,174.475,17.33533111435645,16.98133111435645
10955,10612,190.0,-36.425,174.525,17.184786852378238,16.044786852378238
10956,10622,59.0,-36.375,174.375,17.52693971517874,17.172939715178742
10957,10623,49.0,-36.375,174.475,17.33545378474446,17.04145378474446
10958,10624,98.0,-36.375,174.525,17.244879209902138,16.656879209902137
10959,10597,75.0,-36.525,174.575,17.231622006909674,16.781622006909675
10960,10598,119.0,-36.525,174.625,17.096736741590576,16.382736741590577
10961,10599,30.0,-36.525,174.675,17.105377918927843,16.925377918927843
10962,10607,64.0,-36.475,174.575,17.072956108237122,16.68895610823712
10963,10608,140.0,-36.475,174.625,16.96456107816448,16.12456107816448
10964,10609,67.0,-36.475,174.675,17.023320627333305,16.621320627333304
10965,10613,98.0,-36.425,174.575,17.05451534196436,16.46651534196436
10966,10614,97.0,-36.425,174.625,16.989073774702774,16.407073774702774
10967,10615,72.0,-36.425,174.675,17.087961397963227,16.655961397963228
10968,10625,160.0,-36.375,174.575,17.191003836413074,16.231003836413073
10969,10626,142.0,-36.375,174.625,17.22026405327597,16.36826405327597
10970,10627,47.0,-36.375,174.675,17.404966960762977,17.122966960762977
10971,10616,22.0,-36.425,174.725,17.456496890948983,17.324496890948982
10972,10617,50.0,-36.425,174.875,18.74551867811715,18.44551867811715
10973,10628,36.0,-36.375,174.775,18.216483088664972,18.00048308866497
10974,10629,45.0,-36.375,174.825,18.632746471223072,18.362746471223073
10975,10600,798.0,-36.525,175.375,19.61682808487967,14.828828084879671
10976,10610,183.0,-36.475,175.375,19.515368365799077,18.417368365799078
10977,10601,247.0,-36.525,175.425,19.660753296964685,18.178753296964686
10978,11005,8.0,-36.225,173.975,17.252798603847623,17.204798603847625
10979,10630,8.0,-36.325,174.025,17.520666162232374,17.472666162232375
10980,10631,73.0,-36.325,174.075,17.556109050186933,17.118109050186934
10981,10632,43.0,-36.325,174.125,17.582632265679422,17.324632265679423
10982,10643,89.0,-36.275,174.025,17.40664107648263,16.87264107648263
10983,10644,89.0,-36.275,174.075,17.4522145035844,16.9182145035844
10984,10645,60.0,-36.275,174.125,17.491390977145784,17.131390977145784
10985,11006,86.0,-36.225,174.025,17.312846498636645,16.796846498636647
10986,11007,57.0,-36.225,174.075,17.37169302885013,17.029693028850133
10987,10633,3.0,-36.325,174.275,17.583617400998264,17.565617400998264
10988,10646,55.0,-36.275,174.325,17.55339966558313,17.22339966558313
10989,11008,80.0,-36.225,174.225,17.519780080627243,17.039780080627242
10990,11009,95.0,-36.225,174.275,17.557280449145765,16.987280449145764
10991,10634,55.0,-36.325,174.375,17.51199877625004,17.18199877625004
10992,10635,58.0,-36.325,174.425,17.463799444400138,17.11579944440014
10993,10636,40.0,-36.325,174.475,17.420668560069316,17.180668560069318
10994,10637,56.0,-36.325,174.525,17.4009193577549,17.064919357754903
10995,10647,10.0,-36.275,174.375,17.54992549707822,17.48992549707822
10996,10648,20.0,-36.275,174.475,17.563954030290915,17.443954030290914
10997,10649,40.0,-36.275,174.525,17.611272348291095,17.371272348291097
10998,11010,64.0,-36.225,174.375,17.627143933383195,17.243143933383195
10999,11011,38.0,-36.225,174.425,17.672300532387453,17.44430053238745
11000,11012,,-36.225,174.475,17.738313291552913,
11001,11013,40.0,-36.225,174.525,17.840045611901587,17.60004561190159
11002,10638,63.0,-36.325,174.575,17.432304592202854,17.054304592202854
11003,10639,182.0,-36.325,174.625,17.552982647455792,16.460982647455793
11004,10640,182.0,-36.325,174.675,17.80043627565101,16.70843627565101
11005,10650,41.0,-36.275,174.575,17.714696812934562,17.468696812934564
11006,10651,187.0,-36.275,174.625,17.900036648938112,16.778036648938112
11007,11001,96.0,-36.275,174.675,18.184318205348973,17.608318205348972
11008,11014,107.0,-36.225,174.575,17.994434799576993,17.352434799576994
11009,11016,80.0,-36.225,174.625,18.21625090542875,17.73625090542875
11010,11017,139.0,-36.225,174.675,18.509645131842262,17.675645131842263
11011,10641,28.0,-36.325,174.725,18.171916425049858,18.00391642504986
11012,11002,91.0,-36.275,174.725,18.556240632799017,18.010240632799018
11013,11003,284.0,-36.275,174.775,18.96086167190151,17.25686167190151
11014,11018,67.0,-36.225,175.075,19.608594542194624,19.206594542194622
11015,11020,61.0,-36.225,175.375,18.79525477774223,18.42925477774223
11016,10642,191.0,-36.325,175.525,19.038615775240032,17.89261577524003
11017,11004,38.0,-36.275,175.475,18.88304032827,18.655040328269997
11018,11022,112.0,-36.225,175.425,18.75569973540769,18.083699735407688
11019,11023,33.0,-36.225,175.475,18.751844283669925,18.553844283669925
11020,11024,40.0,-36.175,173.975,17.166409979483433,16.926409979483434
11021,11038,68.0,-36.125,173.925,17.01689207401796,16.60889207401796
11022,11039,20.0,-36.125,173.975,17.098858187397127,16.978858187397126
11023,11052,81.0,-36.075,173.875,16.870624259892793,16.384624259892792
11024,11053,20.0,-36.075,173.925,16.95439541086671,16.83439541086671
11025,11054,16.0,-36.075,173.975,17.050786446525308,16.954786446525308
11026,11068,82.0,-36.025,173.825,16.73739922407185,16.24539922407185
11027,11069,20.0,-36.025,173.875,16.81409629866539,16.69409629866539
11028,11070,20.0,-36.025,173.925,16.911152330936602,16.7911523309366
11029,11071,117.0,-36.025,173.975,17.023135607691074,16.321135607691076
11030,11025,18.0,-36.175,174.025,17.239722495432943,17.131722495432943
11031,11040,2.0,-36.125,174.025,17.187361778305785,17.175361778305785
11032,11041,9.0,-36.125,174.075,17.279357591989537,17.22535759198954
11033,11042,60.0,-36.125,174.125,17.372481622231135,17.012481622231135
11034,11055,19.0,-36.075,174.025,17.15581340481731,17.041813404817308
11035,11056,96.0,-36.075,174.075,17.26611939754366,16.69011939754366
11036,11057,89.0,-36.075,174.125,17.37922715043169,16.84522715043169
11037,11072,36.0,-36.025,174.025,17.14529492508882,16.92929492508882
11038,11073,31.0,-36.025,174.075,17.273968414283445,17.087968414283445
11039,11074,41.0,-36.025,174.125,17.406509266049397,17.1605092660494
11040,11026,124.0,-36.175,174.175,17.458626022471435,16.714626022471435
11041,11027,39.0,-36.175,174.325,17.65856618855105,17.424566188551047
11042,11043,28.0,-36.125,174.175,17.465304649715108,17.29730464971511
11043,11044,29.0,-36.125,174.225,17.55755347568993,17.38355347568993
11044,11045,20.0,-36.125,174.275,17.650329071049782,17.53032907104978
11045,11046,43.0,-36.125,174.325,17.746306735552935,17.488306735552936
11046,11058,81.0,-36.075,174.175,17.49367130374594,17.00767130374594
11047,11059,107.0,-36.075,174.225,17.60912136271145,16.96712136271145
11048,11060,80.0,-36.075,174.275,17.72649534835,17.24649534835
11049,11061,59.0,-36.075,174.325,17.84803129611464,17.494031296114642
11050,11075,79.0,-36.025,174.175,17.541294910304714,17.067294910304714
11051,11076,51.0,-36.025,174.225,17.67777235383619,17.37177235383619
11052,11077,40.0,-36.025,174.275,17.816486097315646,17.576486097315648
11053,11078,108.0,-36.025,174.325,17.959053109600063,17.311053109600063
11054,11028,32.0,-36.175,174.375,17.730645078558155,17.538645078558154
11055,11029,51.0,-36.175,174.425,17.815617137108347,17.509617137108346
11056,11030,70.0,-36.175,174.475,17.923024297342636,17.503024297342634
11057,11031,91.0,-36.175,174.525,18.06395510355651,17.51795510355651
11058,11047,83.0,-36.125,174.425,17.96701470960761,17.46901470960761
11059,11048,59.0,-36.125,174.475,18.10500051537747,17.75100051537747
11060,11049,69.0,-36.125,174.525,18.271219881309662,17.85721988130966
11061,11062,140.0,-36.075,174.375,17.977254157303832,17.137254157303833
11062,11063,245.0,-36.075,174.425,18.118734459450934,16.648734459450935
11063,11064,244.0,-36.075,174.475,18.277496787839482,16.813496787839483
11064,11065,124.0,-36.075,174.525,18.45793034653616,17.71393034653616
11065,11079,58.0,-36.025,174.375,18.10803620695151,17.76003620695151
11066,11080,20.0,-36.025,174.425,18.26662851495348,18.14662851495348
11067,11081,37.0,-36.025,174.475,18.438038163934834,18.216038163934833
11068,11032,100.0,-36.175,174.575,18.249051841728942,17.64905184172894
11069,11033,40.0,-36.175,174.625,18.48459058192384,18.24459058192384
11070,11050,11.0,-36.125,174.575,18.471251615257643,18.405251615257644
11071,11066,21.0,-36.075,174.575,18.66211973735699,18.536119737356987
11072,11034,96.0,-36.175,175.325,18.82379821736322,18.24779821736322
11073,11035,164.0,-36.175,175.375,18.704329191838042,17.720329191838044
11074,11051,79.0,-36.125,175.375,18.70432713045011,18.23032713045011
11075,11067,442.0,-36.075,175.375,18.757455573766492,16.10545557376649
11076,11036,432.0,-36.175,175.425,18.66696319032053,16.07496319032053
11077,11037,21.0,-36.175,175.475,18.663652034556435,18.537652034556434
11078,11369,,-35.825,173.625,16.54921278078473,
11079,11082,59.0,-35.975,173.775,16.632478999297746,16.278478999297747
11080,11097,55.0,-35.925,173.725,16.56644288278403,16.236442882784033
11081,11098,54.0,-35.925,173.775,16.604023423155013,16.28002342315501
11082,11112,57.0,-35.875,173.725,16.55475875139018,16.212758751390183
11083,11113,51.0,-35.875,173.775,16.59955771496243,16.29355771496243
11084,11370,44.0,-35.825,173.675,16.54163935111137,16.27763935111137
11085,11371,70.0,-35.825,173.725,16.562533822008845,16.142533822008843
11086,11372,20.0,-35.825,173.775,16.615133611765486,16.495133611765485
11087,11083,20.0,-35.975,173.825,16.6904817615723,16.5704817615723
11088,11084,19.0,-35.975,173.875,16.777937304803345,16.663937304803344
11089,11085,37.0,-35.975,173.925,16.889413960921956,16.667413960921955
11090,11086,56.0,-35.975,173.975,17.017216274121893,16.681216274121894
11091,11099,20.0,-35.925,173.825,16.669092736683524,16.549092736683523
11092,11100,20.0,-35.925,173.875,16.76726423602304,16.647264236023037
11093,11101,32.0,-35.925,173.925,16.891807579642773,16.699807579642773
11094,11102,70.0,-35.925,173.975,17.03421891317339,16.61421891317339
11095,11114,45.0,-35.875,173.825,16.675268721664906,16.405268721664907
11096,11115,21.0,-35.875,173.875,16.783202439870365,16.657202439870364
11097,11116,16.0,-35.875,173.925,16.91873064999527,16.82273064999527
11098,11117,82.0,-35.875,173.975,17.074265813407692,16.58226581340769
11099,11373,142.0,-35.825,173.825,16.701368992104108,15.849368992104107
11100,11374,61.0,-35.825,173.875,16.82049219817418,16.45449219817418
11101,11375,20.0,-35.825,173.925,16.967885544869205,16.847885544869204
11102,11376,312.0,-35.825,173.975,17.13637958972322,15.26437958972322
11103,11087,27.0,-35.975,174.025,17.156204049788357,16.994204049788358
11104,11088,53.0,-35.975,174.075,17.302474772954156,16.984474772954155
11105,11089,35.0,-35.975,174.125,17.45312753842154,17.24312753842154
11106,11103,82.0,-35.925,174.025,17.18885504994978,16.69685504994978
11107,11104,80.0,-35.925,174.075,17.35128693864681,16.871286938646808
11108,11105,80.0,-35.925,174.125,17.51814645532795,17.03814645532795
11109,11118,20.0,-35.875,174.025,17.243141924762313,17.12314192476231
11110,11119,98.0,-35.875,174.075,17.420010731493676,16.832010731493675
11111,11120,178.0,-35.875,174.125,17.60082297039844,16.53282297039844
11112,11377,16.0,-35.825,174.025,17.318603380153945,17.222603380153945
11113,11378,119.0,-35.825,174.075,17.508266456465208,16.79426645646521
11114,11379,40.0,-35.825,174.125,17.700608163751895,17.460608163751896
11115,11090,57.0,-35.975,174.175,17.606263368779764,17.264263368779766
11116,11091,56.0,-35.975,174.225,17.76098937962888,17.424989379628883
11117,11092,57.0,-35.975,174.275,17.917373076750664,17.575373076750665
11118,11093,141.0,-35.975,174.325,18.07634238274113,17.23034238274113
11119,11106,104.0,-35.925,174.175,17.6871296829122,17.0631296829122
11120,11107,158.0,-35.925,174.225,17.856944475799537,16.908944475799537
11121,11108,101.0,-35.925,174.275,18.02716964105275,17.42116964105275
11122,11109,202.0,-35.925,174.325,18.1980635667569,16.9860635667569
11123,11121,298.0,-35.875,174.175,17.782797704574477,15.994797704574477
11124,11122,60.0,-35.875,174.225,17.96428026945796,17.60428026945796
11125,11123,100.0,-35.875,174.275,18.14446955553285,17.54446955553285
11126,11124,95.0,-35.875,174.325,18.323064877378783,17.753064877378783
11127,11380,126.0,-35.825,174.175,17.892433934368455,17.136433934368455
11128,11381,109.0,-35.825,174.225,18.08188864908152,17.42788864908152
11129,11382,121.0,-35.825,174.275,18.268046422756015,17.542046422756016
11130,11383,57.0,-35.825,174.325,18.45034023206972,18.10834023206972
11131,11094,46.0,-35.975,174.375,18.239525731027243,17.963525731027243
11132,11095,19.0,-35.975,174.425,18.408962756515393,18.294962756515392
11133,11096,,-35.975,174.475,18.586553731482127,
11134,11110,141.0,-35.925,174.375,18.370406303809432,17.52440630380943
11135,11111,85.0,-35.925,174.425,18.545356035785517,18.035356035785515
11136,11125,42.0,-35.875,174.375,18.500056935481553,18.248056935481554
11137,11126,20.0,-35.875,174.425,18.67595467447245,18.55595467447245
11138,11384,8.0,-35.825,174.525,19.136546963745786,19.088546963745788
11139,11385,42.0,-35.775,173.625,16.570784047486086,16.318784047486087
11140,11401,370.0,-35.725,173.575,16.64931328520106,14.42931328520106
11141,11402,147.0,-35.725,173.625,16.611142130208464,15.729142130208464
11142,11420,76.0,-35.675,173.525,16.781189495111903,16.325189495111903
11143,11421,215.0,-35.675,173.575,16.714204253657954,15.424204253657955
11144,11422,398.0,-35.675,173.625,16.671467599397147,14.283467599397147
11145,11386,191.0,-35.775,173.675,16.563305983869213,15.417305983869213
11146,11387,70.0,-35.775,173.725,16.58777470257337,16.167774702573368
11147,11388,280.0,-35.775,173.775,16.647755791214877,14.967755791214877
11148,11403,167.0,-35.725,173.675,16.60257775221544,15.600577752215438
11149,11404,599.0,-35.725,173.725,16.62944704824622,13.03544704824622
11150,11405,480.0,-35.725,173.775,16.696116531169537,13.816116531169538
11151,11423,469.0,-35.675,173.675,16.66020038113129,13.84620038113129
11152,11424,516.0,-35.675,173.725,16.687784632602416,13.591784632602415
11153,11425,362.0,-35.675,173.775,16.76021223544376,14.58821223544376
11154,11389,156.0,-35.775,173.825,16.74458596018303,15.80858596018303
11155,11390,101.0,-35.775,173.875,16.8762938292748,16.2702938292748
11156,11391,305.0,-35.775,173.925,17.037315686833608,15.207315686833608
11157,11392,100.0,-35.775,173.975,17.21968010463388,16.61968010463388
11158,11406,331.0,-35.725,173.825,16.803921381389955,14.817921381389954
11159,11407,168.0,-35.725,173.875,16.949883057513944,15.941883057513945
11160,11408,61.0,-35.725,173.925,17.126703620368062,16.760703620368062
11161,11409,69.0,-35.725,173.975,17.32441342002494,16.910413420024938
11162,11426,101.0,-35.675,173.825,16.879630708368495,16.273630708368493
11163,11427,51.0,-35.675,173.875,17.04210252554185,16.73610252554185
11164,11428,364.0,-35.675,173.925,17.237527263463562,15.053527263463561
11165,11429,140.0,-35.675,173.975,17.452434270573576,16.612434270573576
11166,11393,72.0,-35.775,174.025,17.414981154888665,16.982981154888666
11167,11394,56.0,-35.775,174.075,17.615957327179785,17.279957327179787
11168,11395,100.0,-35.775,174.125,17.817247241058794,17.217247241058793
11169,11410,55.0,-35.725,174.025,17.532834262128745,17.202834262128746
11170,11411,61.0,-35.725,174.075,17.74357048575257,17.37757048575257
11171,11412,69.0,-35.725,174.125,17.950878722382186,17.536878722382184
11172,11430,96.0,-35.675,174.025,17.673904965071415,17.097904965071415
11173,11431,99.0,-35.675,174.075,17.89229593273194,17.29829593273194
11174,11432,100.0,-35.675,174.125,18.10195201353781,17.50195201353781
11175,11396,150.0,-35.775,174.175,18.015456383658602,17.115456383658604
11176,11397,74.0,-35.775,174.225,18.20879926284033,17.76479926284033
11177,11398,25.0,-35.775,174.275,18.396537574517424,18.246537574517426
11178,11413,147.0,-35.725,174.175,18.151550565929938,17.269550565929936
11179,11414,218.0,-35.725,174.225,18.34425721210573,17.03625721210573
11180,11415,343.0,-35.725,174.275,18.528729881778418,16.470729881778418
11181,11416,20.0,-35.725,174.325,18.70492196779378,18.58492196779378
11182,11433,173.0,-35.675,174.175,18.300506440515164,17.262506440515164
11183,11434,160.0,-35.675,174.225,18.487668700116046,17.527668700116045
11184,11435,180.0,-35.675,174.275,18.66407534280006,17.584075342800062
11185,11436,80.0,-35.675,174.325,18.830429441852175,18.350429441852175
11186,11399,63.0,-35.775,174.425,18.919227975588,18.541227975588
11187,11400,127.0,-35.775,174.525,19.23568879490267,18.47368879490267
11188,11417,35.0,-35.725,174.375,18.87218508335718,18.66218508335718
11189,11418,214.0,-35.725,174.425,19.03042692525196,17.74642692525196
11190,11419,45.0,-35.725,174.475,19.18127695181829,18.91127695181829
11191,11437,99.0,-35.675,174.375,18.987136300143902,18.3931363001439
11192,11438,93.0,-35.675,174.425,19.134759106480487,18.576759106480488
11193,11439,99.0,-35.675,174.475,19.274224609798694,18.680224609798692
11194,11138,22.0,-35.475,173.325,17.720023437941563,17.588023437941562
11195,11139,3.0,-35.475,173.375,17.61049624822408,17.59249624822408
11196,11140,47.0,-35.475,173.425,17.5024716803091,17.2204716803091
11197,11462,19.0,-35.575,173.425,17.190099241299322,17.07609924129932
11198,11484,228.0,-35.525,173.425,17.336332366667193,15.968332366667193
11199,11141,93.0,-35.475,173.475,17.400295351857494,16.842295351857494
11200,11142,51.0,-35.475,173.525,17.30885255166504,17.00285255166504
11201,11143,116.0,-35.475,173.575,17.233491188155313,16.53749118815531
11202,11144,60.0,-35.475,173.625,17.18013011318544,16.820130113185442
11203,11440,152.0,-35.625,173.475,16.964263576952362,16.052263576952363
11204,11441,301.0,-35.625,173.525,16.874631492555636,15.068631492555637
11205,11442,354.0,-35.625,173.575,16.802317042678624,14.678317042678623
11206,11443,558.0,-35.625,173.625,16.754180989330052,13.406180989330053
11207,11463,314.0,-35.575,173.475,17.086188714831223,15.202188714831223
11208,11464,167.0,-35.575,173.525,16.993139870275627,15.991139870275626
11209,11465,289.0,-35.575,173.575,16.91651283668034,15.18251283668034
11210,11466,539.0,-35.575,173.625,16.86317398740357,13.62917398740357
11211,11485,354.0,-35.525,173.475,17.231986017344752,15.107986017344752
11212,11486,616.0,-35.525,173.525,17.138008952038945,13.442008952038945
11213,11487,319.0,-35.525,173.575,17.059740156713815,15.145740156713815
11214,11488,628.0,-35.525,173.625,17.00357196881305,13.235571968813048
11215,11145,20.0,-35.475,173.675,17.15582903245013,17.035829032450128
11216,11146,60.0,-35.475,173.725,17.170709054971667,16.810709054971667
11217,11147,65.0,-35.475,173.775,17.243922977140755,16.853922977140755
11218,11444,516.0,-35.625,173.675,16.73848675231784,13.64248675231784
11219,11445,207.0,-35.625,173.725,16.764617352251662,15.522617352251663
11220,11446,161.0,-35.625,173.775,16.8414173605197,15.8754173605197
11221,11467,571.0,-35.575,173.675,16.84192658597749,13.41592658597749
11222,11468,355.0,-35.575,173.725,16.864153575101227,14.734153575101228
11223,11469,192.0,-35.575,173.775,16.94308136568361,15.791081365683612
11224,11489,301.0,-35.525,173.675,16.977828464969207,15.171828464969208
11225,11490,107.0,-35.525,173.725,16.994606391963316,16.352606391963317
11226,11491,323.0,-35.525,173.775,17.07216740922013,15.134167409220128
11227,11015,125.0,-35.525,173.825,17.231133661203785,16.481133661203785
11228,11019,230.0,-35.525,173.875,17.47032973041496,16.09032973041496
11229,11127,155.0,-35.525,173.925,17.750399779444706,16.820399779444706
11230,11128,88.0,-35.525,173.975,18.025418684257602,17.497418684257603
11231,11148,97.0,-35.475,173.825,17.414650322141824,16.832650322141824
11232,11149,140.0,-35.475,173.875,17.699316455877124,16.859316455877124
11233,11150,131.0,-35.475,173.925,18.019509115569235,17.233509115569234
11234,11151,125.0,-35.475,173.975,18.30523143154278,17.55523143154278
11235,11447,63.0,-35.625,173.825,16.973298343717033,16.595298343717033
11236,11448,171.0,-35.625,173.875,17.15552183930413,16.12952183930413
11237,11449,333.0,-35.625,173.925,17.373369007123983,15.375369007123984
11238,11450,231.0,-35.625,173.975,17.607528600598016,16.221528600598017
11239,11470,99.0,-35.575,173.825,17.088320111426583,16.494320111426582
11240,11471,226.0,-35.575,173.875,17.29516651065569,15.93916651065569
11241,11472,141.0,-35.575,173.925,17.54070521490212,16.69470521490212
11242,11473,81.0,-35.575,173.975,17.795747041709546,17.309747041709546
11243,11129,175.0,-35.525,174.025,18.270053521322552,17.22005352132255
11244,11130,79.0,-35.525,174.075,18.478723102452932,18.00472310245293
11245,11131,128.0,-35.525,174.125,18.656146104789514,17.888146104789513
11246,11152,141.0,-35.475,174.025,18.535295152993058,17.689295152993058
11247,11153,81.0,-35.475,174.075,18.715846683884592,18.229846683884592
11248,11154,158.0,-35.475,174.125,18.861175335390726,17.913175335390726
11249,11451,40.0,-35.625,174.025,17.841202090152365,17.601202090152366
11250,11452,73.0,-35.625,174.075,18.063803311422816,17.625803311422818
11251,11453,122.0,-35.625,174.125,18.270786484441487,17.538786484441488
11252,11474,107.0,-35.575,174.025,18.038689620832884,17.396689620832884
11253,11475,243.0,-35.575,174.075,18.25947592810553,16.801475928105532
11254,11476,120.0,-35.575,174.125,18.456637105333357,17.736637105333358
11255,11132,136.0,-35.525,174.175,18.80994874706448,17.993948747064483
11256,11133,97.0,-35.525,174.225,18.94701212848304,18.365012128483038
11257,11134,126.0,-35.525,174.275,19.072346466899035,18.316346466899034
11258,11135,100.0,-35.525,174.325,19.189135438224184,18.589135438224183
11259,11155,203.0,-35.475,174.175,18.98415905443835,17.76615905443835
11260,11156,268.0,-35.475,174.225,19.093711838177114,17.485711838177114
11261,11157,246.0,-35.475,174.275,19.195182327752264,17.719182327752264
11262,11158,157.0,-35.475,174.325,19.291404115854675,18.349404115854675
11263,11454,120.0,-35.625,174.175,18.461668500818632,17.741668500818633
11264,11455,121.0,-35.625,174.225,18.637957093975274,17.911957093975275
11265,11456,126.0,-35.625,174.275,18.801675687191164,18.045675687191164
11266,11457,140.0,-35.625,174.325,18.954561148697394,18.114561148697394
11267,11477,122.0,-35.575,174.175,18.63300803624952,17.90100803624952
11268,11478,97.0,-35.575,174.225,18.79263403094228,18.21063403094228
11269,11479,152.0,-35.575,174.275,18.939165459680225,18.027165459680226
11270,11480,148.0,-35.575,174.325,19.07529113831697,18.18729113831697
11271,11136,120.0,-35.525,174.375,19.299157534325786,18.579157534325788
11272,11137,43.0,-35.525,174.425,19.403224941714143,19.145224941714144
11273,11159,242.0,-35.475,174.375,19.383608364769316,17.931608364769318
11274,11160,41.0,-35.475,174.425,19.472053528890683,19.226053528890684
11275,11458,253.0,-35.625,174.375,19.097846770328033,17.579846770328032
11276,11459,154.0,-35.625,174.425,19.23244172640989,18.30844172640989
11277,11460,56.0,-35.625,174.475,19.359024398214387,19.02302439821439
11278,11461,46.0,-35.625,174.525,19.4778164175259,19.2018164175259
11279,11481,203.0,-35.575,174.375,19.202746186398144,17.984746186398144
11280,11482,221.0,-35.575,174.425,19.322545942100987,17.996545942100987
11281,11483,75.0,-35.575,174.475,19.435170199049026,18.985170199049026
11282,11203,37.0,-35.325,173.175,18.52016368204204,18.298163682042038
11283,11204,16.0,-35.325,173.225,18.445764460579085,18.349764460579085
11284,11161,59.0,-35.425,173.275,17.99824405655818,17.64424405655818
11285,11162,205.0,-35.425,173.325,17.895017780712806,16.665017780712805
11286,11163,19.0,-35.425,173.375,17.789167388447822,17.67516738844782
11287,11182,359.0,-35.375,173.275,18.177521164463542,16.023521164463542
11288,11183,401.0,-35.375,173.325,18.0791983625204,15.673198362520402
11289,11184,30.0,-35.375,173.375,17.977720982467872,17.797720982467872
11290,11185,36.0,-35.375,173.425,17.878226613407605,17.662226613407604
11291,11205,54.0,-35.325,173.275,18.360882615146693,18.03688261514669
11292,11206,94.0,-35.325,173.325,18.26753023393394,17.70353023393394
11293,11207,82.0,-35.325,173.375,18.170184241895186,17.678184241895185
11294,11208,106.0,-35.325,173.425,18.07515996836446,17.43915996836446
11295,11164,61.0,-35.425,173.475,17.587399638847273,17.221399638847274
11296,11165,,-35.425,173.525,17.502159924730222,
11297,11166,19.0,-35.425,173.575,17.435253798172198,17.321253798172197
11298,11167,34.0,-35.425,173.625,17.39309498087823,17.18909498087823
11299,11186,45.0,-35.375,173.525,17.71031178289195,17.44031178289195
11300,11187,123.0,-35.375,173.575,17.656112008771743,16.918112008771743
11301,11188,188.0,-35.375,173.625,17.632509250699513,16.504509250699513
11302,11209,115.0,-35.325,173.475,17.98978997095037,17.299789970950368
11303,11210,,-35.325,173.525,17.922090242696868,
11304,11211,10.0,-35.325,173.625,17.87675933362334,17.81675933362334
11305,11168,118.0,-35.425,173.675,17.382635416353878,16.67463541635388
11306,11169,126.0,-35.425,173.725,17.412122770190763,16.656122770190763
11307,11170,157.0,-35.425,173.775,17.494666770777258,16.552666770777257
11308,11189,175.0,-35.375,173.675,17.649132810973242,16.59913281097324
11309,11190,128.0,-35.375,173.725,17.718119490655226,16.950119490655226
11310,11191,247.0,-35.375,173.775,17.8579061624514,16.3759061624514
11311,11212,146.0,-35.325,173.675,17.922434655771212,17.04643465577121
11312,11213,129.0,-35.325,173.725,18.035110127806547,17.261110127806546
11313,11214,248.0,-35.325,173.775,18.23736452594676,16.74936452594676
11314,11171,162.0,-35.425,173.825,17.67285053020896,16.70085053020896
11315,11172,217.0,-35.425,173.875,18.020463655193453,16.718463655193453
11316,11173,134.0,-35.425,173.925,18.367501303640893,17.563501303640894
11317,11174,58.0,-35.425,173.975,18.635988399513735,18.287988399513736
11318,11192,279.0,-35.375,173.825,18.10550413684905,16.43150413684905
11319,11193,192.0,-35.375,173.875,18.46323133698752,17.311231336987518
11320,11194,156.0,-35.375,173.925,18.7872816242525,17.8512816242525
11321,11195,121.0,-35.375,173.975,18.99151309955414,18.26551309955414
11322,11215,202.0,-35.325,173.825,18.547246532423742,17.335246532423742
11323,11216,203.0,-35.325,173.875,18.9222997128345,17.7042997128345
11324,11217,80.0,-35.325,173.925,19.201698409564415,18.721698409564414
11325,11218,73.0,-35.325,173.975,19.295716953238298,18.8577169532383
11326,11175,93.0,-35.425,174.025,18.823445670321235,18.265445670321235
11327,11176,39.0,-35.425,174.075,18.955382442945847,18.721382442945846
11328,11177,146.0,-35.425,174.125,19.0565615268315,18.1805615268315
11329,11196,86.0,-35.375,174.025,19.101735575353814,18.585735575353816
11330,11197,17.0,-35.375,174.075,19.167782516848092,19.065782516848092
11331,11198,21.0,-35.375,174.125,19.219531833859946,19.093531833859945
11332,11219,80.0,-35.325,174.025,19.30815178173725,18.82815178173725
11333,11220,24.0,-35.325,174.075,19.311048441242747,19.16704844124275
11334,11221,18.0,-35.325,174.125,19.32382825084278,19.21582825084278
11335,11178,168.0,-35.425,174.175,19.142868366685434,18.134868366685435
11336,11179,159.0,-35.425,174.225,19.222782661792735,18.268782661792734
11337,11180,302.0,-35.425,174.275,19.300248758696398,17.488248758696397
11338,11181,41.0,-35.425,174.325,19.37671244741432,19.13071244741432
11339,11199,31.0,-35.375,174.175,19.26979221750662,19.08379221750662
11340,11200,130.0,-35.375,174.225,19.322967175292433,18.542967175292432
11341,11201,182.0,-35.375,174.275,19.37987608288313,18.28787608288313
11342,11202,20.0,-35.375,174.325,19.439879189561907,19.319879189561906
11343,11222,56.0,-35.325,174.175,19.34888035156473,19.012880351564732
11344,11223,30.0,-35.325,174.225,19.3844345887519,19.2044345887519
11345,11224,87.0,-35.325,174.275,19.427988415856817,18.905988415856818
11346,11225,19.0,-35.325,174.325,19.47712938508994,19.363129385089938
11347,11263,93.0,-35.175,173.075,19.05146280111512,18.493462801115122
11348,11226,226.0,-35.275,173.175,18.686786311147443,17.330786311147442
11349,11227,89.0,-35.275,173.225,18.621374213129457,18.087374213129458
11350,11245,26.0,-35.225,173.125,18.889527568404446,18.733527568404448
11351,11246,272.0,-35.225,173.175,18.8458228218733,17.213822821873297
11352,11247,324.0,-35.225,173.225,18.790180365656852,16.846180365656853
11353,11264,19.0,-35.175,173.175,18.9903052138543,18.876305213854298
11354,11265,283.0,-35.175,173.225,18.944797157790163,17.246797157790162
11355,11282,20.0,-35.125,173.175,19.112426035491808,18.992426035491807
11356,11283,8.0,-35.125,173.225,19.073552112429752,19.025552112429754
11357,11021,74.0,-35.225,173.275,18.718769428669475,18.274769428669476
11358,11228,40.0,-35.275,173.275,18.543254840391455,18.303254840391457
11359,11229,79.0,-35.275,173.325,18.454144569397613,17.980144569397613
11360,11230,112.0,-35.275,173.375,18.35966853528953,17.68766853528953
11361,11231,132.0,-35.275,173.425,18.267656249685388,17.475656249685386
11362,11248,64.0,-35.225,173.325,18.63232522384351,18.24832522384351
11363,11249,412.0,-35.225,173.375,18.538711506218533,16.06671150621853
11364,11250,533.0,-35.225,173.425,18.447659194898733,15.249659194898733
11365,11266,278.0,-35.175,173.275,18.880132191326993,17.212132191326994
11366,11267,71.0,-35.175,173.325,18.79395867920539,18.36795867920539
11367,11268,131.0,-35.175,173.375,18.6995897699162,17.9135897699162
11368,11269,209.0,-35.175,173.425,18.608144660902326,17.354144660902325
11369,11284,20.0,-35.125,173.275,19.014574104221538,18.894574104221537
11370,11285,43.0,-35.125,173.325,18.928962289894116,18.670962289894117
11371,11286,92.0,-35.125,173.375,18.83549750134989,18.283497501349892
11372,11287,122.0,-35.125,173.425,18.744329738547094,18.012329738547095
11373,11232,43.0,-35.275,173.475,18.186531119536085,17.928531119536085
11374,11233,49.0,-35.275,173.575,18.09260429267306,17.79860429267306
11375,11234,216.0,-35.275,173.625,18.100209561580414,16.804209561580414
11376,11251,331.0,-35.225,173.475,18.368105364999792,16.38210536499979
11377,11252,39.0,-35.225,173.525,18.30854099287535,18.07454099287535
11378,11253,189.0,-35.225,173.575,18.277654788122163,17.143654788122163
11379,11254,265.0,-35.225,173.625,18.284748237019812,16.694748237019812
11380,11270,288.0,-35.175,173.475,18.527929642841627,16.799929642841626
11381,11271,401.0,-35.175,173.525,18.466283147077775,16.060283147077776
11382,11272,189.0,-35.175,173.575,18.430116363633715,17.296116363633715
11383,11273,125.0,-35.175,173.625,18.42579996548011,17.67579996548011
11384,11288,135.0,-35.125,173.475,18.662699216598412,17.852699216598413
11385,11289,214.0,-35.125,173.525,18.59663340921543,17.31263340921543
11386,11290,314.0,-35.125,173.575,18.551165391319955,16.667165391319955
11387,11291,121.0,-35.125,173.625,18.529912764504843,17.803912764504844
11388,11235,188.0,-35.275,173.675,18.161117680749157,17.033117680749157
11389,11236,56.0,-35.275,173.725,18.291569828463253,17.955569828463254
11390,11237,254.0,-35.275,173.775,18.50905956148199,16.98505956148199
11391,11255,263.0,-35.225,173.675,18.33970738730568,16.76170738730568
11392,11256,284.0,-35.225,173.725,18.45181316453818,16.74781316453818
11393,11257,350.0,-35.225,173.775,18.62558950632956,16.52558950632956
11394,11274,243.0,-35.175,173.675,18.458257358892297,17.0002573588923
11395,11275,122.0,-35.175,173.725,18.528604806640942,17.796604806640943
11396,11276,293.0,-35.175,173.775,18.62923252669134,16.87123252669134
11397,11292,80.0,-35.125,173.675,18.53396042955137,18.05396042955137
11398,11293,150.0,-35.125,173.725,18.55986039601703,17.65986039601703
11399,11294,171.0,-35.125,173.775,18.597028073403635,17.571028073403635
11400,11238,327.0,-35.275,173.825,18.821798366694566,16.859798366694566
11401,11239,200.0,-35.275,173.875,19.19769029575764,17.99769029575764
11402,11240,88.0,-35.275,173.925,19.444132355503825,18.916132355503827
11403,11241,60.0,-35.275,173.975,19.411381453646754,19.051381453646755
11404,11258,295.0,-35.225,173.825,18.85056533215902,17.080565332159022
11405,11259,178.0,-35.225,173.875,19.080453037448024,18.012453037448022
11406,11260,77.0,-35.225,173.925,19.20637696007907,18.74437696007907
11407,11261,41.0,-35.225,173.975,19.231699688552908,18.98569968855291
11408,11277,228.0,-35.175,173.825,18.735661146049097,17.367661146049098
11409,11278,162.0,-35.175,173.875,18.801283075037645,17.829283075037644
11410,11279,88.0,-35.175,173.925,18.813266370096244,18.285266370096245
11411,11280,18.0,-35.175,173.975,18.93654006730503,18.82854006730503
11412,11295,265.0,-35.125,173.825,18.62722506451246,17.03722506451246
11413,11296,200.0,-35.125,173.875,18.63682020453416,17.43682020453416
11414,11297,100.0,-35.125,173.925,18.65951267366472,18.05951267366472
11415,11298,40.0,-35.125,173.975,18.756965827924432,18.516965827924434
11416,11242,81.0,-35.275,174.025,19.365993469215027,18.879993469215027
11417,11262,19.0,-35.225,174.025,19.250240622750425,19.136240622750424
11418,11281,46.0,-35.175,174.075,19.138135391556716,18.862135391556716
11419,11299,40.0,-35.125,174.025,18.886082822406024,18.646082822406026
11420,11300,71.0,-35.125,174.075,19.0028027633889,18.5768027633889
11421,11243,53.0,-35.275,174.225,19.40242607750406,19.08442607750406
11422,11244,77.0,-35.275,174.275,19.442150056955143,18.980150056955143
11423,11301,10.0,-35.075,173.225,19.168950461673376,19.108950461673377
11424,11315,22.0,-35.025,173.175,19.28232244290848,19.15032244290848
11425,11316,13.0,-35.025,173.225,19.240657942777034,19.162657942777034
11426,11329,40.0,-34.975,173.175,19.339340986145544,19.099340986145545
11427,11302,35.0,-35.075,173.275,19.110669640169363,18.90066964016936
11428,11303,87.0,-35.075,173.325,19.03232436277176,18.51032436277176
11429,11304,79.0,-35.075,173.375,18.943874065444106,18.469874065444106
11430,11305,40.0,-35.075,173.425,18.85497867922095,18.61497867922095
11431,11317,2.0,-35.025,173.275,19.18329594419629,19.171295944196288
11432,11318,19.0,-35.025,173.325,19.110543467213574,18.996543467213574
11433,11319,60.0,-35.025,173.375,19.027917729858018,18.66791772985802
11434,11320,20.0,-35.025,173.425,18.942492825182853,18.822492825182852
11435,11330,6.0,-34.975,173.375,19.093060466184397,19.057060466184396
11436,11306,41.0,-35.075,173.475,18.772537849406945,18.526537849406946
11437,11307,100.0,-35.075,173.525,18.701728286047,18.101728286047
11438,11308,190.0,-35.075,173.575,18.64626943156327,17.50626943156327
11439,11309,102.0,-35.075,173.625,18.608107764244778,17.99610776424478
11440,11321,107.0,-35.025,173.525,18.785791079142655,18.143791079142655
11441,11322,114.0,-35.025,173.575,18.722042634661193,18.038042634661192
11442,11323,86.0,-35.025,173.625,18.67039915748319,18.15439915748319
11443,11331,48.0,-34.975,173.575,18.78426491234859,18.49626491234859
11444,11332,217.0,-34.975,173.625,18.723619753967796,17.421619753967796
11445,11310,70.0,-35.075,173.675,18.586703349341406,18.166703349341404
11446,11311,20.0,-35.075,173.775,18.575580852586427,18.455580852586426
11447,11324,144.0,-35.025,173.675,18.63038345413952,17.76638345413952
11448,11325,236.0,-35.025,173.725,18.59980153854849,17.18380153854849
11449,11326,10.0,-35.025,173.775,18.575943255033053,18.515943255033054
11450,11333,144.0,-34.975,173.675,18.671919045882532,17.80791904588253
11451,11312,257.0,-35.075,173.825,18.572020917927148,17.030020917927146
11452,11313,160.0,-35.075,173.875,18.571367901487974,17.611367901487974
11453,11314,133.0,-35.075,173.925,18.59799732821557,17.799997328215568
11454,11327,140.0,-35.025,173.825,18.558755451158504,17.718755451158504
11455,11328,23.0,-35.025,173.875,18.555256635445403,18.4172566354454
11456,11337,16.0,-34.875,173.075,19.479816431878135,19.383816431878135
11457,11342,6.0,-34.825,173.025,19.53022545685235,19.494225456852348
11458,11343,40.0,-34.825,173.075,19.50949602489709,19.26949602489709
11459,11345,58.0,-34.775,173.025,19.554619525253656,19.206619525253657
11460,11346,22.0,-34.775,173.075,19.532314732685336,19.400314732685334
11461,11334,40.0,-34.925,173.125,19.4172687881437,19.177268788143703
11462,11335,20.0,-34.925,173.175,19.383711698370462,19.26371169837046
11463,11336,9.0,-34.925,173.225,19.339547104522353,19.285547104522355
11464,11338,40.0,-34.875,173.125,19.453415377123747,19.21341537712375
11465,11339,10.0,-34.875,173.175,19.418325808132067,19.35832580813207
11466,11344,17.0,-34.825,173.125,19.48146100264421,19.37946100264421
11467,11347,7.0,-34.775,173.125,19.503017538780114,19.461017538780112
11468,11340,10.0,-34.875,173.325,19.25549341412261,19.195493414122613
11469,11341,9.0,-34.875,173.375,19.184695545460272,19.130695545460274
11470,11354,50.0,-34.625,172.875,19.6399161497975,19.3399161497975
11471,11357,80.0,-34.575,172.825,19.654976693549543,19.174976693549542
11472,11358,59.0,-34.575,172.875,19.648575761704706,19.294575761704706
11473,11348,78.0,-34.725,172.975,19.590591093969124,19.122591093969124
11474,11349,58.0,-34.725,173.025,19.573103445974994,19.225103445974995
11475,11350,20.0,-34.725,173.075,19.549525358583196,19.429525358583195
11476,11351,121.0,-34.675,172.925,19.61870211281348,18.89270211281348
11477,11352,51.0,-34.675,172.975,19.60537112042948,19.29937112042948
11478,11353,13.0,-34.675,173.025,19.586664591304725,19.508664591304726
11479,11355,59.0,-34.625,172.925,19.630244139858405,19.276244139858406
11480,11356,13.0,-34.625,172.975,19.615772104851203,19.537772104851204
11481,11361,22.0,-34.475,172.675,19.666260048252298,19.534260048252296
11482,11362,33.0,-34.475,172.725,19.66888428994571,19.470884289945708
11483,11359,35.0,-34.525,172.775,19.664473323413404,19.454473323413403
11484,11360,44.0,-34.525,172.825,19.661032552001416,19.397032552001416
11485,11363,124.0,-34.475,172.775,19.668148634926183,18.924148634926183
11486,11364,50.0,-34.475,172.825,19.663801152375527,19.363801152375526
11487,11365,67.0,-34.475,172.875,19.655588931724196,19.253588931724195
11488,11368,142.0,-34.425,172.875,19.654756736854324,18.802756736854324
11489,11366,,-34.475,172.925,19.643268972460646,
11490,11367,100.0,-34.475,172.975,19.62662274375907,19.02662274375907
