Unnamed: 0,OID_,Elevation,Latitude,Longitude,Interpolated_Tmean(C),Adjusted_Tmean(C)
0,148,72.0,-47.275,167.475,11.116464666323736,10.684464666323736
1,153,244.0,-47.275,167.525,11.113275291019818,9.649275291019817
2,156,49.0,-47.225,167.475,11.061944713408593,10.767944713408593
3,165,326.0,-47.225,167.525,11.057688535569469,9.101688535569469
4,174,36.0,-47.225,167.575,11.051074858842185,10.835074858842185
5,183,127.0,-47.175,167.575,10.987501147203147,10.225501147203147
6,272,179.0,-47.175,167.625,10.980384489899734,9.906384489899734
7,278,24.0,-47.175,167.675,10.975340628996491,10.831340628996491
8,285,104.0,-47.175,167.725,10.973928959836485,10.349928959836484
9,403,141.0,-47.125,167.625,10.91146988759283,10.06546988759283
10,405,259.0,-47.125,167.675,10.905841260653688,9.351841260653687
11,413,184.0,-47.125,167.725,10.903876250959001,9.799876250959002
12,293,124.0,-47.175,167.775,10.977532274031546,10.233532274031546
13,301,165.0,-47.175,167.825,10.987437262403546,9.997437262403546
14,309,0.0,-47.175,167.875,11.004882630018983,11.004882630018983
15,415,252.0,-47.125,167.775,10.907001485698856,9.395001485698856
16,418,256.0,-47.125,167.825,10.916577570693335,9.380577570693335
17,422,293.0,-47.125,167.875,10.933949635509634,9.175949635509635
18,425,75.0,-47.125,167.925,10.960487725300482,10.510487725300482
19,430,119.0,-47.125,167.975,10.997598175425082,10.283598175425082
20,436,61.0,-47.125,168.025,11.046658995299367,10.680658995299368
21,449,204.0,-47.075,167.625,10.839597096724901,9.615597096724901
22,456,363.0,-47.075,167.675,10.833455159183359,8.655455159183358
23,549,158.0,-47.075,167.725,10.83108699778677,9.88308699778677
24,667,380.0,-47.025,167.725,10.756875383172883,8.476875383172883
25,906,112.0,-46.975,167.725,10.682447563071037,10.010447563071036
26,556,176.0,-47.075,167.775,10.833904710278148,9.777904710278147
27,562,506.0,-47.075,167.825,10.843294174788753,7.807294174788753
28,568,258.0,-47.075,167.875,10.860658222722122,9.312658222722122
29,672,192.0,-47.025,167.775,10.759547666704748,9.607547666704749
30,677,419.0,-47.025,167.825,10.768944753333926,8.254944753333927
31,682,402.0,-47.025,167.875,10.786475669970969,8.37447566997097
32,944,100.0,-46.975,167.775,10.685156221996294,10.085156221996295
33,945,218.0,-46.975,167.825,10.694843406556174,9.386843406556174
34,946,59.0,-46.975,167.875,10.712903835461475,10.358903835461476
35,950,15.0,-46.925,167.775,10.61172601475846,10.52172601475846
36,951,60.0,-46.925,167.825,10.6220468285901,10.262046828590101
37,952,262.0,-46.925,167.875,10.641178857680643,9.069178857680644
38,574,183.0,-47.075,167.925,10.887476651143515,9.789476651143515
39,580,36.0,-47.075,167.975,10.92537145872484,10.70937145872484
40,652,61.0,-47.075,168.025,10.976130462164292,10.610130462164292
41,656,65.0,-47.075,168.075,11.041539614467183,10.651539614467183
42,687,299.0,-47.025,167.925,10.813651360134827,9.019651360134826
43,692,278.0,-47.025,167.975,10.85219906968996,9.18419906968996
44,697,165.0,-47.025,168.025,10.904229304200271,9.914229304200271
45,702,107.0,-47.025,168.075,10.972335030935938,10.330335030935938
46,947,462.0,-46.975,167.975,10.780287756671896,8.008287756671896
47,948,252.0,-46.975,168.025,10.833454813953722,9.321454813953721
48,949,156.0,-46.975,168.075,10.903486050578067,9.967486050578067
49,953,274.0,-46.925,167.925,10.670614914939506,9.026614914939506
50,954,34.0,-46.925,167.975,10.711993527365848,10.507993527365848
51,662,63.0,-47.075,168.125,11.122749008238316,10.744749008238315
52,767,140.0,-47.025,168.125,11.058998897729907,10.218998897729907
53,858,121.0,-47.025,168.175,11.164360684575513,10.438360684575514
54,968,161.0,-46.775,167.625,10.413036025740439,9.44703602574044
55,969,177.0,-46.775,167.725,10.398409908433678,9.336409908433678
56,955,228.0,-46.875,167.775,10.539904589561047,9.171904589561047
57,956,54.0,-46.875,167.825,10.551144029566785,10.227144029566785
58,957,20.0,-46.875,167.875,10.571893877873663,10.451893877873664
59,962,70.0,-46.825,167.775,10.469956109998748,10.049956109998748
60,963,19.0,-46.825,167.825,10.482156714075245,10.368156714075244
61,964,16.0,-46.825,167.875,10.50475796702085,10.40875796702085
62,970,38.0,-46.775,167.775,10.40184494300047,10.17384494300047
63,971,39.0,-46.775,167.825,10.41464349036687,10.18064349036687
64,972,96.0,-46.775,167.875,10.438727015192853,9.862727015192853
65,958,20.0,-46.875,167.925,10.60379173210822,10.483791732108221
66,959,304.0,-46.875,167.975,10.64864357400802,8.82464357400802
67,960,121.0,-46.875,168.025,10.7085935396899,9.982593539689901
68,961,112.0,-46.875,168.075,10.78665922980872,10.11465922980872
69,965,26.0,-46.825,167.925,10.539670869649854,10.383670869649853
70,966,263.0,-46.825,167.975,10.589082847815007,9.011082847815008
71,967,230.0,-46.825,168.025,10.655652094777906,9.275652094777907
72,973,238.0,-46.775,167.925,10.476289448153693,9.048289448153692
73,974,164.0,-46.775,167.975,10.52987001769361,9.54587001769361
74,975,72.0,-46.725,167.725,10.332725378480973,9.900725378480972
75,976,218.0,-46.725,167.775,10.335426226083655,9.027426226083655
76,977,149.0,-46.725,167.825,10.347995625576004,9.453995625576004
77,978,403.0,-46.725,167.875,10.372494886512868,7.954494886512868
78,979,444.0,-46.725,167.925,10.411294708173955,7.747294708173955
79,989,8.0,-46.575,168.525,11.538882826513145,11.490882826513145
80,990,7.0,-46.575,168.575,11.610918896563817,11.568918896563817
81,991,1.0,-46.575,168.625,11.685522709289216,11.679522709289216
82,992,0.0,-46.575,168.675,11.764245718193706,11.764245718193706
83,993,8.0,-46.575,168.775,11.936390666654916,11.888390666654916
84,980,20.0,-46.625,168.875,12.216255214079865,12.096255214079866
85,981,122.0,-46.625,168.925,12.297484409311437,11.565484409311438
86,982,94.0,-46.625,168.975,12.375046377041144,11.811046377041144
87,994,19.0,-46.575,168.825,12.029325502415304,11.915325502415303
88,995,39.0,-46.575,168.875,12.125302415181068,11.891302415181068
89,996,51.0,-46.575,168.925,12.222133233546629,11.91613323354663
90,997,194.0,-46.575,168.975,12.31671845013625,11.15271845013625
91,983,20.0,-46.625,169.025,12.445293310622219,12.32529331062222
92,984,141.0,-46.625,169.075,12.503968301942223,11.657968301942223
93,985,61.0,-46.625,169.125,12.546388776943786,12.180388776943786
94,998,276.0,-46.575,169.025,12.405041106030694,10.749041106030694
95,999,243.0,-46.575,169.075,12.482236756637576,11.024236756637576
96,1000,71.0,-46.575,169.125,12.542759014802868,12.116759014802868
97,29,116.0,-46.575,169.175,12.580669346250943,11.884669346250943
98,32,222.0,-46.575,169.225,12.590091812249739,11.258091812249738
99,35,45.0,-46.575,169.275,12.565869359328644,12.295869359328645
100,38,167.0,-46.575,169.325,12.504412272450281,11.50241227245028
101,986,25.0,-46.625,169.175,12.567736371216597,12.417736371216597
102,987,106.0,-46.625,169.225,12.563471376008238,11.927471376008238
103,988,60.0,-46.625,169.325,12.46468481476768,12.10468481476768
104,41,158.0,-46.575,169.375,12.404629684286192,11.456629684286192
105,43,20.0,-46.575,169.425,12.268717850660323,12.148717850660324
106,46,0.0,-46.575,169.475,12.102535007637925,12.102535007637925
107,48,16.0,-46.525,168.275,10.708355125650996,10.612355125650996
108,51,5.0,-46.525,168.325,10.865204518428072,10.835204518428073
109,54,11.0,-46.525,168.375,11.01957818417577,10.95357818417577
110,57,10.0,-46.525,168.425,11.145198635087581,11.08519863508758
111,564,13.0,-46.475,168.275,10.467398593900725,10.389398593900726
112,570,1.0,-46.475,168.375,10.731914036121452,10.725914036121452
113,576,11.0,-46.475,168.425,10.872779000128503,10.806779000128502
114,793,10.0,-46.425,168.275,10.240017906777211,10.180017906777211
115,795,0.0,-46.425,168.325,10.326099018217064,10.326099018217064
116,797,20.0,-46.425,168.375,10.462682570127072,10.342682570127073
117,799,27.0,-46.425,168.425,10.611639023642056,10.449639023642055
118,60,12.0,-46.525,168.475,11.24627868065727,11.17427868065727
119,152,13.0,-46.525,168.525,11.336483876686543,11.258483876686544
120,157,10.0,-46.525,168.575,11.423316135565983,11.363316135565983
121,582,10.0,-46.475,168.475,10.997678662490216,10.937678662490216
122,650,21.0,-46.475,168.525,11.10930094557989,10.98330094557989
123,657,20.0,-46.475,168.575,11.213746324880049,11.09374632488005
124,801,30.0,-46.425,168.475,10.750573394368985,10.570573394368985
125,803,32.0,-46.425,168.525,10.877475285291439,10.685475285291439
126,805,40.0,-46.425,168.575,10.996010438582744,10.756010438582743
127,166,20.0,-46.525,168.625,11.510864705327549,11.39086470532755
128,175,10.0,-46.525,168.675,11.601636201143265,11.541636201143264
129,184,10.0,-46.525,168.725,11.697184719800134,11.637184719800134
130,267,22.0,-46.525,168.775,11.798285093551385,11.666285093551386
131,665,30.0,-46.475,168.625,11.316046673615347,11.136046673615347
132,670,25.0,-46.475,168.675,11.419885078794323,11.269885078794323
133,675,10.0,-46.475,168.725,11.527876239502802,11.467876239502802
134,680,41.0,-46.475,168.775,11.641716436832212,11.395716436832211
135,807,39.0,-46.425,168.625,11.110782678515534,10.876782678515534
136,809,48.0,-46.425,168.675,11.225917858522735,10.937917858522734
137,811,43.0,-46.425,168.725,11.34478162767482,11.08678162767482
138,813,13.0,-46.425,168.775,11.469919420123915,11.391919420123916
139,271,25.0,-46.525,168.825,11.904912582001998,11.754912582001998
140,276,43.0,-46.525,168.875,12.016135544516146,11.758135544516147
141,282,101.0,-46.525,168.925,12.129986166459275,11.523986166459276
142,290,197.0,-46.525,168.975,12.243359823871288,11.061359823871287
143,685,61.0,-46.475,168.825,11.762163459410658,11.396163459410658
144,690,60.0,-46.475,168.875,11.888900872974773,11.528900872974774
145,695,171.0,-46.475,168.925,12.0203600130626,10.9943600130626
146,700,258.0,-46.475,168.975,12.153574992975336,10.605574992975336
147,815,79.0,-46.425,168.825,11.602934038615786,11.128934038615785
148,817,99.0,-46.425,168.875,11.744251261770842,11.150251261770842
149,820,122.0,-46.425,168.925,11.892834840386058,11.160834840386059
150,822,367.0,-46.425,168.975,12.045965600074851,9.843965600074851
151,298,89.0,-46.525,169.025,12.351977578437072,11.817977578437072
152,306,82.0,-46.525,169.075,12.450428304902744,11.958428304902744
153,416,59.0,-46.525,169.125,12.53230193280615,12.17830193280615
154,769,441.0,-46.475,169.025,12.284119839634513,9.638119839634513
155,770,336.0,-46.475,169.075,12.406132325340877,10.390132325340877
156,771,310.0,-46.475,169.125,12.51240614359267,10.652406143592671
157,859,88.0,-46.425,169.025,12.19916456930514,11.67116456930514
158,860,116.0,-46.425,169.075,12.346235333156073,11.650235333156074
159,862,116.0,-46.425,169.125,12.479332128568785,11.783332128568786
160,419,100.0,-46.525,169.175,12.590445294059464,11.990445294059464
161,421,237.0,-46.525,169.225,12.617411587794777,11.195411587794776
162,424,404.0,-46.525,169.275,12.60620393913996,10.18220393913996
163,427,301.0,-46.525,169.325,12.551377307012444,10.745377307012445
164,772,284.0,-46.475,169.175,12.594564609360532,10.890564609360531
165,773,237.0,-46.475,169.225,12.643413718076772,11.221413718076771
166,774,123.0,-46.475,169.275,12.649675998778548,11.911675998778549
167,776,504.0,-46.475,169.325,12.605341179398238,9.581341179398237
168,863,432.0,-46.425,169.175,12.589003785702516,9.997003785702516
169,865,253.0,-46.425,169.225,12.664307676954195,11.146307676954194
170,867,408.0,-46.425,169.275,12.693307712412206,10.245307712412206
171,869,458.0,-46.425,169.325,12.664512840288808,9.916512840288808
172,435,73.0,-46.525,169.375,12.450402276677778,12.012402276677777
173,440,20.0,-46.525,169.425,12.304936855929554,12.184936855929555
174,443,20.0,-46.525,169.475,12.121502908543334,12.001502908543335
175,778,316.0,-46.475,169.375,12.505660946801072,10.609660946801071
176,780,317.0,-46.475,169.425,12.351260331881349,10.44926033188135
177,782,286.0,-46.475,169.475,12.149342855162104,10.433342855162104
178,871,425.0,-46.425,169.375,12.569735919925733,10.019735919925733
179,873,375.0,-46.425,169.425,12.40777507875464,10.15777507875464
180,875,342.0,-46.425,169.475,12.186677840349148,10.134677840349148
181,450,131.0,-46.525,169.525,11.911249949611374,11.125249949611375
182,457,60.0,-46.525,169.575,11.688896371939336,11.328896371939337
183,546,202.0,-46.525,169.625,11.471147746502538,10.259147746502538
184,552,99.0,-46.525,169.675,11.274740126056713,10.680740126056714
185,784,324.0,-46.475,169.525,11.913313066528644,9.969313066528645
186,785,58.0,-46.475,169.575,11.661183512725984,11.313183512725983
187,787,13.0,-46.475,169.625,11.413599145584158,11.335599145584158
188,789,20.0,-46.475,169.675,11.191678323753877,11.071678323753877
189,877,382.0,-46.425,169.525,11.922839026505244,9.630839026505244
190,879,59.0,-46.425,169.575,11.638123382988852,11.284123382988852
191,881,20.0,-46.425,169.625,11.35736631778127,11.237366317781271
192,883,63.0,-46.425,169.675,11.106714068519068,10.728714068519068
193,791,8.0,-46.475,169.725,11.014055737599847,10.966055737599847
194,938,107.0,-46.425,169.725,10.910733795215492,10.268733795215493
195,939,85.0,-46.425,169.775,10.785839206859237,10.275839206859237
196,21,24.0,-46.225,166.975,10.736409416160313,10.592409416160313
197,22,20.0,-46.225,167.025,10.682184339064406,10.562184339064407
198,23,95.0,-46.225,167.075,10.627898434904637,10.057898434904637
199,24,96.0,-46.225,167.125,10.573739178711548,9.997739178711548
200,26,140.0,-46.225,167.175,10.519880244857632,9.679880244857632
201,27,73.0,-46.225,167.225,10.46648121974431,10.02848121974431
202,31,78.0,-46.225,167.275,10.413687826570822,9.945687826570822
203,34,239.0,-46.225,167.325,10.361633182532387,8.927633182532388
204,37,49.0,-46.225,167.675,10.028176123945741,9.73417612394574
205,42,169.0,-46.225,167.725,9.986614809022285,8.972614809022286
206,572,37.0,-46.325,167.725,9.97748347412562,9.75548347412562
207,625,0.0,-46.275,167.725,9.974824514938518,9.974824514938518
208,47,99.0,-46.225,167.775,9.947109980828827,9.353109980828828
209,50,513.0,-46.225,167.825,9.909900444443338,6.831900444443338
210,53,419.0,-46.225,167.875,9.875260155909928,7.361260155909927
211,578,20.0,-46.325,167.775,9.945994179230183,9.825994179230184
212,584,23.0,-46.325,167.825,9.918504659435712,9.780504659435712
213,585,205.0,-46.325,167.875,9.895459133869736,8.665459133869735
214,626,96.0,-46.275,167.775,9.93890204039053,9.36290204039053
215,627,583.0,-46.275,167.825,9.90605588699691,6.408055886996911
216,628,180.0,-46.275,167.875,9.876620815339265,8.796620815339265
217,940,42.0,-46.375,167.775,9.966788503836142,9.714788503836141
218,941,36.0,-46.375,167.875,9.929799871490104,9.713799871490105
219,56,60.0,-46.225,167.925,9.84351615520427,9.48351615520427
220,59,95.0,-46.225,167.975,9.815086430229712,9.245086430229712
221,62,59.0,-46.225,168.025,9.790552527090767,9.436552527090768
222,63,39.0,-46.225,168.075,9.770786789944395,9.536786789944395
223,586,39.0,-46.325,167.925,9.877272246871144,9.643272246871144
224,587,23.0,-46.325,167.975,9.8643126153911,9.7263126153911
225,588,9.0,-46.325,168.025,9.856906154571334,9.802906154571334
226,589,11.0,-46.325,168.075,9.855390887329122,9.789390887329121
227,629,80.0,-46.275,167.925,9.850939753174316,9.370939753174316
228,630,22.0,-46.275,167.975,9.8293786989816,9.6973786989816
229,631,40.0,-46.275,168.025,9.812374934263062,9.572374934263062
230,632,20.0,-46.275,168.075,9.800550101237604,9.680550101237605
231,942,0.0,-46.375,167.975,9.917746954102768,9.917746954102768
232,64,47.0,-46.225,168.125,9.764,9.482
233,65,39.0,-46.225,168.175,9.764,9.53
234,66,47.0,-46.225,168.225,9.764,9.482
235,129,3.0,-46.375,168.225,10.014646073337644,9.996646073337644
236,590,9.0,-46.325,168.125,9.860287659219466,9.806287659219466
237,591,11.0,-46.325,168.175,9.87271560136287,9.80671560136287
238,592,15.0,-46.325,168.225,9.895288095154683,9.805288095154683
239,633,40.0,-46.275,168.125,9.79493860306684,9.554938603066839
240,634,23.0,-46.275,168.175,9.797395432397025,9.659395432397025
241,635,30.0,-46.275,168.225,9.81119230488548,9.63119230488548
242,943,2.0,-46.375,168.175,9.979554012155859,9.967554012155858
243,67,34.0,-46.225,168.275,9.779079603395076,9.575079603395075
244,68,39.0,-46.225,168.325,9.819497867894825,9.585497867894825
245,69,40.0,-46.225,168.375,9.880314850292052,9.640314850292052
246,70,95.0,-46.225,168.425,9.958651057822863,9.388651057822862
247,130,4.0,-46.375,168.275,10.062196937113185,10.038196937113186
248,131,10.0,-46.375,168.325,10.135280961811077,10.075280961811076
249,132,11.0,-46.375,168.375,10.251009466170217,10.185009466170216
250,133,21.0,-46.375,168.425,10.388788034921163,10.262788034921163
251,593,10.0,-46.325,168.275,9.933702032198198,9.873702032198198
252,594,9.0,-46.325,168.325,9.997489568660967,9.943489568660967
253,595,20.0,-46.325,168.375,10.092457126054796,9.972457126054797
254,596,20.0,-46.325,168.425,10.209667265618918,10.08966726561892
255,636,13.0,-46.275,168.275,9.841446908321814,9.763446908321814
256,637,26.0,-46.275,168.325,9.8939844622073,9.737984462207299
257,638,27.0,-46.275,168.375,9.971092611274798,9.809092611274798
258,639,23.0,-46.275,168.425,10.068089338368736,9.930089338368736
259,71,37.0,-46.225,168.475,10.049272375268629,9.82727237526863
260,72,37.0,-46.225,168.525,10.147410640624003,9.925410640624003
261,73,69.0,-46.225,168.575,10.250204691838007,9.836204691838008
262,134,24.0,-46.375,168.475,10.52663294049853,10.38263294049853
263,135,31.0,-46.375,168.525,10.657920204816037,10.471920204816037
264,136,41.0,-46.375,168.575,10.783022841147613,10.537022841147612
265,597,39.0,-46.325,168.475,10.335128268561675,10.101128268561675
266,598,44.0,-46.325,168.525,10.460749000048963,10.196749000048964
267,599,53.0,-46.325,168.575,10.584255734502221,10.266255734502222
268,640,41.0,-46.275,168.475,10.176660464712768,9.930660464712767
269,641,58.0,-46.275,168.525,10.290186920115957,9.942186920115956
270,642,83.0,-46.275,168.575,10.405535067795427,9.907535067795427
271,74,92.0,-46.225,168.625,10.3568871266325,9.8048871266325
272,75,102.0,-46.225,168.675,10.468424772989238,9.856424772989238
273,76,120.0,-46.225,168.725,10.58713399572298,9.867133995722979
274,77,122.0,-46.225,168.775,10.716484811986447,9.984484811986448
275,137,56.0,-46.375,168.625,10.904900906141847,10.568900906141847
276,138,60.0,-46.375,168.675,11.027192961570108,10.667192961570109
277,151,39.0,-46.375,168.725,11.153457448614063,10.919457448614063
278,154,21.0,-46.375,168.775,11.286828897762462,11.160828897762462
279,600,60.0,-46.325,168.625,10.706697898247512,10.346697898247513
280,601,67.0,-46.325,168.675,10.830716190554085,10.428716190554086
281,602,66.0,-46.325,168.725,10.959614053179394,10.563614053179393
282,603,33.0,-46.325,168.775,11.096848502391367,10.898848502391367
283,643,60.0,-46.275,168.625,10.522468467213912,10.162468467213913
284,644,61.0,-46.275,168.675,10.642651129630394,10.276651129630395
285,645,80.0,-46.275,168.725,10.768921450653579,10.288921450653579
286,646,54.0,-46.275,168.775,10.904854867330869,10.580854867330869
287,1,205.0,-46.275,168.975,11.606987456601928,10.376987456601928
288,78,41.0,-46.225,168.825,10.861059618779109,10.615059618779108
289,79,208.0,-46.225,168.875,11.026044801212265,9.778044801212266
290,80,302.0,-46.225,168.925,11.214575375823188,9.402575375823188
291,81,179.0,-46.225,168.975,11.424130563405924,10.350130563405925
292,162,68.0,-46.375,168.825,11.429711813398171,11.021711813398172
293,171,101.0,-46.375,168.875,11.583356521441601,10.977356521441601
294,180,63.0,-46.375,168.925,11.747358917680685,11.369358917680685
295,274,101.0,-46.375,168.975,11.919293226776063,11.313293226776063
296,604,22.0,-46.325,168.825,11.245580592614715,11.113580592614715
297,605,41.0,-46.325,168.875,11.408011085601174,11.162011085601174
298,606,60.0,-46.325,168.925,11.584488284323015,11.224488284323016
299,607,106.0,-46.325,168.975,11.772835151612526,11.136835151612527
300,647,35.0,-46.275,168.825,11.05436788633233,10.844367886332329
301,648,84.0,-46.275,168.875,11.220895989856217,10.716895989856217
302,649,219.0,-46.275,168.925,11.405807725546765,10.091807725546765
303,2,258.0,-46.275,169.025,11.81914027321909,10.27114027321909
304,3,230.0,-46.275,169.075,12.035121114662616,10.655121114662617
305,4,285.0,-46.275,169.125,12.24661411276611,10.53661411276611
306,82,409.0,-46.225,169.025,11.647782586398534,9.193782586398534
307,83,284.0,-46.225,169.075,11.877561222165241,10.17356122216524
308,84,225.0,-46.225,169.125,12.105293175278348,10.755293175278348
309,280,128.0,-46.375,169.025,12.09465009206906,11.326650092069059
310,288,307.0,-46.375,169.075,12.266994434321532,10.424994434321532
311,296,120.0,-46.375,169.125,12.428083260689164,11.708083260689163
312,608,399.0,-46.325,169.025,11.9683742638299,9.5743742638299
313,609,474.0,-46.325,169.075,12.164421645036782,9.320421645036783
314,610,625.0,-46.325,169.125,12.352604365631123,8.602604365631123
315,5,382.0,-46.275,169.175,12.44385036485619,10.15185036485619
316,6,232.0,-46.275,169.225,12.614604256028542,11.222604256028543
317,7,258.0,-46.275,169.275,12.74231952286209,11.19431952286209
318,8,345.0,-46.275,169.325,12.802697609324241,10.73269760932424
319,85,377.0,-46.225,169.175,12.321947689953959,10.059947689953958
320,86,200.0,-46.225,169.225,12.516502652360941,11.316502652360942
321,87,222.0,-46.225,169.275,12.67416529606271,11.34216529606271
322,88,256.0,-46.225,169.325,12.772582392877666,11.236582392877667
323,304,211.0,-46.375,169.175,12.567766955253319,11.301766955253319
324,409,378.0,-46.375,169.225,12.673709337148466,10.405709337148465
325,428,488.0,-46.375,169.275,12.731262156899902,9.803262156899901
326,441,263.0,-46.375,169.325,12.724427570545231,11.146427570545232
327,611,293.0,-46.325,169.175,12.522664338190225,10.764664338190226
328,612,212.0,-46.325,169.225,12.661737264701515,11.389737264701514
329,613,243.0,-46.325,169.275,12.753235434371163,11.295235434371163
330,614,419.0,-46.325,169.325,12.776108581689186,10.262108581689187
331,9,318.0,-46.275,169.375,12.760629031035933,10.852629031035933
332,10,292.0,-46.275,169.425,12.590260190947447,10.838260190947446
333,11,507.0,-46.275,169.475,12.31482339145441,9.272823391454411
334,89,296.0,-46.225,169.375,12.768622837640578,10.992622837640578
335,90,118.0,-46.225,169.425,12.597015258448664,11.889015258448664
336,91,97.0,-46.225,169.475,12.312092360822135,11.730092360822134
337,444,218.0,-46.375,169.375,12.639581341936719,11.331581341936719
338,451,662.0,-46.375,169.425,12.472268733938108,8.500268733938109
339,458,112.0,-46.375,169.475,12.232040024362504,11.560040024362504
340,615,339.0,-46.325,169.375,12.70800894513377,10.674008945133771
341,616,406.0,-46.325,169.425,12.538090427056886,10.102090427056886
342,617,402.0,-46.325,169.475,12.279491391658667,9.867491391658668
343,12,328.0,-46.275,169.525,11.978421220745076,10.010421220745076
344,13,115.0,-46.275,169.575,11.616761917801341,10.926761917801342
345,14,40.0,-46.275,169.625,11.25909960862191,11.019099608621909
346,15,36.0,-46.275,169.675,10.934278571017785,10.718278571017786
347,92,60.0,-46.225,169.525,11.97449082141975,11.61449082141975
348,93,60.0,-46.225,169.575,11.618796605223906,11.258796605223907
349,94,61.0,-46.225,169.625,11.273103210958652,10.907103210958653
350,95,83.0,-46.225,169.675,10.96656474932388,10.46856474932388
351,544,295.0,-46.375,169.525,11.939891085901763,10.169891085901764
352,547,452.0,-46.375,169.575,11.622147552785464,8.910147552785464
353,550,200.0,-46.375,169.625,11.307136108283885,10.107136108283886
354,553,100.0,-46.375,169.675,11.025392183873919,10.42539218387392
355,618,304.0,-46.325,169.525,11.961430610594107,10.137430610594107
356,619,124.0,-46.325,169.575,11.615324830272584,10.871324830272584
357,620,195.0,-46.325,169.625,11.2710211903468,10.1010211903468
358,621,40.0,-46.325,169.675,10.959887797172996,10.719887797172996
359,16,36.0,-46.275,169.725,10.67994721569994,10.46394721569994
360,17,7.0,-46.275,169.775,10.573210229427787,10.531210229427787
361,18,10.0,-46.275,169.825,10.582658716608421,10.52265871660842
362,96,18.0,-46.225,169.725,10.738186303147813,10.630186303147813
363,97,81.0,-46.225,169.775,10.633229781567934,10.147229781567933
364,98,1.0,-46.225,169.825,10.638589803085779,10.632589803085779
365,560,146.0,-46.375,169.725,10.809622232874972,9.933622232874972
366,566,20.0,-46.375,169.775,10.684481243020855,10.564481243020856
367,622,19.0,-46.325,169.725,10.722390610884759,10.608390610884758
368,623,12.0,-46.325,169.775,10.602802674387931,10.530802674387932
369,624,5.0,-46.325,169.825,10.590566780840163,10.560566780840164
370,19,74.0,-46.275,169.875,10.656638271801057,10.212638271801056
371,20,44.0,-46.275,169.925,10.77260571384977,10.508605713849771
372,99,99.0,-46.225,169.875,10.713612858977285,10.119612858977286
373,100,111.0,-46.225,169.925,10.832817626185715,10.166817626185715
374,101,68.0,-46.225,169.975,10.979086494116927,10.571086494116928
375,102,17.0,-46.225,170.025,11.139310227532405,11.037310227532405
376,314,198.0,-46.075,166.575,11.291567381907953,10.103567381907952
377,384,239.0,-46.025,166.625,11.304812010290334,9.870812010290335
378,710,82.0,-46.125,166.625,11.19040849164594,10.69840849164594
379,103,44.0,-46.175,166.675,11.092355170228984,10.828355170228985
380,104,298.0,-46.175,166.725,11.042131591617363,9.254131591617362
381,105,209.0,-46.175,166.775,10.990352500171866,9.736352500171867
382,106,406.0,-46.175,166.825,10.937379972165218,8.501379972165218
383,315,504.0,-46.075,166.775,11.091569175128825,8.067569175128824
384,316,600.0,-46.075,166.825,11.037576508359052,7.437576508359053
385,385,500.0,-46.025,166.675,11.255501576059032,8.255501576059032
386,386,11.0,-46.025,166.775,11.15151510562282,11.08551510562282
387,387,312.0,-46.025,166.825,11.09761837363476,9.22561837363476
388,711,298.0,-46.125,166.725,11.090516127675073,9.302516127675073
389,712,502.0,-46.125,166.775,11.03797510053846,8.02597510053846
390,713,236.0,-46.125,166.825,10.984273752023,9.568273752023
391,107,251.0,-46.175,166.875,10.88351082112058,9.37751082112058
392,108,280.0,-46.175,166.925,10.829008294793312,9.149008294793312
393,109,439.0,-46.175,166.975,10.774114463536534,8.140114463536534
394,317,554.0,-46.075,166.875,10.982766960922163,7.658766960922163
395,318,854.0,-46.075,166.925,10.927446815330768,5.803446815330768
396,319,183.0,-46.075,166.975,10.87190010433551,9.773900104335508
397,388,696.0,-46.025,166.875,11.042938059254084,6.866938059254084
398,389,939.0,-46.025,166.925,10.987803852272918,5.353803852272918
399,390,578.0,-46.025,166.975,10.932526712742401,7.464526712742401
400,714,546.0,-46.125,166.875,10.92972563195508,7.65372563195508
401,715,587.0,-46.125,166.925,10.87461071976577,7.352610719765769
402,716,57.0,-46.125,166.975,10.819188190420391,10.47718819042039
403,110,418.0,-46.175,167.025,10.71905504615279,8.21105504615279
404,111,175.0,-46.175,167.075,10.664040378382197,9.614040378382196
405,112,227.0,-46.175,167.125,10.60926419167663,9.24726419167663
406,113,481.0,-46.175,167.175,10.554901269992115,7.668901269992116
407,320,899.0,-46.075,167.025,10.816393484070431,5.422393484070431
408,321,687.0,-46.075,167.075,10.761175425170222,6.639175425170222
409,322,750.0,-46.075,167.125,10.706471579818754,6.2064715798187535
410,323,363.0,-46.075,167.175,10.652477705589263,8.474477705589262
411,391,427.0,-46.025,167.025,10.877401932462817,8.315401932462818
412,392,367.0,-46.025,167.075,10.822707030165475,8.620707030165475
413,393,30.0,-46.025,167.125,10.768695086590014,10.588695086590015
414,394,671.0,-46.025,167.175,10.715584568708437,6.689584568708437
415,717,718.0,-46.125,167.025,10.763700684416108,6.455700684416108
416,718,584.0,-46.125,167.075,10.708374057518085,7.204374057518086
417,719,30.0,-46.125,167.125,10.65341435757,10.47341435757
418,720,214.0,-46.125,167.175,10.599003217677819,9.315003217677818
419,114,100.0,-46.175,167.225,10.501104914030293,9.901104914030293
420,115,223.0,-46.175,167.275,10.448005084559554,9.110005084559555
421,116,396.0,-46.175,167.325,10.395707991876407,8.019707991876407
422,324,489.0,-46.075,167.225,10.599351640470559,7.6653516404705595
423,325,179.0,-46.075,167.275,10.547206089599058,9.473206089599058
424,326,408.0,-46.075,167.325,10.496104064688552,8.048104064688552
425,395,735.0,-46.025,167.225,10.6635473560018,6.253547356001801
426,396,378.0,-46.025,167.275,10.612697425385704,8.344697425385704
427,397,189.0,-46.025,167.325,10.563083058717893,9.429083058717893
428,721,322.0,-46.125,167.225,10.545292821130715,8.613292821130715
429,722,228.0,-46.125,167.275,10.49240166490199,9.12440166490199
430,723,801.0,-46.125,167.325,10.440412301599281,5.634412301599281
431,25,170.0,-46.025,167.475,10.42116026621079,9.401160266210791
432,28,177.0,-46.025,167.525,10.37573367866571,9.313733678665711
433,117,57.0,-46.175,167.375,10.344297653588,10.002297653588
434,327,230.0,-46.075,167.375,10.446058427070966,9.066058427070967
435,328,451.0,-46.075,167.425,10.397036174370442,7.691036174370442
436,329,119.0,-46.075,167.475,10.348967115714913,9.634967115714913
437,330,174.0,-46.075,167.525,10.301755808555754,9.257755808555753
438,398,197.0,-46.025,167.375,10.514684989495436,9.332684989495435
439,399,289.0,-46.025,167.425,10.467421562410891,8.733421562410891
440,724,198.0,-46.125,167.375,10.389371936267707,9.201371936267707
441,725,136.0,-46.125,167.425,10.339296237216331,9.52329623721633
442,726,91.0,-46.125,167.475,10.290176114503993,9.744176114503993
443,727,158.0,-46.125,167.525,10.241986740118591,9.29398674011859
444,30,404.0,-46.025,167.575,10.330957516620401,7.906957516620402
445,33,196.0,-46.025,167.625,10.286649049434345,9.110649049434345
446,36,140.0,-46.025,167.675,10.242645182472188,9.402645182472188
447,39,69.0,-46.025,167.725,10.198820585967042,9.784820585967042
448,118,41.0,-46.175,167.575,10.148683115228778,9.902683115228777
449,119,17.0,-46.175,167.625,10.10253899631789,10.00053899631789
450,120,30.0,-46.175,167.675,10.057626967638498,9.877626967638498
451,121,141.0,-46.175,167.725,10.014045858406462,9.168045858406462
452,331,160.0,-46.075,167.575,10.255295367212966,9.295295367212965
453,332,200.0,-46.075,167.625,10.209482049802318,9.009482049802319
454,333,144.0,-46.075,167.675,10.164230187103385,9.300230187103384
455,334,48.0,-46.075,167.725,10.119487830757862,9.831487830757862
456,728,128.0,-46.125,167.575,10.194697911239928,9.426697911239927
457,729,75.0,-46.125,167.625,10.148285016213777,9.698285016213777
458,730,31.0,-46.125,167.675,10.102740324306069,9.916740324306069
459,731,96.0,-46.125,167.725,10.058084977354156,9.482084977354155
460,40,156.0,-46.025,167.775,10.155107007623883,9.219107007623883
461,44,80.0,-46.025,167.825,10.111515296477592,9.631515296477591
462,45,141.0,-46.025,167.875,10.06816158440779,9.22216158440779
463,122,415.0,-46.175,167.775,9.971927373029757,7.481927373029757
464,123,706.0,-46.175,167.825,9.931447720620781,5.695447720620781
465,124,273.0,-46.175,167.875,9.892845740454504,8.254845740454504
466,335,90.0,-46.075,167.775,10.07525425447966,9.53525425447966
467,336,97.0,-46.075,167.825,10.031601063150447,9.449601063150446
468,337,119.0,-46.075,167.875,9.988699013163568,9.274699013163568
469,732,205.0,-46.125,167.775,10.01438283274183,8.78438283274183
470,733,471.0,-46.125,167.825,9.971758165600477,7.145758165600476
471,734,577.0,-46.125,167.875,9.930420107470127,6.468420107470127
472,49,244.0,-46.025,167.925,10.025298397289589,8.561298397289589
473,52,113.0,-46.025,167.975,9.983349913862185,9.305349913862184
474,55,120.0,-46.025,168.025,9.942947758507216,9.222947758507216
475,58,112.0,-46.025,168.075,9.904959344974486,9.232959344974486
476,125,134.0,-46.175,167.925,9.856452688167337,9.052452688167337
477,126,196.0,-46.175,167.975,9.8227407495433,8.6467407495433
478,144,46.0,-46.175,168.025,9.79239846287237,9.51639846287237
479,161,60.0,-46.175,168.075,9.766438865161035,9.406438865161036
480,338,74.0,-46.075,167.925,9.946852529246826,9.502852529246825
481,339,72.0,-46.075,167.975,9.906542820725008,9.474542820725008
482,340,80.0,-46.075,168.025,9.868477655472816,9.388477655472816
483,341,79.0,-46.075,168.075,9.833640106473467,9.359640106473467
484,735,140.0,-46.125,167.925,9.890697433802416,9.050697433802416
485,736,60.0,-46.125,167.975,9.85308738630556,9.493087386305561
486,737,60.0,-46.125,168.025,9.81832050831872,9.458320508318721
487,738,64.0,-46.125,168.075,9.787437739112647,9.403437739112647
488,61,108.0,-46.025,168.125,9.870495387163828,9.222495387163828
489,139,106.0,-46.025,168.175,9.840878971270286,9.204878971270286
490,141,100.0,-46.025,168.225,9.8175593916676,9.217559391667601
491,170,60.0,-46.175,168.125,9.764,9.404
492,179,59.0,-46.175,168.175,9.764,9.41
493,268,53.0,-46.175,168.225,9.764,9.446
494,342,84.0,-46.075,168.125,9.80331928699161,9.29931928699161
495,343,81.0,-46.075,168.175,9.779095175501425,9.293095175501424
496,344,79.0,-46.075,168.225,9.764,9.29
497,739,63.0,-46.125,168.125,9.764,9.386
498,740,62.0,-46.125,168.175,9.764,9.392
499,741,59.0,-46.125,168.225,9.764,9.41
500,142,98.0,-46.025,168.275,9.801959858610644,9.213959858610645
501,143,87.0,-46.025,168.325,9.795246424342622,9.273246424342622
502,147,85.0,-46.025,168.375,9.7980309947161,9.2880309947161
503,160,259.0,-46.025,168.425,9.810221303923754,8.256221303923754
504,283,36.0,-46.175,168.275,9.764,9.548
505,291,43.0,-46.175,168.325,9.77228004281642,9.51428004281642
506,299,56.0,-46.175,168.375,9.81786645228567,9.48186645228567
507,307,151.0,-46.175,168.425,9.878753589830012,8.972753589830011
508,345,72.0,-46.075,168.275,9.764,9.331999999999999
509,346,68.0,-46.075,168.325,9.764,9.356
510,347,70.0,-46.075,168.375,9.776974644177244,9.356974644177244
511,348,75.0,-46.075,168.425,9.804701727480278,9.354701727480279
512,742,54.0,-46.125,168.275,9.764,9.44
513,743,56.0,-46.125,168.325,9.764,9.427999999999999
514,744,138.0,-46.125,168.375,9.783494610368507,8.955494610368508
515,745,65.0,-46.125,168.425,9.82752831079415,9.43752831079415
516,169,345.0,-46.025,168.475,9.831256678255158,7.761256678255158
517,178,391.0,-46.025,168.525,9.860517108245404,7.514517108245403
518,187,361.0,-46.025,168.575,9.897655430497252,7.731655430497252
519,349,119.0,-46.075,168.475,9.842436036284198,9.128436036284198
520,350,121.0,-46.075,168.525,9.888857173806173,9.162857173806174
521,351,372.0,-46.075,168.575,9.94304835103685,7.71104835103685
522,400,60.0,-46.175,168.475,9.951447071769508,9.591447071769508
523,401,41.0,-46.175,168.525,10.032718685848522,9.786718685848522
524,406,101.0,-46.175,168.575,10.120367987590726,9.514367987590726
525,746,64.0,-46.125,168.475,9.882542317078332,9.498542317078332
526,747,72.0,-46.125,168.525,9.946401582637918,9.514401582637918
527,748,122.0,-46.125,168.575,10.01757994577929,9.28557994577929
528,188,323.0,-46.025,168.625,9.942828924540663,8.004828924540663
529,189,218.0,-46.025,168.675,9.996863041917095,8.688863041917095
530,190,169.0,-46.025,168.725,10.061399771977449,9.04739977197745
531,191,140.0,-46.025,168.775,10.139121789790806,9.299121789790807
532,352,579.0,-46.075,168.625,10.004757305621752,6.530757305621751
533,353,481.0,-46.075,168.675,10.074543498732965,7.188543498732965
534,354,356.0,-46.075,168.725,10.15386946561921,8.01786946561921
535,355,291.0,-46.075,168.775,10.245261362055317,8.499261362055316
536,410,151.0,-46.175,168.625,10.213587924052263,9.307587924052262
537,429,83.0,-46.175,168.675,10.31294766846986,9.81494766846986
538,437,80.0,-46.175,168.725,10.420262614396052,9.940262614396051
539,445,120.0,-46.175,168.775,10.538592975935899,9.818592975935898
540,749,173.0,-46.125,168.625,10.095481717857183,9.057481717857183
541,750,431.0,-46.125,168.675,10.18054992656107,7.59454992656107
542,751,159.0,-46.125,168.725,10.274267189146485,9.320267189146485
543,752,109.0,-46.125,168.775,10.379210711456835,9.725210711456835
544,192,439.0,-46.025,168.825,10.234159100989928,7.600159100989927
545,193,103.0,-46.025,168.875,10.352297501216526,9.734297501216526
546,194,96.0,-46.025,168.925,10.497935983905336,9.921935983905335
547,195,133.0,-46.025,168.975,10.667675173244788,9.869675173244788
548,356,156.0,-46.075,168.825,10.352822203858523,9.416822203858523
549,357,173.0,-46.075,168.875,10.484084749230533,9.446084749230533
550,358,84.0,-46.075,168.925,10.649997049709782,10.145997049709782
551,359,90.0,-46.075,168.975,10.84397972417355,10.303979724173551
552,452,118.0,-46.175,168.825,10.672634193047998,9.964634193047997
553,459,57.0,-46.175,168.875,10.829653441673145,10.487653441673144
554,543,120.0,-46.175,168.925,11.016745265485952,10.296745265485951
555,548,217.0,-46.175,168.975,11.229702818236547,9.927702818236547
556,753,123.0,-46.125,168.825,10.499422367109219,9.761422367109219
557,754,122.0,-46.125,168.875,10.64219673909247,9.91019673909247
558,755,69.0,-46.125,168.925,10.823193566204282,10.409193566204282
559,756,220.0,-46.125,168.975,11.032912939757807,9.712912939757807
560,196,116.0,-46.025,169.025,10.852921641751891,10.156921641751891
561,197,139.0,-46.025,169.075,11.045255005796207,10.211255005796207
562,198,180.0,-46.025,169.125,11.236764325003605,10.156764325003605
563,360,142.0,-46.075,169.025,11.053139188414207,10.201139188414206
564,361,158.0,-46.075,169.075,11.268797297059791,10.32079729705979
565,362,173.0,-46.075,169.125,11.483173572807573,10.445173572807573
566,551,212.0,-46.175,169.025,11.458147202705732,10.186147202705731
567,554,209.0,-46.175,169.075,11.693368729553185,10.439368729553186
568,558,188.0,-46.175,169.125,11.927488230139716,10.799488230139715
569,757,372.0,-46.125,169.025,11.257189559124527,9.025189559124527
570,758,148.0,-46.125,169.075,11.487802534538787,10.599802534538787
571,759,221.0,-46.125,169.125,11.717206921050092,10.391206921050092
572,199,242.0,-46.025,169.175,11.419015390361892,9.967015390361892
573,200,114.0,-46.025,169.225,11.582131975752418,10.898131975752419
574,201,323.0,-46.025,169.275,11.714087771848426,9.776087771848426
575,202,176.0,-46.025,169.325,11.800519660086138,10.744519660086137
576,363,188.0,-46.075,169.175,11.687638471572427,10.559638471572427
577,364,185.0,-46.075,169.225,11.871345076040598,10.761345076040598
578,365,125.0,-46.075,169.275,12.01963924249867,11.26963924249867
579,366,154.0,-46.075,169.325,12.11281665416027,11.18881665416027
580,563,180.0,-46.175,169.175,12.151973605257808,11.071973605257808
581,569,325.0,-46.175,169.225,12.356307909343741,10.406307909343742
582,575,369.0,-46.175,169.275,12.526139817608055,10.312139817608054
583,581,137.0,-46.175,169.325,12.63945020333631,11.81745020333631
584,760,140.0,-46.125,169.175,11.936928017064929,11.09692801706493
585,761,152.0,-46.125,169.225,12.136131794497487,11.224131794497488
586,762,123.0,-46.125,169.275,12.29951488194638,11.56151488194638
587,763,117.0,-46.125,169.325,12.403705144606647,11.701705144606647
588,203,117.0,-46.025,169.375,11.827960664522834,11.125960664522834
589,204,100.0,-46.025,169.425,11.791310707048979,11.191310707048979
590,205,80.0,-46.025,169.475,11.69877157350129,11.21877157350129
591,367,100.0,-46.075,169.375,12.129103031431441,11.529103031431442
592,368,40.0,-46.075,169.425,12.057682512226165,11.817682512226165
593,369,66.0,-46.075,169.475,11.911362837141496,11.515362837141495
594,658,120.0,-46.175,169.375,12.653329885710264,11.933329885710263
595,660,116.0,-46.175,169.425,12.502659373145434,11.806659373145434
596,664,79.0,-46.175,169.475,12.24192086191033,11.76792086191033
597,764,132.0,-46.125,169.375,12.41414377297042,11.62214377297042
598,765,70.0,-46.125,169.425,12.305268771087867,11.885268771087867
599,766,40.0,-46.125,169.475,12.100506952701835,11.860506952701835
600,128,45.0,-46.125,169.525,11.844181816908531,11.574181816908531
601,149,40.0,-46.125,169.575,11.572274049569387,11.332274049569387
602,155,112.0,-46.125,169.625,11.313979306883994,10.641979306883993
603,163,141.0,-46.125,169.675,11.095640594750876,10.249640594750876
604,206,54.0,-46.025,169.525,11.568976232898422,11.244976232898422
605,207,117.0,-46.025,169.575,11.424276843215921,10.722276843215921
606,208,257.0,-46.025,169.625,11.286152304470306,9.744152304470306
607,209,243.0,-46.025,169.675,11.173130029230379,9.715130029230378
608,370,20.0,-46.075,169.525,11.718637949743425,11.598637949743425
609,371,84.0,-46.075,169.575,11.509474936450715,11.005474936450716
610,372,80.0,-46.075,169.625,11.310420386886108,10.830420386886107
611,373,206.0,-46.075,169.675,11.144298377956147,9.908298377956147
612,669,60.0,-46.175,169.525,11.931975139828864,11.571975139828865
613,674,101.0,-46.175,169.575,11.607783566068974,11.001783566068974
614,679,67.0,-46.175,169.625,11.297927613297361,10.895927613297362
615,684,62.0,-46.175,169.675,11.031141402665526,10.659141402665526
616,172,226.0,-46.125,169.725,10.94057027353847,9.58457027353847
617,181,205.0,-46.125,169.775,10.86324003986374,9.63324003986374
618,210,145.0,-46.025,169.725,11.099333178572124,10.229333178572125
619,211,141.0,-46.025,169.775,11.072912428557174,10.226912428557174
620,212,287.0,-46.025,169.825,11.095144549239194,9.373144549239194
621,275,126.0,-46.125,169.825,10.86279596076929,10.10679596076929
622,374,269.0,-46.075,169.725,11.029194119226304,9.415194119226303
623,375,365.0,-46.075,169.775,10.975606451902422,8.785606451902423
624,376,121.0,-46.075,169.825,10.984144043948618,10.258144043948619
625,689,161.0,-46.175,169.725,10.838447000147426,9.872447000147426
626,694,86.0,-46.175,169.775,10.743147208326263,10.227147208326263
627,699,20.0,-46.175,169.825,10.741215766596724,10.621215766596725
628,213,237.0,-46.025,169.875,11.161159671202768,9.739159671202767
629,214,310.0,-46.025,169.925,11.26193549321033,9.401935493210331
630,215,202.0,-46.025,169.975,11.386229373209062,10.174229373209062
631,216,80.0,-46.025,170.025,11.521502271687496,11.041502271687495
632,279,25.0,-46.125,169.875,10.925815532857087,10.775815532857086
633,287,20.0,-46.125,169.925,11.034752680818201,10.914752680818202
634,295,20.0,-46.125,169.975,11.17280427327205,11.05280427327205
635,303,122.0,-46.125,170.025,11.324827864344115,10.592827864344116
636,377,153.0,-46.075,169.875,11.046818371702102,10.128818371702103
637,378,140.0,-46.075,169.925,11.150960470418795,10.310960470418795
638,379,40.0,-46.075,169.975,11.28244136091962,11.04244136091962
639,380,96.0,-46.075,170.025,11.426919564473792,10.850919564473791
640,704,47.0,-46.175,169.875,10.809274946077494,10.527274946077494
641,705,241.0,-46.175,169.925,10.924272573698545,9.478272573698545
642,706,69.0,-46.175,169.975,11.068008671194548,10.654008671194548
643,707,136.0,-46.175,170.025,11.225832073498168,10.409832073498167
644,217,0.0,-46.025,170.075,11.65357538315584,11.65357538315584
645,218,124.0,-46.025,170.125,11.76511109378771,11.02111109378771
646,219,84.0,-46.025,170.175,11.83509662943834,11.33109662943834
647,220,20.0,-46.025,170.225,11.851744920611964,11.731744920611964
648,311,396.0,-46.125,170.075,11.477098563904292,9.101098563904293
649,312,118.0,-46.125,170.125,11.617695169872604,10.909695169872604
650,313,46.0,-46.125,170.175,11.738744616159238,11.462744616159238
651,381,163.0,-46.075,170.075,11.569777521275682,10.591777521275683
652,382,180.0,-46.075,170.125,11.696078907640185,10.616078907640185
653,383,21.0,-46.075,170.175,11.793133248502272,11.667133248502273
654,708,92.0,-46.175,170.075,11.385606771407765,10.833606771407766
655,709,58.0,-46.175,170.125,11.537827372376341,11.18982737237634
656,221,154.0,-45.975,166.475,11.506335408543237,10.582335408543237
657,222,133.0,-45.975,166.525,11.46315581977251,10.66515581977251
658,223,0.0,-45.975,166.575,11.417977731209248,11.417977731209248
659,289,140.0,-45.875,166.475,11.656492593436269,10.81649259343627
660,297,354.0,-45.875,166.525,11.613393166539026,9.489393166539026
661,305,111.0,-45.875,166.575,11.568540769221727,10.902540769221726
662,408,655.0,-45.875,166.625,11.521970910282107,7.591970910282107
663,471,161.0,-45.925,166.475,11.578557084547356,10.612557084547356
664,472,364.0,-45.925,166.525,11.535264379170258,9.351264379170257
665,473,504.0,-45.925,166.575,11.490092974097934,8.466092974097933
666,474,307.0,-45.925,166.625,11.443046329717617,9.601046329717617
667,224,100.0,-45.975,166.775,11.218223027972272,10.618223027972272
668,411,170.0,-45.875,166.675,11.4737882008194,10.4537882008194
669,417,155.0,-45.875,166.725,11.424172801431268,10.494172801431269
670,420,669.0,-45.875,166.775,11.373371400812175,7.359371400812175
671,423,623.0,-45.875,166.825,11.321679983462673,7.583679983462673
672,475,201.0,-45.925,166.675,11.39421772948117,10.18821772948117
673,476,342.0,-45.925,166.725,11.343800731905503,9.291800731905504
674,477,141.0,-45.925,166.775,11.292068477661815,10.446068477661814
675,478,621.0,-45.925,166.825,11.239340694010025,7.513340694010025
676,225,774.0,-45.975,166.925,11.055980324483244,6.411980324483244
677,226,850.0,-45.975,166.975,11.00134765804978,5.901347658049781
678,426,714.0,-45.875,166.875,11.269427995721344,6.985427995721344
679,433,655.0,-45.875,166.925,11.216968333319528,7.286968333319528
680,439,378.0,-45.875,166.975,11.164672094251728,8.896672094251727
681,479,551.0,-45.925,166.875,11.185958769201534,7.879958769201535
682,480,415.0,-45.925,166.925,11.132273418654222,8.642273418654222
683,481,843.0,-45.925,166.975,11.0786397868942,6.0206397868942005
684,227,773.0,-45.975,167.025,10.946989708958426,6.308989708958427
685,228,1189.0,-45.975,167.075,10.893218325654743,3.759218325654743
686,229,411.0,-45.975,167.125,10.840322146308608,8.374322146308607
687,230,785.0,-45.975,167.175,10.788552373298444,6.078552373298444
688,446,939.0,-45.875,167.025,11.11292456893716,5.47892456893716
689,453,649.0,-45.875,167.075,11.062118356552674,7.168118356552673
690,460,1006.0,-45.875,167.125,11.012639509222936,4.976639509222935
691,482,393.0,-45.925,167.025,11.02541393248248,8.667413932482479
692,483,167.0,-45.925,167.075,10.972946369205602,9.9709463692056
693,484,1042.0,-45.925,167.125,10.921569892088883,4.669569892088883
694,485,401.0,-45.925,167.175,10.87158043376985,8.465580433769851
695,545,155.0,-45.875,167.175,10.964843374094926,10.034843374094926
696,231,539.0,-45.975,167.225,10.738105315947905,7.504105315947905
697,232,949.0,-45.975,167.275,10.689105042052688,4.995105042052688
698,233,155.0,-45.975,167.325,10.641590650106082,9.711590650106082
699,486,474.0,-45.925,167.225,10.823212046409026,7.979212046409026
700,487,155.0,-45.925,167.275,10.776610383967636,9.846610383967636
701,488,871.0,-45.925,167.325,10.731811997568002,5.505811997568002
702,555,795.0,-45.875,167.225,10.919019567110809,6.149019567110809
703,559,1061.0,-45.875,167.275,10.87535130008473,4.509351300084731
704,565,845.0,-45.875,167.325,10.83388114385889,5.76388114385889
705,234,307.0,-45.975,167.375,10.595512284897268,8.753512284897267
706,235,305.0,-45.975,167.425,10.550737745157676,8.720737745157676
707,236,143.0,-45.975,167.475,10.507068389677443,9.649068389677442
708,237,130.0,-45.975,167.525,10.464260751352413,9.684260751352413
709,489,939.0,-45.925,167.375,10.688736835523741,5.054736835523741
710,490,499.0,-45.925,167.425,10.64719733860693,7.65319733860693
711,491,318.0,-45.925,167.475,10.606921414611861,8.698921414611862
712,492,529.0,-45.925,167.525,10.567582448216854,7.393582448216854
713,571,198.0,-45.875,167.375,10.794497381575638,9.606497381575638
714,577,208.0,-45.875,167.425,10.756947717338335,9.508947717338335
715,583,757.0,-45.875,167.475,10.720874446618836,6.178874446618837
716,651,519.0,-45.875,167.525,10.685857455711812,7.571857455711811
717,238,160.0,-45.975,167.575,10.422049894696102,9.4620498946961
718,239,118.0,-45.975,167.625,10.380171794793569,9.672171794793568
719,240,64.0,-45.975,167.675,10.338383831985993,9.954383831985993
720,241,95.0,-45.975,167.725,10.296483983664075,9.726483983664075
721,493,286.0,-45.925,167.575,10.52882947147009,8.81282947147009
722,494,183.0,-45.925,167.625,10.490313502145,9.392313502144999
723,495,80.0,-45.925,167.675,10.451709315369953,9.971709315369953
724,496,127.0,-45.925,167.725,10.412733983728685,9.650733983728685
725,654,462.0,-45.875,167.575,10.651453157071956,7.879453157071955
726,659,134.0,-45.875,167.625,10.617224221045035,9.813224221045035
727,661,222.0,-45.875,167.675,10.582760718200007,9.250760718200006
728,666,168.0,-45.875,167.725,10.547695819972432,9.539695819972433
729,242,134.0,-45.975,167.775,10.254330088209826,9.450330088209826
730,243,153.0,-45.975,167.825,10.211860702256672,9.293860702256673
731,244,330.0,-45.975,167.875,10.169118637728388,8.189118637728388
732,497,204.0,-45.925,167.775,10.373164239630569,9.149164239630569
733,498,140.0,-45.925,167.825,10.332854479755042,9.492854479755042
734,499,142.0,-45.925,167.875,10.291756466976949,9.439756466976949
735,671,206.0,-45.875,167.775,10.511719344140147,9.275719344140146
736,676,286.0,-45.875,167.825,10.47459153800446,8.758591538004461
737,681,397.0,-45.875,167.875,10.436158292388427,8.054158292388427
738,245,306.0,-45.975,167.925,10.126277300791116,8.290277300791116
739,246,158.0,-45.975,167.975,10.083668344697799,9.135668344697798
740,247,156.0,-45.975,168.025,10.041806817724137,9.105806817724137
741,248,161.0,-45.975,168.075,10.00140705629019,9.035407056290191
742,500,154.0,-45.925,167.925,10.249940651032375,9.325940651032376
743,501,199.0,-45.925,167.975,10.207617571679293,9.013617571679294
744,502,309.0,-45.925,168.025,10.165156056842534,8.311156056842535
745,503,219.0,-45.925,168.075,10.123093088186579,8.809093088186579
746,686,367.0,-45.875,167.925,10.396367773893871,8.194367773893871
747,691,288.0,-45.875,167.975,10.355287217607838,8.627287217607838
748,696,405.0,-45.875,168.025,10.313117395853624,7.883117395853624
749,701,322.0,-45.875,168.075,10.27020120123052,8.33820120123052
750,249,133.0,-45.975,168.125,9.963379717170028,9.165379717170028
751,250,232.0,-45.975,168.175,9.928798924840521,8.536798924840522
752,251,259.0,-45.975,168.225,9.898829996644054,8.344829996644053
753,504,166.0,-45.925,168.125,10.082128810783615,9.086128810783615
754,505,301.0,-45.925,168.175,10.043100015012897,8.237100015012897
755,506,532.0,-45.925,168.225,10.006927398120752,6.814927398120751
756,768,195.0,-45.875,168.125,10.227022204373498,9.057022204373498
757,775,291.0,-45.875,168.175,10.18418946811289,8.43818946811289
758,777,519.0,-45.875,168.225,10.142406893821317,7.028406893821316
759,252,206.0,-45.975,168.275,9.874612841158523,8.638612841158523
760,253,99.0,-45.975,168.325,9.857106703624595,9.263106703624596
761,254,169.0,-45.975,168.375,9.846937524795067,8.832937524795067
762,255,379.0,-45.975,168.425,9.84434850641992,7.570348506419919
763,507,181.0,-45.925,168.275,9.974537119764136,8.888537119764136
764,508,112.0,-45.925,168.325,9.946768229739973,9.274768229739973
765,509,242.0,-45.925,168.375,9.924297041376121,8.472297041376121
766,510,343.0,-45.925,168.425,9.907624340732582,7.849624340732582
767,779,146.0,-45.875,168.275,10.102429669830599,9.2264296698306
768,781,132.0,-45.875,168.325,10.065017530461773,9.273017530461773
769,783,138.0,-45.875,168.375,10.03090284630889,9.202902846308891
770,786,281.0,-45.875,168.425,10.000793623839854,8.314793623839854
771,256,162.0,-45.975,168.475,9.849325255665462,8.877325255665463
772,257,458.0,-45.975,168.525,9.861829284345731,7.113829284345732
773,258,593.0,-45.975,168.575,9.882030536260572,6.324030536260572
774,511,268.0,-45.925,168.475,9.897149894808535,8.289149894808535
775,512,478.0,-45.925,168.525,9.893308068305487,7.0253080683054865
776,513,157.0,-45.925,168.575,9.896714465125115,8.954714465125114
777,788,385.0,-45.875,168.475,9.97541884459497,7.665418844594969
778,790,150.0,-45.875,168.525,9.955602053378243,9.055602053378243
779,792,156.0,-45.875,168.575,9.942336878957576,9.006336878957576
780,259,362.0,-45.975,168.625,9.910494044102961,7.738494044102961
781,260,231.0,-45.975,168.675,9.948325853532879,8.56232585353288
782,261,144.0,-45.975,168.725,9.997301794064697,9.133301794064696
783,262,120.0,-45.975,168.775,10.05998996103881,9.339989961038809
784,514,139.0,-45.925,168.625,9.908290275532636,9.074290275532636
785,515,180.0,-45.925,168.675,9.929354058229364,8.849354058229364
786,516,143.0,-45.925,168.725,9.961675477403332,9.103675477403332
787,517,119.0,-45.925,168.775,10.007455383209162,9.293455383209162
788,794,180.0,-45.875,168.625,9.936841762581025,8.856841762581025
789,796,160.0,-45.875,168.675,9.94057949911803,8.98057949911803
790,798,137.0,-45.875,168.725,9.955226137506543,9.133226137506544
791,800,131.0,-45.875,168.775,9.982554783622618,9.196554783622618
792,150,141.0,-45.975,168.925,10.362848273987765,9.516848273987765
793,158,154.0,-45.975,168.975,10.505441628600238,9.581441628600238
794,263,98.0,-45.975,168.825,10.139757941971766,9.551757941971767
795,264,118.0,-45.975,168.875,10.240151367688668,9.532151367688668
796,518,161.0,-45.925,168.825,10.069107896633795,9.103107896633796
797,519,140.0,-45.925,168.875,10.148613558907527,9.308613558907528
798,520,221.0,-45.925,168.925,10.246401309632347,8.920401309632346
799,521,155.0,-45.925,168.975,10.36047185670759,9.430471856707591
800,802,164.0,-45.875,168.825,10.024169591415557,9.040169591415557
801,804,159.0,-45.875,168.875,10.081036987176049,9.127036987176048
802,806,316.0,-45.875,168.925,10.152913901634747,8.256913901634746
803,808,230.0,-45.875,168.975,10.238015431110398,8.858015431110399
804,167,118.0,-45.975,169.025,10.66214024098008,9.95414024098008
805,176,179.0,-45.975,169.075,10.826005247334251,9.752005247334251
806,185,142.0,-45.975,169.125,10.989892225363292,10.137892225363291
807,522,151.0,-45.925,169.025,10.48666130482161,9.580661304821609
808,523,220.0,-45.925,169.075,10.619659972086083,9.299659972086083
809,524,177.0,-45.925,169.125,10.753771424904699,9.6917714249047
810,810,317.0,-45.875,169.025,10.333222556553665,8.431222556553665
811,812,360.0,-45.875,169.075,10.434690143010812,8.274690143010812
812,814,235.0,-45.875,169.125,10.538448294406408,9.128448294406407
813,273,186.0,-45.975,169.175,11.146298034669599,10.030298034669599
814,277,120.0,-45.975,169.225,11.287086736789206,10.567086736789205
815,284,243.0,-45.975,169.275,11.40386926769861,9.94586926769861
816,292,433.0,-45.975,169.325,11.487192364904331,8.889192364904332
817,525,160.0,-45.925,169.175,10.883157931180904,9.923157931180903
818,526,221.0,-45.925,169.225,11.001953344064532,9.675953344064531
819,527,181.0,-45.925,169.275,11.105024445263552,10.019024445263552
820,528,525.0,-45.925,169.325,11.186752618421451,8.03675261842145
821,816,156.0,-45.875,169.175,10.640780991772772,9.704780991772772
822,818,160.0,-45.875,169.225,10.738452886173036,9.778452886173035
823,819,187.0,-45.875,169.275,10.828774272697046,9.706774272697047
824,821,240.0,-45.875,169.325,10.908882204035763,9.468882204035763
825,300,468.0,-45.975,169.375,11.528023580511217,8.720023580511217
826,308,228.0,-45.975,169.425,11.523742711695377,10.155742711695376
827,402,78.0,-45.975,169.475,11.479843336957856,11.011843336957856
828,529,732.0,-45.925,169.375,11.241131554648746,6.8491315546487455
829,530,520.0,-45.925,169.425,11.26669116683479,8.146691166834788
830,531,264.0,-45.925,169.475,11.266799743592856,9.682799743592856
831,823,545.0,-45.875,169.375,10.975953648827272,7.705953648827272
832,825,504.0,-45.875,169.425,11.028970693514566,8.004970693514565
833,826,161.0,-45.875,169.475,11.069301476178225,10.103301476178226
834,407,138.0,-45.975,169.525,11.40854018877144,10.58054018877144
835,412,216.0,-45.975,169.575,11.325419325527037,10.029419325527037
836,432,157.0,-45.975,169.625,11.246291540490347,10.304291540490347
837,434,320.0,-45.975,169.675,11.185077637477661,9.265077637477662
838,532,206.0,-45.925,169.525,11.24892203512718,10.012922035127179
839,533,238.0,-45.925,169.575,11.222925472204224,9.794925472204223
840,534,201.0,-45.925,169.625,11.199200630755513,9.993200630755513
841,535,159.0,-45.925,169.675,11.187120053335093,10.233120053335092
842,827,282.0,-45.875,169.525,11.10041032700974,9.40841032700974
843,828,236.0,-45.875,169.575,11.12714686068648,9.71114686068648
844,829,176.0,-45.875,169.625,11.154872900253395,10.098872900253394
845,830,211.0,-45.875,169.675,11.188621667010011,9.922621667010011
846,438,232.0,-45.975,169.725,11.152367152724764,9.760367152724765
847,448,167.0,-45.975,169.775,11.154361921173404,10.152361921173403
848,455,190.0,-45.975,169.825,11.192409478317131,10.05240947831713
849,536,198.0,-45.925,169.725,11.193894615484169,10.005894615484168
850,537,241.0,-45.925,169.775,11.22378240643593,9.77778240643593
851,538,354.0,-45.925,169.825,11.277716077820514,9.153716077820514
852,831,464.0,-45.875,169.725,11.23235857776308,8.44835857776308
853,832,476.0,-45.875,169.775,11.288377239005058,8.432377239005058
854,833,379.0,-45.875,169.825,11.356894448108505,9.082894448108505
855,462,474.0,-45.975,169.875,11.263396272086538,8.419396272086539
856,463,448.0,-45.975,169.925,11.360811947044567,8.672811947044567
857,464,388.0,-45.975,169.975,11.475889986104448,9.147889986104449
858,465,232.0,-45.975,170.025,11.598242318301345,10.206242318301346
859,539,303.0,-45.925,169.875,11.353418336002505,9.535418336002506
860,540,584.0,-45.925,169.925,11.445897235927987,7.941897235927987
861,541,453.0,-45.925,169.975,11.54802888231643,8.83002888231643
862,542,86.0,-45.925,170.025,11.650881229477818,11.134881229477818
863,834,426.0,-45.875,169.875,11.43589373557188,8.879893735571882
864,835,400.0,-45.875,169.925,11.521172610096983,9.121172610096982
865,836,400.0,-45.875,169.975,11.606429589242907,9.206429589242907
866,837,520.0,-45.875,170.025,11.683123752503889,8.563123752503888
867,127,110.0,-45.925,170.075,11.74340470788593,11.08340470788593
868,146,26.0,-45.925,170.125,11.81070693609945,11.65470693609945
869,164,1.0,-45.925,170.175,11.827257806202397,11.821257806202397
870,173,3.0,-45.925,170.225,11.71774080992327,11.69974080992327
871,466,32.0,-45.975,170.075,11.715520754863974,11.523520754863974
872,467,2.0,-45.975,170.125,11.811154021968832,11.799154021968832
873,468,17.0,-45.975,170.175,11.856877544210874,11.754877544210874
874,469,159.0,-45.975,170.225,11.811910222822917,10.857910222822916
875,838,658.0,-45.875,170.075,11.739663235362968,7.791663235362968
876,839,860.0,-45.875,170.125,11.758869053606759,6.59886905360676
877,840,31.0,-45.875,170.175,11.711255993664963,11.525255993664963
878,841,7.0,-45.875,170.225,11.559206235266174,11.517206235266174
879,182,153.0,-45.925,170.275,11.52968849381432,10.61168849381432
880,265,115.0,-45.925,170.325,11.397555499148439,10.70755549914844
881,270,84.0,-45.925,170.375,11.441911333749886,10.937911333749886
882,470,42.0,-45.975,170.275,11.714923235966126,11.462923235966125
883,842,14.0,-45.875,170.275,11.33550101389119,11.25150101389119
884,843,20.0,-45.875,170.325,11.138040162448306,11.018040162448306
885,844,32.0,-45.875,170.375,11.095462546727504,10.903462546727503
886,281,52.0,-45.925,170.425,11.753233333831304,11.441233333831304
887,845,201.0,-45.875,170.425,11.440135098338942,10.234135098338943
888,846,156.0,-45.875,170.475,11.952221613377333,11.016221613377333
889,847,292.0,-45.875,170.625,12.17605290201027,10.424052902010269
890,848,117.0,-45.875,170.725,11.756951708288398,11.054951708288398
891,849,356.0,-45.825,166.525,11.697749028826365,9.561749028826366
892,850,656.0,-45.825,166.625,11.60773953286116,7.67173953286116
893,1200,249.0,-45.675,166.525,11.989402144216001,10.495402144216001
894,1201,241.0,-45.675,166.575,11.948963153641671,10.502963153641671
895,1202,445.0,-45.675,166.625,11.907414468820207,9.237414468820207
896,1955,52.0,-45.725,166.475,11.92634923272999,11.61434923272999
897,1956,412.0,-45.725,166.625,11.80038507891004,9.32838507891004
898,851,397.0,-45.825,166.675,11.560496455465909,9.17849645546591
899,852,530.0,-45.825,166.725,11.511971514002653,8.331971514002653
900,853,240.0,-45.825,166.775,11.462394703004975,10.022394703004975
901,854,1139.0,-45.825,166.825,11.412044570053695,4.578044570053694
902,912,85.0,-45.775,166.675,11.654514238878619,11.14451423887862
903,913,433.0,-45.775,166.775,11.559345848974772,8.961345848974773
904,914,398.0,-45.775,166.825,11.510656638885848,9.122656638885848
905,1203,328.0,-45.675,166.675,11.864883330650628,9.896883330650628
906,1204,477.0,-45.675,166.775,11.777574689971516,8.915574689971516
907,1205,682.0,-45.675,166.825,11.733247474825475,7.641247474825476
908,1957,472.0,-45.725,166.675,11.755957178247627,8.923957178247626
909,855,733.0,-45.825,166.875,11.361239403049694,6.963239403049695
910,856,1088.0,-45.825,166.925,11.310331229120493,4.7823312291204925
911,857,913.0,-45.825,166.975,11.259702886105515,5.781702886105514
912,915,757.0,-45.775,166.875,11.461626715637976,6.9196267156379765
913,916,669.0,-45.775,166.925,11.412604193028528,7.398604193028528
914,917,700.0,-45.775,166.975,11.363978271285305,7.163978271285305
915,1206,375.0,-45.675,166.875,11.688840156275546,9.438840156275546
916,1207,414.0,-45.675,166.925,11.644683692516992,9.160683692516992
917,1208,218.0,-45.675,166.975,11.601159390993416,10.293159390993416
918,1958,455.0,-45.725,166.975,11.477728855941677,8.747728855941677
919,140,939.0,-45.825,167.025,11.20976616392727,5.57576616392727
920,145,601.0,-45.825,167.075,11.16095728878281,7.554957288782811
921,159,1144.0,-45.825,167.125,11.113724314665888,4.249724314665888
922,168,363.0,-45.825,167.175,11.068499732587952,8.890499732587951
923,918,691.0,-45.775,167.025,11.316181592730572,7.1701815927305725
924,919,824.0,-45.775,167.075,11.269691435969435,6.325691435969435
925,920,973.0,-45.775,167.125,11.225023484468693,5.387023484468693
926,921,825.0,-45.775,167.175,11.18270690771169,6.23270690771169
927,1209,828.0,-45.675,167.025,11.558709929086035,6.590709929086036
928,1210,402.0,-45.675,167.075,11.517856920108898,9.105856920108899
929,1211,462.0,-45.675,167.125,11.47922521023429,8.70722521023429
930,1212,1534.0,-45.675,167.175,11.443565308582038,2.239565308582039
931,1959,1038.0,-45.725,167.025,11.432415303366724,5.204415303366724
932,1960,1112.0,-45.725,167.075,11.388566693291068,4.716566693291068
933,1961,961.0,-45.725,167.125,11.346763178502442,5.580763178502443
934,1962,900.0,-45.725,167.175,11.307646285771625,5.907646285771626
935,177,968.0,-45.825,167.225,11.02565339251305,5.21765339251305
936,186,747.0,-45.825,167.275,10.985429840307916,6.503429840307916
937,266,772.0,-45.825,167.325,10.947889896779088,6.315889896779089
938,922,1441.0,-45.775,167.225,11.14322620537132,2.4972262053713212
939,923,907.0,-45.775,167.275,11.106925116793718,5.664925116793718
940,924,607.0,-45.775,167.325,11.07390226519783,7.431902265197831
941,1213,933.0,-45.675,167.225,11.411731910920935,5.813731910920935
942,1214,740.0,-45.675,167.275,11.38450808104244,6.94450808104244
943,1215,451.0,-45.675,167.325,11.36221424138057,8.656214241380571
944,1963,1133.0,-45.725,167.225,11.271860983630177,4.473860983630177
945,1964,1383.0,-45.725,167.275,11.239914271049201,2.9419142710492014
946,1965,436.0,-45.725,167.325,11.211978105595335,8.595978105595336
947,269,945.0,-45.825,167.375,10.9128854405717,5.2428854405717
948,286,845.0,-45.825,167.425,10.880082447547466,5.810082447547466
949,294,240.0,-45.825,167.475,10.849018604494631,9.409018604494632
950,302,372.0,-45.825,167.525,10.81916692404775,8.58716692404775
951,925,749.0,-45.775,167.375,11.043961952556856,6.549961952556856
952,926,1133.0,-45.775,167.425,11.0166578264907,4.2186578264907
953,927,430.0,-45.775,167.475,10.99139447385096,8.41139447385096
954,928,265.0,-45.775,167.525,10.967523327286472,9.377523327286472
955,1216,1168.0,-45.675,167.375,11.344446697854437,4.336446697854437
956,1217,1423.0,-45.675,167.425,11.330316310341004,2.792316310341004
957,1218,932.0,-45.675,167.475,11.318838235398289,5.726838235398289
958,1219,1235.0,-45.675,167.525,11.309110752918059,3.8991107529180598
959,1966,1017.0,-45.725,167.375,11.187783731409581,5.085783731409582
960,1967,1419.0,-45.725,167.425,11.166716163454112,2.6527161634541123
961,1968,391.0,-45.725,167.475,11.148007132826024,8.802007132826024
962,1969,727.0,-45.725,167.525,11.130876423223526,6.768876423223527
963,310,307.0,-45.825,167.575,10.789985213850741,8.94798521385074
964,404,134.0,-45.825,167.625,10.760947007715004,9.956947007715003
965,414,288.0,-45.825,167.675,10.731558765663067,9.003558765663067
966,431,239.0,-45.825,167.725,10.701369886039174,9.267369886039175
967,929,164.0,-45.775,167.575,10.944401720902533,9.960401720902533
968,930,120.0,-45.775,167.625,10.921419054691796,10.201419054691796
969,931,264.0,-45.775,167.675,10.898004679358564,9.314004679358565
970,932,413.0,-45.775,167.725,10.87362889375072,8.39562889375072
971,1220,400.0,-45.675,167.575,11.300334569546976,8.900334569546976
972,1221,266.0,-45.675,167.625,11.291785497116507,9.695785497116507
973,1222,203.0,-45.675,167.675,11.282784892609925,10.064784892609925
974,1223,300.0,-45.675,167.725,11.272677346554701,9.4726773465547
975,1970,232.0,-45.725,167.575,11.114589398028329,9.72258939802833
976,1971,265.0,-45.725,167.625,11.098465768343885,9.508465768343886
977,1972,403.0,-45.725,167.675,11.081871159563889,8.66387115956389
978,1973,409.0,-45.725,167.725,11.064206388866296,8.610206388866295
979,442,377.0,-45.825,167.775,10.669980494509218,8.407980494509218
980,447,596.0,-45.825,167.825,10.63704992509156,7.0610499250915595
981,454,561.0,-45.825,167.875,10.60230716704973,7.2363071670497305
982,933,721.0,-45.775,167.775,10.847803312033648,6.521803312033648
983,934,957.0,-45.775,167.825,10.820083407554193,5.078083407554193
984,935,777.0,-45.775,167.875,10.790074221018585,6.1280742210185855
985,1224,978.0,-45.675,167.775,11.260815907895449,5.392815907895449
986,1225,1002.0,-45.675,167.825,11.246553770135506,5.2345537701355065
987,1226,962.0,-45.675,167.875,11.2292416630371,5.4572416630371015
988,1974,801.0,-45.725,167.775,11.044899720349349,6.238899720349349
989,1975,1078.0,-45.725,167.825,11.02340354435728,4.55540354435728
990,1976,1328.0,-45.725,167.875,10.999195676035015,3.031195676035016
991,461,576.0,-45.825,167.925,10.565563351730816,7.1095633517308165
992,557,532.0,-45.825,167.975,10.526725410178187,7.334725410178187
993,561,518.0,-45.825,168.025,10.485809249003069,7.377809249003069
994,567,468.0,-45.825,168.075,10.44295025554311,7.63495025554311
995,936,602.0,-45.775,167.925,10.757439271212206,7.145439271212206
996,937,603.0,-45.775,167.975,10.721912157823681,7.103912157823681
997,1002,485.0,-45.775,168.025,10.683309999367339,7.7733099993673385
998,1010,592.0,-45.775,168.075,10.641547692313907,7.089547692313907
999,1227,714.0,-45.675,167.925,11.208230730277137,6.924230730277137
1000,1228,524.0,-45.675,167.975,11.182881124550477,8.038881124550477
1001,1229,760.0,-45.675,168.025,11.152576983426115,6.592576983426116
1002,1230,376.0,-45.675,168.075,11.116748833330348,8.860748833330348
1003,1977,806.0,-45.725,167.925,10.971785149857169,6.135785149857169
1004,1978,460.0,-45.725,167.975,10.940722338986234,8.180722338986234
1005,1979,556.0,-45.725,168.025,10.905613296941738,7.569613296941737
1006,1980,376.0,-45.725,168.075,10.86613836613833,8.61013836613833
1007,573,258.0,-45.825,168.125,10.398408804496285,8.850408804496285
1008,579,393.0,-45.825,168.175,10.352568969305139,7.9945689693051385
1009,653,380.0,-45.825,168.225,10.305930151167559,8.02593015116756
1010,1011,369.0,-45.775,168.125,10.596652060587076,8.382652060587075
1011,1013,255.0,-45.775,168.175,10.548775386458146,9.018775386458147
1012,1014,260.0,-45.775,168.225,10.498208581309882,8.938208581309881
1013,1231,359.0,-45.675,168.125,11.074904830980813,8.920904830980813
1014,1232,341.0,-45.675,168.175,11.026672425941797,8.980672425941798
1015,1233,296.0,-45.675,168.225,10.971851740920101,9.195851740920101
1016,1981,334.0,-45.725,168.125,10.822075308067724,8.818075308067725
1017,1982,288.0,-45.725,168.175,10.773327463044552,9.045327463044552
1018,1983,310.0,-45.725,168.225,10.719957560679177,8.859957560679177
1019,655,194.0,-45.825,168.275,10.259093930479139,9.09509393047914
1020,663,230.0,-45.825,168.325,10.212751838786062,8.832751838786063
1021,668,154.0,-45.825,168.375,10.167682193001383,9.243682193001383
1022,673,221.0,-45.825,168.425,10.124762462583021,8.79876246258302
1023,1016,445.0,-45.775,168.275,10.445395221337094,7.775395221337094
1024,1018,268.0,-45.775,168.325,10.390948297528666,8.782948297528666
1025,1021,342.0,-45.775,168.375,10.335670801709057,8.283670801709057
1026,1023,180.0,-45.775,168.425,10.280578081699787,9.200578081699787
1027,1234,276.0,-45.675,168.275,10.910480767444824,9.254480767444823
1028,1235,255.0,-45.675,168.325,10.84290976363991,9.31290976363991
1029,1236,232.0,-45.675,168.375,10.76987756548624,9.37787756548624
1030,1237,225.0,-45.675,168.425,10.692576011409983,9.342576011409983
1031,1984,337.0,-45.725,168.275,10.662227457767585,8.640227457767585
1032,1985,333.0,-45.725,168.325,10.600642761579365,8.602642761579366
1033,1986,268.0,-45.725,168.375,10.535998427149025,8.927998427149024
1034,1987,200.0,-45.725,168.425,10.469416858948534,9.269416858948535
1035,678,168.0,-45.825,168.475,10.0849959711486,9.076995971148602
1036,683,157.0,-45.825,168.525,10.049541553089512,9.107541553089511
1037,688,216.0,-45.825,168.575,10.019729008272407,8.723729008272407
1038,1025,188.0,-45.775,168.475,10.226914422644768,9.098914422644768
1039,1029,262.0,-45.775,168.525,10.176150933126337,8.604150933126338
1040,1033,229.0,-45.775,168.575,10.129950059214025,8.755950059214024
1041,1238,733.0,-45.675,168.475,10.612681647631689,6.214681647631689
1042,1239,385.0,-45.675,168.525,10.532329204492271,8.22232920449227
1043,1240,559.0,-45.675,168.575,10.454002907499671,7.100002907499672
1044,1988,357.0,-45.725,168.475,10.40236473560799,8.26036473560799
1045,1989,363.0,-45.725,168.525,10.336631044818205,8.158631044818204
1046,1990,264.0,-45.725,168.575,10.274249592752312,8.690249592752313
1047,693,176.0,-45.825,168.625,9.997044681062107,8.941044681062106
1048,698,153.0,-45.825,168.675,9.983076150296256,9.065076150296257
1049,703,145.0,-45.825,168.725,9.979406614569598,9.109406614569599
1050,824,148.0,-45.825,168.775,9.987446102648391,9.099446102648391
1051,1037,178.0,-45.775,168.625,10.090085529634962,9.022085529634962
1052,1041,197.0,-45.775,168.675,10.058313722154708,8.876313722154707
1053,1045,188.0,-45.775,168.725,10.036200297690812,8.908200297690811
1054,1049,180.0,-45.775,168.775,10.024913596367696,8.944913596367696
1055,1241,256.0,-45.675,168.625,10.380332848231774,8.844332848231774
1056,1242,685.0,-45.675,168.675,10.313804757388425,6.203804757388426
1057,1243,636.0,-45.675,168.725,10.256418317658245,6.440418317658245
1058,1244,527.0,-45.675,168.775,10.209353337791981,7.047353337791982
1059,1991,240.0,-45.725,168.625,10.217356385997846,8.777356385997846
1060,1992,189.0,-45.725,168.675,10.167985185995349,9.033985185995348
1061,1993,261.0,-45.725,168.725,10.12782036823046,8.56182036823046
1062,1994,199.0,-45.725,168.775,10.09794168175722,8.903941681757221
1063,861,193.0,-45.825,168.825,10.008187973158783,8.850187973158784
1064,864,240.0,-45.825,168.875,10.041910703817848,8.601910703817849
1065,866,331.0,-45.825,168.925,10.087923275204957,8.101923275204957
1066,868,346.0,-45.825,168.975,10.144522240327206,8.068522240327205
1067,1053,507.0,-45.775,168.825,10.0250081908016,6.9830081908016
1068,1057,380.0,-45.775,168.875,10.036245789480745,7.7562457894807455
1069,1161,700.0,-45.775,168.925,10.057533595114364,5.857533595114364
1070,1170,384.0,-45.775,168.975,10.087073110509664,7.7830731105096636
1071,1245,277.0,-45.675,168.825,10.172716574801598,8.510716574801599
1072,1246,180.0,-45.675,168.875,10.145441842527362,9.065441842527362
1073,1247,329.0,-45.675,168.925,10.125406321938499,8.151406321938499
1074,1248,408.0,-45.675,168.975,10.10981374696712,7.66181374696712
1075,1995,225.0,-45.725,168.825,10.07860918584629,8.72860918584629
1076,1996,189.0,-45.725,168.875,10.069148899361608,8.935148899361607
1077,1997,371.0,-45.725,168.925,10.068008109286893,7.842008109286893
1078,1998,680.0,-45.725,168.975,10.073043907817919,5.993043907817919
1079,870,589.0,-45.825,169.025,10.209271938496386,6.675271938496386
1080,872,235.0,-45.825,169.075,10.279533811743022,8.869533811743022
1081,874,217.0,-45.825,169.125,10.353032420636737,9.051032420636737
1082,1028,328.0,-45.725,169.125,10.108024856614065,8.140024856614065
1083,1179,604.0,-45.775,169.025,10.122766423068242,6.4987664230682425
1084,1249,1009.0,-45.675,169.025,10.095882394598448,4.041882394598448
1085,1250,650.0,-45.675,169.075,10.081849010603037,6.181849010603036
1086,1251,506.0,-45.675,169.125,10.068219080392737,7.032219080392737
1087,1271,615.0,-45.775,169.075,10.162825609353604,6.472825609353604
1088,1272,310.0,-45.775,169.125,10.206427808618173,8.346427808618174
1089,1999,698.0,-45.725,169.025,10.0820762351359,5.894076235135901
1090,2000,718.0,-45.725,169.075,10.093671449169051,5.785671449169051
1091,876,491.0,-45.825,169.175,10.428260398097336,7.482260398097337
1092,878,302.0,-45.825,169.225,10.504596392784151,8.692596392784152
1093,880,221.0,-45.825,169.275,10.58201160246972,9.25601160246972
1094,882,227.0,-45.825,169.325,10.6604082477279,9.2984082477279
1095,1032,523.0,-45.725,169.175,10.127682839636691,6.989682839636691
1096,1035,589.0,-45.725,169.225,10.157718821661547,6.623718821661547
1097,1039,516.0,-45.725,169.275,10.204969193786383,7.108969193786383
1098,1043,370.0,-45.725,169.325,10.276218000304652,8.056218000304652
1099,1252,603.0,-45.675,169.175,10.059001082758186,6.441001082758186
1100,1253,586.0,-45.675,169.225,10.062349958272534,6.546349958272534
1101,1254,309.0,-45.675,169.275,10.089793156294036,8.235793156294037
1102,1255,269.0,-45.675,169.325,10.153444621930248,8.539444621930247
1103,1273,240.0,-45.775,169.175,10.25419448458706,8.81419448458706
1104,1275,424.0,-45.775,169.225,10.308251300957636,7.7642513009576355
1105,1292,337.0,-45.775,169.275,10.37168184829352,8.34968184829352
1106,1300,279.0,-45.775,169.325,10.447442359829438,8.773442359829438
1107,884,287.0,-45.825,169.375,10.73927582752367,9.01727582752367
1108,885,394.0,-45.825,169.425,10.817942113688332,8.453942113688331
1109,886,293.0,-45.825,169.475,10.89584752038354,9.137847520383541
1110,1047,499.0,-45.725,169.375,10.37579713940795,7.381797139407951
1111,1051,493.0,-45.725,169.425,10.503596669892431,7.545596669892431
1112,1055,60.0,-45.725,169.475,10.654495963681256,10.294495963681257
1113,1256,339.0,-45.675,169.375,10.261663447294268,8.227663447294269
1114,1257,81.0,-45.675,169.425,10.415043164844974,9.929043164844973
1115,1258,353.0,-45.675,169.475,10.605086893352563,8.487086893352563
1116,1409,340.0,-45.775,169.375,10.5371821418521,8.4971821418521
1117,1411,343.0,-45.775,169.425,10.640469881051104,8.582469881051104
1118,1413,162.0,-45.775,169.475,10.75468299438944,9.782682994389441
1119,887,43.0,-45.825,169.525,10.972710016183555,10.714710016183556
1120,888,141.0,-45.825,169.575,11.048653762685717,10.202653762685717
1121,889,374.0,-45.825,169.625,11.12425591450301,8.88025591450301
1122,890,513.0,-45.825,169.675,11.200426662806422,8.122426662806422
1123,1059,377.0,-45.725,169.525,10.819570059509715,8.557570059509715
1124,1158,460.0,-45.725,169.575,10.98847463617858,8.22847463617858
1125,1165,705.0,-45.725,169.625,11.151867004504311,6.921867004504311
1126,1174,960.0,-45.725,169.675,11.302920550908311,5.5429205509083115
1127,1259,400.0,-45.675,169.525,10.81652446584485,8.41652446584485
1128,1260,615.0,-45.675,169.575,11.031939772117767,7.341939772117767
1129,1261,929.0,-45.675,169.625,11.236219556056312,5.662219556056313
1130,1262,1140.0,-45.675,169.675,11.419039137443178,4.5790391374431785
1131,1416,209.0,-45.775,169.525,10.875601455001743,9.621601455001743
1132,1419,559.0,-45.775,169.575,10.99847057054285,7.64447057054285
1133,1438,520.0,-45.775,169.625,11.119069607520942,7.9990696075209415
1134,1443,686.0,-45.775,169.675,11.234359576745192,7.118359576745192
1135,891,542.0,-45.825,169.725,11.278085666810512,8.026085666810513
1136,892,497.0,-45.825,169.775,11.357686368341092,8.375686368341093
1137,893,388.0,-45.825,169.825,11.43870495603187,9.11070495603187
1138,1183,1076.0,-45.725,169.725,11.437631488181069,4.981631488181069
1139,1184,985.0,-45.725,169.775,11.554181280414923,5.644181280414924
1140,1185,882.0,-45.725,169.825,11.651845483618672,6.359845483618672
1141,1263,1011.0,-45.675,169.725,11.57510565443954,5.50910565443954
1142,1264,1080.0,-45.675,169.775,11.702912891254527,5.222912891254527
1143,1265,944.0,-45.675,169.825,11.802973224243033,6.138973224243033
1144,1450,779.0,-45.775,169.725,11.342534614930628,6.668534614930628
1145,1555,878.0,-45.775,169.775,11.44257124363503,6.17457124363503
1146,1558,878.0,-45.775,169.825,11.533514699607622,6.265514699607622
1147,894,396.0,-45.825,169.875,11.519203691306757,9.143203691306757
1148,895,421.0,-45.825,169.925,11.595500713796355,9.069500713796355
1149,896,469.0,-45.825,169.975,11.661870956842904,8.847870956842904
1150,897,435.0,-45.825,170.025,11.710100844706176,9.100100844706176
1151,1186,604.0,-45.725,169.875,11.729880668426631,8.105880668426632
1152,1187,653.0,-45.725,169.925,11.786646243519499,7.868646243519499
1153,1188,520.0,-45.725,169.975,11.819069721808773,8.699069721808772
1154,1189,526.0,-45.725,170.025,11.822529597891844,8.666529597891845
1155,1266,600.0,-45.675,169.875,11.876217894168803,8.276217894168804
1156,1267,487.0,-45.675,169.925,11.922900227917125,9.000900227917125
1157,1268,455.0,-45.675,169.975,11.942103828085237,9.212103828085237
1158,1269,387.0,-45.675,170.025,11.931895244822954,9.609895244822955
1159,1562,658.0,-45.775,169.875,11.61373706809536,7.6657370680953605
1160,1568,553.0,-45.775,169.925,11.680305155183305,8.362305155183305
1161,1666,441.0,-45.775,169.975,11.728485254221596,9.082485254221595
1162,1669,341.0,-45.775,170.025,11.751361017246381,9.705361017246382
1163,898,515.0,-45.825,170.075,11.728648542921292,8.638648542921292
1164,899,497.0,-45.825,170.125,11.701383707739296,8.719383707739297
1165,900,295.0,-45.825,170.175,11.608321461069863,9.838321461069864
1166,901,225.0,-45.825,170.225,11.439446068776306,10.089446068776306
1167,1143,416.0,-45.675,170.125,11.816946689941688,9.320946689941687
1168,1145,359.0,-45.675,170.175,11.716744486460811,9.562744486460812
1169,1149,320.0,-45.675,170.225,11.602917059863103,9.682917059863103
1170,1190,520.0,-45.725,170.075,11.791381251736311,8.67138125173631
1171,1191,520.0,-45.725,170.125,11.720744808975724,8.600744808975723
1172,1192,501.0,-45.725,170.175,11.610572427263833,8.604572427263832
1173,1193,388.0,-45.725,170.225,11.472228954909951,9.144228954909952
1174,1270,514.0,-45.675,170.075,11.89024211250944,8.806242112509441
1175,1673,429.0,-45.775,170.075,11.7396649740258,9.1656649740258
1176,1678,472.0,-45.775,170.125,11.682539296103641,8.85053929610364
1177,1683,409.0,-45.775,170.175,11.571537621275638,9.117537621275638
1178,1689,387.0,-45.775,170.225,11.411102249636315,9.089102249636316
1179,902,52.0,-45.825,170.275,11.224062699751812,10.912062699751813
1180,903,138.0,-45.825,170.325,11.036760547183803,10.208760547183804
1181,904,147.0,-45.825,170.375,11.0023510127794,10.1203510127794
1182,1168,299.0,-45.675,170.275,11.49918629451713,9.70518629451713
1183,1177,382.0,-45.675,170.325,11.436293655860936,9.144293655860936
1184,1194,341.0,-45.725,170.275,11.33463655912783,9.28863655912783
1185,1195,358.0,-45.725,170.325,11.24384324530547,9.09584324530547
1186,1196,400.0,-45.725,170.375,11.248055772302905,8.848055772302905
1187,1279,437.0,-45.675,170.375,11.4400750677014,8.8180750677014
1188,1697,406.0,-45.775,170.275,11.232147315356997,8.796147315356997
1189,1700,53.0,-45.775,170.325,11.097608316369588,10.779608316369588
1190,1704,202.0,-45.775,170.375,11.093926035566255,9.881926035566256
1191,905,199.0,-45.825,170.425,11.270916761655826,10.076916761655827
1192,907,544.0,-45.825,170.475,11.68032308795955,8.416323087959551
1193,908,362.0,-45.825,170.525,11.975168183373171,9.80316818337317
1194,909,274.0,-45.825,170.575,12.047205675189616,10.403205675189616
1195,1197,376.0,-45.725,170.425,11.361463100591209,9.105463100591209
1196,1198,420.0,-45.725,170.475,11.534915298296255,9.014915298296255
1197,1199,202.0,-45.725,170.525,11.68453007262724,10.47253007262724
1198,1282,327.0,-45.675,170.425,11.513382420976995,9.551382420976996
1199,1284,364.0,-45.675,170.475,11.626590069718077,9.442590069718076
1200,1288,259.0,-45.675,170.525,11.73124001317774,10.17724001317774
1201,1296,251.0,-45.675,170.575,11.786534834449412,10.280534834449412
1202,1709,379.0,-45.775,170.425,11.270349442755105,8.996349442755104
1203,1713,456.0,-45.775,170.475,11.541895100352122,8.80589510035212
1204,1718,230.0,-45.775,170.525,11.759308326145401,10.379308326145402
1205,1867,198.0,-45.775,170.575,11.83478846255457,10.64678846255457
1206,910,96.0,-45.825,170.675,11.752077075376292,11.176077075376291
1207,911,13.0,-45.825,170.725,11.55997327597288,11.48197327597288
1208,1304,143.0,-45.675,170.625,11.776911961263977,10.918911961263976
1209,1950,123.0,-45.775,170.625,11.768111421712092,11.030111421712093
1210,1954,174.0,-45.775,170.675,11.608212545295828,10.564212545295828
1211,1408,410.0,-45.625,166.625,12.02158987056464,9.56158987056464
1212,1421,350.0,-45.625,166.675,11.981289770686999,9.881289770687
1213,1437,417.0,-45.625,166.775,11.898963230196387,9.396963230196388
1214,1444,706.0,-45.625,166.825,11.857378789485665,7.621378789485665
1215,1617,588.0,-45.525,166.725,12.201115894451505,8.673115894451504
1216,1618,596.0,-45.525,166.775,12.16599273783504,8.58999273783504
1217,1619,858.0,-45.525,166.825,12.131076951685827,6.9830769516858275
1218,1933,267.0,-45.575,166.725,12.066920835146448,10.464920835146447
1219,1934,602.0,-45.575,166.825,11.990036509378115,8.378036509378115
1220,1451,421.0,-45.625,166.875,11.815872031234903,9.289872031234903
1221,1549,244.0,-45.625,166.925,11.774763992871158,10.310763992871157
1222,1553,893.0,-45.625,166.975,11.734424702997785,6.376424702997785
1223,1620,978.0,-45.525,166.975,12.030559352249838,6.162559352249839
1224,1935,341.0,-45.575,166.875,11.951853267586557,9.905853267586558
1225,1936,252.0,-45.575,166.925,11.914249615481822,10.402249615481821
1226,1937,674.0,-45.575,166.975,11.877587078866782,7.833587078866782
1227,1565,1158.0,-45.625,167.025,11.695285067748046,4.747285067748046
1228,1571,685.0,-45.625,167.075,11.657857818878256,7.547857818878256
1229,1621,338.0,-45.525,167.025,11.999683531408664,9.971683531408663
1230,1622,1029.0,-45.525,167.075,11.970882055553375,5.796882055553375
1231,1623,1046.0,-45.525,167.125,11.944745669927215,5.6687456699272145
1232,1624,875.0,-45.525,167.175,11.922024884726852,6.672024884726852
1233,1646,622.0,-45.625,167.125,11.622774169576587,7.890774169576588
1234,1648,800.0,-45.625,167.175,11.590845960541628,6.7908459605416285
1235,1938,1236.0,-45.575,167.025,11.84228388912743,4.42628388912743
1236,1939,764.0,-45.575,167.075,11.80883360010921,7.224833600109211
1237,1940,1124.0,-45.575,167.125,11.777839898597449,5.033839898597449
1238,1941,335.0,-45.575,167.175,11.750088661239715,9.740088661239716
1239,1120,838.0,-45.575,167.225,11.726721433340572,6.698721433340571
1240,1144,1140.0,-45.575,167.275,11.709608406963525,4.8696084069635255
1241,1148,1229.0,-45.575,167.325,11.700327103884774,4.3263271038847755
1242,1625,767.0,-45.525,167.225,11.903771402896382,7.3017714028963825
1243,1626,181.0,-45.525,167.275,11.891907409124542,10.805907409124542
1244,1627,459.0,-45.525,167.325,11.889939407148631,9.135939407148632
1245,1650,740.0,-45.625,167.225,11.563144724379526,7.123144724379526
1246,1653,362.0,-45.625,167.275,11.540917783946497,9.368917783946497
1247,1656,873.0,-45.625,167.325,11.524824748194078,6.2868247481940776
1248,1163,265.0,-45.575,167.375,11.69731789198704,10.10731789198704
1249,1172,1169.0,-45.575,167.425,11.698593898952822,4.684593898952823
1250,1181,642.0,-45.575,167.475,11.70288899919251,7.8508889991925095
1251,1276,179.0,-45.575,167.525,11.709273492480861,10.635273492480861
1252,1628,1166.0,-45.525,167.375,11.894459085218841,4.898459085218842
1253,1629,179.0,-45.525,167.425,11.903406849887688,10.829406849887688
1254,1630,179.0,-45.525,167.475,11.91563814858091,10.84163814858091
1255,1631,179.0,-45.525,167.525,11.930283762703766,10.856283762703766
1256,1661,561.0,-45.625,167.375,11.51415639994957,8.14815639994957
1257,1665,1025.0,-45.625,167.425,11.507563211373053,5.357563211373054
1258,1670,993.0,-45.625,167.475,11.503841236743028,5.545841236743029
1259,1674,438.0,-45.625,167.525,11.50202416369575,8.87402416369575
1260,1287,205.0,-45.575,167.575,11.716963106155163,10.486963106155162
1261,1294,201.0,-45.575,167.625,11.725233367629698,10.519233367629699
1262,1302,209.0,-45.575,167.675,11.733372350805439,10.47937235080544
1263,1403,233.0,-45.575,167.725,11.740650144653046,10.342650144653046
1264,1632,179.0,-45.525,167.575,11.946589277649764,10.872589277649764
1265,1633,200.0,-45.525,167.625,11.963840611904743,10.763840611904744
1266,1634,220.0,-45.525,167.675,11.981319027487189,10.661319027487188
1267,1635,277.0,-45.525,167.725,11.998269162984798,10.336269162984799
1268,1679,257.0,-45.625,167.575,11.501296747548622,9.959296747548622
1269,1684,682.0,-45.625,167.625,11.500923119674553,7.4089231196745535
1270,1691,230.0,-45.625,167.675,11.500201035290956,10.120201035290957
1271,1696,243.0,-45.625,167.725,11.498432566484553,10.040432566484553
1272,1406,371.0,-45.575,167.775,11.746297276346013,9.520297276346014
1273,1410,375.0,-45.575,167.825,11.74948920631141,9.49948920631141
1274,1412,390.0,-45.575,167.875,11.749336160850362,9.409336160850362
1275,1636,260.0,-45.525,167.775,12.013874139185646,10.453874139185645
1276,1637,279.0,-45.525,167.825,12.027235615620157,10.353235615620157
1277,1638,305.0,-45.525,167.875,12.037358480069088,10.207358480069088
1278,1701,538.0,-45.625,167.775,11.49490491731558,8.26690491731558
1279,1706,1023.0,-45.625,167.825,11.488878301301156,5.350878301301156
1280,1710,950.0,-45.625,167.875,11.47957973726443,5.77957973726443
1281,1415,501.0,-45.575,167.925,11.744878746074392,8.738878746074391
1282,1417,523.0,-45.575,167.975,11.73509065376129,8.59709065376129
1283,1423,622.0,-45.575,168.025,11.718890560761793,7.986890560761793
1284,1431,531.0,-45.575,168.075,11.695166159726796,8.509166159726796
1285,1639,424.0,-45.525,167.925,12.043140952839167,9.499140952839166
1286,1640,365.0,-45.525,167.975,12.043371765234042,9.853371765234042
1287,1641,678.0,-45.525,168.025,12.03673696606711,7.968736966067111
1288,1642,573.0,-45.525,168.075,12.021839949520654,8.583839949520653
1289,1715,1115.0,-45.625,167.925,11.466202738913125,4.776202738913125
1290,1719,658.0,-45.625,167.975,11.447913667099783,7.499913667099783
1291,1866,1030.0,-45.625,168.025,11.423866158904275,5.243866158904274
1292,1869,410.0,-45.625,168.075,11.393225682055345,8.933225682055346
1293,1434,379.0,-45.575,168.125,11.662814127543243,9.388814127543242
1294,1439,463.0,-45.575,168.175,11.620800564342062,8.842800564342062
1295,1446,928.0,-45.575,168.225,11.56824664263695,6.0002466426369505
1296,1643,419.0,-45.525,168.125,11.997239548814832,9.483239548814833
1297,1644,471.0,-45.525,168.175,11.961512438967475,9.135512438967474
1298,1645,695.0,-45.525,168.225,11.913347332563717,7.743347332563717
1299,1871,390.0,-45.625,168.125,11.3552068095305,9.0152068095305
1300,1873,331.0,-45.625,168.175,11.309126137843123,9.323126137843122
1301,1875,332.0,-45.625,168.225,11.254473473672988,9.262473473672989
1302,1118,783.0,-45.525,168.275,11.851678776569315,7.153678776569316
1303,1154,660.0,-45.525,168.325,11.775866311392747,7.815866311392748
1304,1157,883.0,-45.525,168.375,11.685917921800865,6.387917921800865
1305,1160,531.0,-45.525,168.425,11.582741911042831,8.396741911042831
1306,1532,508.0,-45.575,168.275,11.5045431368344,8.4565431368344
1307,1534,565.0,-45.575,168.325,11.42949402006343,8.03949402006343
1308,1548,339.0,-45.575,168.375,11.34348197838699,9.30948197838699
1309,1551,299.0,-45.575,168.425,11.24763627925131,9.45363627925131
1310,1877,281.0,-45.625,168.275,11.191002409090288,9.505002409090288
1311,1879,255.0,-45.625,168.325,11.118837881600484,9.588837881600485
1312,1881,259.0,-45.625,168.375,11.038592018710915,9.484592018710915
1313,1883,248.0,-45.625,168.425,10.951470328480355,9.463470328480355
1314,1169,510.0,-45.525,168.475,11.468385986998328,8.40838598699833
1315,1178,420.0,-45.525,168.525,11.346188191178953,8.826188191178954
1316,1280,282.0,-45.525,168.575,11.220733484908124,9.528733484908123
1317,1561,338.0,-45.575,168.475,11.143966214323882,9.115966214323882
1318,1567,1008.0,-45.575,168.525,11.035405171322054,4.987405171322054
1319,1573,941.0,-45.575,168.575,10.925700701132882,5.2797007011328825
1320,1885,326.0,-45.625,168.475,10.859339386210195,8.903339386210195
1321,1887,746.0,-45.625,168.525,10.76471821164887,6.288718211648869
1322,1889,595.0,-45.625,168.575,10.670654686531634,7.100654686531634
1323,1286,611.0,-45.525,168.625,11.097509005878237,7.431509005878237
1324,1293,518.0,-45.525,168.675,10.982212757255184,7.874212757255184
1325,1301,682.0,-45.525,168.725,10.879802559924428,6.787802559924429
1326,1396,816.0,-45.525,168.775,10.793521442683414,5.897521442683414
1327,1574,420.0,-45.575,168.625,10.8190989234281,8.299098923428101
1328,1575,796.0,-45.575,168.675,10.719818705896614,5.943818705896614
1329,1576,1120.0,-45.575,168.725,10.631387151108356,3.9113871511083564
1330,1577,775.0,-45.575,168.775,10.55598162941169,5.9059816294116905
1331,1891,952.0,-45.625,168.625,10.5804625551973,4.868462555197301
1332,1893,504.0,-45.625,168.675,10.497326953554875,7.473326953554875
1333,1894,439.0,-45.625,168.725,10.42383100106963,7.789831001069629
1334,1895,438.0,-45.625,168.775,10.361495878940332,7.733495878940332
1335,1397,1025.0,-45.525,168.825,10.724197593241115,4.574197593241116
1336,1398,1032.0,-45.525,168.875,10.67001785710454,4.47801785710454
1337,1399,1034.0,-45.525,168.925,10.62675955989107,4.4227595598910705
1338,1400,1188.0,-45.525,168.975,10.588287687380216,3.460287687380216
1339,1578,934.0,-45.575,168.825,10.493948978444678,4.889948978444678
1340,1579,549.0,-45.575,168.875,10.443624729756266,7.149624729756265
1341,1580,258.0,-45.575,168.925,10.40148181724362,8.85348181724362
1342,1581,409.0,-45.575,168.975,10.362571293633664,7.908571293633664
1343,1896,862.0,-45.625,168.825,10.310442026384408,5.138442026384408
1344,1897,277.0,-45.625,168.875,10.269261339562945,8.607261339562946
1345,1898,199.0,-45.625,168.925,10.23515357656288,9.04115357656288
1346,1899,401.0,-45.625,168.975,10.204355414418387,7.7983554144183875
1347,1401,631.0,-45.525,169.025,10.547135397151578,6.761135397151579
1348,1402,631.0,-45.525,169.075,10.495273023188929,6.7092730231889295
1349,1405,1017.0,-45.525,169.125,10.42575883922109,4.32375883922109
1350,1582,378.0,-45.575,169.025,10.321250541499467,8.053250541499466
1351,1583,1040.0,-45.575,169.075,10.272355237219017,4.032355237219017
1352,1584,1094.0,-45.575,169.125,10.213190161870443,3.649190161870444
1353,1900,867.0,-45.625,169.025,10.17290417276672,4.970904172766721
1354,1901,1213.0,-45.625,169.075,10.13782281978638,2.8598228197863786
1355,1902,743.0,-45.625,169.125,10.09881438818411,5.64081438818411
1356,1420,790.0,-45.525,169.175,10.336659332548152,5.5966593325481515
1357,1435,976.0,-45.525,169.225,10.238395336287795,4.382395336287795
1358,1440,428.0,-45.525,169.275,10.162146631337237,7.594146631337237
1359,1447,135.0,-45.525,169.325,10.159390784669085,9.349390784669085
1360,1585,696.0,-45.575,169.175,10.146716972711147,5.970716972711147
1361,1586,1046.0,-45.575,169.225,10.085527361035929,3.8095273610359284
1362,1587,867.0,-45.575,169.275,10.054125262307934,4.8521252623079345
1363,1588,145.0,-45.575,169.325,10.084898054876248,9.21489805487625
1364,1903,403.0,-45.625,169.175,10.060349450068315,7.642349450068315
1365,1904,813.0,-45.625,169.225,10.033439475359046,5.155439475359046
1366,1905,638.0,-45.625,169.275,10.035528372041881,6.207528372041882
1367,1906,183.0,-45.625,169.325,10.0866856163193,8.9886856163193
1368,1453,473.0,-45.525,169.375,10.280506442926708,7.442506442926708
1369,1454,556.0,-45.525,169.425,10.539639927301323,7.203639927301323
1370,1455,630.0,-45.525,169.475,10.898896491198684,7.118896491198685
1371,1589,342.0,-45.575,169.375,10.20507542786072,8.15307542786072
1372,1590,531.0,-45.575,169.425,10.420495989135816,7.234495989135816
1373,1591,652.0,-45.575,169.475,10.70910812378861,6.797108123788611
1374,1907,80.0,-45.625,169.375,10.202014083464746,9.722014083464746
1375,1908,242.0,-45.625,169.425,10.383720258934773,8.931720258934773
1376,1909,465.0,-45.625,169.475,10.6182340564701,7.828234056470101
1377,1456,842.0,-45.525,169.525,11.290573069665697,6.238573069665698
1378,1457,893.0,-45.525,169.575,11.653485184593592,6.295485184593592
1379,1458,690.0,-45.525,169.625,11.952674853018834,7.812674853018835
1380,1459,794.0,-45.525,169.675,12.178530069126282,7.414530069126282
1381,1592,764.0,-45.575,169.525,11.030600754791521,6.446600754791522
1382,1593,733.0,-45.575,169.575,11.343941528029973,6.945941528029973
1383,1594,757.0,-45.575,169.625,11.62014114727208,7.078141147272079
1384,1595,735.0,-45.575,169.675,11.845462588578812,7.435462588578813
1385,1910,660.0,-45.625,169.525,10.880783942528069,6.92078394252807
1386,1911,908.0,-45.625,169.575,11.14426936255768,5.69626936255768
1387,1912,894.0,-45.625,169.625,11.386938158975681,6.022938158975681
1388,1913,1071.0,-45.625,169.675,11.595740487769945,5.169740487769944
1389,1460,659.0,-45.525,169.725,12.33706274193537,8.383062741935369
1390,1461,764.0,-45.525,169.775,12.44057297699328,7.856572976993281
1391,1462,859.0,-45.525,169.825,12.501694883001619,7.347694883001619
1392,1596,737.0,-45.575,169.725,12.018098909247783,7.596098909247783
1393,1597,795.0,-45.575,169.775,12.142932049406227,7.372932049406227
1394,1598,922.0,-45.575,169.825,12.227121732503292,6.695121732503292
1395,1914,959.0,-45.625,169.725,11.765708378734416,6.011708378734417
1396,1915,984.0,-45.625,169.775,11.897330968044116,5.993330968044116
1397,1916,996.0,-45.625,169.825,11.993680632745964,6.0176806327459635
1398,1463,969.0,-45.525,169.875,12.530581628234359,6.716581628234359
1399,1464,822.0,-45.525,169.925,12.534199044515844,7.602199044515844
1400,1465,941.0,-45.525,169.975,12.51683215155208,6.87083215155208
1401,1466,972.0,-45.525,170.025,12.481209223231417,6.649209223231417
1402,1599,915.0,-45.575,169.875,12.277358543826267,6.787358543826267
1403,1600,811.0,-45.575,169.925,12.298649451389792,7.432649451389793
1404,1601,709.0,-45.575,169.975,12.29423607767967,8.04023607767967
1405,1602,397.0,-45.575,170.025,12.26628278887074,9.88428278887074
1406,1917,784.0,-45.625,169.875,12.058215095472406,7.354215095472406
1407,1918,539.0,-45.625,169.925,12.093519875619677,8.859519875619677
1408,1919,507.0,-45.625,169.975,12.10093737283023,9.058937372830231
1409,1920,463.0,-45.625,170.025,12.08096076977381,9.30296076977381
1410,1467,246.0,-45.525,170.075,12.42987155969604,10.95387155969604
1411,1468,199.0,-45.525,170.125,12.366509521962143,11.172509521962144
1412,1469,218.0,-45.525,170.175,12.296958410865045,10.988958410865045
1413,1470,391.0,-45.525,170.225,12.229468746998464,9.883468746998464
1414,1603,241.0,-45.575,170.075,12.217070111291832,10.771070111291833
1415,1604,195.0,-45.575,170.125,12.150457653318881,10.980457653318881
1416,1605,256.0,-45.575,170.175,12.07326687904424,10.53726687904424
1417,1606,303.0,-45.575,170.225,11.99598662754579,10.17798662754579
1418,1921,441.0,-45.625,170.075,12.034315939090448,9.388315939090447
1419,1922,380.0,-45.625,170.125,11.96367035395815,9.683670353958151
1420,1923,290.0,-45.625,170.175,11.87572425865801,10.13572425865801
1421,1924,249.0,-45.625,170.225,11.782925234219874,10.288925234219874
1422,1471,335.0,-45.525,170.275,12.173870337748667,10.163870337748667
1423,1472,365.0,-45.525,170.325,12.139512138659484,9.949512138659484
1424,1473,571.0,-45.525,170.375,12.13246306667861,8.70646306667861
1425,1607,260.0,-45.575,170.275,11.931994154670974,10.371994154670974
1426,1608,446.0,-45.575,170.325,11.894671515619848,9.218671515619848
1427,1609,622.0,-45.575,170.375,11.89276492697536,8.16076492697536
1428,1925,323.0,-45.625,170.275,11.703353393546422,9.765353393546421
1429,1926,404.0,-45.625,170.325,11.657074320217362,9.233074320217362
1430,1927,587.0,-45.625,170.375,11.658441923907958,8.136441923907958
1431,1474,634.0,-45.525,170.425,12.153170985955512,8.349170985955512
1432,1475,413.0,-45.525,170.475,12.195952293521259,9.71795229352126
1433,1476,424.0,-45.525,170.525,12.250743825003156,9.706743825003155
1434,1477,306.0,-45.525,170.575,12.305853512181784,10.469853512181784
1435,1610,482.0,-45.575,170.425,11.92598532953707,9.033985329537071
1436,1611,521.0,-45.575,170.475,11.983859478568775,8.857859478568775
1437,1612,223.0,-45.575,170.525,12.049280563587672,10.711280563587673
1438,1613,258.0,-45.575,170.575,12.10456056498515,10.55656056498515
1439,1928,412.0,-45.625,170.425,11.707283057025052,9.235283057025052
1440,1929,320.0,-45.625,170.475,11.785688796910108,9.865688796910108
1441,1930,299.0,-45.625,170.525,11.864963132349658,10.070963132349657
1442,1931,21.0,-45.625,170.575,11.918435327737825,11.792435327737826
1443,1478,192.0,-45.525,170.625,12.349125273962272,11.197125273962273
1444,1479,49.0,-45.525,170.675,12.364243330535828,12.070243330535828
1445,1480,156.0,-45.525,170.725,12.32172697938222,11.38572697938222
1446,1614,173.0,-45.575,170.625,12.135573986452073,11.097573986452073
1447,1615,125.0,-45.575,170.675,12.13124780418002,11.38124780418002
1448,1616,47.0,-45.575,170.725,12.082712383184116,11.800712383184116
1449,1932,20.0,-45.625,170.625,11.931214895070298,11.811214895070298
1450,1070,607.0,-45.425,166.775,12.463937616586918,8.821937616586919
1451,1071,826.0,-45.425,166.825,12.437189429532737,7.481189429532737
1452,1422,601.0,-45.375,166.825,12.601441418635659,8.995441418635659
1453,1481,178.0,-45.475,166.725,12.342711359000532,11.274711359000532
1454,1482,667.0,-45.475,166.775,12.311253010149812,8.309253010149813
1455,1483,625.0,-45.475,166.825,12.280248139082687,8.530248139082687
1456,1773,728.0,-45.325,166.825,12.772464491950814,8.404464491950813
1457,1072,1130.0,-45.425,166.975,12.364562559552724,5.584562559552723
1458,1436,520.0,-45.375,166.875,12.580579181900248,9.460579181900247
1459,1445,756.0,-45.375,166.925,12.561420071404427,8.025420071404428
1460,1452,81.0,-45.375,166.975,12.544391244737199,12.058391244737198
1461,1484,290.0,-45.475,166.875,12.249985376634868,10.509985376634868
1462,1485,840.0,-45.475,166.925,12.22079450575984,7.180794505759841
1463,1486,628.0,-45.475,166.975,12.193053434224566,8.425053434224566
1464,1774,782.0,-45.325,166.875,12.756702451442834,8.064702451442834
1465,1775,349.0,-45.325,166.925,12.742971774627222,10.648971774627222
1466,1073,356.0,-45.425,167.025,12.344246136432048,10.208246136432049
1467,1074,986.0,-45.425,167.075,12.326733712950954,6.410733712950955
1468,1075,167.0,-45.425,167.175,12.303037117992062,11.301037117992061
1469,1487,81.0,-45.475,167.025,12.167199451912893,11.681199451912892
1470,1488,1073.0,-45.475,167.125,12.123329692112748,5.685329692112748
1471,1489,218.0,-45.475,167.175,12.10675859208277,10.79875859208277
1472,1531,310.0,-45.375,167.125,12.51152509386884,10.651525093868841
1473,1535,528.0,-45.375,167.175,12.508997786862892,9.340997786862893
1474,1776,180.0,-45.325,167.025,12.72345617589599,11.64345617589599
1475,1777,319.0,-45.325,167.075,12.718775563218514,10.804775563218515
1476,1778,1175.0,-45.325,167.125,12.718353817806928,5.668353817806929
1477,1076,872.0,-45.425,167.225,12.29885925068811,7.06685925068811
1478,1078,513.0,-45.425,167.275,12.301492064550985,9.223492064550985
1479,1079,521.0,-45.425,167.325,12.311670839684666,9.185670839684667
1480,1490,959.0,-45.475,167.225,12.095209371036617,6.3412093710366175
1481,1491,1117.0,-45.475,167.275,12.090587962098652,5.3885879620986525
1482,1492,877.0,-45.475,167.325,12.094509930509957,6.832509930509958
1483,1537,1091.0,-45.375,167.225,12.512169611640275,5.966169611640274
1484,1539,1012.0,-45.375,167.275,12.521928613088676,6.449928613088677
1485,1541,249.0,-45.375,167.325,12.53870758532139,11.04470758532139
1486,1779,910.0,-45.325,167.225,12.733314587370842,7.273314587370842
1487,1780,362.0,-45.325,167.275,12.750111017841846,10.578111017841845
1488,1781,1023.0,-45.325,167.325,12.773652292482438,6.635652292482439
1489,1020,1060.0,-45.325,167.475,12.882068224309478,6.5220682243094785
1490,1026,204.0,-45.325,167.525,12.928880514024058,11.704880514024058
1491,1080,581.0,-45.425,167.375,12.328764731035335,8.842764731035334
1492,1081,1052.0,-45.425,167.425,12.351502297242405,6.0395022972424055
1493,1082,1104.0,-45.425,167.475,12.37875315285055,5.75475315285055
1494,1083,904.0,-45.425,167.525,12.409614173317095,6.985614173317096
1495,1493,179.0,-45.475,167.375,12.105454921358614,11.031454921358614
1496,1494,1018.0,-45.475,167.425,12.121475007967092,6.0134750079670924
1497,1495,275.0,-45.475,167.475,12.141340469141142,10.491340469141141
1498,1496,258.0,-45.475,167.525,12.164152439363534,10.616152439363534
1499,1544,734.0,-45.375,167.375,12.562219804531196,8.158219804531196
1500,1547,1341.0,-45.375,167.425,12.591693569978816,4.545693569978816
1501,1554,1034.0,-45.375,167.475,12.626256026458577,6.4222560264585775
1502,1559,1049.0,-45.375,167.525,12.665103744104272,6.371103744104272
1503,1782,1499.0,-45.325,167.375,12.803824158749194,3.809824158749194
1504,1783,474.0,-45.325,167.425,12.840168305701809,9.99616830570181
1505,1030,810.0,-45.325,167.575,12.979978613060666,8.119978613060667
1506,1034,1054.0,-45.325,167.625,13.034743166368571,6.710743166368572
1507,1038,962.0,-45.325,167.675,13.092529848378035,7.320529848378036
1508,1042,257.0,-45.325,167.725,13.152629084157525,11.610629084157525
1509,1084,1267.0,-45.425,167.575,12.44331509967742,4.841315099677421
1510,1085,636.0,-45.425,167.625,12.479136666632257,8.663136666632258
1511,1086,259.0,-45.425,167.675,12.516352024002117,10.962352024002117
1512,1087,221.0,-45.425,167.725,12.554181774044991,11.228181774044991
1513,1497,200.0,-45.475,167.575,12.189147880737437,10.989147880737438
1514,1498,232.0,-45.475,167.625,12.215608743732446,10.823608743732446
1515,1499,324.0,-45.475,167.675,12.242808176932158,10.298808176932159
1516,1500,280.0,-45.475,167.725,12.269972057212726,10.589972057212726
1517,1564,1206.0,-45.375,167.575,12.707510857741,5.471510857740999
1518,1570,625.0,-45.375,167.625,12.75278708942642,9.00278708942642
1519,1657,260.0,-45.375,167.675,12.800229543121532,11.240229543121531
1520,1660,204.0,-45.375,167.725,12.849077468679752,11.625077468679752
1521,1046,219.0,-45.325,167.775,13.214222883034381,11.900222883034381
1522,1050,293.0,-45.325,167.825,13.276340758020524,11.518340758020525
1523,1054,358.0,-45.325,167.875,13.337816052386188,11.189816052386188
1524,1088,324.0,-45.425,167.775,12.591756303692819,10.64775630369282
1525,1089,380.0,-45.425,167.825,12.62808256765129,10.348082567651291
1526,1090,393.0,-45.425,167.875,12.662014596135123,10.304014596135122
1527,1501,348.0,-45.475,167.775,12.296248062441009,10.208248062441008
1528,1502,361.0,-45.475,167.825,12.320679510215996,10.154679510215995
1529,1503,371.0,-45.475,167.875,12.342183424450923,10.116183424450924
1530,1664,285.0,-45.375,167.775,12.898470271669794,11.188470271669793
1531,1675,338.0,-45.375,167.825,12.947408045292832,10.919408045292831
1532,1680,390.0,-45.375,167.875,12.994714591928641,10.654714591928641
1533,1058,440.0,-45.325,167.925,13.397244145904551,10.75724414590455
1534,1091,529.0,-45.425,167.925,12.692228319923743,9.518228319923743
1535,1092,515.0,-45.425,167.975,12.717202250249102,9.627202250249102
1536,1093,561.0,-45.425,168.025,12.735206432596897,9.369206432596897
1537,1094,461.0,-45.425,168.075,12.744303220068105,9.978303220068105
1538,1146,703.0,-45.325,167.975,13.452944152290002,9.234944152290002
1539,1150,523.0,-45.325,168.025,13.502925681823399,10.364925681823399
1540,1164,817.0,-45.325,168.075,13.544862160211778,8.642862160211777
1541,1504,420.0,-45.475,167.925,12.359533563168952,9.839533563168953
1542,1505,465.0,-45.475,167.975,12.371350110930507,9.581350110930508
1543,1506,538.0,-45.475,168.025,12.37609868857544,9.14809868857544
1544,1507,439.0,-45.475,168.075,12.372102518755128,9.738102518755127
1545,1687,393.0,-45.375,167.925,13.03900372159842,10.681003721598419
1546,1692,464.0,-45.375,167.975,13.078650259049027,10.294650259049028
1547,1695,625.0,-45.375,168.025,13.111767739697825,9.361767739697825
1548,1702,691.0,-45.375,168.075,13.136195510465768,8.990195510465767
1549,1095,520.0,-45.425,168.125,12.742365147103556,9.622365147103555
1550,1096,934.0,-45.425,168.175,12.727117946182261,7.123117946182261
1551,1097,1360.0,-45.425,168.225,12.696220969606657,4.536220969606656
1552,1173,913.0,-45.325,168.125,13.576072643714724,8.098072643714723
1553,1182,617.0,-45.325,168.175,13.5935159578803,9.8915159578803
1554,1274,610.0,-45.325,168.225,13.593805633077864,9.933805633077863
1555,1508,533.0,-45.475,168.125,12.357573189379764,9.159573189379763
1556,1509,1092.0,-45.475,168.175,12.330667631627875,5.778667631627876
1557,1510,798.0,-45.475,168.225,12.289581635413924,7.501581635413924
1558,1707,978.0,-45.375,168.125,13.149499345949152,7.281499345949153
1559,1712,855.0,-45.375,168.175,13.14899247798894,8.018992477988942
1560,1717,677.0,-45.375,168.225,13.131789046121412,9.069789046121413
1561,1098,1336.0,-45.425,168.275,12.64740311053174,4.631403110531741
1562,1099,1203.0,-45.425,168.325,12.578679112077225,5.360679112077226
1563,1100,1071.0,-45.425,168.375,12.488676028719055,6.062676028719055
1564,1101,959.0,-45.425,168.425,12.377094898867654,6.623094898867654
1565,1295,1473.0,-45.325,168.275,13.573263619997306,4.735263619997307
1566,1303,1823.0,-45.325,168.325,13.528048406355083,2.5900484063550824
1567,1404,1123.0,-45.325,168.375,13.45442356300191,6.71642356300191
1568,1424,1265.0,-45.325,168.425,13.349279542453587,5.759279542453587
1569,1511,1215.0,-45.475,168.275,12.232692965888418,4.942692965888418
1570,1512,1144.0,-45.475,168.325,12.158768485533074,5.294768485533074
1571,1513,903.0,-45.475,168.375,12.06724643718917,6.64924643718917
1572,1514,860.0,-45.475,168.425,11.958591366710607,6.798591366710608
1573,1721,873.0,-45.375,168.275,13.094910575673566,7.856910575673566
1574,1722,1198.0,-45.375,168.325,13.03547927303589,5.84747927303589
1575,1723,1238.0,-45.375,168.375,12.951049375435105,5.523049375435105
1576,1724,958.0,-45.375,168.425,12.840143905908917,7.092143905908917
1577,1102,1222.0,-45.425,168.475,12.245302623254247,4.913302623254247
1578,1103,799.0,-45.425,168.525,12.096970166647225,7.302970166647225
1579,1104,475.0,-45.425,168.575,11.938531352527207,9.088531352527207
1580,1432,1576.0,-45.325,168.475,13.211075530198286,3.7550755301982868
1581,1441,1331.0,-45.325,168.525,13.041371277577127,5.055371277577128
1582,1448,660.0,-45.325,168.575,12.846897183655528,8.88689718365553
1583,1515,378.0,-45.475,168.475,11.834686933798366,9.566686933798366
1584,1516,616.0,-45.475,168.525,11.69917497728602,8.00317497728602
1585,1517,457.0,-45.475,168.575,11.557576393548516,8.815576393548515
1586,1725,676.0,-45.375,168.475,12.703058857892756,8.647058857892755
1587,1726,802.0,-45.375,168.525,12.54292165026709,7.73092165026709
1588,1727,400.0,-45.375,168.575,12.366769394720905,9.966769394720904
1589,1105,653.0,-45.425,168.625,11.779076185644954,7.861076185644953
1590,1106,350.0,-45.425,168.675,11.629276023755665,9.529276023755665
1591,1107,625.0,-45.425,168.725,11.499287176062353,7.749287176062353
1592,1108,1151.0,-45.425,168.775,11.396274797065416,4.490274797065417
1593,1518,422.0,-45.475,168.625,11.416983155664639,8.884983155664639
1594,1519,313.0,-45.475,168.675,11.28517015761463,9.40717015761463
1595,1520,670.0,-45.475,168.725,11.169200348464074,7.149200348464074
1596,1521,703.0,-45.475,168.775,11.0739155383053,6.8559155383053
1597,1536,914.0,-45.325,168.625,12.641378588945372,7.157378588945372
1598,1540,639.0,-45.325,168.675,12.445149191597011,8.611149191597011
1599,1543,308.0,-45.325,168.725,12.280418094815104,10.432418094815105
1600,1546,990.0,-45.325,168.775,12.16314679311472,6.2231467931147195
1601,1728,795.0,-45.375,168.625,12.186019675194984,7.416019675194985
1602,1729,354.0,-45.375,168.675,12.015386414466775,9.891386414466774
1603,1730,1184.0,-45.375,168.725,11.869690288207494,4.765690288207494
1604,1731,1547.0,-45.375,168.775,11.759519860264845,2.477519860264845
1605,1109,1378.0,-45.425,168.825,11.322707744999207,3.0547077449992077
1606,1110,1336.0,-45.425,168.875,11.276258089288604,3.2602580892886035
1607,1111,1470.0,-45.425,168.925,11.251118302243412,2.431118302243414
1608,1112,1520.0,-45.425,168.975,11.239686831657309,2.11968683165731
1609,1522,989.0,-45.475,168.825,11.000880487146787,5.066880487146787
1610,1523,1433.0,-45.475,168.875,10.948164734756574,2.350164734756575
1611,1524,1291.0,-45.475,168.925,10.91088030677929,3.164880306779291
1612,1525,1069.0,-45.475,168.975,10.881979975791182,4.467979975791183
1613,1552,1505.0,-45.325,168.825,12.097055254067527,3.0670552540675278
1614,1556,852.0,-45.325,168.875,12.074607034519431,6.962607034519432
1615,1560,1284.0,-45.325,168.925,12.083438238594681,4.379438238594681
1616,1566,1565.0,-45.325,168.975,12.113065769211971,2.7230657692119706
1617,1732,884.0,-45.375,168.825,11.688198074698448,6.384198074698449
1618,1733,1283.0,-45.375,168.875,11.651991585749784,3.953991585749784
1619,1734,1371.0,-45.375,168.925,11.643096982035786,3.417096982035785
1620,1735,1779.0,-45.375,168.975,11.65320181522111,0.9792018152211099
1621,1113,1268.0,-45.425,169.025,11.233408264786704,3.625408264786704
1622,1114,1009.0,-45.425,169.075,11.221853878872935,5.167853878872935
1623,1115,1169.0,-45.425,169.125,11.189747087206342,4.175747087206343
1624,1526,1094.0,-45.475,169.025,10.852738727116957,4.288738727116958
1625,1527,698.0,-45.475,169.075,10.812674643981154,6.624674643981154
1626,1528,923.0,-45.475,169.125,10.749563239718555,5.211563239718554
1627,1572,1519.0,-45.325,169.025,12.158935123094125,3.0449351230941257
1628,1649,1478.0,-45.325,169.075,12.223691355044139,3.35569135504414
1629,1652,1444.0,-45.325,169.125,12.31473677822214,3.650736778222141
1630,1736,1343.0,-45.375,169.025,11.675601067821844,3.6176010678218447
1631,1737,1221.0,-45.375,169.075,11.704544636173523,4.3785446361735225
1632,1738,1270.0,-45.375,169.125,11.73006372009695,4.110063720096951
1633,1001,595.0,-45.475,169.275,10.384887624299154,6.814887624299153
1634,1003,131.0,-45.475,169.325,10.325878758070758,9.539878758070758
1635,1116,1416.0,-45.425,169.175,11.11389825126389,2.61789825126389
1636,1117,1362.0,-45.425,169.225,10.969363859694568,2.7973638596945687
1637,1122,500.0,-45.425,169.275,10.765204287774395,7.765204287774395
1638,1123,317.0,-45.425,169.325,10.609727787188604,8.707727787188604
1639,1529,1054.0,-45.475,169.175,10.652072392986156,4.328072392986157
1640,1530,1201.0,-45.475,169.225,10.51999230842921,3.31399230842921
1641,1654,1346.0,-45.325,169.175,12.430618216996663,4.354618216996663
1642,1658,1406.0,-45.325,169.225,12.514503966580378,4.078503966580378
1643,1662,658.0,-45.325,169.275,12.369069745895104,8.421069745895103
1644,1667,435.0,-45.325,169.325,11.821134000856546,9.211134000856546
1645,1739,1523.0,-45.375,169.175,11.725591722904937,2.5875917229049374
1646,1740,1317.0,-45.375,169.225,11.63210199039895,3.7301019903989516
1647,1741,312.0,-45.375,169.275,11.381662144471193,9.509662144471193
1648,1742,374.0,-45.375,169.325,11.062125681564794,8.818125681564794
1649,1004,407.0,-45.475,169.375,10.440163442021003,7.998163442021003
1650,1005,735.0,-45.475,169.425,10.761983861986664,6.351983861986665
1651,1006,884.0,-45.475,169.475,11.220013061203645,5.916013061203645
1652,1124,486.0,-45.425,169.375,10.699706603452796,7.783706603452796
1653,1125,905.0,-45.425,169.425,11.122910819220124,5.692910819220123
1654,1126,818.0,-45.425,169.475,11.726702903630212,6.8187029036302125
1655,1671,582.0,-45.325,169.375,11.639404987799935,8.147404987799934
1656,1676,540.0,-45.325,169.425,12.67619982258475,9.436199822584749
1657,1681,536.0,-45.325,169.475,13.734892370965099,10.518892370965098
1658,1743,651.0,-45.375,169.375,11.082963653112529,7.176963653112529
1659,1744,663.0,-45.375,169.425,11.696082913811551,7.718082913811552
1660,1745,773.0,-45.375,169.475,12.514722089545103,7.876722089545103
1661,1007,871.0,-45.475,169.525,11.69520534168987,6.469205341689871
1662,1008,860.0,-45.475,169.575,12.099593567036209,6.939593567036209
1663,1009,785.0,-45.475,169.625,12.399731528392294,7.6897315283922945
1664,1012,800.0,-45.475,169.675,12.599974334254512,7.799974334254512
1665,1127,852.0,-45.425,169.525,12.29256935963349,7.18056935963349
1666,1128,817.0,-45.425,169.575,12.709452467839583,7.807452467839583
1667,1129,743.0,-45.425,169.625,12.968422061152523,8.510422061152525
1668,1130,975.0,-45.425,169.675,13.103750147260143,7.253750147260144
1669,1685,680.0,-45.325,169.525,14.264803534257226,10.184803534257226
1670,1688,759.0,-45.325,169.575,14.42060463015514,9.866604630155141
1671,1693,733.0,-45.325,169.625,14.371814978992916,9.973814978992916
1672,1698,707.0,-45.325,169.675,14.228562143835006,9.986562143835005
1673,1746,765.0,-45.375,169.525,13.14041616510076,8.55041616510076
1674,1747,799.0,-45.375,169.575,13.495941624554689,8.701941624554689
1675,1748,802.0,-45.375,169.625,13.644366283828276,8.832366283828277
1676,1749,991.0,-45.375,169.675,13.664274153445149,7.718274153445149
1677,1015,728.0,-45.475,169.725,12.720688980451087,8.352688980451086
1678,1017,671.0,-45.475,169.775,12.7844719424902,8.7584719424902
1679,1019,553.0,-45.475,169.825,12.809921341628069,9.49192134162807
1680,1131,980.0,-45.425,169.725,13.15641487861285,7.27641487861285
1681,1132,871.0,-45.425,169.775,13.160029265956837,7.934029265956837
1682,1133,586.0,-45.425,169.825,13.13760221056873,9.62160221056873
1683,1703,916.0,-45.325,169.725,14.058000567136332,8.562000567136334
1684,1708,833.0,-45.325,169.775,13.897471997581306,8.899471997581305
1685,1714,993.0,-45.325,169.825,13.763406618323643,7.8054066183236435
1686,1750,1103.0,-45.375,169.725,13.616830565646524,6.998830565646524
1687,1751,1077.0,-45.375,169.775,13.542388180983835,7.080388180983835
1688,1752,907.0,-45.375,169.825,13.46391503009363,8.02191503009363
1689,1022,674.0,-45.475,169.875,12.8099218999414,8.7659218999414
1690,1024,929.0,-45.475,169.925,12.792167596984655,7.218167596984656
1691,1027,1098.0,-45.475,169.975,12.760616415660479,6.172616415660479
1692,1031,1244.0,-45.475,170.025,12.71719963788928,5.2531996378892805
1693,1134,591.0,-45.425,169.875,13.102573427939205,9.556573427939206
1694,1135,556.0,-45.425,169.925,13.061257359178853,9.725257359178853
1695,1136,893.0,-45.425,169.975,13.015471499384148,7.657471499384148
1696,1137,1227.0,-45.425,170.025,12.96485876609222,5.602858766092221
1697,1720,460.0,-45.325,169.875,13.658667161536869,10.898667161536869
1698,1753,502.0,-45.375,169.875,13.391726704110624,10.379726704110624
1699,1754,557.0,-45.375,169.925,13.327988166944124,9.985988166944123
1700,1755,567.0,-45.375,169.975,13.270390222038259,9.86839022203826
1701,1756,963.0,-45.375,170.025,13.21488676899753,7.43688676899753
1702,1784,389.0,-45.325,169.925,13.578519960399717,11.244519960399717
1703,1785,447.0,-45.325,169.975,13.514883614931023,10.832883614931022
1704,1786,925.0,-45.325,170.025,13.459049413213506,7.9090494132135065
1705,1036,550.0,-45.475,170.075,12.663443608602392,9.363443608602392
1706,1040,233.0,-45.475,170.125,12.60179432935547,11.203794329355471
1707,1044,239.0,-45.475,170.175,12.5364476715622,11.102447671562201
1708,1048,539.0,-45.475,170.225,12.473476666564238,9.239476666564238
1709,1138,1403.0,-45.425,170.075,12.908749833964976,4.490749833964976
1710,1139,614.0,-45.425,170.125,12.84751525244792,9.16351525244792
1711,1140,257.0,-45.425,170.175,12.783336864042212,11.241336864042212
1712,1141,319.0,-45.425,170.225,12.720301519642817,10.806301519642817
1713,1757,1190.0,-45.375,170.075,13.157643868238665,6.0176438682386655
1714,1758,1192.0,-45.375,170.125,13.09637087713054,5.944370877130539
1715,1759,748.0,-45.375,170.175,13.031071199278813,8.543071199278813
1716,1760,248.0,-45.375,170.225,12.964133044340997,11.476133044340997
1717,1788,1065.0,-45.325,170.075,13.403421979484847,7.013421979484847
1718,1789,1146.0,-45.325,170.125,13.34273263484647,6.46673263484647
1719,1791,1142.0,-45.325,170.175,13.274827296525473,6.422827296525473
1720,1793,531.0,-45.325,170.225,13.200811986083863,10.014811986083863
1721,1052,456.0,-45.475,170.275,12.420116191366105,9.684116191366105
1722,1056,384.0,-45.475,170.325,12.383285797317512,10.079285797317512
1723,1060,501.0,-45.475,170.375,12.367775763879763,9.361775763879763
1724,1121,480.0,-45.425,170.325,12.619272119409288,9.73927211940929
1725,1142,624.0,-45.425,170.275,12.663785026306869,8.919785026306869
1726,1147,458.0,-45.425,170.375,12.590969741751906,9.842969741751906
1727,1761,387.0,-45.375,170.275,12.899721948357183,10.577721948357183
1728,1762,646.0,-45.375,170.325,12.842635340624838,8.966635340624839
1729,1763,450.0,-45.375,170.375,12.796972819167422,10.096972819167423
1730,1795,320.0,-45.325,170.275,13.124356327884016,11.204356327884016
1731,1797,533.0,-45.325,170.325,13.050324674404692,9.852324674404692
1732,1799,696.0,-45.325,170.375,12.983222832088359,8.807222832088359
1733,1061,539.0,-45.475,170.425,12.374808436696185,9.140808436696185
1734,1062,614.0,-45.475,170.475,12.401631068001734,8.717631068001735
1735,1063,444.0,-45.475,170.525,12.442241100608953,9.778241100608954
1736,1064,327.0,-45.475,170.575,12.488505298621021,10.526505298621021
1737,1151,596.0,-45.425,170.425,12.580675657402026,9.004675657402025
1738,1167,517.0,-45.425,170.475,12.587241796063608,9.485241796063608
1739,1176,475.0,-45.425,170.525,12.606604661996244,9.756604661996244
1740,1278,360.0,-45.425,170.575,12.631855722414912,10.471855722414912
1741,1764,520.0,-45.375,170.425,12.765001920241048,9.645001920241047
1742,1765,553.0,-45.375,170.475,12.74643186609319,9.42843186609319
1743,1766,484.0,-45.375,170.525,12.738025152793853,9.834025152793853
1744,1767,339.0,-45.375,170.575,12.733185714954743,10.699185714954744
1745,1801,599.0,-45.325,170.425,12.92590857273899,9.33190857273899
1746,1803,395.0,-45.325,170.475,12.87874213574105,10.508742135741048
1747,1805,261.0,-45.325,170.525,12.839100294790114,11.273100294790115
1748,1807,119.0,-45.325,170.575,12.801076523202937,12.087076523202937
1749,1065,174.0,-45.475,170.625,12.530225641196012,11.486225641196011
1750,1066,69.0,-45.475,170.675,12.551861416417523,12.137861416417524
1751,1067,15.0,-45.475,170.725,12.512696280609816,12.422696280609816
1752,1289,240.0,-45.425,170.625,12.652282191062113,11.212282191062114
1753,1297,59.0,-45.425,170.675,12.64938175334828,12.29538175334828
1754,1305,100.0,-45.425,170.725,12.58994568415801,11.98994568415801
1755,1768,61.0,-45.375,170.625,12.721021374178235,12.355021374178236
1756,1769,147.0,-45.375,170.675,12.685101165538072,11.803101165538072
1757,1770,385.0,-45.375,170.725,12.606757266723434,10.296757266723434
1758,1809,584.0,-45.325,170.625,12.75538289672113,9.25138289672113
1759,1811,449.0,-45.325,170.675,12.690307303419104,9.996307303419105
1760,1813,504.0,-45.325,170.725,12.595884636073606,9.571884636073605
1761,1068,20.0,-45.475,170.775,12.37518935877597,12.25518935877597
1762,1069,53.0,-45.475,170.825,12.20988007960841,11.891880079608411
1763,1407,188.0,-45.425,170.775,12.459317815693794,11.331317815693794
1764,1771,170.0,-45.375,170.775,12.481527756652213,11.461527756652213
1765,1772,40.0,-45.375,170.825,12.327361290837871,12.08736129083787
1766,1815,89.0,-45.325,170.775,12.471190187847242,11.937190187847241
1767,1821,5.0,-45.325,170.825,12.326837513712235,12.296837513712235
1768,1790,606.0,-45.225,166.925,13.124764491323731,9.488764491323732
1769,1823,307.0,-45.275,166.925,12.93101562128868,11.089015621288679
1770,1825,640.0,-45.275,166.975,12.925666794122662,9.085666794122663
1771,1320,155.0,-45.175,167.025,13.34023590812285,12.41023590812285
1772,1321,1107.0,-45.175,167.075,13.354891133480123,6.712891133480123
1773,1322,850.0,-45.175,167.175,13.399361020172364,8.299361020172364
1774,1792,834.0,-45.225,167.025,13.129536704582279,8.125536704582279
1775,1794,1143.0,-45.225,167.075,13.137863565352745,6.279863565352746
1776,1796,678.0,-45.225,167.125,13.150915732883732,9.082915732883732
1777,1798,734.0,-45.225,167.175,13.169280026704655,8.765280026704655
1778,1826,638.0,-45.275,167.025,12.923633773156325,9.095633773156326
1779,1828,397.0,-45.275,167.075,12.925492705122451,10.543492705122452
1780,1830,826.0,-45.275,167.175,12.94344677303161,7.9874467730316105
1781,1323,806.0,-45.175,167.225,13.430184080119943,8.594184080119943
1782,1324,1125.0,-45.175,167.275,13.467289913853165,6.717289913853165
1783,1325,179.0,-45.175,167.325,13.510953736811643,12.436953736811644
1784,1800,465.0,-45.225,167.225,13.193500334891723,10.403500334891724
1785,1802,1164.0,-45.225,167.275,13.224013655126328,6.240013655126328
1786,1804,1030.0,-45.225,167.325,13.261089711886598,7.081089711886597
1787,1832,914.0,-45.275,167.225,12.96084095032711,7.4768409503271105
1788,1834,1240.0,-45.275,167.275,12.984568834523088,5.544568834523089
1789,1836,1366.0,-45.275,167.325,13.014909084857209,4.818909084857209
1790,1326,1191.0,-45.175,167.375,13.561313380283536,6.4153133802835365
1791,1327,1182.0,-45.175,167.425,13.618379172927234,6.526379172927235
1792,1328,1350.0,-45.175,167.475,13.682062880863668,5.582062880863669
1793,1329,1166.0,-45.175,167.525,13.752210827777162,6.756210827777163
1794,1806,795.0,-45.225,167.375,13.304802694328828,8.534802694328828
1795,1808,1170.0,-45.225,167.425,13.355049534424325,6.335049534424325
1796,1810,1208.0,-45.225,167.475,13.411600200488465,6.163600200488466
1797,1812,974.0,-45.225,167.525,13.474150314665167,7.630150314665166
1798,1868,938.0,-45.275,167.375,13.051856059639249,7.423856059639249
1799,1870,471.0,-45.275,167.425,13.095158382711816,10.269158382711815
1800,1872,1201.0,-45.275,167.475,13.144412948458921,5.938412948458922
1801,1874,1396.0,-45.275,167.525,13.199149825479253,4.823149825479254
1802,1330,1185.0,-45.175,167.575,13.828627667040564,6.718627667040565
1803,1331,353.0,-45.175,167.625,13.911083673650865,11.793083673650864
1804,1332,204.0,-45.175,167.675,13.999303947392036,12.775303947392036
1805,1333,343.0,-45.175,167.725,14.092940610455116,12.034940610455116
1806,1814,895.0,-45.225,167.575,13.542354593679192,8.172354593679193
1807,1816,1293.0,-45.225,167.625,13.615835175209213,5.857835175209214
1808,1817,782.0,-45.225,167.675,13.694168080517557,9.002168080517556
1809,1818,204.0,-45.225,167.725,13.776853095885599,12.552853095885599
1810,1876,1462.0,-45.275,167.575,13.25887581439747,4.486875814397472
1811,1878,1071.0,-45.275,167.625,13.32307946679066,6.897079466790659
1812,1880,918.0,-45.275,167.675,13.391211094305618,7.883211094305618
1813,1882,204.0,-45.275,167.725,13.462648403336061,12.238648403336061
1814,1334,204.0,-45.175,167.775,14.191530065596453,12.967530065596453
1815,1335,225.0,-45.175,167.825,14.294438244003686,12.944438244003686
1816,1336,231.0,-45.175,167.875,14.40079820495157,13.014798204951571
1817,1819,204.0,-45.225,167.775,13.863271544803865,12.639271544803865
1818,1820,239.0,-45.225,167.825,13.952635641559027,12.518635641559028
1819,1822,361.0,-45.225,167.875,14.04393310789601,11.877933107896009
1820,1884,204.0,-45.275,167.775,13.536653827672126,12.312653827672126
1821,1886,375.0,-45.275,167.825,13.612327073977212,11.362327073977212
1822,1888,364.0,-45.275,167.875,13.688555553380866,11.504555553380865
1823,1337,297.0,-45.175,167.925,14.5094460259279,12.7274460259279
1824,1338,559.0,-45.175,167.975,14.618861344773904,11.264861344773905
1825,1339,1074.0,-45.175,168.025,14.727116912836209,8.28311691283621
1826,1340,898.0,-45.175,168.075,14.831836832730914,9.443836832730915
1827,1824,530.0,-45.225,167.925,14.135871027057874,10.955871027057874
1828,1827,583.0,-45.225,167.975,14.226822650700342,10.728822650700343
1829,1829,1026.0,-45.225,168.025,14.314779365231516,8.158779365231517
1830,1831,804.0,-45.225,168.075,14.397307256382192,9.573307256382193
1831,1890,400.0,-45.275,167.925,13.763965235630167,11.363965235630166
1832,1892,485.0,-45.275,167.975,13.836874220563914,10.926874220563914
1833,1942,707.0,-45.275,168.025,13.90525051712757,9.663250517127569
1834,1943,1051.0,-45.275,168.075,13.96667426537897,7.66067426537897
1835,1341,1137.0,-45.175,168.125,14.930157081864309,8.10815708186431
1836,1342,1101.0,-45.175,168.175,15.018676424704609,8.412676424704609
1837,1343,1014.0,-45.175,168.225,15.09338199449121,9.00938199449121
1838,1833,1358.0,-45.225,168.125,14.471504418965196,6.3235044189651965
1839,1835,615.0,-45.225,168.175,14.533952528319787,10.843952528319788
1840,1837,839.0,-45.225,168.225,14.580655401441618,9.546655401441619
1841,1944,1284.0,-45.275,168.125,14.018303494507563,6.314303494507564
1842,1945,631.0,-45.275,168.175,14.056842487145332,10.270842487145332
1843,1946,991.0,-45.275,168.225,14.07851432923053,8.13251432923053
1844,1344,940.0,-45.175,168.275,15.149531288727303,9.509531288727302
1845,1345,459.0,-45.175,168.325,15.181470007039024,12.427470007039025
1846,1346,808.0,-45.175,168.375,15.182364197724382,10.334364197724383
1847,1347,1286.0,-45.175,168.425,15.143836884206394,7.427836884206394
1848,1838,912.0,-45.225,168.275,14.606959626849857,9.134959626849858
1849,1839,668.0,-45.225,168.325,14.60746076927171,10.599460769271712
1850,1840,1279.0,-45.225,168.375,14.575921910945908,6.901921910945909
1851,1841,1141.0,-45.225,168.425,14.50529428034497,7.6592942803449695
1852,1947,679.0,-45.275,168.275,14.079046510174521,10.005046510174521
1853,1948,1040.0,-45.275,168.325,14.053694942820584,7.813694942820584
1854,1949,1296.0,-45.275,168.375,13.997366785930353,6.221366785930353
1855,1951,1236.0,-45.275,168.425,13.90497397686704,6.488973976867041
1856,1119,1445.0,-45.275,168.575,13.385710931426729,4.715710931426729
1857,1348,1468.0,-45.175,168.475,15.055575357022462,6.247575357022463
1858,1349,1634.0,-45.175,168.525,14.905327411572216,5.101327411572216
1859,1350,1283.0,-45.175,168.575,14.681117180982255,6.983117180982256
1860,1842,1294.0,-45.225,168.475,14.388097854418447,6.624097854418448
1861,1843,539.0,-45.225,168.525,14.217838475611643,10.983838475611643
1862,1844,1175.0,-45.225,168.575,13.992967998885433,6.942967998885433
1863,1952,943.0,-45.275,168.475,13.772283579324721,8.114283579324722
1864,1953,1463.0,-45.275,168.525,13.597728204113082,4.819728204113082
1865,1162,1308.0,-45.275,168.625,13.1511149561411,5.3031149561411
1866,1171,1585.0,-45.275,168.675,12.921778955409536,3.4117789554095364
1867,1180,326.0,-45.275,168.725,12.732375036968733,10.776375036968734
1868,1281,464.0,-45.275,168.775,12.60822174695204,9.824221746952041
1869,1351,384.0,-45.175,168.625,14.381839486872195,12.077839486872195
1870,1352,786.0,-45.175,168.675,14.045805632602423,9.329805632602422
1871,1353,308.0,-45.175,168.725,13.771435405520606,11.923435405520607
1872,1354,974.0,-45.175,168.775,13.644979012038675,7.800979012038675
1873,1845,1310.0,-45.225,168.625,13.725412785133813,5.865412785133813
1874,1846,1316.0,-45.225,168.675,13.451380231868825,5.555380231868825
1875,1847,308.0,-45.225,168.725,13.227893465402303,11.379893465402304
1876,1848,938.0,-45.225,168.775,13.098787361523136,7.470787361523136
1877,1283,1754.0,-45.275,168.825,12.552121693996014,2.028121693996015
1878,1285,1538.0,-45.275,168.875,12.547766222633072,3.3197662226330724
1879,1290,835.0,-45.275,168.925,12.573796119191684,7.563796119191684
1880,1298,1396.0,-45.275,168.975,12.61486417199194,4.23886417199194
1881,1355,1895.0,-45.175,168.825,13.646119218421518,2.2761192184215187
1882,1356,2071.0,-45.175,168.875,13.699183929493302,1.2731839294933014
1883,1357,1405.0,-45.175,168.925,13.752067044202704,5.322067044202704
1884,1358,754.0,-45.175,168.975,13.782965224643704,9.258965224643703
1885,1849,1493.0,-45.225,168.825,13.062088790567941,4.104088790567941
1886,1850,1690.0,-45.225,168.875,13.082521059870487,2.9425210598704883
1887,1851,1094.0,-45.225,168.925,13.12421734475356,6.560217344753561
1888,1852,709.0,-45.225,168.975,13.165647646892467,8.911647646892467
1889,1306,1404.0,-45.275,169.025,12.666207127695088,4.242207127695089
1890,1359,944.0,-45.175,169.025,13.783302762865787,8.119302762865788
1891,1360,1181.0,-45.175,169.075,13.746440046365024,6.660440046365023
1892,1361,632.0,-45.175,169.125,13.662774326701765,9.870774326701765
1893,1414,1712.0,-45.275,169.075,12.735989934095414,2.463989934095414
1894,1418,1320.0,-45.275,169.125,12.849633341204026,4.929633341204027
1895,1853,902.0,-45.225,169.025,13.198986565563246,7.786986565563246
1896,1854,1583.0,-45.225,169.075,13.227927370084217,3.7299273700842175
1897,1855,1218.0,-45.225,169.125,13.271840505301952,5.9638405053019525
1898,1362,583.0,-45.175,169.175,13.51849125501758,10.02049125501758
1899,1363,607.0,-45.175,169.225,13.29418298730161,9.652182987301611
1900,1364,642.0,-45.175,169.275,12.938157932978356,9.086157932978356
1901,1365,293.0,-45.175,169.325,13.374868192739086,11.616868192739087
1902,1425,1358.0,-45.275,169.175,13.055679646451608,4.907679646451609
1903,1426,1127.0,-45.275,169.225,13.409797741551301,6.647797741551302
1904,1427,565.0,-45.275,169.275,13.785559251293307,10.395559251293307
1905,1428,252.0,-45.275,169.325,13.330429633759195,11.818429633759195
1906,1856,778.0,-45.225,169.175,13.383678580750711,8.715678580750712
1907,1857,801.0,-45.225,169.225,13.700658207759261,8.89465820775926
1908,1858,480.0,-45.225,169.275,14.576708832391887,11.696708832391888
1909,1859,173.0,-45.225,169.325,15.536622051047743,14.498622051047743
1910,1366,280.0,-45.175,169.375,15.59843426727457,13.91843426727457
1911,1367,269.0,-45.175,169.425,16.978555413719732,15.364555413719732
1912,1368,180.0,-45.175,169.475,17.221291514331824,16.141291514331826
1913,1429,261.0,-45.275,169.375,12.579161795656546,11.013161795656547
1914,1430,368.0,-45.275,169.425,14.624563169141766,12.416563169141765
1915,1433,330.0,-45.275,169.475,15.428628262860002,13.448628262860002
1916,1860,169.0,-45.225,169.375,15.67784119717544,14.66384119717544
1917,1861,199.0,-45.225,169.425,16.949472145730397,15.755472145730398
1918,1862,225.0,-45.225,169.475,16.88119082385674,15.531190823856742
1919,1077,437.0,-45.225,169.675,15.049494322767714,12.427494322767714
1920,1369,292.0,-45.175,169.525,16.880035973954364,15.128035973954363
1921,1370,468.0,-45.175,169.575,16.32065573534055,13.512655735340552
1922,1371,622.0,-45.175,169.625,15.71629131800728,11.98429131800728
1923,1372,412.0,-45.175,169.675,15.173327437994885,12.701327437994886
1924,1442,361.0,-45.275,169.525,15.5275489136111,13.361548913611099
1925,1449,558.0,-45.275,169.575,15.342479931248818,11.994479931248819
1926,1533,618.0,-45.275,169.625,15.041791377807385,11.333791377807385
1927,1538,624.0,-45.275,169.675,14.717944551128312,10.973944551128312
1928,1863,344.0,-45.225,169.525,16.516025221528253,14.452025221528253
1929,1864,601.0,-45.225,169.575,16.031018273861264,12.425018273861264
1930,1865,450.0,-45.225,169.625,15.519232217455283,12.819232217455284
1931,1152,521.0,-45.225,169.725,14.665453466761392,11.539453466761392
1932,1153,619.0,-45.225,169.775,14.381256702065002,10.667256702065002
1933,1155,870.0,-45.225,169.825,14.187594686663942,8.967594686663944
1934,1373,447.0,-45.175,169.725,14.753600328651373,12.071600328651373
1935,1374,631.0,-45.175,169.775,14.467756178273703,10.681756178273703
1936,1375,1006.0,-45.175,169.825,14.291543908009771,8.25554390800977
1937,1542,739.0,-45.275,169.725,14.42470700883132,9.99070700883132
1938,1545,781.0,-45.275,169.775,14.187456763145747,9.501456763145747
1939,1550,844.0,-45.275,169.825,14.010672869568225,8.946672869568225
1940,1156,894.0,-45.225,169.875,14.06425648779259,8.70025648779259
1941,1159,439.0,-45.225,169.925,13.98932171256456,11.35532171256456
1942,1166,387.0,-45.225,169.975,13.942807497121976,11.620807497121977
1943,1175,375.0,-45.225,170.025,13.90733013569843,11.65733013569843
1944,1376,858.0,-45.175,169.875,14.19281386815419,9.04481386815419
1945,1377,471.0,-45.175,169.925,14.143577416354674,11.317577416354673
1946,1378,404.0,-45.175,169.975,14.121152936539147,11.697152936539148
1947,1379,381.0,-45.175,170.025,14.106457018846413,11.820457018846414
1948,1557,662.0,-45.275,169.875,13.886374125038856,9.914374125038856
1949,1563,401.0,-45.275,169.925,13.801183576069889,11.39518357606989
1950,1569,372.0,-45.275,169.975,13.740600056145922,11.508600056145923
1951,1647,417.0,-45.275,170.025,13.691093334040488,11.18909333404049
1952,1277,388.0,-45.225,170.075,13.868125090244575,11.540125090244576
1953,1291,419.0,-45.225,170.125,13.81380931957392,11.29980931957392
1954,1299,596.0,-45.225,170.175,13.738217389327474,10.162217389327473
1955,1307,584.0,-45.225,170.225,13.641788696346339,10.13778869634634
1956,1380,381.0,-45.175,170.075,14.082457325232099,11.7964573252321
1957,1381,368.0,-45.175,170.125,14.034415872534737,11.826415872534737
1958,1382,409.0,-45.175,170.175,13.953520463663153,11.499520463663153
1959,1383,362.0,-45.175,170.225,13.841190547973383,11.669190547973383
1960,1651,498.0,-45.275,170.075,13.641230361914495,10.653230361914495
1961,1655,735.0,-45.275,170.125,13.582688961003441,9.172688961003441
1962,1659,805.0,-45.275,170.175,13.511295013246126,8.681295013246126
1963,1663,746.0,-45.275,170.225,13.427449141046964,8.951449141046965
1964,1308,482.0,-45.225,170.275,13.530375856586033,10.638375856586034
1965,1309,542.0,-45.225,170.325,13.412008931700257,10.160008931700258
1966,1310,631.0,-45.225,170.375,13.293959032424027,9.507959032424028
1967,1384,379.0,-45.175,170.275,13.707129896778497,11.433129896778496
1968,1385,549.0,-45.175,170.325,13.562974357031635,10.268974357031635
1969,1386,620.0,-45.175,170.375,13.418195665828534,9.698195665828536
1970,1668,340.0,-45.275,170.275,13.335251071694074,11.295251071694075
1971,1672,425.0,-45.275,170.325,13.240554913907545,10.690554913907544
1972,1677,691.0,-45.275,170.375,13.148906388116302,9.002906388116301
1973,1311,491.0,-45.225,170.425,13.181126306852093,10.235126306852093
1974,1312,503.0,-45.225,170.475,13.075446357383044,10.057446357383043
1975,1313,775.0,-45.225,170.525,12.975884143379517,8.325884143379518
1976,1314,852.0,-45.225,170.575,12.878864951315336,7.766864951315337
1977,1387,757.0,-45.175,170.425,13.27889288921142,8.73689288921142
1978,1388,1345.0,-45.175,170.475,13.14775954785,5.077759547850002
1979,1389,1105.0,-45.175,170.525,13.024455278835376,6.394455278835376
1980,1390,744.0,-45.175,170.575,12.906293553955038,8.442293553955038
1981,1682,642.0,-45.275,170.425,13.064044465587358,9.212044465587358
1982,1686,381.0,-45.275,170.475,12.98706996429246,10.70106996429246
1983,1690,413.0,-45.275,170.525,12.916120045629214,10.438120045629214
1984,1694,606.0,-45.275,170.575,12.846435729676159,9.21043572967616
1985,1315,840.0,-45.225,170.625,12.779225068035885,7.739225068035885
1986,1316,567.0,-45.225,170.675,12.671843994248775,9.269843994248776
1987,1317,326.0,-45.225,170.725,12.55385643208865,10.597856432088651
1988,1391,492.0,-45.175,170.625,12.789333349734079,9.83733334973408
1989,1392,541.0,-45.175,170.675,12.669896849562065,9.423896849562064
1990,1393,237.0,-45.175,170.725,12.546294417363242,11.124294417363242
1991,1699,703.0,-45.275,170.625,12.770956578387995,8.552956578387995
1992,1705,339.0,-45.275,170.675,12.681941314702271,10.647941314702273
1993,1711,325.0,-45.275,170.725,12.57407173665706,10.624071736657061
1994,1318,98.0,-45.225,170.775,12.426643769664224,11.838643769664225
1995,1319,57.0,-45.225,170.825,12.296370082418434,11.954370082418434
1996,1394,52.0,-45.175,170.775,12.420212726807222,12.108212726807222
1997,1395,26.0,-45.175,170.825,12.297126314530033,12.141126314530032
1998,1716,56.0,-45.275,170.775,12.447978238094947,12.111978238094947
1999,1787,21.0,-45.275,170.825,12.311216602683999,12.185216602684
2000,2062,20.0,-45.175,170.875,12.185538871846802,12.065538871846803
2001,2114,884.0,-45.125,167.025,13.554869344836334,8.250869344836335
2002,2124,457.0,-45.125,167.075,13.575667798431823,10.833667798431822
2003,2228,437.0,-45.125,167.125,13.60145875204762,10.97945875204762
2004,2231,687.0,-45.125,167.175,13.632721172747551,9.510721172747552
2005,2530,375.0,-44.975,167.175,14.344179079809692,12.094179079809692
2006,2798,621.0,-45.025,167.125,14.062786994109047,10.336786994109048
2007,2981,864.0,-45.075,167.075,13.799368012521882,8.61536801252188
2008,2982,535.0,-45.075,167.125,13.831169321856578,10.621169321856579
2009,2983,907.0,-45.075,167.175,13.868488407708355,8.426488407708355
2010,2251,936.0,-45.125,167.225,13.669895160157466,8.053895160157467
2011,2256,395.0,-45.125,167.275,13.713354643681669,11.343354643681668
2012,2264,913.0,-45.125,167.325,13.763385835452937,8.285385835452935
2013,2531,160.0,-44.975,167.225,14.39865540417668,13.438655404176679
2014,2532,1165.0,-44.975,167.275,14.459383510504267,7.469383510504267
2015,2533,411.0,-44.975,167.325,14.526671994492062,12.060671994492061
2016,2799,104.0,-45.025,167.225,14.154895771745942,13.530895771745941
2017,2800,530.0,-45.025,167.275,14.210193059348967,11.030193059348967
2018,2801,110.0,-45.025,167.325,14.272074237305787,13.612074237305787
2019,2984,1240.0,-45.075,167.225,13.911734930239618,6.471734930239618
2020,2985,1047.0,-45.075,167.275,13.961268836719682,7.679268836719682
2021,2986,148.0,-45.075,167.325,14.01738756877603,13.12938756877603
2022,2272,221.0,-45.125,167.375,13.820178428271902,12.494178428271901
2023,2380,1383.0,-45.125,167.425,13.883832317806082,5.585832317806082
2024,2392,260.0,-45.125,167.475,13.954376241003047,12.394376241003046
2025,2490,749.0,-45.125,167.525,14.031790182125405,9.537790182125406
2026,2534,651.0,-44.975,167.375,14.600801381107885,10.694801381107887
2027,2535,60.0,-44.975,167.475,14.770613886401406,14.410613886401407
2028,2536,474.0,-44.975,167.525,14.866808307881001,12.022808307881002
2029,2802,228.0,-45.025,167.375,14.3408005694655,12.9728005694655
2030,2803,426.0,-45.025,167.425,14.416595554124797,11.860595554124798
2031,2804,417.0,-45.025,167.475,14.499657554450096,11.997657554450097
2032,2805,822.0,-45.025,167.525,14.590175643766997,9.658175643766997
2033,2987,172.0,-45.075,167.375,14.080322008943767,13.048322008943767
2034,2988,897.0,-45.075,167.425,14.150242540665204,8.768242540665202
2035,2989,935.0,-45.075,167.475,14.227273161130142,8.617273161130143
2036,2990,1166.0,-45.075,167.525,14.311508847575169,7.3155088475751695
2037,2494,737.0,-45.125,167.575,14.116022836242337,9.694022836242336
2038,2500,827.0,-45.125,167.625,14.206997667381074,9.244997667381075
2039,2506,1286.0,-45.125,167.675,14.30460376208066,6.588603762080661
2040,2537,710.0,-44.975,167.575,14.970899886116968,10.710899886116968
2041,2538,1194.0,-44.975,167.625,15.083214477752335,7.919214477752336
2042,2539,704.0,-44.975,167.675,15.204126554657705,10.980126554657705
2043,2540,1015.0,-44.975,167.725,15.334051543046371,9.244051543046371
2044,2602,560.0,-45.125,167.725,14.408669500655378,11.048669500655379
2045,2806,1140.0,-45.025,167.575,14.688344696929562,7.848344696929562
2046,2807,912.0,-45.025,167.625,14.794375111567206,9.322375111567206
2047,2808,1574.0,-45.025,167.675,14.908491754424176,5.464491754424177
2048,2809,490.0,-45.025,167.725,15.030915419309167,12.090915419309168
2049,2991,218.0,-45.075,167.575,14.40303032824886,13.09503032824886
2050,2992,1667.0,-45.075,167.625,14.501910699371365,4.499910699371364
2051,2993,1104.0,-45.075,167.675,14.608208993478911,7.984208993478911
2052,2994,726.0,-45.075,167.725,14.721946217876393,10.365946217876393
2053,2541,1167.0,-44.975,167.775,15.473409623518819,8.47140962351882
2054,2542,830.0,-44.975,167.825,15.62254426346044,10.64254426346044
2055,2543,473.0,-44.975,167.875,15.7815837541566,12.943583754156599
2056,2606,1174.0,-45.125,167.775,14.518918436238891,7.474918436238892
2057,2613,204.0,-45.125,167.825,14.63490872766124,13.41090872766124
2058,2615,260.0,-45.125,167.875,14.755960769965895,13.195960769965895
2059,2810,957.0,-45.025,167.775,15.161818771332037,9.419818771332036
2060,2811,922.0,-45.025,167.825,15.30124968761811,9.76924968761811
2061,2812,204.0,-45.025,167.875,15.44902186341642,14.22502186341642
2062,2995,973.0,-45.075,167.775,14.843060027676984,9.005060027676983
2063,2996,312.0,-45.075,167.825,14.971336459027953,13.099336459027953
2064,2997,528.0,-45.075,167.875,15.106322544437717,11.938322544437717
2065,2064,1262.0,-45.075,168.075,15.691127971789683,8.119127971789684
2066,2544,597.0,-44.975,167.925,15.950258979020873,12.368258979020872
2067,2545,1207.0,-44.975,167.975,16.127732967826887,8.885732967826886
2068,2546,452.0,-44.975,168.025,16.312519860613975,13.600519860613975
2069,2547,1388.0,-44.975,168.075,16.502529802761273,8.174529802761274
2070,2617,275.0,-45.125,167.925,14.881081678555347,13.231081678555347
2071,2622,738.0,-45.125,167.975,15.008897686173441,10.58089768617344
2072,2688,1135.0,-45.125,168.025,15.137603447554284,8.327603447554285
2073,2731,1026.0,-45.125,168.075,15.264929781420506,9.108929781420507
2074,2813,662.0,-45.025,167.925,15.604587897920283,11.632587897920283
2075,2814,1375.0,-45.025,167.975,15.766927885328187,7.516927885328187
2076,2815,882.0,-45.025,168.025,15.934490509243915,10.642490509243915
2077,2816,675.0,-45.025,168.075,16.105201792437583,12.055201792437582
2078,2998,947.0,-45.075,167.925,15.247231925430242,9.565231925430242
2079,2999,376.0,-45.075,167.975,15.392862650929601,13.1368626509296
2080,3000,933.0,-45.075,168.025,15.541545389816747,9.943545389816748
2081,2123,1378.0,-45.075,168.125,15.838984153524507,7.570984153524508
2082,2229,1692.0,-45.075,168.175,15.98202134630992,5.83002134630992
2083,2232,731.0,-45.075,168.225,16.116658575934707,11.730658575934708
2084,2548,1512.0,-44.975,168.125,16.695197594628553,7.623197594628554
2085,2549,1511.0,-44.975,168.175,16.887613536266144,7.821613536266145
2086,2550,496.0,-44.975,168.225,17.07659687861451,14.10059687861451
2087,2745,905.0,-45.125,168.125,15.388121179988957,9.958121179988957
2088,2746,1227.0,-45.125,168.175,15.503905764824594,8.141905764824596
2089,2747,822.0,-45.125,168.225,15.608435338901472,10.676435338901472
2090,2817,1637.0,-45.025,168.125,16.276521180465352,6.454521180465351
2091,2818,1477.0,-45.025,168.175,16.445502821865375,7.583502821865375
2092,2819,1196.0,-45.025,168.225,16.608822590089403,9.432822590089403
2093,2238,1001.0,-45.075,168.275,16.238747344410513,10.232747344410512
2094,2240,847.0,-45.075,168.325,16.343404665589333,11.261404665589332
2095,2245,756.0,-45.075,168.375,16.42470870948455,11.888708709484549
2096,2258,308.0,-45.075,168.425,16.47515606052184,14.627156060521841
2097,2551,777.0,-44.975,168.275,17.2586905991775,12.5966905991775
2098,2552,1708.0,-44.975,168.325,17.43007246068737,7.182072460687371
2099,2553,308.0,-44.975,168.375,17.58636478295375,15.738364782953752
2100,2554,308.0,-44.975,168.425,17.722281753944117,15.874281753944118
2101,2748,843.0,-45.125,168.275,15.697169556151493,10.639169556151494
2102,2750,1670.0,-45.125,168.325,15.764670603035484,5.744670603035484
2103,2753,412.0,-45.125,168.375,15.80425556578848,13.332255565788481
2104,2757,537.0,-45.125,168.425,15.807411434187088,12.585411434187089
2105,2820,1338.0,-45.025,168.275,16.76274508559436,8.73474508559436
2106,2821,1051.0,-45.025,168.325,16.903011393616907,10.597011393616906
2107,2822,889.0,-45.025,168.375,17.024617343893624,11.690617343893624
2108,2823,308.0,-45.025,168.425,17.12141334747139,15.27341334747139
2109,2268,725.0,-45.075,168.475,16.484648624667898,12.134648624667898
2110,2276,308.0,-45.075,168.525,16.43840735066624,14.59040735066624
2111,2377,308.0,-45.075,168.575,16.311935771082062,14.463935771082063
2112,2555,724.0,-44.975,168.475,17.83094595388684,13.486945953886838
2113,2556,1464.0,-44.975,168.525,17.90240721772716,9.118407217727158
2114,2557,582.0,-44.975,168.575,17.91998324713495,14.42798324713495
2115,2761,379.0,-45.125,168.475,15.762794106965885,13.488794106965884
2116,2765,495.0,-45.125,168.525,15.654507976883906,12.684507976883905
2117,2769,923.0,-45.125,168.575,15.459573607731727,9.921573607731727
2118,2824,1532.0,-45.025,168.475,17.185358061789884,7.993358061789884
2119,2825,1035.0,-45.025,168.525,17.204977792629506,10.994977792629506
2120,2826,607.0,-45.025,168.575,17.16158752894262,13.519587528942619
2121,2390,308.0,-45.075,168.625,16.055750241604983,14.207750241604984
2122,2486,308.0,-45.075,168.675,15.567310308470041,13.719310308470043
2123,2493,400.0,-45.075,168.725,15.051085241997498,12.651085241997498
2124,2499,637.0,-45.075,168.775,15.074251243670005,11.252251243670006
2125,2558,954.0,-44.975,168.625,17.85143931604398,12.12743931604398
2126,2559,752.0,-44.975,168.675,17.664181538348203,13.152181538348202
2127,2560,414.0,-44.975,168.725,17.551813050813507,15.067813050813507
2128,2561,420.0,-44.975,168.775,17.509119112146436,14.989119112146437
2129,2773,1572.0,-45.125,168.625,15.149180263950257,5.717180263950256
2130,2778,665.0,-45.125,168.675,14.730433048098348,10.740433048098348
2131,2781,308.0,-45.125,168.725,14.371402814067551,12.523402814067552
2132,2785,1187.0,-45.125,168.775,14.2738082214928,7.151808221492801
2133,2827,879.0,-45.025,168.625,17.016632684200886,11.742632684200887
2134,2828,661.0,-45.025,168.675,16.619304313251632,12.653304313251631
2135,2829,308.0,-45.025,168.725,16.04219532207935,14.194195322079352
2136,2830,785.0,-45.025,168.775,16.29450837019249,11.584508370192488
2137,2505,1786.0,-45.075,168.825,15.218026141432347,4.5020261414323475
2138,2562,459.0,-44.975,168.825,17.311267845405382,14.557267845405383
2139,2563,641.0,-44.975,168.875,17.105571033243905,13.259571033243905
2140,2564,1315.0,-44.975,168.925,16.92092902645527,9.030929026455269
2141,2565,1026.0,-44.975,168.975,16.764489450404653,10.608489450404655
2142,2614,1499.0,-45.075,168.875,15.277427926281234,6.2834279262812345
2143,2618,960.0,-45.075,168.925,15.2794819912815,9.5194819912815
2144,2623,888.0,-45.075,168.975,15.247134013901814,9.919134013901814
2145,2789,2051.0,-45.125,168.825,14.3429720428976,2.036972042897599
2146,2793,1433.0,-45.125,168.875,14.425130860312493,5.827130860312494
2147,2831,1000.0,-45.025,168.825,16.285152302138158,10.285152302138158
2148,2832,1126.0,-45.025,168.875,16.213658771521295,9.457658771521295
2149,2833,537.0,-45.025,168.925,16.12402373860823,12.90202373860823
2150,2834,325.0,-45.025,168.975,16.032798090367578,14.082798090367579
2151,2878,917.0,-45.125,168.925,14.472581401554635,8.970581401554636
2152,2941,962.0,-45.125,168.975,14.480701542343013,8.708701542343015
2153,2566,833.0,-44.975,169.025,16.64496656077972,11.64696656077972
2154,2567,973.0,-44.975,169.075,16.57648841952323,10.738488419523229
2155,2568,1198.0,-44.975,169.125,16.581280732905725,9.393280732905726
2156,2689,396.0,-45.075,169.025,15.189780667948071,12.813780667948071
2157,2691,782.0,-45.075,169.075,15.105992411801708,10.413992411801708
2158,2693,302.0,-45.075,169.125,14.983790612546727,13.171790612546728
2159,2835,466.0,-45.025,169.025,15.950324319783249,13.15432431978325
2160,2836,889.0,-45.025,169.075,15.886049224893213,10.552049224893214
2161,2837,605.0,-45.025,169.125,15.852637593416148,12.222637593416149
2162,2942,1196.0,-45.125,169.025,14.44852310747956,7.272523107479559
2163,2943,1083.0,-45.125,169.075,14.366380668929196,7.868380668929196
2164,2944,719.0,-45.125,169.125,14.209136836390826,9.895136836390826
2165,2108,196.0,-45.025,169.225,15.968454820933403,14.792454820933402
2166,2118,595.0,-45.025,169.275,15.836801962097525,12.266801962097524
2167,2127,1283.0,-45.025,169.325,15.766173219133634,8.068173219133634
2168,2569,337.0,-44.975,169.175,16.686064612091286,14.664064612091286
2169,2570,302.0,-44.975,169.225,16.843149698514026,15.031149698514026
2170,2571,325.0,-44.975,169.275,16.798376261489466,14.848376261489467
2171,2572,734.0,-44.975,169.325,16.599791944783647,12.195791944783647
2172,2695,199.0,-45.075,169.175,14.805715823662467,13.611715823662468
2173,2697,201.0,-45.075,169.225,14.569820215794607,13.363820215794608
2174,2699,598.0,-45.075,169.275,14.349621208923054,10.761621208923053
2175,2701,1014.0,-45.075,169.325,14.569866400765022,8.485866400765023
2176,2838,316.0,-45.025,169.175,15.871873828655225,13.975873828655224
2177,2945,368.0,-45.125,169.175,13.931358862668276,11.723358862668276
2178,2946,602.0,-45.125,169.225,13.483971550012939,9.871971550012939
2179,2947,987.0,-45.125,169.275,13.01616324785573,7.09416324785573
2180,2948,355.0,-45.125,169.325,13.456857951867278,11.326857951867279
2181,2237,1455.0,-45.025,169.375,15.94048938130436,7.21048938130436
2182,2239,1427.0,-45.025,169.425,16.196071993530495,7.634071993530496
2183,2241,772.0,-45.025,169.475,16.300780736128218,11.668780736128218
2184,2573,1085.0,-44.975,169.375,16.39552587462822,9.88552587462822
2185,2574,1235.0,-44.975,169.425,16.29385547741549,8.88385547741549
2186,2575,850.0,-44.975,169.475,16.187249969880213,11.087249969880213
2187,2703,1157.0,-45.075,169.375,15.351794321730267,8.409794321730267
2188,2705,599.0,-45.075,169.425,16.14622183764004,12.552221837640042
2189,2706,359.0,-45.075,169.475,16.517383054626407,14.363383054626407
2190,2949,519.0,-45.125,169.375,15.063847585217445,11.949847585217444
2191,2950,399.0,-45.125,169.425,16.397025034486433,14.003025034486432
2192,2951,319.0,-45.125,169.475,16.889122085776762,14.975122085776762
2193,2247,431.0,-45.025,169.525,16.151053477209643,13.565053477209643
2194,2252,376.0,-45.025,169.575,15.77815053287486,13.52215053287486
2195,2255,380.0,-45.025,169.625,15.28188319291803,13.001883192918031
2196,2263,378.0,-45.025,169.675,14.804454367578728,12.536454367578727
2197,2576,813.0,-44.975,169.525,15.975396161680692,11.097396161680692
2198,2577,848.0,-44.975,169.575,15.642339870581054,10.554339870581053
2199,2578,489.0,-44.975,169.625,15.243308002478443,12.309308002478444
2200,2579,409.0,-44.975,169.675,14.883717008589883,12.429717008589883
2201,2708,323.0,-45.075,169.525,16.42353086541698,14.485530865416978
2202,2711,323.0,-45.075,169.575,16.010248703911202,14.072248703911201
2203,2713,356.0,-45.075,169.625,15.450238263350911,13.314238263350912
2204,2715,398.0,-45.075,169.675,14.91893242506194,12.53093242506194
2205,2952,269.0,-45.125,169.525,16.73811128876696,15.124111288766958
2206,2953,282.0,-45.125,169.575,16.251847497565905,14.559847497565904
2207,2954,460.0,-45.125,169.625,15.652756203562603,12.892756203562604
2208,2955,456.0,-45.125,169.675,15.102358929856564,12.366358929856563
2209,2271,358.0,-45.025,169.725,14.553068176915986,12.405068176915986
2210,2381,514.0,-45.025,169.775,14.463971322766156,11.379971322766156
2211,2385,549.0,-45.025,169.825,14.448227354121627,11.154227354121627
2212,2580,413.0,-44.975,169.725,14.667253339488525,12.189253339488525
2213,2581,402.0,-44.975,169.775,14.585789534743526,12.173789534743527
2214,2582,508.0,-44.975,169.825,14.579767343675485,11.531767343675485
2215,2716,521.0,-45.075,169.725,14.592073006613646,11.466073006613646
2216,2718,433.0,-45.075,169.775,14.43912373270723,11.841123732707231
2217,2720,436.0,-45.075,169.825,14.378080677153775,11.762080677153776
2218,2956,401.0,-45.125,169.725,14.705407999485033,12.299407999485034
2219,2957,437.0,-45.125,169.775,14.467584138343227,11.845584138343227
2220,2958,781.0,-45.125,169.825,14.341597898921464,9.655597898921464
2221,2391,470.0,-45.025,169.875,14.471463410183787,11.651463410183787
2222,2483,766.0,-45.025,169.925,14.512948076895555,9.916948076895554
2223,2487,557.0,-45.025,169.975,14.55764532237663,11.215645322376629
2224,2498,564.0,-45.025,170.025,14.592924851429416,11.208924851429416
2225,2583,691.0,-44.975,169.875,14.609950507117901,10.4639505071179
2226,2584,574.0,-44.975,169.925,14.652788758758106,11.208788758758107
2227,2585,570.0,-44.975,169.975,14.692270442072186,11.272270442072186
2228,2586,691.0,-44.975,170.025,14.715564682992408,10.569564682992407
2229,2722,862.0,-45.075,169.875,14.369743508927058,9.197743508927058
2230,2725,567.0,-45.075,169.925,14.39034612395335,10.98834612395335
2231,2727,479.0,-45.075,169.975,14.42247537500225,11.54847537500225
2232,2728,499.0,-45.075,170.025,14.451259214387392,11.457259214387392
2233,2959,791.0,-45.125,169.875,14.286161912066746,9.540161912066747
2234,2960,480.0,-45.125,169.925,14.272471613818198,11.392471613818199
2235,2961,422.0,-45.125,169.975,14.279144172178349,11.747144172178348
2236,2962,423.0,-45.125,170.025,14.288222757793847,11.750222757793846
2237,2504,640.0,-45.025,170.075,14.605786229032674,10.765786229032674
2238,2510,642.0,-45.025,170.125,14.577526396140456,10.725526396140456
2239,2511,586.0,-45.025,170.175,14.462695784619427,10.946695784619427
2240,2512,534.0,-45.025,170.225,14.281473924333113,11.077473924333113
2241,2587,884.0,-44.975,170.075,14.70940423454158,9.405404234541582
2242,2588,945.0,-44.975,170.125,14.654787393839797,8.984787393839799
2243,2589,721.0,-44.975,170.175,14.528867126267869,10.202867126267869
2244,2590,606.0,-44.975,170.225,14.342892526547075,10.706892526547076
2245,2730,509.0,-45.075,170.075,14.461107910392457,11.407107910392456
2246,2737,519.0,-45.075,170.125,14.43020408443408,11.31620408443408
2247,2739,499.0,-45.075,170.175,14.330706986002042,11.336706986002042
2248,2742,480.0,-45.075,170.225,14.172373328648973,11.292373328648974
2249,2963,438.0,-45.125,170.075,14.28212939365767,11.65412939365767
2250,2964,439.0,-45.125,170.125,14.242041490855627,11.608041490855626
2251,2965,417.0,-45.125,170.175,14.153731371785398,11.651731371785399
2252,2966,419.0,-45.125,170.225,14.021031076816143,11.507031076816144
2253,2109,817.0,-44.975,170.325,13.907840929503436,9.005840929503435
2254,2119,1223.0,-44.975,170.375,13.69608446933853,6.35808446933853
2255,2513,503.0,-45.025,170.275,14.075395572144771,11.05739557214477
2256,2514,848.0,-45.025,170.325,13.863566545274807,8.775566545274806
2257,2515,1069.0,-45.025,170.375,13.658629830082646,7.244629830082646
2258,2591,627.0,-44.975,170.275,14.128497485333355,10.366497485333355
2259,2749,469.0,-45.075,170.275,13.986217534838943,11.172217534838943
2260,2754,573.0,-45.075,170.325,13.791753586017876,10.353753586017875
2261,2758,1155.0,-45.075,170.375,13.601044254086446,6.671044254086445
2262,2967,441.0,-45.125,170.275,13.861244768966571,11.21524476896657
2263,2968,477.0,-45.125,170.325,13.690728262197808,10.828728262197808
2264,2969,674.0,-45.125,170.375,13.520882849828922,9.476882849828922
2265,2128,974.0,-44.975,170.425,13.503892572975019,7.659892572975019
2266,2227,653.0,-44.975,170.475,13.33768661164504,9.41968661164504
2267,2233,461.0,-44.975,170.525,13.19926650331763,10.43326650331763
2268,2248,300.0,-44.975,170.575,13.086103535475559,11.286103535475558
2269,2516,860.0,-45.025,170.425,13.469021811761195,8.309021811761195
2270,2517,669.0,-45.025,170.475,13.299386519458494,9.285386519458495
2271,2518,461.0,-45.025,170.525,13.150680988022941,10.384680988022941
2272,2519,519.0,-45.025,170.575,13.020688816919574,9.906688816919573
2273,2762,1352.0,-45.075,170.425,13.421535780027625,5.309535780027625
2274,2766,612.0,-45.075,170.475,13.256947880596272,9.584947880596271
2275,2770,734.0,-45.075,170.525,13.10774995587417,8.70374995587417
2276,2774,478.0,-45.075,170.575,12.971846336193266,10.103846336193266
2277,2970,1107.0,-45.125,170.425,13.358666813583113,6.716666813583113
2278,2971,814.0,-45.125,170.475,13.207316696207272,8.323316696207272
2279,2972,854.0,-45.125,170.525,13.066956805065274,7.942956805065275
2280,2973,570.0,-45.125,170.575,12.93537551665213,9.51537551665213
2281,2253,241.0,-44.975,170.625,12.992835818695312,11.546835818695312
2282,2261,243.0,-44.975,170.675,12.913423411715485,11.455423411715485
2283,2269,288.0,-44.975,170.725,12.84325851482572,11.11525851482572
2284,2520,406.0,-45.025,170.625,12.905217181309126,10.469217181309126
2285,2521,223.0,-45.025,170.675,12.799800359316578,11.461800359316578
2286,2522,179.0,-45.025,170.725,12.701584716327488,11.627584716327489
2287,2777,561.0,-45.075,170.625,12.845699961166247,9.479699961166247
2288,2782,358.0,-45.075,170.675,12.725838571757777,10.577838571757777
2289,2786,158.0,-45.075,170.725,12.610513379484473,11.662513379484473
2290,2974,472.0,-45.125,170.625,12.80914848134853,9.977148481348529
2291,2975,294.0,-45.125,170.675,12.685095869630459,10.92109586963046
2292,2976,217.0,-45.125,170.725,12.56185070500942,11.25985070500942
2293,2277,160.0,-44.975,170.775,12.78120326455246,11.821203264552459
2294,2278,216.0,-44.975,170.825,12.732187144370982,11.436187144370983
2295,2279,198.0,-44.975,170.875,12.710927358362824,11.522927358362823
2296,2280,240.0,-44.975,170.925,12.742896442454366,11.302896442454367
2297,2523,173.0,-45.025,170.775,12.611237306686235,11.573237306686234
2298,2524,119.0,-45.025,170.825,12.53480758011574,11.820807580115739
2299,2525,62.0,-45.025,170.875,12.484810116795416,12.112810116795416
2300,2526,141.0,-45.025,170.925,12.477702349387982,11.631702349387982
2301,2790,83.0,-45.075,170.775,12.501205912907608,12.003205912907609
2302,2794,108.0,-45.075,170.825,12.403558256402903,11.755558256402903
2303,2795,40.0,-45.075,170.875,12.326984314124275,12.086984314124274
2304,2796,80.0,-45.075,170.925,12.282211215198913,11.802211215198913
2305,2977,80.0,-45.125,170.775,12.441128914710134,11.961128914710134
2306,2978,33.0,-45.125,170.825,12.328201242664363,12.130201242664363
2307,2979,16.0,-45.125,170.875,12.231205423006031,12.135205423006031
2308,2980,40.0,-45.125,170.925,12.159715010377113,11.919715010377113
2309,2281,55.0,-44.975,170.975,12.843642738800554,12.513642738800554
2310,2282,43.0,-44.975,171.025,12.981027715955861,12.723027715955862
2311,2283,29.0,-44.975,171.075,13.093427847226849,12.91942784722685
2312,2527,158.0,-45.025,170.975,12.524207293645304,11.576207293645304
2313,2528,38.0,-45.025,171.025,12.612623359695135,12.384623359695135
2314,2529,20.0,-45.025,171.075,12.701343837223249,12.58134383722325
2315,2797,71.0,-45.075,170.975,12.279790972148476,11.853790972148476
2316,2284,850.0,-44.925,167.275,14.708186350952019,9.60818635095202
2317,2285,445.0,-44.925,167.325,14.780512375684339,12.110512375684339
2318,2361,553.0,-44.875,167.325,15.033022646704921,11.715022646704922
2319,2286,164.0,-44.925,167.425,14.9458419043076,13.9618419043076
2320,2287,529.0,-44.925,167.475,15.039409160715877,11.865409160715878
2321,2288,625.0,-44.925,167.525,15.140644144557882,11.390644144557882
2322,2362,575.0,-44.875,167.425,15.207458858931204,11.757458858931205
2323,2363,503.0,-44.875,167.475,15.305483405478299,12.287483405478298
2324,2656,119.0,-44.825,167.425,15.466433564841282,14.752433564841281
2325,2657,622.0,-44.825,167.475,15.568425544784986,11.836425544784987
2326,2724,532.0,-44.775,167.525,15.9407935529307,12.7487935529307
2327,2289,878.0,-44.925,167.575,15.249893079148023,9.981893079148023
2328,2290,1182.0,-44.925,167.625,15.367565641106921,8.275565641106922
2329,2291,878.0,-44.925,167.675,15.49415507298545,10.22615507298545
2330,2292,812.0,-44.925,167.725,15.630248617118923,10.758248617118923
2331,2364,618.0,-44.875,167.575,15.524790199080599,11.816790199080598
2332,2365,301.0,-44.875,167.625,15.646901514861383,13.840901514861384
2333,2366,1451.0,-44.875,167.675,15.778035024559358,7.072035024559359
2334,2367,669.0,-44.875,167.725,15.918902502860874,11.904902502860875
2335,2658,733.0,-44.825,167.575,15.795303888226044,11.397303888226045
2336,2659,391.0,-44.825,167.625,15.921020699228393,13.575020699228393
2337,2660,1595.0,-44.825,167.675,16.05565558935632,6.4856555893563215
2338,2661,1418.0,-44.825,167.725,16.199970557543566,7.691970557543566
2339,2726,643.0,-44.775,167.575,16.061335504447925,12.203335504447924
2340,2729,723.0,-44.775,167.675,16.32728835348098,11.98928835348098
2341,2732,1218.0,-44.775,167.725,16.47396891999233,9.16596891999233
2342,2063,997.0,-44.875,167.775,16.070383723577834,10.088383723577834
2343,2120,1589.0,-44.875,167.825,16.23349539692572,6.699495396925718
2344,2129,950.0,-44.875,167.875,16.40922201090143,10.709222010901431
2345,2293,241.0,-44.925,167.775,15.776511666103033,14.330511666103034
2346,2294,950.0,-44.925,167.825,15.933615347385057,10.233615347385058
2347,2295,720.0,-44.925,167.875,16.102068978361785,11.782068978361785
2348,2662,1302.0,-44.825,167.775,16.354980327218072,8.542980327218073
2349,2663,1325.0,-44.825,167.825,16.52201235483517,8.57201235483517
2350,2664,1212.0,-44.825,167.875,16.702633375884034,9.430633375884035
2351,2733,1044.0,-44.775,167.775,16.63104399947042,10.367043999470422
2352,2735,664.0,-44.775,167.825,16.799994308603345,12.815994308603345
2353,2738,254.0,-44.775,167.875,16.982971780074877,15.458971780074876
2354,2230,1765.0,-44.875,167.925,16.59811539942166,6.00811539942166
2355,2246,1618.0,-44.875,167.975,16.79975280990766,7.091752809907659
2356,2260,1022.0,-44.875,168.025,17.012458841665648,10.880458841665646
2357,2267,1043.0,-44.875,168.075,17.23356411642453,10.975564116424533
2358,2296,211.0,-44.925,167.925,16.28194813441951,15.015948134419508
2359,2297,1040.0,-44.925,167.975,16.472604013280943,10.232604013280943
2360,2298,398.0,-44.925,168.025,16.672526326103252,14.284526326103252
2361,2299,1267.0,-44.925,168.075,16.87945350560767,9.27745350560767
2362,2665,1330.0,-44.825,167.925,16.898137592710555,8.918137592710554
2363,2666,940.0,-44.825,167.975,17.10846562779625,11.468465627796249
2364,2667,1240.0,-44.825,168.025,17.331531896008528,9.891531896008528
2365,2668,789.0,-44.825,168.075,17.563895268191118,12.829895268191118
2366,2743,1656.0,-44.775,167.925,17.182505510223564,7.246505510223566
2367,2751,1614.0,-44.775,167.975,17.399336411748664,7.715336411748664
2368,2755,1295.0,-44.775,168.025,17.630423378082924,9.860423378082924
2369,2759,1420.0,-44.775,168.075,17.87099675096397,9.350996750963969
2370,2275,1140.0,-44.875,168.125,17.459906335847336,10.619906335847336
2371,2300,1398.0,-44.925,168.125,17.090626889374107,8.702626889374107
2372,2301,560.0,-44.925,168.175,17.303013676137198,13.943013676137198
2373,2302,1224.0,-44.925,168.225,17.513411194988294,10.169411194988294
2374,2368,1498.0,-44.875,168.175,17.688171219837386,8.700171219837387
2375,2369,1333.0,-44.875,168.225,17.91498772111663,9.916987721116632
2376,2669,913.0,-44.825,168.125,17.80177905182063,12.32377905182063
2377,2670,1029.0,-44.825,168.175,18.041500105697196,11.867500105697196
2378,2671,1141.0,-44.825,168.225,18.279454750168952,11.433454750168952
2379,2763,703.0,-44.775,168.125,18.116589064724394,13.898589064724394
2380,2767,1073.0,-44.775,168.175,18.363217571459245,11.925217571459246
2381,2771,1582.0,-44.775,168.225,18.607088055301574,9.115088055301575
2382,2303,1380.0,-44.925,168.275,17.71843352493306,9.438433524933062
2383,2304,407.0,-44.925,168.325,17.914399957473506,15.472399957473506
2384,2305,308.0,-44.925,168.375,18.097118479723576,16.249118479723577
2385,2306,326.0,-44.925,168.425,18.26150919435895,16.30550919435895
2386,2370,824.0,-44.875,168.275,18.136861126869917,13.192861126869918
2387,2371,1277.0,-44.875,168.325,18.350008560330025,10.688008560330026
2388,2372,308.0,-44.875,168.375,18.550105943344533,16.702105943344534
2389,2373,631.0,-44.875,168.425,18.73191959792166,14.94591959792166
2390,2672,2020.0,-44.825,168.275,18.511949929772527,6.391949929772528
2391,2673,664.0,-44.825,168.325,18.73498189933889,14.75098189933889
2392,2674,319.0,-44.825,168.375,18.9439721210656,17.029972121065597
2393,2675,911.0,-44.825,168.425,19.133458200696623,13.667458200696624
2394,2775,1478.0,-44.775,168.275,18.844311456516152,9.976311456516154
2395,2779,350.0,-44.775,168.325,19.07065498988959,16.97065498988959
2396,2783,943.0,-44.775,168.375,19.28130205880734,13.623302058807342
2397,2787,517.0,-44.775,168.425,19.47062374286179,16.36862374286179
2398,2307,1470.0,-44.925,168.475,18.400941149287974,9.580941149287975
2399,2308,781.0,-44.925,168.525,18.506095798045862,13.820095798045863
2400,2309,1193.0,-44.925,168.575,18.563596415770007,11.405596415770008
2401,2374,1733.0,-44.875,168.475,18.888803908164846,8.490803908164848
2402,2375,1083.0,-44.875,168.525,19.012211104054586,12.514211104054585
2403,2378,1484.0,-44.875,168.575,19.09204238370876,10.188042383708758
2404,2676,1763.0,-44.825,168.475,19.29678945193882,8.718789451938822
2405,2677,1522.0,-44.825,168.525,19.426033714189543,10.294033714189544
2406,2678,1171.0,-44.825,168.575,19.512567310986924,12.486567310986924
2407,2791,1112.0,-44.775,168.475,19.632020182165434,12.960020182165433
2408,2839,1692.0,-44.775,168.525,19.757969502024935,9.605969502024934
2409,2840,1484.0,-44.775,168.575,19.840453469820204,10.936453469820204
2410,2310,513.0,-44.925,168.625,18.558632168656914,15.480632168656914
2411,2311,815.0,-44.925,168.675,18.498364802624565,13.608364802624564
2412,2312,1259.0,-44.925,168.725,18.42801208680612,10.874012086806122
2413,2313,803.0,-44.925,168.775,18.310282536782324,13.492282536782325
2414,2383,1060.0,-44.875,168.625,19.12009401821706,12.76009401821706
2415,2389,492.0,-44.875,168.675,19.096502080210485,16.144502080210486
2416,2484,1218.0,-44.875,168.725,19.02280359202996,11.71480359202996
2417,2488,1351.0,-44.875,168.775,18.881017136925948,10.775017136925948
2418,2679,1353.0,-44.825,168.625,19.548700565021136,11.430700565021137
2419,2680,910.0,-44.825,168.675,19.528790803669835,14.068790803669835
2420,2681,594.0,-44.825,168.725,19.44658502515813,15.882585025158129
2421,2682,1643.0,-44.825,168.775,19.294142316357465,9.436142316357467
2422,2841,1557.0,-44.775,168.625,19.871698996415944,10.529698996415943
2423,2842,945.0,-44.775,168.675,19.8446671233105,14.174667123310503
2424,2843,878.0,-44.775,168.725,19.753149519703584,14.485149519703583
2425,2844,1504.0,-44.775,168.775,19.593522551469505,10.569522551469506
2426,2314,704.0,-44.925,168.825,18.094340894764173,13.870340894764173
2427,2315,818.0,-44.925,168.875,17.83976824770798,12.93176824770798
2428,2316,1504.0,-44.925,168.925,17.594848836088204,8.570848836088205
2429,2317,803.0,-44.925,168.975,17.37993589352118,12.561935893521179
2430,2492,691.0,-44.875,168.825,18.662053985884995,14.516053985884994
2431,2497,1528.0,-44.875,168.875,18.395212441770127,9.227212441770128
2432,2503,1192.0,-44.875,168.925,18.117752590231248,10.965752590231247
2433,2509,1064.0,-44.875,168.975,17.85427417777828,11.470274177778279
2434,2683,1161.0,-44.825,168.825,19.07271800804301,12.106718008043012
2435,2684,1265.0,-44.825,168.875,18.80042886652518,11.21042886652518
2436,2685,870.0,-44.825,168.925,18.50250363757368,13.282503637573683
2437,2686,736.0,-44.825,168.975,18.19957353991049,13.783573539910488
2438,2845,1480.0,-44.775,168.825,19.36914209261886,10.489142092618858
2439,2846,726.0,-44.775,168.875,19.092291253749863,14.736291253749863
2440,2847,1238.0,-44.775,168.925,18.77994995712652,11.351949957126518
2441,2848,1431.0,-44.775,168.975,18.447546409399365,9.861546409399365
2442,2007,528.0,-44.825,169.075,17.61788898980012,14.449888989800122
2443,2110,1416.0,-44.825,169.125,17.334083875262877,8.838083875262877
2444,2318,1160.0,-44.925,169.025,17.20694626076147,10.246946260761469
2445,2319,1228.0,-44.925,169.075,17.086896313514444,9.718896313514445
2446,2320,1601.0,-44.925,169.125,17.028401776056853,7.422401776056853
2447,2592,574.0,-44.875,169.025,17.61831793813326,14.17431793813326
2448,2593,1487.0,-44.875,169.075,17.41537530097412,8.49337530097412
2449,2594,1601.0,-44.875,169.125,17.239587100673816,7.633587100673816
2450,2687,574.0,-44.825,169.025,17.90371956162562,14.459719561625622
2451,2849,1076.0,-44.775,169.025,18.105257457340485,11.649257457340486
2452,2850,423.0,-44.775,169.075,17.75730548321735,15.21930548321735
2453,2851,937.0,-44.775,169.125,17.403613144007977,11.781613144007977
2454,2113,1400.0,-44.825,169.175,17.03093947825255,8.630939478252548
2455,2121,1478.0,-44.825,169.225,16.683463767491048,7.81546376749105
2456,2130,1215.0,-44.825,169.275,16.319401640867,9.029401640867
2457,2234,580.0,-44.825,169.325,16.10746277529688,12.62746277529688
2458,2321,972.0,-44.925,169.175,17.022849658795167,11.190849658795166
2459,2322,391.0,-44.925,169.225,17.013946435166872,14.667946435166872
2460,2323,230.0,-44.925,169.275,16.95034374203533,15.57034374203533
2461,2324,222.0,-44.925,169.325,16.76033937704051,15.428339377040508
2462,2596,1785.0,-44.875,169.175,17.063524867015076,6.353524867015075
2463,2597,1194.0,-44.875,169.225,16.833590383350383,9.669590383350384
2464,2598,588.0,-44.875,169.275,16.50811638146115,12.98011638146115
2465,2599,219.0,-44.875,169.325,16.30247049155878,14.988470491558779
2466,2852,1034.0,-44.775,169.175,17.042680090817157,10.838680090817157
2467,2853,788.0,-44.775,169.225,16.679202378116315,11.951202378116315
2468,2854,498.0,-44.775,169.275,16.35440309686237,13.36640309686237
2469,2855,320.0,-44.775,169.325,16.14333610056201,14.22333610056201
2470,2244,254.0,-44.825,169.375,16.058231020870153,14.534231020870152
2471,2259,302.0,-44.825,169.425,16.016075733670732,14.204075733670733
2472,2266,334.0,-44.825,169.475,15.940515014473931,13.936515014473931
2473,2325,344.0,-44.925,169.375,16.467467906695674,14.403467906695674
2474,2326,580.0,-44.925,169.425,16.268354444313445,12.788354444313445
2475,2327,528.0,-44.925,169.475,16.09224996966077,12.92424996966077
2476,2601,351.0,-44.875,169.375,16.23547809723823,14.129478097238229
2477,2603,258.0,-44.875,169.425,16.13089048168331,14.58289048168331
2478,2605,456.0,-44.875,169.475,15.996860679239035,13.260860679239034
2479,2856,693.0,-44.775,169.375,16.050945517170476,11.892945517170476
2480,2857,547.0,-44.775,169.425,16.00627891313343,12.724278913133428
2481,2858,445.0,-44.775,169.475,15.959656199702295,13.289656199702295
2482,2274,500.0,-44.825,169.525,15.8309152473812,12.8309152473812
2483,2328,994.0,-44.925,169.525,15.874632620310877,9.910632620310878
2484,2329,1226.0,-44.925,169.575,15.599269006983377,8.243269006983377
2485,2330,1152.0,-44.925,169.625,15.298610033729346,8.386610033729347
2486,2331,812.0,-44.925,169.675,15.03512535909249,10.16312535909249
2487,2379,673.0,-44.825,169.575,15.697284969792236,11.659284969792235
2488,2386,1254.0,-44.825,169.625,15.558380706395837,8.034380706395838
2489,2393,1403.0,-44.825,169.675,15.436635155696422,7.018635155696423
2490,2612,1111.0,-44.875,169.525,15.82629560593341,9.16029560593341
2491,2620,1360.0,-44.875,169.575,15.622350278368685,7.462350278368685
2492,2625,1037.0,-44.875,169.625,15.409134293018724,9.187134293018724
2493,2626,1466.0,-44.875,169.675,15.223376272406313,6.427376272406313
2494,2859,357.0,-44.775,169.525,15.896338178543374,13.754338178543374
2495,2860,779.0,-44.775,169.575,15.819293906752137,11.145293906752137
2496,2861,843.0,-44.775,169.625,15.739486094986205,10.681486094986205
2497,2862,883.0,-44.775,169.675,15.66944970075565,10.37144970075565
2498,2332,559.0,-44.925,169.725,14.862000931767398,11.508000931767398
2499,2333,489.0,-44.925,169.775,14.783912780796527,11.849912780796528
2500,2334,523.0,-44.925,169.825,14.770587059494574,11.632587059494574
2501,2485,1214.0,-44.825,169.725,15.348349111023708,8.06434911102371
2502,2491,736.0,-44.825,169.775,15.296081803971902,10.880081803971901
2503,2495,786.0,-44.825,169.825,15.269195846369257,10.553195846369256
2504,2627,761.0,-44.875,169.725,15.094258029130287,10.528258029130289
2505,2628,538.0,-44.875,169.775,15.026876916759647,11.798876916759648
2506,2629,589.0,-44.875,169.825,15.005092846826301,11.471092846826302
2507,2863,1040.0,-44.775,169.725,15.617098272588919,9.377098272588919
2508,2864,1409.0,-44.775,169.775,15.581542658212129,7.12754265821213
2509,2865,1150.0,-44.775,169.825,15.553182369869319,8.65318236986932
2510,2335,512.0,-44.925,169.875,14.789620259602088,11.71762025960209
2511,2336,649.0,-44.925,169.925,14.816881359540275,10.922881359540275
2512,2337,693.0,-44.925,169.975,14.83518094428291,10.677180944282911
2513,2338,836.0,-44.925,170.025,14.83119153820735,9.815191538207351
2514,2501,762.0,-44.825,169.875,15.250527723619598,10.678527723619599
2515,2508,613.0,-44.825,169.925,15.223054749789299,11.545054749789298
2516,2595,1132.0,-44.825,169.975,15.173454751988174,8.381454751988175
2517,2600,1423.0,-44.825,170.025,15.092863958721864,6.554863958721864
2518,2630,570.0,-44.875,169.875,15.005588929372607,11.585588929372607
2519,2631,713.0,-44.875,169.925,15.007326688297326,10.729326688297327
2520,2632,685.0,-44.875,169.975,14.994124716788065,10.884124716788065
2521,2633,1429.0,-44.875,170.025,14.953947264890303,6.379947264890303
2522,2866,884.0,-44.775,169.875,15.517664897299255,10.213664897299257
2523,2867,709.0,-44.775,169.925,15.461073283484438,11.207073283484439
2524,2868,1491.0,-44.775,169.975,15.373669250431703,6.427669250431704
2525,2869,1453.0,-44.775,170.025,15.251041096475092,6.533041096475092
2526,2339,1599.0,-44.925,170.075,14.792493246815866,5.198493246815866
2527,2340,1181.0,-44.925,170.125,14.706033715920057,7.620033715920057
2528,2341,1160.0,-44.925,170.175,14.56355353971594,7.60355353971594
2529,2342,1249.0,-44.925,170.225,14.373223538947059,6.879223538947059
2530,2604,1382.0,-44.825,170.075,14.976355217542732,6.684355217542732
2531,2608,1508.0,-44.825,170.125,14.8227045374515,5.7747045374515
2532,2610,1305.0,-44.825,170.175,14.635122311810846,6.805122311810846
2533,2616,1250.0,-44.825,170.225,14.42187398202077,6.92187398202077
2534,2634,1510.0,-44.875,170.075,14.87748991146509,5.817489911465092
2535,2635,1440.0,-44.875,170.125,14.75805675299489,6.118056752994889
2536,2636,1078.0,-44.875,170.175,14.59442273589957,8.12642273589957
2537,2637,1026.0,-44.875,170.225,14.394361898244824,8.238361898244825
2538,2870,1185.0,-44.775,170.075,15.093439584190492,7.983439584190492
2539,2871,1240.0,-44.775,170.125,14.90483725683589,7.4648372568358905
2540,2872,983.0,-44.775,170.175,14.692302845272934,8.794302845272934
2541,2873,1062.0,-44.775,170.225,14.465200167818693,8.093200167818694
2542,2343,1096.0,-44.925,170.275,14.155806060836767,7.579806060836766
2543,2344,1052.0,-44.925,170.325,13.932115304851322,7.620115304851323
2544,2345,792.0,-44.925,170.375,13.719248448309372,8.967248448309373
2545,2621,952.0,-44.825,170.275,14.19527479991666,8.48327479991666
2546,2638,1081.0,-44.875,170.275,14.173086077338667,7.687086077338667
2547,2639,1280.0,-44.875,170.325,13.948246889107395,6.268246889107395
2548,2640,1304.0,-44.875,170.375,13.737113042690908,5.913113042690909
2549,2690,1507.0,-44.825,170.325,13.969806075954693,4.9278060759546936
2550,2692,1047.0,-44.825,170.375,13.761380048148567,7.479380048148567
2551,2874,1403.0,-44.775,170.275,14.23410194083408,5.816101940834081
2552,2875,1411.0,-44.775,170.325,14.010331070196116,5.544331070196117
2553,2876,806.0,-44.775,170.375,13.806845158018405,8.970845158018404
2554,2009,363.0,-44.775,170.475,13.541246818524087,11.363246818524086
2555,2117,186.0,-44.775,170.525,13.525645526147855,12.409645526147855
2556,2125,251.0,-44.775,170.575,13.570444777258672,12.064444777258672
2557,2346,817.0,-44.925,170.425,13.530680661846418,8.628680661846417
2558,2347,730.0,-44.925,170.475,13.375515670835739,8.99551567083574
2559,2348,732.0,-44.925,170.525,13.256822316659964,8.864822316659964
2560,2349,383.0,-44.925,170.575,13.171373691897315,10.873373691897315
2561,2641,860.0,-44.875,170.425,13.555838752232376,8.395838752232375
2562,2642,1011.0,-44.875,170.475,13.417401323960803,7.351401323960803
2563,2643,300.0,-44.875,170.525,13.326757261093007,11.526757261093007
2564,2644,419.0,-44.875,170.575,13.27890067979024,10.764900679790241
2565,2694,940.0,-44.825,170.425,13.588168391834188,7.948168391834188
2566,2696,417.0,-44.825,170.475,13.469387368015305,10.967387368015306
2567,2698,359.0,-44.825,170.525,13.41357927268109,11.25957927268109
2568,2700,178.0,-44.825,170.575,13.410857931572536,12.342857931572537
2569,2877,486.0,-44.775,170.425,13.64107383404189,10.72507383404189
2570,2235,724.0,-44.775,170.625,13.656294282191084,9.312294282191083
2571,2242,328.0,-44.775,170.675,13.773720514131128,11.805720514131128
2572,2249,476.0,-44.775,170.725,13.91848287943867,11.06248287943867
2573,2350,242.0,-44.925,170.625,13.112002497262438,11.660002497262438
2574,2351,241.0,-44.925,170.675,13.070774410807644,11.624774410807644
2575,2352,180.0,-44.925,170.725,13.041249334804888,11.961249334804888
2576,2645,282.0,-44.875,170.625,13.263784298163955,11.571784298163955
2577,2646,183.0,-44.875,170.675,13.271689757923014,12.173689757923013
2578,2647,195.0,-44.875,170.725,13.29535378068249,12.12535378068249
2579,2702,153.0,-44.825,170.625,13.446562242126674,12.528562242126675
2580,2704,160.0,-44.825,170.675,13.51004687629029,12.550046876290288
2581,2707,560.0,-44.825,170.725,13.595006900286535,10.235006900286535
2582,2254,456.0,-44.775,170.775,14.09051998857467,11.354519988574669
2583,2265,233.0,-44.775,170.825,14.294463002472185,12.896463002472185
2584,2273,141.0,-44.775,170.875,14.540760207084531,13.694760207084531
2585,2353,196.0,-44.925,170.775,13.019990518470877,11.843990518470877
2586,2354,219.0,-44.925,170.825,13.008538911541109,11.694538911541109
2587,2355,89.0,-44.925,170.875,13.018295425114047,12.484295425114047
2588,2356,70.0,-44.925,170.925,13.083415746325045,12.663415746325045
2589,2376,129.0,-44.775,170.925,14.84175866523583,14.067758665235829
2590,2648,108.0,-44.875,170.775,13.330481989396503,12.682481989396504
2591,2649,92.0,-44.875,170.825,13.376352393104753,12.824352393104753
2592,2650,81.0,-44.875,170.875,13.4382288521374,12.952228852137399
2593,2651,78.0,-44.875,170.925,13.539373245250317,13.071373245250317
2594,2709,457.0,-44.825,170.775,13.698931639737566,10.956931639737565
2595,2710,210.0,-44.825,170.825,13.823605002224213,12.563605002224213
2596,2712,241.0,-44.825,170.875,13.97806161751214,12.53206161751214
2597,2714,215.0,-44.825,170.925,14.188416683078685,12.898416683078686
2598,2357,62.0,-44.925,170.975,13.248439462251554,12.876439462251554
2599,2358,36.0,-44.925,171.025,13.44770360430266,13.23170360430266
2600,2359,23.0,-44.925,171.075,13.577273789393075,13.439273789393075
2601,2360,21.0,-44.925,171.125,13.59431097311608,13.46831097311608
2602,2387,116.0,-44.775,170.975,15.178366519983683,14.482366519983684
2603,2394,229.0,-44.775,171.025,15.42649264488864,14.05249264488864
2604,2395,40.0,-44.775,171.075,15.370860959781567,15.130860959781566
2605,2396,10.0,-44.775,171.125,15.062676424298843,15.002676424298842
2606,2652,65.0,-44.875,170.975,13.781778917225893,13.391778917225892
2607,2653,55.0,-44.875,171.025,14.034866532958404,13.704866532958404
2608,2654,37.0,-44.875,171.075,14.151697601322667,13.929697601322667
2609,2655,27.0,-44.875,171.125,14.10483581032895,13.94283581032895
2610,2717,122.0,-44.825,170.975,14.479778489316232,13.747778489316232
2611,2719,180.0,-44.825,171.025,14.730833799556422,13.650833799556422
2612,2721,68.0,-44.825,171.075,14.782765039846709,14.374765039846709
2613,2723,19.0,-44.825,171.125,14.623323382082162,14.509323382082162
2614,2061,535.0,-44.625,167.725,17.262282527517527,14.052282527517528
2615,2397,0.0,-44.725,167.575,16.322879799161456,16.322879799161456
2616,2398,616.0,-44.725,167.625,16.453998381475685,12.757998381475685
2617,2399,657.0,-44.725,167.675,16.593433564630686,12.651433564630686
2618,2400,1187.0,-44.725,167.725,16.741822353025782,9.619822353025782
2619,2469,360.0,-44.675,167.625,16.71321880436153,14.553218804361531
2620,2470,435.0,-44.675,167.675,16.85454892074631,14.244548920746311
2621,2471,991.0,-44.675,167.725,17.004466923259315,11.058466923259315
2622,2065,16.0,-44.625,167.775,17.423018139830674,17.327018139830674
2623,2066,1404.0,-44.625,167.825,17.594203060274594,9.170203060274595
2624,2401,1053.0,-44.725,167.775,16.90005912380002,10.58205912380002
2625,2402,89.0,-44.725,167.825,17.069502060854575,16.535502060854576
2626,2403,1247.0,-44.725,167.875,17.252466239006026,9.770466239006026
2627,2472,1176.0,-44.675,167.775,17.163760315292166,10.107760315292165
2628,2473,1159.0,-44.675,167.825,17.333600272715557,10.379600272715557
2629,2474,585.0,-44.675,167.875,17.515944815560943,14.005944815560943
2630,2067,1042.0,-44.625,167.925,17.97866161739512,11.72666161739512
2631,2068,676.0,-44.625,167.975,18.199118800723227,14.143118800723226
2632,2069,1833.0,-44.625,168.025,18.433424531540368,7.435424531540368
2633,2070,1378.0,-44.625,168.075,18.674687711099978,10.406687711099979
2634,2404,318.0,-44.725,167.925,17.453208923878265,15.545208923878265
2635,2405,1191.0,-44.725,167.975,17.674724640412023,10.528724640412022
2636,2406,1545.0,-44.725,168.025,17.911444754936383,8.641444754936384
2637,2407,2092.0,-44.725,168.075,18.156793484056834,5.604793484056833
2638,2475,11.0,-44.675,167.925,17.715264001424657,17.64926400142466
2639,2476,384.0,-44.675,167.975,17.939694048225647,15.635694048225647
2640,2477,1703.0,-44.675,168.025,18.178207883480354,7.960207883480354
2641,2478,1473.0,-44.675,168.075,18.42396082014602,9.585960820146022
2642,2071,310.0,-44.625,168.125,18.91784786627977,17.057847866279772
2643,2072,502.0,-44.625,168.175,19.158542838224093,16.146542838224093
2644,2073,829.0,-44.625,168.225,19.392558066771016,14.418558066771016
2645,2408,124.0,-44.725,168.125,18.405982758500613,17.661982758500613
2646,2409,1225.0,-44.725,168.175,18.6549512809288,11.3049512809288
2647,2410,706.0,-44.725,168.225,18.899799281018204,14.663799281018203
2648,2479,60.0,-44.675,168.125,18.672310017005657,18.312310017005657
2649,2480,1541.0,-44.675,168.175,18.919164104867377,9.673164104867377
2650,2481,2018.0,-44.675,168.225,19.160510604080628,7.052510604080629
2651,2001,392.0,-44.675,168.325,19.609567245744984,17.257567245744983
2652,2002,1580.0,-44.675,168.375,19.80768755689496,10.327687556894961
2653,2003,1491.0,-44.675,168.425,19.98089592291217,11.034895922912169
2654,2074,1204.0,-44.625,168.275,19.61555431774468,12.391554317744681
2655,2075,506.0,-44.625,168.325,19.822901340579847,16.786901340579846
2656,2076,1505.0,-44.625,168.375,20.009573467847076,10.979573467847077
2657,2077,1917.0,-44.625,168.425,20.17010787392792,8.668107873927918
2658,2411,618.0,-44.725,168.275,19.136481115128845,15.428481115128845
2659,2412,361.0,-44.725,168.325,19.360581100685522,17.19458110068552
2660,2413,396.0,-44.725,168.375,19.5671236832859,17.1911236832859
2661,2414,900.0,-44.725,168.425,19.750423400415457,14.350423400415458
2662,2482,607.0,-44.675,168.275,19.39216057753947,15.750160577539472
2663,2004,734.0,-44.675,168.475,20.122983936787932,15.718983936787932
2664,2005,1612.0,-44.675,168.525,20.227291697112378,10.555291697112377
2665,2006,1519.0,-44.675,168.575,20.287004912257544,11.173004912257545
2666,2078,652.0,-44.625,168.475,20.298646417504642,16.386646417504643
2667,2079,1632.0,-44.625,168.525,20.38908918375091,10.597089183750912
2668,2080,1753.0,-44.625,168.575,20.424,9.905999999999999
2669,2415,920.0,-44.725,168.475,19.9040210742387,14.3840210742387
2670,2416,1887.0,-44.725,168.525,20.020783394793398,8.698783394793397
2671,2417,1705.0,-44.725,168.575,20.09322747538681,9.863227475386811
2672,2010,771.0,-44.675,168.625,20.295621368975844,15.669621368975845
2673,2011,560.0,-44.675,168.675,20.2475874532538,16.8875874532538
2674,2012,1121.0,-44.675,168.725,20.139156061210088,13.413156061210088
2675,2013,1118.0,-44.675,168.775,19.969453396697645,13.261453396697647
2676,2081,1188.0,-44.625,168.625,20.424,13.296
2677,2082,1477.0,-44.625,168.675,20.3742715628905,11.512271562890499
2678,2083,873.0,-44.625,168.725,20.259567621542374,15.021567621542374
2679,2084,820.0,-44.625,168.775,20.087513313410454,15.167513313410456
2680,2418,1159.0,-44.725,168.625,20.114034336598706,13.160034336598706
2681,2419,844.0,-44.725,168.675,20.076650197865092,15.012650197865092
2682,2420,543.0,-44.725,168.725,19.97613457821717,16.71813457821717
2683,2421,1055.0,-44.725,168.775,19.810722799709765,13.480722799709765
2684,2014,1788.0,-44.675,168.825,19.74135471394402,9.01335471394402
2685,2015,1080.0,-44.675,168.875,19.461442060230183,12.981442060230183
2686,2016,1345.0,-44.675,168.925,19.13877072565083,11.06877072565083
2687,2017,703.0,-44.675,168.975,18.783132794385892,14.565132794385892
2688,2085,1666.0,-44.625,168.825,19.860697801123024,9.864697801123024
2689,2086,1581.0,-44.625,168.875,19.58455783651152,10.098557836511521
2690,2087,310.0,-44.625,168.925,19.266749795118812,17.406749795118813
2691,2088,300.0,-44.625,168.975,18.91636159006157,17.11636159006157
2692,2422,1990.0,-44.725,168.825,19.583713747240836,7.643713747240836
2693,2423,794.0,-44.725,168.875,19.303821475929,14.539821475929
2694,2424,576.0,-44.725,168.925,18.982939272013027,15.526939272013028
2695,2425,1163.0,-44.725,168.975,18.6327775666432,11.654777566643197
2696,2018,297.0,-44.675,169.025,18.403989286380238,16.621989286380238
2697,2019,325.0,-44.675,169.075,18.011161428294145,16.061161428294145
2698,2020,279.0,-44.675,169.125,17.61889365974639,15.944893659746391
2699,2089,279.0,-44.625,169.025,18.543640352319926,16.869640352319927
2700,2090,279.0,-44.625,169.075,18.160920139576774,16.486920139576775
2701,2091,562.0,-44.625,169.125,17.784930929235998,14.412930929235998
2702,2426,1387.0,-44.725,169.025,18.262570245642564,9.940570245642565
2703,2427,1229.0,-44.725,169.075,17.879175776528427,10.505175776528429
2704,2428,416.0,-44.725,169.125,17.491328029325814,14.995328029325814
2705,2021,317.0,-44.675,169.175,17.254679656398366,15.352679656398367
2706,2022,335.0,-44.675,169.225,16.931817796910764,14.921817796910764
2707,2023,401.0,-44.675,169.275,16.66198549969704,14.25598549969704
2708,2024,514.0,-44.675,169.325,16.461719672908657,13.377719672908658
2709,2092,360.0,-44.625,169.175,17.436173270296422,15.276173270296422
2710,2093,569.0,-44.625,169.225,17.12928848550655,13.71528848550655
2711,2094,342.0,-44.625,169.275,16.874149745199247,14.822149745199248
2712,2095,616.0,-44.625,169.325,16.678865627982304,12.982865627982305
2713,2429,338.0,-44.725,169.175,17.118578735156916,15.090578735156916
2714,2430,358.0,-44.725,169.225,16.77410121934372,14.62610121934372
2715,2431,269.0,-44.725,169.275,16.481818917178316,14.867818917178315
2716,2432,363.0,-44.725,169.325,16.275702638798975,14.097702638798975
2717,2025,968.0,-44.675,169.375,16.332481451318017,10.524481451318017
2718,2026,767.0,-44.675,169.425,16.258052778081037,11.656052778081037
2719,2027,420.0,-44.675,169.475,16.21687799306528,13.696877993065282
2720,2096,1282.0,-44.625,169.375,16.543867508895346,8.851867508895346
2721,2097,1078.0,-44.625,169.425,16.460248650895664,9.992248650895664
2722,2098,761.0,-44.625,169.475,16.414582131794305,11.848582131794306
2723,2433,923.0,-44.725,169.375,16.15839113930997,10.62039113930997
2724,2434,713.0,-44.725,169.425,16.09726631878584,11.819266318785843
2725,2435,887.0,-44.725,169.475,16.05770061899966,10.735700618999662
2726,2028,669.0,-44.675,169.525,16.193016330289538,12.179016330289539
2727,2029,677.0,-44.675,169.575,16.178630135938874,12.116630135938875
2728,2030,1060.0,-44.675,169.625,16.171395950514125,9.811395950514125
2729,2031,962.0,-44.675,169.675,16.170519113889895,10.398519113889897
2730,2099,480.0,-44.625,169.525,16.394680407596752,13.514680407596753
2731,2100,923.0,-44.625,169.575,16.392194249943714,10.854194249943713
2732,2101,783.0,-44.625,169.625,16.402020540626836,11.704020540626836
2733,2102,1271.0,-44.625,169.675,16.42004476385773,8.79404476385773
2734,2436,759.0,-44.725,169.525,16.0211321782117,11.467132178211703
2735,2437,500.0,-44.725,169.575,15.98309065453941,12.98309065453941
2736,2438,558.0,-44.725,169.625,15.946676203937386,12.598676203937387
2737,2439,999.0,-44.725,169.675,15.916659971670015,9.922659971670015
2738,2032,1365.0,-44.675,169.725,16.17294603920891,7.98294603920891
2739,2033,1471.0,-44.675,169.775,16.170566198255983,7.344566198255983
2740,2034,1405.0,-44.675,169.825,16.149252791830804,7.7192527918308045
2741,2103,1039.0,-44.625,169.725,16.44040020927787,10.206400209277868
2742,2104,1412.0,-44.625,169.775,16.45279906176438,7.980799061764381
2743,2105,944.0,-44.625,169.825,16.440195639574085,10.776195639574086
2744,2440,1034.0,-44.725,169.725,15.89463132606761,9.69063132606761
2745,2441,1639.0,-44.725,169.775,15.875924511812627,6.041924511812628
2746,2442,1052.0,-44.725,169.825,15.849401167783071,9.537401167783072
2747,2035,942.0,-44.675,169.875,16.09129736199975,10.43929736199975
2748,2036,1425.0,-44.675,169.925,15.982731278272695,7.432731278272696
2749,2037,1374.0,-44.675,169.975,15.821023737778887,7.577023737778887
2750,2038,1129.0,-44.675,170.025,15.614304928050842,8.840304928050843
2751,2106,747.0,-44.625,169.875,16.37865704075375,11.896657040753752
2752,2107,1494.0,-44.625,169.925,16.247865677520167,7.2838656775201684
2753,2112,937.0,-44.625,169.975,16.049942162208026,10.427942162208026
2754,2116,782.0,-44.625,170.025,15.803729152787128,11.111729152787127
2755,2443,1020.0,-44.725,169.875,15.800520676697488,9.680520676697489
2756,2444,855.0,-44.725,169.925,15.716681616730057,10.586681616730058
2757,2445,1809.0,-44.725,169.975,15.591747571612359,4.73774757161236
2758,2446,1476.0,-44.725,170.025,15.426778123917757,6.570778123917757
2759,2039,881.0,-44.675,170.075,15.375326394932927,10.089326394932925
2760,2040,662.0,-44.675,170.125,15.118449111585505,11.146449111585506
2761,2041,819.0,-44.675,170.175,14.859374527848559,9.945374527848559
2762,2042,904.0,-44.675,170.225,14.61258313889266,9.18858313889266
2763,2126,616.0,-44.625,170.075,15.528614462571568,11.832614462571568
2764,2236,648.0,-44.625,170.125,15.24211948843731,11.354119488437311
2765,2243,403.0,-44.625,170.175,14.963766171233146,12.545766171233147
2766,2250,405.0,-44.625,170.225,14.714594718854642,12.284594718854642
2767,2447,1215.0,-44.725,170.075,15.227934779089992,7.937934779089992
2768,2448,881.0,-44.725,170.125,15.00451493843866,9.718514938438659
2769,2449,835.0,-44.725,170.175,14.767700507654808,9.757700507654809
2770,2450,1006.0,-44.725,170.225,14.528732562161167,8.492732562161166
2771,2043,973.0,-44.675,170.275,14.386361504912202,8.5483615049122
2772,2044,632.0,-44.675,170.325,14.18531513173366,10.39331513173366
2773,2045,240.0,-44.675,170.375,14.016997017221001,12.576997017221002
2774,2257,269.0,-44.625,170.275,14.500226412717893,12.886226412717892
2775,2262,269.0,-44.625,170.325,14.319151636380411,12.70515163638041
2776,2270,305.0,-44.625,170.375,14.176811457131407,12.346811457131407
2777,2451,1760.0,-44.725,170.275,14.297036134455993,3.737036134455993
2778,2452,941.0,-44.725,170.325,14.080847712859395,8.434847712859394
2779,2453,650.0,-44.725,170.375,13.889916576037649,9.989916576037649
2780,2046,644.0,-44.675,170.425,13.89577033941896,10.031770339418959
2781,2047,356.0,-44.675,170.475,13.845154028618708,11.709154028618709
2782,2048,272.0,-44.675,170.525,13.878472104202956,12.246472104202956
2783,2049,259.0,-44.675,170.575,13.978049762146838,12.424049762146838
2784,2382,912.0,-44.625,170.425,14.084872797066055,8.612872797066055
2785,2384,831.0,-44.625,170.475,14.05730423553905,9.07130423553905
2786,2388,477.0,-44.625,170.525,14.100130939164956,11.238130939164956
2787,2454,512.0,-44.725,170.425,13.738771680982609,10.66677168098261
2788,2455,208.0,-44.725,170.475,13.657734037100454,12.409734037100455
2789,2456,441.0,-44.725,170.525,13.678786086878972,11.032786086878971
2790,2457,566.0,-44.725,170.575,13.760966225483571,10.36496622548357
2791,2489,384.0,-44.625,170.575,14.205570267535222,11.901570267535222
2792,2050,356.0,-44.675,170.625,14.125944043582422,11.989944043582422
2793,2051,422.0,-44.675,170.675,14.312248757618363,11.780248757618363
2794,2052,612.0,-44.675,170.725,14.531562066964398,10.859562066964397
2795,2458,658.0,-44.725,170.625,13.886315009694954,9.938315009694954
2796,2459,655.0,-44.725,170.675,14.046717270161025,10.116717270161026
2797,2460,555.0,-44.725,170.725,14.23868425549881,10.90868425549881
2798,2496,310.0,-44.625,170.625,14.360926414199639,12.50092641419964
2799,2502,452.0,-44.625,170.675,14.555604135639442,11.843604135639442
2800,2507,718.0,-44.625,170.725,14.781401565865963,10.473401565865963
2801,2053,458.0,-44.675,170.775,14.780753935490793,12.032753935490794
2802,2054,504.0,-44.675,170.825,15.056725021422608,12.032725021422607
2803,2055,504.0,-44.675,170.875,15.351983940847276,12.327983940847275
2804,2056,939.0,-44.675,170.925,15.645054371387232,10.011054371387232
2805,2461,335.0,-44.725,170.775,14.462204101393581,12.452204101393582
2806,2462,272.0,-44.725,170.825,14.720134905772284,13.088134905772284
2807,2463,285.0,-44.725,170.875,15.015989748622815,13.305989748622814
2808,2464,329.0,-44.725,170.925,15.345029616597458,13.371029616597458
2809,2607,558.0,-44.625,170.775,15.03063132648822,11.68263132648822
2810,2609,461.0,-44.625,170.825,15.29319901112467,12.52719901112467
2811,2611,453.0,-44.625,170.875,15.55188077125058,12.83388077125058
2812,2619,833.0,-44.625,170.925,15.775072456344787,10.777072456344786
2813,2057,258.0,-44.675,170.975,15.883003873073903,14.335003873073903
2814,2058,109.0,-44.675,171.025,15.960901103491778,15.306901103491779
2815,2059,60.0,-44.675,171.075,15.76663898359402,15.406638983594021
2816,2060,19.0,-44.675,171.125,15.334371876640944,15.220371876640943
2817,2465,258.0,-44.725,170.975,15.670813576769433,14.122813576769433
2818,2466,88.0,-44.725,171.025,15.879867158146226,15.351867158146225
2819,2467,37.0,-44.725,171.075,15.726620421402913,15.504620421402914
2820,2468,10.0,-44.725,171.125,15.313425694563193,15.253425694563193
2821,2624,186.0,-44.625,170.975,15.908924806157302,14.792924806157302
2822,2734,109.0,-44.625,171.025,15.880324809833837,15.226324809833837
2823,2736,58.0,-44.625,171.075,15.634753941048984,15.286753941048984
2824,2740,18.0,-44.625,171.125,15.187421879149042,15.079421879149042
2825,2186,307.0,-44.475,167.875,18.517873411867185,16.675873411867187
2826,2741,170.0,-44.575,167.825,17.849818216622225,16.829818216622225
2827,2744,1600.0,-44.575,167.875,18.03496605089458,8.434966050894582
2828,2933,298.0,-44.525,167.875,18.282285824461724,16.494285824461723
2829,2187,393.0,-44.475,167.925,18.710520153443213,16.352520153443212
2830,2188,764.0,-44.475,167.975,18.912271503868396,14.328271503868397
2831,2189,1104.0,-44.475,168.025,19.120830741667305,12.496830741667306
2832,2190,99.0,-44.475,168.075,19.33279910395504,18.73879910395504
2833,2752,391.0,-44.575,167.925,18.234838530945126,15.888838530945126
2834,2756,1730.0,-44.575,167.975,18.44990337602212,8.06990337602212
2835,2760,1297.0,-44.575,168.025,18.676655614908668,10.894655614908668
2836,2764,475.0,-44.575,168.075,18.909787433891324,16.059787433891323
2837,2934,644.0,-44.525,167.925,18.47931436917861,14.61531436917861
2838,2935,1051.0,-44.525,167.975,18.68814864907472,12.382148649074718
2839,2936,1124.0,-44.525,168.025,18.906139754864853,12.162139754864853
2840,2937,17.0,-44.525,168.075,19.129176857255516,19.027176857255515
2841,3285,383.0,-44.425,167.925,18.927957954263547,16.629957954263546
2842,3286,267.0,-44.425,167.975,19.1219038318377,17.5199038318377
2843,3287,46.0,-44.425,168.025,19.320574176643277,19.044574176643277
2844,3288,773.0,-44.425,168.075,19.521006406313973,14.883006406313973
2845,2191,681.0,-44.475,168.125,19.54419799396419,15.458197993964191
2846,2192,389.0,-44.475,168.175,19.75083409542276,17.41683409542276
2847,2193,1155.0,-44.475,168.225,19.948434916179394,13.018434916179395
2848,2768,21.0,-44.575,168.125,19.144279491636553,19.01827949163655
2849,2772,1339.0,-44.575,168.175,19.375565194364754,11.341565194364753
2850,2776,1483.0,-44.575,168.225,19.59924905913067,10.70124905913067
2851,2938,906.0,-44.525,168.125,19.352744709758554,13.916744709758554
2852,2939,760.0,-44.525,168.175,19.572368823588477,15.012368823588478
2853,2940,1242.0,-44.525,168.225,19.78363135427935,12.33163135427935
2854,3289,310.0,-44.425,168.125,19.7196672752616,17.8596672752616
2855,3290,1380.0,-44.425,168.175,19.912704339178163,11.632704339178163
2856,3291,40.0,-44.425,168.225,20.096097734451178,19.85609773445118
2857,2008,1387.0,-44.525,168.275,19.982073940787814,11.660073940787814
2858,2111,1643.0,-44.525,168.325,20.163111249625217,10.305111249625218
2859,2115,1119.0,-44.525,168.375,20.321989133226452,13.607989133226454
2860,2122,736.0,-44.525,168.425,20.424,16.008
2861,2194,650.0,-44.475,168.275,20.132661325711524,16.232661325711526
2862,2195,1285.0,-44.475,168.325,20.299089911350165,12.589089911350166
2863,2196,1183.0,-44.475,168.375,20.424,13.326
2864,2197,836.0,-44.475,168.425,20.424,15.408000000000001
2865,2780,1158.0,-44.575,168.275,19.810879956945428,12.862879956945427
2866,2784,1054.0,-44.575,168.325,20.005806666929857,13.681806666929859
2867,2788,1120.0,-44.575,168.375,20.179100424968055,13.459100424968057
2868,2792,1426.0,-44.575,168.425,20.325544221428572,11.769544221428573
2869,3292,1140.0,-44.425,168.275,20.265730530154542,13.425730530154542
2870,3293,1057.0,-44.425,168.325,20.417424053463037,14.075424053463038
2871,3294,1758.0,-44.425,168.375,20.424,9.876000000000001
2872,3295,1172.0,-44.425,168.425,20.424,13.392
2873,2131,621.0,-44.525,168.475,20.424,16.698
2874,2132,1140.0,-44.525,168.525,20.424,13.584
2875,2133,1409.0,-44.525,168.575,20.424,11.97
2876,2198,1935.0,-44.475,168.475,20.424,8.813999999999998
2877,2199,1260.0,-44.475,168.525,20.424,12.864
2878,2200,1874.0,-44.475,168.575,20.424,9.180000000000001
2879,2879,1379.0,-44.575,168.475,20.424,12.15
2880,2880,1471.0,-44.575,168.525,20.424,11.597999999999999
2881,2881,1415.0,-44.575,168.575,20.424,11.934
2882,3296,735.0,-44.425,168.475,20.424,16.014
2883,3297,958.0,-44.425,168.525,20.424,14.675999999999998
2884,3298,1500.0,-44.425,168.575,20.424,11.424
2885,2134,1914.0,-44.525,168.625,20.424,8.94
2886,2135,1490.0,-44.525,168.675,20.424,11.484
2887,2136,1460.0,-44.525,168.725,20.420444067261997,11.660444067261997
2888,2137,1532.0,-44.525,168.775,20.250068832130637,11.058068832130637
2889,2201,1520.0,-44.475,168.625,20.424,11.304
2890,2202,741.0,-44.475,168.675,20.424,15.978
2891,2203,857.0,-44.475,168.725,20.424,15.282
2892,2204,1424.0,-44.475,168.775,20.310202175867744,11.766202175867743
2893,2882,1827.0,-44.575,168.625,20.424,9.462
2894,2883,880.0,-44.575,168.675,20.424,15.143999999999998
2895,2884,1449.0,-44.575,168.725,20.35020615583926,11.65620615583926
2896,2885,1019.0,-44.575,168.775,20.177960702902055,14.063960702902055
2897,3299,1680.0,-44.425,168.625,20.424,10.344
2898,3300,750.0,-44.425,168.675,20.424,15.924
2899,3301,1754.0,-44.425,168.725,20.424,9.9
2900,3302,1822.0,-44.425,168.775,20.36259323300328,9.430593233003282
2901,2138,1693.0,-44.525,168.825,20.03330239695788,9.87530239695788
2902,2139,461.0,-44.525,168.875,19.774773644676316,17.008773644676317
2903,2140,693.0,-44.525,168.925,19.481104997044895,15.323104997044895
2904,2141,1783.0,-44.525,168.975,19.160787549379165,8.462787549379167
2905,2205,596.0,-44.475,168.825,20.101343428337714,16.525343428337713
2906,2206,1010.0,-44.475,168.875,19.85485525408876,13.794855254088763
2907,2207,1413.0,-44.475,168.925,19.57700093521271,11.09900093521271
2908,2208,1281.0,-44.475,168.975,19.27576207309903,11.589762073099031
2909,2886,1973.0,-44.575,168.825,19.95501947271987,8.11701947271987
2910,2887,604.0,-44.575,168.875,19.686272397608263,16.062272397608265
2911,2888,580.0,-44.575,168.925,19.37872500931553,15.89872500931553
2912,2889,905.0,-44.575,168.975,19.041193942495738,13.611193942495738
2913,3303,385.0,-44.425,168.825,20.162738255414297,17.852738255414298
2914,3304,1461.0,-44.425,168.875,19.929182471576496,11.163182471576496
2915,3305,1361.0,-44.425,168.925,19.66777496469149,11.50177496469149
2916,3306,1538.0,-44.425,168.975,19.385845337994397,10.157845337994397
2917,2142,993.0,-44.525,169.025,18.82413643228938,12.86613643228938
2918,2143,387.0,-44.525,169.075,18.483256079693092,16.161256079693093
2919,2144,279.0,-44.525,169.125,18.151576046366245,16.477576046366245
2920,2209,991.0,-44.475,169.025,18.96069755483768,13.01469755483768
2921,2210,1310.0,-44.475,169.075,18.642663248843746,10.782663248843747
2922,2211,279.0,-44.475,169.125,18.333192131656688,16.659192131656688
2923,2890,748.0,-44.575,169.025,18.684299983448,14.196299983448
2924,2891,279.0,-44.575,169.075,18.320917494245805,16.646917494245805
2925,2892,382.0,-44.575,169.125,17.96646730127395,15.674467301273951
2926,3307,937.0,-44.425,169.025,19.091999168522307,13.469999168522307
2927,3308,907.0,-44.425,169.075,18.795758979715174,13.353758979715174
2928,3309,281.0,-44.425,169.125,18.506979599347687,16.820979599347687
2929,2145,1228.0,-44.525,169.175,17.842407451738836,10.474407451738838
2930,2146,501.0,-44.525,169.225,17.566993343338254,14.560993343338254
2931,2147,348.0,-44.525,169.275,17.333391391672194,15.245391391672193
2932,2148,821.0,-44.525,169.325,17.14608401923033,12.22008401923033
2933,2212,639.0,-44.475,169.175,18.043427474985947,14.209427474985947
2934,2213,852.0,-44.475,169.225,17.78289748703537,12.670897487035372
2935,2214,348.0,-44.475,169.275,17.558618006369215,15.470618006369214
2936,2215,601.0,-44.475,169.325,17.374631678088917,13.768631678088918
2937,2893,1209.0,-44.575,169.175,17.63711240226985,10.38311240226985
2938,2894,700.0,-44.575,169.225,17.34599191925372,13.14599191925372
2939,2895,348.0,-44.575,169.275,17.102205355782644,15.014205355782643
2940,2896,449.0,-44.575,169.325,16.91111454408383,14.217114544083831
2941,3310,279.0,-44.425,169.175,18.235047455498716,16.561047455498716
2942,3311,810.0,-44.425,169.225,17.988028153180494,13.128028153180495
2943,3312,647.0,-44.425,169.275,17.77198610919004,13.889986109190039
2944,3313,403.0,-44.425,169.325,17.590586455829907,15.172586455829908
2945,2149,758.0,-44.525,169.375,17.005610100226477,12.457610100226477
2946,2150,800.0,-44.525,169.425,16.908728894413798,12.108728894413797
2947,2151,788.0,-44.525,169.475,16.84957409792696,12.121574097926961
2948,2216,1439.0,-44.475,169.375,17.23185828134592,8.597858281345921
2949,2217,1567.0,-44.475,169.425,17.12833546458569,7.72633546458569
2950,2218,1127.0,-44.475,169.475,17.059916914033238,10.297916914033237
2951,2897,1123.0,-44.575,169.375,16.77293422931689,10.034934229316889
2952,2898,1000.0,-44.575,169.425,16.6823620708019,10.6823620708019
2953,2899,1096.0,-44.575,169.475,16.63071569868771,10.054715698687708
2954,3314,348.0,-44.425,169.375,17.444983747438528,15.356983747438527
2955,3315,455.0,-44.425,169.425,17.333998284302652,14.603998284302651
2956,3316,1000.0,-44.425,169.475,17.25454413368425,11.254544133684249
2957,2152,813.0,-44.525,169.525,16.821252105932217,11.943252105932217
2958,2153,868.0,-44.525,169.575,16.817003522693994,11.609003522693996
2959,2154,1010.0,-44.525,169.625,16.830475494192797,10.770475494192798
2960,2155,893.0,-44.525,169.675,16.85516506676504,11.497165066765039
2961,2219,1556.0,-44.475,169.525,17.02118169667665,7.685181696676649
2962,2220,933.0,-44.475,169.575,17.006141173813376,11.408141173813377
2963,2221,1178.0,-44.475,169.625,17.00845557078719,9.940455570787192
2964,2222,1126.0,-44.475,169.675,17.02109476774058,10.265094767740578
2965,2900,1108.0,-44.575,169.525,16.60890120275144,9.96090120275144
2966,2901,779.0,-44.575,169.575,16.60924498703389,11.93524498703389
2967,2902,819.0,-44.575,169.625,16.625614073622273,11.711614073622274
2968,2903,961.0,-44.575,169.675,16.652275289263343,10.886275289263345
2969,3317,1511.0,-44.425,169.525,17.20216047775466,8.136160477754661
2970,3318,1433.0,-44.425,169.575,17.171426800705376,8.573426800705377
2971,3319,1087.0,-44.425,169.625,17.15607997972984,10.63407997972984
2972,3320,737.0,-44.425,169.675,17.148742628720356,12.726742628720356
2973,2156,683.0,-44.525,169.725,16.88329585197789,12.785295851977892
2974,2157,1334.0,-44.525,169.775,16.904255059809657,8.900255059809657
2975,2158,536.0,-44.525,169.825,16.902142764040036,13.686142764040035
2976,2223,643.0,-44.475,169.725,17.03548485589272,13.177484855892718
2977,2224,1135.0,-44.475,169.775,17.040051044503343,10.230051044503345
2978,2225,603.0,-44.475,169.825,17.017465702534537,13.399465702534537
2979,2904,1588.0,-44.575,169.725,16.682107432250632,7.1541074322506315
2980,2905,1397.0,-44.575,169.775,16.704427570381085,8.322427570381086
2981,2906,741.0,-44.575,169.825,16.70186427416047,12.255864274160471
2982,3321,761.0,-44.425,169.725,17.140225907758577,12.574225907758578
2983,3322,939.0,-44.425,169.775,17.118352032412076,11.484352032412076
2984,3323,658.0,-44.425,169.825,17.06637661480636,13.118376614806358
2985,2159,497.0,-44.525,169.875,16.84920427353063,13.867204273530632
2986,2160,468.0,-44.525,169.925,16.67904020450078,13.87104020450078
2987,2161,898.0,-44.525,169.975,16.422369313513627,11.034369313513627
2988,2162,668.0,-44.525,170.025,16.127551868783485,12.119551868783486
2989,2226,710.0,-44.475,169.875,16.938651407836005,12.678651407836005
2990,2907,554.0,-44.575,169.875,16.644082376238657,13.320082376238657
2991,2908,844.0,-44.575,169.925,16.49263998826791,11.42863998826791
2992,2909,706.0,-44.575,169.975,16.25943813189224,12.023438131892238
2993,2910,1130.0,-44.575,170.025,15.980598330541397,9.200598330541396
2994,3042,450.0,-44.475,169.925,16.76822080060083,14.06822080060083
2995,3111,419.0,-44.475,169.975,16.51994935840048,14.005949358400482
2996,3113,400.0,-44.475,170.025,16.231874529461493,13.831874529461492
2997,3324,566.0,-44.425,169.875,16.96300872779102,13.56700872779102
2998,3325,570.0,-44.425,169.925,16.792314703452575,13.372314703452576
2999,3326,448.0,-44.425,169.975,16.561067236878444,13.873067236878443
3000,3331,771.0,-44.425,170.025,16.292623183624528,11.666623183624528
3001,2163,362.0,-44.525,170.075,15.81690437431098,13.644904374310979
3002,2164,628.0,-44.525,170.125,15.508351621596375,11.740351621596375
3003,2165,362.0,-44.525,170.175,15.221870917099295,13.049870917099295
3004,2166,537.0,-44.525,170.225,14.98068261041044,11.75868261041044
3005,2911,441.0,-44.575,170.075,15.679285652266117,13.033285652266116
3006,2912,531.0,-44.575,170.125,15.373085069615627,12.187085069615627
3007,2913,460.0,-44.575,170.175,15.081119529189891,12.321119529189891
3008,2914,406.0,-44.575,170.225,14.83577974585205,12.399779745852051
3009,3115,423.0,-44.475,170.075,15.929792453818663,13.391792453818663
3010,3117,1661.0,-44.475,170.125,15.633519340088242,5.667519340088242
3011,3119,706.0,-44.475,170.175,15.361596260641818,11.125596260641817
3012,3121,490.0,-44.475,170.225,15.12959710060386,12.18959710060386
3013,3332,1513.0,-44.425,170.075,16.01050305325043,6.932503053250432
3014,3333,1460.0,-44.425,170.125,15.734474314725958,6.974474314725958
3015,3334,904.0,-44.425,170.175,15.481173511827365,10.057173511827365
3016,3335,362.0,-44.425,170.225,15.26312540278741,13.091125402787409
3017,2167,1053.0,-44.525,170.275,14.788177958558663,8.470177958558663
3018,2168,669.0,-44.525,170.325,14.638937102936325,10.624937102936325
3019,2169,1444.0,-44.525,170.375,14.534249247401021,5.870249247401022
3020,2915,530.0,-44.575,170.275,14.635881840520597,11.455881840520597
3021,2916,662.0,-44.575,170.325,14.473694357169734,10.501694357169734
3022,2917,775.0,-44.575,170.375,14.35353031547129,9.70353031547129
3023,3123,683.0,-44.475,170.275,14.9435850224545,10.8455850224545
3024,3126,1530.0,-44.475,170.325,14.80311371939024,5.62311371939024
3025,3128,1384.0,-44.475,170.375,14.708242844346387,6.404242844346387
3026,3336,419.0,-44.425,170.275,15.086980672102072,12.572980672102073
3027,3337,1182.0,-44.425,170.325,14.954712975442817,7.862712975442817
3028,3338,800.0,-44.425,170.375,14.86658841479948,10.06658841479948
3029,2170,805.0,-44.525,170.425,14.47841344576591,9.64841344576591
3030,2171,873.0,-44.525,170.475,14.47528542130749,9.23728542130749
3031,2172,1684.0,-44.525,170.525,14.525436036201427,4.4214360362014276
3032,2173,659.0,-44.525,170.575,14.624891442159424,10.670891442159423
3033,2918,553.0,-44.575,170.425,14.283501052443171,10.965501052443171
3034,2919,1310.0,-44.575,170.475,14.271534719700867,6.411534719700867
3035,2920,1086.0,-44.575,170.525,14.320400276876171,7.804400276876172
3036,2921,527.0,-44.575,170.575,14.425458594385418,11.263458594385419
3037,3135,1280.0,-44.475,170.425,14.660345914278878,6.980345914278878
3038,3143,1163.0,-44.475,170.475,14.660383275244385,7.682383275244384
3039,3267,1674.0,-44.475,170.525,14.707177114520164,4.663177114520165
3040,3271,1163.0,-44.475,170.575,14.796510704720276,7.818510704720276
3041,3339,1149.0,-44.425,170.425,14.82247910759179,7.928479107591789
3042,3340,725.0,-44.425,170.475,14.821505186293507,10.471505186293507
3043,3341,920.0,-44.425,170.525,14.86120087812742,9.34120087812742
3044,3342,656.0,-44.425,170.575,14.936914602330944,11.000914602330944
3045,2174,525.0,-44.525,170.625,14.76597178956581,11.61597178956581
3046,2175,448.0,-44.525,170.675,14.938761800069187,12.250761800069187
3047,2176,503.0,-44.525,170.725,15.131644915076322,12.113644915076321
3048,2922,433.0,-44.575,170.625,14.57750795303582,11.97950795303582
3049,2923,471.0,-44.575,170.675,14.76629465102451,11.940294651024509
3050,2924,804.0,-44.575,170.725,14.981450293053058,10.15745029305306
3051,3272,563.0,-44.475,170.625,14.921202001452912,11.543202001452912
3052,3273,458.0,-44.475,170.675,15.071576612819626,12.323576612819627
3053,3274,624.0,-44.475,170.725,15.235612993361428,11.491612993361429
3054,3343,671.0,-44.425,170.625,15.041627402235463,11.015627402235463
3055,3344,546.0,-44.425,170.675,15.165993280432303,11.889993280432304
3056,3345,911.0,-44.425,170.725,15.298291717474058,9.832291717474059
3057,2177,665.0,-44.525,170.775,15.33055455046997,11.34055455046997
3058,2178,921.0,-44.525,170.825,15.517260908367462,9.991260908367462
3059,2179,502.0,-44.525,170.875,15.667253027306288,12.655253027306287
3060,2180,240.0,-44.525,170.925,15.748333723604446,14.308333723604447
3061,2925,732.0,-44.575,170.775,15.21131802367745,10.81931802367745
3062,2926,483.0,-44.575,170.825,15.440437746925454,12.542437746925454
3063,2927,708.0,-44.575,170.875,15.645961739341146,11.397961739341145
3064,2928,878.0,-44.575,170.925,15.79379466190585,10.525794661905849
3065,3275,849.0,-44.475,170.775,15.398453456691641,10.30445345669164
3066,3276,1054.0,-44.475,170.825,15.541428286065639,9.21742828606564
3067,3277,362.0,-44.475,170.875,15.641076857580629,13.469076857580628
3068,3278,216.0,-44.475,170.925,15.66899588987144,14.37299588987144
3069,3346,1011.0,-44.425,170.775,15.424136705303681,9.358136705303682
3070,3347,769.0,-44.425,170.825,15.526038051313662,10.912038051313662
3071,3348,325.0,-44.425,170.875,15.583137096240534,13.633137096240535
3072,3349,298.0,-44.425,170.925,15.571583558587008,13.783583558587008
3073,2181,233.0,-44.525,170.975,15.722094828954141,14.324094828954141
3074,2182,145.0,-44.525,171.025,15.550933494821948,14.680933494821948
3075,2183,96.0,-44.525,171.075,15.210637948628573,14.634637948628573
3076,2184,54.0,-44.525,171.125,14.703132258575351,14.379132258575352
3077,2929,282.0,-44.575,170.975,15.837525411930983,14.145525411930983
3078,2930,161.0,-44.575,171.025,15.72680665149528,14.760806651495281
3079,2931,109.0,-44.575,171.075,15.429631057515508,14.775631057515508
3080,2932,66.0,-44.575,171.125,14.954627863313362,14.558627863313362
3081,3279,307.0,-44.475,170.975,15.593603179295314,13.751603179295314
3082,3280,179.0,-44.475,171.025,15.384532677206153,14.310532677206153
3083,3281,88.0,-44.475,171.075,15.018988802803506,14.490988802803505
3084,3282,51.0,-44.475,171.125,14.488732299840194,14.182732299840195
3085,3350,188.0,-44.425,170.975,15.465948737590224,14.337948737590224
3086,3351,119.0,-44.425,171.025,15.241553544270573,14.527553544270573
3087,3352,78.0,-44.425,171.075,14.876661839029111,14.408661839029111
3088,3353,66.0,-44.425,171.125,14.353346737087122,13.957346737087121
3089,2185,18.0,-44.525,171.175,14.064121858835279,13.956121858835278
3090,3283,19.0,-44.475,171.175,13.810731431258318,13.696731431258318
3091,3284,8.0,-44.475,171.225,13.051568663293438,13.003568663293438
3092,3354,63.0,-44.425,171.175,13.661062773237063,13.283062773237063
3093,3355,32.0,-44.425,171.225,12.829501395157422,12.637501395157422
3094,3356,19.0,-44.375,168.025,19.50580345778144,19.39180345778144
3095,3357,678.0,-44.375,168.075,19.69453267226345,15.62653267226345
3096,3025,340.0,-44.275,168.125,20.162266981598805,18.122266981598806
3097,3027,875.0,-44.275,168.175,20.31509941695549,15.06509941695549
3098,3028,865.0,-44.275,168.225,20.424,15.233999999999998
3099,3358,740.0,-44.375,168.125,19.880319312695065,15.440319312695063
3100,3359,923.0,-44.375,168.175,20.05964966856118,14.521649668561178
3101,3360,304.0,-44.375,168.225,20.228806075290777,18.40480607529078
3102,3855,87.0,-44.325,168.125,20.027419699865277,19.50541969986528
3103,3856,37.0,-44.325,168.175,20.1932745998638,19.971274599863797
3104,3858,55.0,-44.325,168.225,20.348522301355843,20.018522301355844
3105,3029,309.0,-44.275,168.275,20.424,18.57
3106,3030,936.0,-44.275,168.325,20.424,14.808
3107,3032,649.0,-44.275,168.375,20.424,16.53
3108,3033,1132.0,-44.275,168.425,20.424,13.632
3109,3053,1043.0,-44.375,168.325,20.424,14.166
3110,3124,1497.0,-44.375,168.375,20.424,11.442
3111,3129,1050.0,-44.375,168.425,20.424,14.123999999999999
3112,3361,1202.0,-44.375,168.275,20.383958026082837,13.171958026082837
3113,3860,871.0,-44.325,168.275,20.424,15.198
3114,3861,749.0,-44.325,168.325,20.424,15.93
3115,3862,804.0,-44.325,168.375,20.424,15.600000000000001
3116,3863,1317.0,-44.325,168.425,20.424,12.522
3117,3034,1170.0,-44.275,168.475,20.424,13.404
3118,3035,1032.0,-44.275,168.525,20.424,14.232
3119,3036,670.0,-44.275,168.575,20.424,16.404
3120,3136,433.0,-44.375,168.475,20.424,17.826
3121,3145,1432.0,-44.375,168.525,20.424,11.831999999999999
3122,3250,1699.0,-44.375,168.575,20.424,10.23
3123,3864,1239.0,-44.325,168.475,20.424,12.989999999999998
3124,3865,591.0,-44.325,168.525,20.424,16.878
3125,3866,218.0,-44.325,168.575,20.424,19.116
3126,3037,286.0,-44.275,168.625,20.424,18.708
3127,3038,795.0,-44.275,168.675,20.424,15.654
3128,3039,401.0,-44.275,168.725,20.424,18.018
3129,3040,662.0,-44.275,168.775,20.424,16.451999999999998
3130,3256,1001.0,-44.375,168.625,20.424,14.418
3131,3259,1298.0,-44.375,168.675,20.424,12.636
3132,3265,2256.0,-44.375,168.725,20.424,6.888
3133,3269,1653.0,-44.375,168.775,20.40998084837338,10.491980848373379
3134,3867,908.0,-44.325,168.625,20.424,14.975999999999999
3135,3868,724.0,-44.325,168.675,20.424,16.08
3136,3869,1872.0,-44.325,168.725,20.424,9.192
3137,3870,1077.0,-44.325,168.775,20.424,13.962
3138,3041,1175.0,-44.275,168.825,20.32457605781383,13.274576057813828
3139,3043,904.0,-44.275,168.875,20.128840239252895,14.704840239252896
3140,3044,840.0,-44.275,168.925,19.91318657246302,14.87318657246302
3141,3045,762.0,-44.275,168.975,19.68278912853566,15.11078912853566
3142,3366,1487.0,-44.375,168.825,20.219648513753782,11.297648513753783
3143,3372,1203.0,-44.375,168.875,19.999180423852522,12.781180423852522
3144,3379,1130.0,-44.375,168.925,19.753955723615945,12.973955723615944
3145,3386,1434.0,-44.375,168.975,19.49058352065913,10.88658352065913
3146,3871,1858.0,-44.325,168.825,20.273346148445853,9.125346148445855
3147,3872,1339.0,-44.325,168.875,20.065597273380263,12.031597273380262
3148,3873,919.0,-44.325,168.925,19.835728956284584,14.321728956284584
3149,3874,1304.0,-44.325,168.975,19.589619581674924,11.765619581674926
3150,3046,1591.0,-44.275,169.025,19.44341671836446,9.897416718364461
3151,3047,1427.0,-44.275,169.075,19.20114868787641,10.639148687876412
3152,3048,750.0,-44.275,169.125,18.962028466921765,14.462028466921765
3153,3394,1627.0,-44.375,169.025,19.216674729716033,9.454674729716034
3154,3400,1419.0,-44.375,169.075,18.94048425545043,10.42648425545043
3155,3405,284.0,-44.375,169.125,18.670407895740937,16.966407895740936
3156,3875,1053.0,-44.325,169.025,19.333922751655336,13.015922751655337
3157,3876,1777.0,-44.325,169.075,19.07574189735169,8.413741897351692
3158,3877,962.0,-44.325,169.125,18.822210632817587,13.050210632817588
3159,3049,419.0,-44.275,169.175,18.731683765669004,16.217683765669005
3160,3052,884.0,-44.275,169.225,18.514957116989535,13.210957116989537
3161,3056,1473.0,-44.275,169.275,18.315594069761573,9.477594069761574
3162,3057,1359.0,-44.275,169.325,18.136025668834918,9.982025668834918
3163,3412,279.0,-44.375,169.175,18.414368100377033,16.740368100377033
3164,3419,1754.0,-44.375,169.225,18.179188121444895,7.655188121444896
3165,3426,1258.0,-44.375,169.275,17.9700763457804,10.422076345780399
3166,3433,1201.0,-44.375,169.325,17.79030131622858,10.58430131622858
3167,3878,279.0,-44.325,169.175,18.580013168786536,16.906013168786536
3168,3879,1432.0,-44.325,169.225,18.354909153393237,9.762909153393236
3169,3880,1305.0,-44.325,169.275,18.151336434311816,10.321336434311815
3170,3881,1838.0,-44.325,169.325,17.972146246262128,6.944146246262129
3171,3058,1346.0,-44.275,169.375,17.977262022308423,9.901262022308423
3172,3059,1157.0,-44.275,169.425,17.83889172517229,10.896891725172289
3173,3060,589.0,-44.275,169.475,17.71916175025399,14.18516175025399
3174,3440,649.0,-44.375,169.375,17.641082519025076,13.747082519025076
3175,3530,459.0,-44.375,169.425,17.52168654934212,14.767686549342121
3176,3536,1268.0,-44.375,169.475,17.429680145622115,9.821680145622114
3177,3882,891.0,-44.325,169.375,17.818493090744596,12.472493090744596
3178,3883,348.0,-44.325,169.425,17.689870383866946,15.601870383866945
3179,3884,1527.0,-44.325,169.475,17.58425335289212,8.42225335289212
3180,3061,1822.0,-44.275,169.525,17.61509802225919,6.683098022259191
3181,3062,1497.0,-44.275,169.575,17.522624413773883,8.540624413773884
3182,3063,1410.0,-44.275,169.625,17.436653679673327,8.976653679673328
3183,3064,1366.0,-44.275,169.675,17.351162420905894,9.155162420905894
3184,3538,1237.0,-44.375,169.525,17.36124116582505,9.93924116582505
3185,3543,1378.0,-44.375,169.575,17.311398640522384,9.043398640522385
3186,3549,787.0,-44.375,169.625,17.274089190366794,12.552089190366795
3187,3555,886.0,-44.375,169.675,17.241968094807817,11.925968094807818
3188,3885,1208.0,-44.325,169.525,17.49828414231888,10.25028414231888
3189,3886,1515.0,-44.325,169.575,17.42742251425807,8.33742251425807
3190,3887,745.0,-44.325,169.625,17.366000249123317,12.896000249123318
3191,3888,1048.0,-44.325,169.675,17.307161492019077,11.019161492019077
3192,3065,1590.0,-44.275,169.725,17.259328548847407,7.7193285488474075
3193,3066,1158.0,-44.275,169.775,17.153905147140904,10.205905147140903
3194,3067,612.0,-44.275,169.825,17.028088670427678,13.356088670427678
3195,3561,984.0,-44.375,169.725,17.205982336294255,11.301982336294255
3196,3641,1066.0,-44.375,169.775,17.154850540697225,10.758850540697225
3197,3645,810.0,-44.375,169.825,17.07504043658264,12.21504043658264
3198,3889,1760.0,-44.325,169.725,17.24275292379025,6.6827529237902485
3199,3890,1762.0,-44.325,169.775,17.16338314647146,6.591383146471459
3200,3891,713.0,-44.325,169.825,17.059143479855265,12.781143479855267
3201,3068,520.0,-44.275,169.875,16.877047738802503,13.757047738802502
3202,3069,520.0,-44.275,169.925,16.69977267226932,13.579772672269318
3203,3070,515.0,-44.275,169.975,16.500205202893994,13.410205202893994
3204,3071,479.0,-44.275,170.025,16.286717672839586,13.412717672839586
3205,3649,600.0,-44.375,169.875,16.952924578545208,13.352924578545208
3206,3655,580.0,-44.375,169.925,16.78095237825619,13.300952378256188
3207,3660,708.0,-44.375,169.975,16.563881360096275,12.315881360096274
3208,3665,677.0,-44.375,170.025,16.316863661661046,12.254863661661046
3209,3892,617.0,-44.325,169.875,16.92168339824275,13.219683398242749
3210,3893,583.0,-44.325,169.925,16.747600916642114,13.249600916642114
3211,3894,550.0,-44.325,169.975,16.541006792984263,13.241006792984262
3212,3895,495.0,-44.325,170.025,16.312698416593776,13.342698416593775
3213,3001,379.0,-44.325,170.175,15.636488993775856,13.362488993775855
3214,3002,374.0,-44.325,170.225,15.453510913372156,13.209510913372156
3215,3072,458.0,-44.275,170.075,16.070208009266935,13.322208009266935
3216,3073,442.0,-44.275,170.125,15.861908218947065,13.209908218947065
3217,3074,436.0,-44.275,170.175,15.671676426747581,13.055676426747581
3218,3075,407.0,-44.275,170.225,15.506945451583306,13.064945451583306
3219,3670,896.0,-44.375,170.075,16.058368032936414,10.682368032936413
3220,3674,1503.0,-44.375,170.125,15.805702319848933,6.787702319848934
3221,3679,474.0,-44.375,170.175,15.573396722073085,12.729396722073085
3222,3684,362.0,-44.375,170.225,15.372230428205512,13.200230428205511
3223,3896,617.0,-44.325,170.075,16.07675114531594,12.374751145315939
3224,3897,923.0,-44.325,170.125,15.847287050979503,10.309287050979503
3225,3003,396.0,-44.325,170.275,15.304064278927399,12.9280642789274
3226,3004,417.0,-44.325,170.325,15.190725428714359,12.68872542871436
3227,3005,468.0,-44.325,170.375,15.113713393060607,12.305713393060607
3228,3076,418.0,-44.275,170.275,15.372290686253109,12.86429068625311
3229,3077,448.0,-44.275,170.325,15.269547583120584,12.581547583120583
3230,3078,759.0,-44.275,170.375,15.19830765354709,10.644307653547092
3231,3752,499.0,-44.375,170.275,15.2086511831003,12.214651183100301
3232,3753,436.0,-44.375,170.325,15.085393861249031,12.469393861249031
3233,3755,782.0,-44.375,170.375,15.002894474659115,10.310894474659115
3234,3006,767.0,-44.325,170.425,15.071631532962783,10.469631532962783
3235,3007,935.0,-44.325,170.475,15.06187041211524,9.451870412115241
3236,3008,1770.0,-44.325,170.525,15.080680124185164,4.460680124185165
3237,3009,890.0,-44.325,170.575,15.123051309303264,9.783051309303264
3238,3079,527.0,-44.275,170.425,15.156536759241135,11.994536759241136
3239,3080,741.0,-44.275,170.475,15.141089670505608,10.695089670505608
3240,3081,1111.0,-44.275,170.525,15.147980669535173,8.481980669535172
3241,3082,923.0,-44.275,170.575,15.172378864903294,9.634378864903294
3242,3758,768.0,-44.375,170.425,14.960294016476837,10.352294016476836
3243,3761,965.0,-44.375,170.475,14.955644635832869,9.16564463583287
3244,3765,1295.0,-44.375,170.525,14.985658121659071,7.215658121659072
3245,3770,820.0,-44.375,170.575,15.045384419740003,10.125384419740005
3246,3010,878.0,-44.325,170.625,15.182538712600945,9.914538712600944
3247,3011,813.0,-44.325,170.675,15.251108724041842,10.373108724041842
3248,3012,776.0,-44.325,170.725,15.31904244076577,10.663042440765771
3249,3083,1073.0,-44.275,170.625,15.208427855322952,8.770427855322954
3250,3084,754.0,-44.275,170.675,15.249052584564197,10.725052584564196
3251,3085,624.0,-44.275,170.725,15.285866616599378,11.541866616599378
3252,3774,809.0,-44.375,170.625,15.128001139521075,10.274001139521076
3253,3778,700.0,-44.375,170.675,15.224702946703474,11.024702946703474
3254,3782,1402.0,-44.375,170.725,15.324601009451726,6.912601009451727
3255,3013,542.0,-44.325,170.775,15.374913426188868,12.12291342618887
3256,3014,784.0,-44.325,170.825,15.4056885674363,10.7016885674363
3257,3015,305.0,-44.325,170.875,15.397036270514945,13.567036270514945
3258,3016,308.0,-44.325,170.925,15.333916134601168,13.485916134601169
3259,3086,432.0,-44.275,170.775,15.309217413181614,12.717217413181613
3260,3087,316.0,-44.275,170.825,15.308375983688165,13.412375983688165
3261,3088,266.0,-44.275,170.875,15.271869713142223,13.675869713142223
3262,3089,460.0,-44.275,170.925,15.187917275739892,12.427917275739892
3263,3786,726.0,-44.375,170.775,15.414589499232534,11.058589499232534
3264,3790,698.0,-44.375,170.825,15.47925249421678,11.291252494216781
3265,3794,303.0,-44.375,170.875,15.500996940972982,13.682996940972982
3266,3798,231.0,-44.375,170.925,15.460633511465858,14.074633511465859
3267,3017,271.0,-44.325,170.975,15.201422821890446,13.575422821890447
3268,3018,204.0,-44.325,171.025,14.985652133778785,13.761652133778785
3269,3019,157.0,-44.325,171.075,14.674067766856751,13.732067766856751
3270,3021,129.0,-44.325,171.125,14.25420938852767,13.480209388527669
3271,3090,159.0,-44.275,170.975,15.044806047124439,14.090806047124438
3272,3091,112.0,-44.275,171.025,14.830814139284485,14.158814139284484
3273,3092,96.0,-44.275,171.075,14.53280052869377,13.956800528693769
3274,3093,81.0,-44.275,171.125,14.131206466852746,13.645206466852745
3275,3802,149.0,-44.375,170.975,15.338497317614383,14.444497317614383
3276,3850,382.0,-44.375,171.025,15.115809870570956,12.823809870570956
3277,3851,205.0,-44.375,171.075,14.775276569911512,13.545276569911511
3278,3852,163.0,-44.375,171.125,14.298726669891039,13.32072666989104
3279,3022,60.0,-44.325,171.175,13.705145913510933,13.345145913510933
3280,3023,19.0,-44.325,171.225,12.926001422849367,12.812001422849367
3281,3024,7.0,-44.325,171.275,11.867171437654179,11.825171437654179
3282,3094,47.0,-44.275,171.175,13.582775676819438,13.300775676819438
3283,3095,31.0,-44.275,171.225,12.7500523920462,12.5640523920462
3284,3096,17.0,-44.275,171.275,11.632794001612638,11.530794001612637
3285,3853,97.0,-44.375,171.175,13.658239658965613,13.076239658965612
3286,3854,31.0,-44.375,171.225,12.822216160093376,12.636216160093376
3287,3097,7.0,-44.275,171.325,11.029668182629393,10.987668182629394
3288,3098,128.0,-44.225,168.175,20.424,19.656
3289,3099,617.0,-44.225,168.225,20.424,16.722
3290,3595,304.0,-44.175,168.225,20.424,18.6
3291,3100,251.0,-44.225,168.275,20.424,18.918
3292,3101,789.0,-44.225,168.325,20.424,15.69
3293,3102,478.0,-44.225,168.375,20.424,17.556
3294,3103,141.0,-44.225,168.425,20.424,19.578
3295,3539,128.0,-44.125,168.275,20.424,19.656
3296,3545,483.0,-44.125,168.325,20.424,17.526
3297,3551,80.0,-44.125,168.375,20.424,19.944
3298,3557,455.0,-44.125,168.425,20.424,17.694
3299,3596,351.0,-44.175,168.275,20.424,18.317999999999998
3300,3597,408.0,-44.175,168.325,20.424,17.976
3301,3598,957.0,-44.175,168.375,20.424,14.681999999999999
3302,3599,604.0,-44.175,168.425,20.424,16.8
3303,3948,0.0,-44.075,168.325,20.424,20.424
3304,3949,12.0,-44.075,168.375,20.424,20.352
3305,3950,14.0,-44.075,168.425,20.424,20.34
3306,3104,610.0,-44.225,168.475,20.424,16.764
3307,3105,1102.0,-44.225,168.525,20.424,13.812000000000001
3308,3106,1172.0,-44.225,168.575,20.424,13.392
3309,3563,993.0,-44.125,168.475,20.424,14.466000000000001
3310,3600,80.0,-44.175,168.475,20.424,19.944
3311,3601,811.0,-44.175,168.525,20.424,15.558
3312,3602,787.0,-44.175,168.575,20.424,15.702
3313,3648,55.0,-44.125,168.525,20.424,20.094
3314,3653,263.0,-44.125,168.575,20.424,18.846
3315,3951,12.0,-44.075,168.475,20.424,20.352
3316,3952,197.0,-44.075,168.525,20.424,19.242
3317,3953,621.0,-44.075,168.575,20.424,16.698
3318,3051,120.0,-44.225,168.775,20.424,19.704
3319,3107,425.0,-44.225,168.625,20.424,17.874
3320,3108,72.0,-44.225,168.675,20.424,19.992
3321,3109,1664.0,-44.225,168.725,20.424,10.44
3322,3603,1018.0,-44.175,168.625,20.424,14.315999999999999
3323,3604,622.0,-44.175,168.675,20.424,16.692
3324,3605,321.0,-44.175,168.725,20.424,18.498
3325,3606,122.0,-44.175,168.775,20.424,19.692
3326,3658,832.0,-44.125,168.625,20.424,15.431999999999999
3327,3663,928.0,-44.125,168.675,20.424,14.856
3328,3668,39.0,-44.125,168.725,20.424,20.189999999999998
3329,3673,1610.0,-44.125,168.775,20.424,10.764
3330,3954,471.0,-44.075,168.625,20.424,17.598
3331,3955,20.0,-44.075,168.675,20.424,20.304
3332,3956,20.0,-44.075,168.725,20.424,20.304
3333,3957,654.0,-44.075,168.775,20.424,16.5
3334,3055,352.0,-44.075,168.875,20.354803398731747,18.242803398731745
3335,3132,1415.0,-44.225,168.825,20.373786945216125,11.883786945216125
3336,3134,1311.0,-44.075,168.925,20.183294047179515,12.317294047179516
3337,3141,2259.0,-44.225,168.875,20.189167130971327,6.635167130971327
3338,3142,1168.0,-44.075,168.975,20.00028840682353,12.99228840682353
3339,3246,1610.0,-44.225,168.925,19.986444822730846,10.326444822730846
3340,3251,1605.0,-44.225,168.975,19.770136553328484,10.140136553328484
3341,3607,1518.0,-44.175,168.825,20.421272406762,11.313272406762001
3342,3608,1484.0,-44.175,168.875,20.246789477270795,11.342789477270795
3343,3609,1057.0,-44.175,168.925,20.055691643836326,13.713691643836327
3344,3610,1553.0,-44.175,168.975,19.851894676030497,10.533894676030497
3345,3678,59.0,-44.125,168.825,20.424,20.07
3346,3683,272.0,-44.125,168.875,20.301922464670497,18.669922464670496
3347,3754,1060.0,-44.125,168.925,20.121195540734334,13.761195540734334
3348,3757,1433.0,-44.125,168.975,19.928447799262358,11.330447799262359
3349,3958,1048.0,-44.075,168.825,20.424,14.136
3350,3257,465.0,-44.225,169.025,19.545211881020805,16.755211881020806
3351,3258,712.0,-44.075,169.025,19.80887228748179,15.53687228748179
3352,3260,1468.0,-44.225,169.075,19.316849759139586,10.508849759139586
3353,3329,1599.0,-44.225,169.125,19.09015302339685,9.496153023396852
3354,3330,721.0,-44.075,169.075,19.612172486711643,15.286172486711642
3355,3363,881.0,-44.075,169.125,19.413194400141947,14.127194400141946
3356,3611,1145.0,-44.175,169.025,19.639656703482615,12.769656703482616
3357,3612,1560.0,-44.175,169.075,19.4233711251145,10.0633711251145
3358,3613,1008.0,-44.175,169.125,19.20733086981636,13.15933086981636
3359,3760,1037.0,-44.125,169.025,19.72731107463187,13.505311074631871
3360,3763,778.0,-44.125,169.075,19.52149797885795,14.853497978857952
3361,3766,980.0,-44.125,169.125,19.31460660637822,13.434606606378221
3362,3364,1061.0,-44.225,169.175,18.869844034081325,12.503844034081325
3363,3369,300.0,-44.225,169.225,18.65997221872385,16.85997221872385
3364,3371,878.0,-44.075,169.175,19.21465687386808,13.94665687386808
3365,3375,1588.0,-44.225,169.275,18.46366547209618,8.935665472096181
3366,3378,1597.0,-44.075,169.225,19.01883695543802,9.436836955438018
3367,3382,1161.0,-44.225,169.325,18.282950679102214,11.316950679102215
3368,3385,1064.0,-44.075,169.275,18.827437163563445,12.443437163563445
3369,3399,1207.0,-44.075,169.325,18.64148623213987,11.399486232139868
3370,3614,1571.0,-44.175,169.175,18.995482069440186,9.569482069440186
3371,3615,1084.0,-44.175,169.225,18.791189426148776,12.287189426148776
3372,3616,424.0,-44.175,169.275,18.597035820333986,16.053035820333985
3373,3617,889.0,-44.175,169.325,18.414674389205175,13.080674389205175
3374,3769,827.0,-44.125,169.175,19.10991952274344,14.14791952274344
3375,3773,786.0,-44.125,169.225,18.910213634560932,14.194213634560931
3376,3777,1317.0,-44.125,169.275,18.717597506431048,10.815597506431049
3377,3781,907.0,-44.125,169.325,18.533389964257367,13.091389964257367
3378,3389,1664.0,-44.225,169.375,18.11865620339813,8.134656203398132
3379,3393,1782.0,-44.225,169.425,17.970394823598326,7.278394823598326
3380,3404,721.0,-44.075,169.375,18.4612815160217,14.1352815160217
3381,3407,379.0,-44.225,169.475,17.836612986706314,15.562612986706313
3382,3411,1807.0,-44.075,169.425,18.286378260192578,7.444378260192577
3383,3418,1581.0,-44.075,169.475,18.11562883219449,8.629628832194488
3384,3618,1443.0,-44.175,169.375,18.24474355869461,9.586743558694609
3385,3619,1575.0,-44.175,169.425,18.086846636113478,8.636846636113479
3386,3620,1351.0,-44.175,169.475,17.939590156485792,9.833590156485792
3387,3785,1402.0,-44.125,169.375,18.358049100716016,9.946049100716017
3388,3789,1028.0,-44.125,169.425,18.191155545966467,12.023155545966468
3389,3793,1685.0,-44.125,169.475,18.031449768546736,7.921449768546735
3390,3414,1600.0,-44.225,169.525,17.714684854377992,8.114684854377993
3391,3421,1026.0,-44.225,169.575,17.601031282683834,11.445031282683836
3392,3425,1767.0,-44.075,169.525,17.947274670601473,7.345274670601473
3393,3428,792.0,-44.225,169.625,17.491257915942697,12.739257915942698
3394,3432,1450.0,-44.075,169.575,17.77909544416616,9.07909544416616
3395,3435,1577.0,-44.225,169.675,17.38033455601544,7.9183345560154414
3396,3439,1251.0,-44.075,169.625,17.608622953070153,10.102622953070153
3397,3446,1781.0,-44.075,169.675,17.433429202450498,6.747429202450499
3398,3621,400.0,-44.175,169.525,17.800671775388764,15.400671775388764
3399,3622,1980.0,-44.175,169.575,17.667011280864244,5.7870112808642435
3400,3623,1253.0,-44.175,169.625,17.53492841559637,10.01692841559637
3401,3624,1439.0,-44.175,169.675,17.400387486653926,8.766387486653926
3402,3797,743.0,-44.125,169.525,17.87692183748004,13.418921837480042
3403,3800,983.0,-44.125,169.575,17.724954511009855,11.826954511009856
3404,3898,1862.0,-44.125,169.625,17.572526521180407,6.4005265211804065
3405,3900,1506.0,-44.125,169.675,17.416490113748296,8.380490113748296
3406,3442,1078.0,-44.225,169.725,17.26287749967014,10.79487749967014
3407,3447,1880.0,-44.075,169.725,17.251494244970672,5.971494244970673
3408,3448,1287.0,-44.075,169.775,17.061643630921026,9.339643630921026
3409,3449,578.0,-44.075,169.825,16.86401238295366,13.39601238295366
3410,3534,1643.0,-44.225,169.775,17.133633745805128,7.275633745805129
3411,3542,520.0,-44.225,169.825,16.988259562072926,13.868259562072925
3412,3625,1683.0,-44.175,169.725,17.25934545277414,7.1613454527741425
3413,3626,920.0,-44.175,169.775,17.108243416441837,11.588243416441838
3414,3627,520.0,-44.175,169.825,16.944647599164455,13.824647599164454
3415,3901,1120.0,-44.125,169.725,17.253939525216992,10.533939525216994
3416,3903,1300.0,-44.125,169.775,17.08267543598049,9.28267543598049
3417,3905,603.0,-44.125,169.825,16.90173374323058,13.283733743230579
3418,3450,556.0,-44.075,169.875,16.66044395371864,13.32444395371864
3419,3451,1468.0,-44.075,169.925,16.454684215656016,7.646684215656016
3420,3452,1799.0,-44.075,169.975,16.252214269465185,5.458214269465186
3421,3453,1618.0,-44.075,170.025,16.059621305284963,6.351621305284963
3422,3548,520.0,-44.225,169.875,16.824364073538163,13.704364073538162
3423,3554,1530.0,-44.225,169.925,16.64252605443471,7.462526054434711
3424,3560,1101.0,-44.225,169.975,16.446767390996683,9.840767390996684
3425,3566,553.0,-44.225,170.025,16.244102995769936,12.926102995769936
3426,3628,572.0,-44.175,169.875,16.767954473056307,13.335954473056306
3427,3629,1732.0,-44.175,169.925,16.57994764889736,6.18794764889736
3428,3630,922.0,-44.175,169.975,16.3849283833988,10.852928383398801
3429,3631,666.0,-44.175,170.025,16.189246989917592,12.193246989917592
3430,3907,540.0,-44.125,169.875,16.711883632844547,13.471883632844547
3431,3909,1718.0,-44.125,169.925,16.51593345798028,6.207933457980282
3432,3911,1473.0,-44.125,169.975,16.318665706879983,7.480665706879984
3433,3913,865.0,-44.125,170.025,16.12630251648079,10.93630251648079
3434,3454,994.0,-44.075,170.075,15.88355616993067,9.919556169930672
3435,3455,703.0,-44.075,170.125,15.729531941775349,11.511531941775349
3436,3456,524.0,-44.075,170.175,15.60094970564387,12.45694970564387
3437,3457,567.0,-44.075,170.225,15.49864684343629,12.096646843436291
3438,3567,492.0,-44.225,170.075,16.04328558909765,13.09128558909765
3439,3568,488.0,-44.225,170.125,15.853255533103948,12.925255533103947
3440,3569,458.0,-44.225,170.175,15.681784216008964,12.933784216008965
3441,3570,481.0,-44.225,170.225,15.534558054598165,12.648558054598166
3442,3632,568.0,-44.175,170.075,16.000313977558108,12.592313977558108
3443,3633,569.0,-44.175,170.125,15.825388054443465,12.411388054443465
3444,3634,556.0,-44.175,170.175,15.670479198648536,12.334479198648536
3445,3635,579.0,-44.175,170.225,15.539591058033693,12.065591058033693
3446,3915,703.0,-44.125,170.075,15.945569924202573,11.727569924202573
3447,3917,621.0,-44.125,170.125,15.782597684577922,12.056597684577923
3448,3918,524.0,-44.125,170.175,15.641957557949354,12.497957557949354
3449,3919,634.0,-44.125,170.225,15.52605999368825,11.72205999368825
3450,3458,679.0,-44.075,170.275,15.4209677428953,11.3469677428953
3451,3459,676.0,-44.075,170.325,15.364076132267655,11.308076132267654
3452,3460,673.0,-44.075,170.375,15.322133875939471,11.284133875939471
3453,3571,479.0,-44.225,170.275,15.414756171587214,12.540756171587214
3454,3572,476.0,-44.225,170.325,15.32307390076312,12.46707390076312
3455,3573,495.0,-44.225,170.375,15.25809477610892,12.288094776108919
3456,3636,607.0,-44.175,170.275,15.434368255831941,11.792368255831942
3457,3637,520.0,-44.175,170.325,15.354101107659517,12.234101107659516
3458,3638,524.0,-44.175,170.375,15.296029607176024,12.152029607176024
3459,3920,795.0,-44.125,170.275,15.434948332811473,10.664948332811473
3460,3921,600.0,-44.125,170.325,15.366370315947279,11.76637031594728
3461,3922,585.0,-44.125,170.375,15.315996239085507,11.805996239085507
3462,3050,559.0,-44.175,170.525,15.212137771974085,11.858137771974086
3463,3130,906.0,-44.175,170.575,15.200481126201339,9.76448112620134
3464,3461,647.0,-44.075,170.425,15.287209093170532,11.405209093170532
3465,3462,676.0,-44.075,170.475,15.250920281359868,11.194920281359867
3466,3463,674.0,-44.075,170.525,15.209791592504189,11.165791592504188
3467,3464,914.0,-44.075,170.575,15.163510051475896,9.679510051475896
3468,3574,505.0,-44.225,170.425,15.216897642414551,12.186897642414552
3469,3575,533.0,-44.225,170.475,15.195737397443736,11.997737397443736
3470,3576,605.0,-44.225,170.525,15.190517081675353,11.560517081675354
3471,3577,776.0,-44.225,170.575,15.196812820344348,10.54081282034435
3472,3639,547.0,-44.175,170.425,15.255986188989482,11.973986188989482
3473,3640,554.0,-44.175,170.475,15.229396731898305,11.905396731898305
3474,3923,582.0,-44.125,170.425,15.277953038254054,11.785953038254053
3475,3924,605.0,-44.125,170.475,15.246343896506005,11.616343896506006
3476,3925,598.0,-44.125,170.525,15.217157896513527,11.629157896513526
3477,3926,819.0,-44.125,170.575,15.187873302777007,10.273873302777007
3478,3139,1051.0,-44.175,170.625,15.190387415786972,8.884387415786971
3479,3148,780.0,-44.175,170.675,15.1769965505664,10.4969965505664
3480,3253,902.0,-44.175,170.725,15.154548067854194,9.742548067854194
3481,3465,688.0,-44.075,170.625,15.110486124569434,10.982486124569434
3482,3466,649.0,-44.075,170.675,15.047703958305647,11.153703958305647
3483,3467,625.0,-44.075,170.725,14.971326795319328,11.221326795319328
3484,3578,1075.0,-44.225,170.625,15.209566721539886,8.759566721539887
3485,3579,733.0,-44.225,170.675,15.22278577360703,10.82478577360703
3486,3580,489.0,-44.225,170.725,15.229439511349483,12.295439511349484
3487,3927,846.0,-44.125,170.625,15.155686861449794,10.079686861449794
3488,3928,656.0,-44.125,170.675,15.11680129479646,11.18080129479646
3489,3929,1184.0,-44.125,170.725,15.066541278349177,7.962541278349177
3490,3263,398.0,-44.175,170.775,15.116557113557064,12.728557113557065
3491,3328,311.0,-44.175,170.825,15.056094459840097,13.190094459840097
3492,3365,315.0,-44.175,170.875,14.966079890349647,13.076079890349646
3493,3368,291.0,-44.175,170.925,14.839479532580299,13.093479532580298
3494,3468,403.0,-44.075,170.775,14.87714467618207,12.45914467618207
3495,3469,315.0,-44.075,170.825,14.76095286578493,12.870952865784929
3496,3470,350.0,-44.075,170.875,14.618939408130245,12.518939408130246
3497,3471,342.0,-44.075,170.925,14.44813984407665,12.39613984407665
3498,3581,464.0,-44.225,170.775,15.221555377378536,12.437555377378537
3499,3582,319.0,-44.225,170.825,15.190450143047201,13.276450143047201
3500,3583,231.0,-44.225,170.875,15.127028273047472,13.741028273047473
3501,3584,299.0,-44.225,170.925,15.022029396699509,13.228029396699508
3502,3930,420.0,-44.125,170.775,14.999673519552744,12.479673519552744
3503,3931,318.0,-44.125,170.825,14.910752103496634,13.002752103496634
3504,3932,258.0,-44.125,170.875,14.794457661162596,13.246457661162596
3505,3933,491.0,-44.125,170.925,14.645906055447995,11.699906055447995
3506,3373,193.0,-44.175,170.975,14.66920567111083,13.511205671110831
3507,3380,197.0,-44.175,171.025,14.447377757591312,13.265377757591311
3508,3387,199.0,-44.175,171.075,14.163572719691729,12.96957271969173
3509,3398,200.0,-44.175,171.125,13.802698021194374,12.602698021194374
3510,3472,358.0,-44.075,170.975,14.247062667411228,12.099062667411228
3511,3473,484.0,-44.075,171.025,14.016739721089834,11.112739721089834
3512,3474,486.0,-44.075,171.075,13.762747310756822,10.846747310756822
3513,3475,245.0,-44.075,171.125,13.498928108616383,12.028928108616382
3514,3585,155.0,-44.225,170.975,14.865962135481823,13.935962135481823
3515,3586,113.0,-44.225,171.025,14.64814943694364,13.97014943694364
3516,3587,140.0,-44.225,171.075,14.353662632660416,13.513662632660417
3517,3588,79.0,-44.225,171.125,13.95567424697947,13.48167424697947
3518,3934,229.0,-44.125,170.975,14.46090118738357,13.08690118738357
3519,3935,241.0,-44.125,171.025,14.236197041376727,12.790197041376727
3520,3936,259.0,-44.125,171.075,13.970251110047684,12.416251110047684
3521,3937,151.0,-44.125,171.125,13.666221752522688,12.760221752522687
3522,3406,134.0,-44.175,171.175,13.349120152262913,12.545120152262912
3523,3413,61.0,-44.175,171.225,12.820765001291875,12.454765001291875
3524,3420,46.0,-44.175,171.275,12.335679609961517,12.059679609961517
3525,3476,161.0,-44.075,171.175,13.251998907435336,12.285998907435337
3526,3477,209.0,-44.075,171.225,13.058108940043894,11.804108940043895
3527,3478,128.0,-44.075,171.275,12.924364475758921,12.15636447575892
3528,3589,70.0,-44.225,171.175,13.401005777734099,12.981005777734099
3529,3590,46.0,-44.225,171.225,12.61967534456926,12.34367534456926
3530,3591,21.0,-44.225,171.275,11.738263378116244,11.612263378116245
3531,3938,142.0,-44.125,171.175,13.341190052931779,12.489190052931779
3532,3939,101.0,-44.125,171.225,13.04231010084186,12.43631010084186
3533,3940,83.0,-44.125,171.275,12.835054973525985,12.337054973525985
3534,3427,43.0,-44.175,171.325,11.998059403937077,11.740059403937078
3535,3434,36.0,-44.175,171.375,11.755857455944351,11.539857455944352
3536,3441,33.0,-44.175,171.425,11.613712192876847,11.415712192876846
3537,3479,117.0,-44.075,171.325,12.75566293906013,12.05366293906013
3538,3480,101.0,-44.075,171.375,12.512511767039541,11.906511767039541
3539,3481,85.0,-44.075,171.425,12.313103410138865,11.803103410138865
3540,3482,78.0,-44.075,171.475,12.20538525392476,11.73738525392476
3541,3535,21.0,-44.175,171.475,11.561954472643265,11.435954472643266
3542,3592,16.0,-44.225,171.325,11.309120845900907,11.213120845900907
3543,3593,10.0,-44.225,171.375,11.191953066037968,11.131953066037967
3544,3594,4.0,-44.225,171.425,11.162571963119262,11.138571963119263
3545,3941,76.0,-44.125,171.325,12.61190998130769,12.15590998130769
3546,3942,71.0,-44.125,171.375,12.271539780856983,11.845539780856983
3547,3943,59.0,-44.125,171.425,12.041123117131065,11.687123117131065
3548,3944,44.0,-44.125,171.475,11.928979848031304,11.664979848031304
3549,3483,63.0,-44.075,171.525,12.181886646198109,11.803886646198109
3550,3484,47.0,-44.075,171.575,12.219050317995425,11.937050317995425
3551,3485,30.0,-44.075,171.625,12.289555509334605,12.109555509334605
3552,3537,9.0,-44.175,171.525,11.5783092489728,11.5243092489728
3553,3945,35.0,-44.125,171.525,11.907436549234262,11.697436549234261
3554,3946,20.0,-44.125,171.575,11.946076948275731,11.826076948275732
3555,3947,3.0,-44.125,171.625,12.016736291298002,11.998736291298002
3556,3486,26.0,-44.075,171.675,12.36579068757419,12.20979068757419
3557,3487,20.0,-44.075,171.725,12.4226544985504,12.302654498550401
3558,3488,12.0,-44.025,168.375,20.424,20.352
3559,3489,200.0,-44.025,168.425,20.424,19.224
3560,3490,349.0,-44.025,168.475,20.424,18.33
3561,3491,341.0,-44.025,168.525,20.424,18.378
3562,3492,344.0,-44.025,168.575,20.424,18.36
3563,3493,41.0,-44.025,168.625,20.424,20.178
3564,3494,22.0,-44.025,168.675,20.424,20.291999999999998
3565,3495,20.0,-44.025,168.725,20.424,20.304
3566,3496,15.0,-44.025,168.775,20.424,20.334
3567,3497,21.0,-44.025,168.825,20.424,20.298
3568,3498,57.0,-44.025,168.875,20.405692179774633,20.063692179774634
3569,3499,1644.0,-44.025,168.925,20.242372300999705,10.378372300999704
3570,3500,218.0,-44.025,168.975,20.06797333266877,18.75997333266877
3571,3664,12.0,-43.975,168.825,20.424,20.352
3572,3669,17.0,-43.975,168.875,20.424,20.322
3573,3675,297.0,-43.975,168.925,20.298838157526916,18.516838157526916
3574,3680,977.0,-43.975,168.975,20.132082996802637,14.270082996802639
3575,3745,7.0,-43.925,168.925,20.353097883373266,20.311097883373264
3576,3746,14.0,-43.925,168.975,20.19318601443956,20.10918601443956
3577,3501,503.0,-44.025,169.025,19.88510961679276,16.86710961679276
3578,3502,664.0,-44.025,169.075,19.69640803313814,15.712408033138141
3579,3503,828.0,-44.025,169.125,19.50437251671974,14.53637251671974
3580,3685,703.0,-43.975,169.025,19.95680828182958,15.73880828182958
3581,3686,732.0,-43.975,169.075,19.775218530543498,15.383218530543498
3582,3687,845.0,-43.975,169.125,19.589398025520495,14.519398025520495
3583,3747,31.0,-43.925,169.025,20.02472346254217,19.83872346254217
3584,3748,29.0,-43.925,169.075,19.84956217680883,19.675562176808832
3585,3749,296.0,-43.925,169.125,19.669440147990827,17.893440147990827
3586,3054,153.0,-43.925,169.275,19.11305764062854,18.19505764062854
3587,3131,1234.0,-43.925,169.325,18.925085933398805,11.521085933398805
3588,3504,957.0,-44.025,169.175,19.311247623933014,13.569247623933013
3589,3505,1010.0,-44.025,169.225,19.118890985424514,13.058890985424515
3590,3506,1279.0,-44.025,169.275,18.928664508493966,11.254664508493967
3591,3507,383.0,-44.025,169.325,18.741353228586377,16.443353228586375
3592,3688,181.0,-43.975,169.175,19.401197625833447,18.31519762583345
3593,3689,365.0,-43.975,169.225,19.212129452294903,17.0221294522949
3594,3690,1090.0,-43.975,169.275,19.023277247339138,12.483277247339139
3595,3691,1047.0,-43.975,169.325,18.835229680655175,12.553229680655175
3596,3750,351.0,-43.925,169.175,19.48588727855531,17.37988727855531
3597,3751,1392.0,-43.925,169.225,19.30013811738172,10.94813811738172
3598,3140,1646.0,-43.925,169.375,18.73620709106035,8.860207091060351
3599,3149,608.0,-43.925,169.425,18.545947173079185,14.897947173079185
3600,3150,828.0,-43.925,169.475,18.353405895322794,13.385405895322794
3601,3508,347.0,-44.025,169.375,18.55711913794221,16.475119137942208
3602,3509,1299.0,-44.025,169.425,18.37549571163254,10.581495711632538
3603,3510,1258.0,-44.025,169.475,18.195427870057756,10.647427870057756
3604,3692,319.0,-43.975,169.375,18.648042983360938,16.734042983360936
3605,3693,100.0,-43.975,169.425,18.461238450952806,17.861238450952804
3606,3694,145.0,-43.975,169.475,18.273839971596317,17.403839971596316
3607,3151,423.0,-43.925,169.525,18.157327181877918,15.619327181877917
3608,3152,181.0,-43.925,169.575,17.956214820675086,16.870214820675088
3609,3153,357.0,-43.925,169.625,17.7485011952449,15.606501195244899
3610,3154,329.0,-43.925,169.675,17.532779070817924,15.558779070817923
3611,3511,837.0,-44.025,169.525,18.01536225743621,12.99336225743621
3612,3512,1774.0,-44.025,169.575,17.833393975561194,7.189393975561195
3613,3513,651.0,-44.025,169.625,17.64747751633695,13.74147751633695
3614,3514,1756.0,-44.025,169.675,17.455709619185654,6.919709619185655
3615,3695,1440.0,-43.975,169.525,18.084457106189802,9.444457106189802
3616,3696,1577.0,-43.975,169.575,17.89142037167767,8.429420371677669
3617,3697,2127.0,-43.975,169.625,17.692976740640006,4.930976740640007
3618,3698,1601.0,-43.975,169.675,17.487553817903972,7.881553817903972
3619,3155,1451.0,-43.925,169.725,17.30810805712099,8.60210805712099
3620,3156,1272.0,-43.925,169.775,17.074407369887922,9.442407369887922
3621,3157,844.0,-43.925,169.825,16.832941729175218,11.768941729175218
3622,3515,1486.0,-44.025,169.725,17.256686916203762,8.340686916203763
3623,3516,1842.0,-44.025,169.775,17.049927269101318,5.997927269101316
3624,3517,604.0,-44.025,169.825,16.836316536733648,13.212316536733649
3625,3699,1029.0,-43.975,169.725,17.274098706249788,11.100098706249788
3626,3700,1814.0,-43.975,169.775,17.052489353220153,6.168489353220153
3627,3701,648.0,-43.975,169.825,16.823997895306093,12.935997895306093
3628,3158,1509.0,-43.925,169.875,16.58688896618696,7.532888966186961
3629,3159,1470.0,-43.925,169.925,16.341922089275613,7.5219220892756145
3630,3160,1028.0,-43.925,169.975,16.106587306727306,9.938587306727307
3631,3161,2232.0,-43.925,170.025,15.89192815336719,2.4999281533671898
3632,3518,1656.0,-44.025,169.875,16.618500251483056,6.682500251483058
3633,3519,586.0,-44.025,169.925,16.401086029254657,12.885086029254657
3634,3520,1886.0,-44.025,169.975,16.190474313167215,4.874474313167216
3635,3521,1860.0,-44.025,170.025,15.994139148191607,4.834139148191607
3636,3702,2355.0,-43.975,169.875,16.59175012747437,2.461750127474369
3637,3703,1069.0,-43.975,169.925,16.361060726747382,9.947060726747383
3638,3704,1103.0,-43.975,169.975,16.139418068087252,9.521418068087254
3639,3705,2072.0,-43.975,170.025,15.93577390100836,3.503773901008362
3640,3162,1507.0,-43.925,170.075,15.70942549117899,6.6674254911789905
3641,3163,565.0,-43.925,170.125,15.5669375999787,12.1769375999787
3642,3164,524.0,-43.925,170.175,15.465023838631168,12.321023838631168
3643,3165,887.0,-43.925,170.225,15.397226690489333,10.075226690489334
3644,3522,1579.0,-44.025,170.075,15.819325372154708,6.34532537215471
3645,3523,660.0,-44.025,170.125,15.6714675487965,11.7114675487965
3646,3524,524.0,-44.025,170.175,15.552976854189183,12.408976854189183
3647,3525,643.0,-44.025,170.225,15.462947366737353,11.604947366737353
3648,3706,1443.0,-43.975,170.075,15.758843087387504,7.100843087387505
3649,3707,754.0,-43.975,170.125,15.614685548607667,11.090685548607667
3650,3708,524.0,-43.975,170.175,15.50480438204977,12.36080438204977
3651,3709,670.0,-43.975,170.225,15.426049659501587,11.406049659501587
3652,3166,1079.0,-43.925,170.275,15.353588875725109,8.879588875725108
3653,3167,965.0,-43.925,170.325,15.323654800384247,9.533654800384248
3654,3168,962.0,-43.925,170.375,15.297408736041689,9.52540873604169
3655,3526,736.0,-44.025,170.275,15.397722943860572,10.981722943860571
3656,3527,799.0,-44.025,170.325,15.351732659037225,10.557732659037224
3657,3528,791.0,-44.025,170.375,15.317957609528094,10.571957609528095
3658,3710,823.0,-43.975,170.275,15.372112007986289,10.43411200798629
3659,3711,823.0,-43.975,170.325,15.335191948077409,10.39719194807741
3660,3712,842.0,-43.975,170.375,15.306781313454849,10.25478131345485
3661,3020,737.0,-44.025,170.475,15.246270789146365,10.824270789146365
3662,3138,825.0,-44.025,170.525,15.193513337304466,10.243513337304467
3663,3147,1087.0,-44.025,170.575,15.131838912413514,8.609838912413515
3664,3169,850.0,-43.925,170.425,15.264912201280822,10.164912201280822
3665,3170,774.0,-43.925,170.475,15.217409038814367,10.573409038814367
3666,3171,710.0,-43.925,170.525,15.151729112811154,10.891729112811154
3667,3172,894.0,-43.925,170.575,15.068413591914577,9.704413591914577
3668,3529,740.0,-44.025,170.425,15.287249228771543,10.847249228771542
3669,3713,831.0,-43.975,170.425,15.27691674583184,10.29091674583184
3670,3714,878.0,-43.975,170.475,15.232464083666855,9.964464083666854
3671,3715,759.0,-43.975,170.525,15.171784361169557,10.617784361169559
3672,3716,918.0,-43.975,170.575,15.097897311563429,9.58989731156343
3673,3173,1720.0,-43.925,170.625,14.967385490293964,4.647385490293965
3674,3174,1490.0,-43.925,170.675,14.84757789500145,5.907577895001451
3675,3175,1038.0,-43.925,170.725,14.70743323986244,8.479433239862438
3676,3249,926.0,-44.025,170.625,15.060049760410038,9.504049760410037
3677,3255,544.0,-44.025,170.675,14.975580966602138,11.711580966602138
3678,3261,434.0,-44.025,170.725,14.875281047963654,12.271281047963654
3679,3717,1217.0,-43.975,170.625,15.010167382686632,7.708167382686632
3680,3718,1146.0,-43.975,170.675,14.906693714328867,8.030693714328866
3681,3719,677.0,-43.975,170.725,14.78508491818502,10.723084918185021
3682,3176,964.0,-43.925,170.775,14.545301415964786,8.761301415964788
3683,3177,622.0,-43.925,170.825,14.35978011781117,10.62778011781117
3684,3178,575.0,-43.925,170.875,14.150066670968954,10.700066670968955
3685,3179,730.0,-43.925,170.925,13.916365259072336,9.536365259072337
3686,3327,423.0,-44.025,170.775,14.755817701035994,12.217817701035994
3687,3367,394.0,-44.025,170.825,14.614031125194742,12.250031125194742
3688,3374,395.0,-44.025,170.875,14.447331004448642,12.077331004448641
3689,3381,348.0,-44.025,170.925,14.254212439533148,12.166212439533147
3690,3720,534.0,-43.975,170.775,14.642853531026049,11.438853531026048
3691,3721,453.0,-43.975,170.825,14.477755543921376,11.759755543921376
3692,3722,394.0,-43.975,170.875,14.288169071216544,11.924169071216543
3693,3723,721.0,-43.975,170.925,14.073574386216933,9.747574386216932
3694,3180,618.0,-43.925,170.975,13.660380257504585,9.952380257504585
3695,3181,1136.0,-43.925,171.025,13.38590619005845,6.5699061900584494
3696,3182,686.0,-43.925,171.075,13.099489837273723,8.983489837273723
3697,3183,610.0,-43.925,171.125,12.81117606308544,9.15117606308544
3698,3388,577.0,-44.025,170.975,14.035009570558032,10.573009570558032
3699,3397,599.0,-44.025,171.025,13.793090090919577,10.199090090919578
3700,3401,328.0,-44.025,171.075,13.536738214483194,11.568738214483194
3701,3408,295.0,-44.025,171.125,13.281622084919945,11.511622084919946
3702,3724,732.0,-43.975,170.975,13.83520774961653,9.44320774961653
3703,3725,1211.0,-43.975,171.025,13.576970401620201,6.310970401620202
3704,3726,916.0,-43.975,171.075,13.306624149874551,7.810624149874552
3705,3727,592.0,-43.975,171.125,13.037132450779609,9.48513245077961
3706,3184,447.0,-43.925,171.175,12.535945519259258,9.853945519259257
3707,3185,424.0,-43.925,171.225,12.29986045176338,9.755860451763379
3708,3186,250.0,-43.925,171.275,12.174209093893296,10.674209093893296
3709,3415,240.0,-44.025,171.175,13.051973758578242,11.611973758578243
3710,3422,189.0,-44.025,171.225,12.87381588871358,11.73981588871358
3711,3429,170.0,-44.025,171.275,12.749758638026833,11.729758638026833
3712,3728,524.0,-43.975,171.175,12.787910631785053,9.643910631785053
3713,3729,228.0,-43.975,171.225,12.586531553810346,11.218531553810346
3714,3730,206.0,-43.975,171.275,12.464952020687633,11.228952020687633
3715,3187,243.0,-43.925,171.325,12.187531444818887,10.729531444818887
3716,3188,217.0,-43.925,171.375,12.242996934277471,10.940996934277472
3717,3189,193.0,-43.925,171.425,12.313507911807392,11.155507911807392
3718,3190,170.0,-43.925,171.475,12.399582304788055,11.379582304788055
3719,3436,147.0,-44.025,171.325,12.638617229109514,11.756617229109514
3720,3443,137.0,-44.025,171.375,12.51483607343107,11.69283607343107
3721,3531,127.0,-44.025,171.425,12.41143630782608,11.649436307826079
3722,3544,108.0,-44.025,171.475,12.361722550376726,11.713722550376726
3723,3731,202.0,-43.975,171.325,12.41577810808667,11.20377810808667
3724,3732,186.0,-43.975,171.375,12.394533732403943,11.278533732403943
3725,3733,164.0,-43.975,171.425,12.39024936745409,11.40624936745409
3726,3734,138.0,-43.975,171.475,12.414709383883746,11.586709383883747
3727,3191,148.0,-43.925,171.525,12.505448352516396,11.617448352516396
3728,3192,129.0,-43.925,171.575,12.630172098608455,11.856172098608454
3729,3193,111.0,-43.925,171.625,12.765475893927942,12.099475893927941
3730,3550,90.0,-44.025,171.525,12.372174218056898,11.832174218056899
3731,3556,71.0,-44.025,171.575,12.431167630522395,12.005167630522395
3732,3562,57.0,-44.025,171.625,12.517687495223072,12.175687495223071
3733,3735,120.0,-43.975,171.525,12.475497709361662,11.755497709361661
3734,3736,98.0,-43.975,171.575,12.568982918957772,11.980982918957773
3735,3737,84.0,-43.975,171.625,12.681562093908724,12.177562093908724
3736,3194,97.0,-43.925,171.675,12.894482030569634,12.312482030569633
3737,3195,90.0,-43.925,171.725,12.984360254482453,12.444360254482454
3738,3196,82.0,-43.925,171.775,12.966673999078921,12.474673999078922
3739,3197,74.0,-43.925,171.825,12.854246091585082,12.410246091585082
3740,3642,48.0,-44.025,171.675,12.60492441461247,12.316924414612469
3741,3647,43.0,-44.025,171.725,12.663150721335114,12.405150721335115
3742,3650,35.0,-44.025,171.775,12.66928252002981,12.45928252002981
3743,3654,29.0,-44.025,171.825,12.620985856301559,12.44698585630156
3744,3738,71.0,-43.975,171.675,12.790132293121133,12.364132293121132
3745,3739,66.0,-43.975,171.725,12.85992739012363,12.46392739012363
3746,3740,52.0,-43.975,171.775,12.854080922119465,12.542080922119466
3747,3741,51.0,-43.975,171.825,12.774968288493255,12.468968288493256
3748,3198,67.0,-43.925,171.875,12.715031459934835,12.313031459934836
3749,3199,59.0,-43.925,171.925,12.571617149256781,12.217617149256782
3750,3200,47.0,-43.925,171.975,12.430468864680734,12.148468864680734
3751,3659,0.0,-44.025,171.875,12.534006147154287,12.534006147154287
3752,3742,40.0,-43.975,171.875,12.656971759428416,12.416971759428415
3753,3743,32.0,-43.975,171.925,12.524867361302313,12.332867361302313
3754,3744,22.0,-43.975,171.975,12.39036487784324,12.25836487784324
3755,3201,35.0,-43.925,172.025,12.294004225714161,12.08400422571416
3756,3202,21.0,-43.925,172.075,12.163928713853238,12.037928713853239
3757,3203,9.0,-43.875,169.025,20.08954483072739,20.035544830727392
3758,3204,567.0,-43.875,169.075,19.920299340272322,16.51829934027232
3759,3205,45.0,-43.875,169.125,19.745531348598888,19.47553134859889
3760,3423,19.0,-43.825,169.075,19.988164261812926,19.874164261812926
3761,3430,20.0,-43.825,169.125,19.818535501210135,19.698535501210134
3762,3206,1096.0,-43.875,169.175,19.56651518032595,12.99051518032595
3763,3207,273.0,-43.875,169.225,19.38426994618203,17.746269946182032
3764,3208,468.0,-43.875,169.275,19.199497947498458,16.391497947498458
3765,3209,895.0,-43.875,169.325,19.012538433373265,13.642538433373266
3766,3262,81.0,-43.775,169.175,19.719276033822098,19.233276033822097
3767,3268,694.0,-43.775,169.225,19.544930463693163,15.380930463693163
3768,3362,422.0,-43.775,169.275,19.36662350241386,16.83462350241386
3769,3377,345.0,-43.775,169.325,19.18462963006459,17.11462963006459
3770,3437,85.0,-43.825,169.175,19.644062321967795,19.134062321967793
3771,3444,541.0,-43.825,169.225,19.465604437078582,16.219604437078583
3772,3532,1072.0,-43.825,169.275,19.283753534524294,12.851753534524294
3773,3541,615.0,-43.825,169.325,19.09879467899009,15.40879467899009
3774,3984,6.0,-43.725,169.275,19.44855881723197,19.412558817231968
3775,3985,791.0,-43.725,169.325,19.270395213090524,14.524395213090525
3776,3210,1774.0,-43.875,169.375,18.823340885472135,8.179340885472136
3777,3211,883.0,-43.875,169.425,18.63146161741315,13.333461617413152
3778,3212,1857.0,-43.875,169.475,18.43608730330743,7.294087303307432
3779,3384,204.0,-43.775,169.375,18.99895039445255,17.77495039445255
3780,3390,1205.0,-43.775,169.425,18.80930826139229,11.579308261392288
3781,3392,633.0,-43.775,169.475,18.615154823157354,14.817154823157354
3782,3547,954.0,-43.825,169.375,18.910683086498466,13.186683086498466
3783,3553,1248.0,-43.825,169.425,18.71903887132794,11.23103887132794
3784,3559,623.0,-43.825,169.475,18.523162012723333,14.785162012723333
3785,3986,480.0,-43.725,169.375,19.088345704614767,16.208345704614768
3786,3987,68.0,-43.725,169.425,18.902273001462163,18.49427300146216
3787,3988,141.0,-43.725,169.475,18.71182289180433,17.86582289180433
3788,3213,1187.0,-43.875,169.525,18.236089365032967,11.114089365032967
3789,3214,913.0,-43.875,169.575,18.030114153414615,12.552114153414614
3790,3215,478.0,-43.875,169.625,17.816715892360662,14.948715892360662
3791,3216,1091.0,-43.875,169.675,17.594542825703684,11.048542825703684
3792,3395,83.0,-43.775,169.525,18.415693791292142,17.91769379129214
3793,3403,1120.0,-43.775,169.575,18.209919192522648,11.489919192522649
3794,3410,395.0,-43.775,169.625,17.996670222441026,15.626670222441025
3795,3417,1592.0,-43.775,169.675,17.774707540753298,8.222707540753298
3796,3565,362.0,-43.825,169.525,18.322069773748808,16.150069773748807
3797,3644,1165.0,-43.825,169.575,18.114559430810914,11.124559430810914
3798,3652,1850.0,-43.825,169.625,17.899301002216816,6.799301002216817
3799,3657,2223.0,-43.825,169.675,17.674968665713095,4.336968665713096
3800,3989,634.0,-43.725,169.525,18.51643826590589,14.71243826590589
3801,3990,1156.0,-43.725,169.575,18.315380349093175,11.379380349093175
3802,3991,958.0,-43.725,169.625,18.107755267614266,12.359755267614265
3803,3992,580.0,-43.725,169.675,17.89254574487859,14.412545744878589
3804,3217,387.0,-43.875,169.725,17.362592560712073,15.040592560712074
3805,3218,1386.0,-43.875,169.775,17.120560902061698,8.804560902061699
3806,3219,1793.0,-43.875,169.825,16.86931941876537,6.1113194187653725
3807,3424,1373.0,-43.775,169.725,17.542823686315387,9.304823686315387
3808,3431,1443.0,-43.775,169.775,17.300016661982227,8.642016661982227
3809,3438,1152.0,-43.775,169.825,17.04578622183908,10.133786221839081
3810,3662,1387.0,-43.825,169.725,17.44042735511175,9.118427355111752
3811,3667,798.0,-43.825,169.775,17.19500507361954,12.40700507361954
3812,3672,1397.0,-43.825,169.825,16.93890478314279,8.55690478314279
3813,3993,868.0,-43.725,169.725,17.668653752516548,12.46065375251655
3814,3994,1584.0,-43.725,169.775,17.434975672244036,7.9309756722440365
3815,3995,946.0,-43.725,169.825,17.190566978868446,11.514566978868446
3816,3220,1465.0,-43.875,169.875,16.611566909712565,7.8215669097125655
3817,3221,2094.0,-43.875,169.925,16.35269167539809,3.7886916753980913
3818,3222,773.0,-43.875,169.975,16.10178413268295,11.463784132682951
3819,3223,2360.0,-43.875,170.025,15.872286854537379,1.7122868545373784
3820,3445,1029.0,-43.775,169.875,16.780663244018797,10.606663244018797
3821,3533,1810.0,-43.775,169.925,16.507160411078075,5.647160411078074
3822,3540,1930.0,-43.775,169.975,16.231470775674097,4.651470775674097
3823,3546,1506.0,-43.775,170.025,15.966697762058175,6.930697762058175
3824,3677,1618.0,-43.825,169.875,16.67384552173462,6.96584552173462
3825,3682,1118.0,-43.825,169.925,16.404074547921482,9.696074547921484
3826,3764,1034.0,-43.825,169.975,16.137963268440217,9.933963268440216
3827,3767,1940.0,-43.825,170.025,15.890368349275377,4.250368349275378
3828,3996,1250.0,-43.725,169.875,16.935023699603335,9.435023699603335
3829,3997,1082.0,-43.725,169.925,16.669325087146717,10.177325087146716
3830,3998,1702.0,-43.725,169.975,16.397540140795172,6.1855401407951724
3831,3999,2257.0,-43.725,170.025,16.13008847101446,2.5880884710144603
3832,3224,1456.0,-43.875,170.075,15.680382339196512,6.944382339196512
3833,3225,555.0,-43.875,170.125,15.538108160537377,12.208108160537376
3834,3226,570.0,-43.875,170.175,15.444798956574232,12.024798956574232
3835,3227,1036.0,-43.875,170.225,15.388441884388158,9.172441884388158
3836,3552,1459.0,-43.775,170.075,15.740442039110349,6.986442039110349
3837,3558,648.0,-43.775,170.125,15.597785619756905,11.709785619756905
3838,3564,1108.0,-43.775,170.175,15.52896400528698,8.88096400528698
3839,3643,1237.0,-43.775,170.225,15.49251695136627,8.07051695136627
3840,3771,1059.0,-43.825,170.075,15.684281804024067,9.330281804024068
3841,3775,588.0,-43.825,170.125,15.54153427008714,12.01353427008714
3842,3779,796.0,-43.825,170.175,15.45912603357283,10.68312603357283
3843,3783,988.0,-43.825,170.225,15.414551288246003,9.486551288246002
3844,4000,1230.0,-43.725,170.075,15.89139140653424,8.51139140653424
3845,4109,1318.0,-43.725,170.125,15.747353841310542,7.839353841310542
3846,4127,692.0,-43.725,170.175,15.679556323259021,11.52755632325902
3847,4137,1392.0,-43.725,170.225,15.636547021422302,7.284547021422302
3848,3228,1294.0,-43.875,170.275,15.354223633119545,7.590223633119546
3849,3229,1391.0,-43.875,170.325,15.329297458636574,6.983297458636574
3850,3230,1233.0,-43.875,170.375,15.303207879609545,7.905207879609545
3851,3646,1742.0,-43.775,170.275,15.46662193594966,5.014621935949661
3852,3651,1873.0,-43.775,170.325,15.439288900852262,4.201288900852262
3853,3656,1877.0,-43.775,170.375,15.402840988412208,4.14084098841221
3854,3787,1843.0,-43.825,170.275,15.387589966638188,4.3295899666381885
3855,3791,1990.0,-43.825,170.325,15.364483421682962,3.4244834216829627
3856,3795,1561.0,-43.825,170.375,15.335667110244685,5.969667110244686
3857,4144,1130.0,-43.725,170.275,15.599716907752736,8.819716907752735
3858,4153,1868.0,-43.725,170.325,15.559089844689879,4.351089844689879
3859,4162,1546.0,-43.725,170.375,15.508444485982182,6.232444485982182
3860,3231,816.0,-43.875,170.425,15.267300000930845,10.371300000930844
3861,3232,736.0,-43.875,170.475,15.215107816336968,10.799107816336967
3862,3233,710.0,-43.875,170.525,15.143383903166978,10.883383903166978
3863,3234,830.0,-43.875,170.575,15.051303676256794,10.071303676256793
3864,3661,1736.0,-43.775,170.425,15.351906846655766,4.935906846655767
3865,3666,1591.0,-43.775,170.475,15.282713318330934,5.736713318330935
3866,3671,715.0,-43.775,170.525,15.192829399304173,10.902829399304174
3867,3676,753.0,-43.775,170.575,15.080873547274678,10.562873547274677
3868,3799,1121.0,-43.825,170.425,15.294125204367447,8.568125204367448
3869,3803,1169.0,-43.825,170.475,15.234928603786102,8.220928603786103
3870,3804,710.0,-43.825,170.525,15.155221964058,10.895221964058
3871,3805,762.0,-43.825,170.575,15.053741425632325,10.481741425632325
3872,4266,1630.0,-43.725,170.425,15.4434764610196,5.6634764610196004
3873,4279,1807.0,-43.725,170.475,15.361043947217695,4.519043947217694
3874,4287,736.0,-43.725,170.525,15.258878794185875,10.842878794185875
3875,4378,760.0,-43.725,170.575,15.135432493319968,10.575432493319969
3876,3235,1220.0,-43.875,170.625,14.938579298752302,7.618579298752302
3877,3236,1794.0,-43.875,170.675,14.80462644747604,4.040626447476038
3878,3237,1786.0,-43.875,170.725,14.648581637797179,3.9325816377971794
3879,3681,1188.0,-43.775,170.625,14.94611675975466,7.818116759754659
3880,3756,1635.0,-43.775,170.675,14.788179843679245,4.978179843679245
3881,3759,1581.0,-43.775,170.725,14.606939680270443,5.1209396802704426
3882,3806,1007.0,-43.825,170.625,14.92994551909942,8.88794551909942
3883,3807,1883.0,-43.825,170.675,14.783432121963415,3.4854321219634166
3884,3808,2281.0,-43.825,170.725,14.613805979213794,0.9278059792137956
3885,4384,1101.0,-43.725,170.625,14.98973676605965,8.38373676605965
3886,4390,1920.0,-43.725,170.675,14.821305677251075,3.301305677251076
3887,4396,1437.0,-43.725,170.725,14.630125744290126,6.008125744290126
3888,3238,1941.0,-43.875,170.775,14.469556467156508,2.823556467156509
3889,3239,790.0,-43.875,170.825,14.266934659870458,9.526934659870458
3890,3240,750.0,-43.875,170.875,14.040690199413802,9.540690199413802
3891,3241,711.0,-43.875,170.925,13.791740184751689,9.525740184751688
3892,3762,1357.0,-43.775,170.775,14.402609820674115,6.260609820674116
3893,3768,2002.0,-43.775,170.825,14.175925531657413,2.163925531657414
3894,3772,1737.0,-43.775,170.875,13.928393809190311,3.5063938091903104
3895,3776,1115.0,-43.775,170.925,13.662605404570058,6.972605404570058
3896,3809,2027.0,-43.825,170.775,14.420805181005562,2.258805181005563
3897,3810,1439.0,-43.825,170.825,14.204533871881722,5.570533871881722
3898,3811,809.0,-43.825,170.875,13.965745135566976,9.111745135566977
3899,3812,1340.0,-43.825,170.925,13.706169930235774,5.666169930235775
3900,4400,1539.0,-43.725,170.775,14.416738337429706,5.182738337429706
3901,4403,1144.0,-43.725,170.825,14.182394254326937,7.318394254326937
3902,4410,659.0,-43.725,170.875,13.929265911981929,9.975265911981928
3903,4412,1511.0,-43.725,170.925,13.660720467996725,4.594720467996726
3904,3242,547.0,-43.875,170.975,13.52234970984864,10.24034970984864
3905,3243,724.0,-43.875,171.025,13.236608925515611,8.89260892551561
3906,3244,973.0,-43.875,171.075,12.941042196769558,7.103042196769558
3907,3245,544.0,-43.875,171.125,12.645616722409613,9.381616722409614
3908,3780,1018.0,-43.775,170.975,13.382637520691787,7.274637520691788
3909,3784,1176.0,-43.775,171.025,13.094613177461724,6.038613177461724
3910,3788,1075.0,-43.775,171.075,12.807536285712558,6.357536285712558
3911,3792,1359.0,-43.775,171.125,12.534551842902147,4.380551842902147
3912,3813,1127.0,-43.825,170.975,13.428915768679872,6.666915768679872
3913,3814,644.0,-43.825,171.025,13.138995306289871,9.27499530628987
3914,3815,514.0,-43.825,171.075,12.844137294072425,9.760137294072425
3915,3816,546.0,-43.825,171.125,12.556270692759426,9.280270692759427
3916,4415,1444.0,-43.725,170.975,13.381675073316728,4.7176750733167285
3917,4420,1076.0,-43.725,171.025,13.099065957831044,6.643065957831045
3918,4425,623.0,-43.725,171.075,12.822443925899279,9.08444392589928
3919,4432,420.0,-43.725,171.125,12.564580689264403,10.044580689264404
3920,3031,876.0,-43.875,171.175,12.366231964944745,7.110231964944746
3921,3110,914.0,-43.875,171.225,12.133027284638956,6.649027284638956
3922,3112,303.0,-43.875,171.275,12.015761116890644,10.197761116890645
3923,3796,635.0,-43.775,171.175,12.2944917709101,8.4844917709101
3924,3801,477.0,-43.775,171.225,12.111815781252517,9.249815781252517
3925,3817,984.0,-43.825,171.175,12.294545044234837,6.3905450442348375
3926,3818,669.0,-43.825,171.225,12.090443543980655,8.076443543980655
3927,3819,364.0,-43.825,171.275,11.984499580103147,9.800499580103146
3928,3857,422.0,-43.775,171.275,12.008989093454147,9.476989093454147
3929,4439,481.0,-43.725,171.175,12.341537730688287,9.455537730688288
3930,4521,877.0,-43.725,171.225,12.170764908318233,6.908764908318234
3931,4523,814.0,-43.725,171.275,12.065585650809226,7.181585650809225
3932,3114,289.0,-43.875,171.325,12.039535271185741,10.305535271185741
3933,3116,260.0,-43.875,171.375,12.123121761927905,10.563121761927905
3934,3118,229.0,-43.875,171.425,12.229951245622942,10.855951245622942
3935,3120,199.0,-43.875,171.475,12.350306710584846,11.156306710584847
3936,3820,348.0,-43.825,171.325,11.98564613617782,9.89764613617782
3937,3821,299.0,-43.825,171.375,12.057310991440318,10.263310991440317
3938,3822,257.0,-43.825,171.425,12.165218390313385,10.623218390313385
3939,3823,236.0,-43.825,171.475,12.291359633454704,10.875359633454703
3940,3859,385.0,-43.775,171.325,11.990085793811886,9.680085793811886
3941,3899,317.0,-43.775,171.375,12.037064716263558,10.135064716263559
3942,3902,303.0,-43.775,171.425,12.125768878620875,10.307768878620875
3943,3904,279.0,-43.775,171.475,12.237204530822055,10.563204530822055
3944,4525,461.0,-43.725,171.325,12.028193021149491,9.262193021149491
3945,4527,373.0,-43.725,171.375,12.048363184272603,9.810363184272603
3946,4529,349.0,-43.725,171.425,12.109588502022234,10.015588502022235
3947,4531,306.0,-43.725,171.475,12.195413332170574,10.359413332170574
3948,3122,184.0,-43.875,171.525,12.482029795122799,11.3780297951228
3949,3125,159.0,-43.875,171.575,12.622055282357906,11.668055282357905
3950,3127,138.0,-43.875,171.625,12.76266189238595,11.93466189238595
3951,3824,216.0,-43.825,171.525,12.426363306687563,11.130363306687563
3952,3825,188.0,-43.825,171.575,12.562416048607702,11.434416048607702
3953,3826,167.0,-43.825,171.625,12.688681001171062,11.686681001171062
3954,3906,247.0,-43.775,171.525,12.357792938964849,10.87579293896485
3955,3908,214.0,-43.775,171.575,12.475862036764738,11.191862036764737
3956,3910,197.0,-43.775,171.625,12.578247455712699,11.396247455712698
3957,4533,262.0,-43.725,171.525,12.29155991771404,10.71955991771404
3958,4535,253.0,-43.725,171.575,12.385132780756976,10.867132780756975
3959,4537,239.0,-43.725,171.625,12.463264843165234,11.029264843165235
3960,3133,124.0,-43.875,171.675,12.889001521445607,12.145001521445607
3961,3144,116.0,-43.875,171.725,12.972090418697917,12.276090418697917
3962,3247,109.0,-43.875,171.775,12.944085173654457,12.290085173654457
3963,3252,102.0,-43.875,171.825,12.828327901341254,12.216327901341254
3964,3827,154.0,-43.825,171.675,12.787567757764918,11.863567757764919
3965,3828,147.0,-43.825,171.725,12.830974278214853,11.948974278214854
3966,3829,141.0,-43.825,171.775,12.79356188649399,11.94756188649399
3967,3830,134.0,-43.825,171.825,12.710902880000504,11.906902880000503
3968,3912,188.0,-43.775,171.675,12.648159993044828,11.520159993044828
3969,3914,183.0,-43.775,171.725,12.66704247807138,11.56904247807138
3970,3916,177.0,-43.775,171.775,12.62945295235113,11.56745295235113
3971,3959,161.0,-43.775,171.825,12.575112933605851,11.609112933605852
3972,4539,229.0,-43.725,171.675,12.513103862169373,11.139103862169373
3973,4541,222.0,-43.725,171.725,12.52548229077729,11.19348229077729
3974,4543,208.0,-43.725,171.775,12.50401986228826,11.25601986228826
3975,4545,192.0,-43.725,171.825,12.467848815296747,11.315848815296748
3976,3264,94.0,-43.875,171.875,12.696788737157476,12.132788737157476
3977,3266,86.0,-43.875,171.925,12.563435505100642,12.047435505100642
3978,3270,73.0,-43.875,171.975,12.430584090412594,11.992584090412594
3979,3831,124.0,-43.825,171.875,12.617185685634468,11.873185685634468
3980,3832,108.0,-43.825,171.925,12.512187022144644,11.864187022144645
3981,3833,92.0,-43.825,171.975,12.39959085166629,11.84759085166629
3982,3960,148.0,-43.775,171.875,12.516398214324,11.628398214324
3983,3961,131.0,-43.775,171.925,12.441068203777832,11.655068203777832
3984,3962,111.0,-43.775,171.975,12.352251594780682,11.686251594780682
3985,4547,169.0,-43.725,171.875,12.425082004454453,11.411082004454453
3986,4549,151.0,-43.725,171.925,12.370485816485598,11.464485816485597
3987,4551,132.0,-43.725,171.975,12.302780150454055,11.510780150454055
3988,3370,56.0,-43.875,172.025,12.299702689295373,11.963702689295372
3989,3376,43.0,-43.875,172.075,12.17247513784605,11.91447513784605
3990,3383,32.0,-43.875,172.125,12.051009449922276,11.859009449922276
3991,3391,16.0,-43.875,172.175,11.938050394030142,11.842050394030142
3992,3834,78.0,-43.825,172.025,12.282932838850684,11.814932838850684
3993,3835,63.0,-43.825,172.075,12.165140835444618,11.787140835444617
3994,3836,51.0,-43.825,172.125,12.049046222546167,11.743046222546168
3995,3837,40.0,-43.825,172.175,11.937918869687564,11.697918869687564
3996,3963,99.0,-43.775,172.025,12.25408238577802,11.66008238577802
3997,3964,86.0,-43.775,172.075,12.15001067717094,11.63401067717094
3998,3965,70.0,-43.775,172.125,12.04319684026268,11.62319684026268
3999,3966,52.0,-43.775,172.175,11.937180890658055,11.625180890658056
4000,4553,114.0,-43.725,172.025,12.223676200635964,11.539676200635965
4001,4555,102.0,-43.725,172.075,12.13548533912035,11.52348533912035
4002,4557,78.0,-43.725,172.125,12.040754802274023,11.572754802274023
4003,4560,62.0,-43.725,172.175,11.94275397652018,11.57075397652018
4004,3396,10.0,-43.875,172.225,11.83716687092965,11.77716687092965
4005,3402,3.0,-43.875,172.275,11.752833518003172,11.734833518003171
4006,3838,29.0,-43.825,172.225,11.835899333513225,11.661899333513226
4007,3839,17.0,-43.825,172.275,11.748292858093919,11.646292858093918
4008,3840,9.0,-43.825,172.325,11.68168040643286,11.62768040643286
4009,3841,1.0,-43.825,172.375,11.643636850538314,11.637636850538314
4010,3967,37.0,-43.775,172.225,11.836469619549462,11.614469619549462
4011,3968,23.0,-43.775,172.275,11.746966853479535,11.608966853479535
4012,3969,11.0,-43.775,172.325,11.676336767286557,11.610336767286556
4013,3970,1.0,-43.775,172.375,11.634302229846071,11.62830222984607
4014,4561,50.0,-43.725,172.225,11.84604763088646,11.54604763088646
4015,4562,32.0,-43.725,172.275,11.756819005819125,11.564819005819125
4016,4563,19.0,-43.725,172.325,11.68318372073918,11.56918372073918
4017,4564,10.0,-43.725,172.375,11.63611918362949,11.576119183629489
4018,3842,1.0,-43.825,172.425,11.641475440534123,11.635475440534123
4019,3843,1.0,-43.825,172.475,11.679390279103245,11.673390279103245
4020,3844,3.0,-43.825,172.525,11.75500323183951,11.737003231839509
4021,3971,1.0,-43.775,172.425,11.63203889302531,11.62603889302531
4022,3972,1.0,-43.775,172.475,11.6781868969083,11.6721868969083
4023,3973,1.0,-43.775,172.525,11.770969699347916,11.764969699347915
4024,4565,1.0,-43.725,172.425,11.631062331434805,11.625062331434805
4025,4566,1.0,-43.725,172.475,11.685388892223273,11.679388892223272
4026,4567,6.0,-43.725,172.525,11.800319920284892,11.764319920284892
4027,3845,7.0,-43.825,172.575,11.85872853607907,11.81672853607907
4028,3846,1.0,-43.825,172.625,11.977430663358973,11.971430663358973
4029,3847,9.0,-43.825,172.675,12.099082498294592,12.045082498294592
4030,3848,137.0,-43.825,172.725,12.215192575988112,11.393192575988113
4031,3974,1.0,-43.775,172.575,11.895534966939522,11.889534966939522
4032,3975,1.0,-43.775,172.625,12.032338049575628,12.026338049575628
4033,3976,144.0,-43.775,172.675,12.165992759335495,11.301992759335494
4034,3977,277.0,-43.775,172.725,12.287770043256387,10.625770043256388
4035,4568,10.0,-43.725,172.575,11.950071772251249,11.890071772251249
4036,4569,20.0,-43.725,172.625,12.10486581549958,11.98486581549958
4037,4570,287.0,-43.725,172.675,12.246653704585697,10.524653704585697
4038,4571,144.0,-43.725,172.725,12.368432527933692,11.504432527933691
4039,3026,617.0,-43.825,172.825,12.413744939987737,8.711744939987737
4040,3137,520.0,-43.825,172.875,12.49265022453983,9.372650224539829
4041,3409,164.0,-43.875,172.875,12.419734226556102,11.435734226556102
4042,3849,397.0,-43.825,172.775,12.320870966943403,9.938870966943403
4043,3978,169.0,-43.775,172.775,12.394170930740074,11.380170930740075
4044,3979,475.0,-43.775,172.825,12.48459087608353,9.63459087608353
4045,3980,397.0,-43.775,172.875,12.559348399779992,10.177348399779993
4046,4572,545.0,-43.725,172.775,12.469646818104593,9.199646818104593
4047,4573,378.0,-43.725,172.825,12.55224978260594,10.28424978260594
4048,4574,414.0,-43.725,172.875,12.618199461590848,10.134199461590848
4049,3146,243.0,-43.825,172.975,12.601667955232188,11.143667955232187
4050,3248,478.0,-43.825,173.025,12.625016813924958,9.757016813924958
4051,3254,267.0,-43.825,173.075,12.633021808243939,11.031021808243938
4052,3416,309.0,-43.875,172.975,12.530819917647023,10.676819917647023
4053,3981,186.0,-43.775,172.975,12.658597847617784,11.542597847617785
4054,3982,338.0,-43.775,173.025,12.677964743928896,10.649964743928896
4055,3983,399.0,-43.775,173.075,12.682271452013083,10.288271452013083
4056,4575,371.0,-43.725,172.925,12.668145960590664,10.442145960590665
4057,4576,533.0,-43.725,172.975,12.701205063242014,9.503205063242014
4058,4577,85.0,-43.725,173.025,12.717280242583001,12.207280242583002
4059,4578,150.0,-43.725,173.075,12.719367870276983,11.819367870276983
4060,4579,127.0,-43.675,169.375,19.178609232825693,18.416609232825692
4061,4580,120.0,-43.675,169.425,18.997367326213862,18.277367326213863
4062,4581,423.0,-43.675,169.475,18.812213584722485,16.274213584722485
4063,4582,320.0,-43.675,169.525,18.62287899265357,16.702878992653567
4064,4583,227.0,-43.675,169.575,18.428964177124726,17.066964177124728
4065,4584,890.0,-43.675,169.625,18.229952308698557,12.889952308698557
4066,4585,1136.0,-43.675,169.675,18.025215511188435,11.209215511188436
4067,4677,14.0,-43.625,169.525,18.732854944712017,18.648854944712017
4068,4756,18.0,-43.625,169.575,18.54771092424926,18.43971092424926
4069,4758,24.0,-43.625,169.625,18.35931263797829,18.215312637978293
4070,4760,198.0,-43.625,169.675,18.16755830457987,16.97955830457987
4071,4947,11.0,-43.575,169.675,18.313116248820734,18.247116248820735
4072,4065,160.0,-43.575,169.725,18.13488315959694,17.174883159596938
4073,4125,241.0,-43.575,169.775,17.95681918523769,16.51081918523769
4074,4131,86.0,-43.575,169.825,17.779269635953824,17.263269635953826
4075,4586,824.0,-43.675,169.725,17.814012327355158,12.870012327355159
4076,4587,1509.0,-43.675,169.775,17.59548454101605,8.541484541016048
4077,4588,186.0,-43.675,169.825,17.368695148747065,16.252695148747065
4078,4762,630.0,-43.625,169.725,17.97228543786332,14.19228543786332
4079,4764,1101.0,-43.625,169.775,17.773221162664413,11.167221162664413
4080,4766,102.0,-43.625,169.825,17.56990262340696,16.957902623406962
4081,4795,6.0,-43.525,169.725,18.29259552568692,18.25659552568692
4082,4948,15.0,-43.525,169.775,18.133736374300497,18.043736374300497
4083,4956,20.0,-43.525,169.825,17.979712606509565,17.859712606509564
4084,4149,1138.0,-43.575,169.875,17.602070215340063,10.774070215340064
4085,4158,1518.0,-43.575,169.925,17.423913762941083,8.315913762941085
4086,4263,984.0,-43.575,169.975,17.24174265746842,11.337742657468421
4087,4270,870.0,-43.575,170.025,17.052803659214987,11.832803659214989
4088,4589,732.0,-43.675,169.875,17.132838998484658,12.740838998484659
4089,4590,1244.0,-43.675,169.925,16.887964898109203,9.423964898109205
4090,4591,2254.0,-43.675,169.975,16.636921846882615,3.1129218468826156
4091,4592,2481.0,-43.675,170.025,16.389666415940155,1.503666415940156
4092,4768,691.0,-43.625,169.875,17.361627071266412,13.215627071266411
4093,4770,512.0,-43.625,169.925,17.147701196954586,14.075701196954586
4094,4796,709.0,-43.625,169.975,16.92881807169033,12.67481807169033
4095,4868,1152.0,-43.625,170.025,16.710886714994558,9.798886714994559
4096,4958,304.0,-43.525,169.875,17.83121087573818,16.00721087573818
4097,4960,483.0,-43.525,169.925,17.687192257821152,14.789192257821153
4098,4962,711.0,-43.525,169.975,17.541746930379304,13.275746930379304
4099,4964,1063.0,-43.525,170.025,17.379661900653446,11.001661900653446
4100,4282,1208.0,-43.575,170.075,16.862644329223258,9.614644329223259
4101,4386,2133.0,-43.575,170.125,16.685359922310454,3.8873599223104556
4102,4387,2250.0,-43.575,170.175,16.52853922891518,3.0285392289151787
4103,4388,1149.0,-43.575,170.225,16.388858910737326,9.494858910737326
4104,4593,2105.0,-43.675,170.075,16.170678810653044,3.540678810653043
4105,4594,1421.0,-43.675,170.125,16.014643129354226,7.488643129354227
4106,4595,715.0,-43.675,170.175,15.91721714495361,11.627217144953612
4107,4596,1600.0,-43.675,170.225,15.84738456595369,6.2473845659536895
4108,4871,1999.0,-43.625,170.075,16.50936773542344,4.515367735423441
4109,4873,2010.0,-43.625,170.125,16.342547758300498,4.282547758300497
4110,4874,1475.0,-43.625,170.175,16.21285489056754,7.362854890567542
4111,4876,1359.0,-43.625,170.225,16.10732075746637,7.9533207574663685
4112,4966,1659.0,-43.525,170.075,17.194627065917302,7.2406270659173035
4113,4968,1834.0,-43.525,170.125,17.007660247880267,6.003660247880267
4114,4970,2175.0,-43.525,170.175,16.83090475008794,3.78090475008794
4115,4972,2440.0,-43.525,170.225,16.66367611646274,2.02367611646274
4116,4405,2218.0,-43.575,170.275,16.259789735355298,2.951789735355298
4117,4411,1872.0,-43.575,170.325,16.13620409471332,4.904204094713322
4118,4414,1200.0,-43.575,170.375,16.014016481785802,8.814016481785803
4119,4597,1986.0,-43.675,170.275,15.785796203919745,3.869796203919746
4120,4598,2223.0,-43.675,170.325,15.722283745657478,2.384283745657479
4121,4599,1182.0,-43.675,170.375,15.65089461660682,8.558894616606821
4122,4878,1216.0,-43.625,170.275,16.01252349463175,8.716523494631751
4123,4880,1387.0,-43.625,170.325,15.919669512448309,7.597669512448309
4124,4882,1833.0,-43.625,170.375,15.823188714290154,4.825188714290155
4125,4973,2181.0,-43.525,170.275,16.504671948001487,3.4186719480014887
4126,4974,2261.0,-43.525,170.325,16.35394009995798,2.787940099957982
4127,4975,1946.0,-43.525,170.375,16.209744774772844,4.533744774772844
4128,4431,1534.0,-43.575,170.425,15.889153169933707,6.685153169933708
4129,4438,909.0,-43.575,170.475,15.757382909483567,10.303382909483567
4130,4520,1914.0,-43.575,170.525,15.614637181526632,4.130637181526632
4131,4522,1738.0,-43.575,170.575,15.457399095823348,5.029399095823349
4132,4600,1678.0,-43.675,170.425,15.567574257118395,5.499574257118395
4133,4601,1274.0,-43.675,170.475,15.469196263591584,7.825196263591584
4134,4602,774.0,-43.675,170.525,15.353247563718469,10.709247563718469
4135,4603,1357.0,-43.675,170.575,15.217778810751042,7.075778810751043
4136,4884,1740.0,-43.625,170.425,15.718942013969354,5.278942013969354
4137,4886,832.0,-43.625,170.475,15.603371154196793,10.611371154196792
4138,4888,1472.0,-43.625,170.525,15.473330305998388,6.6413303059983875
4139,4890,1621.0,-43.625,170.575,15.32619543405599,5.600195434055989
4140,4976,2079.0,-43.525,170.425,16.068070814020757,3.5940708140207587
4141,4977,1040.0,-43.525,170.475,15.923770671506645,9.683770671506645
4142,4978,1117.0,-43.525,170.525,15.771658677258529,9.069658677258529
4143,4979,2134.0,-43.525,170.575,15.60722179403092,2.80322179403092
4144,4524,1465.0,-43.575,170.625,15.283008465157764,6.493008465157764
4145,4526,1543.0,-43.575,170.675,15.089865868787456,5.831865868787457
4146,4528,2126.0,-43.575,170.725,14.877555581333581,2.121555581333581
4147,4604,837.0,-43.675,170.625,15.061427311084117,10.039427311084118
4148,4605,1629.0,-43.675,170.675,14.883457316878776,5.1094573168787765
4149,4606,1860.0,-43.675,170.725,14.683821331214858,3.523821331214858
4150,4892,901.0,-43.625,170.625,15.160025119665079,9.75402511966508
4151,4894,1049.0,-43.625,170.675,14.973696712324454,8.679696712324454
4152,4896,1949.0,-43.625,170.725,14.767011677206028,3.073011677206029
4153,4980,1486.0,-43.525,170.625,15.427041626695427,6.5110416266954285
4154,4981,1774.0,-43.525,170.675,15.229036214506777,4.585036214506779
4155,4982,1117.0,-43.525,170.725,15.01258101707208,8.31058101707208
4156,4530,1127.0,-43.575,170.775,14.646909037684964,7.884909037684964
4157,4532,1389.0,-43.575,170.825,14.400026314266142,6.066026314266143
4158,4534,517.0,-43.575,170.875,14.140270381161827,11.038270381161826
4159,4536,508.0,-43.575,170.925,13.872244414436864,10.824244414436864
4160,4607,1044.0,-43.675,170.775,14.463251721550478,8.199251721550478
4161,4608,1639.0,-43.675,170.825,14.223385020224669,4.389385020224669
4162,4609,718.0,-43.675,170.875,13.966920764767565,9.658920764767565
4163,4610,540.0,-43.675,170.925,13.697821227084205,10.457821227084205
4164,4898,1266.0,-43.625,170.775,14.540782601266983,6.944782601266983
4165,4900,835.0,-43.625,170.825,14.296914293554437,9.286914293554437
4166,4902,557.0,-43.625,170.875,14.038489205006044,10.696489205006044
4167,4904,472.0,-43.625,170.925,13.769864481779223,10.937864481779222
4168,4983,1058.0,-43.525,170.775,14.778535817131342,8.430535817131343
4169,4984,579.0,-43.525,170.825,14.529194080809248,11.055194080809247
4170,4985,554.0,-43.525,170.875,14.268173129588831,10.944173129588831
4171,4986,1329.0,-43.525,170.925,14.000263983522018,6.026263983522019
4172,4538,603.0,-43.575,170.975,13.601749852539797,9.983749852539797
4173,4540,768.0,-43.575,171.025,13.335697060421808,8.727697060421807
4174,4542,859.0,-43.575,171.075,13.081901269135415,7.927901269135415
4175,4544,784.0,-43.575,171.125,12.848655944406346,8.144655944406345
4176,4611,456.0,-43.675,170.975,13.421559284091927,10.685559284091926
4177,4612,1299.0,-43.675,171.025,13.145406204959727,5.351406204959727
4178,4613,1368.0,-43.675,171.075,12.878695050501847,4.6706950505018465
4179,4614,678.0,-43.675,171.125,12.632856237112719,8.56485623711272
4180,4906,1260.0,-43.625,170.975,13.496778142405674,5.936778142405674
4181,4908,1245.0,-43.625,171.025,13.226435353019042,5.756435353019043
4182,4910,685.0,-43.625,171.075,12.967490996459674,8.857490996459674
4183,4912,639.0,-43.625,171.125,12.729757356260961,8.895757356260962
4184,4987,971.0,-43.525,170.975,13.731249764256063,7.905249764256062
4185,4988,1320.0,-43.525,171.025,13.4676797191496,5.547679719149602
4186,4989,839.0,-43.525,171.075,13.21655919879413,8.18255919879413
4187,4990,978.0,-43.525,171.125,12.98489972956304,7.11689972956304
4188,4546,621.0,-43.575,171.175,12.643971412624524,8.917971412624524
4189,4548,1202.0,-43.575,171.225,12.474463514616218,5.262463514616218
4190,4550,1014.0,-43.575,171.275,12.344110910522431,6.260110910522431
4191,4615,1210.0,-43.675,171.175,12.42077385745506,5.160773857455061
4192,4616,684.0,-43.675,171.225,12.254825174299185,8.150825174299186
4193,4617,635.0,-43.675,171.275,12.143476724377251,8.333476724377253
4194,4914,969.0,-43.625,171.175,12.52338312950451,6.70938312950451
4195,4916,1080.0,-43.625,171.225,12.357310447245254,5.877310447245254
4196,4917,539.0,-43.625,171.275,12.23722381706466,9.00322381706466
4197,4991,681.0,-43.525,171.175,12.779091403870552,8.693091403870554
4198,4992,747.0,-43.525,171.225,12.604134362543846,8.122134362543846
4199,4993,1128.0,-43.525,171.275,12.462887482772203,5.694887482772203
4200,4036,453.0,-43.675,171.375,12.081876764594199,9.363876764594199
4201,4143,368.0,-43.675,171.425,12.113548840181465,9.905548840181465
4202,4152,334.0,-43.675,171.475,12.169776347942388,10.165776347942389
4203,4552,1110.0,-43.575,171.325,12.253351503881277,5.593351503881277
4204,4554,1453.0,-43.575,171.375,12.19897712353486,3.48097712353486
4205,4556,806.0,-43.575,171.425,12.17489030482102,7.338890304821019
4206,4558,804.0,-43.575,171.475,12.173330137295125,7.349330137295126
4207,4621,441.0,-43.675,171.325,12.087991941793007,9.441991941793006
4208,4918,955.0,-43.625,171.325,12.163867373801622,6.433867373801622
4209,4919,1284.0,-43.625,171.375,12.132781610431266,4.428781610431266
4210,4920,503.0,-43.625,171.425,12.13562281101622,9.117622811016219
4211,4921,407.0,-43.625,171.475,12.162129994267161,9.720129994267161
4212,4994,1653.0,-43.525,171.325,12.35558699430112,2.4375869943011192
4213,4995,1860.0,-43.525,171.375,12.2798504096354,1.1198504096354007
4214,4996,865.0,-43.525,171.425,12.231192076207662,7.041192076207662
4215,4997,1125.0,-43.525,171.475,12.203865396335459,5.453865396335459
4216,4161,329.0,-43.675,171.525,12.237708941684105,10.263708941684104
4217,4258,314.0,-43.675,171.575,12.30540323601599,10.42140323601599
4218,4264,287.0,-43.675,171.625,12.361925698027335,10.639925698027335
4219,4633,502.0,-43.575,171.525,12.18607539342338,9.17407539342338
4220,4636,426.0,-43.575,171.575,12.20539303851183,9.64939303851183
4221,4638,397.0,-43.575,171.625,12.22479527152609,9.842795271526091
4222,4922,409.0,-43.625,171.525,12.201720990182366,9.747720990182366
4223,4923,378.0,-43.625,171.575,12.244446147909912,9.976446147909911
4224,4924,335.0,-43.625,171.625,12.281686769529188,10.271686769529188
4225,4998,748.0,-43.525,171.525,12.191770260902558,7.703770260902558
4226,4999,597.0,-43.525,171.575,12.189240853742376,8.607240853742375
4227,5000,416.0,-43.525,171.625,12.191645361017436,9.695645361017435
4228,4032,304.0,-43.525,171.675,12.195770607875602,10.371770607875602
4229,4133,397.0,-43.525,171.725,12.199909066239343,9.817909066239343
4230,4135,373.0,-43.525,171.775,12.203519374608732,9.965519374608732
4231,4141,310.0,-43.525,171.825,12.206484845439263,10.346484845439264
4232,4267,274.0,-43.675,171.675,12.398297590778384,10.754297590778384
4233,4286,257.0,-43.675,171.725,12.410143284036167,10.868143284036167
4234,4376,238.0,-43.675,171.775,12.400758090087038,10.972758090087037
4235,4377,220.0,-43.675,171.825,12.378765958648728,11.058765958648728
4236,4640,376.0,-43.575,171.675,12.239734638063965,9.983734638063964
4237,4642,344.0,-43.575,171.725,12.24812490497061,10.18412490497061
4238,4644,278.0,-43.575,171.775,12.250193663639948,10.582193663639949
4239,4649,268.0,-43.575,171.825,12.247265336882265,10.639265336882264
4240,4925,315.0,-43.625,171.675,12.30713228190507,10.417132281905069
4241,4926,295.0,-43.625,171.725,12.318104720525298,10.548104720525298
4242,4927,270.0,-43.625,171.775,12.316142847921583,10.696142847921582
4243,4928,203.0,-43.625,171.825,12.305045677901944,11.087045677901944
4244,4148,277.0,-43.525,171.875,12.20834395125712,10.546343951257121
4245,4157,220.0,-43.525,171.925,12.207974167868088,10.887974167868087
4246,4262,199.0,-43.525,171.975,12.203784344605083,11.009784344605084
4247,4379,174.0,-43.675,171.875,12.34890953728609,11.30490953728609
4248,4380,159.0,-43.675,171.925,12.31000424863305,11.356004248633049
4249,4381,161.0,-43.675,171.975,12.260340773416829,11.29434077341683
4250,4654,234.0,-43.575,171.875,12.240116498702264,10.836116498702264
4251,4659,205.0,-43.575,171.925,12.228257346960163,10.998257346960163
4252,4664,173.0,-43.575,171.975,12.210361188630486,11.172361188630486
4253,4929,220.0,-43.625,171.875,12.287213143819827,10.967213143819826
4254,4930,199.0,-43.625,171.925,12.262373414672766,11.068373414672767
4255,4931,174.0,-43.625,171.975,12.229140924595413,11.185140924595412
4256,4271,183.0,-43.525,172.025,12.194000541956484,11.096000541956483
4257,4278,176.0,-43.525,172.075,12.176537220693717,11.120537220693716
4258,4285,171.0,-43.525,172.125,12.147576153409318,11.121576153409318
4259,4382,161.0,-43.525,172.175,12.101028793698788,11.135028793698789
4260,4417,140.0,-43.675,172.025,12.199617817332182,11.359617817332182
4261,4424,118.0,-43.675,172.075,12.128386128973943,11.420386128973943
4262,4430,94.0,-43.675,172.125,12.04785826107036,11.48385826107036
4263,4437,72.0,-43.675,172.175,11.960550915609929,11.528550915609928
4264,4669,149.0,-43.575,172.025,12.184820236765518,11.290820236765517
4265,4674,142.0,-43.575,172.075,12.149716354331758,11.297716354331758
4266,4679,133.0,-43.575,172.125,12.102534051071416,11.304534051071416
4267,4771,124.0,-43.575,172.175,12.042432459118572,11.298432459118573
4268,4932,149.0,-43.625,172.025,12.186276314678253,11.292276314678253
4269,4933,125.0,-43.625,172.075,12.132817942321708,11.382817942321708
4270,4934,108.0,-43.625,172.125,12.06825322698569,11.42025322698569
4271,4935,90.0,-43.625,172.175,11.993925462622428,11.45392546262243
4272,4383,137.0,-43.525,172.225,12.046382864326006,11.224382864326007
4273,4385,122.0,-43.525,172.275,11.99862978406054,11.266629784060541
4274,4389,105.0,-43.525,172.325,11.97062733412713,11.340627334127129
4275,4391,88.0,-43.525,172.375,11.976485452627458,11.448485452627457
4276,4618,61.0,-43.675,172.225,11.871012844891084,11.505012844891084
4277,4622,45.0,-43.675,172.275,11.785786114454822,11.515786114454823
4278,4623,33.0,-43.675,172.325,11.713033602431096,11.515033602431096
4279,4624,21.0,-43.675,172.375,11.663190562194359,11.53719056219436
4280,4773,115.0,-43.575,172.225,11.975597149194073,11.285597149194073
4281,4775,96.0,-43.575,172.275,11.91290148549524,11.33690148549524
4282,4777,82.0,-43.575,172.325,11.865763799765773,11.373763799765774
4283,4779,64.0,-43.575,172.375,11.846832879273279,11.462832879273279
4284,4936,82.0,-43.625,172.225,11.914755292003974,11.422755292003975
4285,4937,66.0,-43.625,172.275,11.838603841326403,11.442603841326402
4286,4938,51.0,-43.625,172.325,11.774565517498559,11.46856551749856
4287,4939,38.0,-43.625,172.375,11.732827565378102,11.504827565378102
4288,4393,65.0,-43.525,172.425,12.032637952157529,11.642637952157529
4289,4394,50.0,-43.525,172.475,12.151705450056397,11.851705450056397
4290,4395,27.0,-43.525,172.525,12.315770549637818,12.153770549637818
4291,4625,8.0,-43.675,172.425,11.652703616342478,11.604703616342478
4292,4626,7.0,-43.675,172.475,11.712995310213955,11.670995310213955
4293,4627,6.0,-43.675,172.525,11.85765446473306,11.82165446473306
4294,4781,47.0,-43.575,172.425,11.873366695795994,11.591366695795994
4295,4783,34.0,-43.575,172.475,11.971686873699582,11.767686873699581
4296,4785,19.0,-43.575,172.525,12.141004282699214,12.027004282699213
4297,4940,29.0,-43.625,172.425,11.72723298496203,11.55323298496203
4298,4941,16.0,-43.625,172.475,11.792691847873357,11.696691847873357
4299,4942,10.0,-43.625,172.525,11.968702743759422,11.908702743759422
4300,4397,15.0,-43.525,172.575,12.45907492799779,12.36907492799779
4301,4399,10.0,-43.525,172.625,12.561819601523894,12.501819601523893
4302,4401,9.0,-43.525,172.675,12.619169222223718,12.565169222223718
4303,4404,2.0,-43.525,172.725,12.658936146946871,12.64693614694687
4304,4628,106.0,-43.675,172.575,12.034532719579147,11.398532719579148
4305,4629,333.0,-43.675,172.625,12.201901422557057,10.203901422557058
4306,4630,61.0,-43.675,172.675,12.343154274261906,11.977154274261906
4307,4631,388.0,-43.675,172.725,12.456170056006158,10.128170056006159
4308,4787,18.0,-43.575,172.575,12.318046998678255,12.210046998678255
4309,4789,69.0,-43.575,172.625,12.458984414895895,12.044984414895895
4310,4791,274.0,-43.575,172.675,12.553873157583439,10.909873157583439
4311,4793,262.0,-43.575,172.725,12.619381783944846,11.047381783944846
4312,4943,70.0,-43.625,172.575,12.16013812309393,11.74013812309393
4313,4944,468.0,-43.625,172.625,12.324821172303928,9.516821172303928
4314,4647,438.0,-43.675,172.775,12.54493294315398,9.91693294315398
4315,4652,252.0,-43.675,172.825,12.614428011984273,11.102428011984273
4316,4657,49.0,-43.675,172.875,12.668181192240809,12.374181192240808
4317,4945,19.0,-43.625,172.825,12.666586672072299,12.552586672072298
4318,4946,218.0,-43.625,172.875,12.706744415701905,11.398744415701906
4319,4662,509.0,-43.675,172.925,12.707689398717775,9.653689398717775
4320,4667,299.0,-43.675,172.975,12.733166256202821,10.939166256202821
4321,4672,234.0,-43.675,173.025,12.745068081520003,11.341068081520003
4322,4418,20.0,-43.475,169.775,18.292812385428988,18.172812385428987
4323,4423,113.0,-43.475,169.825,18.155636179522844,17.477636179522843
4324,4844,25.0,-43.425,169.825,18.29721509279625,18.14721509279625
4325,4197,43.0,-43.375,169.975,18.016361383262847,17.758361383262848
4326,4198,65.0,-43.375,170.025,17.866670476505533,17.476670476505532
4327,4429,45.0,-43.475,169.875,18.02695160132862,17.75695160132862
4328,4436,72.0,-43.475,169.925,17.906381807275466,17.474381807275467
4329,4619,114.0,-43.475,169.975,17.78892926431581,17.10492926431581
4330,4645,253.0,-43.475,170.025,17.651120318681933,16.133120318681932
4331,4845,147.0,-43.425,169.875,18.175224491220433,17.293224491220432
4332,4846,201.0,-43.425,169.925,18.059376991506724,16.853376991506725
4333,4847,322.0,-43.425,169.975,17.942743795159913,16.010743795159915
4334,4848,436.0,-43.425,170.025,17.80471646845399,15.18871646845399
4335,4199,369.0,-43.375,170.075,17.700211084746115,15.486211084746115
4336,4200,92.0,-43.375,170.125,17.533110930860857,16.981110930860858
4337,4201,128.0,-43.375,170.175,17.371216860767163,16.603216860767162
4338,4202,616.0,-43.375,170.225,17.18908878116781,13.493088781167812
4339,4650,1431.0,-43.475,170.075,17.46451516653906,8.878515166539058
4340,4655,1019.0,-43.475,170.125,17.274948328878963,11.160948328878963
4341,4660,1846.0,-43.475,170.175,17.09066896620061,6.01466896620061
4342,4665,2042.0,-43.475,170.225,16.90562204248272,4.653622042482718
4343,4849,190.0,-43.425,170.075,17.632808973197825,16.492808973197825
4344,4850,674.0,-43.425,170.125,17.456344119811547,13.412344119811547
4345,4851,220.0,-43.425,170.175,17.282368246655096,15.962368246655096
4346,4852,771.0,-43.425,170.225,17.089783058887406,12.463783058887406
4347,4203,1116.0,-43.375,170.275,17.011220440508623,10.315220440508623
4348,4204,1804.0,-43.375,170.325,16.85165358366794,6.02765358366794
4349,4205,796.0,-43.375,170.375,16.706954679444607,11.930954679444607
4350,4670,1384.0,-43.475,170.275,16.72447391704918,8.420473917049181
4351,4675,2572.0,-43.475,170.325,16.55479084575927,1.1227908457592726
4352,4680,1604.0,-43.475,170.375,16.39676784053154,6.7727678405315395
4353,4853,1314.0,-43.425,170.275,16.898166879931523,9.014166879931523
4354,4854,1492.0,-43.425,170.325,16.72336788236862,7.7713678823686205
4355,4855,909.0,-43.425,170.375,16.564191695702903,11.110191695702902
4356,4206,273.0,-43.375,170.425,16.569836885762925,14.931836885762925
4357,4207,1044.0,-43.375,170.475,16.432452054010355,10.168452054010356
4358,4208,1547.0,-43.375,170.525,16.28747447940259,7.00547447940259
4359,4209,414.0,-43.375,170.575,16.12865415505803,13.64465415505803
4360,4797,2192.0,-43.475,170.425,16.245694254292175,3.093694254292174
4361,4799,2012.0,-43.475,170.475,16.095179587529856,4.023179587529855
4362,4800,1810.0,-43.475,170.525,15.938882411290251,5.07888241129025
4363,4801,1996.0,-43.475,170.575,15.77136581321247,3.7953658132124684
4364,4856,1434.0,-43.425,170.425,16.414198525773827,7.810198525773828
4365,4857,1673.0,-43.425,170.475,16.265789327830134,6.227789327830134
4366,4858,2269.0,-43.425,170.525,16.111774710647296,2.4977747106472954
4367,4859,1975.0,-43.425,170.575,15.946089698336436,4.096089698336437
4368,4210,1901.0,-43.375,170.625,15.951275162871752,4.545275162871752
4369,4211,1129.0,-43.375,170.675,15.752578417334007,8.978578417334008
4370,4212,2128.0,-43.375,170.725,15.532050974899903,2.7640509748999023
4371,4802,1711.0,-43.475,170.625,15.588548977582832,5.322548977582832
4372,4803,1357.0,-43.475,170.675,15.387960624488187,7.245960624488188
4373,4804,724.0,-43.475,170.725,15.168857831878995,10.824857831878994
4374,4860,2242.0,-43.425,170.625,15.764211770881957,2.312211770881957
4375,4861,1461.0,-43.425,170.675,15.56344686360535,6.79744686360535
4376,4862,1484.0,-43.425,170.725,15.343085961845645,6.439085961845645
4377,4034,1207.0,-43.425,170.775,15.104388302883308,7.862388302883308
4378,4120,867.0,-43.425,170.825,14.850374214824114,9.648374214824115
4379,4124,933.0,-43.425,170.875,14.58546682708402,8.98746682708402
4380,4132,1579.0,-43.425,170.925,14.315058385625889,4.841058385625891
4381,4213,932.0,-43.375,170.775,15.29144880077365,9.699448800773652
4382,4214,1749.0,-43.375,170.825,15.034500918634876,4.540500918634878
4383,4215,1413.0,-43.375,170.875,14.766373893013224,6.288373893013224
4384,4216,1405.0,-43.375,170.925,14.493050237579155,6.063050237579155
4385,4805,1405.0,-43.475,170.775,14.932218615977035,6.502218615977036
4386,4806,1012.0,-43.475,170.825,14.680613707241719,8.60861370724172
4387,4807,1034.0,-43.475,170.875,14.417981630853319,8.213981630853318
4388,4808,1528.0,-43.475,170.925,14.149344653174921,4.981344653174922
4389,4140,1748.0,-43.425,170.975,14.045071158041537,3.5570711580415377
4390,4147,1247.0,-43.425,171.025,13.78154855100729,6.29954855100729
4391,4156,1057.0,-43.425,171.075,13.530277194095106,7.1882771940951065
4392,4165,1245.0,-43.425,171.125,13.296425269836618,5.826425269836619
4393,4217,1703.0,-43.375,170.975,14.220752257060667,4.002752257060667
4394,4218,1131.0,-43.375,171.025,13.955471024662984,7.169471024662983
4395,4219,1733.0,-43.375,171.075,13.702600098727999,3.3046000987280006
4396,4220,978.0,-43.375,171.125,13.466649709589547,7.598649709589547
4397,4809,1190.0,-43.475,170.975,13.88049735956156,6.74049735956156
4398,4810,1775.0,-43.475,171.025,13.617677546026243,2.967677546026243
4399,4811,1282.0,-43.475,171.075,13.367204702808522,5.6752047028085215
4400,4812,1121.0,-43.475,171.125,13.135061020679132,6.409061020679132
4401,4166,696.0,-43.425,171.175,13.08419205217433,8.90819205217433
4402,4167,865.0,-43.425,171.225,12.896492781848792,7.706492781848792
4403,4168,1898.0,-43.425,171.275,12.73473628494321,1.3467362849432103
4404,4221,913.0,-43.375,171.175,13.251023537257424,7.773023537257424
4405,4222,1363.0,-43.375,171.225,13.057861859491823,4.879861859491822
4406,4223,1505.0,-43.375,171.275,12.88797723532116,3.85797723532116
4407,4813,691.0,-43.475,171.175,12.926406666625553,8.780406666625552
4408,4814,757.0,-43.475,171.225,12.745068499887566,8.203068499887566
4409,4815,1050.0,-43.475,171.275,12.593102946320869,6.293102946320869
4410,4169,1087.0,-43.425,171.325,12.59876837385309,6.076768373853091
4411,4170,1124.0,-43.425,171.375,12.487034986756044,5.743034986756044
4412,4171,1440.0,-43.425,171.425,12.3969670669685,3.7569670669684996
4413,4172,1114.0,-43.425,171.475,12.325526257685851,5.641526257685851
4414,4224,1227.0,-43.375,171.325,12.740919677868078,5.378919677868079
4415,4225,1088.0,-43.375,171.375,12.61520004594422,6.08720004594422
4416,4226,1786.0,-43.375,171.425,12.508674087701365,1.792674087701366
4417,4227,430.0,-43.375,171.475,12.419052996534447,9.839052996534447
4418,4816,2170.0,-43.475,171.325,12.470569649685785,-0.5494303503142142
4419,4817,1097.0,-43.475,171.375,12.375621990478976,5.793621990478976
4420,4818,1056.0,-43.475,171.425,12.304923580733885,5.968923580733884
4421,4819,1591.0,-43.475,171.475,12.254290292679798,2.7082902926797985
4422,4173,1748.0,-43.425,171.525,12.269800184003543,1.7818001840035436
4423,4174,339.0,-43.425,171.575,12.227504410246183,10.193504410246184
4424,4175,527.0,-43.425,171.625,12.197230889800267,9.035230889800268
4425,4228,355.0,-43.375,171.525,12.34446510676571,10.214465106765712
4426,4229,466.0,-43.375,171.575,12.283941431898711,9.487941431898712
4427,4230,685.0,-43.375,171.625,12.237622903150623,8.127622903150623
4428,4820,2060.0,-43.475,171.525,12.21939736000786,-0.1406026399921405
4429,4821,635.0,-43.475,171.575,12.196394732731278,8.38639473273128
4430,4822,463.0,-43.475,171.625,12.182308819341415,9.404308819341415
4431,4176,603.0,-43.425,171.675,12.178303466287616,8.560303466287616
4432,4177,825.0,-43.425,171.725,12.170231974359922,7.220231974359922
4433,4178,459.0,-43.425,171.775,12.17201644375018,9.418016443750181
4434,4179,493.0,-43.425,171.825,12.18172442537616,9.22372442537616
4435,4231,1132.0,-43.375,171.675,12.20642304615103,5.414423046151031
4436,4232,1357.0,-43.375,171.725,12.191015170705214,4.049015170705214
4437,4233,896.0,-43.375,171.775,12.19057935821911,6.8145793582191105
4438,4234,507.0,-43.375,171.825,12.202270500711165,9.160270500711166
4439,4823,520.0,-43.475,171.675,12.175148015623563,9.055148015623562
4440,4824,892.0,-43.475,171.725,12.17368737246943,6.821687372469431
4441,4825,519.0,-43.475,171.775,12.177012159267179,9.063012159267178
4442,4826,425.0,-43.475,171.825,12.184022255281889,9.634022255281888
4443,4180,340.0,-43.425,171.875,12.196569973541045,10.156569973541046
4444,4181,324.0,-43.425,171.925,12.213330058075371,10.269330058075372
4445,4182,322.0,-43.425,171.975,12.228765316536737,10.296765316536737
4446,4235,492.0,-43.375,171.875,12.221808052061533,9.269808052061533
4447,4236,354.0,-43.375,171.925,12.244507767798495,10.120507767798495
4448,4237,328.0,-43.375,171.975,12.265991192718502,10.297991192718502
4449,4827,385.0,-43.475,171.875,12.193138096416078,9.883138096416078
4450,4828,333.0,-43.475,171.925,12.20232715176462,10.204327151764621
4451,4829,240.0,-43.475,171.975,12.209350935449038,10.769350935449038
4452,4183,279.0,-43.425,172.025,12.239795437577413,10.565795437577414
4453,4184,257.0,-43.425,172.075,12.243257022404578,10.701257022404578
4454,4185,225.0,-43.425,172.125,12.23528912742404,10.88528912742404
4455,4186,188.0,-43.425,172.175,12.21355451321324,11.08555451321324
4456,4238,312.0,-43.375,172.025,12.282401903637947,10.410401903637947
4457,4239,236.0,-43.375,172.075,12.290345461369725,10.874345461369725
4458,4240,254.0,-43.375,172.125,12.28715785305576,10.763157853055759
4459,4241,230.0,-43.375,172.175,12.27266360710746,10.892663607107462
4460,4830,223.0,-43.475,172.025,12.211979300082021,10.873979300082022
4461,4831,217.0,-43.475,172.075,12.207853917287139,10.90585391728714
4462,4832,208.0,-43.475,172.125,12.193088511216047,10.945088511216047
4463,4833,192.0,-43.475,172.175,12.159324896058024,11.007324896058025
4464,4187,188.0,-43.425,172.225,12.184694199229853,11.056694199229852
4465,4188,160.0,-43.425,172.275,12.160586348047218,11.200586348047217
4466,4189,133.0,-43.425,172.325,12.15241974690798,11.35441974690798
4467,4190,104.0,-43.425,172.375,12.169942175489268,11.545942175489268
4468,4242,198.0,-43.375,172.225,12.251388244836562,11.063388244836561
4469,4243,166.0,-43.375,172.275,12.231261673297922,11.235261673297922
4470,4244,140.0,-43.375,172.325,12.220510214796377,11.380510214796377
4471,4245,116.0,-43.375,172.375,12.22557984877676,11.529579848776761
4472,4834,167.0,-43.475,172.225,12.117565493937946,11.115565493937945
4473,4835,141.0,-43.475,172.275,12.083505524336942,11.237505524336942
4474,4836,118.0,-43.475,172.325,12.069686965487563,11.361686965487563
4475,4837,95.0,-43.475,172.375,12.088838766178014,11.518838766178014
4476,4191,78.0,-43.425,172.425,12.219595833179483,11.751595833179483
4477,4192,53.0,-43.425,172.475,12.29941037944809,11.981410379448091
4478,4193,33.0,-43.425,172.525,12.39145220368846,12.193452203688459
4479,4246,89.0,-43.375,172.425,12.249145229156056,11.715145229156056
4480,4247,63.0,-43.375,172.475,12.287882205595452,11.909882205595451
4481,4248,43.0,-43.375,172.525,12.333345620405453,12.075345620405454
4482,4838,70.0,-43.475,172.425,12.152796887490695,11.732796887490695
4483,4839,51.0,-43.475,172.475,12.265837545923205,11.959837545923206
4484,4840,35.0,-43.475,172.525,12.407721466430303,12.197721466430302
4485,4194,17.0,-43.425,172.575,12.468396362655767,12.366396362655767
4486,4195,10.0,-43.425,172.625,12.525982654578911,12.46598265457891
4487,4196,7.0,-43.425,172.675,12.571011346952218,12.529011346952219
4488,4249,22.0,-43.375,172.575,12.382010402194283,12.250010402194283
4489,4250,7.0,-43.375,172.625,12.436729473682135,12.394729473682135
4490,4251,3.0,-43.375,172.675,12.490391968434778,12.472391968434778
4491,4841,21.0,-43.475,172.575,12.511814948660685,12.385814948660686
4492,4842,10.0,-43.475,172.625,12.57852792673657,12.518527926736569
4493,4843,6.0,-43.475,172.675,12.622097368172945,12.586097368172945
4494,4099,19.0,-43.225,170.225,17.20534370866517,17.091343708665168
4495,4252,39.0,-43.325,170.075,17.697245423536515,17.463245423536513
4496,4253,54.0,-43.325,170.125,17.521465958168847,17.197465958168845
4497,4254,399.0,-43.325,170.175,17.358903395361267,14.964903395361267
4498,4255,289.0,-43.325,170.225,17.20827211131109,15.47427211131109
4499,4698,27.0,-43.275,170.125,17.47297762940434,17.31097762940434
4500,4699,144.0,-43.275,170.175,17.31150363431516,16.447503634315158
4501,4700,242.0,-43.275,170.225,17.1963946850301,15.7443946850301
4502,4750,22.0,-43.225,170.175,17.284004359367827,17.152004359367826
4503,4788,0.0,-43.175,170.225,17.273891481789178,17.273891481789178
4504,4067,1436.0,-43.325,170.375,16.828181871394918,8.212181871394918
4505,4119,117.0,-43.225,170.275,17.151047867257148,16.44904786725715
4506,4126,245.0,-43.225,170.325,17.10157127022103,15.631571270221029
4507,4136,46.0,-43.225,170.375,17.04943901317165,16.77343901317165
4508,4256,401.0,-43.325,170.275,17.070058748140582,14.664058748140583
4509,4257,768.0,-43.325,170.325,16.944795844028704,12.336795844028703
4510,4701,185.0,-43.275,170.275,17.10470510977757,15.99470510977757
4511,4702,72.0,-43.275,170.325,17.020804983054404,16.588804983054406
4512,4703,75.0,-43.275,170.375,16.938176251453115,16.488176251453115
4513,4790,10.0,-43.175,170.275,17.232632303319406,17.172632303319407
4514,4792,17.0,-43.175,170.325,17.20197584942798,17.09997584942798
4515,4794,34.0,-43.175,170.375,17.170657758462767,16.966657758462766
4516,4110,167.0,-43.325,170.425,16.713891521874757,15.711891521874756
4517,4111,678.0,-43.325,170.475,16.595058706210693,12.527058706210694
4518,4112,801.0,-43.325,170.525,16.464922436985944,11.658922436985943
4519,4113,1307.0,-43.325,170.575,16.317368111383985,8.475368111383986
4520,4142,51.0,-43.225,170.425,16.989638534585538,16.683638534585537
4521,4151,366.0,-43.225,170.475,16.91699401189544,14.72099401189544
4522,4160,479.0,-43.225,170.525,16.825530163943768,13.951530163943767
4523,4265,1471.0,-43.225,170.575,16.70865306939959,7.882653069399588
4524,4704,262.0,-43.275,170.425,16.851684395885968,15.279684395885969
4525,4705,1149.0,-43.275,170.475,16.755737373903685,9.861737373903685
4526,4706,1546.0,-43.275,170.525,16.644252407779277,7.368252407779277
4527,4707,1129.0,-43.275,170.575,16.511150968690345,9.737150968690345
4528,4798,30.0,-43.175,170.425,17.13183939376904,16.951839393769042
4529,4863,333.0,-43.175,170.475,17.079549966016202,15.081549966016203
4530,4864,145.0,-43.175,170.525,17.007207037342596,16.137207037342595
4531,4865,506.0,-43.175,170.575,16.907072656147648,13.871072656147648
4532,4115,1906.0,-43.325,170.625,16.147573236397875,4.711573236397877
4533,4116,1842.0,-43.325,170.675,15.952729039927362,4.900729039927361
4534,4118,1888.0,-43.325,170.725,15.732615322835045,4.4046153228350455
4535,4272,1444.0,-43.225,170.625,16.560062545417168,7.896062545417168
4536,4274,830.0,-43.225,170.675,16.375543519658095,11.395543519658094
4537,4277,312.0,-43.225,170.725,16.1550710556985,14.2830710556985
4538,4708,2088.0,-43.275,170.625,16.35123063100764,3.8232306310076396
4539,4709,1200.0,-43.275,170.675,16.1613502795808,8.961350279580802
4540,4710,1676.0,-43.275,170.725,15.94153142166033,5.885531421660328
4541,4866,100.0,-43.175,170.625,16.770717947903904,16.170717947903903
4542,4867,919.0,-43.175,170.675,16.591429292755492,11.077429292755493
4543,4869,1009.0,-43.175,170.725,16.36843899769883,10.314438997698833
4544,4123,1470.0,-43.325,170.775,15.489733440561395,6.669733440561396
4545,4130,1740.0,-43.325,170.825,15.228876414861588,4.788876414861589
4546,4150,1827.0,-43.325,170.875,14.956312575704942,3.9943125757049422
4547,4159,1450.0,-43.325,170.925,14.678899265036307,5.978899265036308
4548,4283,548.0,-43.225,170.775,15.9036353225747,12.6156353225747
4549,4413,1466.0,-43.225,170.825,15.629909167575534,6.833909167575534
4550,4426,1697.0,-43.225,170.875,15.34391708243129,5.161917082431291
4551,4433,1512.0,-43.225,170.925,15.055207405883266,5.983207405883267
4552,4711,1055.0,-43.275,170.775,15.695311657698767,9.365311657698767
4553,4712,1698.0,-43.275,170.825,15.429045033168222,5.241045033168222
4554,4713,2167.0,-43.275,170.875,15.150575259161997,2.148575259161996
4555,4714,1264.0,-43.275,170.925,14.867956466765463,7.2839564667654635
4556,4870,1371.0,-43.175,170.775,16.108992780285917,7.882992780285916
4557,4872,1849.0,-43.175,170.825,15.82534184006363,4.73134184006363
4558,4875,1449.0,-43.175,170.875,15.530369309766684,6.836369309766685
4559,4877,1729.0,-43.175,170.925,15.235239169225679,4.86123916922568
4560,4273,1708.0,-43.325,170.975,14.403352863628243,4.155352863628243
4561,4276,1726.0,-43.325,171.025,14.135740102199634,3.779740102199634
4562,4281,1089.0,-43.325,171.075,13.88115760805158,7.347157608051581
4563,4406,749.0,-43.325,171.125,13.643544229285908,9.149544229285908
4564,4440,1325.0,-43.225,170.975,14.771903483182541,6.821903483182542
4565,4559,1685.0,-43.225,171.025,14.50034591356598,4.390345913565978
4566,4632,2018.0,-43.225,171.075,14.245035530395398,2.1370355303953996
4567,4634,1389.0,-43.225,171.125,14.008730030138395,5.674730030138395
4568,4715,820.0,-43.275,170.975,14.58856931072296,9.668569310722962
4569,4716,750.0,-43.275,171.025,14.318629314591817,9.818629314591817
4570,4717,1409.0,-43.275,171.075,14.062963881518954,5.608963881518955
4571,4718,895.0,-43.275,171.125,13.824952326183848,8.454952326183848
4572,4879,1093.0,-43.175,170.975,14.948715300892218,8.390715300892218
4573,4881,1727.0,-43.175,171.025,14.677119102008874,4.3151191020088735
4574,4883,919.0,-43.175,171.075,14.424487648931972,8.910487648931973
4575,4885,694.0,-43.175,171.125,14.192833004639397,10.028833004639397
4576,4407,1427.0,-43.325,171.175,13.425585886579938,4.863585886579939
4577,4409,927.0,-43.325,171.225,13.228696612557542,7.666696612557542
4578,4419,888.0,-43.325,171.275,13.05307962254301,7.725079622543009
4579,4635,601.0,-43.225,171.175,13.79262977432154,10.18662977432154
4580,4637,648.0,-43.225,171.225,13.596616818791517,9.708616818791517
4581,4639,1214.0,-43.225,171.275,13.419522573432914,6.135522573432914
4582,4719,710.0,-43.275,171.175,13.60656666106297,9.34656666106297
4583,4720,529.0,-43.275,171.225,13.40848201762492,10.23448201762492
4584,4721,500.0,-43.275,171.275,13.23024482605615,10.23024482605615
4585,4887,1771.0,-43.175,171.175,13.982477034358453,3.356477034358454
4586,4889,1061.0,-43.175,171.225,13.792426285272086,7.426426285272086
4587,4891,1599.0,-43.175,171.275,13.620743267700163,4.026743267700164
4588,4422,778.0,-43.325,171.325,12.897883940157044,8.229883940157045
4589,4428,538.0,-43.325,171.375,12.761473406990262,9.533473406990263
4590,4435,400.0,-43.325,171.425,12.641816442795971,10.24181644279597
4591,4620,516.0,-43.325,171.475,12.536988569987443,9.440988569987443
4592,4641,1424.0,-43.225,171.325,13.259412228311703,4.715412228311703
4593,4643,599.0,-43.225,171.375,13.113891331620835,9.519891331620835
4594,4648,588.0,-43.225,171.425,12.98045936291237,9.45245936291237
4595,4653,666.0,-43.225,171.475,12.85695344800115,8.86095344800115
4596,4722,458.0,-43.275,171.325,13.070500007619557,10.322500007619558
4597,4723,507.0,-43.275,171.375,12.92728788490058,9.88528788490058
4598,4724,1098.0,-43.275,171.425,12.798427469857415,6.210427469857415
4599,4725,507.0,-43.275,171.475,12.682004483322089,9.64000448332209
4600,4893,1294.0,-43.175,171.325,13.464883798751544,5.700883798751544
4601,4895,550.0,-43.175,171.375,13.321998327985057,10.021998327985056
4602,4897,693.0,-43.175,171.425,13.189229841769702,9.031229841769703
4603,4899,1000.0,-43.175,171.475,13.064079484989634,7.064079484989634
4604,4646,507.0,-43.325,171.525,12.44575375444765,9.403753754447651
4605,4651,561.0,-43.325,171.575,12.368139788090048,9.002139788090048
4606,4656,1054.0,-43.325,171.625,12.305799839083193,5.981799839083194
4607,4658,1260.0,-43.225,171.525,12.742136625489366,5.182136625489366
4608,4663,876.0,-43.225,171.575,12.636489061209431,7.380489061209432
4609,4668,1748.0,-43.225,171.625,12.543305506558681,2.055305506558682
4610,4726,785.0,-43.275,171.525,12.57697729816573,7.86697729816573
4611,4727,661.0,-43.275,171.575,12.483894319786486,8.517894319786485
4612,4728,1889.0,-43.275,171.625,12.405636198000138,1.0716361980001388
4613,4901,699.0,-43.175,171.525,12.944943270686053,8.750943270686054
4614,4903,659.0,-43.175,171.575,12.831910769637034,8.877910769637033
4615,4905,1668.0,-43.175,171.625,12.727877157751209,2.7198771577512098
4616,4661,827.0,-43.325,171.675,12.26168998421781,7.29968998421781
4617,4666,900.0,-43.325,171.725,12.23842426185729,6.83842426185729
4618,4671,687.0,-43.325,171.775,12.235723684822005,8.113723684822006
4619,4673,1054.0,-43.225,171.675,12.470295863626234,6.146295863626235
4620,4676,539.0,-43.325,171.825,12.249425051824801,9.015425051824801
4621,4678,714.0,-43.225,171.725,12.429687974185072,8.145687974185073
4622,4729,944.0,-43.275,171.675,12.347684672509786,6.683684672509786
4623,4730,1438.0,-43.275,171.725,12.316099849893362,3.688099849893362
4624,4731,1148.0,-43.275,171.775,12.31186178036296,5.4238617803629605
4625,4732,1264.0,-43.275,171.825,12.328326770577405,4.7443267705774055
4626,4751,813.0,-43.225,171.775,12.425700864921964,7.547700864921964
4627,4752,1070.0,-43.225,171.825,12.445860585645278,6.025860585645279
4628,4907,1008.0,-43.175,171.675,12.640472468840017,6.5924724688400165
4629,4909,753.0,-43.175,171.725,12.589328533893422,8.071328533893421
4630,4911,866.0,-43.175,171.775,12.588196913387947,7.392196913387947
4631,4913,596.0,-43.175,171.825,12.610405248895404,9.034405248895403
4632,4681,437.0,-43.325,171.875,12.273181541982922,9.651181541982922
4633,4682,387.0,-43.325,171.925,12.3006178599353,9.978617859935301
4634,4683,305.0,-43.325,171.975,12.326322482796968,10.496322482796968
4635,4733,706.0,-43.275,171.875,12.356099422264379,8.120099422264378
4636,4734,449.0,-43.275,171.925,12.387103836823371,9.693103836823372
4637,4735,435.0,-43.275,171.975,12.415269942181112,9.805269942181113
4638,4753,1127.0,-43.225,171.875,12.476766244508326,5.7147662445083265
4639,4754,592.0,-43.225,171.925,12.509435570154892,8.957435570154892
4640,4755,764.0,-43.225,171.975,12.537798007402671,7.953798007402671
4641,4915,596.0,-43.175,171.875,12.641149947103258,9.065149947103258
4642,4949,779.0,-43.175,171.925,12.67211033059175,7.99811033059175
4643,4950,846.0,-43.175,171.975,12.697613344720594,7.621613344720593
4644,4684,340.0,-43.325,172.025,12.345984613555629,10.30598461355563
4645,4685,307.0,-43.325,172.075,12.356357558801392,10.514357558801391
4646,4686,269.0,-43.325,172.125,12.355558321231001,10.741558321231
4647,4687,237.0,-43.325,172.175,12.343901957523485,10.921901957523485
4648,4736,396.0,-43.275,172.025,12.436185130483864,10.060185130483864
4649,4737,352.0,-43.275,172.075,12.446847540650197,10.334847540650197
4650,4738,321.0,-43.275,172.125,12.445745448312664,10.519745448312664
4651,4739,409.0,-43.275,172.175,12.433148819800408,9.979148819800407
4652,4757,795.0,-43.225,172.025,12.557637298912596,7.787637298912596
4653,4759,1087.0,-43.225,172.075,12.566188908484037,6.0441889084840374
4654,4761,665.0,-43.225,172.125,12.562084599891023,8.572084599891022
4655,4763,451.0,-43.225,172.175,12.545410597142109,9.839410597142109
4656,4951,729.0,-43.175,172.025,12.713643989691263,8.339643989691265
4657,4952,657.0,-43.175,172.075,12.717529978910534,8.775529978910534
4658,4953,445.0,-43.175,172.125,12.707872252416564,10.037872252416564
4659,4954,446.0,-43.175,172.175,12.684533824727623,10.008533824727623
4660,4688,209.0,-43.325,172.225,12.324516854392641,11.070516854392642
4661,4689,181.0,-43.325,172.275,12.302589310595067,11.216589310595067
4662,4690,155.0,-43.325,172.325,12.28359524589905,11.35359524589905
4663,4691,128.0,-43.325,172.375,12.271553175745794,11.503553175745793
4664,4740,214.0,-43.275,172.225,12.411190090195305,11.127190090195304
4665,4741,187.0,-43.275,172.275,12.383324197744514,11.261324197744514
4666,4742,164.0,-43.275,172.325,12.35327690171107,11.36927690171107
4667,4743,185.0,-43.275,172.375,12.323962999718788,11.213962999718788
4668,4765,344.0,-43.225,172.225,12.517633826835663,10.453633826835663
4669,4767,250.0,-43.225,172.275,12.481233442755183,10.981233442755183
4670,4769,212.0,-43.225,172.325,12.439110051171156,11.167110051171155
4671,4772,164.0,-43.225,172.375,12.394064319607423,11.410064319607423
4672,4955,997.0,-43.175,172.225,12.648552819802717,6.666552819802717
4673,4957,641.0,-43.175,172.275,12.601917380334271,8.755917380334271
4674,4959,558.0,-43.175,172.325,12.547263500311601,9.199263500311602
4675,4961,393.0,-43.175,172.375,12.487675754373413,10.129675754373412
4676,4692,112.0,-43.325,172.425,12.267631623049965,11.595631623049965
4677,4693,71.0,-43.325,172.475,12.269746425641642,11.843746425641642
4678,4694,51.0,-43.325,172.525,12.275454116123,11.969454116123002
4679,4744,146.0,-43.275,172.425,12.29687841507257,11.42087841507257
4680,4745,85.0,-43.275,172.475,12.272703660033585,11.762703660033585
4681,4746,72.0,-43.275,172.525,12.254562338664982,11.822562338664982
4682,4774,136.0,-43.225,172.425,12.348755508530303,11.532755508530302
4683,4776,127.0,-43.225,172.475,12.306641968155418,11.544641968155418
4684,4778,127.0,-43.225,172.525,12.274219684179116,11.512219684179115
4685,4963,179.0,-43.175,172.425,12.426823300562319,11.352823300562319
4686,4965,216.0,-43.175,172.475,12.369570935996308,11.073570935996308
4687,4967,284.0,-43.175,172.525,12.322695695156654,10.618695695156653
4688,4035,100.0,-43.175,172.675,12.305783652374885,11.705783652374885
4689,4114,31.0,-43.175,172.725,12.339023572598308,12.153023572598308
4690,4695,30.0,-43.325,172.575,12.294423863578231,12.114423863578232
4691,4696,10.0,-43.325,172.625,12.348083750093792,12.288083750093792
4692,4697,9.0,-43.325,172.675,12.408078882515838,12.354078882515838
4693,4747,49.0,-43.275,172.575,12.256549090401677,11.962549090401676
4694,4748,17.0,-43.275,172.625,12.29369414818757,12.191694148187569
4695,4749,11.0,-43.275,172.675,12.34643532141672,12.28043532141672
4696,4780,159.0,-43.225,172.575,12.262314844041612,11.308314844041611
4697,4782,85.0,-43.225,172.625,12.27759035742747,11.767590357427471
4698,4784,37.0,-43.225,172.675,12.313242827043723,12.091242827043724
4699,4786,15.0,-43.225,172.725,12.359044733932024,12.269044733932024
4700,4969,213.0,-43.175,172.575,12.294078456599891,11.01607845659989
4701,4971,161.0,-43.175,172.625,12.288796569057013,11.322796569057013
4702,4117,3.0,-43.175,172.775,12.381172430970764,12.363172430970764
4703,4122,6.0,-43.125,170.275,17.349356974802504,17.313356974802502
4704,4129,13.0,-43.125,170.325,17.3243556438174,17.2463556438174
4705,4139,70.0,-43.125,170.375,17.30347001800692,16.883470018006918
4706,4008,59.0,-43.025,170.575,17.429783760617283,17.075783760617284
4707,4146,53.0,-43.125,170.425,17.278018721706758,16.960018721706756
4708,4155,33.0,-43.125,170.475,17.240905209553603,17.042905209553602
4709,4164,66.0,-43.125,170.525,17.184800556926348,16.788800556926347
4710,4259,49.0,-43.125,170.575,17.1007825571578,16.8067825571578
4711,4475,11.0,-43.075,170.425,17.423965460060572,17.357965460060573
4712,4476,46.0,-43.075,170.475,17.395439371022803,17.119439371022803
4713,4477,29.0,-43.075,170.525,17.35044992267649,17.17644992267649
4714,4478,32.0,-43.075,170.575,17.279847026751668,17.087847026751668
4715,4009,64.0,-43.025,170.625,17.329841569266137,16.945841569266136
4716,4010,109.0,-43.025,170.675,17.16905620689431,16.51505620689431
4717,4011,38.0,-43.025,170.725,16.915658225672814,16.687658225672813
4718,4261,60.0,-43.125,170.625,16.977499103442824,16.617499103442825
4719,4268,628.0,-43.125,170.675,16.80323790577677,13.035237905776768
4720,4284,171.0,-43.125,170.725,16.57481432208442,15.548814322084421
4721,4479,32.0,-43.075,170.625,17.170308597342228,16.978308597342227
4722,4480,614.0,-43.075,170.675,17.001678617787547,13.317678617787548
4723,4481,77.0,-43.075,170.725,16.7634524508685,16.3014524508685
4724,4012,313.0,-43.025,170.775,16.616015496740147,14.738015496740147
4725,4013,521.0,-43.025,170.825,16.299056753246987,13.173056753246987
4726,4014,145.0,-43.025,170.875,15.98249142759596,15.11249142759596
4727,4015,891.0,-43.025,170.925,15.679384953131375,10.333384953131375
4728,4392,717.0,-43.125,170.775,16.30370521263103,12.00170521263103
4729,4398,1050.0,-43.125,170.825,16.007823302996258,9.707823302996257
4730,4402,1266.0,-43.125,170.875,15.70325391833103,8.107253918331029
4731,4408,1956.0,-43.125,170.925,15.402447998720163,3.666447998720164
4732,4482,597.0,-43.075,170.775,16.477133271047933,12.895133271047932
4733,4483,634.0,-43.075,170.825,16.168530657287192,12.364530657287192
4734,4484,821.0,-43.075,170.875,15.855750872382487,10.929750872382487
4735,4485,1777.0,-43.075,170.925,15.551674812228157,4.889674812228158
4736,4016,1014.0,-43.025,170.975,15.399108029974741,9.315108029974741
4737,4017,309.0,-43.025,171.025,15.147277655720245,13.293277655720246
4738,4018,880.0,-43.025,171.075,14.925780301113264,9.645780301113263
4739,4019,1229.0,-43.025,171.125,14.733331333838578,7.359331333838579
4740,4416,809.0,-43.125,170.975,15.11448951186685,10.26048951186685
4741,4421,1274.0,-43.125,171.025,14.845463663143164,7.201463663143164
4742,4427,1666.0,-43.125,171.075,14.598773388093832,4.602773388093832
4743,4434,1916.0,-43.125,171.125,14.375523898652318,2.8795238986523177
4744,4486,824.0,-43.075,170.975,15.265392290417367,10.321392290417368
4745,4487,259.0,-43.075,171.025,15.002640561910084,13.448640561910084
4746,4488,1181.0,-43.075,171.075,14.766069964825874,7.680069964825874
4747,4489,1576.0,-43.075,171.125,14.555701336386846,5.099701336386847
4748,4020,1306.0,-43.025,171.175,14.566507607894891,6.730507607894891
4749,4021,1206.0,-43.025,171.225,14.420879775130743,7.184879775130743
4750,4022,847.0,-43.025,171.275,14.291910019601346,9.209910019601345
4751,4441,1880.0,-43.125,171.175,14.175011725226796,2.895011725226796
4752,4442,1495.0,-43.125,171.225,13.995260772637266,5.025260772637267
4753,4443,875.0,-43.125,171.275,13.833518483297667,8.583518483297667
4754,4490,2013.0,-43.075,171.175,14.369612405895168,2.291612405895169
4755,4491,1231.0,-43.075,171.225,14.20470190341075,6.8187019034107506
4756,4492,804.0,-43.075,171.275,14.05735488625578,9.233354886255782
4757,4023,759.0,-43.025,171.325,14.175491532536398,9.6214915325364
4758,4024,1703.0,-43.025,171.375,14.068165680288075,3.8501656802880753
4759,4025,1506.0,-43.025,171.425,13.967099148827401,4.931099148827402
4760,4026,1234.0,-43.025,171.475,13.869874638148758,6.465874638148758
4761,4444,686.0,-43.125,171.325,13.686652301137656,9.570652301137656
4762,4445,818.0,-43.125,171.375,13.551435611600027,8.643435611600028
4763,4446,1504.0,-43.125,171.425,13.424762598489906,4.400762598489907
4764,4447,1126.0,-43.125,171.475,13.30389335426662,6.547893354266621
4765,4493,675.0,-43.075,171.325,13.923911011839664,9.873911011839663
4766,4494,1349.0,-43.075,171.375,13.800926587544382,5.706926587544382
4767,4495,1451.0,-43.075,171.425,13.685278151235252,4.979278151235253
4768,4496,1358.0,-43.075,171.475,13.574208484540577,5.426208484540577
4769,4027,939.0,-43.025,171.525,13.774170905810024,8.140170905810024
4770,4028,905.0,-43.025,171.575,13.678306962334318,8.248306962334318
4771,4029,618.0,-43.025,171.625,13.585341035792226,9.877341035792226
4772,4448,1625.0,-43.125,171.525,13.18692581263167,3.436925812631671
4773,4449,1746.0,-43.125,171.575,13.073746257716266,2.597746257716265
4774,4450,832.0,-43.125,171.625,12.967496426535945,7.975496426535945
4775,4497,1501.0,-43.075,171.525,13.465583929610148,4.459583929610147
4776,4498,1245.0,-43.075,171.575,13.359022700326022,5.889022700326024
4777,4499,1285.0,-43.075,171.625,13.258259539827122,5.548259539827123
4778,4030,577.0,-43.025,171.675,13.50498564177542,10.04298564177542
4779,4031,815.0,-43.025,171.725,13.447098068980267,8.557098068980267
4780,4033,950.0,-43.025,171.775,13.414854336308053,7.714854336308053
4781,4037,638.0,-43.025,171.825,13.40306201229214,9.57506201229214
4782,4451,1775.0,-43.125,171.675,12.87668091917294,2.2266809191729404
4783,4452,1002.0,-43.125,171.725,12.820980272201268,6.808980272201269
4784,4453,630.0,-43.125,171.775,12.812612184112368,9.032612184112368
4785,4454,1523.0,-43.125,171.825,12.828123243014488,3.6901232430144884
4786,4500,1407.0,-43.075,171.675,13.172946188100468,4.730946188100468
4787,4501,1117.0,-43.075,171.725,13.116627722803969,6.414627722803969
4788,4502,641.0,-43.075,171.775,13.094455651989847,9.248455651989847
4789,4503,921.0,-43.075,171.825,13.09605991319404,7.570059913194039
4790,4038,1198.0,-43.025,171.875,13.402827893192807,6.214827893192807
4791,4039,713.0,-43.025,171.925,13.405707839068782,9.127707839068783
4792,4040,1200.0,-43.025,171.975,13.404855676830266,6.204855676830267
4793,4455,596.0,-43.125,171.875,12.852514452715695,9.276514452715695
4794,4456,782.0,-43.125,171.925,12.877229349325717,8.185229349325716
4795,4457,693.0,-43.125,171.975,12.896389198000179,8.73838919800018
4796,4504,562.0,-43.075,171.875,13.108772553103336,9.736772553103336
4797,4505,451.0,-43.075,171.925,13.1233594770747,10.417359477074701
4798,4506,593.0,-43.075,171.975,13.133243713400589,9.575243713400589
4799,4041,934.0,-43.025,172.025,13.39500898991355,7.791008989913549
4800,4042,1149.0,-43.025,172.075,13.372348128530575,6.478348128530575
4801,4043,1283.0,-43.025,172.125,13.334424979671894,5.636424979671895
4802,4044,901.0,-43.025,172.175,13.28013915844167,7.874139158441671
4803,4458,1580.0,-43.125,172.025,12.905785343351454,3.4257853433514533
4804,4459,1194.0,-43.125,172.075,12.90255347830498,5.738553478304981
4805,4460,679.0,-43.125,172.125,12.885076671665956,8.811076671665957
4806,4461,452.0,-43.125,172.175,12.852947987930747,10.140947987930748
4807,4507,1019.0,-43.075,172.025,13.133667782833072,7.019667782833072
4808,4508,1152.0,-43.075,172.075,13.121323504999964,6.209323504999964
4809,4509,699.0,-43.075,172.125,13.094216148516352,8.900216148516353
4810,4510,542.0,-43.075,172.175,13.051611546450658,9.79961154645066
4811,4045,1440.0,-43.025,172.225,13.209715852050067,4.5697158520500665
4812,4046,761.0,-43.025,172.275,13.124657388407286,8.558657388407287
4813,4047,671.0,-43.025,172.325,13.027662779115417,9.001662779115417
4814,4048,498.0,-43.025,172.375,12.92251983976712,9.93451983976712
4815,4462,457.0,-43.125,172.225,12.806902572330728,10.064902572330727
4816,4463,939.0,-43.125,172.275,12.748688465673695,7.114688465673694
4817,4464,566.0,-43.125,172.325,12.680914226318237,9.284914226318236
4818,4465,373.0,-43.125,172.375,12.606964847421295,10.368964847421296
4819,4511,563.0,-43.075,172.225,12.993985905894078,9.615985905894078
4820,4512,493.0,-43.075,172.275,12.922947932835996,9.964947932835996
4821,4513,837.0,-43.075,172.325,12.84114430014779,7.81914430014779
4822,4514,488.0,-43.075,172.375,12.752180652589232,9.82418065258923
4823,4049,706.0,-43.025,172.425,12.81396182350909,8.577961823509089
4824,4050,393.0,-43.025,172.475,12.707449581390392,10.349449581390392
4825,4051,298.0,-43.025,172.525,12.608835419472598,10.820835419472598
4826,4466,640.0,-43.125,172.425,12.531069776818185,8.691069776818185
4827,4467,396.0,-43.125,172.475,12.458478161997846,10.082478161997846
4828,4468,444.0,-43.125,172.525,12.395404426648383,9.731404426648384
4829,4515,539.0,-43.075,172.425,12.660567674864069,9.426567674864069
4830,4516,417.0,-43.075,172.475,12.571620203336352,10.069620203336353
4831,4517,349.0,-43.075,172.525,12.491140353176888,10.397140353176889
4832,4001,126.0,-43.075,172.675,12.357415007805685,11.601415007805684
4833,4002,90.0,-43.075,172.725,12.363188269078819,11.82318826907882
4834,4052,443.0,-43.025,172.575,12.52398672664458,9.86598672664458
4835,4053,476.0,-43.025,172.625,12.458832068296033,9.602832068296033
4836,4054,308.0,-43.025,172.675,12.419835797354608,10.571835797354609
4837,4055,170.0,-43.025,172.725,12.40692748625952,11.38692748625952
4838,4469,327.0,-43.125,172.575,12.348212291642994,10.386212291642995
4839,4470,147.0,-43.125,172.625,12.322146042040913,11.440146042040913
4840,4471,83.0,-43.125,172.675,12.320558974326559,11.82255897432656
4841,4472,73.0,-43.125,172.725,12.340386219046195,11.902386219046194
4842,4518,220.0,-43.075,172.575,12.42479813240061,11.10479813240061
4843,4519,120.0,-43.075,172.625,12.377732563676545,11.657732563676545
4844,4003,60.0,-43.075,172.775,12.3842298206946,12.0242298206946
4845,4004,426.0,-43.075,172.825,12.414684161027253,9.858684161027254
4846,4005,278.0,-43.075,172.875,12.450495080149267,10.782495080149268
4847,4056,94.0,-43.025,172.775,12.412741874028143,11.848741874028143
4848,4057,81.0,-43.025,172.825,12.431387813427136,11.945387813427136
4849,4058,134.0,-43.025,172.875,12.458575714015751,11.65457571401575
4850,4473,21.0,-43.125,172.775,12.373210303543601,12.247210303543602
4851,4474,115.0,-43.125,172.825,12.412597841743263,11.722597841743264
4852,4006,216.0,-43.075,172.925,12.488770316303999,11.192770316304
4853,4007,120.0,-43.075,172.975,12.52735391582246,11.807353915822459
4854,4059,235.0,-43.025,172.925,12.491203573899838,11.081203573899838
4855,4060,117.0,-43.025,172.975,12.526991839498805,11.824991839498805
4856,4061,60.0,-43.025,173.025,12.563899679960741,12.203899679960742
4857,4062,59.0,-43.025,173.075,12.599571488550282,12.245571488550283
4858,4063,17.0,-42.975,170.675,17.26059093447475,17.15859093447475
4859,4066,56.0,-42.975,170.725,17.010022010774264,16.674022010774266
4860,4068,557.0,-42.975,170.775,16.711755918138806,13.369755918138805
4861,4069,248.0,-42.975,170.825,16.395910454240948,14.907910454240948
4862,4070,328.0,-42.975,170.875,16.082118515114416,14.114118515114416
4863,4071,666.0,-42.975,170.925,15.78516250726534,11.78916250726534
4864,4269,36.0,-42.925,170.775,16.772077240562794,16.556077240562793
4865,4275,502.0,-42.925,170.825,16.46492357920215,13.45292357920215
4866,4280,85.0,-42.925,170.875,16.159357155011094,15.649357155011094
4867,4288,217.0,-42.925,170.925,15.87284872428063,14.57084872428063
4868,4335,8.0,-42.875,170.825,16.520135783328442,16.472135783328444
4869,4336,74.0,-42.875,170.875,16.224988025744096,15.780988025744096
4870,4337,69.0,-42.875,170.925,15.950822885944945,15.536822885944945
4871,5453,24.0,-42.825,170.875,16.29447412297668,16.150474122976682
4872,5456,24.0,-42.825,170.925,16.031920740380883,15.887920740380883
4873,4072,393.0,-42.975,170.975,15.515772575272422,13.157772575272421
4874,4073,143.0,-42.975,171.025,15.280035672822123,14.422035672822123
4875,4074,952.0,-42.975,171.075,15.079087327587331,9.367087327587331
4876,4075,1019.0,-42.975,171.125,14.909942542570207,8.795942542570206
4877,4289,107.0,-42.925,170.975,15.618688017068052,14.976688017068053
4878,4290,54.0,-42.925,171.025,15.404179212782765,15.080179212782765
4879,4291,107.0,-42.925,171.075,15.229505747036455,14.587505747036456
4880,4292,220.0,-42.925,171.125,15.089144350738934,13.769144350738934
4881,4338,40.0,-42.875,170.975,15.714648442335601,15.474648442335601
4882,4339,39.0,-42.875,171.025,15.526030992165033,15.292030992165033
4883,4340,38.0,-42.875,171.075,15.383462776328088,15.155462776328088
4884,4341,154.0,-42.875,171.125,15.277141324957483,14.353141324957484
4885,5462,71.0,-42.825,170.975,15.814171088564763,15.388171088564762
4886,5560,18.0,-42.825,171.025,15.655602246501076,15.547602246501075
4887,5563,156.0,-42.825,171.075,15.551107486411638,14.615107486411638
4888,5565,475.0,-42.825,171.125,15.483175787980144,12.633175787980145
4889,4076,1284.0,-42.975,171.175,14.76721636730872,7.06321636730872
4890,4077,887.0,-42.975,171.225,14.644865592803399,9.3228655928034
4891,4078,1731.0,-42.975,171.275,14.53736671945444,4.15136671945444
4892,4293,789.0,-42.925,171.175,14.97498898604681,10.24098898604681
4893,4294,957.0,-42.925,171.225,14.87904500406512,9.137045004065119
4894,4295,1360.0,-42.925,171.275,14.794813459735451,6.634813459735451
4895,4342,318.0,-42.875,171.175,15.195136829115654,13.287136829115655
4896,4343,791.0,-42.875,171.225,15.127303860655957,10.381303860655958
4897,4344,934.0,-42.875,171.275,15.066415246357792,9.462415246357793
4898,5567,602.0,-42.825,171.175,15.435028864376363,11.823028864376363
4899,5569,153.0,-42.825,171.225,15.394780635189818,14.476780635189819
4900,5571,797.0,-42.825,171.275,15.355119604839274,10.573119604839274
4901,4079,1204.0,-42.975,171.325,14.440265999881376,7.216265999881377
4902,4080,1635.0,-42.975,171.375,14.35028152383893,4.54028152383893
4903,4081,1408.0,-42.975,171.425,14.265134539993596,5.817134539993596
4904,4082,1544.0,-42.975,171.475,14.183171965112706,4.919171965112707
4905,4296,1025.0,-42.925,171.325,14.717661976217641,8.567661976217643
4906,4297,1487.0,-42.925,171.375,14.644661339745653,5.722661339745654
4907,4298,1387.0,-42.925,171.425,14.574176257716317,6.252176257716318
4908,4299,991.0,-42.925,171.475,14.505294733080518,8.559294733080518
4909,4345,1531.0,-42.875,171.325,15.00799721317162,5.8219972131716204
4910,4346,734.0,-42.875,171.375,14.949730574477144,10.545730574477144
4911,4347,1027.0,-42.875,171.425,14.890711061103502,8.728711061103503
4912,4348,1260.0,-42.875,171.475,14.830604682883859,7.270604682883859
4913,5573,912.0,-42.825,171.325,15.312270140369947,9.840270140369947
4914,5575,1136.0,-42.825,171.375,15.26492922854959,8.448929228549591
4915,5577,1336.0,-42.825,171.425,15.213246802981303,7.197246802981303
4916,5579,717.0,-42.825,171.475,15.157892578670726,10.855892578670726
4917,4083,1034.0,-42.975,171.525,14.102542204429483,7.898542204429483
4918,4084,893.0,-42.975,171.575,14.019000170828804,8.661000170828803
4919,4085,738.0,-42.975,171.625,13.932737548195291,9.50473754819529
4920,4300,1733.0,-42.925,171.525,14.436868821034295,4.038868821034297
4921,4301,1604.0,-42.925,171.575,14.364161830433659,4.74016183043366
4922,4302,1064.0,-42.925,171.625,14.285367271786527,7.901367271786526
4923,4349,1053.0,-42.875,171.525,14.768571167111077,8.450571167111077
4924,4350,1462.0,-42.875,171.575,14.702605150985619,5.93060515098562
4925,4351,1134.0,-42.875,171.625,14.634009078989038,7.830009078989039
4926,5581,1175.0,-42.825,171.525,15.099371110285574,8.049371110285573
4927,5583,810.0,-42.825,171.575,15.038263409011051,10.178263409011052
4928,5659,759.0,-42.825,171.625,14.976943724230296,10.422943724230297
4929,4086,1271.0,-42.975,171.675,13.85613003013168,6.23013003013168
4930,4087,767.0,-42.975,171.725,13.797375196736539,9.195375196736538
4931,4088,1023.0,-42.975,171.775,13.758660244446219,7.620660244446219
4932,4089,1481.0,-42.975,171.825,13.736823030814776,4.850823030814777
4933,4303,1600.0,-42.925,171.675,14.213915740901939,4.613915740901939
4934,4304,1311.0,-42.925,171.725,14.156504361695625,6.290504361695625
4935,4305,1017.0,-42.925,171.775,14.114882933748959,8.012882933748958
4936,4306,786.0,-42.925,171.825,14.08690770143403,9.370907701434028
4937,4352,1236.0,-42.875,171.675,14.570017142159486,7.1540171421594865
4938,4353,1194.0,-42.875,171.725,14.516422902888735,7.352422902888735
4939,4354,1138.0,-42.875,171.775,14.475152709679605,7.647152709679605
4940,4355,1284.0,-42.875,171.825,14.444794842387637,6.740794842387637
4941,5661,785.0,-42.825,171.675,14.919945048035515,10.209945048035515
4942,5662,819.0,-42.825,171.725,14.871351282476098,9.957351282476099
4943,5665,880.0,-42.825,171.775,14.832827938549599,9.552827938549598
4944,5669,1016.0,-42.825,171.825,14.803312200634537,8.707312200634536
4945,4090,977.0,-42.975,171.875,13.725487578474713,7.863487578474714
4946,4091,1226.0,-42.975,171.925,13.717474025743286,6.361474025743286
4947,4092,1478.0,-42.975,171.975,13.706168995482585,4.838168995482587
4948,4307,791.0,-42.925,171.875,14.067731474866378,9.321731474866379
4949,4308,838.0,-42.925,171.925,14.051249367166747,9.023249367166747
4950,4309,747.0,-42.925,171.975,14.03124044957076,9.54924044957076
4951,4356,697.0,-42.875,171.875,14.421463128046526,10.239463128046527
4952,4357,1374.0,-42.875,171.925,14.399790027469862,6.1557900274698625
4953,4358,1381.0,-42.875,171.975,14.373848099790848,6.087848099790849
4954,5673,710.0,-42.825,171.875,14.779436560036629,10.51943656003663
4955,5677,1147.0,-42.825,171.925,14.756208982284079,7.874208982284078
4956,5681,1082.0,-42.825,171.975,14.727757400691189,8.235757400691188
4957,4093,975.0,-42.975,172.025,13.686046572503983,7.836046572503983
4958,4094,803.0,-42.975,172.075,13.652847909788761,8.834847909788762
4959,4095,1466.0,-42.975,172.125,13.603671767072228,4.807671767072229
4960,4096,1256.0,-42.975,172.175,13.537039216940684,6.0010392169406845
4961,4310,799.0,-42.925,172.025,14.00207323970426,9.208073239704259
4962,4311,1308.0,-42.925,172.075,13.959123910133712,6.1111239101337125
4963,4312,882.0,-42.925,172.125,13.899051381707977,8.607051381707977
4964,4313,1051.0,-42.925,172.175,13.819990393154512,7.513990393154512
4965,4359,1643.0,-42.875,172.025,14.337886831561264,4.479886831561265
4966,4360,1101.0,-42.875,172.075,14.286899253203956,7.680899253203956
4967,4361,1539.0,-42.875,172.125,14.217066316053206,4.983066316053206
4968,4362,1358.0,-42.875,172.175,14.126098255595934,5.978098255595935
4969,5685,952.0,-42.825,172.025,14.68804792759056,8.97604792759056
4970,5689,1686.0,-42.825,172.075,14.631549367085427,4.515549367085427
4971,5693,937.0,-42.825,172.125,14.553834511672903,8.931834511672903
4972,5697,712.0,-42.825,172.175,14.452088704507332,10.180088704507332
4973,4097,1095.0,-42.975,172.225,13.452925943589435,6.882925943589435
4974,4098,801.0,-42.975,172.275,13.352743796429422,8.546743796429421
4975,4100,1181.0,-42.975,172.325,13.239261847440503,6.153261847440502
4976,4101,756.0,-42.975,172.375,13.116466918563674,8.580466918563674
4977,4314,1326.0,-42.925,172.225,13.721666847572124,5.765666847572124
4978,4315,915.0,-42.925,172.275,13.605420618034259,8.115420618034259
4979,4316,599.0,-42.925,172.325,13.474126627652367,9.880126627652368
4980,4317,709.0,-42.925,172.375,13.332020933750755,9.078020933750755
4981,4363,1514.0,-42.875,172.225,14.013457766042848,4.929457766042848
4982,4364,1174.0,-42.875,172.275,13.880437344720121,6.836437344720122
4983,4365,561.0,-42.875,172.325,13.730076836529406,10.364076836529406
4984,4366,1063.0,-42.875,172.375,13.566938098818355,7.188938098818355
4985,5701,681.0,-42.825,172.225,14.325469025472557,10.239469025472559
4986,5785,745.0,-42.825,172.275,14.17525202487559,9.705252024875591
4987,5787,649.0,-42.825,172.325,14.00473738457913,10.11073738457913
4988,5789,821.0,-42.825,172.375,13.818933330641812,8.892933330641812
4989,4102,563.0,-42.975,172.425,12.989365029556211,9.611365029556211
4990,4103,482.0,-42.975,172.475,12.86372187627967,9.97172187627967
4991,4104,324.0,-42.975,172.525,12.745752645285393,10.801752645285394
4992,4318,520.0,-42.925,172.425,13.18445258045358,10.06445258045358
4993,4319,459.0,-42.925,172.475,13.037586685262795,10.283586685262796
4994,4320,442.0,-42.925,172.525,12.898075949149643,10.246075949149644
4995,4367,508.0,-42.875,172.425,13.396784766990095,10.348784766990095
4996,4368,463.0,-42.875,172.475,13.226225400936528,10.448225400936527
4997,4369,401.0,-42.875,172.525,13.062350851567317,10.656350851567318
4998,5791,469.0,-42.825,172.425,13.624113251436938,10.810113251436938
4999,5793,571.0,-42.825,172.475,13.427362033660756,10.001362033660756
5000,5795,525.0,-42.825,172.525,13.236188944796595,10.086188944796595
5001,4105,303.0,-42.975,172.575,12.64181405868294,10.82381405868294
5002,4106,383.0,-42.975,172.625,12.558085628439585,10.260085628439585
5003,4107,297.0,-42.975,172.675,12.499401667035272,10.717401667035272
5004,4108,378.0,-42.975,172.725,12.466292377426726,10.198292377426725
5005,4321,300.0,-42.925,172.575,12.772677999175357,10.972677999175357
5006,4322,295.0,-42.925,172.625,12.667658013833716,10.897658013833716
5007,4323,330.0,-42.925,172.675,12.587630576887022,10.607630576887022
5008,4324,285.0,-42.925,172.725,12.53403788765354,10.824037887653539
5009,4370,303.0,-42.875,172.575,12.912327103749703,11.094327103749704
5010,4371,279.0,-42.875,172.625,12.782814419257193,11.108814419257193
5011,4372,239.0,-42.875,172.675,12.67907658650438,11.24507658650438
5012,4373,216.0,-42.875,172.725,12.60388008267546,11.30788008267546
5013,5797,319.0,-42.825,172.575,13.058184579203953,11.144184579203953
5014,5799,280.0,-42.825,172.625,12.900613005265768,11.220613005265768
5015,5801,261.0,-42.825,172.675,12.769820494853775,11.203820494853776
5016,5803,233.0,-42.825,172.725,12.670380687170109,11.27238068717011
5017,4064,257.0,-42.975,172.775,12.454767358620302,10.912767358620302
5018,4121,262.0,-42.975,172.825,12.459589422156569,10.88758942215657
5019,4128,119.0,-42.975,172.875,12.476171208028973,11.762171208028972
5020,4325,480.0,-42.925,172.775,12.50469363254524,9.624693632545242
5021,4326,273.0,-42.925,172.825,12.494931283868937,10.856931283868937
5022,4327,182.0,-42.925,172.875,12.499707807390223,11.407707807390222
5023,4374,283.0,-42.875,172.775,12.556526447973738,10.858526447973738
5024,4375,490.0,-42.875,172.825,12.53240135357919,9.59240135357919
5025,5215,295.0,-42.875,172.875,12.52487161312456,10.75487161312456
5026,5805,203.0,-42.825,172.775,12.603792870362668,11.385792870362668
5027,5807,172.0,-42.825,172.825,12.566103128527175,11.534103128527175
5028,5810,143.0,-42.825,172.875,12.546322345373483,11.688322345373482
5029,4134,194.0,-42.975,172.925,12.501265324488486,11.337265324488486
5030,4138,305.0,-42.975,172.975,12.532749029356637,10.702749029356637
5031,4145,359.0,-42.975,173.025,12.56866204887774,10.41466204887774
5032,4154,293.0,-42.975,173.075,12.606333266088768,10.848333266088769
5033,4328,149.0,-42.925,172.925,12.515800270848558,11.621800270848558
5034,4329,187.0,-42.925,172.975,12.541843893755868,11.419843893755868
5035,4330,383.0,-42.925,173.025,12.576335933637893,10.278335933637893
5036,4331,138.0,-42.925,173.075,12.616283529991051,11.788283529991052
5037,5323,228.0,-42.875,172.925,12.530804858106421,11.162804858106421
5038,5327,144.0,-42.875,172.975,12.550875263845228,11.686875263845227
5039,5333,112.0,-42.875,173.025,12.58433261000755,11.91233261000755
5040,5340,106.0,-42.875,173.075,12.627451676173223,11.991451676173224
5041,5813,243.0,-42.825,172.925,12.541231510953367,11.083231510953366
5042,5816,524.0,-42.825,172.975,12.556350108017796,9.412350108017796
5043,5819,383.0,-42.825,173.025,12.590794328196353,10.292794328196353
5044,5822,299.0,-42.825,173.075,12.638915173400164,10.844915173400164
5045,4163,126.0,-42.975,173.125,12.642049580328603,11.886049580328603
5046,4260,44.0,-42.975,173.175,12.671155959607859,12.40715595960786
5047,4332,425.0,-42.925,173.125,12.657078052809084,10.107078052809083
5048,4333,60.0,-42.925,173.175,12.692776890584355,12.332776890584356
5049,4334,45.0,-42.925,173.225,12.7163881728884,12.446388172888401
5050,5438,291.0,-42.875,173.125,12.674399781815737,10.928399781815736
5051,5443,58.0,-42.875,173.175,12.718001788056426,12.370001788056426
5052,5448,33.0,-42.875,173.225,12.749725170389866,12.551725170389865
5053,5824,196.0,-42.825,173.125,12.693041624112084,11.517041624112084
5054,5826,354.0,-42.825,173.175,12.74472230174797,10.62072230174797
5055,5828,72.0,-42.825,173.225,12.784815613831597,12.352815613831597
5056,5450,168.0,-42.875,173.275,12.759051254350197,11.751051254350198
5057,5830,81.0,-42.825,173.275,12.801051227612334,12.315051227612333
5058,5832,181.0,-42.825,173.325,12.776808695060026,11.690808695060026
5059,5834,20.0,-42.775,170.925,16.134517824237264,16.014517824237263
5060,5108,47.0,-42.625,171.125,16.69733183552671,16.41533183552671
5061,5221,19.0,-42.725,170.975,16.096257316363335,15.982257316363334
5062,5222,83.0,-42.725,171.025,16.011591920065257,15.513591920065258
5063,5223,174.0,-42.725,171.075,15.993420280636201,14.9494202806362
5064,5224,85.0,-42.725,171.125,15.99871703782992,15.48871703782992
5065,5270,13.0,-42.675,171.025,16.301889805239625,16.223889805239626
5066,5271,90.0,-42.675,171.075,16.303627016288374,15.763627016288375
5067,5272,81.0,-42.675,171.125,16.327283404065383,15.841283404065383
5068,5836,72.0,-42.775,170.975,15.93264396594168,15.500643965941679
5069,5838,20.0,-42.775,171.025,15.80840083595831,15.68840083595831
5070,5840,102.0,-42.775,171.075,15.747608276691608,15.135608276691608
5071,5842,160.0,-42.775,171.125,15.7194408890864,14.759440889086399
5072,5109,79.0,-42.625,171.175,16.722898142848862,16.248898142848862
5073,5110,80.0,-42.625,171.225,16.72695046635272,16.246950466352718
5074,5111,127.0,-42.625,171.275,16.70380142621616,15.94180142621616
5075,5225,144.0,-42.725,171.175,16.007290811103303,15.143290811103302
5076,5226,190.0,-42.725,171.225,16.007432169710228,14.867432169710227
5077,5227,59.0,-42.725,171.275,15.99349623035232,15.639496230352322
5078,5273,124.0,-42.675,171.175,16.349293919418415,15.605293919418415
5079,5274,68.0,-42.675,171.225,16.356167324716807,15.948167324716808
5080,5279,173.0,-42.675,171.275,16.342365691085433,15.304365691085433
5081,5844,148.0,-42.775,171.175,15.703269420839206,14.815269420839206
5082,5846,699.0,-42.775,171.225,15.68688926440882,11.49288926440882
5083,5848,725.0,-42.775,171.275,15.663740678348404,11.313740678348404
5084,5112,192.0,-42.625,171.325,16.656518627907644,15.504518627907645
5085,5113,144.0,-42.625,171.375,16.591893779894235,15.727893779894234
5086,5114,89.0,-42.625,171.425,16.51700330751555,15.98300330751555
5087,5115,89.0,-42.625,171.475,16.438062871826332,15.904062871826332
5088,5228,767.0,-42.725,171.325,15.964464436805429,11.362464436805428
5089,5229,700.0,-42.725,171.375,15.922285968337746,11.722285968337747
5090,5230,230.0,-42.725,171.425,15.870307961384242,14.490307961384243
5091,5231,152.0,-42.725,171.475,15.812198518029618,14.900198518029619
5092,5280,613.0,-42.675,171.325,16.308490840345257,12.630490840345256
5093,5281,710.0,-42.675,171.375,16.258608837606516,11.998608837606517
5094,5282,425.0,-42.675,171.425,16.197937910103064,13.647937910103064
5095,5283,420.0,-42.675,171.475,16.131593147343665,13.611593147343665
5096,5850,323.0,-42.775,171.325,15.631297339852608,13.693297339852608
5097,5852,541.0,-42.775,171.375,15.589714678400924,12.343714678400923
5098,5854,470.0,-42.775,171.425,15.54060167717762,12.72060167717762
5099,5856,216.0,-42.775,171.475,15.486062023084742,14.190062023084742
5100,5116,111.0,-42.625,171.525,16.360349088536168,15.694349088536168
5101,5117,120.0,-42.625,171.575,16.288369566645997,15.568369566645996
5102,5118,889.0,-42.625,171.625,16.22595503797129,10.89195503797129
5103,5232,409.0,-42.725,171.525,15.751463848981075,13.297463848981074
5104,5233,1041.0,-42.725,171.575,15.691437558620237,9.445437558620238
5105,5234,1055.0,-42.725,171.625,15.635413736557894,9.305413736557894
5106,5284,192.0,-42.675,171.525,16.06417209677784,14.912172096777839
5107,5285,354.0,-42.675,171.575,15.999750120572571,13.87575012057257
5108,5286,306.0,-42.675,171.625,15.941928560916494,14.105928560916494
5109,5858,966.0,-42.775,171.525,15.428192512150417,9.632192512150418
5110,5860,1102.0,-42.775,171.575,15.369223907830019,8.75722390783002
5111,5862,277.0,-42.775,171.625,15.312061394430202,13.650061394430203
5112,5119,443.0,-42.625,171.675,16.176154607888748,13.518154607888748
5113,5120,1107.0,-42.625,171.725,16.14093043628054,9.498930436280542
5114,5121,732.0,-42.625,171.775,16.12073654305823,11.728736543058229
5115,5122,720.0,-42.625,171.825,16.114100091334876,11.794100091334876
5116,5235,1126.0,-42.725,171.675,15.586472358330866,8.830472358330866
5117,5236,1171.0,-42.725,171.725,15.546863483401467,8.520863483401467
5118,5237,964.0,-42.725,171.775,15.517296790760156,9.733296790760157
5119,5238,942.0,-42.725,171.825,15.49649698187568,9.844496981875679
5120,5287,684.0,-42.675,171.675,15.893689319427722,11.789689319427723
5121,5288,1236.0,-42.675,171.725,15.85700164634909,8.44100164634909
5122,5289,976.0,-42.675,171.775,15.832327230982628,9.976327230982628
5123,5290,1014.0,-42.675,171.825,15.81821596032114,9.73421596032114
5124,5864,322.0,-42.775,171.675,15.260180997995121,13.328180997995121
5125,5866,398.0,-42.775,171.725,15.216481298512008,12.828481298512008
5126,5868,1163.0,-42.775,171.775,15.182113322221994,8.204113322221993
5127,5870,1307.0,-42.775,171.825,15.155992748163044,7.313992748163044
5128,5123,955.0,-42.625,171.875,16.117304792078357,10.387304792078357
5129,5124,380.0,-42.625,171.925,16.124247606840072,13.844247606840073
5130,5125,707.0,-42.625,171.975,16.12653479979599,11.88453479979599
5131,5239,1148.0,-42.725,171.875,15.48111321928809,8.59311321928809
5132,5240,995.0,-42.725,171.925,15.465921957873434,9.495921957873435
5133,5241,874.0,-42.725,171.975,15.444258431394701,10.200258431394701
5134,5291,833.0,-42.675,171.875,15.811102172652681,10.81310217265268
5135,5292,1406.0,-42.675,171.925,15.805334244929327,7.369334244929327
5136,5293,1367.0,-42.675,171.975,15.793451908622956,7.591451908622956
5137,5872,1104.0,-42.775,171.875,15.134888340062389,8.51088834006239
5138,5874,975.0,-42.775,171.925,15.113834293120817,9.263834293120818
5139,5876,1094.0,-42.775,171.975,15.08671331818914,8.52271331818914
5140,5126,1010.0,-42.625,172.025,16.11390963757367,10.053909637573671
5141,5127,1324.0,-42.625,172.075,16.075144750506297,8.131144750506298
5142,5128,1604.0,-42.625,172.125,15.999518853921472,6.3755188539214735
5143,5129,1512.0,-42.625,172.175,15.878797319215664,6.806797319215665
5144,5242,1507.0,-42.725,172.025,15.408646938314632,6.3666469383146325
5145,5243,1328.0,-42.725,172.075,15.35161673658149,7.383616736581492
5146,5244,1303.0,-42.725,172.125,15.266662844613165,7.448662844613166
5147,5245,764.0,-42.725,172.175,15.149235214095825,10.565235214095825
5148,5294,1294.0,-42.675,172.025,15.766742833002354,8.002742833002355
5149,5295,813.0,-42.675,172.075,15.716121496086998,10.838121496086998
5150,5296,1187.0,-42.675,172.125,15.633330896571351,8.511330896571351
5151,5297,884.0,-42.675,172.175,15.512330994813965,10.208330994813966
5152,5878,1367.0,-42.775,172.025,15.046937126312514,6.844937126312514
5153,5880,1511.0,-42.775,172.075,14.988189061536104,5.9221890615361055
5154,5882,1385.0,-42.775,172.125,14.905189937975592,6.595189937975594
5155,5883,608.0,-42.775,172.175,14.794410991698896,11.146410991698897
5156,5130,963.0,-42.625,172.225,15.709201583878894,9.931201583878893
5157,5131,634.0,-42.625,172.275,15.4925232532878,11.6885232532878
5158,5132,1051.0,-42.625,172.325,15.235846567855333,8.929846567855332
5159,5133,1131.0,-42.625,172.375,14.94997017535934,8.163970175359339
5160,5246,1002.0,-42.725,172.225,14.997551128910345,8.985551128910345
5161,5247,546.0,-42.725,172.275,14.812996077709613,11.536996077709613
5162,5248,950.0,-42.725,172.325,14.599956894850038,8.899956894850039
5163,5249,1307.0,-42.725,172.375,14.36509585496242,6.52309585496242
5164,5298,768.0,-42.675,172.225,15.35054080212285,10.74254080212285
5165,5299,1473.0,-42.675,172.275,15.149501645144483,6.311501645144483
5166,5300,1720.0,-42.675,172.325,14.914668619971053,4.5946686199710545
5167,5301,1475.0,-42.675,172.375,14.65430300794469,5.804303007944691
5168,5884,743.0,-42.775,172.225,14.654616090083437,10.196616090083438
5169,5885,590.0,-42.775,172.275,14.487107715520324,10.947107715520325
5170,5886,550.0,-42.775,172.325,14.295601489153341,10.99560148915334
5171,5887,1028.0,-42.775,172.375,14.085756357577338,7.917756357577339
5172,5134,656.0,-42.625,172.425,14.646533481391089,10.710533481391089
5173,5135,591.0,-42.625,172.475,14.335052267571882,10.789052267571883
5174,5136,876.0,-42.625,172.525,14.02305339279701,8.76705339279701
5175,5250,637.0,-42.725,172.425,14.11629672786512,10.29429672786512
5176,5251,1070.0,-42.725,172.475,13.86173826916638,7.441738269166382
5177,5252,868.0,-42.725,172.525,13.609478206803033,8.401478206803034
5178,5302,978.0,-42.675,172.425,14.377721876280702,8.509721876280704
5179,5303,1214.0,-42.675,172.475,14.0937611087611,6.8097611087611005
5180,5304,1059.0,-42.675,172.525,13.810428656037402,7.456428656037402
5181,5888,764.0,-42.775,172.425,13.864512721385836,9.280512721385836
5182,5889,479.0,-42.775,172.475,13.639472323498921,10.765472323498921
5183,5890,592.0,-42.775,172.525,13.418492586377397,9.866492586377397
5184,5137,973.0,-42.625,172.575,13.717598837865808,7.8795988378658075
5185,5138,1113.0,-42.625,172.625,13.425906227184896,6.747906227184896
5186,5139,995.0,-42.625,172.675,13.155763526498049,7.185763526498049
5187,5140,556.0,-42.625,172.725,12.916376885561476,9.580376885561476
5188,5253,574.0,-42.725,172.575,13.367476436556899,9.9234764365569
5189,5254,902.0,-42.725,172.625,13.143734429999313,7.731734429999313
5190,5255,410.0,-42.725,172.675,12.946342966690281,10.486342966690282
5191,5256,379.0,-42.725,172.725,12.783240457785723,10.509240457785722
5192,5305,754.0,-42.675,172.575,13.535382335929171,9.01138233592917
5193,5306,1355.0,-42.675,172.625,13.276391881827294,5.146391881827293
5194,5307,549.0,-42.675,172.675,13.041669711939903,9.747669711939903
5195,5308,498.0,-42.675,172.725,12.840143800603983,9.852143800603983
5196,5891,623.0,-42.775,172.575,13.20948015216345,9.471480152163451
5197,5892,386.0,-42.775,172.625,13.020232475009834,10.704232475009835
5198,5893,405.0,-42.775,172.675,12.85816648223772,10.428166482237721
5199,5894,264.0,-42.775,172.725,12.729755267439032,11.145755267439032
5200,5141,279.0,-42.625,172.775,12.719929952228995,11.045929952228995
5201,5142,573.0,-42.625,172.825,12.583096663467586,9.145096663467585
5202,5143,320.0,-42.625,172.875,12.522079095811932,10.602079095811932
5203,5257,423.0,-42.725,172.775,12.661103847709455,10.123103847709455
5204,5258,426.0,-42.725,172.825,12.58200955639768,10.02600955639768
5205,5259,219.0,-42.725,172.875,12.53908329933256,11.22508329933256
5206,5309,277.0,-42.675,172.775,12.68130557351833,11.01930557351833
5207,5310,274.0,-42.675,172.825,12.573522998387489,10.929522998387489
5208,5311,217.0,-42.675,172.875,12.52061545161996,11.21861545161996
5209,5895,213.0,-42.775,172.775,12.63931159089043,11.361311590890429
5210,5896,192.0,-42.775,172.825,12.586197253953287,11.434197253953288
5211,5897,175.0,-42.775,172.875,12.554662914517394,11.504662914517393
5212,5144,222.0,-42.625,172.925,12.535188618483517,11.203188618483516
5213,5145,185.0,-42.625,172.975,12.600421252634987,11.490421252634988
5214,5146,159.0,-42.625,173.025,12.693361153709702,11.739361153709702
5215,5147,201.0,-42.625,173.075,12.794735714913259,11.588735714913259
5216,5149,219.0,-42.775,172.975,12.556308222479856,11.242308222479856
5217,5208,616.0,-42.775,173.025,12.596399787693372,8.900399787693372
5218,5210,451.0,-42.775,173.075,12.652614946568065,9.946614946568065
5219,5260,188.0,-42.725,172.925,12.52930000608103,11.40130000608103
5220,5261,163.0,-42.725,172.975,12.55425508940607,11.57625508940607
5221,5262,143.0,-42.725,173.025,12.606705521040567,11.748705521040566
5222,5263,316.0,-42.725,173.075,12.675051775157044,10.779051775157043
5223,5312,184.0,-42.675,172.925,12.520046582227224,11.416046582227224
5224,5313,185.0,-42.675,172.975,12.562475451373757,11.452475451373758
5225,5314,234.0,-42.675,173.025,12.633431153019046,11.229431153019046
5226,5315,118.0,-42.675,173.075,12.717557245301577,12.009557245301577
5227,5898,171.0,-42.775,172.925,12.541003954542248,11.515003954542248
5228,5101,241.0,-42.675,173.125,12.800959088704985,11.354959088704986
5229,5102,308.0,-42.675,173.175,12.871581172439619,11.02358117243962
5230,5103,231.0,-42.675,173.225,12.919084570945415,11.533084570945416
5231,5148,181.0,-42.625,173.125,12.88968350322466,11.80368350322466
5232,5155,240.0,-42.625,173.175,12.966420716136781,11.526420716136782
5233,5156,246.0,-42.625,173.225,13.015710029983893,11.539710029983894
5234,5212,227.0,-42.775,173.125,12.714977498191729,11.352977498191729
5235,5216,189.0,-42.775,173.175,12.773394971285597,11.639394971285597
5236,5217,70.0,-42.775,173.225,12.817508045773138,12.397508045773138
5237,5264,245.0,-42.725,173.125,12.747152033916791,11.27715203391679
5238,5265,111.0,-42.725,173.175,12.811493124085246,12.145493124085245
5239,5266,51.0,-42.725,173.225,12.85707178271332,12.55107178271332
5240,5104,114.0,-42.675,173.275,12.935390298549464,12.251390298549465
5241,5105,101.0,-42.675,173.325,12.916610727635998,12.310610727635998
5242,5106,284.0,-42.675,173.375,12.864479296913487,11.160479296913486
5243,5107,54.0,-42.675,173.425,12.784772723607603,12.460772723607603
5244,5157,156.0,-42.625,173.275,13.03116149898051,12.09516149898051
5245,5158,129.0,-42.625,173.325,13.010083695011417,12.236083695011416
5246,5159,207.0,-42.625,173.375,12.95393934713502,11.71193934713502
5247,5160,258.0,-42.625,173.425,12.86766002362856,11.31966002362856
5248,5218,43.0,-42.775,173.275,12.834512705427187,12.576512705427188
5249,5219,218.0,-42.775,173.325,12.812577097691246,11.504577097691246
5250,5220,5.0,-42.775,173.375,12.759636556715122,12.729636556715123
5251,5267,37.0,-42.725,173.275,12.87339171111671,12.65139171111671
5252,5268,92.0,-42.725,173.325,12.854296437872108,12.302296437872108
5253,5269,338.0,-42.725,173.375,12.802880993109284,10.774880993109283
5254,5161,22.0,-42.575,171.125,17.088633928677154,16.956633928677153
5255,5162,115.0,-42.575,171.175,17.113316873299482,16.42331687329948
5256,5163,155.0,-42.575,171.225,17.10730638023233,16.17730638023233
5257,5164,238.0,-42.575,171.275,17.066033709812473,15.638033709812472
5258,5330,21.0,-42.525,171.175,17.49935863740211,17.37335863740211
5259,5337,142.0,-42.525,171.225,17.478403885601438,16.626403885601437
5260,5447,213.0,-42.525,171.275,17.411547506255374,16.133547506255375
5261,5733,155.0,-42.475,171.225,17.81138169771839,16.88138169771839
5262,5734,40.0,-42.475,171.275,17.71709446807654,17.47709446807654
5263,5165,301.0,-42.575,171.325,16.99768417055202,15.191684170552021
5264,5166,283.0,-42.575,171.375,16.912608881890264,15.214608881890264
5265,5167,164.0,-42.575,171.425,16.8193117369392,15.835311736939198
5266,5168,108.0,-42.575,171.475,16.72448490671195,16.07648490671195
5267,5449,161.0,-42.525,171.325,17.31739051833756,16.35139051833756
5268,5451,144.0,-42.525,171.375,17.209302443812703,16.345302443812702
5269,5454,147.0,-42.525,171.425,17.095924713450586,16.213924713450584
5270,5457,167.0,-42.525,171.475,16.983685800561943,15.981685800561943
5271,5735,162.0,-42.475,171.325,17.599446415124476,16.627446415124474
5272,5736,32.0,-42.475,171.375,17.470771282347414,17.278771282347414
5273,5737,155.0,-42.475,171.425,17.338841778442657,16.408841778442657
5274,5738,158.0,-42.475,171.475,17.209683975925145,16.261683975925145
5275,5169,143.0,-42.575,171.525,16.633613720023277,15.775613720023276
5276,5170,219.0,-42.575,171.575,16.551377296789724,15.237377296789724
5277,5171,429.0,-42.575,171.625,16.481790411322436,13.907790411322436
5278,5463,206.0,-42.525,171.525,16.877930307182396,15.641930307182395
5279,5644,220.0,-42.525,171.575,16.78338636504668,15.46338636504668
5280,5668,272.0,-42.525,171.625,16.704293137918285,15.072293137918285
5281,5739,177.0,-42.475,171.525,17.08854878733473,16.02654878733473
5282,5740,281.0,-42.475,171.575,16.980310126898985,15.294310126898985
5283,5741,309.0,-42.475,171.625,16.88957569977447,15.03557569977447
5284,5172,201.0,-42.575,171.675,16.428110491495318,15.222110491495318
5285,5173,202.0,-42.575,171.725,16.392545845593304,15.180545845593304
5286,5174,223.0,-42.575,171.775,16.375825736580737,15.037825736580738
5287,5175,436.0,-42.575,171.825,16.37671423933716,13.760714239337162
5288,5672,316.0,-42.525,171.675,16.644289997203487,14.748289997203486
5289,5676,482.0,-42.525,171.725,16.606103759697362,13.714103759697363
5290,5680,167.0,-42.525,171.775,16.591067649935212,15.589067649935211
5291,5684,331.0,-42.525,171.825,16.598528614033057,14.612528614033057
5292,5742,275.0,-42.475,171.675,16.820579384851044,15.170579384851044
5293,5743,271.0,-42.475,171.725,16.77685892489717,15.15085892489717
5294,5744,140.0,-42.475,171.775,16.76071478441372,15.920714784413722
5295,5745,858.0,-42.475,171.825,16.772480809051558,11.624480809051558
5296,5176,557.0,-42.575,171.875,16.391556394361032,13.049556394361032
5297,5177,543.0,-42.575,171.925,16.413942194727497,13.155942194727498
5298,5178,310.0,-42.575,171.975,16.434576688065135,14.574576688065136
5299,5688,383.0,-42.525,171.875,16.62522824444204,14.327228244442042
5300,5692,770.0,-42.525,171.925,16.664756946562193,12.044756946562192
5301,5696,1177.0,-42.525,171.975,16.707170120043884,9.645170120043884
5302,5746,937.0,-42.475,171.875,16.809703747852836,11.187703747852836
5303,5747,1171.0,-42.475,171.925,16.866379517789028,9.840379517789028
5304,5748,398.0,-42.475,171.975,16.93235546213691,14.544355462136911
5305,5179,1327.0,-42.575,172.025,16.44148177220086,8.47948177220086
5306,5180,888.0,-42.575,172.075,16.420761656869217,11.092761656869218
5307,5181,1181.0,-42.575,172.125,16.35829543993532,9.272295439935318
5308,5182,964.0,-42.575,172.175,16.242572227449273,10.458572227449274
5309,5700,1200.0,-42.525,172.025,16.73885829503888,9.538858295038882
5310,5704,1309.0,-42.525,172.075,16.74291181393164,8.888911813931642
5311,5705,743.0,-42.525,172.125,16.700673667899537,12.242673667899538
5312,5706,1203.0,-42.525,172.175,16.595603214176663,9.377603214176663
5313,5749,440.0,-42.475,172.025,16.992878671282597,14.352878671282596
5314,5750,1061.0,-42.475,172.075,17.028260556951864,10.662260556951864
5315,5751,1087.0,-42.475,172.125,17.014326633183373,10.492326633183374
5316,5752,1005.0,-42.475,172.175,16.92654773365939,10.89654773365939
5317,5183,922.0,-42.575,172.225,16.067991704876476,10.535991704876476
5318,5184,1602.0,-42.575,172.275,15.836811870365636,6.224811870365636
5319,5185,1388.0,-42.575,172.325,15.558494305973,7.230494305973
5320,5186,534.0,-42.575,172.375,15.247507221494743,12.043507221494743
5321,5707,723.0,-42.525,172.225,16.419207529335836,12.081207529335835
5322,5708,943.0,-42.525,172.275,16.174941524801397,10.516941524801398
5323,5709,1279.0,-42.525,172.325,15.876180775630928,8.202180775630929
5324,5710,559.0,-42.525,172.375,15.541433222795604,12.187433222795605
5325,5753,1555.0,-42.475,172.225,16.751177398960863,7.421177398960863
5326,5754,1218.0,-42.475,172.275,16.494785470007628,9.186785470007628
5327,5755,1169.0,-42.475,172.325,16.178412251665577,9.164412251665578
5328,5756,770.0,-42.475,172.375,15.826462945755338,11.206462945755337
5329,5187,1016.0,-42.575,172.425,14.919554775508004,8.823554775508004
5330,5188,657.0,-42.575,172.475,14.584408541209996,10.642408541209996
5331,5189,619.0,-42.575,172.525,14.24842919726143,10.53442919726143
5332,5711,996.0,-42.525,172.425,15.192938389711344,9.216938389711345
5333,5712,1471.0,-42.525,172.475,14.839137282811862,6.013137282811861
5334,5713,1351.0,-42.525,172.525,14.485543432449049,6.379543432449049
5335,5757,1656.0,-42.475,172.425,15.46085239020249,5.524852390202492
5336,5758,1263.0,-42.475,172.475,15.093110254758358,7.5151102547583575
5337,5759,857.0,-42.475,172.525,14.729637526150327,9.587637526150328
5338,5190,589.0,-42.575,172.575,13.918194525755098,10.384194525755099
5339,5191,371.0,-42.575,172.625,13.600382157608692,11.374382157608693
5340,5192,589.0,-42.575,172.675,13.302029727721674,9.768029727721675
5341,5193,320.0,-42.575,172.725,13.031609573175956,11.111609573175956
5342,5714,699.0,-42.525,172.575,14.138813640573062,9.944813640573063
5343,5715,1189.0,-42.525,172.625,13.805302215849224,6.671302215849224
5344,5716,719.0,-42.525,172.675,13.491495754464268,9.177495754464267
5345,5717,492.0,-42.525,172.725,13.20511751349477,10.25311751349477
5346,5760,520.0,-42.475,172.575,14.37670333940332,11.25670333940332
5347,5761,985.0,-42.475,172.625,14.040399819237791,8.130399819237791
5348,5762,1414.0,-42.475,172.675,13.72720172814661,5.243201728146611
5349,5763,1655.0,-42.475,172.725,13.445278875766235,3.515278875766235
5350,5194,296.0,-42.575,172.775,12.801583062286227,11.025583062286227
5351,5195,382.0,-42.575,172.825,12.634528232894809,10.342528232894809
5352,5196,464.0,-42.575,172.875,12.56741480553319,9.78341480553319
5353,5718,337.0,-42.525,172.775,12.957378072424035,10.935378072424035
5354,5719,358.0,-42.525,172.825,12.768641959584784,10.620641959584784
5355,5720,396.0,-42.525,172.875,12.697858784431446,10.321858784431447
5356,5764,1205.0,-42.475,172.775,13.2071615596833,5.977161559683299
5357,5765,859.0,-42.475,172.825,13.036028275906574,7.882028275906574
5358,5766,900.0,-42.475,172.875,12.972201909429714,7.572201909429714
5359,5197,833.0,-42.575,172.925,12.601472609578195,7.603472609578195
5360,5198,487.0,-42.575,172.975,12.691825314930611,9.76982531493061
5361,5199,296.0,-42.575,173.025,12.805438074821723,11.029438074821723
5362,5200,290.0,-42.575,173.075,12.921663524735777,11.181663524735777
5363,5721,773.0,-42.525,172.925,12.753850356060866,8.115850356060866
5364,5722,615.0,-42.525,172.975,12.860580062304507,9.170580062304508
5365,5723,596.0,-42.525,173.025,12.986095640939311,9.41009564093931
5366,5724,427.0,-42.525,173.075,13.110297841569263,10.548297841569264
5367,5767,1309.0,-42.475,172.925,13.016700817242963,5.162700817242964
5368,5768,970.0,-42.475,172.975,13.118810404452233,7.298810404452234
5369,5769,757.0,-42.475,173.025,13.24272012153233,8.70072012153233
5370,5770,1185.0,-42.475,173.075,13.36580347788913,6.255803477889131
5371,5201,390.0,-42.575,173.125,13.025812398274866,10.685812398274866
5372,5202,356.0,-42.575,173.175,13.10672928398344,10.970729283983442
5373,5203,328.0,-42.575,173.225,13.156114658166189,11.188114658166189
5374,5725,367.0,-42.525,173.125,13.218591844513867,11.016591844513867
5375,5726,575.0,-42.525,173.175,13.29996288647817,9.84996288647817
5376,5727,638.0,-42.525,173.225,13.34643846358449,9.518438463584491
5377,5771,885.0,-42.475,173.125,13.471956546418369,8.16195654641837
5378,5772,617.0,-42.475,173.175,13.549256519072514,9.847256519072515
5379,5773,745.0,-42.475,173.225,13.589254745977087,9.119254745977088
5380,5151,170.0,-42.575,173.425,12.982422319822945,11.962422319822945
5381,5204,342.0,-42.575,173.275,13.168638994615321,11.116638994615322
5382,5205,139.0,-42.575,173.325,13.142328712547169,12.30832871254717
5383,5206,397.0,-42.575,173.375,13.078709225083003,10.696709225083003
5384,5728,387.0,-42.525,173.275,13.353130478055391,11.031130478055392
5385,5729,284.0,-42.525,173.325,13.318420726624026,11.614420726624026
5386,5730,370.0,-42.525,173.375,13.243967052396329,11.023967052396328
5387,5731,500.0,-42.525,173.425,13.134393079613801,10.134393079613801
5388,5774,329.0,-42.475,173.275,13.58690880764334,11.61290880764334
5389,5775,267.0,-42.475,173.325,13.540654179996636,11.938654179996636
5390,5776,295.0,-42.475,173.375,13.452306790990406,11.682306790990406
5391,5777,525.0,-42.475,173.425,13.326688713132171,10.17668871313217
5392,5277,115.0,-42.575,173.475,12.860530158468464,12.170530158468464
5393,5732,52.0,-42.525,173.475,12.996778552653268,12.684778552653269
5394,5778,700.0,-42.475,173.475,13.17108072724659,8.97108072724659
5395,5779,88.0,-42.475,173.525,12.994733816936787,12.466733816936786
5396,5498,234.0,-42.375,171.275,18.148924796725623,16.744924796725623
5397,5780,279.0,-42.425,171.225,18.066520105230666,16.392520105230666
5398,5781,67.0,-42.425,171.275,17.96241554622975,17.56041554622975
5399,5214,121.0,-42.425,171.425,17.543078616035928,16.81707861603593
5400,5318,95.0,-42.425,171.475,17.39900400264196,16.82900400264196
5401,5378,654.0,-42.275,171.325,18.26623243362883,14.34223243362883
5402,5379,1140.0,-42.275,171.375,18.108288083751177,11.268288083751177
5403,5380,944.0,-42.275,171.425,17.93789666862085,12.273896668620852
5404,5381,280.0,-42.275,171.475,17.761683542832543,16.081683542832543
5405,5499,560.0,-42.375,171.325,18.014995240344433,14.654995240344434
5406,5500,267.0,-42.375,171.375,17.8649434018389,16.2629434018389
5407,5501,74.0,-42.375,171.425,17.70808688373654,17.264086883736542
5408,5502,59.0,-42.375,171.475,17.551532717359805,17.197532717359806
5409,5547,343.0,-42.325,171.325,18.15622224150684,16.09822224150684
5410,5548,875.0,-42.325,171.375,18.00187443850882,12.751874438508821
5411,5549,576.0,-42.325,171.425,17.837555054790755,14.381555054790756
5412,5550,115.0,-42.325,171.475,17.670503380769333,16.98050338076933
5413,5782,286.0,-42.425,171.325,17.832181556745127,16.116181556745126
5414,5783,20.0,-42.425,171.375,17.689598768938595,17.569598768938594
5415,5320,125.0,-42.425,171.525,17.26293127338795,16.51293127338795
5416,5321,154.0,-42.425,171.575,17.140112901797693,16.216112901797693
5417,5325,287.0,-42.425,171.625,17.03570283103818,15.31370283103818
5418,5382,103.0,-42.275,171.525,17.585846806998234,16.967846806998235
5419,5383,165.0,-42.275,171.575,17.41648029062526,16.42648029062526
5420,5384,107.0,-42.275,171.625,17.25997528293192,16.61797528293192
5421,5503,126.0,-42.375,171.525,17.401375206772173,16.645375206772172
5422,5504,80.0,-42.375,171.575,17.2633689827353,16.7833689827353
5423,5505,142.0,-42.375,171.625,17.143286792716026,16.291286792716026
5424,5551,70.0,-42.325,171.525,17.507110240600014,17.087110240600012
5425,5552,79.0,-42.325,171.575,17.35348102486023,16.87948102486023
5426,5553,197.0,-42.325,171.625,17.21586819013828,16.033868190138282
5427,5153,180.0,-42.325,171.675,17.100958058010292,16.020958058010294
5428,5278,136.0,-42.325,171.725,17.015939274382617,16.19993927438262
5429,5324,251.0,-42.325,171.775,16.968117113432527,15.462117113432527
5430,5328,469.0,-42.325,171.825,16.963643150294956,14.149643150294956
5431,5329,293.0,-42.425,171.675,16.954728803841135,15.196728803841136
5432,5336,110.0,-42.425,171.725,16.901814937513336,16.241814937513336
5433,5385,105.0,-42.275,171.675,17.12343322930974,16.49343322930974
5434,5386,181.0,-42.275,171.725,17.0150360712978,15.9290360712978
5435,5387,342.0,-42.275,171.775,16.94412813611052,14.892128136110522
5436,5388,400.0,-42.275,171.825,16.920173994683864,14.520173994683864
5437,5437,281.0,-42.425,171.775,16.88060148925433,15.194601489254332
5438,5442,510.0,-42.425,171.825,16.89284468130427,13.83284468130427
5439,5506,215.0,-42.375,171.675,17.047041516956597,15.757041516956598
5440,5507,221.0,-42.375,171.725,16.980534200114562,15.654534200114561
5441,5508,261.0,-42.375,171.775,16.94909630696202,15.38309630696202
5442,5509,248.0,-42.375,171.825,16.956382932899942,15.468382932899942
5443,5334,365.0,-42.325,171.875,17.005112862487294,14.815112862487295
5444,5341,479.0,-42.325,171.925,17.088920964171848,14.214920964171847
5445,5342,479.0,-42.325,171.975,17.20428131640074,14.330281316400738
5446,5389,695.0,-42.275,171.875,16.949167712744384,12.779167712744384
5447,5390,714.0,-42.275,171.925,17.02824345010231,12.74424345010231
5448,5391,382.0,-42.275,171.975,17.14385649731412,14.851856497314118
5449,5458,1202.0,-42.425,171.875,16.93731310086696,9.725313100866959
5450,5464,514.0,-42.425,171.925,17.00875977431133,13.92475977431133
5451,5465,299.0,-42.425,171.975,17.09722455022529,15.303224550225291
5452,5510,686.0,-42.375,171.875,17.002794246192934,12.886794246192935
5453,5511,849.0,-42.375,171.925,17.08396238232308,11.989962382323078
5454,5512,760.0,-42.375,171.975,17.190012369843316,12.630012369843318
5455,5343,853.0,-42.325,172.025,17.33429724238522,12.21629724238522
5456,5344,1054.0,-42.325,172.075,17.4569702566223,11.1329702566223
5457,5345,675.0,-42.325,172.125,17.543411848153482,13.493411848153482
5458,5346,421.0,-42.325,172.175,17.545688269121456,15.019688269121456
5459,5392,1298.0,-42.275,172.025,17.275158079017274,9.487158079017274
5460,5393,1239.0,-42.275,172.075,17.39664979895315,9.962649798953148
5461,5394,1034.0,-42.275,172.125,17.476067557920032,11.272067557920032
5462,5395,571.0,-42.275,172.175,17.468097719491197,14.042097719491197
5463,5466,920.0,-42.425,172.025,17.18756300451787,11.66756300451787
5464,5467,637.0,-42.425,172.075,17.25859917156049,13.436599171560491
5465,5468,1036.0,-42.425,172.125,17.281259903458704,11.065259903458704
5466,5469,710.0,-42.425,172.175,17.21872128245741,12.95872128245741
5467,5513,839.0,-42.375,172.025,17.305609649771213,12.271609649771214
5468,5514,1013.0,-42.375,172.075,17.409698661209404,11.331698661209405
5469,5515,487.0,-42.375,172.125,17.472693013958633,14.550693013958632
5470,5516,499.0,-42.375,172.175,17.445533749199967,14.451533749199967
5471,5347,641.0,-42.325,172.225,17.376633405070606,13.530633405070606
5472,5348,709.0,-42.325,172.275,17.10053406123916,12.84653406123916
5473,5349,700.0,-42.325,172.325,16.77428653093375,12.574286530933751
5474,5350,970.0,-42.325,172.375,16.425486799736973,10.605486799736973
5475,5396,435.0,-42.275,172.225,17.334003103460418,14.724003103460419
5476,5397,946.0,-42.275,172.275,17.098670128241793,11.422670128241792
5477,5398,1051.0,-42.275,172.325,16.807636605968582,10.501636605968582
5478,5399,1193.0,-42.275,172.375,16.491528073936934,9.333528073936934
5479,5470,1436.0,-42.425,172.225,17.045511247710238,8.429511247710238
5480,5471,1129.0,-42.425,172.275,16.776114882261027,10.002114882261028
5481,5472,1387.0,-42.425,172.325,16.445124135942024,8.123124135942025
5482,5473,1202.0,-42.425,172.375,16.081987577079417,8.869987577079417
5483,5517,849.0,-42.375,172.225,17.27175426157919,12.177754261579189
5484,5518,519.0,-42.375,172.275,16.989199976043892,13.875199976043891
5485,5519,693.0,-42.375,172.325,16.651003552793554,12.493003552793555
5486,5520,945.0,-42.375,172.375,16.286860439926386,10.616860439926388
5487,5351,1015.0,-42.325,172.425,16.072425711561664,9.982425711561664
5488,5352,1273.0,-42.325,172.475,15.728006417153665,8.090006417153665
5489,5353,1256.0,-42.325,172.525,15.401589431116008,7.865589431116009
5490,5400,1165.0,-42.275,172.425,16.170704088464845,9.180704088464845
5491,5401,1876.0,-42.275,172.475,15.859576257942535,4.603576257942535
5492,5402,1171.0,-42.275,172.525,15.568677108916745,8.542677108916745
5493,5474,1433.0,-42.425,172.425,15.707600968798943,7.109600968798944
5494,5475,1085.0,-42.425,172.475,15.334827341543132,8.824827341543132
5495,5476,1566.0,-42.425,172.525,14.971558668399666,5.575558668399667
5496,5521,1590.0,-42.375,172.425,15.915796908808261,6.375796908808262
5497,5522,1390.0,-42.375,172.475,15.550451985476684,7.210451985476684
5498,5523,1307.0,-42.375,172.525,15.199446393799008,7.357446393799008
5499,5354,1092.0,-42.325,172.575,15.100397893143963,8.548397893143964
5500,5355,1148.0,-42.325,172.625,14.83062874708412,7.94262874708412
5501,5356,1210.0,-42.325,172.675,14.59832290401755,7.33832290401755
5502,5357,1738.0,-42.325,172.725,14.409996007889276,3.9819960078892773
5503,5403,1191.0,-42.275,172.575,15.30591057203128,8.15991057203128
5504,5404,779.0,-42.275,172.625,15.07745311063627,10.40345311063627
5505,5405,1688.0,-42.275,172.675,14.888426021356281,4.760426021356283
5506,5406,1379.0,-42.275,172.725,14.743297197899665,6.469297197899666
5507,5477,1249.0,-42.425,172.575,14.624063963205117,7.130063963205117
5508,5478,881.0,-42.425,172.625,14.298357403848058,9.012357403848057
5509,5479,765.0,-42.425,172.675,14.001127778170485,9.411127778170485
5510,5480,1103.0,-42.425,172.725,13.7411075700511,7.1231075700511
5511,5524,1423.0,-42.375,172.575,14.869445542808535,6.3314455428085346
5512,5525,969.0,-42.375,172.625,14.566561991916387,8.752561991916387
5513,5526,1521.0,-42.375,172.675,14.297397568334418,5.171397568334418
5514,5527,1097.0,-42.375,172.725,14.070081837679027,7.488081837679027
5515,5358,940.0,-42.325,172.775,14.272678916324367,8.632678916324366
5516,5359,1469.0,-42.325,172.825,14.192545505215094,5.378545505215094
5517,5360,1316.0,-42.325,172.875,14.171580135116528,6.275580135116528
5518,5407,996.0,-42.275,172.775,14.64577921336604,8.669779213366041
5519,5408,1368.0,-42.275,172.825,14.597901718487265,6.389901718487264
5520,5409,1375.0,-42.275,172.875,14.598309799701383,6.348309799701383
5521,5481,1050.0,-42.425,172.775,13.531181490441668,7.231181490441668
5522,5482,1172.0,-42.425,172.825,13.390272311698936,6.358272311698936
5523,5483,1544.0,-42.425,172.875,13.337206894226256,4.0732068942262565
5524,5528,1114.0,-42.375,172.775,13.8950791971547,7.2110791971547
5525,5529,959.0,-42.375,172.825,13.784262599001522,8.030262599001523
5526,5530,1092.0,-42.375,172.875,13.745373965066392,7.193373965066392
5527,5361,1380.0,-42.325,172.925,14.203987877848704,5.923987877848704
5528,5362,793.0,-42.325,172.975,14.275936379690393,9.517936379690394
5529,5363,1153.0,-42.325,173.025,14.369056756757345,7.451056756757346
5530,5364,1057.0,-42.325,173.075,14.464294776193128,8.12229477619313
5531,5410,1144.0,-42.275,172.925,14.640730586554128,7.776730586554128
5532,5411,980.0,-42.275,172.975,14.713907612971525,8.833907612971526
5533,5412,988.0,-42.275,173.025,14.80314078385345,8.87514078385345
5534,5413,877.0,-42.275,173.075,14.892236851203052,9.630236851203051
5535,5484,812.0,-42.425,172.925,13.368704114451248,8.496704114451248
5536,5485,1461.0,-42.425,172.975,13.456423940428067,4.690423940428067
5537,5486,1230.0,-42.425,173.025,13.569691348933702,6.189691348933702
5538,5487,1070.0,-42.425,173.075,13.684676541230147,7.2646765412301475
5539,5531,929.0,-42.375,172.925,13.773460087439162,8.199460087439164
5540,5532,1078.0,-42.375,172.975,13.850042510101048,7.382042510101049
5541,5533,1169.0,-42.375,173.025,13.95152893676277,6.937528936762771
5542,5534,842.0,-42.375,173.075,14.055974943221372,9.003974943221372
5543,5365,947.0,-42.325,173.125,14.544034162390744,8.862034162390744
5544,5366,1378.0,-42.325,173.175,14.59301683853846,6.3250168385384615
5545,5367,994.0,-42.325,173.225,14.599192846144433,8.635192846144434
5546,5414,1144.0,-42.275,173.125,14.964863171218894,8.100863171218894
5547,5415,1220.0,-42.275,173.175,15.005387577832153,7.685387577832153
5548,5416,2088.0,-42.275,173.225,15.000113878093543,2.4721138780935448
5549,5488,1334.0,-42.425,173.125,13.783521594665217,5.779521594665217
5550,5489,960.0,-42.425,173.175,13.852850794053666,8.092850794053666
5551,5490,871.0,-42.425,173.225,13.883168951415428,8.657168951415429
5552,5535,796.0,-42.375,173.125,14.145074275566003,9.369074275566003
5553,5536,696.0,-42.375,173.175,14.204264873646025,10.028264873646025
5554,5537,1314.0,-42.375,173.225,14.222814014858159,6.338814014858158
5555,5368,740.0,-42.325,173.275,14.555000072461553,10.115000072461552
5556,5369,992.0,-42.325,173.325,14.4585451947205,8.5065451947205
5557,5370,1090.0,-42.325,173.375,14.313623522713897,7.773623522713897
5558,5371,1262.0,-42.325,173.425,14.128358370311616,6.556358370311617
5559,5417,651.0,-42.275,173.275,14.939786609480507,11.033786609480508
5560,5418,679.0,-42.275,173.325,14.822485000418965,10.748485000418965
5561,5419,1194.0,-42.275,173.375,14.654045446317468,7.490045446317469
5562,5420,635.0,-42.275,173.425,14.445353645751311,10.635353645751312
5563,5491,489.0,-42.425,173.275,13.86883957189275,10.93483957189275
5564,5492,468.0,-42.425,173.325,13.808175267207844,11.000175267207844
5565,5493,425.0,-42.425,173.375,13.703272430750076,11.153272430750075
5566,5494,316.0,-42.425,173.425,13.55947636460769,11.663476364607689
5567,5538,904.0,-42.375,173.275,14.19424226058618,8.77024226058618
5568,5539,814.0,-42.375,173.325,14.116720204227022,9.232720204227022
5569,5540,792.0,-42.375,173.375,13.992925425198337,9.240925425198338
5570,5541,303.0,-42.375,173.425,13.829233435259084,12.011233435259085
5571,5372,1202.0,-42.325,173.475,13.913434694244643,6.701434694244643
5572,5373,759.0,-42.325,173.525,13.680906708992552,9.126906708992554
5573,5374,619.0,-42.325,173.575,13.443870359231369,9.729870359231368
5574,5375,863.0,-42.325,173.625,13.216876342587057,8.038876342587056
5575,5421,1240.0,-42.275,173.475,14.209283600481285,6.769283600481286
5576,5422,1430.0,-42.275,173.525,13.959148568748788,5.379148568748787
5577,5423,1215.0,-42.275,173.575,13.708395984409435,6.418395984409435
5578,5424,886.0,-42.275,173.625,13.470672312796523,8.154672312796524
5579,5495,525.0,-42.425,173.475,13.384639411822718,10.234639411822718
5580,5496,170.0,-42.425,173.525,13.188460794772254,12.168460794772255
5581,5497,21.0,-42.425,173.575,12.982179209080641,12.856179209080642
5582,5542,223.0,-42.375,173.475,13.634620301534596,12.296620301534597
5583,5543,136.0,-42.375,173.525,13.419784340418119,12.603784340418118
5584,5544,121.0,-42.375,173.575,13.19682828450459,12.470828284504591
5585,5545,61.0,-42.375,173.625,12.979839352723502,12.613839352723502
5586,5376,124.0,-42.325,173.675,13.01629080564453,12.27229080564453
5587,5377,20.0,-42.325,173.725,12.856621910781541,12.736621910781542
5588,5425,255.0,-42.275,173.675,13.259162879447103,11.729162879447104
5589,5426,428.0,-42.275,173.725,13.083919275799417,10.515919275799417
5590,5427,107.0,-42.275,173.775,12.948440524094622,12.306440524094622
5591,5546,10.0,-42.375,173.675,12.787394473292807,12.727394473292806
5592,5428,17.0,-42.225,171.325,18.35398727563279,18.25198727563279
5593,5429,570.0,-42.225,171.375,18.19233410738434,14.77233410738434
5594,5430,654.0,-42.225,171.425,18.01653902103135,14.09253902103135
5595,5431,726.0,-42.225,171.475,17.832205332792,13.476205332792
5596,5835,10.0,-42.175,171.325,18.426533766551074,18.366533766551076
5597,5837,327.0,-42.175,171.375,18.261212922196137,16.299212922196137
5598,5839,384.0,-42.175,171.425,18.08067815549839,15.77667815549839
5599,5841,631.0,-42.175,171.475,17.889423806520426,14.103423806520427
5600,5997,54.0,-42.125,171.375,18.32077055120135,17.996770551201347
5601,5998,197.0,-42.125,171.425,18.13652500036551,16.95452500036551
5602,5999,471.0,-42.125,171.475,17.93997260634751,15.11397260634751
5603,5150,375.0,-42.125,171.575,17.526187580915575,15.276187580915575
5604,5276,957.0,-42.125,171.625,17.31841434040689,11.576414340406888
5605,5432,295.0,-42.225,171.525,17.644921491182686,15.874921491182686
5606,5433,204.0,-42.225,171.575,17.460387596347573,16.236387596347573
5607,5434,222.0,-42.225,171.625,17.284724624805676,15.952724624805676
5608,5843,496.0,-42.175,171.525,17.692221148905446,14.716221148905447
5609,5845,830.0,-42.175,171.575,17.494141406301424,12.514141406301423
5610,5847,452.0,-42.175,171.625,17.30076212192762,14.58876212192762
5611,6000,1046.0,-42.125,171.525,17.735055199244016,11.459055199244016
5612,5154,294.0,-42.225,171.725,16.989459810391054,15.225459810391055
5613,5275,182.0,-42.225,171.775,16.88917185583705,15.797171855837048
5614,5316,402.0,-42.225,171.825,16.837598601043283,14.425598601043284
5615,5331,538.0,-42.125,171.675,17.117691054256284,13.889691054256284
5616,5338,250.0,-42.125,171.725,16.931359576403338,15.431359576403338
5617,5435,169.0,-42.225,171.675,17.12492044543069,16.11092044543069
5618,5436,234.0,-42.125,171.775,16.76913730470551,15.36513730470551
5619,5441,278.0,-42.125,171.825,16.64594148116521,14.97794148116521
5620,5849,212.0,-42.175,171.675,17.118534512426777,15.846534512426777
5621,5851,182.0,-42.175,171.725,16.95541645495541,15.863416454955411
5622,5853,258.0,-42.175,171.775,16.82216226588571,15.274162265885709
5623,5855,383.0,-42.175,171.825,16.7352598776597,14.4372598776597
5624,5317,695.0,-42.225,171.875,16.846947241174348,12.676947241174348
5625,5335,619.0,-42.225,171.925,16.91586249154352,13.20186249154352
5626,5440,857.0,-42.225,171.975,17.024967723125883,11.882967723125883
5627,5446,370.0,-42.125,171.875,16.597904931513767,14.377904931513767
5628,5452,384.0,-42.125,171.925,16.642201922357344,14.338201922357344
5629,5455,510.0,-42.125,171.975,16.72174979564079,13.661749795640791
5630,5857,568.0,-42.175,171.875,16.718622330226935,13.310622330226936
5631,5859,324.0,-42.175,171.925,16.77565835056157,14.831658350561572
5632,5861,732.0,-42.175,171.975,16.87398112223309,12.48198112223309
5633,5444,895.0,-42.225,172.025,17.147616966773057,11.777616966773058
5634,5460,979.0,-42.225,172.075,17.25580039927081,11.381800399270812
5635,5461,582.0,-42.125,172.025,16.806292726465472,13.314292726465471
5636,5554,870.0,-42.125,172.075,16.873162320938718,11.65316232093872
5637,5555,863.0,-42.125,172.125,16.90333915912197,11.725339159121969
5638,5556,745.0,-42.125,172.175,16.88287915246474,12.41287915246474
5639,5643,1395.0,-42.225,172.125,17.319133895201958,8.949133895201959
5640,5660,791.0,-42.225,172.175,17.30612734972965,12.560127349729651
5641,5863,845.0,-42.175,172.025,16.98140138611052,11.91140138611052
5642,5865,1295.0,-42.175,172.075,17.071128798001155,9.301128798001155
5643,5867,1121.0,-42.175,172.125,17.118471245201363,10.392471245201364
5644,5869,1016.0,-42.175,172.175,17.102679018877097,11.006679018877097
5645,5557,321.0,-42.125,172.225,16.806356617926212,14.880356617926212
5646,5558,538.0,-42.125,172.275,16.67886699706287,13.45086699706287
5647,5559,707.0,-42.125,172.325,16.51396794313041,12.27196794313041
5648,5561,553.0,-42.125,172.375,16.32912091403705,13.011120914037049
5649,5663,399.0,-42.225,172.225,17.1985174877409,14.8045174877409
5650,5666,587.0,-42.225,172.275,17.007592588473926,13.485592588473926
5651,5670,889.0,-42.225,172.325,16.762080054068065,11.428080054068065
5652,5674,800.0,-42.225,172.375,16.48941433944492,11.68941433944492
5653,5871,375.0,-42.175,172.225,17.014073521702812,14.764073521702812
5654,5873,460.0,-42.175,172.275,16.859453276982094,14.099453276982095
5655,5875,989.0,-42.175,172.325,16.657673075213097,10.723673075213096
5656,5877,612.0,-42.175,172.375,16.43070874164914,12.75870874164914
5657,5562,1455.0,-42.125,172.425,16.1418218613544,7.411821861354401
5658,5564,1140.0,-42.125,172.475,15.967498223966686,9.127498223966686
5659,5566,636.0,-42.125,172.525,15.818552867676772,12.002552867676773
5660,5678,1597.0,-42.225,172.425,16.210805429771426,6.628805429771425
5661,5682,997.0,-42.225,172.475,15.942067844447593,9.960067844447593
5662,5686,1559.0,-42.225,172.525,15.694901935574308,6.340901935574308
5663,5879,1829.0,-42.175,172.425,16.19834417538368,5.224344175383683
5664,5881,1605.0,-42.175,172.475,15.976659556072264,6.346659556072263
5665,5968,734.0,-42.175,172.525,15.777990563728963,11.373990563728963
5666,5568,2017.0,-42.125,172.575,15.703827912468114,3.6018279124681136
5667,5570,1551.0,-42.125,172.625,15.628235006341129,6.3222350063411294
5668,5572,1269.0,-42.125,172.675,15.59268077690649,7.978680776906492
5669,5574,1851.0,-42.125,172.725,15.594485666017135,4.4884856660171355
5670,5690,1878.0,-42.225,172.575,15.47782173300584,4.209821733005839
5671,5694,1307.0,-42.225,172.625,15.296813411558105,7.4548134115581055
5672,5698,1194.0,-42.225,172.675,15.155835089128232,7.991835089128232
5673,5702,1189.0,-42.225,172.725,15.057170144256816,7.923170144256815
5674,5969,991.0,-42.175,172.575,15.611166891590983,9.665166891590983
5675,5970,1456.0,-42.175,172.625,15.481747438741877,6.745747438741876
5676,5971,1340.0,-42.175,172.675,15.392296513578913,7.352296513578914
5677,5972,1567.0,-42.175,172.725,15.342770284260041,5.940770284260042
5678,5576,1874.0,-42.125,172.775,15.628296865110315,4.384296865110317
5679,5578,1738.0,-42.125,172.825,15.687259137248475,5.259259137248476
5680,5580,1304.0,-42.125,172.875,15.764092550525675,7.940092550525676
5681,5784,1527.0,-42.225,172.775,15.001528457778477,5.839528457778478
5682,5786,1640.0,-42.225,172.825,14.987765923600818,5.14776592360082
5683,5788,1434.0,-42.225,172.875,15.012287585988815,6.408287585988816
5684,5973,1456.0,-42.175,172.775,15.33097636583625,6.594976365836249
5685,5974,1440.0,-42.175,172.825,15.352980150950316,6.712980150950315
5686,5975,1339.0,-42.175,172.875,15.403359117724904,7.369359117724903
5687,5582,1045.0,-42.125,172.925,15.851749499088328,9.581749499088328
5688,5584,1040.0,-42.125,172.975,15.943494458406349,9.703494458406348
5689,5585,946.0,-42.125,173.025,16.03250926183682,10.356509261836822
5690,5586,1008.0,-42.125,173.075,16.11125390340021,10.063253903400211
5691,5790,1284.0,-42.225,172.925,15.068529170766851,7.364529170766851
5692,5792,1825.0,-42.225,172.975,15.146982481932355,4.196982481932356
5693,5794,1133.0,-42.225,173.025,15.235810236714315,8.437810236714315
5694,5796,822.0,-42.225,173.075,15.321602056625125,10.389602056625124
5695,5976,1066.0,-42.175,172.925,15.475323224014573,9.079323224014573
5696,5977,1054.0,-42.175,172.975,15.560795729943493,9.236795729943495
5697,5978,1353.0,-42.175,173.025,15.650492543922155,7.532492543922157
5698,5979,1013.0,-42.175,173.075,15.733898408347159,9.65589840834716
5699,5587,968.0,-42.125,173.125,16.17065781254496,10.36265781254496
5700,5588,1108.0,-42.125,173.175,16.198772478273895,9.550772478273895
5701,5589,928.0,-42.125,173.225,16.177241719458834,10.609241719458835
5702,5798,1309.0,-42.225,173.125,15.389792081390624,7.535792081390625
5703,5800,1124.0,-42.225,173.175,15.424725304706953,8.680725304706954
5704,5802,1197.0,-42.225,173.225,15.410370621022594,8.228370621022593
5705,5980,1384.0,-42.175,173.125,15.798915365645371,7.494915365645371
5706,5981,1214.0,-42.175,173.175,15.830887165211607,8.546887165211608
5707,5982,1242.0,-42.175,173.225,15.811156189862231,8.359156189862231
5708,5590,1074.0,-42.125,173.275,16.073301430536958,9.629301430536959
5709,5591,1228.0,-42.125,173.325,15.877771496139758,8.50977149613976
5710,5592,1497.0,-42.125,173.375,15.626926659417222,6.644926659417223
5711,5593,1800.0,-42.125,173.425,15.345339477447851,4.545339477447852
5712,5804,1243.0,-42.225,173.275,15.334155506679963,7.876155506679964
5713,5806,1199.0,-42.225,173.325,15.193895278549462,7.999895278549462
5714,5809,515.0,-42.225,173.375,14.99928749667015,11.90928749667015
5715,5812,707.0,-42.225,173.425,14.765438140952028,10.523438140952027
5716,5983,1539.0,-42.175,173.275,15.720040253028856,6.486040253028856
5717,5984,1160.0,-42.175,173.325,15.553984227561159,8.593984227561158
5718,5985,872.0,-42.175,173.375,15.330830765728024,10.098830765728025
5719,5986,1151.0,-42.175,173.425,15.07142613465112,8.16542613465112
5720,5594,1759.0,-42.125,173.475,15.049076836708991,4.495076836708991
5721,5595,780.0,-42.125,173.525,14.750819081396912,10.070819081396913
5722,5596,657.0,-42.125,173.575,14.461387670278782,10.519387670278782
5723,5597,542.0,-42.125,173.625,14.190109200266306,10.938109200266307
5724,5815,715.0,-42.225,173.475,14.507578552256746,10.217578552256747
5725,5818,909.0,-42.225,173.525,14.239744030026486,8.785744030026486
5726,5821,1220.0,-42.225,173.575,13.974967154870683,6.6549671548706835
5727,5825,2202.0,-42.225,173.625,13.725408114230959,0.513408114230959
5728,5987,562.0,-42.175,173.475,14.792554057588859,11.420554057588859
5729,5988,769.0,-42.175,173.525,14.508007701668248,9.894007701668247
5730,5989,673.0,-42.175,173.575,14.229802795372962,10.191802795372961
5731,5990,1017.0,-42.175,173.625,13.968553673606948,7.866553673606949
5732,5598,850.0,-42.125,173.675,13.944635114072298,8.844635114072299
5733,5599,1287.0,-42.125,173.725,13.730535968803451,6.008535968803452
5734,5600,1014.0,-42.125,173.775,13.55100389704603,7.4670038970460295
5735,5827,1394.0,-42.225,173.675,13.501756282130373,5.137756282130374
5736,5829,635.0,-42.225,173.725,13.311768774212396,9.501768774212398
5737,5831,684.0,-42.225,173.775,13.158902529699844,9.054902529699845
5738,5991,2140.0,-42.175,173.675,13.733144029800314,0.8931440298003164
5739,5992,1421.0,-42.175,173.725,13.529972915821418,5.003972915821418
5740,5993,545.0,-42.175,173.775,13.36235209228471,10.09235209228471
5741,5601,530.0,-42.125,173.825,13.406926041425322,10.226926041425322
5742,5602,129.0,-42.125,173.875,13.297336624586023,12.523336624586022
5743,5603,2.0,-42.125,173.925,13.220028472613194,13.208028472613194
5744,5833,428.0,-42.225,173.825,13.042537018678559,10.474537018678559
5745,5994,856.0,-42.175,173.825,13.230634634914168,8.094634634914168
5746,5995,357.0,-42.175,173.875,13.133048622774368,10.991048622774368
5747,5996,3.0,-42.175,173.925,13.066683278368146,13.048683278368145
5748,5001,201.0,-42.025,171.425,18.240930769628903,17.034930769628904
5749,5002,241.0,-42.025,171.475,18.040157118921343,16.59415711892134
5750,5053,183.0,-41.975,171.425,18.294232169351744,17.196232169351745
5751,5054,230.0,-41.975,171.475,18.094756411337585,16.714756411337586
5752,5319,139.0,-41.925,171.425,18.348810535000666,17.514810535000667
5753,5322,87.0,-41.925,171.475,18.15267061395207,17.63067061395207
5754,5604,340.0,-42.075,171.375,18.37538489183862,16.335384891838622
5755,5605,181.0,-42.075,171.425,18.188879689498208,17.10287968949821
5756,5606,201.0,-42.075,171.475,17.989075648500148,16.783075648500148
5757,5003,320.0,-42.025,171.525,17.82819563319572,15.908195633195719
5758,5004,887.0,-42.025,171.575,17.60845176599105,12.28645176599105
5759,5005,866.0,-42.025,171.625,17.38551532072961,12.18951532072961
5760,5055,227.0,-41.975,171.525,17.883458444201096,16.521458444201098
5761,5056,641.0,-41.975,171.575,17.66321953403167,13.817219534031668
5762,5057,858.0,-41.975,171.625,17.43841256901942,12.29041256901942
5763,5326,149.0,-41.925,171.525,17.94436110377137,17.050361103771372
5764,5332,533.0,-41.925,171.575,17.725972855289,14.527972855289
5765,5339,1172.0,-41.925,171.625,17.5013458559406,10.469345855940599
5766,5607,868.0,-42.075,171.525,17.779178864320784,12.571178864320785
5767,5608,840.0,-42.075,171.575,17.563055559370696,12.523055559370697
5768,5609,707.0,-42.075,171.625,17.345438559113973,13.103438559113972
5769,5006,966.0,-42.025,171.675,17.165580874625448,11.369580874625449
5770,5007,928.0,-42.025,171.725,16.956992165592965,11.388992165592965
5771,5008,647.0,-42.025,171.775,16.771149291864276,12.889149291864276
5772,5009,257.0,-42.025,171.825,16.623646667707362,15.081646667707362
5773,5058,760.0,-41.975,171.675,17.215400551696803,12.655400551696804
5774,5059,957.0,-41.975,171.725,17.00280793978527,11.26080793978527
5775,5060,653.0,-41.975,171.775,16.811479188101657,12.893479188101658
5776,5061,417.0,-41.975,171.825,16.65348059828102,14.151480598281022
5777,5439,335.0,-41.925,171.675,17.27673267523278,15.26673267523278
5778,5445,786.0,-41.925,171.725,17.060620745083725,12.344620745083724
5779,5459,294.0,-41.925,171.775,16.862722500100062,15.098722500100063
5780,5610,871.0,-42.075,171.675,17.132244352858834,11.906244352858835
5781,5611,1066.0,-42.075,171.725,16.93109193634882,10.53509193634882
5782,5612,264.0,-42.075,171.775,16.75244649068918,15.168446490689181
5783,5613,159.0,-42.075,171.825,16.612946319550247,15.658946319550246
5784,5642,340.0,-41.925,171.825,16.692224332029582,14.652224332029583
5785,5010,141.0,-42.025,171.875,16.531098274866963,15.685098274866963
5786,5011,160.0,-42.025,171.925,16.49478742097199,15.534787420971988
5787,5012,625.0,-42.025,171.975,16.494622326361423,12.744622326361423
5788,5062,133.0,-41.975,171.875,16.53811900085566,15.740119000855659
5789,5063,120.0,-41.975,171.925,16.465114521277428,15.745114521277427
5790,5064,375.0,-41.975,171.975,16.422927678497217,14.172927678497217
5791,5614,196.0,-42.075,171.875,16.542395111169753,15.366395111169753
5792,5615,407.0,-42.075,171.925,16.548692116986786,14.106692116986785
5793,5616,848.0,-42.075,171.975,16.592778249654657,11.504778249654656
5794,5664,287.0,-41.925,171.875,16.554982896304864,14.832982896304864
5795,5667,104.0,-41.925,171.925,16.45055680457881,15.826556804578809
5796,5671,199.0,-41.925,171.975,16.37178214803498,15.177782148034982
5797,5013,583.0,-42.025,172.025,16.50682654663251,13.00882654663251
5798,5014,1279.0,-42.025,172.075,16.512582778592332,8.838582778592333
5799,5015,1245.0,-42.025,172.125,16.49841988735716,9.02841988735716
5800,5016,644.0,-42.025,172.175,16.45628222875166,12.59228222875166
5801,5065,1011.0,-41.975,172.025,16.395217246670654,10.329217246670655
5802,5066,1296.0,-41.975,172.075,16.366940053299913,8.590940053299914
5803,5067,1068.0,-41.975,172.125,16.326838129822136,9.918838129822136
5804,5068,424.0,-41.975,172.175,16.268323153566598,13.724323153566598
5805,5617,553.0,-42.075,172.025,16.644477762773022,13.326477762773022
5806,5618,858.0,-42.075,172.075,16.682987669340946,11.534987669340946
5807,5619,1043.0,-42.075,172.125,16.692743681793218,10.434743681793218
5808,5620,398.0,-42.075,172.175,16.66361982804665,14.275619828046649
5809,5675,717.0,-41.925,172.025,16.30767387713786,12.005673877137859
5810,5679,1243.0,-41.925,172.075,16.247080994009593,8.789080994009595
5811,5683,472.0,-41.925,172.125,16.181147244453314,13.349147244453313
5812,5687,400.0,-41.925,172.175,16.104628416847845,13.704628416847845
5813,5017,849.0,-42.025,172.225,16.384022550722875,11.290022550722874
5814,5018,1039.0,-42.025,172.275,16.285459809376334,10.051459809376334
5815,5019,647.0,-42.025,172.325,16.169417136978154,12.287417136978155
5816,5020,806.0,-42.025,172.375,16.04794619801396,11.21194619801396
5817,5069,500.0,-41.975,172.225,16.18991451682814,13.18991451682814
5818,5070,1479.0,-41.975,172.275,16.095198615101253,7.221198615101255
5819,5071,502.0,-41.975,172.325,15.991991940078151,12.97999194007815
5820,5072,1102.0,-41.975,172.375,15.890780350036948,9.27878035003695
5821,5621,526.0,-42.075,172.225,16.592370339509216,13.436370339509217
5822,5622,655.0,-42.075,172.275,16.483287141585606,12.553287141585606
5823,5623,432.0,-42.075,172.325,16.346958466645447,13.754958466645446
5824,5624,1035.0,-42.075,172.375,16.197651189941098,9.987651189941097
5825,5691,302.0,-41.925,172.225,16.016584313929343,14.204584313929344
5826,5695,438.0,-41.925,172.275,15.920603298291098,13.292603298291098
5827,5699,343.0,-41.925,172.325,15.824202506701113,13.766202506701113
5828,5703,613.0,-41.925,172.375,15.736864933707693,12.058864933707692
5829,5021,1378.0,-42.025,172.425,15.934503762262466,7.666503762262467
5830,5022,995.0,-42.025,172.475,15.842571785877226,9.872571785877227
5831,5023,452.0,-42.025,172.525,15.78440554059489,13.07240554059489
5832,5073,787.0,-41.975,172.425,15.803315245866543,11.081315245866543
5833,5074,565.0,-41.975,172.475,15.742079750492849,12.352079750492848
5834,5075,558.0,-41.975,172.525,15.719773301127134,12.371773301127135
5835,5625,1469.0,-42.075,172.425,16.05067329153826,7.23667329153826
5836,5626,935.0,-42.075,172.475,15.920468453718058,10.310468453718059
5837,5627,956.0,-42.075,172.525,15.819276916015951,10.08327691601595
5838,5808,965.0,-41.925,172.425,15.668314311729773,9.878314311729774
5839,5811,928.0,-41.925,172.475,15.62943943973005,10.06143943973005
5840,5814,780.0,-41.925,172.525,15.633637251608889,10.953637251608889
5841,5024,1714.0,-42.025,172.575,15.769250821947935,5.485250821947934
5842,5025,1296.0,-42.025,172.625,15.801019258418819,8.02501925841882
5843,5026,1152.0,-42.025,172.675,15.876603720382263,8.964603720382264
5844,5027,1545.0,-42.025,172.725,15.986219709033321,6.7162197090333215
5845,5076,1528.0,-41.975,172.575,15.747210867190006,6.579210867190007
5846,5077,963.0,-41.975,172.625,15.829091281280853,10.051091281280852
5847,5078,1309.0,-41.975,172.675,15.960166290446068,8.106166290446069
5848,5079,1635.0,-41.975,172.725,16.125631713934126,6.315631713934126
5849,5628,1987.0,-42.075,172.575,15.755916198111663,3.8339161981116625
5850,5629,1300.0,-42.075,172.625,15.73461384411712,7.934613844117121
5851,5630,1837.0,-42.075,172.675,15.754358045582194,4.732358045582194
5852,5631,2250.0,-42.075,172.725,15.809302982535883,2.3093029825358826
5853,5817,800.0,-41.925,172.575,15.695260093201796,10.895260093201795
5854,5820,894.0,-41.925,172.625,15.822316390196647,10.458316390196646
5855,5823,1157.0,-41.925,172.675,16.007287816162716,9.065287816162716
5856,5899,1498.0,-41.925,172.725,16.228615800831903,7.240615800831904
5857,5028,2047.0,-42.025,172.775,16.115764902715455,3.8337649027154566
5858,5029,1985.0,-42.025,172.825,16.25021303784888,4.34021303784888
5859,5030,1566.0,-42.025,172.875,16.377121081051882,6.981121081051883
5860,5080,906.0,-41.975,172.775,16.30505820822873,10.86905820822873
5861,5081,1069.0,-41.975,172.825,16.47717438741529,10.06317438741529
5862,5082,1361.0,-41.975,172.875,16.625407047082263,8.459407047082264
5863,5632,1159.0,-42.075,172.775,15.890267469996616,8.936267469996615
5864,5633,906.0,-42.075,172.825,15.986864282222086,10.550864282222086
5865,5634,1794.0,-42.075,172.875,16.089583078261057,5.325583078261056
5866,5900,1847.0,-41.925,172.775,16.45851168261288,5.376511682612881
5867,5901,1260.0,-41.925,172.825,16.66768320248957,9.107683202489572
5868,5902,1226.0,-41.925,172.875,16.832937504717847,9.476937504717847
5869,5031,1550.0,-42.025,172.925,16.488859757970204,7.188859757970205
5870,5032,1422.0,-42.025,172.975,16.58217009504733,8.050170095047331
5871,5033,1693.0,-42.025,173.025,16.655657480710943,6.497657480710943
5872,5034,1706.0,-42.025,173.075,16.707180056175275,6.471180056175276
5873,5083,1443.0,-41.975,172.925,16.742256356614234,8.084256356614235
5874,5084,1796.0,-41.975,172.975,16.827954646927537,6.051954646927538
5875,5085,1307.0,-41.975,173.025,16.885009564488428,9.043009564488429
5876,5086,1294.0,-41.975,173.075,16.914015141373966,9.150015141373967
5877,5635,941.0,-42.075,172.925,16.191057788571925,10.545057788571924
5878,5636,1504.0,-42.075,172.975,16.28601279635768,7.262012796357682
5879,5637,1052.0,-42.075,173.025,16.370146398083307,10.058146398083307
5880,5638,1846.0,-42.075,173.075,16.438711127862916,5.362711127862916
5881,5903,822.0,-41.925,172.925,16.947979694785317,12.015979694785317
5882,5904,1665.0,-41.925,172.975,17.019795603337116,7.029795603337117
5883,5905,975.0,-41.925,173.025,17.05614057922503,11.20614057922503
5884,5906,1443.0,-41.925,173.075,17.06027019114117,8.402270191141172
5885,5035,1748.0,-42.025,173.125,16.732021405849082,6.244021405849082
5886,5036,1267.0,-42.025,173.175,16.721260597005312,9.119260597005312
5887,5037,1227.0,-42.025,173.225,16.659049835994665,9.297049835994667
5888,5087,1606.0,-41.975,173.125,16.911879662817228,7.275879662817228
5889,5088,1813.0,-41.975,173.175,16.871129441926314,5.993129441926316
5890,5089,1689.0,-41.975,173.225,16.780101642099908,6.646101642099907
5891,5639,1669.0,-42.075,173.125,16.485246006668604,6.471246006668602
5892,5640,1205.0,-42.075,173.175,16.50018890354113,9.27018890354113
5893,5641,1325.0,-42.075,173.225,16.46778392646229,8.51778392646229
5894,5907,1136.0,-41.925,173.125,17.030756277286855,10.214756277286856
5895,5908,919.0,-41.925,173.175,16.962409416570154,11.448409416570154
5896,5909,1882.0,-41.925,173.225,16.84805600040272,5.556056000402721
5897,5038,1421.0,-42.025,173.275,16.52236514989636,7.996365149896359
5898,5039,1458.0,-42.025,173.325,16.30731395807379,7.559313958073792
5899,5040,846.0,-42.025,173.375,16.039574511662067,10.963574511662067
5900,5041,962.0,-42.025,173.425,15.742716944601852,9.970716944601854
5901,5090,1648.0,-41.975,173.275,16.627376606797043,6.739376606797043
5902,5091,1746.0,-41.975,173.325,16.412815182469785,5.936815182469784
5903,5092,1339.0,-41.975,173.375,16.15051179206057,8.11651179206057
5904,5093,911.0,-41.975,173.425,15.858486714139872,10.392486714139872
5905,5645,900.0,-42.075,173.275,16.3505272003531,10.9505272003531
5906,5646,950.0,-42.075,173.325,16.133909448028135,10.433909448028135
5907,5647,1341.0,-42.075,173.375,15.866565753189207,7.820565753189207
5908,5648,941.0,-42.075,173.425,15.571824481456133,9.925824481456132
5909,5910,1570.0,-41.925,173.275,16.68231806318363,7.2623180631836295
5910,5911,1529.0,-41.925,173.325,16.466482323412492,7.292482323412493
5911,5912,1424.0,-41.925,173.375,16.209648609561555,7.665648609561554
5912,5913,807.0,-41.925,173.425,15.924931431443838,11.08293143144384
5913,5042,1266.0,-42.025,173.475,15.433106233154831,7.837106233154831
5914,5043,1415.0,-42.025,173.525,15.123160213428491,6.633160213428491
5915,5044,1868.0,-42.025,173.575,14.822963151396834,3.614963151396834
5916,5045,2076.0,-42.025,173.625,14.540856497944333,2.0848564979443314
5917,5094,867.0,-41.975,173.475,15.552279091098171,10.350279091098171
5918,5095,783.0,-41.975,173.525,15.244410647603218,10.546410647603217
5919,5096,1323.0,-41.975,173.575,14.945093748050567,7.0070937480505675
5920,5097,1948.0,-41.975,173.625,14.662731983233243,2.9747319832332426
5921,5649,1263.0,-42.075,173.475,15.264945874660043,7.686945874660043
5922,5650,1560.0,-42.075,173.525,14.957955372621655,5.597955372621655
5923,5651,1339.0,-42.075,173.575,14.660963543516118,6.626963543516117
5924,5652,688.0,-42.075,173.625,14.382529804199294,10.254529804199294
5925,5914,1110.0,-41.925,173.475,15.625548676078324,8.965548676078324
5926,5915,747.0,-41.925,173.525,15.323221800972533,10.841221800972534
5927,5916,731.0,-41.925,173.575,15.027957700265688,10.641957700265689
5928,5917,988.0,-41.925,173.625,14.748189548816299,8.820189548816298
5929,5046,1687.0,-42.025,173.675,14.283569489256479,4.161569489256479
5930,5047,586.0,-42.025,173.725,14.056161644723034,10.540161644723034
5931,5048,261.0,-42.025,173.775,13.861947422272351,12.295947422272352
5932,5098,2188.0,-41.975,173.675,14.404123548192729,1.2761235481927304
5933,5099,1457.0,-41.975,173.725,14.174483361850434,5.432483361850435
5934,5100,581.0,-41.975,173.775,13.977399232171592,10.491399232171592
5935,5653,331.0,-42.075,173.675,14.129611344600562,12.143611344600561
5936,5654,721.0,-42.075,173.725,13.907355394556362,9.581355394556361
5937,5655,826.0,-42.075,173.775,13.718942696941667,8.762942696941668
5938,5918,836.0,-41.925,173.675,14.490887584586744,9.474887584586746
5939,5919,1862.0,-41.925,173.725,14.261563377869606,3.089563377869606
5940,5920,961.0,-41.925,173.775,14.064193877617072,8.298193877617074
5941,5049,427.0,-42.025,173.825,13.702512996926089,11.14051299692609
5942,5050,364.0,-42.025,173.875,13.577868412779935,11.393868412779934
5943,5051,522.0,-42.025,173.925,13.48671667133749,10.35471667133749
5944,5052,67.0,-42.025,173.975,13.42678712723864,13.02478712723864
5945,5152,493.0,-41.975,173.825,13.814814083722013,10.856814083722012
5946,5207,682.0,-41.975,173.875,13.687097175235976,9.595097175235978
5947,5209,728.0,-41.975,173.925,13.593231561157154,9.225231561157154
5948,5211,302.0,-41.975,173.975,13.53110547678807,11.719105476788071
5949,5656,502.0,-42.075,173.825,13.565627150659566,10.553627150659565
5950,5657,216.0,-42.075,173.875,13.446996043894615,12.150996043894615
5951,5658,131.0,-42.075,173.925,13.361365544449654,12.575365544449655
5952,5921,620.0,-41.925,173.825,13.9011293496078,10.1811293496078
5953,5922,1033.0,-41.925,173.875,13.773068199705449,7.575068199705449
5954,5923,672.0,-41.925,173.925,13.679174278608116,9.647174278608116
5955,5924,640.0,-41.925,173.975,13.617361640448507,9.777361640448508
5956,5213,81.0,-41.975,174.025,13.49786172657332,13.011861726573319
5957,5925,809.0,-41.925,174.025,13.584695542922418,8.730695542922419
5958,5926,159.0,-41.925,174.075,13.57781303308002,12.623813033080019
5959,5927,61.0,-41.875,171.475,18.21217429263561,17.84617429263561
5960,6128,17.0,-41.825,171.475,18.270170757721644,18.168170757721644
5961,6184,27.0,-41.775,171.475,18.322316649446293,18.160316649446294
5962,5928,61.0,-41.875,171.525,18.008737374446355,17.642737374446355
5963,5929,244.0,-41.875,171.575,17.79385688028924,16.329856880289242
5964,5930,1102.0,-41.875,171.625,17.57029499051714,10.958294990517143
5965,6129,20.0,-41.825,171.525,18.073051959756413,17.95305195975641
5966,6130,111.0,-41.825,171.575,17.862970779526222,17.19697077952622
5967,6131,20.0,-41.825,171.625,17.640554506258923,17.52055450625892
5968,6185,20.0,-41.775,171.525,18.132059383642627,18.012059383642626
5969,6186,32.0,-41.775,171.575,17.928097952106327,17.736097952106327
5970,6187,6.0,-41.775,171.625,17.706271363185806,17.670271363185805
5971,5931,691.0,-41.875,171.675,17.344091955397744,13.198091955397743
5972,5932,167.0,-41.875,171.725,17.123764252333785,16.121764252333787
5973,5933,232.0,-41.875,171.775,16.918183990735997,15.526183990735998
5974,5934,119.0,-41.875,171.825,16.734717233448464,16.020717233448465
5975,6132,454.0,-41.825,171.675,17.412008407372923,14.688008407372923
5976,6133,550.0,-41.825,171.725,17.18676325553315,13.88676325553315
5977,6134,423.0,-41.825,171.775,16.973279023539362,14.435279023539362
5978,6135,256.0,-41.825,171.825,16.77772174698839,15.241721746988391
5979,6188,95.0,-41.775,171.675,17.474633403391636,16.904633403391635
5980,6189,667.0,-41.775,171.725,17.244796639504784,13.242796639504785
5981,6190,742.0,-41.775,171.775,17.024522858431737,12.572522858431737
5982,6191,913.0,-41.775,171.825,16.818935232950025,11.340935232950024
5983,5935,354.0,-41.875,171.875,16.577568611104653,14.453568611104652
5984,5936,62.0,-41.875,171.925,16.446526190033183,16.074526190033183
5985,5937,157.0,-41.875,171.975,16.337001697971573,15.395001697971573
5986,6136,142.0,-41.825,171.875,16.603404785852035,15.751404785852035
5987,6137,289.0,-41.825,171.925,16.45041446180403,14.71641446180403
5988,6138,334.0,-41.825,171.975,16.315840149600263,14.311840149600263
5989,6192,291.0,-41.775,171.875,16.630792629846837,14.884792629846837
5990,6193,146.0,-41.775,171.925,16.46048786661777,15.584487866617769
5991,6194,341.0,-41.775,171.975,16.306314002693398,14.260314002693399
5992,5938,337.0,-41.875,172.025,16.241609772707307,14.219609772707306
5993,5939,719.0,-41.875,172.075,16.152390000035666,11.838390000035666
5994,5940,1075.0,-41.875,172.125,16.062711803278944,9.612711803278945
5995,5941,632.0,-41.875,172.175,15.968574432503374,12.176574432503374
5996,6139,477.0,-41.825,172.025,16.194764188716363,13.332764188716363
5997,6140,438.0,-41.825,172.075,16.081678229791578,13.453678229791578
5998,6141,779.0,-41.825,172.125,15.971860890735115,11.297860890735116
5999,6142,291.0,-41.825,172.175,15.862464003432251,14.11646400343225
6000,6195,80.0,-41.775,172.025,16.165138877899153,15.685138877899153
6001,6196,719.0,-41.775,172.075,16.033356896245095,11.719356896245095
6002,6197,375.0,-41.775,172.125,15.907886132739804,13.657886132739804
6003,6198,183.0,-41.775,172.175,15.78704466282943,14.68904466282943
6004,5942,883.0,-41.875,172.225,15.869454933279485,10.571454933279485
6005,5943,369.0,-41.875,172.275,15.768955323361297,13.554955323361296
6006,5944,229.0,-41.875,172.325,15.675105327569327,14.301105327569326
6007,5945,863.0,-41.875,172.375,15.597493824388948,10.419493824388947
6008,6143,311.0,-41.825,172.225,15.753309574087325,13.887309574087325
6009,6144,463.0,-41.825,172.275,15.64762929671997,12.86962929671997
6010,6145,178.0,-41.825,172.325,15.553837089904846,14.485837089904846
6011,6146,288.0,-41.825,172.375,15.484794546951889,13.75679454695189
6012,6199,190.0,-41.775,172.225,15.671280944166938,14.531280944166937
6013,6200,158.0,-41.775,172.275,15.563945440870157,14.615945440870156
6014,6201,175.0,-41.775,172.325,15.47309285544543,14.423092855445429
6015,6202,182.0,-41.775,172.375,15.410356936277822,14.318356936277821
6016,5946,584.0,-41.875,172.425,15.542728067546705,12.038728067546705
6017,5947,371.0,-41.875,172.475,15.518683132799197,13.292683132799198
6018,5948,644.0,-41.875,172.525,15.538699425702362,11.67469942570236
6019,6147,715.0,-41.825,172.425,15.441321841819445,11.151321841819446
6020,6148,287.0,-41.825,172.475,15.42786407652602,13.705864076526021
6021,6149,639.0,-41.825,172.525,15.455869328347035,11.621869328347035
6022,6203,428.0,-41.775,172.425,15.376097815187677,12.808097815187677
6023,6204,505.0,-41.775,172.475,15.373680195778434,12.343680195778434
6024,6205,436.0,-41.775,172.525,15.413270501921943,12.797270501921943
6025,5949,793.0,-41.875,172.575,15.622695437534276,10.864695437534277
6026,5950,797.0,-41.875,172.625,15.787848823249078,11.005848823249078
6027,5951,664.0,-41.875,172.675,16.0229348537614,12.038934853761399
6028,5952,1247.0,-41.875,172.725,16.29607861250406,8.814078612504062
6029,6150,962.0,-41.825,172.575,15.547515297570499,9.7755152975705
6030,6151,454.0,-41.825,172.625,15.742266609304352,13.018266609304352
6031,6152,636.0,-41.825,172.675,16.018130983989977,12.202130983989978
6032,6153,910.0,-41.825,172.725,16.328394252770522,10.868394252770521
6033,6206,606.0,-41.775,172.575,15.515620350219251,11.879620350219252
6034,6207,877.0,-41.775,172.625,15.722842821429367,10.460842821429367
6035,6208,564.0,-41.775,172.675,16.00992465703166,12.62592465703166
6036,6209,568.0,-41.775,172.725,16.327832992741605,12.919832992741606
6037,5953,1571.0,-41.875,172.775,16.57377565461502,7.147775654615019
6038,5954,675.0,-41.875,172.825,16.818826225186058,12.768826225186057
6039,5955,1653.0,-41.875,172.875,16.994777784457256,7.076777784457255
6040,6154,1072.0,-41.825,172.775,16.640399140684167,10.208399140684167
6041,6155,734.0,-41.825,172.825,16.916963745752582,12.512963745752582
6042,6156,1255.0,-41.825,172.875,17.094604996142152,9.564604996142151
6043,6210,552.0,-41.775,172.775,16.64316787756252,13.33116787756252
6044,6211,808.0,-41.775,172.825,16.917367936999653,12.069367936999654
6045,6212,792.0,-41.775,172.875,17.0964386766791,12.3444386766791
6046,5956,658.0,-41.875,172.925,17.09929841224948,13.151298412249481
6047,5957,1671.0,-41.875,172.975,17.152526623722224,7.126526623722224
6048,5958,1445.0,-41.875,173.025,17.167166085142526,8.497166085142526
6049,5959,798.0,-41.875,173.075,17.14782140594616,12.35982140594616
6050,6082,1073.0,-41.775,173.075,17.157163869022042,10.719163869022044
6051,6157,806.0,-41.825,172.925,17.182740328593354,12.346740328593354
6052,6158,1115.0,-41.825,172.975,17.219274094655702,10.529274094655701
6053,6159,1407.0,-41.825,173.025,17.216502869101532,8.774502869101532
6054,6160,961.0,-41.825,173.075,17.178833472375118,11.41283347237512
6055,6213,700.0,-41.775,172.925,17.18509255553363,12.98509255553363
6056,6214,530.0,-41.775,172.975,17.21686837613379,14.03686837613379
6057,6215,1085.0,-41.775,173.025,17.205636252911063,10.695636252911063
6058,5960,1700.0,-41.875,173.125,17.094221772909805,6.894221772909805
6059,5961,1074.0,-41.875,173.175,17.003270978551882,10.559270978551883
6060,5962,1898.0,-41.875,173.225,16.87104963366437,5.48304963366437
6061,6094,498.0,-41.775,173.125,17.07362854265375,14.085628542653751
6062,6108,900.0,-41.775,173.175,16.95557222230127,11.555572222301272
6063,6118,541.0,-41.775,173.225,16.803260507156665,13.557260507156665
6064,6161,1112.0,-41.825,173.125,17.106866573325533,10.434866573325532
6065,6162,839.0,-41.825,173.175,16.999291648549843,11.965291648549844
6066,6163,1184.0,-41.825,173.225,16.85449624742614,9.750496247426142
6067,5963,1284.0,-41.875,173.275,16.6953781670818,8.991378167081798
6068,5964,819.0,-41.875,173.325,16.47822029746021,11.564220297460212
6069,5965,1354.0,-41.875,173.375,16.226263759519497,8.102263759519499
6070,5966,1087.0,-41.875,173.425,15.94934145687148,9.427341456871481
6071,6164,1667.0,-41.825,173.275,16.67221623122896,6.670216231228958
6072,6165,1033.0,-41.825,173.325,16.454847815250105,10.256847815250104
6073,6166,810.0,-41.825,173.375,16.207800482647144,11.347800482647145
6074,6167,637.0,-41.825,173.425,15.93879129079869,12.116791290798691
6075,6238,1029.0,-41.775,173.275,16.617817991093034,10.443817991093034
6076,6241,1412.0,-41.775,173.325,16.40203240107803,7.930032401078032
6077,6243,714.0,-41.775,173.375,16.160612509353086,11.876612509353087
6078,6254,1035.0,-41.775,173.425,15.899884104117518,9.689884104117517
6079,5967,1314.0,-41.875,173.475,15.658279330986261,7.774279330986261
6080,6061,1141.0,-41.875,173.525,15.363489308889257,8.517489308889257
6081,6072,612.0,-41.875,173.575,15.074393507209606,11.402393507209606
6082,6084,569.0,-41.875,173.625,14.799278452475846,11.385278452475847
6083,6168,1160.0,-41.825,173.475,15.656678552026278,8.696678552026277
6084,6169,933.0,-41.825,173.525,15.370483279686596,9.772483279686597
6085,6170,1022.0,-41.825,173.575,15.0888239284468,8.956823928446799
6086,6171,1450.0,-41.825,173.625,14.819666694369516,6.119666694369517
6087,6264,708.0,-41.775,173.475,15.627178795992222,11.379178795992221
6088,6273,1037.0,-41.775,173.525,15.350234063029347,9.128234063029348
6089,6274,612.0,-41.775,173.575,15.076781340947491,11.40478134094749
6090,6275,794.0,-41.775,173.625,14.8143321176467,10.0503321176467
6091,6096,495.0,-41.875,173.675,14.545263269581483,11.575263269581482
6092,6106,670.0,-41.875,173.725,14.318226586154196,10.298226586154197
6093,6112,927.0,-41.875,173.775,14.122640965739265,8.560640965739266
6094,6172,1419.0,-41.825,173.675,14.570209702629654,6.056209702629655
6095,6173,481.0,-41.825,173.725,14.34674270182586,11.460742701825861
6096,6174,617.0,-41.825,173.775,14.154368381641689,10.452368381641689
6097,6276,1049.0,-41.775,173.675,14.570075016017654,8.276075016017653
6098,6277,993.0,-41.775,173.725,14.350744063427555,8.392744063427557
6099,6278,1233.0,-41.775,173.775,14.1622706819835,6.764270681983501
6100,6121,989.0,-41.875,173.825,13.961343703122111,8.02734370312211
6101,6122,781.0,-41.875,173.875,13.835355996772705,9.149355996772705
6102,6123,507.0,-41.875,173.925,13.743907891919662,10.701907891919662
6103,6124,468.0,-41.875,173.975,13.684756711729278,10.876756711729278
6104,6175,359.0,-41.825,173.825,13.996557921011117,11.842557921011117
6105,6176,516.0,-41.825,173.875,13.874690329997975,10.778690329997975
6106,6177,541.0,-41.825,173.925,13.787905331228103,10.541905331228103
6107,6178,420.0,-41.825,173.975,13.733517945031053,11.213517945031054
6108,6279,439.0,-41.775,173.825,14.00905206585594,11.37505206585594
6109,6280,272.0,-41.775,173.875,13.892965807819564,12.260965807819565
6110,6281,520.0,-41.775,173.925,13.812825432862155,10.692825432862154
6111,6282,583.0,-41.775,173.975,13.765000618594058,10.267000618594059
6112,6125,235.0,-41.875,174.025,13.654717259509198,12.244717259509198
6113,6126,182.0,-41.875,174.075,13.650207121165295,12.558207121165294
6114,6127,44.0,-41.875,174.125,13.667676360084442,13.403676360084443
6115,6180,355.0,-41.825,174.025,13.707841928007838,11.577841928007839
6116,6181,200.0,-41.825,174.075,13.7069665451927,12.5069665451927
6117,6182,47.0,-41.825,174.125,13.727191147918347,13.445191147918347
6118,6283,659.0,-41.775,174.025,13.74490311597765,9.790903115977649
6119,6284,314.0,-41.775,174.075,13.748240494649508,11.864240494649508
6120,6285,82.0,-41.775,174.125,13.771332282849471,13.279332282849472
6121,6183,26.0,-41.825,174.175,13.765363626851467,13.609363626851467
6122,6286,113.0,-41.775,174.175,13.81091816607659,13.132918166076589
6123,6287,45.0,-41.775,174.225,13.865693081374047,13.595693081374048
6124,6288,6.0,-41.725,171.725,17.293960967766907,17.257960967766905
6125,6289,66.0,-41.725,171.775,17.069469224428758,16.673469224428757
6126,6290,741.0,-41.725,171.825,16.85682393564639,12.41082393564639
6127,6338,176.0,-41.675,171.825,16.890763479244924,15.834763479244923
6128,6022,207.0,-41.625,171.875,16.71325912818429,15.471259128184291
6129,6023,389.0,-41.625,171.925,16.516610944327113,14.182610944327113
6130,6024,245.0,-41.625,171.975,16.331928945626714,14.861928945626714
6131,6251,372.0,-41.575,171.925,16.541717855328898,14.309717855328898
6132,6257,252.0,-41.575,171.975,16.35410434696678,14.842104346966778
6133,6291,681.0,-41.725,171.875,16.6585662914149,12.572566291414901
6134,6292,223.0,-41.725,171.925,16.475465663850628,15.137465663850628
6135,6293,387.0,-41.725,171.975,16.306781134804623,13.984781134804624
6136,6339,782.0,-41.675,171.875,16.686091026644135,11.994091026644135
6137,6340,478.0,-41.675,171.925,16.494393266013503,13.626393266013503
6138,6341,345.0,-41.675,171.975,16.315765206603828,14.245765206603828
6139,6025,565.0,-41.625,172.025,16.159468390305847,12.769468390305846
6140,6026,1005.0,-41.625,172.075,15.999344914482208,9.969344914482207
6141,6027,936.0,-41.625,172.125,15.851979186914832,10.235979186914832
6142,6028,206.0,-41.625,172.175,15.718526165484946,14.482526165484945
6143,6266,329.0,-41.575,172.025,16.178475479668123,14.204475479668123
6144,6294,554.0,-41.725,172.025,16.150759711279534,12.826759711279534
6145,6295,513.0,-41.725,172.075,16.00531779443554,12.927317794435542
6146,6296,1202.0,-41.725,172.125,15.868789238953468,8.656789238953468
6147,6297,625.0,-41.725,172.175,15.74064533280034,11.99064533280034
6148,6342,359.0,-41.675,172.025,16.149566803527705,13.995566803527705
6149,6343,1133.0,-41.675,172.075,15.994943815861916,9.196943815861916
6150,6344,527.0,-41.675,172.125,15.851405199224246,12.689405199224247
6151,6345,927.0,-41.675,172.175,15.719396646083624,10.157396646083624
6152,6365,1182.0,-41.575,172.075,16.0156746963803,8.923674696380303
6153,6368,945.0,-41.575,172.125,15.86678098095581,10.196780980955811
6154,6372,314.0,-41.575,172.175,15.73341390567657,13.84941390567657
6155,6029,728.0,-41.625,172.225,15.601221136166714,11.233221136166714
6156,6030,1069.0,-41.625,172.275,15.503523480660078,9.089523480660079
6157,6031,962.0,-41.625,172.325,15.429883284257812,9.657883284257814
6158,6032,882.0,-41.625,172.375,15.38515721965814,10.09315721965814
6159,6298,539.0,-41.725,172.225,15.62217067671736,12.38817067671736
6160,6299,1225.0,-41.725,172.275,15.517163739961688,8.167163739961689
6161,6300,422.0,-41.725,172.325,15.432369437799935,12.900369437799935
6162,6301,551.0,-41.725,172.375,15.375009547846275,12.069009547846276
6163,6346,867.0,-41.675,172.225,15.600821203661326,10.398821203661326
6164,6347,667.0,-41.675,172.275,15.499399295902549,11.49739929590255
6165,6348,269.0,-41.675,172.325,15.420462683585356,13.806462683585355
6166,6349,707.0,-41.675,172.375,15.369670203563146,11.127670203563145
6167,6387,619.0,-41.575,172.225,15.617950432621,11.903950432621
6168,6392,1232.0,-41.575,172.275,15.523577685235068,8.131577685235069
6169,6489,1037.0,-41.575,172.325,15.454127542121569,9.23212754212157
6170,6492,477.0,-41.575,172.375,15.413761429408623,12.551761429408623
6171,6033,861.0,-41.625,172.425,15.374273492401699,10.208273492401698
6172,6034,638.0,-41.625,172.475,15.40257341718825,11.574573417188251
6173,6035,402.0,-41.625,172.525,15.475910377601394,13.063910377601395
6174,6302,521.0,-41.725,172.425,15.349036923227686,12.223036923227687
6175,6303,847.0,-41.725,172.475,15.359320582567307,10.277320582567306
6176,6304,808.0,-41.725,172.525,15.416090727147093,10.568090727147094
6177,6350,677.0,-41.675,172.425,15.352057304608024,11.290057304608025
6178,6351,383.0,-41.675,172.475,15.37348988114536,13.07548988114536
6179,6352,602.0,-41.675,172.525,15.44249345944263,11.83049345944263
6180,6494,1190.0,-41.575,172.425,15.406708169713966,8.266708169713965
6181,6497,788.0,-41.575,172.475,15.437079490082397,10.709079490082397
6182,6499,723.0,-41.575,172.525,15.508313989412272,11.170313989412271
6183,6036,628.0,-41.625,172.575,15.59887243835692,11.83087243835692
6184,6037,863.0,-41.625,172.625,15.770476625897572,10.592476625897572
6185,6038,471.0,-41.625,172.675,15.980140902094718,13.154140902094717
6186,6039,586.0,-41.625,172.725,16.208399300194287,12.692399300194287
6187,6305,359.0,-41.725,172.575,15.536966910927731,13.382966910927731
6188,6306,962.0,-41.725,172.625,15.738146725154365,9.966146725154367
6189,6307,557.0,-41.725,172.675,16.00509482493362,12.663094824933621
6190,6308,558.0,-41.725,172.725,16.302002808028192,12.954002808028193
6191,6353,1160.0,-41.675,172.575,15.569199604447931,8.60919960444793
6192,6354,381.0,-41.675,172.625,15.757857264921768,13.471857264921768
6193,6355,459.0,-41.675,172.675,15.996710722305579,13.24271072230558
6194,6356,562.0,-41.675,172.725,16.260087451672007,12.888087451672007
6195,6502,930.0,-41.575,172.575,15.621662170349737,10.041662170349737
6196,6505,1078.0,-41.575,172.625,15.77384746093594,9.30584746093594
6197,6508,446.0,-41.575,172.675,15.955336418635852,13.279336418635852
6198,6511,521.0,-41.575,172.725,16.15084592679341,13.02484592679341
6199,6040,381.0,-41.625,172.775,16.431511204915296,14.145511204915296
6200,6041,414.0,-41.625,172.825,16.626516612530395,14.142516612530395
6201,6042,441.0,-41.625,172.875,16.77614554586762,14.13014554586762
6202,6309,714.0,-41.725,172.775,16.593386090768036,12.309386090768037
6203,6310,695.0,-41.725,172.825,16.8428428625557,12.672842862555699
6204,6311,678.0,-41.725,172.875,17.018684636976104,12.950684636976105
6205,6357,501.0,-41.675,172.775,16.517677731244476,13.511677731244475
6206,6358,631.0,-41.675,172.825,16.739991908019874,12.953991908019875
6207,6359,486.0,-41.675,172.875,16.904916105311713,13.988916105311713
6208,6514,390.0,-41.575,172.775,16.342011899309,14.002011899309
6209,6517,619.0,-41.575,172.825,16.510923029207333,12.796923029207333
6210,6597,483.0,-41.575,172.875,16.643441157633788,13.745441157633788
6211,6043,710.0,-41.625,172.925,16.87227608039393,12.612276080393931
6212,6044,674.0,-41.625,172.975,16.9150531837804,12.8710531837804
6213,6045,1519.0,-41.625,173.025,16.90886131572188,7.79486131572188
6214,6046,1568.0,-41.625,173.075,16.859066406992497,7.4510664069924974
6215,6312,1253.0,-41.725,172.925,17.116932029290183,9.598932029290184
6216,6313,979.0,-41.725,172.975,17.153603223450773,11.279603223450774
6217,6314,784.0,-41.725,173.025,17.142043683277734,12.438043683277733
6218,6315,440.0,-41.725,173.075,17.089799856752506,14.449799856752506
6219,6360,1006.0,-41.675,172.925,17.005425959228887,10.969425959228886
6220,6361,657.0,-41.675,172.975,17.047025369211042,13.105025369211042
6221,6362,1435.0,-41.675,173.025,17.038406157676945,8.428406157676946
6222,6363,1271.0,-41.675,173.075,16.98668208581512,9.360682085815117
6223,6603,503.0,-41.575,172.925,16.731238983251387,13.713238983251387
6224,6605,1157.0,-41.575,172.975,16.771674023839296,9.829674023839296
6225,6607,1215.0,-41.575,173.025,16.766051526028605,9.476051526028606
6226,6610,1544.0,-41.575,173.075,16.71781082058442,7.453810820584419
6227,6001,561.0,-41.675,173.125,16.89696141058812,13.53096141058812
6228,6002,354.0,-41.675,173.175,16.773085915519914,14.649085915519914
6229,6003,420.0,-41.675,173.225,16.618357203449705,14.098357203449705
6230,6047,681.0,-41.625,173.125,16.77075975142361,12.684759751423613
6231,6048,607.0,-41.625,173.175,16.64860835295258,13.006608352952579
6232,6049,748.0,-41.625,173.225,16.496962087971042,12.008962087971042
6233,6316,836.0,-41.725,173.125,17.000951783942583,11.984951783942584
6234,6317,674.0,-41.725,173.175,16.87790521421266,12.83390521421266
6235,6318,818.0,-41.725,173.225,16.722584631032078,11.814584631032078
6236,6616,469.0,-41.575,173.125,16.63146755759226,13.81746755759226
6237,6622,780.0,-41.575,173.175,16.512103211862268,11.832103211862268
6238,6628,902.0,-41.575,173.225,16.364922449341975,10.952922449341976
6239,6004,520.0,-41.675,173.275,16.43605370874866,13.316053708748658
6240,6005,442.0,-41.675,173.325,16.229761995957233,13.577761995957234
6241,6006,854.0,-41.675,173.375,16.0035594823712,10.879559482371203
6242,6007,683.0,-41.675,173.425,15.762071268050931,11.664071268050932
6243,6050,332.0,-41.625,173.275,16.319921442234772,14.327921442234773
6244,6051,262.0,-41.625,173.325,16.12139546468825,14.54939546468825
6245,6052,248.0,-41.625,173.375,15.905227759729314,14.417227759729315
6246,6054,260.0,-41.625,173.425,15.675376317223709,14.115376317223708
6247,6319,903.0,-41.725,173.275,16.53727689407242,11.11927689407242
6248,6320,842.0,-41.725,173.325,16.32517649217334,11.273176492173342
6249,6321,1330.0,-41.725,173.375,16.090604549208365,8.110604549208364
6250,6322,664.0,-41.725,173.425,15.838923982955748,11.854923982955748
6251,6634,903.0,-41.575,173.275,16.194749218928337,10.776749218928337
6252,6640,1131.0,-41.575,173.325,16.00570597573096,9.21970597573096
6253,6641,634.0,-41.575,173.375,15.801286374022311,11.99728637402231
6254,6642,352.0,-41.575,173.425,15.584717008663574,13.472717008663574
6255,6008,519.0,-41.675,173.475,15.510430051217554,12.396430051217553
6256,6009,323.0,-41.675,173.525,15.254188339255052,13.316188339255051
6257,6010,354.0,-41.675,173.575,14.999243168618705,12.875243168618704
6258,6011,346.0,-41.675,173.625,14.751828915985243,12.675828915985242
6259,6055,435.0,-41.625,173.475,15.43607177893864,12.82607177893864
6260,6056,524.0,-41.625,173.525,15.191907810069097,12.047907810069097
6261,6062,285.0,-41.575,173.575,14.897490872514027,13.187490872514026
6262,6064,200.0,-41.575,173.625,14.669928195035027,13.469928195035028
6263,6075,421.0,-41.625,173.575,14.947881239415437,12.421881239415438
6264,6078,411.0,-41.625,173.625,14.70944352621882,12.243443526218819
6265,6323,508.0,-41.725,173.475,15.57626626954152,12.52826626954152
6266,6324,578.0,-41.725,173.525,15.30922240754444,11.84122240754444
6267,6325,606.0,-41.725,173.575,15.044611072575208,11.408611072575209
6268,6326,414.0,-41.725,173.625,14.789367696292175,12.305367696292175
6269,6643,178.0,-41.575,173.475,15.359342136427586,14.291342136427586
6270,6644,170.0,-41.575,173.525,15.128871049382724,14.108871049382724
6271,6012,427.0,-41.675,173.675,14.51862147252541,11.956621472525411
6272,6013,558.0,-41.675,173.725,14.306964822812006,10.958964822812007
6273,6014,463.0,-41.675,173.775,14.125057387900597,11.347057387900596
6274,6067,271.0,-41.575,173.675,14.451563420043385,12.825563420043386
6275,6070,122.0,-41.575,173.725,14.248741779963893,13.516741779963894
6276,6083,183.0,-41.625,173.675,14.482650547353842,13.384650547353841
6277,6085,128.0,-41.575,173.775,14.069643028233259,13.301643028233258
6278,6092,205.0,-41.625,173.725,14.274542366154492,13.044542366154491
6279,6099,468.0,-41.625,173.775,14.093965474836295,11.285965474836296
6280,6327,619.0,-41.725,173.675,14.55053556333587,10.83653556333587
6281,6328,544.0,-41.725,173.725,14.335264275614463,11.071264275614464
6282,6329,961.0,-41.725,173.775,14.15056241898128,8.384562418981282
6283,6015,401.0,-41.675,173.825,13.981220088397095,11.575220088397096
6284,6016,396.0,-41.675,173.875,13.880365660676034,11.504365660676035
6285,6017,442.0,-41.675,173.925,13.819320800532296,11.167320800532297
6286,6018,128.0,-41.675,173.975,13.788730394480808,13.020730394480807
6287,6098,108.0,-41.575,173.825,13.927320256661915,13.279320256661915
6288,6102,348.0,-41.625,173.825,13.952578240277944,11.864578240277943
6289,6104,164.0,-41.575,173.875,13.844833082490368,12.860833082490368
6290,6114,86.0,-41.575,173.925,13.812243508575193,13.296243508575193
6291,6115,721.0,-41.625,173.875,13.860685496721999,9.534685496721998
6292,6227,229.0,-41.625,173.925,13.812798981140077,12.438798981140076
6293,6230,308.0,-41.575,173.975,13.79828821652336,11.950288216523361
6294,6233,346.0,-41.625,173.975,13.791761427630263,11.715761427630262
6295,6330,840.0,-41.725,173.825,14.002315993740922,8.962315993740923
6296,6331,180.0,-41.725,173.875,13.89332445144828,12.81332445144828
6297,6332,220.0,-41.725,173.925,13.821704828587826,12.501704828587826
6298,6333,201.0,-41.725,173.975,13.781923727052344,12.575923727052345
6299,6019,105.0,-41.675,174.025,13.779881698304962,13.149881698304961
6300,6020,98.0,-41.675,174.075,13.787971949022904,13.199971949022904
6301,6021,61.0,-41.675,174.125,13.81109117683809,13.44509117683809
6302,6239,191.0,-41.625,174.025,13.785672163132404,12.639672163132403
6303,6242,281.0,-41.625,174.075,13.791118005297903,12.105118005297903
6304,6247,24.0,-41.625,174.125,13.808827430722886,13.664827430722886
6305,6248,183.0,-41.575,174.025,13.789254606032046,12.691254606032045
6306,6258,119.0,-41.575,174.075,13.786380636818649,13.072380636818648
6307,6267,238.0,-41.575,174.125,13.794095992336224,12.366095992336223
6308,6334,134.0,-41.725,174.025,13.767811398363847,12.963811398363847
6309,6335,115.0,-41.725,174.075,13.774683648334758,13.084683648334758
6310,6336,74.0,-41.725,174.125,13.799457156688732,13.35545715668873
6311,6337,1.0,-41.725,174.175,13.83905778764165,13.83305778764165
6312,6366,169.0,-41.575,175.275,14.89027000781789,13.87627000781789
6313,6375,295.0,-41.575,175.325,14.986607428902062,13.216607428902062
6314,6379,27.0,-41.525,171.975,16.381321566739643,16.219321566739644
6315,6439,272.0,-41.475,171.975,16.41281727797832,14.78081727797832
6316,6380,264.0,-41.425,172.075,16.112876764149405,14.528876764149405
6317,6381,559.0,-41.525,172.025,16.204827638975985,12.850827638975986
6318,6382,83.0,-41.425,172.125,15.96633760563418,15.468337605634181
6319,6383,199.0,-41.525,172.075,16.04137867909958,14.847378679099581
6320,6384,215.0,-41.425,172.175,15.83648330768483,14.54648330768483
6321,6386,343.0,-41.525,172.125,15.8924919976198,13.8344919976198
6322,6391,401.0,-41.525,172.175,15.760058562234917,13.354058562234918
6323,6440,189.0,-41.475,172.025,16.237068468661164,15.103068468661164
6324,6441,290.0,-41.475,172.075,16.074330356415885,14.334330356415885
6325,6442,522.0,-41.475,172.125,15.92637879148242,12.794378791482421
6326,6443,512.0,-41.475,172.175,15.795229112343804,12.723229112343805
6327,6556,43.0,-41.375,172.125,16.01086855008907,15.752868550089072
6328,6557,119.0,-41.375,172.175,15.882118352521502,15.168118352521502
6329,6388,964.0,-41.425,172.225,15.725513684941689,9.94151368494169
6330,6393,1094.0,-41.425,172.275,15.635766654471809,9.071766654471809
6331,6396,156.0,-41.525,172.225,15.646474489207321,14.710474489207321
6332,6397,542.0,-41.525,172.275,15.554652720376907,12.302652720376908
6333,6398,797.0,-41.525,172.325,15.487896762002492,10.705896762002492
6334,6399,715.0,-41.525,172.375,15.449669278401416,11.159669278401417
6335,6444,1073.0,-41.475,172.225,15.68321009666397,9.245210096663971
6336,6445,545.0,-41.475,172.275,15.592950151345576,12.322950151345577
6337,6446,763.0,-41.475,172.325,15.527264420808933,10.949264420808934
6338,6447,865.0,-41.475,172.375,15.488950346938509,10.298950346938508
6339,6496,1108.0,-41.425,172.325,15.569610534810636,8.921610534810636
6340,6498,761.0,-41.425,172.375,15.529258264570672,10.963258264570673
6341,6558,598.0,-41.375,172.225,15.771606666057778,12.183606666057777
6342,6559,628.0,-41.375,172.275,15.681386021075014,11.913386021075013
6343,6560,882.0,-41.375,172.325,15.613430014600453,10.321430014600454
6344,6561,847.0,-41.375,172.375,15.569470583111979,10.487470583111978
6345,6400,1163.0,-41.525,172.425,15.44330730188085,8.465307301880848
6346,6401,952.0,-41.525,172.475,15.471640919691708,9.759640919691709
6347,6402,1325.0,-41.525,172.525,15.536327694295323,7.586327694295324
6348,6448,1200.0,-41.475,172.425,15.480497566939448,8.280497566939449
6349,6449,556.0,-41.475,172.475,15.5036821158792,12.1676821158792
6350,6450,808.0,-41.475,172.525,15.558988155578845,10.710988155578846
6351,6500,1165.0,-41.425,172.425,15.516501013022207,8.526501013022207
6352,6503,897.0,-41.425,172.475,15.532351798276068,10.150351798276066
6353,6506,828.0,-41.425,172.525,15.576598109262704,10.608598109262704
6354,6562,569.0,-41.375,172.425,15.550772772206983,12.136772772206983
6355,6563,1254.0,-41.375,172.475,15.557850180579408,8.033850180579408
6356,6564,1047.0,-41.375,172.525,15.590138351028145,9.308138351028145
6357,6403,1220.0,-41.525,172.575,15.636761479196139,8.316761479196138
6358,6404,905.0,-41.525,172.625,15.768798294964654,10.338798294964654
6359,6405,732.0,-41.525,172.675,15.92400980831735,11.532009808317351
6360,6406,429.0,-41.525,172.725,16.090143017747323,13.516143017747323
6361,6451,421.0,-41.475,172.575,15.64486903334182,13.11886903334182
6362,6452,793.0,-41.475,172.625,15.757044241465337,10.999044241465338
6363,6453,495.0,-41.475,172.675,15.88819450201845,12.91819450201845
6364,6457,266.0,-41.475,172.725,16.028359744232148,14.432359744232148
6365,6509,691.0,-41.425,172.575,15.647313296394714,11.501313296394713
6366,6512,249.0,-41.425,172.625,15.740461614535889,14.246461614535889
6367,6515,907.0,-41.425,172.675,15.849787149752956,10.407787149752956
6368,6519,180.0,-41.425,172.725,15.967128936303197,14.887128936303197
6369,6565,1193.0,-41.375,172.575,15.645674185390817,8.487674185390818
6370,6566,826.0,-41.375,172.625,15.720866993819072,10.764866993819073
6371,6567,359.0,-41.375,172.675,15.810462136221759,13.656462136221759
6372,6568,159.0,-41.375,172.725,15.907764921583293,14.953764921583293
6373,6407,479.0,-41.525,172.775,16.252804785675835,13.378804785675834
6374,6408,642.0,-41.525,172.825,16.397776396632253,12.545776396632252
6375,6409,313.0,-41.525,172.875,16.513201098743593,14.635201098743593
6376,6458,600.0,-41.475,172.775,16.166045026577194,12.566045026577195
6377,6459,348.0,-41.475,172.825,16.289722352230456,14.201722352230455
6378,6460,339.0,-41.475,172.875,16.389271225802077,14.355271225802078
6379,6520,192.0,-41.425,172.775,16.083154287029174,14.931154287029175
6380,6521,285.0,-41.425,172.825,16.188336859908304,14.478336859908303
6381,6522,301.0,-41.425,172.875,16.273914737743326,14.467914737743326
6382,6569,213.0,-41.375,172.775,16.00511519326392,14.727115193263918
6383,6570,263.0,-41.375,172.825,16.094519464262703,14.516519464262704
6384,6571,388.0,-41.375,172.875,16.168297663665726,13.840297663665726
6385,6410,377.0,-41.525,172.925,16.590961527836043,14.328961527836043
6386,6411,398.0,-41.525,172.975,16.626897214053315,14.238897214053315
6387,6412,592.0,-41.525,173.025,16.62016336225497,13.068163362254971
6388,6413,781.0,-41.525,173.075,16.57245512157533,11.886455121575331
6389,6461,320.0,-41.475,172.925,16.456948025464953,14.536948025464953
6390,6462,181.0,-41.475,172.975,16.48770681485621,15.40170681485621
6391,6463,254.0,-41.475,173.025,16.479067733540433,14.955067733540432
6392,6464,285.0,-41.475,173.075,16.43104302269785,14.721043022697849
6393,6523,327.0,-41.425,172.925,16.332579719739442,14.370579719739442
6394,6524,260.0,-41.425,172.975,16.358767482670373,14.798767482670373
6395,6525,87.0,-41.425,173.025,16.348641175798548,15.826641175798548
6396,6526,122.0,-41.425,173.075,16.300280331539398,15.568280331539398
6397,6572,364.0,-41.375,172.925,16.219598077885166,14.035598077885165
6398,6573,212.0,-41.375,172.975,16.242654461027996,14.970654461027996
6399,6574,108.0,-41.375,173.025,16.232676613151853,15.584676613151853
6400,6575,55.0,-41.375,173.075,16.185512388750794,15.855512388750794
6401,6414,593.0,-41.525,173.125,16.48753809089976,12.929538090899761
6402,6415,1262.0,-41.525,173.175,16.37083558827726,8.79883558827726
6403,6416,1349.0,-41.525,173.225,16.22853306747129,8.13453306747129
6404,6465,671.0,-41.475,173.125,16.346504412955255,12.320504412955255
6405,6466,364.0,-41.475,173.175,16.231425806719926,14.047425806719925
6406,6467,809.0,-41.475,173.225,16.0936109088143,11.2396109088143
6407,6527,144.0,-41.425,173.125,16.215076992782997,15.351076992782996
6408,6528,258.0,-41.425,173.175,16.09983386482054,14.551833864820539
6409,6529,485.0,-41.425,173.225,15.965449687151704,13.055449687151704
6410,6579,26.0,-41.375,173.125,16.099367191396595,15.943367191396595
6411,6580,320.0,-41.375,173.175,15.98167623912741,14.06167623912741
6412,6581,292.0,-41.375,173.225,15.84917225632671,14.09717225632671
6413,6417,1011.0,-41.525,173.275,16.066265171873965,10.000265171873966
6414,6418,557.0,-41.525,173.325,15.888224191898189,12.546224191898188
6415,6419,437.0,-41.525,173.375,15.697276297243661,13.075276297243661
6416,6420,584.0,-41.525,173.425,15.495713246811647,11.991713246811647
6417,6468,1044.0,-41.475,173.275,15.9399235591045,9.6759235591045
6418,6469,889.0,-41.475,173.325,15.77436652162578,10.44036652162578
6419,6470,1272.0,-41.475,173.375,15.598619103860983,7.9666191038609835
6420,6471,993.0,-41.475,173.425,15.413694453593052,9.455694453593054
6421,6530,771.0,-41.425,173.275,15.821022834716132,11.195022834716132
6422,6531,715.0,-41.425,173.325,15.669660024053883,11.379660024053884
6423,6532,470.0,-41.425,173.375,15.510775791932247,12.690775791932246
6424,6533,688.0,-41.425,173.425,15.343741675809724,11.215741675809724
6425,6582,756.0,-41.375,173.275,15.715397334308363,11.179397334308364
6426,6583,693.0,-41.375,173.325,15.58034182334086,11.42234182334086
6427,6584,443.0,-41.375,173.375,15.439473772355996,12.781473772355996
6428,6585,277.0,-41.375,173.425,15.290695517665881,13.628695517665882
6429,6421,471.0,-41.525,173.475,15.285952077814727,12.459952077814727
6430,6422,267.0,-41.525,173.525,15.070908666893956,13.468908666893956
6431,6423,136.0,-41.525,173.575,14.854128425104136,14.038128425104135
6432,6424,116.0,-41.525,173.625,14.639833658111456,13.943833658111457
6433,6472,871.0,-41.475,173.475,15.221039549069246,9.995039549069247
6434,6473,835.0,-41.475,173.525,15.022905504527444,10.012905504527444
6435,6474,617.0,-41.475,173.575,14.822393799673591,11.120393799673591
6436,6475,295.0,-41.475,173.625,14.623460551301832,12.853460551301833
6437,6534,858.0,-41.425,173.475,15.169129993548268,10.021129993548268
6438,6535,416.0,-41.425,173.525,14.988722849695478,12.492722849695477
6439,6536,503.0,-41.425,173.575,14.805339289341646,11.787339289341645
6440,6537,676.0,-41.425,173.625,14.622754996933509,10.566754996933508
6441,6586,391.0,-41.375,173.475,15.1341187209473,12.788118720947299
6442,6587,430.0,-41.375,173.525,14.971294832488638,12.391294832488638
6443,6588,320.0,-41.375,173.575,14.804830897446664,12.884830897446664
6444,6589,485.0,-41.375,173.625,14.638235875689134,11.728235875689133
6445,6425,89.0,-41.525,173.675,14.433020231568662,13.899020231568661
6446,6426,83.0,-41.525,173.725,14.239747508319851,13.741747508319852
6447,6427,78.0,-41.525,173.775,14.06795655433234,13.59995655433234
6448,6476,267.0,-41.475,173.675,14.43102838746563,12.82902838746563
6449,6477,137.0,-41.475,173.725,14.251354173073196,13.429354173073197
6450,6478,126.0,-41.475,173.775,14.092933565632848,13.336933565632847
6451,6538,765.0,-41.425,173.675,14.445767943485407,9.855767943485407
6452,6539,400.0,-41.425,173.725,14.28042159040342,11.88042159040342
6453,6540,109.0,-41.425,173.775,14.134245294102584,13.480245294102584
6454,6590,634.0,-41.375,173.675,14.475882777493098,10.671882777493098
6455,6591,351.0,-41.375,173.725,14.322967025480466,12.216967025480466
6456,6592,333.0,-41.375,173.775,14.1851745619133,12.1871745619133
6457,6058,22.0,-41.475,173.875,13.888992473039252,13.756992473039253
6458,6069,10.0,-41.475,173.925,13.84885168562323,13.78885168562323
6459,6081,4.0,-41.475,173.975,13.820114992631716,13.796114992631717
6460,6428,55.0,-41.525,173.825,13.930415368617105,13.600415368617105
6461,6429,28.0,-41.525,173.875,13.853701292260666,13.685701292260667
6462,6430,11.0,-41.525,173.925,13.826933180127526,13.760933180127525
6463,6431,10.0,-41.525,173.975,13.81196061319497,13.751960613194969
6464,6479,36.0,-41.475,173.825,13.968042703985702,13.752042703985703
6465,6541,601.0,-41.425,173.825,14.015540078369668,10.409540078369668
6466,6542,206.0,-41.425,173.875,13.929012215761759,12.693012215761758
6467,6543,232.0,-41.425,173.925,13.868634416117857,12.476634416117857
6468,6544,30.0,-41.425,173.975,13.818745269221836,13.638745269221836
6469,6593,795.0,-41.375,173.825,14.067428399845085,9.297428399845085
6470,6594,204.0,-41.375,173.875,13.971214662677085,12.747214662677084
6471,6595,101.0,-41.375,173.925,13.892149258572317,13.286149258572317
6472,6596,466.0,-41.375,173.975,13.821765792330552,11.025765792330553
6473,6057,245.0,-41.375,174.025,13.753834677037958,12.283834677037957
6474,6074,1.0,-41.375,174.075,13.687985524797114,13.681985524797113
6475,6090,2.0,-41.475,174.025,13.783834865491372,13.771834865491371
6476,6432,4.0,-41.525,174.025,13.790644214772328,13.76664421477233
6477,6545,6.0,-41.425,174.025,13.76864770361135,13.73264770361135
6478,6077,114.0,-41.375,174.875,15.23070166153775,14.546701661537751
6479,6080,223.0,-41.375,174.925,14.960941447250661,13.622941447250662
6480,6087,654.0,-41.375,174.975,14.716490670558414,10.792490670558415
6481,6097,495.0,-41.375,175.025,14.571827059364296,11.601827059364295
6482,6546,240.0,-41.425,174.925,15.021661766862962,13.581661766862963
6483,6100,117.0,-41.475,175.225,14.756927906171768,14.054927906171768
6484,6105,45.0,-41.375,175.075,14.505625108067761,14.235625108067762
6485,6111,,-41.375,175.125,14.503001076547662,
6486,6120,38.0,-41.375,175.175,14.56849740447069,14.34049740447069
6487,6218,110.0,-41.375,175.225,14.700535664858762,14.040535664858762
6488,6433,66.0,-41.525,175.225,14.789306909908191,14.39330690990819
6489,6547,124.0,-41.425,175.225,14.723529431270435,13.979529431270436
6490,6103,333.0,-41.475,175.275,14.886597271222854,12.888597271222855
6491,6113,509.0,-41.475,175.325,15.042309946904425,11.988309946904424
6492,6220,299.0,-41.375,175.275,14.884943829209078,13.090943829209078
6493,6222,332.0,-41.375,175.325,15.103935470760916,13.111935470760917
6494,6224,310.0,-41.375,175.375,15.336789202381624,13.476789202381624
6495,6231,305.0,-41.475,175.375,15.206496333121322,13.376496333121322
6496,6434,435.0,-41.525,175.275,14.890889762871666,12.280889762871666
6497,6435,393.0,-41.525,175.325,15.015054619623697,12.657054619623697
6498,6436,214.0,-41.525,175.375,15.1472361292399,13.8632361292399
6499,6548,166.0,-41.425,175.275,14.882406626347802,13.886406626347801
6500,6549,288.0,-41.425,175.325,15.07125707421801,13.34325707421801
6501,6550,617.0,-41.425,175.375,15.269902446729247,11.567902446729248
6502,6228,365.0,-41.375,175.425,15.55613957476453,13.36613957476453
6503,6234,322.0,-41.375,175.475,15.73164155423001,13.799641554230009
6504,6252,141.0,-41.475,175.425,15.360734518792015,14.514734518792014
6505,6253,98.0,-41.375,175.525,15.843045259520295,15.255045259520296
6506,6259,108.0,-41.375,175.575,15.888361918565352,15.240361918565352
6507,6260,317.0,-41.475,175.475,15.488396536224172,13.586396536224173
6508,6269,205.0,-41.475,175.525,15.577804878441384,14.347804878441384
6509,6378,12.0,-41.475,175.575,15.624012465181295,15.552012465181296
6510,6437,39.0,-41.525,175.425,15.272581314406125,15.038581314406125
6511,6438,182.0,-41.525,175.475,15.377907955553383,14.285907955553382
6512,6551,468.0,-41.425,175.425,15.455676985613536,12.647676985613536
6513,6552,105.0,-41.425,175.475,15.606857290142216,14.976857290142215
6514,6553,160.0,-41.425,175.525,15.708681360905757,14.748681360905756
6515,6554,42.0,-41.425,175.575,15.756902610402904,15.504902610402903
6516,6268,139.0,-41.375,175.625,15.877617965554236,15.043617965554237
6517,6377,227.0,-41.375,175.675,15.823293820867548,14.461293820867548
6518,6385,18.0,-41.375,175.725,15.73606641110382,15.62806641110382
6519,6555,179.0,-41.425,175.625,15.755734034173656,14.681734034173656
6520,6389,61.0,-41.325,172.125,16.059011838304286,15.693011838304287
6521,6394,105.0,-41.325,172.175,15.93108312064578,15.30108312064578
6522,6710,20.0,-41.225,172.125,16.16449230042781,16.04449230042781
6523,6711,144.0,-41.225,172.175,16.037409364980704,15.173409364980703
6524,6984,102.0,-41.275,172.125,16.110264956747415,15.498264956747414
6525,6985,65.0,-41.275,172.175,15.982871395011898,15.592871395011898
6526,6480,512.0,-41.325,172.225,15.820459709255374,12.748459709255375
6527,6481,645.0,-41.325,172.275,15.728923747628869,11.858923747628868
6528,6482,742.0,-41.325,172.325,15.658110820317233,11.206110820317233
6529,6483,1042.0,-41.325,172.375,15.609374817213393,9.357374817213394
6530,6712,307.0,-41.225,172.225,15.92527493021771,14.08327493021771
6531,6713,184.0,-41.225,172.275,15.829393743668334,14.725393743668334
6532,6714,1014.0,-41.225,172.325,15.750877559279616,9.666877559279616
6533,6715,509.0,-41.225,172.375,15.690567512901907,12.636567512901907
6534,6986,681.0,-41.275,172.225,15.871659602351428,11.78565960235143
6535,6987,133.0,-41.275,172.275,15.778161933892989,14.980161933892989
6536,6988,641.0,-41.275,172.325,15.70372946254065,11.85772946254065
6537,6989,1038.0,-41.275,172.375,15.649426133546513,9.421426133546511
6538,6484,720.0,-41.325,172.425,15.583609908062499,11.263609908062499
6539,6485,987.0,-41.325,172.475,15.581037732510595,9.659037732510594
6540,6486,841.0,-41.325,172.525,15.600978887683596,10.554978887683596
6541,6716,1039.0,-41.225,172.425,15.64894452765293,9.41494452765293
6542,6717,334.0,-41.225,172.475,15.626035636043525,13.622035636043526
6543,6718,482.0,-41.225,172.525,15.621326277949265,12.729326277949266
6544,6990,1116.0,-41.275,172.425,15.615897099916765,8.919897099916765
6545,6991,300.0,-41.275,172.475,15.603219969452766,13.803219969452766
6546,6992,688.0,-41.275,172.525,15.610753921282594,11.482753921282594
6547,6487,873.0,-41.325,172.575,15.641643899449264,10.403643899449264
6548,6488,677.0,-41.325,172.625,15.699993489040935,11.637993489040936
6549,6490,396.0,-41.325,172.675,15.771719079042668,13.395719079042669
6550,6491,197.0,-41.325,172.725,15.851374160214618,14.669374160214618
6551,6719,396.0,-41.225,172.575,15.633687903769896,13.257687903769897
6552,6720,999.0,-41.225,172.625,15.661324488348328,9.667324488348328
6553,6721,1603.0,-41.225,172.675,15.70173112496559,6.08373112496559
6554,6722,861.0,-41.225,172.725,15.751649439356697,10.585649439356697
6555,6993,1171.0,-41.275,172.575,15.637007765180897,8.611007765180897
6556,6994,710.0,-41.275,172.625,15.679550487184315,11.419550487184315
6557,6995,1261.0,-41.275,172.675,15.734983023095992,8.168983023095993
6558,6996,573.0,-41.275,172.725,15.798978684026224,12.360978684026223
6559,6493,303.0,-41.325,172.775,15.93265083382721,14.114650833827211
6560,6495,120.0,-41.325,172.825,16.00876105864154,15.288761058641539
6561,6501,269.0,-41.325,172.875,16.07286538556218,14.45886538556218
6562,6723,379.0,-41.225,172.775,15.807010863580217,13.533010863580216
6563,6724,105.0,-41.225,172.825,15.86288629406772,15.23288629406772
6564,6725,210.0,-41.225,172.875,15.91349402275955,14.653494022759551
6565,6997,257.0,-41.275,172.775,15.866388829090283,14.324388829090283
6566,6998,336.0,-41.275,172.825,15.931408487485896,13.915408487485896
6567,6999,119.0,-41.275,172.875,15.987807134049945,15.273807134049944
6568,6060,166.0,-41.275,172.975,16.049735922948457,15.053735922948457
6569,6066,90.0,-41.275,173.025,16.04393595489819,15.50393595489819
6570,6504,194.0,-41.325,172.925,16.11849238112336,14.95449238112336
6571,6507,327.0,-41.325,172.975,16.13987086994166,14.17787086994166
6572,6510,238.0,-41.325,173.025,16.131958771431528,14.703958771431527
6573,6513,81.0,-41.325,173.075,16.089420603871986,15.603420603871985
6574,6726,130.0,-41.225,172.925,15.952349984509056,15.172349984509056
6575,6727,90.0,-41.225,172.975,15.972738047894381,15.432738047894382
6576,6728,55.0,-41.225,173.025,15.968558543325344,15.638558543325344
6577,6729,74.0,-41.225,173.075,15.93453673759359,15.490536737593589
6578,7000,191.0,-41.275,172.925,16.029250863772177,14.883250863772176
6579,6071,3.0,-41.275,173.125,15.927463607215032,15.90946360721503
6580,6516,11.0,-41.325,173.125,16.00423858229624,15.938238582296238
6581,6601,22.0,-41.325,173.225,15.751475287150242,15.619475287150243
6582,6089,20.0,-41.275,173.275,15.582830791783636,15.462830791783636
6583,6093,69.0,-41.275,173.325,15.47819193835312,15.06419193835312
6584,6095,457.0,-41.275,173.375,15.368473922724661,12.62647392272466
6585,6107,968.0,-41.275,173.425,15.25119883203297,9.44319883203297
6586,6609,541.0,-41.325,173.275,15.63157753743144,12.38557753743144
6587,6615,667.0,-41.325,173.325,15.514054720049899,11.5120547200499
6588,6621,509.0,-41.325,173.375,15.390539786712907,12.336539786712907
6589,6627,691.0,-41.325,173.425,15.258858742163284,11.112858742163283
6590,6730,390.0,-41.225,173.375,15.374284483616066,13.034284483616066
6591,6731,260.0,-41.225,173.425,15.268511325746658,13.708511325746658
6592,6119,215.0,-41.275,173.475,15.126135725120548,13.836135725120549
6593,6217,204.0,-41.275,173.525,14.99429404347029,13.77029404347029
6594,6219,40.0,-41.275,173.575,14.857518850461929,14.617518850461929
6595,6221,93.0,-41.275,173.625,14.718256384323468,14.160256384323468
6596,6633,153.0,-41.325,173.475,15.119121422867465,14.201121422867466
6597,6639,240.0,-41.325,173.525,14.97272928199527,13.532729281995271
6598,6688,700.0,-41.325,173.575,14.822005277572316,10.622005277572317
6599,6693,601.0,-41.325,173.625,14.670015407005849,11.064015407005849
6600,6732,693.0,-41.225,173.475,15.155735266205738,10.997735266205739
6601,6733,594.0,-41.225,173.525,15.036351555943838,11.472351555943838
6602,6734,120.0,-41.225,173.575,14.911577440405381,14.19157744040538
6603,6735,140.0,-41.225,173.625,14.783143534266856,13.943143534266856
6604,6223,78.0,-41.275,173.675,14.579341907294292,14.111341907294292
6605,6225,20.0,-41.275,173.725,14.443705288380443,14.323705288380443
6606,6736,478.0,-41.225,173.675,14.653029873559717,11.785029873559717
6607,6737,769.0,-41.225,173.725,14.523167846615252,9.90916784661525
6608,6738,39.0,-41.225,173.775,14.395072174695088,14.161072174695088
6609,6778,75.0,-41.325,173.675,14.520434056459635,14.070434056459636
6610,6779,313.0,-41.325,173.725,14.377320395680727,12.499320395680726
6611,6780,204.0,-41.325,173.775,14.24460590184026,13.02060590184026
6612,6229,338.0,-41.275,173.825,14.191438036657928,12.163438036657928
6613,6232,383.0,-41.275,173.875,14.076159277748957,11.778159277748957
6614,6739,598.0,-41.225,173.825,14.269442839897238,10.681442839897237
6615,6740,79.0,-41.225,173.975,13.899073183361907,13.425073183361906
6616,6781,591.0,-41.325,173.825,14.125080129531852,10.579080129531853
6617,6782,711.0,-41.325,173.875,14.01902736244665,9.75302736244665
6618,6783,315.0,-41.325,173.925,13.92354732304375,12.033547323043749
6619,6784,43.0,-41.325,173.975,13.833885886822827,13.575885886822828
6620,6256,20.0,-41.275,174.075,13.643239409706439,13.52323940970644
6621,6262,244.0,-41.275,174.125,13.536001706088427,12.072001706088427
6622,6741,0.0,-41.225,174.025,13.772539461991983,13.772539461991983
6623,6742,0.0,-41.225,174.075,13.643027497353614,13.643027497353614
6624,6870,298.0,-41.325,174.025,13.746332678674662,11.958332678674662
6625,6880,498.0,-41.325,174.075,13.660103308051475,10.672103308051476
6626,6271,468.0,-41.275,174.175,13.431853366550058,10.623853366550058
6627,6370,286.0,-41.275,174.225,13.334151548144291,11.618151548144292
6628,6743,0.0,-41.225,174.225,13.250113041794975,13.250113041794975
6629,6881,355.0,-41.325,174.175,13.50001104194962,11.37001104194962
6630,6374,366.0,-41.275,174.625,13.491282829112606,11.295282829112606
6631,6455,284.0,-41.275,174.675,13.775190610787831,12.07119061078783
6632,6882,209.0,-41.325,174.675,14.312760945555056,13.058760945555056
6633,6577,149.0,-41.275,174.725,14.151271372116753,13.257271372116753
6634,6599,33.0,-41.275,174.775,14.577987231692532,14.379987231692532
6635,6744,79.0,-41.225,174.725,13.412311501553631,12.938311501553631
6636,6745,278.0,-41.225,174.775,13.833324701074162,12.165324701074162
6637,6746,201.0,-41.225,174.825,14.333644950820599,13.1276449508206
6638,6747,8.0,-41.225,174.875,14.821835956594441,14.773835956594441
6639,6883,296.0,-41.325,174.725,14.70044942482491,12.92444942482491
6640,6884,35.0,-41.325,174.775,15.090439663341385,14.880439663341384
6641,6885,20.0,-41.325,174.825,15.286033121752553,15.166033121752553
6642,6613,208.0,-41.275,174.925,14.98825479405059,13.74025479405059
6643,6619,101.0,-41.275,174.975,14.763857414465747,14.157857414465747
6644,6625,639.0,-41.275,175.025,14.669835586086265,10.835835586086265
6645,6748,20.0,-41.225,174.925,15.1076131449081,14.987613144908101
6646,6749,161.0,-41.225,174.975,14.99702019362303,14.03102019362303
6647,6750,275.0,-41.225,175.025,14.891392001169152,13.241392001169151
6648,6887,111.0,-41.325,174.925,14.898906240632641,14.23290624063264
6649,6888,403.0,-41.325,174.975,14.650712340691825,12.232712340691826
6650,6890,293.0,-41.325,175.025,14.551514290986233,12.793514290986234
6651,6631,434.0,-41.275,175.075,14.607107359348447,12.003107359348448
6652,6637,197.0,-41.275,175.125,14.573545239429222,13.391545239429222
6653,6691,1.0,-41.275,175.175,14.62468806495599,14.61868806495599
6654,6696,1.0,-41.275,175.225,14.762109584495192,14.756109584495192
6655,6751,522.0,-41.225,175.075,14.825261068661348,11.693261068661348
6656,6752,512.0,-41.225,175.125,14.787410890421597,11.715410890421598
6657,6753,20.0,-41.225,175.175,14.811433577298885,14.691433577298886
6658,6754,1.0,-41.225,175.225,14.898255677791894,14.892255677791894
6659,6968,183.0,-41.325,175.075,14.50155211724632,13.403552117246319
6660,6969,20.0,-41.325,175.125,14.495107289229054,14.375107289229055
6661,6970,15.0,-41.325,175.175,14.561589421195094,14.471589421195095
6662,6971,11.0,-41.325,175.225,14.70492592996743,14.63892592996743
6663,6697,4.0,-41.275,175.275,14.945200708287302,14.921200708287303
6664,6698,9.0,-41.275,175.325,15.172906806124956,15.118906806124956
6665,6699,53.0,-41.275,175.375,15.446321496579912,15.128321496579913
6666,6755,1.0,-41.225,175.275,15.02256409356778,15.01656409356778
6667,6756,4.0,-41.225,175.325,15.195784320429084,15.171784320429085
6668,6757,19.0,-41.225,175.375,15.44348057177558,15.32948057177558
6669,6972,122.0,-41.325,175.275,14.902559881273191,14.170559881273192
6670,6973,308.0,-41.325,175.325,15.139662725836388,13.291662725836389
6671,6974,295.0,-41.325,175.375,15.401096925910679,13.63109692591068
6672,6700,108.0,-41.275,175.425,15.737618726037908,15.089618726037909
6673,6701,97.0,-41.275,175.475,15.968832764527178,15.386832764527178
6674,6702,337.0,-41.275,175.525,16.080466491534025,14.058466491534025
6675,6703,198.0,-41.275,175.575,16.100711874474655,14.912711874474654
6676,6758,18.0,-41.225,175.425,15.759660417868872,15.651660417868872
6677,6759,47.0,-41.225,175.475,16.031513447960606,15.749513447960606
6678,6760,226.0,-41.225,175.525,16.128891301341355,14.772891301341355
6679,6761,183.0,-41.225,175.575,16.142013810778735,15.044013810778734
6680,6975,176.0,-41.325,175.425,15.655787162220804,14.599787162220803
6681,6976,131.0,-41.325,175.475,15.85694771267299,15.070947712672991
6682,6977,260.0,-41.325,175.525,15.972882512112847,14.412882512112846
6683,6978,329.0,-41.325,175.575,16.008624462832813,14.034624462832813
6684,6704,242.0,-41.275,175.625,16.06391582111246,14.61191582111246
6685,6705,80.0,-41.275,175.675,15.987903891407768,15.507903891407768
6686,6706,297.0,-41.275,175.725,15.882930623251013,14.100930623251013
6687,6707,258.0,-41.275,175.775,15.756130768335424,14.208130768335424
6688,6762,239.0,-41.225,175.625,16.10401506634662,14.67001506634662
6689,6763,167.0,-41.225,175.675,16.028481018947787,15.026481018947786
6690,6764,116.0,-41.225,175.725,15.924017173994798,15.228017173994798
6691,6765,453.0,-41.225,175.775,15.797258238104405,13.079258238104405
6692,6979,143.0,-41.325,175.625,15.984519749938045,15.126519749938044
6693,6980,165.0,-41.325,175.675,15.917581433765008,14.927581433765008
6694,6981,147.0,-41.325,175.725,15.819420954183443,14.937420954183443
6695,6982,327.0,-41.325,175.775,15.698217091499828,13.736217091499828
6696,6059,344.0,-41.225,175.875,15.498423463664949,13.434423463664949
6697,6073,194.0,-41.225,175.925,15.335679937255918,14.171679937255918
6698,6708,331.0,-41.275,175.825,15.613170709926635,13.627170709926634
6699,6709,17.0,-41.275,175.875,15.45891911588842,15.35691911588842
6700,6766,151.0,-41.225,175.825,15.653768026284524,14.747768026284524
6701,6983,319.0,-41.325,175.825,15.560230772927753,13.646230772927753
6702,6088,44.0,-41.175,172.125,16.221834059877438,15.957834059877438
6703,6109,397.0,-41.175,172.175,16.094944975884573,13.712944975884573
6704,6270,389.0,-41.075,172.125,16.34727635991294,14.01327635991294
6705,6364,894.0,-41.075,172.175,16.220983851388155,10.856983851388154
6706,6681,400.0,-41.025,172.125,16.416268657638284,14.016268657638284
6707,6682,1126.0,-41.025,172.175,16.29067641220172,9.53467641220172
6708,6927,437.0,-41.125,172.125,16.282618034165353,13.660618034165353
6709,6928,354.0,-41.125,172.175,16.15594254813186,14.03194254813186
6710,6117,374.0,-41.175,172.225,15.981728286824364,13.737728286824364
6711,6236,1212.0,-41.175,172.275,15.883282654227514,8.611282654227516
6712,6255,435.0,-41.175,172.325,15.800515880335297,13.190515880335298
6713,6263,950.0,-41.175,172.375,15.734092281934863,10.034092281934864
6714,6367,700.0,-41.075,172.225,16.105900206923252,11.905900206923253
6715,6373,1126.0,-41.075,172.275,16.002774492408207,9.246774492408207
6716,6390,720.0,-41.075,172.325,15.912184020198765,11.592184020198765
6717,6395,1055.0,-41.075,172.375,15.834516395218088,9.504516395218088
6718,6683,900.0,-41.025,172.225,16.1751952855775,10.775195285577503
6719,6684,616.0,-41.025,172.275,16.07043407880701,12.374434078807012
6720,6685,1103.0,-41.025,172.325,15.976840173767414,9.358840173767415
6721,6687,1355.0,-41.025,172.375,15.894690436762176,7.764690436762175
6722,6929,471.0,-41.125,172.225,16.041676817629195,13.215676817629195
6723,6930,514.0,-41.125,172.275,15.940734089417674,12.856734089417674
6724,6931,704.0,-41.125,172.325,15.853845416240802,11.629845416240801
6725,6932,774.0,-41.125,172.375,15.781527225815807,11.137527225815807
6726,6272,661.0,-41.175,172.425,15.684379067541158,11.718379067541157
6727,6369,511.0,-41.175,172.475,15.651399066235172,12.585399066235171
6728,6376,885.0,-41.175,172.525,15.634796845151868,10.32479684515187
6729,6518,1242.0,-41.075,172.425,15.76996431992302,8.31796431992302
6730,6602,860.0,-41.075,172.475,15.718542044691276,10.558542044691276
6731,6604,1291.0,-41.075,172.525,15.680133257134003,7.934133257134003
6732,6689,942.0,-41.025,172.425,15.824097168369917,10.172097168369916
6733,6694,1600.0,-41.025,172.475,15.765038537640066,6.165038537640067
6734,6767,632.0,-41.025,172.525,15.717426178285677,11.925426178285678
6735,6933,1170.0,-41.125,172.425,15.724056210725394,8.704056210725394
6736,6934,1101.0,-41.125,172.475,15.681459343337337,9.075459343337338
6737,6935,1216.0,-41.125,172.525,15.653526122245239,8.35752612224524
6738,6454,823.0,-41.175,172.575,15.633820213457511,10.695820213457512
6739,6578,1237.0,-41.175,172.625,15.64730650706042,8.225306507060422
6740,6600,1013.0,-41.175,172.675,15.673642996400304,9.595642996400304
6741,6606,1555.0,-41.075,172.575,15.654577229724964,6.324577229724964
6742,6608,1437.0,-41.075,172.625,15.64178614775301,7.01978614775301
6743,6611,1164.0,-41.075,172.675,15.641844677724293,8.657844677724293
6744,6612,906.0,-41.175,172.725,15.710653886118962,10.274653886118962
6745,6617,388.0,-41.075,172.725,15.654945197624329,13.32694519762433
6746,6768,1650.0,-41.025,172.575,15.681225919513963,5.781225919513963
6747,6769,1107.0,-41.025,172.625,15.656647603645979,9.01464760364598
6748,6770,726.0,-41.025,172.675,15.644398951437324,11.288398951437324
6749,6771,669.0,-41.025,172.725,15.645884236466372,11.631884236466373
6750,6936,1504.0,-41.125,172.575,15.639844005330815,6.615844005330816
6751,6937,1084.0,-41.125,172.625,15.639841025498754,9.135841025498754
6752,6938,1124.0,-41.125,172.675,15.652785649137513,8.908785649137513
6753,6939,743.0,-41.125,172.725,15.677647525066277,11.219647525066279
6754,6618,614.0,-41.175,172.775,15.75538056910591,12.07138056910591
6755,6623,659.0,-41.075,172.775,15.680879312756588,11.726879312756587
6756,6624,562.0,-41.175,172.825,15.803792982449522,12.431792982449522
6757,6629,871.0,-41.075,172.825,15.71791323897196,10.49191323897196
6758,6630,264.0,-41.175,172.875,15.850554637429013,14.266554637429014
6759,6635,458.0,-41.075,172.875,15.761626243212959,13.01362624321296
6760,6772,513.0,-41.025,172.775,15.662842717472813,12.584842717472814
6761,6774,118.0,-41.025,172.825,15.695463257579831,14.987463257579831
6762,6775,666.0,-41.025,172.875,15.739585992276261,11.74358599227626
6763,6940,1053.0,-41.125,172.775,15.712712032996933,9.394712032996933
6764,6941,1030.0,-41.125,172.825,15.754974400748324,9.574974400748324
6765,6942,859.0,-41.125,172.875,15.799614503819612,10.645614503819612
6766,6636,62.0,-41.175,172.925,15.888943555692094,15.516943555692094
6767,6645,604.0,-41.075,172.925,15.804793518014776,12.180793518014777
6768,6646,135.0,-41.075,172.975,15.837749400161556,15.027749400161555
6769,6692,19.0,-41.175,172.975,15.911145277546893,15.797145277546893
6770,6773,22.0,-41.175,173.025,15.910310937731992,15.778310937731993
6771,6777,496.0,-41.025,172.925,15.786587376860552,12.810587376860553
6772,6786,106.0,-41.025,172.975,15.826294545877317,15.190294545877318
6773,6943,233.0,-41.125,172.925,15.839864845263946,14.441864845263947
6774,6944,17.0,-41.125,172.975,15.866734714014456,15.764734714014455
6775,6776,18.0,-41.175,173.425,15.309490082370758,15.201490082370757
6776,6647,84.0,-41.075,173.575,15.179816574636789,14.675816574636789
6777,6785,352.0,-41.175,173.475,15.207134498967207,13.095134498967207
6778,6871,398.0,-41.175,173.525,15.098395052715205,12.710395052715205
6779,6886,382.0,-41.175,173.575,14.983897446931223,12.691897446931224
6780,6889,526.0,-41.175,173.625,14.864686484783306,11.708686484783307
6781,6945,231.0,-41.125,173.525,15.179236742449575,13.793236742449576
6782,6946,487.0,-41.125,173.575,15.07371004880406,12.151710048804059
6783,6947,389.0,-41.125,173.625,14.962553004290385,12.628553004290385
6784,6648,263.0,-41.075,173.725,14.849204169164295,13.271204169164296
6785,6649,198.0,-41.075,173.775,14.725736893247813,13.537736893247812
6786,6788,240.0,-41.025,173.725,14.987639421109634,13.547639421109634
6787,6891,429.0,-41.175,173.675,14.741963772568852,12.167963772568852
6788,6895,596.0,-41.175,173.725,14.616823671196471,11.04082367119647
6789,6948,359.0,-41.125,173.675,14.846323031946667,12.692323031946668
6790,6949,357.0,-41.125,173.725,14.72543730410689,12.58343730410689
6791,6950,384.0,-41.125,173.775,14.599987797431822,12.295987797431822
6792,6650,58.0,-41.075,173.825,14.594646812678548,14.246646812678547
6793,6651,130.0,-41.075,173.875,14.454863566934364,13.674863566934365
6794,6896,52.0,-41.175,173.825,14.36156531337474,14.04956531337474
6795,6897,456.0,-41.175,173.925,14.097095313220052,11.361095313220051
6796,6898,28.0,-41.175,173.975,13.958588469758979,13.79058846975898
6797,6951,422.0,-41.125,173.825,14.469619788927957,11.937619788927957
6798,6952,24.0,-41.125,173.925,14.190611002617516,14.046611002617515
6799,6652,49.0,-41.075,174.025,13.9723565861932,13.6783565861932
6800,6653,526.0,-41.075,174.075,13.788671607413562,10.632671607413563
6801,6654,179.0,-41.075,174.125,13.594375634027529,12.520375634027529
6802,6790,315.0,-41.025,174.075,13.896271626203088,12.006271626203088
6803,6792,239.0,-41.025,174.125,13.687742406269535,12.253742406269536
6804,6899,100.0,-41.175,174.075,13.664524549472844,13.064524549472845
6805,6900,122.0,-41.175,174.125,13.509429552650545,12.777429552650545
6806,6953,297.0,-41.125,174.025,13.880264746883768,12.098264746883768
6807,6954,315.0,-41.125,174.075,13.712011477371561,11.82201147737156
6808,6955,174.0,-41.125,174.125,13.535723317501834,12.491723317501833
6809,6655,218.0,-41.075,174.175,13.391107582297991,12.083107582297991
6810,6794,330.0,-41.025,174.175,13.468540385147207,11.488540385147207
6811,6901,167.0,-41.175,174.175,13.35079392863554,12.348793928635539
6812,6956,10.0,-41.125,174.375,12.605909149802756,12.545909149802755
6813,6656,19.0,-41.075,174.875,13.57090397394495,13.45690397394495
6814,6902,123.0,-41.175,174.775,12.980700746818911,12.242700746818912
6815,6903,39.0,-41.175,174.825,13.588101698944229,13.354101698944229
6816,6904,382.0,-41.175,174.875,14.286347543180455,11.994347543180455
6817,6957,41.0,-41.125,174.825,12.893675421903026,12.647675421903026
6818,6958,98.0,-41.125,174.875,13.7782245012786,13.190224501278601
6819,6657,99.0,-41.075,174.925,14.44766772670846,13.85366772670846
6820,6658,340.0,-41.075,174.975,15.099565436350531,13.059565436350532
6821,6659,338.0,-41.075,175.025,15.509218970197253,13.481218970197252
6822,6796,269.0,-41.025,174.925,14.638862354389858,13.024862354389857
6823,6798,366.0,-41.025,174.975,15.36294000808266,13.16694000808266
6824,6800,231.0,-41.025,175.025,15.8364345660666,14.450434566066601
6825,6905,162.0,-41.175,174.925,14.809596019200399,13.837596019200399
6826,6906,129.0,-41.175,174.975,15.030031328104087,14.256031328104086
6827,6907,359.0,-41.175,175.025,15.091462241340196,12.937462241340196
6828,6959,38.0,-41.125,174.925,14.522048501268728,14.294048501268728
6829,6960,170.0,-41.125,174.975,15.008257157067419,13.98825715706742
6830,6961,177.0,-41.125,175.025,15.273758305978845,14.211758305978845
6831,6660,396.0,-41.075,175.075,15.722452412592247,13.346452412592248
6832,6661,353.0,-41.075,175.125,15.80133195250528,13.683331952505279
6833,6662,235.0,-41.075,175.175,15.792965018656105,14.382965018656105
6834,6663,234.0,-41.075,175.225,15.705346365881269,14.301346365881269
6835,6802,404.0,-41.025,175.075,16.08096654401743,13.656966544017429
6836,6804,269.0,-41.025,175.125,16.160067239106866,14.546067239106865
6837,6806,538.0,-41.025,175.175,16.127825710980687,12.899825710980688
6838,6808,676.0,-41.025,175.225,16.017405686026905,11.961405686026904
6839,6908,200.0,-41.175,175.075,15.100781582223135,13.900781582223136
6840,6909,691.0,-41.175,175.125,15.094880803851993,10.948880803851992
6841,6910,362.0,-41.175,175.175,15.09726221091114,12.92526221091114
6842,6911,261.0,-41.175,175.225,15.113331488362746,13.547331488362747
6843,6962,77.0,-41.125,175.075,15.39793316637224,14.93593316637224
6844,6963,169.0,-41.125,175.125,15.440650342570734,14.426650342570735
6845,6964,487.0,-41.125,175.175,15.435732370766345,12.513732370766345
6846,6965,531.0,-41.125,175.225,15.391254924732493,12.205254924732493
6847,6053,38.0,-41.125,175.375,15.329786271046032,15.101786271046032
6848,6664,543.0,-41.075,175.275,15.583565554450615,12.325565554450616
6849,6665,375.0,-41.075,175.325,15.485736865462968,13.235736865462968
6850,6666,92.0,-41.075,175.375,15.474574229549034,14.922574229549035
6851,6810,893.0,-41.025,175.275,15.873845487556537,10.515845487556536
6852,6812,602.0,-41.025,175.325,15.752998128562467,12.140998128562467
6853,6892,600.0,-41.025,175.375,15.704678794369102,12.104678794369102
6854,6912,1.0,-41.175,175.275,15.145107319403905,15.139107319403905
6855,6913,4.0,-41.175,175.325,15.21671759293531,15.192717592935312
6856,6914,14.0,-41.175,175.375,15.379559771739878,15.295559771739878
6857,6966,341.0,-41.125,175.275,15.330373771939776,13.284373771939777
6858,6967,27.0,-41.125,175.325,15.291842640930554,15.129842640930553
6859,6063,47.0,-41.125,175.425,15.56481091232854,15.28281091232854
6860,6065,42.0,-41.125,175.475,15.824437014511204,15.572437014511204
6861,6068,199.0,-41.125,175.525,15.994590774207609,14.80059077420761
6862,6076,79.0,-41.025,175.525,15.954111363491393,15.480111363491392
6863,6079,85.0,-41.025,175.575,16.02240334993985,15.51240334993985
6864,6091,130.0,-41.125,175.575,16.071521265504998,15.291521265504999
6865,6667,74.0,-41.075,175.425,15.60518335562665,15.16118335562665
6866,6668,52.0,-41.075,175.475,15.793084484292194,15.481084484292195
6867,6669,59.0,-41.075,175.525,15.944347697426565,15.590347697426566
6868,6670,73.0,-41.075,175.575,16.030379917108803,15.592379917108802
6869,6893,250.0,-41.025,175.425,15.750169508435647,14.250169508435647
6870,6894,76.0,-41.025,175.475,15.852225713199005,15.396225713199005
6871,6915,45.0,-41.175,175.425,15.666331198488479,15.396331198488479
6872,6916,39.0,-41.175,175.475,15.94398625890608,15.70998625890608
6873,6917,94.0,-41.175,175.525,16.082168788896524,15.518168788896524
6874,6918,186.0,-41.175,175.575,16.123070396104595,15.007070396104595
6875,6086,97.0,-41.025,175.625,16.04562945527141,15.463629455271409
6876,6101,121.0,-41.125,175.625,16.078580515182693,15.352580515182694
6877,6110,154.0,-41.025,175.675,16.022277990487055,15.098277990487055
6878,6116,227.0,-41.025,175.725,15.962931841335376,14.600931841335376
6879,6179,479.0,-41.125,175.675,16.034232125937706,13.160232125937705
6880,6216,223.0,-41.125,175.725,15.951780656090705,14.613780656090706
6881,6226,221.0,-41.125,175.775,15.841160454088822,14.515160454088821
6882,6237,270.0,-41.025,175.775,15.875915028998861,14.25591502899886
6883,6671,55.0,-41.075,175.625,16.05359480297193,15.72359480297193
6884,6672,119.0,-41.075,175.675,16.02427599442308,15.310275994423078
6885,6673,317.0,-41.075,175.725,15.955013860075269,14.05301386007527
6886,6674,201.0,-41.075,175.775,15.856238382213633,14.650238382213633
6887,6919,220.0,-41.175,175.625,16.10355121579778,14.783551215797779
6888,6920,281.0,-41.175,175.675,16.04053909929644,14.354539099296439
6889,6921,232.0,-41.175,175.725,15.94464912096737,14.55264912096737
6890,6922,379.0,-41.175,175.775,15.823840513214236,13.549840513214235
6891,6235,220.0,-41.125,175.825,15.709761178630288,14.389761178630287
6892,6240,238.0,-41.125,175.875,15.56330979061022,14.135309790610219
6893,6244,202.0,-41.025,175.825,15.767327828187263,14.555327828187263
6894,6245,287.0,-41.125,175.925,15.406626984928153,13.684626984928153
6895,6246,215.0,-41.025,175.875,15.6418961595773,14.3518961595773
6896,6249,291.0,-41.025,175.925,15.503521065184032,13.757521065184031
6897,6675,206.0,-41.075,175.825,15.735420075361617,14.499420075361616
6898,6676,233.0,-41.075,175.875,15.598166755356942,14.200166755356943
6899,6677,322.0,-41.075,175.925,15.449083188723307,13.517083188723307
6900,6923,302.0,-41.175,175.825,15.684466172824614,13.872466172824614
6901,6924,306.0,-41.175,175.875,15.531815086156712,13.695815086156712
6902,6925,322.0,-41.175,175.925,15.370558566195541,13.43855856619554
6903,6250,210.0,-41.125,175.975,15.244206064802711,13.984206064802711
6904,6261,20.0,-41.125,176.025,15.08065989651368,14.96065989651368
6905,6265,287.0,-41.025,175.975,15.355821467048372,13.633821467048373
6906,6371,178.0,-41.025,176.025,15.202721741006826,14.134721741006826
6907,6456,84.0,-41.025,176.075,15.049147137950058,14.545147137950059
6908,6678,278.0,-41.075,175.975,15.292428689441294,13.624428689441295
6909,6679,105.0,-41.075,176.025,15.13269008763018,14.50269008763018
6910,6680,22.0,-41.075,176.075,14.975103276476148,14.843103276476148
6911,6926,61.0,-41.175,175.975,15.205119943682803,14.839119943682803
6912,6576,46.0,-40.975,172.125,16.49001340837276,16.21401340837276
6913,6598,202.0,-40.975,172.175,16.365570704903803,15.153570704903803
6914,6834,381.0,-40.925,172.125,16.568829991752864,14.282829991752864
6915,6835,107.0,-40.925,172.175,16.446089276891144,15.804089276891144
6916,7001,761.0,-40.875,172.175,16.532471924787387,11.966471924787388
6917,6614,820.0,-40.975,172.225,16.250278421088296,11.330278421088298
6918,6620,571.0,-40.975,172.275,16.144633354088,12.718633354088
6919,6626,925.0,-40.975,172.325,16.04898182120087,10.498981821200868
6920,6632,904.0,-40.975,172.375,15.963515212250059,10.539515212250059
6921,6836,77.0,-40.925,172.225,16.33169968805305,15.86969968805305
6922,6837,802.0,-40.925,172.275,16.226078726271226,11.414078726271226
6923,6838,778.0,-40.925,172.325,16.12950719705259,11.46150719705259
6924,6839,1038.0,-40.925,172.375,16.042127633038035,9.814127633038034
6925,7002,782.0,-40.875,172.225,16.41977517188934,11.727775171889341
6926,7003,792.0,-40.875,172.275,16.315177269818378,11.563177269818379
6927,7004,732.0,-40.875,172.325,16.218933591262612,11.826933591262613
6928,7005,718.0,-40.875,172.375,16.131183439363667,11.823183439363667
6929,6638,908.0,-40.975,172.425,15.888280144594319,10.440280144594318
6930,6686,442.0,-40.975,172.475,15.823211785733292,13.171211785733293
6931,6690,1140.0,-40.975,172.525,15.768203194813395,8.928203194813396
6932,6840,347.0,-40.925,172.425,15.963955635088496,13.881955635088495
6933,6841,557.0,-40.925,172.475,15.894910898095986,12.552910898095986
6934,6842,900.0,-40.925,172.525,15.834878258086974,10.434878258086975
6935,7006,781.0,-40.875,172.425,16.051963766461995,11.365963766461995
6936,7007,162.0,-40.875,172.475,15.981240325556428,15.009240325556428
6937,7008,571.0,-40.875,172.525,15.918964862605208,12.492964862605207
6938,6695,1174.0,-40.975,172.575,15.723231281532208,8.679231281532207
6939,6787,1617.0,-40.975,172.625,15.688575332074834,5.986575332074834
6940,6789,1166.0,-40.975,172.675,15.665192742832005,8.669192742832006
6941,6791,314.0,-40.975,172.725,15.655333260336192,13.771333260336192
6942,6843,1327.0,-40.925,172.575,15.78381626249029,7.821816262490291
6943,6844,882.0,-40.925,172.625,15.74194761957915,10.44994761957915
6944,6845,335.0,-40.925,172.675,15.710112309432589,13.700112309432589
6945,6846,1028.0,-40.925,172.725,15.690518782343133,9.522518782343134
6946,7009,1167.0,-40.875,172.575,15.865173030142614,8.863173030142615
6947,7010,1324.0,-40.875,172.625,15.82015167237114,7.876151672371139
6948,7011,580.0,-40.875,172.675,15.784741163210128,12.304741163210128
6949,7012,295.0,-40.875,172.725,15.76095949637238,13.99095949637238
6950,6793,494.0,-40.975,172.775,15.66310520600382,12.69910520600382
6951,6795,58.0,-40.975,172.825,15.692329088044062,15.344329088044061
6952,6797,838.0,-40.975,172.875,15.739200566982618,10.711200566982617
6953,6847,81.0,-40.925,172.775,15.688710973648995,15.202710973648994
6954,6848,39.0,-40.925,172.825,15.715729093157279,15.481729093157279
6955,6849,861.0,-40.925,172.875,15.76836589677987,10.602365896779869
6956,7013,39.0,-40.875,172.775,15.753732625853445,15.519732625853445
6957,7014,42.0,-40.875,172.825,15.779868974655983,15.527868974655982
6958,7015,581.0,-40.875,172.875,15.83686101080093,12.35086101080093
6959,6799,914.0,-40.975,172.925,15.792194683242997,10.308194683242997
6960,6801,259.0,-40.975,172.975,15.840037999369088,14.286037999369087
6961,6803,286.0,-40.975,173.025,15.875263780246314,14.159263780246315
6962,6850,841.0,-40.925,172.925,15.828362647633185,10.782362647633185
6963,6851,569.0,-40.925,172.975,15.883692038973095,12.469692038973095
6964,6852,202.0,-40.925,173.025,15.927448356575042,14.715448356575042
6965,7016,612.0,-40.875,172.925,15.900611660443246,12.228611660443246
6966,7017,488.0,-40.875,172.975,15.960162598872557,13.032162598872556
6967,7018,202.0,-40.875,173.025,16.00907239614753,14.79707239614753
6968,6805,363.0,-40.975,173.825,14.895358879264677,12.717358879264676
6969,6853,0.0,-40.925,173.825,15.068467849268927,15.068467849268927
6970,7019,124.0,-40.875,173.825,15.253257674121414,14.509257674121415
6971,7020,62.0,-40.875,173.875,15.121092006957042,14.749092006957042
6972,6807,20.0,-40.975,174.975,15.767584439818165,15.647584439818166
6973,6809,309.0,-40.975,175.025,16.236307239028974,14.382307239028975
6974,6854,266.0,-40.925,175.025,16.623804561473662,15.027804561473662
6975,7021,14.0,-40.875,175.025,16.85544317388849,16.77144317388849
6976,6811,413.0,-40.975,175.075,16.453678318444872,13.975678318444873
6977,6813,362.0,-40.975,175.125,16.502385685773334,14.330385685773333
6978,6814,599.0,-40.975,175.175,16.442460715261404,12.848460715261405
6979,6815,806.0,-40.975,175.225,16.315676438214723,11.479676438214723
6980,6855,163.0,-40.925,175.075,16.78302235636511,15.805022356365109
6981,6856,247.0,-40.925,175.125,16.796692272109794,15.314692272109795
6982,6857,696.0,-40.925,175.175,16.716746563644847,12.540746563644847
6983,6858,496.0,-40.925,175.225,16.581110372804687,13.605110372804688
6984,7022,72.0,-40.875,175.075,17.000808121956652,16.568808121956653
6985,7023,221.0,-40.875,175.125,17.007696927743382,15.681696927743381
6986,7024,533.0,-40.875,175.175,16.92697375777061,13.72897375777061
6987,7025,189.0,-40.875,175.225,16.79451071182848,15.66051071182848
6988,6816,1037.0,-40.975,175.275,16.163287400297122,9.941287400297123
6989,6817,774.0,-40.975,175.325,16.028728619916365,11.384728619916364
6990,6818,480.0,-40.975,175.375,15.947107454499928,13.06710745449993
6991,6859,796.0,-40.925,175.275,16.424660498523735,11.648660498523736
6992,6860,742.0,-40.925,175.325,16.280282779742265,11.828282779742265
6993,6861,460.0,-40.925,175.375,16.17301456889254,13.41301456889254
6994,7026,443.0,-40.875,175.275,16.640788550212164,13.982788550212165
6995,7027,671.0,-40.875,175.325,16.49216073571006,12.466160735710059
6996,7028,563.0,-40.875,175.375,16.368094027871848,12.990094027871848
6997,6819,298.0,-40.975,175.425,15.930917944235262,14.142917944235261
6998,6820,318.0,-40.975,175.475,15.96276331912668,14.05476331912668
6999,6821,127.0,-40.975,175.525,16.01035043101001,15.24835043101001
7000,6822,120.0,-40.975,175.575,16.04676293945522,15.32676293945522
7001,6862,640.0,-40.925,175.425,16.112710149856866,12.272710149856866
7002,6863,246.0,-40.925,175.475,16.09185637795599,14.615856377955993
7003,6864,282.0,-40.925,175.525,16.092284775004373,14.400284775004373
7004,6865,181.0,-40.925,175.575,16.095105682426947,15.009105682426947
7005,7029,1131.0,-40.875,175.425,16.277761461184127,9.491761461184126
7006,7030,779.0,-40.875,175.475,16.21934683698055,11.54534683698055
7007,7031,502.0,-40.875,175.525,16.183353165339213,13.171353165339212
7008,7032,213.0,-40.875,175.575,16.157808111427585,14.879808111427584
7009,6823,111.0,-40.975,175.625,16.056335135857807,15.390335135857807
7010,6824,95.0,-40.975,175.675,16.033177494013216,15.463177494013216
7011,6825,106.0,-40.975,175.725,15.981142035932862,15.345142035932863
7012,6826,172.0,-40.975,175.775,15.90549426394864,14.87349426394864
7013,6866,131.0,-40.925,175.625,16.086482884609723,15.300482884609723
7014,6867,136.0,-40.925,175.675,16.059344580062316,15.243344580062315
7015,6868,138.0,-40.925,175.725,16.012699642582447,15.184699642582448
7016,6869,185.0,-40.925,175.775,15.948269074229756,14.838269074229757
7017,7033,167.0,-40.875,175.625,16.132356090995017,15.130356090995017
7018,7034,156.0,-40.875,175.675,16.100214719277574,15.164214719277574
7019,7035,292.0,-40.875,175.725,16.058195657125907,14.306195657125906
7020,7036,175.0,-40.875,175.775,16.005366860394133,14.955366860394133
7021,6827,200.0,-40.975,175.825,15.810447337804362,14.610447337804363
7022,6828,204.0,-40.975,175.875,15.699383486411534,14.475383486411534
7023,6829,268.0,-40.975,175.925,15.575128028402105,13.967128028402104
7024,6872,129.0,-40.925,175.825,15.868124967819313,15.094124967819312
7025,6873,187.0,-40.925,175.875,15.774092655978166,14.652092655978166
7026,6874,186.0,-40.925,175.925,15.667747559142299,14.5517475591423
7027,7037,274.0,-40.875,175.825,15.941710204366245,14.297710204366245
7028,7038,174.0,-40.875,175.875,15.867470332377707,14.823470332377706
7029,7039,320.0,-40.875,175.925,15.782987578830216,13.862987578830216
7030,6830,233.0,-40.975,175.975,15.44032119390613,14.04232119390613
7031,6831,80.0,-40.975,176.025,15.29791350036976,14.817913500369759
7032,6832,207.0,-40.975,176.075,15.151871859969106,13.909871859969106
7033,6833,98.0,-40.975,176.125,15.008318699663505,14.420318699663506
7034,6875,175.0,-40.925,175.975,15.550617647051695,14.500617647051694
7035,6876,89.0,-40.925,176.025,15.424536314909346,14.890536314909346
7036,6877,49.0,-40.925,176.075,15.292208034719806,14.998208034719806
7037,6878,272.0,-40.925,176.125,15.158201477228431,13.526201477228431
7038,7040,292.0,-40.875,175.975,15.688767389729037,13.936767389729036
7039,7041,121.0,-40.875,176.025,15.585719568509376,14.859719568509377
7040,7044,39.0,-40.875,176.075,15.47563906054711,15.24163906054711
7041,7045,82.0,-40.875,176.125,15.362171739136102,14.870171739136103
7042,6879,85.0,-40.925,176.175,15.031106727721635,14.521106727721635
7043,7046,143.0,-40.875,176.175,15.253060260700295,14.395060260700294
7044,7047,2.0,-40.875,176.225,15.16748623951571,15.15548623951571
7045,7048,292.0,-40.825,172.175,16.624741026789707,14.872741026789706
7046,7049,688.0,-40.825,172.225,16.514544308600307,12.386544308600307
7047,7050,592.0,-40.825,172.275,16.411982511461247,12.859982511461247
7048,7051,729.0,-40.825,172.325,16.317324661409657,11.943324661409658
7049,7056,453.0,-40.825,172.375,16.230752939176455,13.512752939176455
7050,7093,131.0,-40.775,172.275,16.516180263664864,15.730180263664865
7051,7094,85.0,-40.775,172.325,16.42427312665677,15.914273126656772
7052,7095,140.0,-40.775,172.375,16.340296520364063,15.500296520364063
7053,7324,86.0,-40.725,172.375,16.458729830032098,15.942729830032098
7054,7057,514.0,-40.825,172.425,16.15238177542051,13.068381775420509
7055,7058,160.0,-40.825,172.475,16.082294806263235,15.122294806263234
7056,7059,239.0,-40.825,172.525,16.020609081635484,14.586609081635485
7057,7096,844.0,-40.775,172.425,16.264483871484117,11.200483871484117
7058,7097,364.0,-40.775,172.475,16.19708601540333,14.013086015403328
7059,7098,355.0,-40.775,172.525,16.138444678494125,14.008444678494126
7060,7329,256.0,-40.725,172.425,16.386842563988466,14.850842563988467
7061,7337,183.0,-40.725,172.475,16.32370687212824,15.22570687212824
7062,7436,657.0,-40.725,172.525,16.269879073355696,12.327879073355696
7063,7614,192.0,-40.675,172.425,16.51753616373753,15.365536163737533
7064,7615,152.0,-40.675,172.475,16.459659415355418,15.547659415355419
7065,7616,389.0,-40.675,172.525,16.411636659424403,14.077636659424403
7066,7060,522.0,-40.825,172.575,15.967583705918514,12.835583705918514
7067,7061,624.0,-40.825,172.625,15.923808549181558,12.179808549181558
7068,7062,981.0,-40.825,172.675,15.890557618906314,10.004557618906315
7069,7063,342.0,-40.825,172.725,15.870534743822645,13.818534743822646
7070,7099,59.0,-40.775,172.575,16.089111456181854,15.735111456181855
7071,7100,294.0,-40.775,172.625,16.05004194327921,14.286041943279212
7072,7101,415.0,-40.775,172.675,16.02291144747869,13.532911447478691
7073,7102,60.0,-40.775,172.725,16.01056648251688,15.65056648251688
7074,7447,86.0,-40.725,172.575,16.226151787428535,15.710151787428535
7075,7449,32.0,-40.725,172.625,16.19369586034736,16.00169586034736
7076,7451,15.0,-40.725,172.675,16.174214504251722,16.084214504251722
7077,7617,459.0,-40.675,172.575,16.37438388106966,13.620383881069662
7078,7618,95.0,-40.675,172.625,16.349088723116438,15.779088723116438
7079,7064,44.0,-40.825,172.775,15.869535249970795,15.605535249970796
7080,7065,231.0,-40.825,172.925,16.00987882874324,14.62387882874324
7081,7066,300.0,-40.825,172.975,16.069207540422212,14.269207540422212
7082,7067,157.0,-40.825,173.825,15.445699569783756,14.503699569783755
7083,7068,164.0,-40.825,173.875,15.321221229474759,14.337221229474759
7084,7069,20.0,-40.825,175.075,17.09785934255342,16.97785934255342
7085,7070,119.0,-40.825,175.125,17.126219554731506,16.412219554731507
7086,7071,282.0,-40.825,175.175,17.064074323905515,15.372074323905515
7087,7072,323.0,-40.825,175.225,16.947314886652748,15.009314886652747
7088,7103,17.0,-40.775,175.125,17.170720283684204,17.068720283684204
7089,7104,32.0,-40.775,175.175,17.135944627021672,16.943944627021672
7090,7105,203.0,-40.775,175.225,17.042822304108995,15.824822304108995
7091,7453,19.0,-40.725,175.175,17.159255194317666,17.045255194317665
7092,7455,93.0,-40.725,175.225,17.092138058229466,16.534138058229466
7093,7619,20.0,-40.675,175.175,17.151375523011666,17.031375523011665
7094,7620,21.0,-40.675,175.225,17.10917106992565,16.98317106992565
7095,7073,669.0,-40.825,175.275,16.804452993674204,12.790452993674204
7096,7074,705.0,-40.825,175.325,16.658528857762576,12.428528857762576
7097,7075,746.0,-40.825,175.375,16.526428211349412,12.050428211349413
7098,7106,642.0,-40.775,175.275,16.917402453531395,13.065402453531394
7099,7108,711.0,-40.775,175.325,16.780590802794904,12.514590802794904
7100,7112,858.0,-40.775,175.375,16.648070906943758,11.500070906943758
7101,7459,426.0,-40.725,175.275,16.98776849533897,14.43176849533897
7102,7460,669.0,-40.725,175.325,16.864680140002747,12.850680140002748
7103,7463,800.0,-40.725,175.375,16.73754485977406,11.93754485977406
7104,7621,58.0,-40.675,175.275,17.02695212875551,16.678952128755512
7105,7622,146.0,-40.675,175.325,16.920321577985305,16.044321577985304
7106,7623,286.0,-40.675,175.375,16.802550228472683,15.086550228472683
7107,7076,1025.0,-40.825,175.425,16.41763163273572,10.267631632735721
7108,7077,565.0,-40.825,175.475,16.33416714987834,12.94416714987834
7109,7078,589.0,-40.825,175.525,16.272394589235773,12.738394589235774
7110,7079,400.0,-40.825,175.575,16.225823350425344,13.825823350425344
7111,7115,1134.0,-40.775,175.425,16.53003783947497,9.726037839474973
7112,7122,827.0,-40.775,175.475,16.431438516141498,11.469438516141498
7113,7131,555.0,-40.775,175.525,16.352981980206096,13.022981980206096
7114,7140,399.0,-40.775,175.575,16.2925918125693,13.898591812569299
7115,7469,930.0,-40.725,175.425,16.617170452926075,11.037170452926075
7116,7473,834.0,-40.725,175.475,16.51080332417041,11.506803324170411
7117,7476,448.0,-40.725,175.525,16.42266478802776,13.734664788027759
7118,7481,618.0,-40.725,175.575,16.354475472297054,12.646475472297054
7119,7624,994.0,-40.675,175.425,16.684599848114885,10.720599848114887
7120,7625,543.0,-40.675,175.475,16.5754505526711,13.317450552671101
7121,7626,749.0,-40.675,175.525,16.48236852840637,11.988368528406369
7122,7627,471.0,-40.675,175.575,16.410691597222467,13.584691597222466
7123,7080,220.0,-40.825,175.625,16.1876574998023,14.867657499802299
7124,7081,228.0,-40.825,175.675,16.152324447175488,14.784324447175488
7125,7082,347.0,-40.825,175.725,16.115914700436406,14.033914700436405
7126,7083,185.0,-40.825,175.775,16.07587538061489,14.96587538061489
7127,7149,376.0,-40.775,175.625,16.24676094246388,13.99076094246388
7128,7158,285.0,-40.775,175.675,16.21150283238967,14.501502832389669
7129,7167,509.0,-40.775,175.725,16.182908030983526,13.128908030983526
7130,7262,280.0,-40.775,175.775,16.1574545714102,14.477454571410199
7131,7488,334.0,-40.725,175.625,16.305789715304854,14.301789715304855
7132,7578,321.0,-40.725,175.675,16.27426710956206,14.34826710956206
7133,7582,240.0,-40.725,175.725,16.25617939386575,14.81617939386575
7134,7588,319.0,-40.725,175.775,16.247233341244282,14.333233341244282
7135,7628,420.0,-40.675,175.625,16.363046650236356,13.843046650236356
7136,7629,255.0,-40.675,175.675,16.33865309295652,14.80865309295652
7137,7630,375.0,-40.675,175.725,16.33367455296684,14.08367455296684
7138,7631,254.0,-40.675,175.775,16.342756245387136,14.818756245387135
7139,7084,260.0,-40.825,175.825,16.030517863473506,14.470517863473505
7140,7085,224.0,-40.825,175.875,15.978696637932444,14.634696637932445
7141,7086,194.0,-40.825,175.925,15.919683660176815,14.755683660176816
7142,7275,344.0,-40.775,175.825,16.132199334795587,14.068199334795587
7143,7289,391.0,-40.775,175.875,16.104888009955175,13.758888009955175
7144,7293,356.0,-40.775,175.925,16.073973631951958,13.937973631951959
7145,7594,224.0,-40.725,175.825,16.24344177248713,14.899441772487132
7146,7600,160.0,-40.725,175.875,16.24170031074027,15.28170031074027
7147,7606,283.0,-40.725,175.925,16.23994055436924,14.54194055436924
7148,7632,257.0,-40.675,175.825,16.36081656102033,14.818816561020329
7149,7633,205.0,-40.675,175.875,16.38413326255977,15.154133262559771
7150,7634,283.0,-40.675,175.925,16.410505786014255,14.712505786014255
7151,7087,257.0,-40.825,175.975,15.853173551266082,14.311173551266082
7152,7088,219.0,-40.825,176.025,15.779432930459734,14.465432930459734
7153,7089,60.0,-40.825,176.075,15.699720666976646,15.339720666976646
7154,7090,271.0,-40.825,176.125,15.617246938199969,13.99124693819997
7155,7299,284.0,-40.775,175.975,16.038571737648454,14.334571737648453
7156,7302,243.0,-40.775,176.025,15.998449465580052,14.540449465580052
7157,7304,234.0,-40.775,176.075,15.95419090022915,14.55019090022915
7158,7306,181.0,-40.775,176.125,15.90764501556987,14.82164501556987
7159,7607,302.0,-40.725,175.975,16.23696205505985,14.424962055059849
7160,7608,346.0,-40.725,176.025,16.232133698591497,14.156133698591496
7161,7609,270.0,-40.725,176.075,16.22511653843685,14.60511653843685
7162,7610,180.0,-40.725,176.125,16.215632323059253,15.135632323059253
7163,7635,267.0,-40.675,175.975,16.438804830715526,14.836804830715526
7164,7636,257.0,-40.675,176.025,16.468267303105677,14.926267303105677
7165,7637,262.0,-40.675,176.075,16.497722877043998,14.925722877043999
7166,7638,260.0,-40.675,176.125,16.524776143865893,14.964776143865892
7167,7091,259.0,-40.825,176.175,15.539033219392877,13.985033219392877
7168,7092,57.0,-40.825,176.225,15.477171312319115,15.135171312319114
7169,7311,199.0,-40.775,176.175,15.86238073662389,14.668380736623892
7170,7320,60.0,-40.775,176.225,15.82252857988351,15.46252857988351
7171,7611,174.0,-40.725,176.175,16.20305418802309,15.159054188023088
7172,7612,302.0,-40.725,176.225,16.18537619637209,14.37337619637209
7173,7613,67.0,-40.725,176.275,16.15786680599558,15.755866805995582
7174,7639,298.0,-40.675,176.175,16.544935135694686,14.756935135694686
7175,7640,334.0,-40.675,176.225,16.55096383835189,14.54696383835189
7176,7641,140.0,-40.675,176.275,16.53344589425251,15.693445894252509
7177,7642,164.0,-40.675,176.325,16.483663795312168,15.499663795312168
7178,7137,81.0,-40.575,172.675,16.67548648205411,16.18948648205411
7179,7643,265.0,-40.625,172.575,16.529545668017818,14.939545668017818
7180,7644,366.0,-40.625,172.625,16.51103807324398,14.315038073243981
7181,7645,23.0,-40.625,172.675,16.50588490543305,16.367884905433048
7182,7667,77.0,-40.525,172.675,16.84242545379675,16.38042545379675
7183,7670,57.0,-40.525,172.725,16.85881070206233,16.51681070206233
7184,7146,20.0,-40.575,175.225,17.09764147704118,16.97764147704118
7185,7646,20.0,-40.625,175.225,17.107269652115065,16.987269652115064
7186,7672,12.0,-40.525,175.225,17.088766885077348,17.01676688507735
7187,7155,20.0,-40.575,175.275,17.059347251837607,16.939347251837606
7188,7164,24.0,-40.575,175.325,16.99022075199173,16.84622075199173
7189,7281,38.0,-40.575,175.375,16.899139671353623,16.67113967135362
7190,7647,30.0,-40.625,175.275,17.04708225892682,16.86708225892682
7191,7648,53.0,-40.625,175.325,16.958492436926463,16.64049243692646
7192,7649,264.0,-40.625,175.375,16.85282446720521,15.26882446720521
7193,7673,18.0,-40.525,175.275,17.07291377862566,16.96491377862566
7194,7677,3.0,-40.525,175.325,17.025338885665406,17.007338885665405
7195,7682,4.0,-40.525,175.375,16.95219255545817,16.928192555458168
7196,7283,106.0,-40.575,175.425,16.795120500290068,16.15912050029007
7197,7286,312.0,-40.575,175.475,16.68827624048572,14.81627624048572
7198,7297,455.0,-40.575,175.525,16.590927391240257,13.860927391240256
7199,7308,482.0,-40.575,175.575,16.5171006317687,13.6251006317687
7200,7650,261.0,-40.625,175.425,16.740505037436378,15.17450503743638
7201,7651,463.0,-40.625,175.475,16.631581800989807,13.853581800989806
7202,7652,697.0,-40.625,175.525,16.5360744784266,12.3540744784266
7203,7653,470.0,-40.625,175.575,16.463241653356818,13.643241653356817
7204,7687,9.0,-40.525,175.425,16.86013610260852,16.806136102608523
7205,7692,40.0,-40.525,175.475,16.757713622180745,16.517713622180747
7206,7697,455.0,-40.525,175.525,16.658072314414312,13.928072314414312
7207,7702,522.0,-40.525,175.575,16.581022896643844,13.449022896643845
7208,7315,259.0,-40.575,175.625,16.478098641193355,14.924098641193355
7209,7327,199.0,-40.575,175.675,16.47605443833163,15.282054438331631
7210,7335,205.0,-40.575,175.725,16.50321699793858,15.27321699793858
7211,7343,286.0,-40.575,175.775,16.548635513609042,14.832635513609043
7212,7654,241.0,-40.625,175.625,16.41928226071468,14.973282260714681
7213,7655,255.0,-40.625,175.675,16.404864281605114,14.874864281605115
7214,7656,220.0,-40.625,175.725,16.415167908315198,15.095167908315197
7215,7657,174.0,-40.625,175.775,16.44289007005864,15.398890070058638
7216,7707,515.0,-40.525,175.625,16.546846731129335,13.456846731129335
7217,7712,161.0,-40.525,175.675,16.559682054139557,15.593682054139558
7218,7717,199.0,-40.525,175.725,16.604334898016532,15.410334898016533
7219,7722,160.0,-40.525,175.775,16.663614367105765,15.703614367105764
7220,7437,224.0,-40.575,175.825,16.60436355753336,15.260363557533362
7221,7442,299.0,-40.575,175.875,16.666916316753486,14.872916316753486
7222,7465,304.0,-40.575,175.925,16.73592150848708,14.911921508487081
7223,7658,209.0,-40.625,175.825,16.481599074439146,15.227599074439146
7224,7659,121.0,-40.625,175.875,16.527297186898068,15.801297186898069
7225,7660,282.0,-40.625,175.925,16.578241723240353,14.886241723240353
7226,7781,181.0,-40.525,175.825,16.729006599634886,15.643006599634885
7227,7783,135.0,-40.525,175.875,16.79931431123987,15.989314311239868
7228,7785,284.0,-40.525,175.925,16.876727871625917,15.172727871625916
7229,7470,514.0,-40.575,175.975,16.812267489731312,13.728267489731312
7230,7483,570.0,-40.575,176.025,16.896497779147467,13.476497779147467
7231,7490,330.0,-40.575,176.075,16.987385402346263,15.007385402346262
7232,7574,241.0,-40.575,176.125,17.08044396553305,15.63444396553305
7233,7661,280.0,-40.625,175.975,16.633952912292443,14.953952912292444
7234,7662,272.0,-40.625,176.025,16.69403116335161,15.06203116335161
7235,7663,270.0,-40.625,176.075,16.756956168625038,15.136956168625037
7236,7664,289.0,-40.625,176.125,16.81882314797258,15.08482314797258
7237,7786,393.0,-40.525,175.975,16.964099814591464,14.606099814591463
7238,7788,295.0,-40.525,176.025,17.063262726500398,15.293262726500398
7239,7791,693.0,-40.525,176.075,17.173700338520575,13.015700338520576
7240,7793,244.0,-40.525,176.125,17.291128523414955,15.827128523414954
7241,7054,230.0,-40.625,176.175,16.8720290887577,15.4920290887577
7242,7111,107.0,-40.625,176.225,16.904417828453006,16.262417828453007
7243,7114,79.0,-40.625,176.275,16.900542510062223,16.426542510062223
7244,7579,163.0,-40.575,176.175,17.166187357070157,16.188187357070156
7245,7583,85.0,-40.575,176.225,17.22826060396619,16.71826060396619
7246,7589,204.0,-40.575,176.275,17.24322349342401,16.01922349342401
7247,7795,175.0,-40.525,176.175,17.40568929244182,16.35568929244182
7248,7797,215.0,-40.525,176.225,17.499188676156336,16.209188676156337
7249,7800,96.0,-40.525,176.275,17.54032647929853,16.964326479298528
7250,7120,164.0,-40.625,176.325,16.847234743559966,15.863234743559966
7251,7128,41.0,-40.625,176.375,16.741287028649822,16.495287028649823
7252,7595,280.0,-40.575,176.325,17.188575025298633,15.508575025298633
7253,7601,210.0,-40.575,176.375,17.06070679106051,15.800706791060511
7254,7665,156.0,-40.575,176.425,16.877368021698203,15.941368021698203
7255,7802,44.0,-40.525,176.325,17.487247728422517,17.223247728422518
7256,7804,49.0,-40.525,176.375,17.334035964653594,17.040035964653594
7257,7806,91.0,-40.525,176.425,17.117648323299363,16.571648323299364
7258,7809,270.0,-40.525,176.475,16.86953311547404,15.24953311547404
7259,7813,10.0,-40.475,175.225,17.086190367452218,17.02619036745222
7260,7860,9.0,-40.425,175.225,17.092510113478056,17.038510113478058
7261,7340,9.0,-40.375,175.275,17.166168835101416,17.112168835101418
7262,7439,29.0,-40.375,175.325,17.20040218975919,17.02640218975919
7263,7444,40.0,-40.375,175.375,17.212761706701713,16.972761706701714
7264,7807,9.0,-40.325,175.275,17.21195377886761,17.15795377886761
7265,7810,30.0,-40.325,175.325,17.27345952905307,17.09345952905307
7266,7814,28.0,-40.325,175.375,17.318058890668908,17.15005889066891
7267,7817,10.0,-40.475,175.275,17.094071272265865,17.034071272265866
7268,7821,20.0,-40.475,175.325,17.071065625845222,16.95106562584522
7269,7825,11.0,-40.475,175.375,17.020841449397267,16.954841449397268
7270,7861,10.0,-40.425,175.275,17.125522825692315,17.065522825692316
7271,7862,27.0,-40.425,175.325,17.130320198950358,16.96832019895036
7272,7863,30.0,-40.425,175.375,17.109137859995826,16.929137859995826
7273,7462,20.0,-40.375,175.425,17.206018082855735,17.086018082855734
7274,7466,10.0,-40.375,175.475,17.18240679356677,17.12240679356677
7275,7480,15.0,-40.375,175.525,17.142209712590557,17.052209712590557
7276,7487,22.0,-40.375,175.575,17.082919715641765,16.950919715641763
7277,7818,18.0,-40.325,175.425,17.351008247496793,17.243008247496793
7278,7822,19.0,-40.325,175.475,17.379310116477427,17.265310116477426
7279,7826,18.0,-40.325,175.525,17.412475929173524,17.304475929173524
7280,7829,10.0,-40.475,175.425,16.94722870318219,16.887228703182192
7281,7830,24.0,-40.325,175.575,17.463731808500597,17.3197318085006
7282,7833,10.0,-40.475,175.475,16.855208610984846,16.795208610984847
7283,7837,47.0,-40.475,175.525,16.754804861106095,16.472804861106095
7284,7838,377.0,-40.475,175.575,16.66996062871476,14.407960628714761
7285,7864,12.0,-40.425,175.425,17.063982071122155,16.991982071122155
7286,7865,10.0,-40.425,175.475,16.99619251904369,16.93619251904369
7287,7866,14.0,-40.425,175.525,16.907763637515018,16.823763637515018
7288,7867,49.0,-40.425,175.575,16.813228370665456,16.519228370665456
7289,7573,37.0,-40.375,175.625,17.056284822378075,16.834284822378073
7290,7587,99.0,-40.375,175.675,17.096360917639686,16.502360917639685
7291,7593,337.0,-40.375,175.725,17.1029875742679,15.0809875742679
7292,7599,354.0,-40.375,175.775,17.096643161261454,14.972643161261454
7293,7834,43.0,-40.325,175.625,17.494353946764022,17.236353946764023
7294,7839,403.0,-40.475,175.625,16.638908583117882,14.220908583117883
7295,7840,471.0,-40.475,175.675,16.670400348477415,13.844400348477414
7296,7841,177.0,-40.475,175.725,16.730145823094063,15.668145823094063
7297,7842,171.0,-40.475,175.775,16.793351875647204,15.767351875647204
7298,7868,94.0,-40.425,175.625,16.781069583143108,16.217069583143108
7299,7869,241.0,-40.425,175.675,16.83626419515349,15.39026419515349
7300,7870,353.0,-40.425,175.725,16.89569407320232,14.777694073202321
7301,7871,173.0,-40.425,175.775,16.940982720290776,15.902982720290776
7302,7920,52.0,-40.325,175.675,17.397722699854057,17.085722699854056
7303,7925,49.0,-40.325,175.725,17.304025454475777,17.010025454475777
7304,7927,250.0,-40.325,175.775,17.227613875147654,15.727613875147654
7305,7043,158.0,-40.425,175.825,16.980718525737757,16.032718525737756
7306,7121,95.0,-40.425,175.875,17.024892015993828,16.454892015993828
7307,7130,121.0,-40.425,175.925,17.081255848170258,16.35525584817026
7308,7605,75.0,-40.375,175.825,17.093328380404273,16.643328380404274
7309,7671,79.0,-40.375,175.875,17.10272749516298,16.62872749516298
7310,7674,215.0,-40.375,175.925,17.131105978915002,15.841105978915003
7311,7843,136.0,-40.475,175.825,16.855526422004914,16.039526422004915
7312,7844,140.0,-40.475,175.875,16.920586330990773,16.080586330990773
7313,7845,168.0,-40.475,175.925,16.994088786217617,15.986088786217618
7314,7929,138.0,-40.325,175.825,17.17229166760808,16.34429166760808
7315,7930,101.0,-40.325,175.875,17.141251639375696,16.535251639375694
7316,7932,117.0,-40.325,175.925,17.136906046885997,16.434906046886
7317,7139,225.0,-40.425,175.975,17.155242365319282,15.805242365319282
7318,7148,336.0,-40.425,176.025,17.249931626574835,15.233931626574835
7319,7157,688.0,-40.425,176.075,17.365373074251693,13.237373074251693
7320,7166,464.0,-40.425,176.125,17.49706343683647,14.713063436836471
7321,7678,146.0,-40.375,175.975,17.182545308111003,16.306545308111
7322,7683,266.0,-40.375,176.025,17.259269487694837,15.663269487694837
7323,7688,379.0,-40.375,176.075,17.360987210762687,15.086987210762686
7324,7693,425.0,-40.375,176.125,17.482664170791395,14.932664170791394
7325,7846,509.0,-40.475,175.975,17.080792347027455,14.026792347027454
7326,7847,454.0,-40.475,176.025,17.183587871288182,14.459587871288182
7327,7848,352.0,-40.475,176.075,17.302528737753164,15.190528737753164
7328,7849,423.0,-40.475,176.125,17.43355417015846,14.895554170158459
7329,7933,143.0,-40.325,175.975,17.160805979685392,16.30280597968539
7330,7935,122.0,-40.325,176.025,17.213745398330502,16.481745398330503
7331,7936,254.0,-40.325,176.075,17.295491543394746,15.771491543394745
7332,7938,413.0,-40.325,176.125,17.402140685269842,14.924140685269842
7333,7265,317.0,-40.425,176.175,17.633837602857966,15.731837602857967
7334,7278,140.0,-40.425,176.225,17.75536177799222,16.91536177799222
7335,7285,186.0,-40.425,176.275,17.82641116180457,16.710411161804572
7336,7698,575.0,-40.375,176.175,17.6110505820252,14.1610505820252
7337,7703,461.0,-40.375,176.225,17.72207965538837,14.95607965538837
7338,7708,160.0,-40.375,176.275,17.78031628773897,16.82031628773897
7339,7850,181.0,-40.475,176.175,17.56686886306852,16.480868863068523
7340,7851,180.0,-40.475,176.225,17.68469825189095,16.60469825189095
7341,7852,103.0,-40.475,176.275,17.755703718576115,17.137703718576116
7342,7940,231.0,-40.325,176.175,17.519815770792775,16.133815770792776
7343,7942,318.0,-40.325,176.225,17.622465265303617,15.714465265303618
7344,7944,246.0,-40.325,176.275,17.678498482622672,16.202498482622673
7345,7290,147.0,-40.425,176.325,17.78460383764468,16.90260383764468
7346,7294,248.0,-40.425,176.375,17.618941412481945,16.130941412481945
7347,7310,399.0,-40.425,176.425,17.3853489876783,14.991348987678299
7348,7318,102.0,-40.425,176.475,17.116570671467343,16.504570671467345
7349,7713,235.0,-40.375,176.325,17.747781225916697,16.337781225916697
7350,7718,363.0,-40.375,176.375,17.616215498477686,15.438215498477685
7351,7723,182.0,-40.375,176.425,17.411220489710104,16.319220489710105
7352,7799,200.0,-40.375,176.475,17.160882855037926,15.960882855037926
7353,7853,41.0,-40.475,176.325,17.70842113974504,17.462421139745043
7354,7854,121.0,-40.475,176.375,17.529891844373196,16.803891844373197
7355,7855,114.0,-40.475,176.425,17.290982128615724,16.606982128615723
7356,7856,277.0,-40.475,176.475,17.022684336086968,15.360684336086969
7357,7946,340.0,-40.325,176.325,17.661706126498757,15.621706126498758
7358,7948,317.0,-40.325,176.375,17.56388200391666,15.661882003916661
7359,7949,144.0,-40.325,176.425,17.39591639608261,16.53191639608261
7360,7950,108.0,-40.325,176.475,17.176536285929615,16.528536285929615
7361,7325,81.0,-40.425,176.525,16.833857565710787,16.347857565710786
7362,7332,117.0,-40.425,176.575,16.555313216231298,15.853313216231298
7363,7801,197.0,-40.375,176.525,16.8875041725114,15.705504172511398
7364,7803,114.0,-40.375,176.575,16.611390740203205,15.927390740203206
7365,7805,222.0,-40.375,176.625,16.354467377153924,15.022467377153923
7366,7857,128.0,-40.475,176.525,16.74484585702885,15.976845857028849
7367,7858,127.0,-40.475,176.575,16.47341930968105,15.711419309681048
7368,7859,185.0,-40.475,176.625,16.221897867595544,15.111897867595545
7369,7951,181.0,-40.325,176.525,16.92497108655516,15.83897108655516
7370,7952,131.0,-40.325,176.575,16.66086738067679,15.874867380676791
7371,7953,48.0,-40.325,176.625,16.40851787230349,16.12051787230349
7372,7132,20.0,-40.225,175.225,17.19044496571587,17.07044496571587
7373,7681,20.0,-40.175,175.225,17.23029946575116,17.110299465751158
7374,7890,4.0,-40.125,175.175,17.15019084830419,17.12619084830419
7375,7921,40.0,-40.125,175.225,17.282321118778782,17.042321118778784
7376,7954,9.0,-40.275,175.225,17.157811773446156,17.103811773446157
7377,7141,15.0,-40.225,175.275,17.300834399822634,17.210834399822634
7378,7150,25.0,-40.225,175.325,17.39148361379921,17.24148361379921
7379,7159,35.0,-40.225,175.375,17.46683095616754,17.25683095616754
7380,7686,44.0,-40.175,175.275,17.340600746843847,17.076600746843848
7381,7691,73.0,-40.175,175.325,17.42668693723681,16.98868693723681
7382,7696,54.0,-40.175,175.375,17.493065296774148,17.169065296774146
7383,7922,78.0,-40.125,175.275,17.380245771171758,16.912245771171758
7384,7923,120.0,-40.125,175.325,17.447635049466044,16.727635049466045
7385,7924,120.0,-40.125,175.375,17.489733742782846,16.769733742782847
7386,7955,6.0,-40.275,175.275,17.257940601324663,17.22194060132466
7387,7956,30.0,-40.275,175.325,17.339636587537825,17.159636587537825
7388,7957,31.0,-40.275,175.375,17.40718720748555,17.22118720748555
7389,7168,51.0,-40.225,175.425,17.532787150877994,17.226787150877993
7390,7263,118.0,-40.225,175.475,17.594379049143754,16.886379049143756
7391,7269,80.0,-40.225,175.525,17.650677948084194,17.170677948084194
7392,7272,75.0,-40.225,175.575,17.684126299456693,17.234126299456694
7393,7701,81.0,-40.175,175.425,17.544480847835075,17.058480847835074
7394,7706,113.0,-40.175,175.475,17.58313989409362,16.90513989409362
7395,7711,110.0,-40.175,175.525,17.604915318690473,16.944915318690473
7396,7716,160.0,-40.175,175.575,17.596090734761674,16.636090734761673
7397,7926,100.0,-40.125,175.425,17.510927762661595,16.910927762661593
7398,7928,121.0,-40.125,175.475,17.512747906905133,16.786747906905134
7399,7931,152.0,-40.125,175.525,17.492228276707465,16.580228276707466
7400,7934,180.0,-40.125,175.575,17.44216124128434,16.36216124128434
7401,7958,31.0,-40.275,175.425,17.467188242575503,17.281188242575503
7402,7959,60.0,-40.275,175.475,17.527802775090095,17.167802775090095
7403,7960,40.0,-40.275,175.525,17.596498622588115,17.356498622588116
7404,7961,47.0,-40.275,175.575,17.667315741011407,17.385315741011407
7405,7274,92.0,-40.225,175.625,17.65576290898025,17.10376290898025
7406,7291,133.0,-40.225,175.675,17.549667953135213,16.75166795313521
7407,7312,180.0,-40.225,175.725,17.404851862054784,16.324851862054786
7408,7321,99.0,-40.225,175.775,17.262609318713658,16.668609318713656
7409,7721,129.0,-40.175,175.625,17.538629724964267,16.764629724964266
7410,7780,160.0,-40.175,175.675,17.429299315874232,16.46929931587423
7411,7782,220.0,-40.175,175.725,17.288896017416846,15.968896017416846
7412,7784,262.0,-40.175,175.775,17.145777809171705,15.573777809171705
7413,7937,213.0,-40.125,175.625,17.35593725045328,16.07793725045328
7414,7939,201.0,-40.125,175.675,17.23579788013012,16.029797880130122
7415,7941,231.0,-40.125,175.725,17.095941612817114,15.709941612817115
7416,7943,280.0,-40.125,175.775,16.956267258123262,15.276267258123262
7417,7962,55.0,-40.275,175.625,17.67281099484535,17.34281099484535
7418,7963,108.0,-40.275,175.675,17.55860211068648,16.91060211068648
7419,7964,118.0,-40.275,175.725,17.416021441167686,16.708021441167688
7420,7965,81.0,-40.275,175.775,17.29088570305612,16.80488570305612
7421,7331,389.0,-40.225,175.825,17.14359030270134,14.809590302701341
7422,7339,848.0,-40.225,175.875,17.05599763416103,11.96799763416103
7423,7432,368.0,-40.225,175.925,17.002312031458132,14.794312031458132
7424,7787,155.0,-40.175,175.825,17.02079387730919,16.09079387730919
7425,7789,404.0,-40.175,175.875,16.925366881972877,14.501366881972878
7426,7792,1022.0,-40.175,175.925,16.864312775083818,10.732312775083816
7427,7945,218.0,-40.125,175.825,16.834340686531505,15.526340686531505
7428,7947,204.0,-40.125,175.875,16.741875079780584,15.517875079780584
7429,7966,396.0,-40.275,175.825,17.19388349505607,14.817883495056071
7430,7967,261.0,-40.275,175.875,17.12803610941046,15.56203610941046
7431,7968,228.0,-40.275,175.925,17.094173168618,15.726173168617999
7432,7982,384.0,-40.125,175.925,16.684945385350147,14.380945385350147
7433,7434,253.0,-40.225,175.975,16.982192047405988,15.464192047405987
7434,7438,215.0,-40.225,176.025,16.99400158354547,15.70400158354547
7435,7445,201.0,-40.225,176.075,17.036827779724263,15.830827779724263
7436,7464,196.0,-40.225,176.125,17.11875866758055,15.94275866758055
7437,7794,465.0,-40.175,175.975,16.838493529648986,14.048493529648987
7438,7796,302.0,-40.175,176.025,16.84691602946259,15.034916029462591
7439,7812,281.0,-40.175,176.075,16.889491533773253,15.203491533773253
7440,7816,249.0,-40.175,176.125,16.972487556107808,15.478487556107808
7441,7969,188.0,-40.275,175.975,17.09203888956108,15.964038889561081
7442,7970,153.0,-40.275,176.025,17.12095596708241,16.20295596708241
7443,7971,202.0,-40.275,176.075,17.181080055976054,15.969080055976054
7444,7972,216.0,-40.275,176.125,17.27331305280677,15.977313052806771
7445,7983,993.0,-40.125,175.975,16.665598366758786,10.707598366758788
7446,7984,568.0,-40.125,176.025,16.683824712235946,13.275824712235947
7447,7985,452.0,-40.125,176.075,16.73959155555349,14.027591555553489
7448,7986,318.0,-40.125,176.125,16.832448678236688,14.924448678236688
7449,7468,219.0,-40.225,176.175,17.234906247875188,15.920906247875187
7450,7477,253.0,-40.225,176.225,17.345170672342647,15.827170672342646
7451,7482,275.0,-40.225,176.275,17.423775314731756,15.773775314731756
7452,7820,319.0,-40.175,176.175,17.089266474242322,15.175266474242322
7453,7824,357.0,-40.175,176.225,17.207463551225374,15.065463551225374
7454,7828,450.0,-40.175,176.275,17.303159748204052,14.603159748204053
7455,7973,325.0,-40.275,176.175,17.38584678960615,15.435846789606149
7456,7974,189.0,-40.275,176.225,17.488809135073097,16.354809135073097
7457,7975,344.0,-40.275,176.275,17.552903142903233,15.488903142903233
7458,7987,350.0,-40.125,176.175,16.953023072128417,14.853023072128417
7459,7988,317.0,-40.125,176.225,17.080723697290523,15.178723697290524
7460,7989,241.0,-40.125,176.275,17.195278704399243,15.749278704399243
7461,7489,360.0,-40.225,176.325,17.453721548692556,15.293721548692556
7462,7570,320.0,-40.225,176.375,17.426633410301292,15.506633410301292
7463,7575,249.0,-40.225,176.425,17.342467629059684,15.848467629059684
7464,7584,216.0,-40.225,176.475,17.20764385678922,15.911643856789219
7465,7832,427.0,-40.175,176.325,17.360745982266963,14.798745982266963
7466,7836,358.0,-40.175,176.375,17.37141244520899,15.22341244520899
7467,7872,183.0,-40.175,176.425,17.332544530392624,16.234544530392625
7468,7874,179.0,-40.175,176.475,17.24680276386789,16.17280276386789
7469,7976,315.0,-40.275,176.325,17.557467486767564,15.667467486767563
7470,7977,459.0,-40.275,176.375,17.494140070019057,14.740140070019057
7471,7978,332.0,-40.275,176.425,17.366708691057283,15.374708691057284
7472,7979,122.0,-40.275,176.475,17.186559708236018,16.45455970823602
7473,7990,331.0,-40.125,176.325,17.281841100542806,15.295841100542805
7474,7991,547.0,-40.125,176.375,17.331064461614005,14.049064461614005
7475,7992,223.0,-40.125,176.425,17.338379924331093,16.000379924331092
7476,7993,183.0,-40.125,176.475,17.30308650722145,16.205086507221452
7477,7109,180.0,-40.275,176.625,16.49384752078913,15.413847520789131
7478,7590,76.0,-40.225,176.525,17.033319354057312,16.577319354057312
7479,7596,65.0,-40.225,176.575,16.835469324025325,16.445469324025325
7480,7602,48.0,-40.225,176.625,16.63741417438723,16.34941417438723
7481,7876,105.0,-40.175,176.525,17.121688968734816,16.491688968734817
7482,7878,61.0,-40.175,176.575,16.97035165547277,16.60435165547277
7483,7880,60.0,-40.175,176.625,16.81212482182309,16.45212482182309
7484,7980,59.0,-40.275,176.525,16.96854692819761,16.614546928197612
7485,7981,55.0,-40.275,176.575,16.7300894013606,16.400089401360603
7486,7994,120.0,-40.125,176.525,17.228142634878168,16.50814263487817
7487,7995,249.0,-40.125,176.575,17.121900722762803,15.627900722762803
7488,7996,207.0,-40.125,176.625,16.999157977552386,15.757157977552387
7489,7123,7.0,-40.275,176.675,16.303828902862733,16.26182890286273
7490,7668,89.0,-40.225,176.675,16.470484825840686,15.936484825840685
7491,7676,40.0,-40.225,176.725,16.346268584718928,16.10626858471893
7492,7882,98.0,-40.175,176.675,16.66769023303641,16.07969023303641
7493,7884,121.0,-40.175,176.725,16.546691317897057,15.820691317897058
7494,7886,100.0,-40.175,176.775,16.444671973702498,15.844671973702498
7495,7888,95.0,-40.175,176.825,16.353659957676427,15.783659957676427
7496,7997,220.0,-40.125,176.675,16.875964088598266,15.555964088598266
7497,7998,180.0,-40.125,176.725,16.761806511261966,15.681806511261966
7498,7999,193.0,-40.125,176.775,16.657689812942408,15.499689812942409
7499,8000,72.0,-40.125,176.825,16.56030715102679,16.128307151026792
7500,7053,40.0,-40.075,175.175,17.23754859053588,16.99754859053588
7501,7110,40.0,-40.075,175.225,17.352301411388908,17.11230141138891
7502,7196,20.0,-40.025,175.125,17.22363918731571,17.10363918731571
7503,7197,83.0,-40.025,175.175,17.36384002190607,16.86584002190607
7504,7198,32.0,-40.025,175.225,17.442662483867025,17.250662483867025
7505,7232,46.0,-39.975,175.075,17.264010313519975,16.988010313519975
7506,7233,80.0,-39.975,175.125,17.43913711825735,16.95913711825735
7507,7234,110.0,-39.975,175.175,17.52327478643565,16.86327478643565
7508,7235,38.0,-39.975,175.225,17.546645427166368,17.318645427166366
7509,7113,89.0,-40.075,175.275,17.423716307981522,16.889716307981523
7510,7118,140.0,-40.075,175.325,17.458754524370306,16.618754524370306
7511,7125,148.0,-40.075,175.375,17.463951442419784,16.575951442419782
7512,7199,65.0,-40.025,175.275,17.472608362339088,17.082608362339087
7513,7200,175.0,-40.025,175.325,17.463436126097804,16.413436126097803
7514,7201,208.0,-40.025,175.375,17.422385474696057,16.174385474696056
7515,7236,60.0,-39.975,175.275,17.523306000162847,17.163306000162848
7516,7237,80.0,-39.975,175.325,17.462107947154436,16.982107947154436
7517,7238,174.0,-39.975,175.375,17.369524183217436,16.325524183217436
7518,7134,159.0,-40.075,175.425,17.44408010065672,16.49008010065672
7519,7143,86.0,-40.075,175.475,17.401397628505947,16.88539762850595
7520,7152,194.0,-40.075,175.525,17.335485190385953,16.17148519038595
7521,7161,236.0,-40.075,175.575,17.244479003711604,15.828479003711603
7522,7202,210.0,-40.025,175.425,17.354583872132935,16.094583872132933
7523,7203,159.0,-40.025,175.475,17.26330852144747,16.30930852144747
7524,7204,100.0,-40.025,175.525,17.150540631177137,16.550540631177135
7525,7205,294.0,-40.025,175.575,17.018241206009407,15.254241206009407
7526,7239,310.0,-39.975,175.425,17.25054268425447,15.39054268425447
7527,7240,305.0,-39.975,175.475,17.109196770208655,15.279196770208655
7528,7241,220.0,-39.975,175.525,16.949270125827752,15.629270125827752
7529,7242,218.0,-39.975,175.575,16.77536243389477,15.46736243389477
7530,7170,276.0,-40.075,175.625,17.12825502146734,15.472255021467339
7531,7171,321.0,-40.075,175.675,16.992166587646352,15.066166587646352
7532,7172,360.0,-40.075,175.725,16.848073883506004,14.688073883506004
7533,7173,421.0,-40.075,175.775,16.711353339225752,14.185353339225752
7534,7206,351.0,-40.025,175.625,16.870319276611554,14.764319276611554
7535,7207,378.0,-40.025,175.675,16.71437588831759,14.44637588831759
7536,7208,350.0,-40.025,175.725,16.56184467166895,14.46184467166895
7537,7209,430.0,-40.025,175.775,16.426063566817902,13.846063566817902
7538,7243,151.0,-39.975,175.625,16.59413608032628,15.688136080326279
7539,7244,322.0,-39.975,175.675,16.41514562460361,14.48314562460361
7540,7245,405.0,-39.975,175.725,16.2505204466579,13.820520446657902
7541,7246,373.0,-39.975,175.775,16.11324265933945,13.875242659339449
7542,7174,421.0,-40.075,175.825,16.596441908855923,14.070441908855923
7543,7175,221.0,-40.075,175.875,16.513898664270528,15.187898664270527
7544,7176,353.0,-40.075,175.925,16.469695125735598,14.351695125735597
7545,7210,300.0,-40.025,175.825,16.319359901128337,14.519359901128336
7546,7211,508.0,-40.025,175.875,16.250736427202355,13.202736427202355
7547,7212,437.0,-40.025,175.925,16.224997890298255,13.602997890298255
7548,7247,491.0,-39.975,175.825,16.014621615147917,13.068621615147917
7549,7248,459.0,-39.975,175.875,15.9621499737259,13.2081499737259
7550,7249,499.0,-39.975,175.925,15.958701506402576,12.964701506402577
7551,7177,693.0,-40.075,175.975,16.465990662953118,12.307990662953118
7552,7178,909.0,-40.075,176.025,16.502477741392795,11.048477741392794
7553,7179,609.0,-40.075,176.075,16.577328212792054,12.923328212792054
7554,7180,460.0,-40.075,176.125,16.686257005436346,13.926257005436346
7555,7213,428.0,-40.025,175.975,16.243170454457868,13.675170454457868
7556,7214,1179.0,-40.025,176.025,16.30348919160315,9.22948919160315
7557,7215,957.0,-40.025,176.075,16.402065948059317,10.660065948059316
7558,7216,731.0,-40.025,176.125,16.53260431039962,12.14660431039962
7559,7250,520.0,-39.975,175.975,16.003113821469015,12.883113821469014
7560,7251,803.0,-39.975,176.025,16.091374313342385,11.273374313342385
7561,7252,1402.0,-39.975,176.075,16.217524534848053,7.805524534848054
7562,7253,779.0,-39.975,176.125,16.373920551966876,11.699920551966876
7563,7181,386.0,-40.075,176.175,16.81962415331509,14.50362415331509
7564,7182,364.0,-40.075,176.225,16.96240344614489,14.778403446144889
7565,7183,304.0,-40.075,176.275,17.098655048030196,15.274655048030196
7566,7217,470.0,-40.025,176.175,16.685637523885816,13.865637523885816
7567,7218,393.0,-40.025,176.225,16.848966594669037,14.490966594669036
7568,7219,318.0,-40.025,176.275,17.00975463516079,15.10175463516079
7569,7254,573.0,-39.975,176.175,16.551215540035628,13.113215540035627
7570,7255,398.0,-39.975,176.225,16.738781414431287,14.350781414431287
7571,7256,322.0,-39.975,176.275,16.925777418888174,14.993777418888174
7572,7184,305.0,-40.075,176.325,17.215220458165277,15.385220458165277
7573,7185,319.0,-40.075,176.375,17.302826731000096,15.388826731000096
7574,7186,285.0,-40.075,176.425,17.355726013105595,15.645726013105595
7575,7187,160.0,-40.075,176.475,17.37047366646584,16.41047366646584
7576,7220,255.0,-40.025,176.325,17.156689469935372,15.626689469935373
7577,7221,218.0,-40.025,176.375,17.281052001490025,15.973052001490025
7578,7222,184.0,-40.025,176.425,17.376667068252573,16.272667068252574
7579,7223,221.0,-40.025,176.475,17.438777414907236,16.112777414907235
7580,7257,255.0,-39.975,176.325,17.102329083310906,15.572329083310906
7581,7258,208.0,-39.975,176.375,17.26022292030393,16.01222292030393
7582,7259,172.0,-39.975,176.425,17.39287088662968,16.36087088662968
7583,7260,150.0,-39.975,176.475,17.494341768411687,16.594341768411688
7584,7042,156.0,-39.975,176.525,17.555934926873306,16.619934926873306
7585,7119,136.0,-39.975,176.575,17.562928294559242,16.746928294559243
7586,7127,136.0,-39.975,176.625,17.52957928116666,16.713579281166663
7587,7188,181.0,-40.075,176.525,17.34454352367902,16.258543523679023
7588,7189,182.0,-40.075,176.575,17.279442559112795,16.187442559112796
7589,7190,293.0,-40.075,176.625,17.187595104333013,15.429595104333014
7590,7224,126.0,-40.025,176.525,17.460518916050205,16.704518916050205
7591,7225,139.0,-40.025,176.575,17.431692370097153,16.597692370097153
7592,7226,181.0,-40.025,176.625,17.367480942426482,16.281480942426484
7593,7136,191.0,-39.975,176.675,17.471189364034217,16.325189364034216
7594,7145,141.0,-39.975,176.725,17.39463162148604,16.54863162148604
7595,7154,177.0,-39.975,176.775,17.303163466771366,16.241163466771365
7596,7163,180.0,-39.975,176.825,17.198364535317523,16.118364535317525
7597,7191,180.0,-40.075,176.675,17.084527000639355,16.004527000639357
7598,7192,200.0,-40.075,176.725,16.97977704022196,15.779777040221962
7599,7193,245.0,-40.075,176.775,16.876508153189206,15.406508153189206
7600,7194,168.0,-40.075,176.825,16.77421095193131,15.76621095193131
7601,7227,157.0,-40.025,176.675,17.284999764466193,16.342999764466192
7602,7228,160.0,-40.025,176.725,17.192485508770915,16.232485508770914
7603,7229,275.0,-40.025,176.775,17.093373617331963,15.443373617331963
7604,7230,164.0,-40.025,176.825,16.98854209270212,16.00454209270212
7605,7195,135.0,-40.075,176.875,16.671456831041723,15.861456831041723
7606,7231,158.0,-40.025,176.875,16.878197314130375,15.930197314130375
7607,7266,215.0,-39.975,176.875,17.08170870921458,15.791708709214582
7608,7509,20.0,-39.775,174.525,17.11480915560969,16.99480915560969
7609,7510,70.0,-39.775,174.575,17.130940236558672,16.71094023655867
7610,7511,60.0,-39.775,174.625,17.16223573111347,16.80223573111347
7611,7512,79.0,-39.775,174.675,17.209221231853007,16.735221231853007
7612,7771,20.0,-39.825,174.625,17.0301934855961,16.9101934855961
7613,7772,37.0,-39.825,174.675,17.06418808485614,16.84218808485614
7614,7513,20.0,-39.775,174.725,17.272497066674987,17.152497066674986
7615,7514,42.0,-39.775,174.775,17.352888896057266,17.100888896057267
7616,7515,173.0,-39.775,174.825,17.45135680983367,16.41335680983367
7617,7516,243.0,-39.775,174.875,17.568264966699644,16.110264966699646
7618,7728,39.0,-39.875,174.875,17.148716302312096,16.914716302312094
7619,7773,20.0,-39.825,174.725,17.113754240912385,16.993754240912384
7620,7774,86.0,-39.825,174.775,17.180441919452278,16.66444191945228
7621,7775,99.0,-39.825,174.825,17.266725818190025,16.672725818190024
7622,7776,122.0,-39.825,174.875,17.376120983069995,16.644120983069996
7623,7267,36.0,-39.925,174.975,17.131071190175135,16.915071190175134
7624,7268,21.0,-39.925,175.025,17.373368505039252,17.24736850503925
7625,7517,280.0,-39.775,174.925,17.701139513679664,16.021139513679664
7626,7518,221.0,-39.775,174.975,17.839843370456947,16.513843370456947
7627,7519,334.0,-39.775,175.025,17.96096741974179,15.956967419741792
7628,7729,37.0,-39.875,174.925,17.272032413995476,17.050032413995474
7629,7730,118.0,-39.875,174.975,17.441057376156095,16.733057376156097
7630,7731,142.0,-39.875,175.025,17.64893446280621,16.79693446280621
7631,7777,143.0,-39.825,174.925,17.51199354454002,16.65399354454002
7632,7778,80.0,-39.825,174.975,17.671503243109328,17.191503243109327
7633,7779,122.0,-39.825,175.025,17.829925050245947,17.097925050245948
7634,7107,136.0,-39.825,175.075,17.935507901740493,17.119507901740494
7635,7129,177.0,-39.825,175.125,17.954194885416655,16.892194885416654
7636,7138,158.0,-39.825,175.175,17.89324853097787,16.94524853097787
7637,7147,139.0,-39.825,175.225,17.77158206695458,16.93758206695458
7638,7270,39.0,-39.925,175.075,17.598040514218155,17.364040514218154
7639,7271,26.0,-39.925,175.125,17.67332375285332,17.517323752853322
7640,7273,157.0,-39.925,175.175,17.684745572536485,16.742745572536485
7641,7277,206.0,-39.925,175.225,17.6467550995294,16.4107550995294
7642,7520,68.0,-39.775,175.075,18.03103034995729,17.62303034995729
7643,7521,137.0,-39.775,175.125,18.02454329803004,17.20254329803004
7644,7522,165.0,-39.775,175.175,17.939689788385294,16.949689788385296
7645,7523,126.0,-39.775,175.225,17.79086187190842,17.03486187190842
7646,7732,141.0,-39.875,175.075,17.80330122009036,16.95730122009036
7647,7733,76.0,-39.875,175.125,17.84547544720408,17.38947544720408
7648,7734,228.0,-39.875,175.175,17.811332321172813,16.443332321172814
7649,7735,122.0,-39.875,175.225,17.724356740625808,16.99235674062581
7650,7156,92.0,-39.825,175.275,17.603650265577016,17.051650265577017
7651,7165,337.0,-39.825,175.325,17.399111958307913,15.377111958307912
7652,7261,187.0,-39.825,175.375,17.164936763991136,16.042936763991136
7653,7292,40.0,-39.925,175.275,17.567246514954604,17.327246514954606
7654,7313,60.0,-39.925,175.325,17.4524783732777,17.0924783732777
7655,7319,167.0,-39.925,175.375,17.307800539623713,16.305800539623714
7656,7524,244.0,-39.775,175.275,17.59281511354493,16.12881511354493
7657,7525,157.0,-39.775,175.325,17.35633959257393,16.41433959257393
7658,7526,181.0,-39.775,175.375,17.08939266120433,16.00339266120433
7659,7736,119.0,-39.875,175.275,17.595472529734252,16.881472529734253
7660,7737,232.0,-39.875,175.325,17.431766002147924,16.039766002147925
7661,7738,116.0,-39.875,175.375,17.23886376727023,16.54286376727023
7662,7276,250.0,-39.825,175.425,16.90695578031591,15.406955780315911
7663,7298,224.0,-39.825,175.475,16.630916534690186,15.286916534690187
7664,7300,294.0,-39.825,175.525,16.34336090888246,14.57936090888246
7665,7301,358.0,-39.825,175.575,16.052511348883854,13.904511348883855
7666,7322,240.0,-39.925,175.425,17.137962536507985,15.697962536507985
7667,7333,205.0,-39.925,175.475,16.94752966950182,15.717529669501818
7668,7341,318.0,-39.925,175.525,16.741539986076532,14.833539986076532
7669,7433,314.0,-39.925,175.575,16.526390790124424,14.642390790124423
7670,7527,420.0,-39.775,175.425,16.798575670283753,14.278575670283754
7671,7528,547.0,-39.775,175.475,16.490239012258826,13.208239012258826
7672,7529,214.0,-39.775,175.525,16.171366872178623,14.887366872178623
7673,7530,371.0,-39.775,175.575,15.850428531615762,13.624428531615763
7674,7739,131.0,-39.875,175.425,17.02180866940762,16.235808669407618
7675,7740,153.0,-39.875,175.475,16.785717183491215,15.867717183491216
7676,7741,206.0,-39.875,175.525,16.53650832764106,15.300508327641058
7677,7742,357.0,-39.875,175.575,16.281753002433106,14.139753002433107
7678,7303,483.0,-39.825,175.625,15.769228769146139,12.87122876914614
7679,7305,440.0,-39.825,175.675,15.507981328410096,12.867981328410096
7680,7307,348.0,-39.825,175.725,15.287414181191707,13.199414181191706
7681,7314,421.0,-39.825,175.775,15.128945246397052,12.602945246397052
7682,7435,281.0,-39.925,175.625,16.310749471769668,14.624749471769668
7683,7440,312.0,-39.925,175.675,16.106047694571316,14.234047694571316
7684,7443,327.0,-39.925,175.725,15.925982482061954,13.963982482061954
7685,7471,373.0,-39.925,175.775,15.784622602252057,13.546622602252057
7686,7531,436.0,-39.775,175.625,15.53835421934491,12.92235421934491
7687,7532,625.0,-39.775,175.675,15.249836541072,11.499836541072
7688,7533,551.0,-39.775,175.725,15.005217656813329,11.69921765681333
7689,7534,586.0,-39.775,175.775,14.832164159131935,11.316164159131935
7690,7743,317.0,-39.875,175.625,16.031539340270683,14.129539340270684
7691,7744,200.0,-39.875,175.675,15.799056722404202,14.599056722404203
7692,7745,318.0,-39.875,175.725,15.600311664340552,13.692311664340552
7693,7746,344.0,-39.875,175.775,15.452064185781637,13.388064185781637
7694,7328,591.0,-39.825,175.825,15.050326414231677,11.504326414231677
7695,7334,349.0,-39.825,175.875,15.0560378608061,12.9620378608061
7696,7342,569.0,-39.825,175.925,15.136409959901357,11.722409959901357
7697,7479,469.0,-39.925,175.825,15.693430064129643,12.879430064129643
7698,7486,510.0,-39.925,175.875,15.658596489636693,12.598596489636694
7699,7535,347.0,-39.775,175.825,14.75881953863427,12.67681953863427
7700,7536,457.0,-39.775,175.875,14.789558715681778,12.047558715681777
7701,7537,460.0,-39.775,175.925,14.903012175956974,12.143012175956974
7702,7572,564.0,-39.925,175.925,15.680341641971609,12.296341641971608
7703,7747,422.0,-39.875,175.825,15.367521228065016,12.835521228065016
7704,7748,509.0,-39.875,175.875,15.351846694160486,12.297846694160485
7705,7749,509.0,-39.875,175.925,15.401489461539313,12.347489461539313
7706,7441,687.0,-39.825,175.975,15.276345523627242,11.154345523627242
7707,7467,642.0,-39.825,176.025,15.461695224657888,11.609695224657887
7708,7484,1485.0,-39.825,176.075,15.680628461297601,6.770628461297601
7709,7491,1264.0,-39.825,176.125,15.923100704239914,8.339100704239915
7710,7538,637.0,-39.775,175.975,15.076141146098962,11.254141146098963
7711,7539,633.0,-39.775,176.025,15.292098074802198,11.494098074802197
7712,7540,1415.0,-39.775,176.075,15.538530271151103,7.048530271151103
7713,7541,1022.0,-39.775,176.125,15.805622210493311,9.67362221049331
7714,7576,692.0,-39.925,175.975,15.754303589346819,11.602303589346818
7715,7586,1216.0,-39.925,176.025,15.873565889633028,8.577565889633028
7716,7592,1016.0,-39.925,176.075,16.030035468109418,9.934035468109418
7717,7598,1020.0,-39.925,176.125,16.214955384435598,10.094955384435599
7718,7750,607.0,-39.875,175.975,15.507611196255311,11.865611196255312
7719,7751,1201.0,-39.875,176.025,15.65979788050754,8.45379788050754
7720,7752,1431.0,-39.875,176.075,15.847859175002668,7.261859175002668
7721,7753,1432.0,-39.875,176.125,16.062162633868866,7.470162633868865
7722,7492,717.0,-39.825,176.175,16.180153144116048,11.878153144116048
7723,7493,589.0,-39.825,176.225,16.443469368387014,12.909469368387015
7724,7494,505.0,-39.825,176.275,16.705182439414784,13.675182439414785
7725,7542,1200.0,-39.775,176.175,16.08494812430581,8.884948124305811
7726,7543,493.0,-39.775,176.225,16.36886757708271,13.41086757708271
7727,7544,438.0,-39.775,176.275,16.65022801759187,14.022228017591871
7728,7604,540.0,-39.925,176.175,16.419007809163304,13.179007809163304
7729,7669,475.0,-39.925,176.225,16.6325168874464,13.7825168874464
7730,7675,348.0,-39.925,176.275,16.84592450602213,14.757924506022128
7731,7754,790.0,-39.875,176.175,16.293464252899867,11.553464252899866
7732,7755,380.0,-39.875,176.225,16.532786545460112,14.252786545460113
7733,7756,455.0,-39.875,176.275,16.77148639014922,14.04148639014922
7734,7495,334.0,-39.825,176.325,16.957809099723818,14.953809099723818
7735,7496,291.0,-39.825,176.375,17.19418421870796,15.44818421870796
7736,7497,262.0,-39.825,176.425,17.407353612594306,15.835353612594307
7737,7498,217.0,-39.825,176.475,17.59057979399222,16.28857979399222
7738,7545,557.0,-39.775,176.325,16.92221889400389,13.58021889400389
7739,7546,371.0,-39.775,176.375,17.178283892717445,14.952283892717446
7740,7547,371.0,-39.775,176.425,17.412078378314618,15.186078378314619
7741,7548,275.0,-39.775,176.475,17.617562970874133,15.967562970874132
7742,7679,286.0,-39.925,176.325,17.050337864493486,15.334337864493486
7743,7684,224.0,-39.925,176.375,17.237825795134995,15.893825795134996
7744,7689,189.0,-39.925,176.425,17.401210385170998,16.267210385170998
7745,7694,171.0,-39.925,176.475,17.53313456781325,16.50713456781325
7746,7757,344.0,-39.875,176.325,17.00140423644916,14.937404236449161
7747,7758,280.0,-39.875,176.375,17.214902330335462,15.534902330335463
7748,7759,226.0,-39.875,176.425,17.404654350626515,16.048654350626514
7749,7760,194.0,-39.875,176.475,17.563272714440245,16.399272714440244
7750,7499,220.0,-39.825,176.525,17.73787478596205,16.41787478596205
7751,7500,272.0,-39.825,176.575,17.845250079699326,16.213250079699325
7752,7501,132.0,-39.825,176.625,17.911556997860316,17.119556997860315
7753,7549,293.0,-39.775,176.525,17.789365367672872,16.031365367672873
7754,7550,260.0,-39.775,176.575,17.92332913368591,16.363329133685912
7755,7551,227.0,-39.775,176.625,18.016761828650488,16.65476182865049
7756,7699,152.0,-39.925,176.525,17.62468573290971,16.712685732909712
7757,7704,237.0,-39.925,176.575,17.669048912008293,16.247048912008292
7758,7709,111.0,-39.925,176.625,17.671267024677945,17.005267024677945
7759,7761,168.0,-39.875,176.525,17.683584712882293,16.675584712882294
7760,7762,161.0,-39.875,176.575,17.761165198520757,16.795165198520756
7761,7763,113.0,-39.875,176.625,17.797073390393052,17.11907339039305
7762,7502,167.0,-39.825,176.675,17.937529392831493,16.935529392831494
7763,7503,272.0,-39.825,176.725,17.92396000935696,16.29196000935696
7764,7504,182.0,-39.825,176.775,17.870673677534796,16.778673677534798
7765,7505,193.0,-39.825,176.825,17.77687930504908,16.618879305049077
7766,7552,78.0,-39.775,176.675,18.067974437231896,17.599974437231896
7767,7553,40.0,-39.775,176.725,18.075407887634356,17.835407887634357
7768,7554,175.0,-39.775,176.775,18.036851308919722,16.98685130891972
7769,7555,83.0,-39.775,176.825,17.94884717554669,17.450847175546688
7770,7714,114.0,-39.925,176.675,17.640863098407863,16.95686309840786
7771,7719,100.0,-39.925,176.725,17.583826046204194,16.983826046204193
7772,7724,207.0,-39.925,176.775,17.503147513692966,16.261147513692965
7773,7725,193.0,-39.925,176.825,17.400616085040383,16.242616085040382
7774,7764,80.0,-39.875,176.675,17.7955239751318,17.3155239751318
7775,7765,80.0,-39.875,176.725,17.760033068072516,17.280033068072516
7776,7766,184.0,-39.875,176.775,17.69240096586873,16.58840096586873
7777,7767,225.0,-39.875,176.825,17.593724543810822,16.24372454381082
7778,7506,313.0,-39.825,176.875,17.643740192084806,15.765740192084806
7779,7507,371.0,-39.825,176.925,17.47914694494102,15.253146944941022
7780,7508,39.0,-39.825,176.975,17.29832238680683,17.06432238680683
7781,7556,145.0,-39.775,176.875,17.808335946843727,16.938335946843726
7782,7557,163.0,-39.775,176.925,17.62378998353961,16.645789983539608
7783,7558,151.0,-39.775,176.975,17.421795632399153,16.515795632399154
7784,7726,227.0,-39.925,176.875,17.278592171613127,15.916592171613127
7785,7727,128.0,-39.925,176.925,17.141281709395116,16.373281709395116
7786,7768,471.0,-39.875,176.875,17.466516588378,14.640516588377999
7787,7769,336.0,-39.875,176.925,17.316865379252704,15.300865379252704
7788,7770,,-39.875,176.975,17.15427857011673,
7789,7428,79.0,-39.625,174.325,17.325022619843367,16.851022619843366
7790,7052,314.0,-39.625,174.525,17.336908599216258,15.452908599216258
7791,7373,71.0,-39.675,174.375,17.272007840350852,16.846007840350854
7792,7374,101.0,-39.675,174.425,17.259797241174965,16.653797241174964
7793,7375,122.0,-39.675,174.475,17.263018070632825,16.531018070632825
7794,7376,99.0,-39.675,174.525,17.283035152824596,16.689035152824594
7795,7429,65.0,-39.625,174.375,17.302809669141425,16.912809669141424
7796,7430,141.0,-39.625,174.425,17.295837624376873,16.449837624376872
7797,7431,179.0,-39.625,174.475,17.307047315101954,16.233047315101953
7798,7559,40.0,-39.725,174.425,17.201805455013528,16.96180545501353
7799,7560,20.0,-39.725,174.475,17.19758325642033,17.07758325642033
7800,7561,70.0,-39.725,174.525,17.20837354537798,16.78837354537798
7801,7116,276.0,-39.625,174.575,17.384468133197515,15.728468133197515
7802,7124,157.0,-39.625,174.625,17.448065478078206,16.506065478078206
7803,7133,225.0,-39.625,174.675,17.52567418923718,16.175674189237178
7804,7377,161.0,-39.675,174.575,17.320002460983233,16.35400246098323
7805,7378,326.0,-39.675,174.625,17.37334575454588,15.417345754545881
7806,7379,141.0,-39.675,174.675,17.442087817995343,16.596087817995343
7807,7562,102.0,-39.725,174.575,17.234984769078437,16.62298476907844
7808,7563,120.0,-39.725,174.625,17.27764478814788,16.557644788147883
7809,7564,80.0,-39.725,174.675,17.33627596970473,16.85627596970473
7810,7142,261.0,-39.625,174.725,17.614944419750827,16.04894441975083
7811,7151,218.0,-39.625,174.775,17.71299815159,16.40499815159
7812,7160,177.0,-39.625,174.825,17.815995583529002,16.753995583529
7813,7169,342.0,-39.625,174.875,17.91850369007443,15.866503690074431
7814,7380,100.0,-39.675,174.725,17.5249579710362,16.9249579710362
7815,7381,119.0,-39.675,174.775,17.6202522918029,16.9062522918029
7816,7382,250.0,-39.675,174.825,17.725382191420067,16.225382191420067
7817,7383,173.0,-39.675,174.875,17.83603812351066,16.79803812351066
7818,7565,173.0,-39.725,174.725,17.410662262671394,16.372662262671394
7819,7566,170.0,-39.725,174.775,17.500420996904722,16.480420996904723
7820,7567,55.0,-39.725,174.825,17.604633865426877,17.27463386542688
7821,7568,155.0,-39.725,174.875,17.72088168283517,16.79088168283517
7822,7055,410.0,-39.725,174.975,17.960544297646265,15.500544297646266
7823,7117,240.0,-39.725,175.025,18.053365767613286,16.613365767613285
7824,7264,353.0,-39.625,174.925,18.01279100510874,15.894791005108738
7825,7279,281.0,-39.625,174.975,18.08832744305255,16.40232744305255
7826,7280,278.0,-39.625,175.025,18.13178497404442,16.463784974044422
7827,7384,269.0,-39.675,174.925,17.94501093037252,16.331010930372518
7828,7385,387.0,-39.675,174.975,18.04108736399212,15.71908736399212
7829,7386,253.0,-39.675,175.025,18.108896559017012,16.59089655901701
7830,7569,451.0,-39.725,174.925,17.843397034725058,15.137397034725058
7831,7126,176.0,-39.725,175.075,18.097593877027975,17.041593877027974
7832,7135,182.0,-39.725,175.125,18.0677047559293,16.9757047559293
7833,7144,371.0,-39.725,175.175,17.95873023508466,15.73273023508466
7834,7153,396.0,-39.725,175.225,17.78734309200081,15.411343092000811
7835,7282,302.0,-39.625,175.075,18.12744111556094,16.31544111556094
7836,7284,556.0,-39.625,175.125,18.059561144793406,14.723561144793406
7837,7288,135.0,-39.625,175.175,17.92415894343867,17.11415894343867
7838,7295,345.0,-39.625,175.225,17.73040419194149,15.660404191941488
7839,7387,381.0,-39.675,175.075,18.129900765197817,15.843900765197818
7840,7388,222.0,-39.675,175.125,18.07960215068306,16.747602150683058
7841,7389,182.0,-39.675,175.175,17.95213294881978,16.860132948819782
7842,7390,432.0,-39.675,175.225,17.765340566751547,15.173340566751547
7843,7162,288.0,-39.725,175.275,17.566796528728446,15.838796528728446
7844,7287,171.0,-39.725,175.325,17.30712700090953,16.28112700090953
7845,7296,593.0,-39.725,175.375,17.016452370095067,13.458452370095067
7846,7309,579.0,-39.625,175.275,17.488480946078198,14.014480946078198
7847,7317,281.0,-39.625,175.325,17.207374402409187,15.521374402409187
7848,7326,490.0,-39.625,175.375,16.895432967110537,13.955432967110537
7849,7391,362.0,-39.675,175.275,17.530242332228227,15.358242332228226
7850,7392,246.0,-39.675,175.325,17.255929439503234,15.779929439503235
7851,7393,549.0,-39.675,175.375,16.95049658449716,13.656496584497159
7852,7316,322.0,-39.725,175.425,16.701883009518497,14.769883009518496
7853,7323,379.0,-39.725,175.475,16.370312783896225,14.096312783896224
7854,7330,287.0,-39.625,175.425,16.56075986198266,14.83875986198266
7855,7336,324.0,-39.725,175.525,16.029130198206985,14.085130198206986
7856,7338,431.0,-39.625,175.475,16.211563361255685,13.625563361255685
7857,7344,482.0,-39.725,175.575,15.686928566690767,12.794928566690768
7858,7394,260.0,-39.675,175.425,16.621493989863666,15.061493989863665
7859,7395,627.0,-39.675,175.475,16.27640881217667,12.514408812176669
7860,7396,437.0,-39.675,175.525,15.923182568600168,13.301182568600169
7861,7397,472.0,-39.675,175.575,15.570784836658277,12.738784836658276
7862,7446,646.0,-39.625,175.525,15.856558881758247,11.980558881758247
7863,7448,501.0,-39.625,175.575,15.505480000487296,12.499480000487296
7864,7345,569.0,-39.725,175.625,15.354338198259939,11.940338198259939
7865,7346,499.0,-39.725,175.675,15.04522962498595,12.05122962498595
7866,7347,658.0,-39.725,175.725,14.779006211989326,10.831006211989326
7867,7348,741.0,-39.725,175.775,14.586561794101726,10.140561794101727
7868,7398,515.0,-39.675,175.625,15.22992322576465,12.139923225764651
7869,7399,530.0,-39.675,175.675,14.914085719676223,11.734085719676223
7870,7400,641.0,-39.675,175.725,14.641480123420479,10.795480123420479
7871,7401,581.0,-39.675,175.775,14.4402710563445,10.9542710563445
7872,7450,583.0,-39.625,175.625,15.16980630371836,11.67180630371836
7873,7452,623.0,-39.625,175.675,14.863963940704707,11.125963940704708
7874,7454,561.0,-39.625,175.725,14.60768130471115,11.24168130471115
7875,7456,532.0,-39.625,175.775,14.431038325827103,11.239038325827103
7876,7349,473.0,-39.725,175.825,14.51775995385833,11.67975995385833
7877,7350,508.0,-39.725,175.875,14.578431145928334,11.530431145928334
7878,7351,521.0,-39.725,175.925,14.723121104761958,11.597121104761959
7879,7402,489.0,-39.675,175.825,14.376054648048012,11.442054648048012
7880,7403,513.0,-39.675,175.875,14.457109968556324,11.379109968556325
7881,7404,361.0,-39.675,175.925,14.618104537425097,12.452104537425097
7882,7457,619.0,-39.625,175.825,14.374512184935156,10.660512184935156
7883,7458,622.0,-39.625,175.875,14.442004293669015,10.710004293669016
7884,7461,582.0,-39.625,175.925,14.596358289272757,11.104358289272756
7885,7352,705.0,-39.725,175.975,14.923695028875954,10.693695028875954
7886,7353,693.0,-39.725,176.025,15.16354997860617,11.00554997860617
7887,7354,1280.0,-39.725,176.075,15.430996110284468,7.750996110284468
7888,7355,805.0,-39.725,176.125,15.716807429824257,10.886807429824257
7889,7405,592.0,-39.675,175.975,14.83289647102356,11.28089647102356
7890,7406,457.0,-39.675,176.025,15.085657428280683,12.343657428280682
7891,7407,903.0,-39.675,176.075,15.36497071327176,9.94697071327176
7892,7408,763.0,-39.675,176.125,15.661787041870411,11.083787041870412
7893,7472,564.0,-39.625,175.975,14.809054507873952,11.425054507873952
7894,7474,542.0,-39.625,176.025,15.062226479523815,11.810226479523816
7895,7475,955.0,-39.625,176.075,15.343354251555866,9.613354251555865
7896,7478,1262.0,-39.625,176.125,15.642805929703172,8.070805929703173
7897,7356,1287.0,-39.725,176.175,16.01311807424645,8.29111807424645
7898,7357,912.0,-39.725,176.225,16.312865648593288,10.840865648593288
7899,7358,495.0,-39.725,176.275,16.609500846010633,13.639500846010632
7900,7409,1322.0,-39.675,176.175,15.968460324482294,8.036460324482293
7901,7410,978.0,-39.675,176.225,16.27823539095698,10.41023539095698
7902,7411,650.0,-39.675,176.275,16.58496397943236,12.684963979432359
7903,7485,1204.0,-39.625,176.175,15.952679101930698,8.728679101930698
7904,7571,1135.0,-39.625,176.225,16.266195946052903,9.456195946052905
7905,7577,1176.0,-39.625,176.275,16.577369522943627,9.521369522943626
7906,7359,753.0,-39.725,176.325,16.896831073216163,12.378831073216162
7907,7360,483.0,-39.725,176.375,17.168929061066592,14.270929061066592
7908,7361,390.0,-39.725,176.425,17.420088375976775,15.080088375976775
7909,7362,361.0,-39.725,176.475,17.644853825535392,15.478853825535392
7910,7412,494.0,-39.675,176.325,16.882941873802338,13.918941873802337
7911,7413,367.0,-39.675,176.375,17.166803250700468,14.964803250700468
7912,7414,431.0,-39.675,176.425,17.43143106860225,14.84543106860225
7913,7415,335.0,-39.675,176.475,17.67186500952812,15.66186500952812
7914,7580,499.0,-39.625,176.325,16.880813840340124,13.886813840340125
7915,7581,402.0,-39.625,176.375,17.171618280437542,14.759618280437543
7916,7585,296.0,-39.625,176.425,17.44520816131262,15.669208161312621
7917,7591,277.0,-39.625,176.475,17.697112449619453,16.035112449619454
7918,7363,345.0,-39.725,176.525,17.83815425474313,15.76815425474313
7919,7364,213.0,-39.725,176.575,17.995465966669144,16.717465966669145
7920,7365,240.0,-39.725,176.625,18.112812226900132,16.67281222690013
7921,7416,199.0,-39.675,176.525,17.88321303136763,16.689213031367633
7922,7417,136.0,-39.675,176.575,18.0605601692223,17.2445601692223
7923,7418,102.0,-39.675,176.625,18.19879515672801,17.586795156728012
7924,7597,171.0,-39.625,176.525,17.922642784338677,16.896642784338678
7925,7603,125.0,-39.625,176.575,18.116610800410854,17.366610800410854
7926,7666,84.0,-39.625,176.625,18.27307830992504,17.76907830992504
7927,7366,60.0,-39.725,176.675,18.186485999030992,17.826485999030993
7928,7367,98.0,-39.725,176.725,18.212687451101374,17.624687451101373
7929,7368,70.0,-39.725,176.775,18.187359311355976,17.767359311355975
7930,7369,146.0,-39.725,176.825,18.105455466196872,17.22945546619687
7931,7419,60.0,-39.675,176.675,18.292262444796506,17.932262444796507
7932,7420,20.0,-39.675,176.725,18.33433681423776,18.214336814237758
7933,7421,11.0,-39.675,176.775,18.317398327490082,18.251398327490083
7934,7422,10.0,-39.675,176.825,18.234096585190855,18.174096585190856
7935,7680,60.0,-39.625,176.675,18.384860297635896,18.024860297635897
7936,7685,34.0,-39.625,176.725,18.442512657813495,18.238512657813494
7937,7690,19.0,-39.625,176.775,18.432668681751238,18.318668681751237
7938,7695,14.0,-39.625,176.825,18.33558113462641,18.25158113462641
7939,7370,184.0,-39.725,176.875,17.956607386557152,16.852607386557153
7940,7371,73.0,-39.725,176.925,17.742574310745113,17.304574310745114
7941,7372,97.0,-39.725,176.975,17.518509780726163,16.936509780726162
7942,7423,21.0,-39.675,176.875,18.07549458963331,17.949494589633307
7943,7424,41.0,-39.675,176.925,17.815686472225934,17.569686472225936
7944,7425,77.0,-39.675,176.975,17.587863833410665,17.125863833410666
7945,7426,216.0,-39.675,177.025,17.393271495733643,16.097271495733644
7946,7700,9.0,-39.625,176.875,18.123174584819935,18.069174584819937
7947,7705,8.0,-39.625,176.925,17.84664011996938,17.79864011996938
7948,7427,,-39.675,177.075,17.20254501735326,
7949,8132,53.0,-39.525,173.975,17.615278274926823,17.29727827492682
7950,8315,21.0,-39.425,173.825,17.876498306315625,17.750498306315624
7951,8320,66.0,-39.425,173.875,17.780822211527266,17.384822211527265
7952,8325,126.0,-39.425,173.925,17.682529914018232,16.926529914018232
7953,8330,189.0,-39.425,173.975,17.58341167596518,16.44941167596518
7954,8678,21.0,-39.475,173.875,17.776286600827007,17.650286600827005
7955,8679,64.0,-39.475,173.925,17.687838608311722,17.30383860831172
7956,8680,113.0,-39.475,173.975,17.600914505383116,16.922914505383115
7957,7710,27.0,-39.575,174.075,17.503958747780416,17.341958747780417
7958,7715,42.0,-39.575,174.125,17.4586567372462,17.206656737246202
7959,8133,78.0,-39.525,174.025,17.544274654079345,17.076274654079345
7960,8138,74.0,-39.525,174.075,17.481805541130598,17.0378055411306
7961,8147,99.0,-39.525,174.125,17.43062049431319,16.836620494313188
7962,8423,259.0,-39.425,174.025,17.4861619384028,15.932161938402801
7963,8424,289.0,-39.425,174.075,17.394351482900674,15.660351482900674
7964,8425,281.0,-39.425,174.125,17.311942651271238,15.625942651271238
7965,8681,154.0,-39.475,174.025,17.518255638759,16.594255638759
7966,8682,156.0,-39.475,174.075,17.44318085652776,16.50718085652776
7967,8683,166.0,-39.475,174.125,17.379149453670834,16.383149453670836
7968,7720,39.0,-39.575,174.175,17.422928898071405,17.188928898071403
7969,7790,80.0,-39.575,174.225,17.392810046789236,16.912810046789236
7970,7798,100.0,-39.575,174.275,17.36043596008676,16.76043596008676
7971,7808,96.0,-39.575,174.325,17.327897928800667,16.751897928800666
7972,8155,106.0,-39.525,174.175,17.392367836335325,16.756367836335325
7973,8414,112.0,-39.525,174.225,17.36504096898716,16.69304096898716
7974,8426,271.0,-39.425,174.175,17.2422195343388,15.616219534338802
7975,8427,252.0,-39.425,174.225,17.186669964139583,15.674669964139582
7976,8428,243.0,-39.425,174.275,17.147351471168804,15.689351471168804
7977,8429,220.0,-39.425,174.325,17.134315399074694,15.814315399074694
7978,8431,120.0,-39.525,174.275,17.332976241435972,16.612976241435973
7979,8439,138.0,-39.525,174.325,17.298017152701505,16.470017152701505
7980,8684,181.0,-39.475,174.175,17.328747919615125,16.242747919615127
7981,8685,181.0,-39.475,174.225,17.291092743224,16.205092743224
7982,8686,181.0,-39.475,174.275,17.256601853499888,16.17060185349989
7983,8687,249.0,-39.475,174.325,17.229941457611858,15.735941457611858
7984,7811,117.0,-39.575,174.375,17.307734858171898,16.6057348581719
7985,7815,202.0,-39.575,174.425,17.307340171275428,16.095340171275428
7986,7819,207.0,-39.575,174.475,17.328373092474067,16.086373092474066
7987,7823,269.0,-39.575,174.525,17.369593984578387,15.755593984578386
7988,8432,240.0,-39.425,174.375,17.15575553268718,15.715755532687181
7989,8437,243.0,-39.425,174.425,17.207233821420232,15.749233821420232
7990,8441,103.0,-39.425,174.475,17.280909983441234,16.662909983441235
7991,8442,205.0,-39.525,174.375,17.28304905758705,16.05304905758705
7992,8446,196.0,-39.425,174.525,17.37019986717496,16.194199867174962
7993,8447,171.0,-39.525,174.425,17.29336688085459,16.267366880854592
7994,8454,176.0,-39.525,174.475,17.327756202284945,16.271756202284944
7995,8585,78.0,-39.525,174.525,17.38275534947752,16.91475534947752
7996,8688,127.0,-39.475,174.375,17.229124601741205,16.467124601741205
7997,8689,195.0,-39.475,174.425,17.256941486310097,16.086941486310096
7998,8690,181.0,-39.475,174.475,17.309241945957183,16.223241945957184
7999,8691,221.0,-39.475,174.525,17.380650519611663,16.054650519611663
8000,7827,149.0,-39.575,174.575,17.428560895539704,16.534560895539705
8001,7831,198.0,-39.575,174.625,17.502413048918243,16.314413048918244
8002,7835,162.0,-39.575,174.675,17.588117411971325,16.616117411971324
8003,8453,246.0,-39.425,174.575,17.469809795962647,15.993809795962648
8004,8527,264.0,-39.425,174.625,17.575261037040036,15.991261037040037
8005,8528,319.0,-39.425,174.675,17.68248434958514,15.768484349585139
8006,8623,160.0,-39.525,174.575,17.454407041179365,16.494407041179365
8007,8628,148.0,-39.525,174.625,17.538822378905024,16.650822378905023
8008,8633,189.0,-39.525,174.675,17.632214156299597,16.498214156299596
8009,8692,114.0,-39.475,174.575,17.46617215506558,16.782172155065577
8010,8693,295.0,-39.475,174.625,17.56134984982782,15.79134984982782
8011,8694,242.0,-39.475,174.675,17.662048815036542,16.210048815036544
8012,7873,457.0,-39.575,174.725,17.682407113155932,14.940407113155931
8013,7875,303.0,-39.575,174.775,17.781525565049378,15.963525565049379
8014,7877,41.0,-39.575,174.825,17.88083626293519,17.634836262935192
8015,7879,139.0,-39.575,174.875,17.974362302658847,17.140362302658847
8016,8529,448.0,-39.425,174.725,17.78747893520631,15.099478935206308
8017,8530,417.0,-39.425,174.775,17.886019436380593,15.384019436380594
8018,8531,377.0,-39.425,174.825,17.97341816945118,15.711418169451179
8019,8532,377.0,-39.425,174.875,18.044371892872732,15.782371892872732
8020,8634,255.0,-39.525,174.725,17.730703965309658,16.200703965309657
8021,8635,337.0,-39.525,174.775,17.830024084396427,15.808024084396427
8022,8636,391.0,-39.525,174.825,17.925173266761703,15.579173266761703
8023,8637,370.0,-39.525,174.875,18.01008666312555,15.790086663125548
8024,8695,155.0,-39.475,174.725,17.764156081466353,16.834156081466354
8025,8696,364.0,-39.475,174.775,17.86326701848884,15.67926701848884
8026,8697,341.0,-39.475,174.825,17.954392079642275,15.908392079642276
8027,8698,262.0,-39.475,174.875,18.031727957801195,16.459727957801196
8028,7881,206.0,-39.575,174.925,18.054369652760215,16.818369652760214
8029,7883,664.0,-39.575,174.975,18.111168862727936,14.127168862727936
8030,7885,471.0,-39.575,175.025,18.133336612489074,15.307336612489074
8031,8533,221.0,-39.425,174.925,18.09294404744287,16.76694404744287
8032,8534,341.0,-39.425,174.975,18.112751248001587,16.066751248001587
8033,8535,128.0,-39.425,175.025,18.097424775362015,17.329424775362014
8034,8638,280.0,-39.525,174.925,18.077411572332494,16.397411572332494
8035,8639,488.0,-39.525,174.975,18.11852203469607,15.19052203469607
8036,8640,459.0,-39.525,175.025,18.12395729427226,15.36995729427226
8037,8699,521.0,-39.475,174.925,18.088563689874718,14.962563689874719
8038,8700,428.0,-39.475,174.975,18.117422504350543,15.549422504350543
8039,8701,145.0,-39.475,175.025,18.110565413400764,17.240565413400763
8040,7887,252.0,-39.575,175.075,18.10872223554179,16.59672223554179
8041,7889,123.0,-39.575,175.125,18.027394311269745,17.289394311269746
8042,7891,275.0,-39.575,175.175,17.88643013985711,16.236430139857113
8043,7892,451.0,-39.575,175.225,17.690467195527162,14.984467195527163
8044,8536,398.0,-39.425,175.075,18.041373368381755,15.653373368381756
8045,8537,331.0,-39.425,175.125,17.940740189689677,15.954740189689677
8046,8538,599.0,-39.425,175.175,17.794256121502258,14.200256121502258
8047,8539,490.0,-39.425,175.225,17.6036425975326,14.663642597532599
8048,8641,389.0,-39.525,175.075,18.08456487848889,15.750564878488891
8049,8642,294.0,-39.525,175.125,17.99357296974631,16.22957296974631
8050,8643,404.0,-39.525,175.175,17.848801191779785,15.424801191779785
8051,8644,324.0,-39.525,175.225,17.65303529999801,15.70903529999801
8052,8702,262.0,-39.475,175.075,18.06096650022664,16.488966500226642
8053,8703,594.0,-39.475,175.125,17.96368171198992,14.39968171198992
8054,8704,607.0,-39.475,175.175,17.817082129302435,14.175082129302435
8055,8705,537.0,-39.475,175.225,17.623207819036907,14.401207819036907
8056,7893,291.0,-39.575,175.275,17.447419159376295,15.701419159376295
8057,7894,502.0,-39.575,175.325,17.16581149227568,14.153811492275679
8058,7895,638.0,-39.575,175.375,16.85422369634034,13.026223696340342
8059,8540,521.0,-39.425,175.275,17.373456937959418,14.247456937959418
8060,8541,537.0,-39.425,175.325,17.11057896882994,13.888578968829941
8061,8542,560.0,-39.425,175.375,16.82361801408115,13.463618014081149
8062,8645,556.0,-39.525,175.275,17.412404864066048,14.076404864066047
8063,8646,487.0,-39.525,175.325,17.134705325443065,14.212705325443064
8064,8647,571.0,-39.525,175.375,16.82855590939289,13.40255590939289
8065,8706,664.0,-39.475,175.275,17.387152122624684,13.403152122624684
8066,8707,552.0,-39.475,175.325,17.11612202649121,13.804122026491212
8067,8708,738.0,-39.475,175.375,16.818703726457898,12.390703726457897
8068,7896,532.0,-39.575,175.425,16.521341092215152,13.329341092215152
8069,7897,568.0,-39.575,175.475,16.17615147624747,12.76815147624747
8070,7898,444.0,-39.575,175.525,15.82824098347919,13.164240983479191
8071,7899,540.0,-39.575,175.575,15.488236654317006,12.248236654317006
8072,8062,681.0,-39.475,175.575,15.566095939779188,11.48009593977919
8073,8543,622.0,-39.425,175.425,16.522409315570258,12.790409315570258
8074,8544,680.0,-39.425,175.475,16.217630100727547,12.137630100727547
8075,8545,726.0,-39.425,175.525,15.920476542902179,11.56447654290218
8076,8546,740.0,-39.425,175.575,15.642353014234686,11.202353014234685
8077,8648,580.0,-39.525,175.425,16.503122430993244,13.023122430993244
8078,8649,577.0,-39.525,175.475,16.168097484856844,12.706097484856844
8079,8650,685.0,-39.525,175.525,15.833828593807993,11.723828593807994
8080,8651,700.0,-39.525,175.575,15.511593980714679,11.31159398071468
8081,8709,763.0,-39.475,175.425,16.504427309788298,11.926427309788298
8082,8710,651.0,-39.475,175.475,16.183542729355395,12.277542729355396
8083,8711,645.0,-39.475,175.525,15.866927168593975,11.996927168593974
8084,7900,579.0,-39.575,175.625,15.16849445819389,11.69449445819389
8085,7901,830.0,-39.575,175.675,14.88417591547477,9.90417591547477
8086,7902,792.0,-39.575,175.725,14.65473219883279,9.90273219883279
8087,7903,811.0,-39.575,175.775,14.504400551435538,9.638400551435538
8088,8121,720.0,-39.475,175.625,15.293308849068126,10.973308849068125
8089,8135,820.0,-39.475,175.675,15.061646424699575,10.141646424699577
8090,8139,1001.0,-39.475,175.725,14.884611630259315,8.878611630259314
8091,8144,1055.0,-39.475,175.775,14.774506937654223,8.444506937654223
8092,8547,801.0,-39.425,175.625,15.394618136109784,10.588618136109783
8093,8548,868.0,-39.425,175.675,15.18838773338939,9.980387733389392
8094,8549,891.0,-39.425,175.725,15.034093998314347,9.688093998314347
8095,8550,843.0,-39.425,175.775,14.940371744101867,9.882371744101867
8096,8652,872.0,-39.525,175.625,15.214055270829704,9.982055270829704
8097,8653,800.0,-39.525,175.675,14.955825316050323,10.155825316050322
8098,8654,925.0,-39.525,175.725,14.753696288098581,9.20369628809858
8099,8655,1080.0,-39.525,175.775,14.625105899031041,8.14510589903104
8100,7904,541.0,-39.575,175.825,14.455092437332496,11.209092437332496
8101,7905,623.0,-39.575,175.875,14.508884946408216,10.770884946408216
8102,7906,710.0,-39.575,175.925,14.646865834569326,10.386865834569326
8103,8151,771.0,-39.475,175.825,14.73930577482679,10.11330577482679
8104,8260,746.0,-39.475,175.875,14.779637845989782,10.303637845989783
8105,8261,651.0,-39.475,175.925,14.888680788484635,10.982680788484636
8106,8551,1124.0,-39.425,175.825,14.91233332673437,8.16833332673437
8107,8552,1185.0,-39.425,175.875,14.950138056767173,7.840138056767174
8108,8553,840.0,-39.425,175.925,15.048963643261231,10.008963643261232
8109,8656,861.0,-39.525,175.825,14.582834530301625,9.416834530301625
8110,8657,818.0,-39.525,175.875,14.628091714606853,9.720091714606854
8111,8658,760.0,-39.525,175.925,14.750163498189067,10.190163498189069
8112,7907,823.0,-39.575,175.975,14.846599257230991,9.908599257230993
8113,7908,716.0,-39.575,176.025,15.090266652434366,10.794266652434366
8114,7909,833.0,-39.575,176.075,15.364491277199704,10.366491277199703
8115,7910,1161.0,-39.575,176.125,15.658917879074579,8.69291787907458
8116,8262,807.0,-39.475,175.975,15.055136685608886,10.213136685608887
8117,8263,714.0,-39.475,176.025,15.266600134578766,10.982600134578767
8118,8264,843.0,-39.475,176.075,15.511515129968757,10.453515129968757
8119,8265,931.0,-39.475,176.125,15.779829341947334,10.193829341947334
8120,8554,1033.0,-39.425,175.975,15.200471505930182,9.002471505930181
8121,8555,879.0,-39.425,176.025,15.394768230587943,10.120768230587943
8122,8556,710.0,-39.425,176.075,15.621918873046525,11.361918873046525
8123,8557,899.0,-39.425,176.125,15.87275952330674,10.47875952330674
8124,8659,885.0,-39.525,175.975,14.933168407529593,9.623168407529594
8125,8660,559.0,-39.525,176.025,15.161761869618203,11.807761869618204
8126,8661,630.0,-39.525,176.075,15.423026170174126,11.643026170174126
8127,8662,734.0,-39.525,176.125,15.706430252175778,11.302430252175778
8128,7911,831.0,-39.575,176.175,15.9651834408578,10.979183440857799
8129,7912,889.0,-39.575,176.225,16.276287707558367,10.942287707558368
8130,7913,1021.0,-39.575,176.275,16.586221735487925,10.460221735487924
8131,8266,932.0,-39.475,176.175,16.06300357024884,10.47100357024884
8132,8267,792.0,-39.475,176.225,16.353813485096907,11.601813485096908
8133,8268,834.0,-39.475,176.275,16.646133352885954,11.642133352885955
8134,8558,941.0,-39.425,176.175,16.13919204493868,10.49319204493868
8135,8559,662.0,-39.425,176.225,16.414204829197843,12.442204829197843
8136,8560,644.0,-39.425,176.275,16.69178447627928,12.82778447627928
8137,8663,1251.0,-39.525,176.175,16.003335584216984,8.497335584216984
8138,8664,519.0,-39.525,176.225,16.306538593722507,13.192538593722507
8139,8665,768.0,-39.525,176.275,16.609943106363062,12.001943106363061
8140,7914,688.0,-39.575,176.325,16.889755956915906,12.761755956915906
8141,7915,634.0,-39.575,176.375,17.182316555437865,13.378316555437864
8142,7916,316.0,-39.575,176.425,17.45984933132422,15.56384933132422
8143,7917,215.0,-39.575,176.475,17.718474203982623,16.428474203982624
8144,8269,588.0,-39.475,176.325,16.934770270221634,13.406770270221633
8145,8270,419.0,-39.475,176.375,17.21538572368445,14.70138572368445
8146,8272,540.0,-39.475,176.425,17.484593429486267,14.244593429486267
8147,8274,321.0,-39.475,176.475,17.740400817070622,15.814400817070622
8148,8561,942.0,-39.425,176.325,16.966809365083463,11.314809365083462
8149,8562,860.0,-39.425,176.375,17.234983091417234,12.074983091417234
8150,8563,742.0,-39.425,176.425,17.49290105784894,13.04090105784894
8151,8564,329.0,-39.425,176.475,17.7389390002063,15.7649390002063
8152,8666,396.0,-39.525,176.325,16.908357816835633,14.532357816835633
8153,8667,241.0,-39.525,176.375,17.19740351472865,15.751403514728649
8154,8668,397.0,-39.525,176.425,17.473492518882267,15.091492518882268
8155,8669,282.0,-39.525,176.475,17.733567128016148,16.041567128016148
8156,7918,175.0,-39.575,176.525,17.95383707259316,16.90383707259316
8157,7919,141.0,-39.575,176.575,18.16064532098244,17.31464532098244
8158,8061,132.0,-39.575,176.625,18.332646907132585,17.540646907132583
8159,8277,245.0,-39.475,176.525,17.980086390074575,16.510086390074576
8160,8280,166.0,-39.475,176.575,18.197200608148705,17.201200608148707
8161,8286,190.0,-39.475,176.625,18.385680137667805,17.245680137667804
8162,8565,282.0,-39.425,176.525,17.971605636179447,16.279605636179447
8163,8566,264.0,-39.425,176.575,18.183124115370447,16.599124115370447
8164,8567,195.0,-39.425,176.625,18.36772165822913,17.197721658229128
8165,8670,280.0,-39.525,176.525,17.973827254463686,16.293827254463686
8166,8671,249.0,-39.525,176.575,18.188809924642555,16.694809924642556
8167,8672,159.0,-39.525,176.625,18.372322249633726,17.418322249633725
8168,8126,123.0,-39.575,176.675,18.462330104637658,17.72433010463766
8169,8127,40.0,-39.575,176.725,18.539832400449086,18.299832400449088
8170,8128,20.0,-39.575,176.775,18.550955507409526,18.430955507409525
8171,8129,12.0,-39.575,176.825,18.475029020599322,18.403029020599323
8172,8290,122.0,-39.475,176.675,18.540045242669294,17.808045242669294
8173,8295,165.0,-39.475,176.725,18.654886380943935,17.664886380943937
8174,8300,111.0,-39.475,176.775,18.724867130396888,18.058867130396887
8175,8305,78.0,-39.475,176.825,18.74432601223816,18.27632601223816
8176,8568,190.0,-39.425,176.675,18.520242767612217,17.380242767612216
8177,8569,160.0,-39.425,176.725,18.635380438237917,17.675380438237916
8178,8570,197.0,-39.425,176.775,18.70669268601341,17.524692686013413
8179,8571,19.0,-39.425,176.825,18.72337281345972,18.609372813459718
8180,8673,79.0,-39.525,176.675,18.51774978337926,18.04374978337926
8181,8674,97.0,-39.525,176.725,18.617519173858454,18.035519173858454
8182,8675,37.0,-39.525,176.775,18.662674391496694,18.440674391496692
8183,8676,41.0,-39.525,176.825,18.643655657826457,18.39765565782646
8184,8130,6.0,-39.575,176.875,18.293208343704464,18.257208343704463
8185,8131,1.0,-39.575,176.925,18.056542129517766,18.050542129517765
8186,8310,1.0,-39.475,176.875,18.69811231852509,18.69211231852509
8187,8572,3.0,-39.425,176.875,18.66108950600028,18.64308950600028
8188,8677,9.0,-39.525,176.875,18.55261278836406,18.49861278836406
8189,8451,27.0,-39.275,173.775,18.04654154292075,17.88454154292075
8190,8846,17.0,-39.325,173.775,18.015102605786524,17.913102605786523
8191,8573,58.0,-39.375,173.825,17.891960706867394,17.543960706867395
8192,8574,114.0,-39.375,173.875,17.788795880027465,17.104795880027464
8193,8575,202.0,-39.375,173.925,17.680560516091646,16.468560516091646
8194,8576,298.0,-39.375,173.975,17.56856844035792,15.780568440357921
8195,8588,117.0,-39.275,173.825,17.941958637122298,17.2399586371223
8196,8596,200.0,-39.275,173.875,17.828493403678294,16.628493403678295
8197,8600,288.0,-39.275,173.925,17.705155496645602,15.977155496645603
8198,8604,501.0,-39.275,173.975,17.571449827213655,14.565449827213655
8199,8849,87.0,-39.325,173.825,17.913127288775286,17.391127288775287
8200,8852,163.0,-39.325,173.875,17.80371862964239,16.825718629642388
8201,8855,288.0,-39.325,173.925,17.686699242854957,15.958699242854957
8202,8858,461.0,-39.325,173.975,17.56265543648624,14.796655436486239
8203,8895,74.0,-39.225,173.825,17.97940407524584,17.53540407524584
8204,8896,144.0,-39.225,173.875,17.864751104498282,17.00075110449828
8205,8897,220.0,-39.225,173.925,17.73870817759598,16.41870817759598
8206,8898,509.0,-39.225,173.975,17.599362435372313,14.545362435372313
8207,8577,428.0,-39.375,174.025,17.455344313028036,14.887344313028036
8208,8578,504.0,-39.375,174.075,17.34488705806143,14.32088705806143
8209,8579,470.0,-39.375,174.125,17.242344568658154,14.422344568658154
8210,8608,857.0,-39.275,174.025,17.42863469722215,12.286634697222151
8211,8612,1244.0,-39.275,174.075,17.282013643954997,9.818013643954998
8212,8616,746.0,-39.275,174.125,17.142942000195035,12.666942000195036
8213,8861,820.0,-39.325,174.025,17.43376420538698,12.51376420538698
8214,8864,1142.0,-39.325,174.075,17.304767321344116,10.452767321344115
8215,8867,736.0,-39.325,174.125,17.183257242984837,12.767257242984837
8216,8899,1047.0,-39.225,174.025,17.445829295844305,11.163829295844305
8217,8900,623.0,-39.225,174.075,17.282243189154542,13.544243189154543
8218,8901,471.0,-39.225,174.125,17.124342678580433,14.298342678580433
8219,8580,421.0,-39.375,174.175,17.15295843326021,14.62695843326021
8220,8581,340.0,-39.375,174.225,17.081502464294317,15.041502464294318
8221,8582,279.0,-39.375,174.275,17.03575324176927,15.361753241769271
8222,8583,241.0,-39.375,174.325,17.03478030723636,15.58878030723636
8223,8620,514.0,-39.275,174.175,17.027152692418895,13.943152692418895
8224,8625,380.0,-39.275,174.225,16.949129205575446,14.669129205575446
8225,8630,314.0,-39.275,174.275,16.919397317571566,15.035397317571565
8226,8715,274.0,-39.275,174.325,16.94613146795018,15.302131467950181
8227,8902,365.0,-39.225,174.175,16.998824329246418,14.808824329246418
8228,8903,294.0,-39.225,174.225,16.928133343477384,15.164133343477385
8229,8904,230.0,-39.225,174.275,16.918518055899767,15.538518055899768
8230,8905,220.0,-39.225,174.325,16.96358155013877,15.64358155013877
8231,8920,546.0,-39.325,174.175,17.078344720823225,13.802344720823225
8232,8922,417.0,-39.325,174.225,16.998641119047534,14.496641119047535
8233,8924,329.0,-39.325,174.275,16.95334382323199,14.97934382323199
8234,8925,264.0,-39.325,174.325,16.96460124825535,15.38060124825535
8235,8041,256.0,-39.375,174.375,17.082317602049443,15.546317602049443
8236,8109,194.0,-39.375,174.425,17.159169983686297,15.995169983686297
8237,8111,163.0,-39.375,174.475,17.254070253504324,16.276070253504322
8238,8113,220.0,-39.375,174.525,17.360145639497205,16.040145639497204
8239,8717,200.0,-39.275,174.375,17.0227579207276,15.8227579207276
8240,8719,217.0,-39.275,174.425,17.12874194001779,15.82674194001779
8241,8723,222.0,-39.275,174.475,17.248936660631443,15.916936660631443
8242,8727,187.0,-39.275,174.525,17.374477045523236,16.252477045523236
8243,8906,242.0,-39.225,174.375,17.04974367887189,15.597743678871892
8244,8907,120.0,-39.225,174.425,17.160739877377637,16.440739877377638
8245,8908,158.0,-39.225,174.475,17.283515554328915,16.335515554328914
8246,8909,228.0,-39.225,174.525,17.40958408638835,16.04158408638835
8247,8926,200.0,-39.325,174.375,17.033075977640692,15.833075977640693
8248,8927,200.0,-39.325,174.425,17.129285383576644,15.929285383576644
8249,8928,253.0,-39.325,174.475,17.240501266613137,15.722501266613136
8250,8929,213.0,-39.325,174.525,17.35928106600477,16.08128106600477
8251,8115,388.0,-39.375,174.575,17.472305637333193,15.144305637333193
8252,8117,470.0,-39.375,174.625,17.58636465021118,14.76636465021118
8253,8119,669.0,-39.375,174.675,17.698566941398894,13.684566941398895
8254,8731,179.0,-39.275,174.575,17.499817761970917,16.425817761970915
8255,8735,180.0,-39.275,174.625,17.621053702925565,16.541053702925566
8256,8739,266.0,-39.275,174.675,17.73504017482628,16.13904017482628
8257,8910,199.0,-39.225,174.575,17.53355295449728,16.339552954497282
8258,8911,291.0,-39.225,174.625,17.651710632897448,15.905710632897447
8259,8912,289.0,-39.225,174.675,17.76117502566194,16.02717502566194
8260,8930,217.0,-39.325,174.575,17.480491515249014,16.178491515249014
8261,8931,272.0,-39.325,174.625,17.600167477037758,15.968167477037758
8262,8932,180.0,-39.325,174.675,17.714892792864703,16.634892792864704
8263,8001,138.0,-39.225,174.825,18.012459861958632,17.184459861958633
8264,8003,309.0,-39.225,174.875,18.062090143735986,16.208090143735987
8265,8122,517.0,-39.375,174.725,17.80524723639246,14.70324723639246
8266,8141,423.0,-39.375,174.775,17.902568807039643,15.364568807039642
8267,8145,478.0,-39.375,174.825,17.98633191382396,15.11833191382396
8268,8153,647.0,-39.375,174.875,18.05186816173955,14.169868161739549
8269,8743,326.0,-39.275,174.725,17.83890928523033,15.88290928523033
8270,8747,235.0,-39.275,174.775,17.929788931272924,16.519788931272924
8271,8816,117.0,-39.275,174.825,18.004636772646336,17.302636772646338
8272,8817,179.0,-39.275,174.875,18.060154031263664,16.986154031263663
8273,8913,445.0,-39.225,174.725,17.859421841450967,15.189421841450967
8274,8914,373.0,-39.225,174.775,17.94401722299517,15.706017222995172
8275,8933,258.0,-39.325,174.725,17.821411388373235,16.273411388373233
8276,8934,367.0,-39.325,174.775,17.916367208294105,15.714367208294105
8277,8935,326.0,-39.325,174.825,17.99613475726801,16.04013475726801
8278,8936,265.0,-39.325,174.875,18.056732837372692,16.466732837372692
8279,8004,213.0,-39.225,174.925,18.090046013647225,16.812046013647226
8280,8005,285.0,-39.225,174.975,18.093247192096896,16.383247192096896
8281,8006,472.0,-39.225,175.025,18.068383341596927,15.236383341596927
8282,8415,691.0,-39.375,174.925,18.094052455882775,13.948052455882774
8283,8430,340.0,-39.375,174.975,18.10747426119633,16.06747426119633
8284,8438,174.0,-39.375,175.025,18.08680711701163,17.04280711701163
8285,8818,87.0,-39.275,174.925,18.092767960071797,17.570767960071798
8286,8819,88.0,-39.275,174.975,18.098680335242534,17.570680335242535
8287,8820,303.0,-39.275,175.025,18.073984802060295,16.255984802060294
8288,8937,311.0,-39.325,174.925,18.093831387202954,16.227831387202954
8289,8938,104.0,-39.325,174.975,18.102870039176196,17.478870039176197
8290,8939,373.0,-39.325,175.025,18.07930985276471,15.84130985276471
8291,8007,331.0,-39.225,175.075,18.01189562829677,16.02589562829677
8292,8008,608.0,-39.225,175.125,17.920058631512802,14.272058631512802
8293,8009,346.0,-39.225,175.175,17.789645709330216,15.713645709330216
8294,8010,588.0,-39.225,175.225,17.61994772023172,14.09194772023172
8295,8443,289.0,-39.375,175.075,18.027386673609726,16.293386673609724
8296,8450,250.0,-39.375,175.125,17.92594102091971,16.42594102091971
8297,8587,348.0,-39.375,175.175,17.78132503599045,15.693325035990448
8298,8589,605.0,-39.375,175.225,17.59504646761343,13.96504646761343
8299,8821,348.0,-39.275,175.075,18.014879985741572,15.926879985741571
8300,8822,403.0,-39.275,175.125,17.918079014285468,15.500079014285468
8301,8823,433.0,-39.275,175.175,17.78161150260712,15.183611502607121
8302,8841,416.0,-39.275,175.225,17.60605932987528,15.110059329875279
8303,8940,383.0,-39.325,175.075,18.019040549057536,15.721040549057536
8304,8941,361.0,-39.325,175.125,17.918964261130895,15.752964261130895
8305,8942,475.0,-39.325,175.175,17.77774478343781,14.927744783437811
8306,8943,428.0,-39.325,175.225,17.596579179313267,15.028579179313267
8307,8011,664.0,-39.225,175.275,17.41519743410754,13.43119743410754
8308,8012,612.0,-39.225,175.325,17.184226470271824,13.512226470271823
8309,8013,744.0,-39.225,175.375,16.937798804574413,12.473798804574413
8310,8591,561.0,-39.375,175.275,17.371402502176352,14.005402502176352
8311,8593,593.0,-39.375,175.325,17.11719435584382,13.559194355843822
8312,8595,644.0,-39.375,175.375,16.841178887843853,12.977178887843852
8313,8844,520.0,-39.275,175.275,17.39557181383134,14.275571813831338
8314,8847,715.0,-39.275,175.325,17.15767662311555,12.86767662311555
8315,8850,765.0,-39.275,175.375,16.90206037450116,12.312060374501161
8316,8944,474.0,-39.325,175.275,17.37964614102384,14.535646141023841
8317,8945,606.0,-39.325,175.325,17.133921586239012,13.497921586239013
8318,8946,763.0,-39.325,175.375,16.86848669941537,12.290486699415371
8319,8014,1195.0,-39.225,175.425,16.686851280159317,9.516851280159319
8320,8015,1142.0,-39.225,175.475,16.442254473018693,9.590254473018692
8321,8016,1307.0,-39.225,175.525,16.2156457133824,8.373645713382402
8322,8017,1489.0,-39.225,175.575,16.021019724430516,7.087019724430517
8323,8598,909.0,-39.375,175.425,16.553493269864703,11.099493269864702
8324,8602,860.0,-39.375,175.475,16.265169485704973,11.105169485704973
8325,8606,930.0,-39.375,175.525,15.987636449193815,10.407636449193815
8326,8610,944.0,-39.375,175.575,15.732042131130584,10.068042131130584
8327,8853,909.0,-39.275,175.425,16.63945126021281,11.185451260212808
8328,8856,1138.0,-39.275,175.475,16.381201800424606,9.553201800424606
8329,8859,1820.0,-39.275,175.525,16.139368513860973,5.219368513860973
8330,8862,2469.0,-39.275,175.575,15.92562685534358,1.1116268553435802
8331,8947,881.0,-39.325,175.425,16.593789540609578,11.307789540609576
8332,8948,1074.0,-39.325,175.475,16.321146952919662,9.877146952919663
8333,8949,1478.0,-39.325,175.525,16.06228200797341,7.19428200797341
8334,8950,1706.0,-39.325,175.575,15.828245072712889,5.59224507271289
8335,8018,1295.0,-39.225,175.625,15.86369629186811,8.09369629186811
8336,8019,1140.0,-39.225,175.675,15.743628555850592,8.903628555850592
8337,8020,970.0,-39.225,175.725,15.662528965476668,9.842528965476667
8338,8021,911.0,-39.225,175.775,15.62170195899671,10.15570195899671
8339,8614,965.0,-39.375,175.625,15.508579366491176,9.718579366491177
8340,8618,943.0,-39.375,175.675,15.32623389895889,9.66823389895889
8341,8622,897.0,-39.375,175.725,15.19271304178983,9.810713041789828
8342,8627,879.0,-39.375,175.775,15.113938837486785,9.839938837486786
8343,8865,1590.0,-39.275,175.625,15.74738321689074,6.20738321689074
8344,8868,1225.0,-39.275,175.675,15.608345738000935,8.258345738000935
8345,8869,1077.0,-39.275,175.725,15.511550968803931,9.049550968803931
8346,8870,1094.0,-39.275,175.775,15.459321014030138,8.895321014030138
8347,8951,1350.0,-39.325,175.625,15.627925333887106,7.527925333887106
8348,8952,1086.0,-39.325,175.675,15.467961769580143,8.951961769580144
8349,8953,1054.0,-39.325,175.725,15.353583598684054,9.029583598684056
8350,8954,1125.0,-39.325,175.775,15.2886345636216,8.5386345636216
8351,8022,1106.0,-39.225,175.825,15.62131066044094,8.985310660440941
8352,8023,1211.0,-39.225,175.875,15.660181631712476,8.394181631712478
8353,8024,1635.0,-39.225,175.925,15.735794812295353,5.9257948122953525
8354,8632,1109.0,-39.375,175.825,15.093123677157564,8.439123677157564
8355,8714,1056.0,-39.375,175.875,15.130019752657972,8.794019752657972
8356,8720,1137.0,-39.375,175.925,15.220898917148588,8.398898917148589
8357,8871,1459.0,-39.275,175.825,15.45256685835193,6.6985668583519296
8358,8872,1243.0,-39.275,175.875,15.490402339230059,8.03240233923006
8359,8873,1402.0,-39.275,175.925,15.570095764327561,7.1580957643275624
8360,8955,1228.0,-39.325,175.825,15.274983895855257,7.906983895855258
8361,8956,1107.0,-39.325,175.875,15.3120374539576,8.670037453957601
8362,8957,1244.0,-39.325,175.925,15.396694774157368,7.932694774157368
8363,8025,912.0,-39.225,175.975,15.844366673118202,10.372366673118202
8364,8026,1323.0,-39.225,176.025,15.981081981241005,8.043081981241006
8365,8027,1291.0,-39.225,176.075,16.14049221322057,8.39449221322057
8366,8028,1112.0,-39.225,176.125,16.316978009941522,9.644978009941521
8367,8724,1053.0,-39.375,175.975,15.359330945939291,9.041330945939292
8368,8728,778.0,-39.375,176.025,15.537352104467573,10.869352104467573
8369,8732,976.0,-39.375,176.075,15.74654254966299,9.89054254966299
8370,8736,880.0,-39.375,176.125,15.978768410946941,10.69876841094694
8371,8874,861.0,-39.275,175.975,15.687303164653713,10.521303164653713
8372,8875,1156.0,-39.275,176.025,15.836506400286453,8.900506400286453
8373,8876,1086.0,-39.275,176.075,16.011548552749446,9.495548552749447
8374,8877,1126.0,-39.275,176.125,16.206144963012775,9.450144963012775
8375,8958,1255.0,-39.325,175.975,15.523777947149938,7.993777947149938
8376,8959,1067.0,-39.325,176.025,15.686746362393023,9.284746362393022
8377,8960,1030.0,-39.325,176.075,15.878450783580774,9.698450783580775
8378,8961,891.0,-39.325,176.125,16.091750091989525,10.745750091989525
8379,8029,1327.0,-39.225,176.175,16.505136002087966,8.543136002087966
8380,8030,1253.0,-39.225,176.225,16.7000033162185,9.1820033162185
8381,8031,1346.0,-39.225,176.275,16.89711102307774,8.82111102307774
8382,8107,1075.0,-39.325,176.225,16.5568856135651,10.106885613565101
8383,8124,797.0,-39.325,176.275,16.797270044859033,12.015270044859033
8384,8740,911.0,-39.375,176.175,16.22658236231655,10.76058236231655
8385,8744,1147.0,-39.375,176.225,16.483379844168667,9.601379844168665
8386,8748,1186.0,-39.375,176.275,16.743415888369782,9.627415888369782
8387,8878,1061.0,-39.275,176.175,16.414275433082366,10.048275433082367
8388,8879,1108.0,-39.275,176.225,16.6304176201229,9.982417620122899
8389,8880,1062.0,-39.275,176.275,16.849633961275686,10.477633961275686
8390,8962,965.0,-39.325,176.175,16.319922801514622,10.529922801514623
8391,8032,1373.0,-39.225,176.325,17.09241060022032,8.85441060022032
8392,8033,1181.0,-39.225,176.375,17.28212370153051,10.196123701530508
8393,8034,932.0,-39.225,176.425,17.462534373276867,11.870534373276868
8394,8035,585.0,-39.225,176.475,17.629721292847535,14.119721292847535
8395,8140,1288.0,-39.325,176.325,17.0364186220977,9.3084186220977
8396,8146,1120.0,-39.325,176.375,17.2703527653357,10.550352765335703
8397,8154,769.0,-39.325,176.425,17.495705507928506,12.881705507928505
8398,8416,556.0,-39.325,176.475,17.709376142185647,14.373376142185647
8399,8825,688.0,-39.375,176.325,17.001766583154676,12.873766583154676
8400,8827,703.0,-39.375,176.375,17.25430854645674,13.036308546456741
8401,8829,460.0,-39.375,176.425,17.497810943052173,14.737810943052173
8402,8831,577.0,-39.375,176.475,17.730039653280983,14.268039653280983
8403,8881,933.0,-39.275,176.325,17.06755359887029,11.469553598870291
8404,8882,1568.0,-39.275,176.375,17.28028446622193,7.872284466221929
8405,8883,891.0,-39.275,176.425,17.484238312434172,12.138238312434172
8406,8884,641.0,-39.275,176.475,17.675779901852366,13.829779901852365
8407,8036,500.0,-39.225,176.525,17.779280822753208,14.779280822753208
8408,8037,665.0,-39.225,176.575,17.906170247792033,13.916170247792033
8409,8038,572.0,-39.225,176.625,18.00471887376625,14.57271887376625
8410,8417,559.0,-39.325,176.525,17.907547420763876,14.553547420763877
8411,8418,567.0,-39.325,176.575,18.085070922679733,14.683070922679734
8412,8419,361.0,-39.325,176.625,18.2360616310325,16.070061631032498
8413,8832,299.0,-39.375,176.525,17.947894660697784,16.153894660697784
8414,8833,260.0,-39.375,176.575,18.145561629382428,16.58556162938243
8415,8835,277.0,-39.375,176.625,18.317045893374598,16.6550458933746
8416,8885,610.0,-39.275,176.525,17.850718416186282,14.190718416186282
8417,8886,520.0,-39.275,176.575,18.004009042924736,14.884009042924735
8418,8887,414.0,-39.275,176.625,18.129849928052863,15.645849928052863
8419,8039,722.0,-39.225,176.675,18.068695975962328,13.736695975962327
8420,8040,476.0,-39.225,176.725,18.09137700573774,15.23537700573774
8421,8042,305.0,-39.225,176.775,18.065769555658335,16.235769555658337
8422,8043,242.0,-39.225,176.825,17.98534962226404,16.53334962226404
8423,8420,239.0,-39.325,176.675,18.3541814123746,16.9201814123746
8424,8421,350.0,-39.325,176.725,18.43213516435935,16.33213516435935
8425,8422,248.0,-39.325,176.775,18.46077866392443,16.97277866392443
8426,8433,296.0,-39.325,176.825,18.428471168794204,16.652471168794204
8427,8836,333.0,-39.375,176.675,18.456575017800787,16.458575017800786
8428,8837,200.0,-39.375,176.725,18.5577007632819,17.3577007632819
8429,8838,186.0,-39.375,176.775,18.611853047594195,17.495853047594196
8430,8840,234.0,-39.375,176.825,18.605874109547585,17.201874109547585
8431,8888,336.0,-39.275,176.675,18.22176787329954,16.205767873299543
8432,8889,378.0,-39.275,176.725,18.27244626445463,16.00444626445463
8433,8890,180.0,-39.275,176.775,18.273528491787147,17.19352849178715
8434,8891,460.0,-39.275,176.825,18.216015559766674,15.456015559766675
8435,8044,278.0,-39.225,176.875,17.84562912216643,16.17762912216643
8436,8045,283.0,-39.225,176.925,17.646349277347326,15.948349277347326
8437,8046,307.0,-39.225,176.975,17.39319180836901,15.55119180836901
8438,8047,267.0,-39.225,177.025,17.09769934407086,15.49569934407086
8439,8434,182.0,-39.325,176.875,18.322609339811606,17.230609339811608
8440,8444,54.0,-39.325,176.925,18.135962760308757,17.811962760308756
8441,8843,22.0,-39.375,176.875,18.520461482781684,18.388461482781683
8442,8892,381.0,-39.275,176.875,18.092198761209147,15.806198761209147
8443,8893,304.0,-39.275,176.925,17.89944877580274,16.07544877580274
8444,8894,132.0,-39.275,176.975,17.643819163844455,16.851819163844453
8445,8048,185.0,-39.225,177.875,17.13812200014945,16.02812200014945
8446,8049,61.0,-39.175,173.875,17.912268249609042,17.546268249609042
8447,8050,141.0,-39.175,173.925,17.787700199260144,16.941700199260143
8448,8051,453.0,-39.175,173.975,17.64826471079141,14.930264710791409
8449,8164,41.0,-39.125,173.975,17.715261558405473,17.469261558405474
8450,8052,358.0,-39.175,174.025,17.489641380496323,15.341641380496323
8451,8053,307.0,-39.175,174.075,17.310041206379537,15.468041206379537
8452,8054,281.0,-39.175,174.125,17.127182151161833,15.441182151161833
8453,8165,142.0,-39.125,174.025,17.560439353168476,16.708439353168476
8454,8166,160.0,-39.125,174.075,17.370620209840126,16.410620209840125
8455,8167,153.0,-39.125,174.125,17.15015654664603,16.23215654664603
8456,8232,25.0,-39.075,174.025,17.6453946216061,17.495394621606103
8457,8233,43.0,-39.075,174.075,17.461969351497828,17.20396935149783
8458,8234,80.0,-39.075,174.125,17.192289708007593,16.712289708007592
8459,8055,254.0,-39.175,174.175,16.988538655030425,15.464538655030424
8460,8056,207.0,-39.175,174.225,16.930766827601474,15.688766827601475
8461,8057,172.0,-39.175,174.275,16.94816995304427,15.916169953044271
8462,8058,184.0,-39.175,174.325,17.01554986303381,15.911549863033812
8463,8168,169.0,-39.125,174.175,16.992202192006516,15.978202192006517
8464,8169,177.0,-39.125,174.225,16.96274767840805,15.90074767840805
8465,8170,146.0,-39.125,174.275,17.01999724295456,16.14399724295456
8466,8171,117.0,-39.125,174.325,17.110284433001652,16.408284433001654
8467,8235,87.0,-39.075,174.175,17.017315169403446,16.495315169403447
8468,8236,109.0,-39.075,174.225,17.05712511013553,16.40312511013553
8469,8237,86.0,-39.075,174.275,17.160835563088767,16.64483556308877
8470,8238,144.0,-39.075,174.325,17.25829924934078,16.39429924934078
8471,8059,188.0,-39.175,174.375,17.11232371222286,15.98432371222286
8472,8060,122.0,-39.175,174.425,17.225091949134367,16.493091949134367
8473,8065,258.0,-39.175,174.475,17.344863418780733,15.796863418780733
8474,8066,110.0,-39.175,174.525,17.46546670497628,16.80546670497628
8475,8172,187.0,-39.125,174.375,17.212703839933965,16.090703839933965
8476,8173,162.0,-39.125,174.425,17.320853702054592,16.34885370205459
8477,8174,166.0,-39.125,174.475,17.431162398454035,16.435162398454036
8478,8175,187.0,-39.125,174.525,17.54035953542916,16.41835953542916
8479,8239,135.0,-39.075,174.375,17.351351198769407,16.54135119876941
8480,8240,266.0,-39.075,174.425,17.444297652837122,15.848297652837122
8481,8241,68.0,-39.075,174.475,17.537711001961725,17.129711001961724
8482,8242,247.0,-39.075,174.525,17.629928725480568,16.14792872548057
8483,8067,201.0,-39.175,174.575,17.582554609631188,16.37655460963119
8484,8068,235.0,-39.175,174.625,17.6928899983468,16.2828899983468
8485,8069,201.0,-39.175,174.675,17.79388211123296,16.58788211123296
8486,8176,196.0,-39.125,174.575,17.645366512500914,16.469366512500915
8487,8177,254.0,-39.125,174.625,17.743436966848094,16.219436966848093
8488,8178,347.0,-39.125,174.675,17.832202689140104,15.750202689140103
8489,8243,204.0,-39.075,174.575,17.71840312742279,16.49440312742279
8490,8244,198.0,-39.075,174.625,17.800488423963543,16.612488423963544
8491,8245,225.0,-39.075,174.675,17.87382795434678,16.52382795434678
8492,8070,217.0,-39.175,174.725,17.883297242980916,16.581297242980916
8493,8071,269.0,-39.175,174.775,17.959068381547695,16.345068381547694
8494,8072,314.0,-39.175,174.825,18.019161469419487,16.135161469419486
8495,8073,313.0,-39.175,174.875,18.06148181189201,16.18348181189201
8496,8179,229.0,-39.125,174.725,17.90963286344777,16.53563286344777
8497,8180,393.0,-39.125,174.775,17.973940836905967,15.615940836905967
8498,8181,224.0,-39.125,174.825,18.023470330692362,16.67947033069236
8499,8182,261.0,-39.125,174.875,18.056590341293486,16.490590341293487
8500,8246,351.0,-39.075,174.725,17.936476488801418,15.830476488801418
8501,8247,282.0,-39.075,174.775,17.986850566754583,16.294850566754583
8502,8248,188.0,-39.075,174.825,18.02359238389181,16.89559238389181
8503,8249,115.0,-39.075,174.875,18.045423141506035,17.355423141506034
8504,8074,372.0,-39.175,174.925,18.083811064250767,15.851811064250768
8505,8075,247.0,-39.175,174.975,18.083754149382003,16.601754149382003
8506,8076,433.0,-39.175,175.025,18.05864902434405,15.46064902434405
8507,8183,226.0,-39.125,174.925,18.071614892891375,16.715614892891374
8508,8184,138.0,-39.125,174.975,18.066738985828124,17.238738985828125
8509,8185,277.0,-39.125,175.025,18.039945481024915,16.377945481024916
8510,8250,232.0,-39.075,174.925,18.051030121714575,16.659030121714576
8511,8251,364.0,-39.075,174.975,18.03898977531935,15.85498977531935
8512,8252,281.0,-39.075,175.025,18.007688459794736,16.321688459794736
8513,8077,388.0,-39.175,175.075,18.005353741289582,15.677353741289583
8514,8078,410.0,-39.175,175.125,17.919826816825662,15.459826816825663
8515,8079,578.0,-39.175,175.175,17.796913005469833,14.328913005469833
8516,8080,559.0,-39.175,175.225,17.633033420454012,14.279033420454013
8517,8108,419.0,-39.075,175.075,17.95514906110475,15.441149061104749
8518,8123,371.0,-39.075,175.125,17.878528376924805,15.652528376924806
8519,8136,215.0,-39.075,175.175,17.772344625700498,16.4823446257005
8520,8152,200.0,-39.075,175.225,17.618729094945593,16.418729094945594
8521,8186,269.0,-39.125,175.075,17.98877043221728,16.37477043221728
8522,8187,142.0,-39.125,175.125,17.909631092945347,17.057631092945346
8523,8188,443.0,-39.125,175.175,17.795897905918537,15.137897905918537
8524,8189,371.0,-39.125,175.225,17.637433039664757,15.411433039664757
8525,8081,300.0,-39.175,175.275,17.432751481974265,15.632751481974264
8526,8082,565.0,-39.175,175.325,17.207843358104583,13.817843358104582
8527,8083,837.0,-39.175,175.375,16.970646992122056,11.948646992122057
8528,8190,392.0,-39.125,175.275,17.439868185203522,15.087868185203522
8529,8191,353.0,-39.125,175.325,17.221152286889264,15.103152286889264
8530,8192,636.0,-39.125,175.375,16.99447704665363,13.17847704665363
8531,8254,306.0,-39.075,175.275,17.425516364572104,15.589516364572104
8532,8259,415.0,-39.075,175.325,17.216456996335182,14.726456996335182
8533,8273,541.0,-39.075,175.375,17.003299094067188,13.757299094067188
8534,8084,846.0,-39.175,175.425,16.732101761037484,11.656101761037483
8535,8085,878.0,-39.175,175.475,16.502397672564257,11.234397672564256
8536,8086,997.0,-39.175,175.525,16.29224650733522,10.310246507335222
8537,8087,1175.0,-39.175,175.575,16.115000045567285,9.065000045567285
8538,8193,740.0,-39.125,175.425,16.770031862775795,12.330031862775794
8539,8194,782.0,-39.125,175.475,16.557136534655,11.865136534655
8540,8195,883.0,-39.125,175.525,16.36534546254552,11.06734546254552
8541,8196,1044.0,-39.125,175.575,16.2037349108723,9.9397349108723
8542,8276,960.0,-39.075,175.425,16.794976574048633,11.034976574048633
8543,8281,691.0,-39.075,175.475,16.599612663820153,12.453612663820152
8544,8283,805.0,-39.075,175.525,16.42506105490611,11.59506105490611
8545,8285,790.0,-39.075,175.575,16.27812054619426,11.538120546194259
8546,8088,1555.0,-39.175,175.625,15.974850305356085,6.644850305356085
8547,8089,1268.0,-39.175,175.675,15.870532157714479,8.262532157714478
8548,8090,1026.0,-39.175,175.725,15.80273612763267,9.646736127632671
8549,8091,806.0,-39.175,175.775,15.77176040894119,10.93576040894119
8550,8197,1595.0,-39.125,175.625,16.076744415418943,6.506744415418945
8551,8198,1554.0,-39.125,175.675,15.984866639046231,6.660866639046231
8552,8199,986.0,-39.125,175.725,15.927968303818488,10.011968303818488
8553,8200,710.0,-39.125,175.775,15.905290867085569,11.645290867085569
8554,8289,906.0,-39.075,175.625,16.16302001438453,10.727020014384529
8555,8294,789.0,-39.075,175.675,16.081406329700258,11.347406329700258
8556,8299,564.0,-39.075,175.725,16.033381584158633,12.649381584158633
8557,8304,581.0,-39.075,175.775,16.017640134872636,12.531640134872635
8558,8092,983.0,-39.175,175.825,15.776965509314323,9.878965509314323
8559,8093,1008.0,-39.175,175.875,15.816825703746872,9.768825703746872
8560,8094,1236.0,-39.175,175.925,15.888963868608698,8.472963868608698
8561,8201,644.0,-39.125,175.825,15.915208218619227,12.051208218619227
8562,8202,971.0,-39.125,175.875,15.95576537764282,10.12976537764282
8563,8203,1314.0,-39.125,175.925,16.02484922253643,8.140849222536431
8564,8309,496.0,-39.075,175.825,16.031350599514553,13.055350599514554
8565,8314,622.0,-39.075,175.875,16.072021901229164,12.340021901229164
8566,8319,1020.0,-39.075,175.925,16.138402797660092,10.018402797660093
8567,8095,1150.0,-39.175,175.975,15.989995964249829,9.08999596424983
8568,8096,1074.0,-39.175,176.025,16.11553315684432,9.671533156844323
8569,8097,1177.0,-39.175,176.075,16.260529880819377,9.198529880819377
8570,8098,1419.0,-39.175,176.125,16.419798782415455,7.905798782415456
8571,8204,1432.0,-39.125,175.975,16.119437614048366,7.527437614048365
8572,8205,1198.0,-39.125,176.025,16.235269948403584,9.047269948403585
8573,8206,1360.0,-39.125,176.075,16.367325780942338,8.207325780942337
8574,8207,1270.0,-39.125,176.125,16.510566043143626,8.890566043143627
8575,8324,1010.0,-39.075,175.975,16.227872687450144,10.167872687450146
8576,8329,1187.0,-39.075,176.025,16.335843088454567,9.213843088454567
8577,8334,942.0,-39.075,176.075,16.456799364998005,10.804799364998004
8578,8335,1071.0,-39.075,176.125,16.58550239575561,10.159502395755611
8579,8099,1006.0,-39.175,176.175,16.58844177276478,10.55244177276478
8580,8100,1095.0,-39.175,176.225,16.762054613238433,10.192054613238433
8581,8101,1279.0,-39.175,176.275,16.93669936741935,9.262699367419351
8582,8208,915.0,-39.125,176.175,16.66048844245961,11.17048844245961
8583,8209,823.0,-39.125,176.225,16.813293979503214,11.875293979503216
8584,8210,994.0,-39.125,176.275,16.965700444940012,11.001700444940013
8585,8336,1357.0,-39.075,176.175,16.71777586141252,8.57577586141252
8586,8337,1051.0,-39.075,176.225,16.850583969353465,10.544583969353464
8587,8338,620.0,-39.075,176.275,16.98153132587322,13.261531325873221
8588,8102,1236.0,-39.175,176.325,17.108729766507167,9.692729766507167
8589,8103,1002.0,-39.175,176.375,17.274568035965785,11.262568035965785
8590,8104,799.0,-39.175,176.425,17.430491708713816,12.636491708713816
8591,8105,597.0,-39.175,176.475,17.572451458574506,13.990451458574505
8592,8211,930.0,-39.125,176.325,17.11459264488076,11.534592644880759
8593,8212,571.0,-39.125,176.375,17.25669788592495,13.83069788592495
8594,8213,984.0,-39.125,176.425,17.38837736780988,11.48437736780988
8595,8214,794.0,-39.125,176.475,17.50553696663701,12.74153696663701
8596,8339,751.0,-39.075,176.325,17.10820905966102,12.602209059661021
8597,8340,991.0,-39.075,176.375,17.2277331284713,11.2817331284713
8598,8341,794.0,-39.075,176.425,17.336569875566056,12.572569875566057
8599,8342,943.0,-39.075,176.475,17.430578099330887,11.772578099330888
8600,8064,502.0,-39.175,176.575,17.795960670278873,14.783960670278873
8601,8106,453.0,-39.175,176.525,17.695941926183878,14.977941926183878
8602,8143,396.0,-39.175,176.625,17.867065122147324,15.491065122147324
8603,8215,605.0,-39.125,176.525,17.60363170230994,13.973631702309941
8604,8216,562.0,-39.125,176.575,17.677745033230167,14.305745033230167
8605,8217,541.0,-39.125,176.625,17.722732193826232,14.476732193826232
8606,8343,812.0,-39.075,176.525,17.505167578638066,12.633167578638066
8607,8344,582.0,-39.075,176.575,17.55550949429744,14.063509494297438
8608,8345,570.0,-39.075,176.625,17.57677295798203,14.15677295798203
8609,8148,503.0,-39.175,176.675,17.90350313449744,14.88550313449744
8610,8156,894.0,-39.175,176.725,17.899426324496744,12.535426324496743
8611,8157,442.0,-39.175,176.775,17.849286109645618,15.197286109645619
8612,8158,181.0,-39.175,176.825,17.74856532900594,16.662565329005943
8613,8218,374.0,-39.125,176.675,17.733424318314064,15.489424318314065
8614,8219,845.0,-39.125,176.725,17.70491434202995,12.634914342029951
8615,8220,879.0,-39.125,176.775,17.632977903238498,12.358977903238499
8616,8221,688.0,-39.125,176.825,17.514680692052934,13.386680692052934
8617,8346,674.0,-39.075,176.675,17.564387729216833,13.520387729216832
8618,8347,367.0,-39.075,176.725,17.514351324440213,15.312351324440213
8619,8348,527.0,-39.075,176.775,17.423607171251206,14.261607171251207
8620,8349,592.0,-39.075,176.825,17.290504561329726,13.738504561329727
8621,8159,292.0,-39.175,176.875,17.594903243269073,15.842903243269072
8622,8160,159.0,-39.175,176.925,17.389374721387867,16.435374721387866
8623,8161,93.0,-39.175,176.975,17.137353325786535,16.579353325786535
8624,8162,76.0,-39.175,177.025,16.8484193062759,16.3924193062759
8625,8222,487.0,-39.125,176.875,17.34914525647764,14.42714525647764
8626,8223,322.0,-39.125,176.925,17.13830218507792,15.206302185077918
8627,8224,148.0,-39.125,176.975,16.88733336608857,15.99933336608857
8628,8225,158.0,-39.125,177.025,16.604573168559,15.656573168559
8629,8350,464.0,-39.075,176.875,17.115300019620918,14.331300019620919
8630,8351,442.0,-39.075,176.925,16.900589253287762,14.248589253287763
8631,8352,295.0,-39.075,176.975,16.651519949256908,14.881519949256909
8632,8353,278.0,-39.075,177.025,16.37568155300687,14.707681553006871
8633,8226,141.0,-39.125,177.075,16.30088787758723,15.454887877587229
8634,8227,97.0,-39.125,177.125,15.988823584339116,15.406823584339115
8635,8228,60.0,-39.125,177.175,15.681899858027464,15.321899858027464
8636,8354,222.0,-39.075,177.075,16.082695432472974,14.750695432472973
8637,8355,121.0,-39.075,177.125,15.783662478846963,15.057662478846964
8638,8356,147.0,-39.075,177.175,15.490686273784377,14.608686273784377
8639,8357,94.0,-39.075,177.225,15.216674258903367,14.652674258903367
8640,8358,20.0,-39.075,177.275,14.975605811137939,14.85560581113794
8641,8359,20.0,-39.075,177.325,14.783598000998609,14.66359800099861
8642,8163,277.0,-39.175,177.875,17.277430800313596,15.615430800313597
8643,8229,183.0,-39.125,177.875,17.44033386959927,16.342333869599273
8644,8230,120.0,-39.125,177.925,17.794742607395165,17.074742607395166
8645,8360,22.0,-39.075,177.875,17.628345871111378,17.496345871111377
8646,8231,126.0,-39.125,177.975,18.129544575873297,17.373544575873296
8647,8361,30.0,-39.025,174.175,17.14565007085912,16.96565007085912
8648,8362,56.0,-39.025,174.225,17.308214247314027,16.972214247314028
8649,8363,69.0,-39.025,174.275,17.39152233270579,16.97752233270579
8650,8364,59.0,-39.025,174.325,17.455171852110652,17.101171852110653
8651,8365,50.0,-39.025,174.375,17.518511802045396,17.218511802045395
8652,8366,73.0,-39.025,174.425,17.58565970286145,17.14765970286145
8653,8367,149.0,-39.025,174.475,17.656084087007912,16.762084087007914
8654,8368,84.0,-39.025,174.525,17.72733053623233,17.22333053623233
8655,8629,24.0,-38.975,174.425,17.72902622059337,17.58502622059337
8656,8712,84.0,-38.975,174.475,17.77472424550797,17.270724245507967
8657,8716,54.0,-38.975,174.525,17.82390114001464,17.49990114001464
8658,8808,149.0,-38.925,174.525,17.910573494649725,17.016573494649727
8659,8369,146.0,-39.025,174.575,17.79626497812569,16.92026497812569
8660,8370,287.0,-39.025,174.625,17.85981546252151,16.13781546252151
8661,8371,193.0,-39.025,174.675,17.915404727915302,16.7574047279153
8662,8487,167.0,-38.875,174.575,17.992062140023336,16.990062140023337
8663,8488,49.0,-38.875,174.625,17.999504719453398,17.705504719453398
8664,8489,202.0,-38.875,174.675,17.998415750509594,16.786415750509594
8665,8718,78.0,-38.975,174.575,17.872354006307432,17.404354006307432
8666,8721,262.0,-38.975,174.625,17.91631892923033,16.34431892923033
8667,8725,210.0,-38.975,174.675,17.952911672531627,16.692911672531626
8668,8809,172.0,-38.925,174.575,17.939757249318063,16.907757249318063
8669,8810,144.0,-38.925,174.625,17.96461142107728,17.10061142107728
8670,8811,284.0,-38.925,174.675,17.982033738313476,16.278033738313475
8671,8372,298.0,-39.025,174.725,17.961096242856,16.173096242856
8672,8373,275.0,-39.025,174.775,17.995493806054583,16.345493806054584
8673,8374,189.0,-39.025,174.825,18.017509837663965,16.883509837663965
8674,8375,121.0,-39.025,174.875,18.0261320922873,17.3001320922873
8675,8490,97.0,-38.875,174.725,17.98809330939548,17.40609330939548
8676,8491,395.0,-38.875,174.775,17.969129042438,15.599129042437998
8677,8492,428.0,-38.875,174.825,17.941992681648117,15.373992681648117
8678,8493,391.0,-38.875,174.875,17.906481061305385,15.560481061305385
8679,8729,348.0,-38.975,174.725,17.980262753582792,15.892262753582791
8680,8733,284.0,-38.975,174.775,17.997273186250823,16.293273186250822
8681,8737,153.0,-38.975,174.825,18.003189835319063,17.085189835319063
8682,8741,212.0,-38.975,174.875,17.99724254728062,16.725242547280622
8683,8812,280.0,-38.925,174.725,17.99047972873086,16.31047972873086
8684,8813,320.0,-38.925,174.775,17.98943866576883,16.06943866576883
8685,8814,467.0,-38.925,174.825,17.978661091940012,15.176661091940012
8686,8815,277.0,-38.925,174.875,17.957651607110165,16.295651607110166
8687,8002,304.0,-38.925,174.925,17.92546968520037,16.10146968520037
8688,8110,186.0,-38.925,174.975,17.8806842212216,16.7646842212216
8689,8112,140.0,-38.925,175.025,17.82136479660403,16.98136479660403
8690,8376,221.0,-39.025,174.925,18.020257124706404,16.694257124706404
8691,8377,307.0,-39.025,174.975,17.998584768007277,16.156584768007278
8692,8378,280.0,-39.025,175.025,17.959515676106093,16.279515676106094
8693,8494,481.0,-38.875,174.925,17.861693880113307,14.975693880113308
8694,8495,178.0,-38.875,174.975,17.80615178545122,16.73815178545122
8695,8496,179.0,-38.875,175.025,17.737936163146514,16.663936163146513
8696,8745,301.0,-38.975,174.925,17.978428788948804,16.172428788948803
8697,8749,174.0,-38.975,174.975,17.945400349010015,16.901400349010014
8698,8750,140.0,-38.975,175.025,17.896364033425925,17.056364033425925
8699,8114,254.0,-38.925,175.075,17.745086498965975,16.221086498965974
8700,8116,176.0,-38.925,175.125,17.64910022652475,16.59310022652475
8701,8118,323.0,-38.925,175.175,17.5312303188839,15.593230318883899
8702,8120,178.0,-38.925,175.225,17.392449085164117,16.324449085164115
8703,8379,162.0,-39.025,175.075,17.90093683914165,16.92893683914165
8704,8380,271.0,-39.025,175.125,17.81961823106394,16.19361823106394
8705,8381,479.0,-39.025,175.175,17.709507965715602,14.835507965715601
8706,8382,481.0,-39.025,175.225,17.56188002062845,14.675880020628451
8707,8497,197.0,-38.875,175.075,17.65488520436338,16.472885204363383
8708,8498,401.0,-38.875,175.125,17.5550070690515,15.1490070690515
8709,8499,371.0,-38.875,175.175,17.437397385918302,15.211397385918303
8710,8500,248.0,-38.875,175.225,17.303928461275063,15.815928461275064
8711,8751,230.0,-38.975,175.075,17.828906094713602,16.448906094713603
8712,8752,267.0,-38.975,175.125,17.739706987835234,16.137706987835234
8713,8753,397.0,-38.975,175.175,17.62466064581531,15.242660645815311
8714,8754,249.0,-38.975,175.225,17.48193145749974,15.98793145749974
8715,8125,210.0,-38.925,175.275,17.240578374359757,15.980578374359757
8716,8134,319.0,-38.925,175.325,17.08436612179503,15.170366121795029
8717,8137,238.0,-38.925,175.375,16.926722553820582,15.498722553820581
8718,8383,336.0,-39.025,175.275,17.38291087624384,15.366910876243841
8719,8384,415.0,-39.025,175.325,17.189662263321225,14.699662263321224
8720,8385,480.0,-39.025,175.375,16.993745024723466,14.113745024723467
8721,8501,267.0,-38.875,175.275,17.16273134268704,15.560731342687038
8722,8502,204.0,-38.875,175.325,17.021751743537607,15.797751743537606
8723,8503,251.0,-38.875,175.375,16.879714764509117,15.373714764509117
8724,8755,365.0,-38.975,175.275,17.31780354893999,15.127803548939992
8725,8756,339.0,-38.975,175.325,17.14325317289331,15.109253172893311
8726,8757,401.0,-38.975,175.375,16.966714320733445,14.560714320733446
8727,8150,373.0,-38.925,175.425,16.772318024159176,14.534318024159177
8728,8255,454.0,-38.925,175.475,16.626631771214306,13.902631771214306
8729,8258,549.0,-38.925,175.525,16.49490741707268,13.200907417072681
8730,8271,710.0,-38.925,175.575,16.381744739599526,12.121744739599526
8731,8386,660.0,-39.025,175.425,16.803323824104154,12.843323824104155
8732,8387,504.0,-39.025,175.475,16.625524662056705,13.601524662056704
8733,8388,550.0,-39.025,175.525,16.466971423564246,13.166971423564245
8734,8389,667.0,-39.025,175.575,16.333335457835346,12.331335457835348
8735,8504,257.0,-38.875,175.425,16.739932419586694,15.197932419586694
8736,8505,399.0,-38.875,175.475,16.60687634142232,14.212876341422321
8737,8506,751.0,-38.875,175.525,16.484997237217613,11.978997237217612
8738,8507,726.0,-38.875,175.575,16.378305953141535,12.022305953141535
8739,8758,432.0,-38.975,175.425,16.794859055546112,14.202859055546112
8740,8759,450.0,-38.975,175.475,16.63395682373084,13.933956823730842
8741,8760,616.0,-38.975,175.525,16.489862822316354,12.793862822316354
8742,8761,643.0,-38.975,175.575,16.367645554651972,12.509645554651971
8743,8275,654.0,-38.925,175.625,16.290865932998713,12.366865932998714
8744,8279,691.0,-38.925,175.675,16.224994604534004,12.078994604534003
8745,8288,562.0,-38.925,175.725,16.18575505077024,12.81375505077024
8746,8293,357.0,-38.925,175.775,16.17339941780665,14.03139941780665
8747,8390,636.0,-39.025,175.625,16.228667770541506,12.412667770541507
8748,8391,577.0,-39.025,175.675,16.155251129472163,12.693251129472163
8749,8392,642.0,-39.025,175.725,16.113837417651666,12.261837417651666
8750,8393,788.0,-39.025,175.775,16.103454697702546,11.375454697702546
8751,8508,595.0,-38.875,175.625,16.290175693749916,12.720175693749916
8752,8509,489.0,-38.875,175.675,16.223253730102442,13.289253730102443
8753,8510,453.0,-38.875,175.725,16.179435268539237,13.461435268539237
8754,8511,357.0,-38.875,175.775,16.15992310299771,14.01792310299771
8755,8762,640.0,-38.975,175.625,16.271224824915407,12.431224824915407
8756,8763,913.0,-38.975,175.675,16.203225179982837,10.725225179982836
8757,8764,792.0,-38.975,175.725,16.164956496213563,11.412956496213564
8758,8765,467.0,-38.975,175.775,16.156103825604077,13.354103825604078
8759,8298,357.0,-38.925,175.825,16.186660481558647,14.044660481558648
8760,8303,357.0,-38.925,175.875,16.22494563428336,14.082945634283359
8761,8308,400.0,-38.925,175.925,16.288938628480537,13.888938628480537
8762,8394,411.0,-39.025,175.825,16.119954715890344,13.653954715890343
8763,8395,457.0,-39.025,175.875,16.159717395872576,13.417717395872575
8764,8396,694.0,-39.025,175.925,16.224025929666823,12.060025929666823
8765,8512,357.0,-38.875,175.825,16.165654984652065,14.023654984652065
8766,8513,357.0,-38.875,175.875,16.198183712171158,14.056183712171158
8767,8514,357.0,-38.875,175.925,16.25919757699012,14.117197576990119
8768,8766,366.0,-38.975,175.825,16.17295072952402,13.976950729524019
8769,8767,435.0,-38.975,175.875,16.212071019079303,13.602071019079304
8770,8768,506.0,-38.975,175.925,16.275872962753056,13.239872962753056
8771,8313,585.0,-38.925,175.975,16.375840038293973,12.865840038293973
8772,8318,560.0,-38.925,176.025,16.477240493230056,13.117240493230057
8773,8323,683.0,-38.925,176.075,16.580939117266098,12.482939117266099
8774,8328,560.0,-38.925,176.125,16.677038463763893,13.317038463763893
8775,8397,669.0,-39.025,175.975,16.310259454068728,12.296259454068728
8776,8398,667.0,-39.025,176.025,16.41280706875841,12.410807068758412
8777,8399,874.0,-39.025,176.075,16.524984168092487,11.280984168092488
8778,8400,1092.0,-39.025,176.125,16.640916784876026,10.088916784876027
8779,8515,357.0,-38.875,175.975,16.34723918218515,14.20523918218515
8780,8516,505.0,-38.875,176.025,16.453106024331646,13.423106024331647
8781,8517,541.0,-38.875,176.075,16.55843913348508,13.31243913348508
8782,8518,526.0,-38.875,176.125,16.64693523006281,13.49093523006281
8783,8769,525.0,-38.975,175.975,16.361381622118643,13.211381622118642
8784,8770,639.0,-38.975,176.025,16.461608501296723,12.627608501296724
8785,8771,639.0,-38.975,176.075,16.567852197418688,12.733852197418688
8786,8772,674.0,-38.975,176.125,16.672941449069185,12.628941449069185
8787,8333,640.0,-38.925,176.175,16.763377853960264,12.923377853960265
8788,8401,1095.0,-39.025,176.175,16.756780124793295,10.186780124793295
8789,8402,739.0,-39.025,176.225,16.87067579300492,12.436675793004921
8790,8403,657.0,-39.025,176.275,16.98148980931728,13.039489809317281
8791,8436,757.0,-38.925,176.225,16.84352964980644,12.301529649806442
8792,8448,740.0,-38.925,176.275,16.920964042888954,12.480964042888953
8793,8519,605.0,-38.875,176.175,16.719186324888142,13.089186324888143
8794,8520,721.0,-38.875,176.225,16.78564726159675,12.45964726159675
8795,8521,781.0,-38.875,176.275,16.85281781165395,12.16681781165395
8796,8773,972.0,-38.975,176.175,16.773603418754647,10.941603418754646
8797,8774,1042.0,-38.975,176.225,16.86986443249043,10.617864432490432
8798,8775,710.0,-38.975,176.275,16.96250701585086,12.70250701585086
8799,8404,827.0,-39.025,176.325,17.087719427509,12.125719427509
8800,8405,805.0,-39.025,176.375,17.186873005412053,12.356873005412053
8801,8406,763.0,-39.025,176.425,17.275427665386815,12.697427665386815
8802,8407,944.0,-39.025,176.475,17.349086983856978,11.685086983856978
8803,8455,761.0,-38.925,176.325,16.996038288489217,12.430038288489218
8804,8456,721.0,-38.925,176.375,17.06611869833432,12.74011869833432
8805,8457,760.0,-38.925,176.425,17.12669690043549,12.566696900435492
8806,8458,722.0,-38.925,176.475,17.172419876791537,12.840419876791536
8807,8522,757.0,-38.875,176.325,16.920679799455684,12.378679799455684
8808,8523,720.0,-38.875,176.375,16.985224797244882,12.665224797244882
8809,8524,732.0,-38.875,176.425,17.040668503992492,12.648668503992493
8810,8525,778.0,-38.875,176.475,17.080738261545775,12.412738261545776
8811,8776,949.0,-38.975,176.325,17.05106675843126,11.357066758431262
8812,8777,789.0,-38.975,176.375,17.133257359586423,12.399257359586423
8813,8778,784.0,-38.975,176.425,17.205298479442718,12.501298479442717
8814,8779,720.0,-38.975,176.475,17.26251527768909,12.94251527768909
8815,8063,840.0,-38.875,176.575,17.091638662386686,12.051638662386686
8816,8142,1034.0,-38.875,176.625,17.05338047706755,10.849380477067548
8817,8408,684.0,-39.025,176.525,17.403132257662946,13.299132257662947
8818,8409,460.0,-39.025,176.575,17.432770889165113,14.672770889165113
8819,8410,520.0,-39.025,176.625,17.433456719154492,14.313456719154491
8820,8459,704.0,-38.925,176.525,17.197847002360504,12.973847002360504
8821,8460,728.0,-38.925,176.575,17.197997367067728,12.829997367067728
8822,8461,992.0,-38.925,176.625,17.16875478523434,11.216754785234341
8823,8526,711.0,-38.875,176.525,17.0994480100926,12.833448010092601
8824,8780,773.0,-38.975,176.525,17.299911712587345,12.661911712587345
8825,8781,584.0,-38.975,176.575,17.312644005054608,13.808644005054608
8826,8782,824.0,-38.975,176.625,17.29640111126355,12.35240111126355
8827,8149,885.0,-38.875,176.675,16.982251273759175,11.672251273759176
8828,8253,350.0,-39.025,176.825,17.08111814435688,14.981118144356879
8829,8256,1114.0,-38.875,176.725,16.877490636252332,10.193490636252331
8830,8282,564.0,-38.875,176.775,16.74004486974445,13.356044869744451
8831,8284,829.0,-38.875,176.825,16.572530197328888,11.598530197328888
8832,8411,759.0,-39.025,176.675,17.40118886239361,12.847188862393612
8833,8412,944.0,-39.025,176.725,17.332806736027123,11.668806736027124
8834,8413,361.0,-39.025,176.775,17.226297706278274,15.060297706278273
8835,8462,993.0,-38.925,176.675,17.10716598830186,11.14916598830186
8836,8463,846.0,-38.925,176.725,17.01165099942591,11.93565099942591
8837,8464,891.0,-38.925,176.775,16.8821412321995,11.536141232199501
8838,8465,496.0,-38.925,176.825,16.720158351177815,13.744158351177816
8839,8783,692.0,-38.975,176.675,17.247714678262128,13.095714678262127
8840,8784,929.0,-38.975,176.725,17.16421935427934,11.590219354279341
8841,8785,457.0,-38.975,176.775,17.044878622808028,14.302878622808027
8842,8786,744.0,-38.975,176.825,16.890180328977294,12.426180328977294
8843,8257,208.0,-39.025,176.875,16.898498229129473,15.650498229129473
8844,8278,409.0,-39.025,176.925,16.68166771309916,14.227667713099159
8845,8287,667.0,-38.875,176.875,16.37914052180713,12.377140521807132
8846,8291,375.0,-39.025,176.975,16.43592858838383,14.185928588383831
8847,8292,533.0,-38.875,176.925,16.165516020031646,12.967516020031645
8848,8296,306.0,-39.025,177.025,16.16853124566842,14.332531245668418
8849,8297,495.0,-38.875,176.975,15.938581506343326,12.968581506343325
8850,8302,339.0,-38.875,177.025,15.706366144731874,13.672366144731875
8851,8466,799.0,-38.925,176.875,16.528839404403698,11.734839404403697
8852,8467,358.0,-38.925,176.925,16.312904600636102,14.164904600636103
8853,8468,381.0,-38.925,176.975,16.078561719768913,13.792561719768914
8854,8469,205.0,-38.925,177.025,15.833351444685832,14.603351444685831
8855,8787,606.0,-38.975,176.875,16.702289222477702,13.066289222477703
8856,8788,439.0,-38.975,176.925,16.485127848747652,13.851127848747652
8857,8789,543.0,-38.975,176.975,16.244354358466808,12.986354358466809
8858,8790,348.0,-38.975,177.025,15.987224799580872,13.899224799580871
8859,8301,235.0,-39.025,177.075,15.888377789146034,14.478377789146034
8860,8306,276.0,-39.025,177.125,15.605646583164344,13.949646583164343
8861,8307,360.0,-38.875,177.075,15.47782818163978,13.31782818163978
8862,8311,303.0,-39.025,177.175,15.33147250127513,13.51347250127513
8863,8312,485.0,-38.875,177.125,15.262723994557746,12.352723994557746
8864,8317,281.0,-38.875,177.175,15.071572848421056,13.385572848421056
8865,8470,318.0,-38.925,177.075,15.58595951308962,13.67795951308962
8866,8471,250.0,-38.925,177.125,15.346047554688994,13.846047554688994
8867,8472,266.0,-38.925,177.175,15.12417865585303,13.52817865585303
8868,8791,496.0,-38.975,177.075,15.722364802117227,12.746364802117228
8869,8792,395.0,-38.975,177.125,15.459516541392077,13.089516541392076
8870,8793,366.0,-38.975,177.175,15.20935796215781,13.01335796215781
8871,8316,121.0,-39.025,177.225,15.077824792562751,14.351824792562752
8872,8321,196.0,-39.025,177.275,14.857738202699693,13.681738202699693
8873,8322,135.0,-38.875,177.225,14.915769249608275,14.105769249608274
8874,8326,69.0,-39.025,177.325,14.686170857661637,14.272170857661637
8875,8327,238.0,-38.875,177.275,14.8078606283525,13.3798606283525
8876,8331,20.0,-39.025,177.375,14.582338672480546,14.462338672480547
8877,8332,185.0,-38.875,177.325,14.76184817115427,13.65184817115427
8878,8440,220.0,-38.875,177.375,14.792820980452234,13.472820980452234
8879,8473,186.0,-38.925,177.225,14.931937746849144,13.815937746849144
8880,8474,90.0,-38.925,177.275,14.782380535907578,14.242380535907579
8881,8475,182.0,-38.925,177.325,14.690966135181952,13.598966135181952
8882,8476,255.0,-38.925,177.375,14.676786613155855,13.146786613155856
8883,8794,104.0,-38.975,177.225,14.98351573976106,14.35951573976106
8884,8795,227.0,-38.975,177.275,14.794946261419682,13.432946261419682
8885,8796,135.0,-38.975,177.325,14.659044956089929,13.849044956089928
8886,8797,42.0,-38.975,177.375,14.596473404497374,14.344473404497373
8887,8435,20.0,-39.025,177.425,14.578727542218985,14.458727542218986
8888,8445,135.0,-38.875,177.425,14.914158128551207,14.104158128551207
8889,8449,24.0,-39.025,177.475,14.738756511651445,14.594756511651445
8890,8452,92.0,-38.875,177.475,15.131223025207873,14.579223025207874
8891,8477,40.0,-38.925,177.425,14.76124177715974,14.521241777159739
8892,8478,263.0,-38.925,177.475,14.95611521464889,13.37811521464889
8893,8479,158.0,-38.925,177.525,15.250017872342141,14.302017872342141
8894,8584,237.0,-38.875,177.525,15.436739833996398,14.014739833996398
8895,8586,110.0,-39.025,177.525,15.008182194462279,14.348182194462279
8896,8798,19.0,-38.975,177.425,14.638916315190727,14.524916315190726
8897,8799,53.0,-38.975,177.475,14.81430400168756,14.49630400168756
8898,8800,189.0,-38.975,177.525,15.099145522835897,13.965145522835897
8899,8480,193.0,-38.925,177.575,15.618756869633216,14.460756869633217
8900,8481,392.0,-38.925,177.625,16.039416079060175,13.687416079060174
8901,8482,548.0,-38.925,177.675,16.49296367733041,13.204963677330408
8902,8483,553.0,-38.925,177.725,16.963089891592972,13.645089891592972
8903,8590,398.0,-38.875,177.575,15.8142523758288,13.4262523758288
8904,8592,276.0,-38.875,177.625,16.24477400589967,14.58877400589967
8905,8594,403.0,-38.875,177.675,16.710207156371325,14.292207156371326
8906,8597,508.0,-38.875,177.725,17.19386941031553,14.145869410315528
8907,8599,20.0,-39.025,177.575,15.345981023361674,15.225981023361674
8908,8603,138.0,-39.025,177.625,15.730058872577501,14.902058872577502
8909,8607,37.0,-39.025,177.675,16.14377854653867,15.92177854653867
8910,8611,156.0,-39.025,177.725,16.573214580886997,15.637214580886997
8911,8801,270.0,-38.975,177.575,15.457125914399512,13.837125914399511
8912,8802,263.0,-38.975,177.625,15.863730230048532,14.285730230048532
8913,8803,374.0,-38.975,177.675,16.3008133113035,14.0568133113035
8914,8804,256.0,-38.975,177.725,16.753302097611595,15.217302097611595
8915,8484,211.0,-38.925,177.775,17.435173120815307,16.16917312081531
8916,8485,399.0,-38.925,177.825,17.895887622900773,15.501887622900773
8917,8486,466.0,-38.925,177.875,18.333445029857103,15.537445029857103
8918,8601,512.0,-38.875,177.775,17.680097969365306,14.608097969365307
8919,8605,381.0,-38.875,177.825,18.15397931501502,15.867979315015022
8920,8609,402.0,-38.875,177.875,18.601746644591913,16.189746644591914
8921,8615,48.0,-39.025,177.775,17.00619082315825,16.71819082315825
8922,8619,156.0,-39.025,177.825,17.432000768429134,16.496000768429134
8923,8624,18.0,-39.025,177.875,17.841484818025492,17.73348481802549
8924,8805,167.0,-38.975,177.775,17.207929374824744,16.205929374824745
8925,8806,170.0,-38.975,177.825,17.652867034368683,16.632867034368683
8926,8807,240.0,-38.975,177.875,18.077873047150206,16.637873047150205
8927,8613,20.0,-38.825,174.625,18.016168029251276,17.896168029251275
8928,8617,125.0,-38.825,174.675,17.997631323582027,17.247631323582027
8929,8994,53.0,-38.775,174.625,18.009665983205196,17.691665983205194
8930,8995,144.0,-38.775,174.675,17.974617542873602,17.1106175428736
8931,9649,111.0,-38.725,174.625,17.972508964187,17.306508964187
8932,9650,192.0,-38.725,174.675,17.922560437204083,16.770560437204082
8933,8621,224.0,-38.825,174.725,17.969223831314594,16.625223831314592
8934,8626,266.0,-38.825,174.775,17.933362365933135,16.337362365933135
8935,8631,435.0,-38.825,174.825,17.89128537644865,15.28128537644865
8936,8713,418.0,-38.825,174.875,17.8429633093765,15.334963309376501
8937,8996,182.0,-38.775,174.725,17.929588908242295,16.837588908242296
8938,8997,267.0,-38.775,174.775,17.87915969680762,16.27715969680762
8939,8998,401.0,-38.775,174.825,17.82484074999229,15.418840749992292
8940,8999,418.0,-38.775,174.875,17.766518400487257,15.258518400487258
8941,9651,196.0,-38.725,174.725,17.86492487799842,16.68892487799842
8942,9652,193.0,-38.725,174.775,17.80419704079395,16.64619704079395
8943,9653,69.0,-38.725,174.825,17.741650940442923,17.327650940442922
8944,9654,345.0,-38.725,174.875,17.67706581784296,15.607065817842958
8945,8722,186.0,-38.825,174.925,17.78747288166778,16.671472881667782
8946,8726,170.0,-38.825,174.975,17.723314377013594,16.703314377013594
8947,8730,177.0,-38.825,175.025,17.64868305521668,16.586683055216678
8948,9000,282.0,-38.775,174.925,17.703177427407354,16.011177427407354
8949,9042,180.0,-38.775,174.975,17.633312659076182,16.553312659076184
8950,9157,267.0,-38.775,175.025,17.55526019728859,15.95326019728859
8951,9655,241.0,-38.725,174.925,17.609386324387742,16.16338632438774
8952,9656,324.0,-38.725,174.975,17.53713850787608,15.59313850787608
8953,9657,318.0,-38.725,175.025,17.45878159822314,15.550781598223141
8954,8734,452.0,-38.825,175.075,17.5617882773804,14.849788277380402
8955,8738,372.0,-38.825,175.125,17.461346707481425,15.229346707481426
8956,8742,441.0,-38.825,175.175,17.347387548041297,14.701387548041296
8957,8746,180.0,-38.825,175.225,17.222421270766063,16.142421270766064
8958,9197,160.0,-38.775,175.075,17.467556239309488,16.507556239309487
8959,9283,203.0,-38.775,175.125,17.36939405387966,16.15139405387966
8960,9291,236.0,-38.775,175.175,17.261191613215487,15.845191613215487
8961,9299,242.0,-38.775,175.225,17.14507337420946,15.69307337420946
8962,9658,321.0,-38.725,175.075,17.37305892779841,15.44705892779841
8963,9659,342.0,-38.725,175.125,17.27936502508237,15.22736502508237
8964,9660,366.0,-38.725,175.175,17.178078191296663,14.982078191296663
8965,9661,353.0,-38.725,175.225,17.070677769603208,14.952677769603207
8966,8824,202.0,-38.825,175.275,17.092095844011055,15.880095844011056
8967,8826,217.0,-38.825,175.325,16.961063112452393,15.659063112452394
8968,8828,346.0,-38.825,175.375,16.830354886536952,14.754354886536952
8969,9466,233.0,-38.775,175.275,17.024519008089555,15.626519008089556
8970,9542,488.0,-38.775,175.325,16.90257802241831,13.97457802241831
8971,9568,378.0,-38.775,175.375,16.780973618413555,14.512973618413554
8972,9662,218.0,-38.725,175.275,16.95936451634043,15.65136451634043
8973,9663,207.0,-38.725,175.325,16.846259397803806,15.604259397803807
8974,9664,324.0,-38.725,175.375,16.732977586740162,14.788977586740163
8975,8830,358.0,-38.825,175.425,16.701837380998768,14.553837380998768
8976,8834,455.0,-38.825,175.475,16.57859909304534,13.84859909304534
8977,8839,560.0,-38.825,175.525,16.4640477335779,13.1040477335779
8978,8842,996.0,-38.825,175.575,16.361424472765066,10.385424472765067
8979,9571,739.0,-38.775,175.425,16.661291724507464,12.227291724507465
8980,9573,923.0,-38.775,175.475,16.54563687427435,11.00763687427435
8981,9575,791.0,-38.775,175.525,16.436419711535564,11.690419711535565
8982,9578,841.0,-38.775,175.575,16.336047218064778,11.290047218064778
8983,9665,682.0,-38.725,175.425,16.620912322279764,12.528912322279766
8984,9666,709.0,-38.725,175.475,16.511559105070774,12.257559105070774
8985,9667,862.0,-38.725,175.525,16.406536120484816,11.234536120484815
8986,9668,673.0,-38.725,175.575,16.30747566607897,12.269475666078971
8987,8845,791.0,-38.825,175.625,16.273584817739902,11.527584817739903
8988,8848,540.0,-38.825,175.675,16.2029303451709,12.962930345170898
8989,8851,527.0,-38.825,175.725,16.151468253374333,12.989468253374334
8990,8854,498.0,-38.825,175.775,16.12105552246794,13.133055522467942
8991,9581,728.0,-38.775,175.625,16.246740065689664,11.878740065689664
8992,9587,560.0,-38.775,175.675,16.170475866179913,12.810475866179914
8993,9592,505.0,-38.775,175.725,16.109062085684855,13.079062085684855
8994,9597,357.0,-38.775,175.775,16.06438668773626,13.92238668773626
8995,9669,606.0,-38.725,175.625,16.215936462162063,12.579936462162063
8996,9670,571.0,-38.725,175.675,16.13335954613285,12.707359546132851
8997,9671,527.0,-38.725,175.725,16.061087463458534,12.899087463458535
8998,9672,357.0,-38.725,175.775,16.00050350985839,13.85850350985839
8999,8857,357.0,-38.825,175.825,16.113920044357656,13.971920044357656
9000,8860,357.0,-38.825,175.875,16.133278257068014,13.991278257068014
9001,8863,357.0,-38.825,175.925,16.183233427844243,14.041233427844244
9002,9602,357.0,-38.775,175.825,16.038890050491318,13.896890050491319
9003,9607,357.0,-38.775,175.875,16.036209950369084,13.894209950369085
9004,9608,357.0,-38.775,175.925,16.061867727781646,13.919867727781646
9005,9673,357.0,-38.725,175.825,15.95331926603103,13.811319266031031
9006,9674,357.0,-38.725,175.875,15.921991880022688,13.779991880022688
9007,9675,357.0,-38.725,175.925,15.910310527659021,13.768310527659022
9008,8866,357.0,-38.825,175.975,16.266632914484944,14.124632914484945
9009,8915,357.0,-38.825,176.025,16.378080061636865,14.236080061636866
9010,8916,474.0,-38.825,176.075,16.490982551389607,13.646982551389607
9011,8917,486.0,-38.825,176.125,16.571989628253505,13.655989628253504
9012,9609,357.0,-38.775,175.975,16.123742242372828,13.981742242372828
9013,9610,357.0,-38.775,176.025,16.229517244704766,14.087517244704767
9014,9611,357.0,-38.775,176.075,16.3586369563709,14.216636956370902
9015,9612,461.0,-38.775,176.125,16.429244392056717,13.663244392056717
9016,9676,357.0,-38.725,175.975,15.924530966236489,13.78253096623649
9017,9677,376.0,-38.725,176.025,15.976451184338657,13.720451184338657
9018,9678,372.0,-38.725,176.075,16.08179633549298,13.849796335492982
9019,9679,499.0,-38.725,176.125,16.174316275166348,13.180316275166348
9020,8918,681.0,-38.825,176.175,16.6302585133526,12.544258513352602
9021,8919,737.0,-38.825,176.225,16.68892625902663,12.26692625902663
9022,8921,751.0,-38.825,176.275,16.7546778866963,12.2486778866963
9023,9613,545.0,-38.775,176.175,16.481230492237955,13.211230492237956
9024,9614,720.0,-38.775,176.225,16.54810497374274,12.228104973742738
9025,9615,720.0,-38.775,176.275,16.626887844438897,12.306887844438897
9026,9680,591.0,-38.725,176.175,16.267361588892527,12.721361588892528
9027,9681,475.0,-38.725,176.225,16.370629823592026,13.520629823592026
9028,9682,694.0,-38.725,176.275,16.478439211583463,12.314439211583464
9029,8923,702.0,-38.825,176.325,16.824390748690348,12.612390748690348
9030,8963,701.0,-38.825,176.375,16.891676579834893,12.685676579834894
9031,8964,720.0,-38.825,176.425,16.949296559381764,12.629296559381764
9032,8965,742.0,-38.825,176.475,16.990098352980567,12.538098352980567
9033,9616,665.0,-38.775,176.325,16.709832667402225,12.719832667402224
9034,9617,661.0,-38.775,176.375,16.788897948077647,12.822897948077646
9035,9618,670.0,-38.775,176.425,16.856158455222612,12.836158455222613
9036,9619,682.0,-38.775,176.475,16.904012111830525,12.812012111830526
9037,9683,674.0,-38.725,176.325,16.584803105070023,12.540803105070022
9038,9684,668.0,-38.725,176.375,16.68318181767245,12.67518181767245
9039,9685,620.0,-38.725,176.425,16.766352964477846,13.046352964477848
9040,9686,640.0,-38.725,176.475,16.826741587545257,12.986741587545257
9041,8966,797.0,-38.825,176.525,17.007594937691465,12.225594937691465
9042,8967,821.0,-38.825,176.575,16.996467851451598,12.070467851451598
9043,8968,920.0,-38.825,176.625,16.95299395179609,11.432993951796089
9044,9001,688.0,-38.725,176.625,16.807482807314955,12.679482807314955
9045,9620,801.0,-38.775,176.525,16.925623021728825,12.119623021728824
9046,9621,780.0,-38.775,176.575,16.915528433863074,12.235528433863074
9047,9622,814.0,-38.775,176.625,16.87021404830739,11.986214048307389
9048,9687,714.0,-38.725,176.525,16.857174322096398,12.5731743220964
9049,9688,721.0,-38.725,176.575,16.85189091003849,12.525890910038491
9050,8969,742.0,-38.825,176.675,16.87532834056765,12.423328340567648
9051,8970,817.0,-38.825,176.725,16.76360599460895,11.86160599460895
9052,8971,958.0,-38.825,176.775,16.619882831379073,10.871882831379072
9053,8972,728.0,-38.825,176.825,16.447973022790393,12.079973022790393
9054,9002,495.0,-38.725,176.675,16.72340949898353,13.753409498983528
9055,9003,917.0,-38.725,176.725,16.60196810303023,11.099968103030232
9056,9004,849.0,-38.725,176.775,16.447882385895355,11.353882385895353
9057,9005,934.0,-38.725,176.825,16.267776511143893,10.663776511143894
9058,9623,748.0,-38.775,176.675,16.788467565143947,12.300467565143947
9059,9624,1013.0,-38.775,176.725,16.67143046396086,10.59343046396086
9060,9625,648.0,-38.775,176.775,16.522404343268136,12.634404343268136
9061,9626,796.0,-38.775,176.825,16.346534211188555,11.570534211188555
9062,8973,717.0,-38.825,176.875,16.253237834840547,11.951237834840548
9063,8974,481.0,-38.825,176.925,16.04235910382704,13.15635910382704
9064,8975,868.0,-38.825,176.975,15.82311180033139,10.615111800331391
9065,8976,1015.0,-38.825,177.025,15.604145844234154,9.514145844234154
9066,9006,510.0,-38.725,176.875,16.06969728320837,13.009697283208371
9067,9007,775.0,-38.725,176.925,15.862715493247379,11.21271549324738
9068,9008,950.0,-38.725,176.975,15.65657687393832,9.956576873938321
9069,9009,826.0,-38.725,177.025,15.461378047271864,10.505378047271865
9070,9627,692.0,-38.775,176.875,16.15046866389457,11.99846866389457
9071,9628,811.0,-38.775,176.925,15.942040675028693,11.076040675028693
9072,9629,620.0,-38.775,176.975,15.729974939342355,12.009974939342356
9073,9630,582.0,-38.775,177.025,15.5236204569228,12.031620456922798
9074,8977,633.0,-38.825,177.075,15.394794262218056,11.596794262218056
9075,8978,399.0,-38.825,177.125,15.204933277243981,12.810933277243981
9076,8979,433.0,-38.825,177.175,15.04491913082893,12.446919130828931
9077,9010,880.0,-38.725,177.075,15.287268919753842,10.007268919753841
9078,9011,950.0,-38.725,177.125,15.144198627531296,9.444198627531296
9079,9012,953.0,-38.725,177.175,15.041713312151842,9.323713312151842
9080,9631,582.0,-38.775,177.075,15.33271639276063,11.84071639276063
9081,9632,582.0,-38.775,177.125,15.16720683730091,11.675206837300909
9082,9633,857.0,-38.775,177.175,15.037112236954272,9.895112236954272
9083,8980,327.0,-38.825,177.225,14.925603301089723,12.963603301089723
9084,8981,298.0,-38.825,177.275,14.858357612101827,13.070357612101827
9085,8982,120.0,-38.825,177.325,14.854877253470477,14.134877253470476
9086,8983,286.0,-38.825,177.375,14.926255780010251,13.210255780010252
9087,9013,679.0,-38.725,177.225,14.988779430597788,10.914779430597788
9088,9014,673.0,-38.725,177.275,14.993555915454635,10.955555915454635
9089,9015,610.0,-38.725,177.325,15.062997591914609,11.402997591914609
9090,9016,430.0,-38.725,177.375,15.202190728974529,12.622190728974529
9091,9634,510.0,-38.775,177.225,14.952432416117517,11.892432416117519
9092,9635,313.0,-38.775,177.275,14.922990752529586,13.044990752529586
9093,9636,505.0,-38.775,177.325,14.958034793147817,11.928034793147818
9094,9637,371.0,-38.775,177.375,15.065344249858754,12.839344249858755
9095,8984,242.0,-38.825,177.425,15.080734704388306,13.628734704388306
9096,8985,180.0,-38.825,177.475,15.320504968956811,14.240504968956811
9097,8986,150.0,-38.825,177.525,15.639864575729007,14.739864575729007
9098,9017,459.0,-38.725,177.425,15.41346377399168,12.65946377399168
9099,9018,498.0,-38.725,177.475,15.695570558833424,12.707570558833424
9100,9019,192.0,-38.725,177.525,16.043396902445238,14.891396902445239
9101,9638,205.0,-38.775,177.425,15.249745296256151,14.01974529625615
9102,9639,334.0,-38.775,177.475,15.511472387588583,13.507472387588583
9103,9640,172.0,-38.775,177.525,15.84538347326452,14.813383473264519
9104,8987,643.0,-38.825,177.575,16.026638720359188,12.168638720359187
9105,8988,279.0,-38.825,177.625,16.465402853500564,14.791402853500564
9106,8989,480.0,-38.825,177.675,16.93993470276473,14.059934702764732
9107,8990,417.0,-38.825,177.725,17.434142967045773,14.932142967045774
9108,9020,140.0,-38.725,177.575,16.44842393725412,15.60842393725412
9109,9022,419.0,-38.725,177.625,16.89970386697678,14.38570386697678
9110,9023,536.0,-38.725,177.675,17.384829805232584,14.168829805232583
9111,9025,362.0,-38.725,177.725,17.89049041608814,15.718490416088141
9112,9641,367.0,-38.775,177.575,16.24167757568648,14.039677575686481
9113,9642,636.0,-38.775,177.625,16.687580634956248,12.87158063495625
9114,9643,576.0,-38.775,177.675,17.168898272386286,13.712898272386287
9115,9644,598.0,-38.775,177.725,17.670796846563462,14.082796846563461
9116,8991,326.0,-38.825,177.775,17.93200621509459,15.97600621509459
9117,8992,460.0,-38.825,177.825,18.417252961255144,15.657252961255145
9118,8993,190.0,-38.825,177.875,18.873712070751935,17.733712070751935
9119,9027,158.0,-38.725,177.775,18.40241049992619,17.45441049992619
9120,9029,36.0,-38.725,177.825,18.904422719031572,18.68842271903157
9121,9032,37.0,-38.725,177.875,19.375780309783295,19.153780309783293
9122,9037,1.0,-38.725,177.925,19.791490468778647,19.785490468778647
9123,9645,292.0,-38.775,177.775,18.17775347857969,16.42575347857969
9124,9646,310.0,-38.775,177.825,18.672848208690993,16.812848208690994
9125,9647,87.0,-38.775,177.875,19.137185645813588,18.61518564581359
9126,9648,20.0,-38.775,177.925,19.55278041603742,19.43278041603742
9127,9045,117.0,-38.675,174.625,17.89207405160414,17.190074051604142
9128,9147,28.0,-38.675,174.675,17.836655791237717,17.66865579123772
9129,9357,274.0,-38.575,174.675,17.591741051583085,15.947741051583085
9130,9461,15.0,-38.625,174.625,17.782226626906777,17.692226626906777
9131,9462,83.0,-38.625,174.675,17.723261567909503,17.225261567909502
9132,9808,235.0,-38.525,174.675,17.449211186292814,16.039211186292814
9133,9039,366.0,-38.625,174.825,17.528371376625728,15.332371376625728
9134,9148,60.0,-38.625,174.875,17.463646726333536,17.103646726333537
9135,9155,102.0,-38.675,174.725,17.77359235676704,17.16159235676704
9136,9161,309.0,-38.675,174.775,17.70814977696864,15.85414977696864
9137,9194,237.0,-38.675,174.825,17.642100459197536,16.220100459197536
9138,9268,109.0,-38.675,174.875,17.575439577776706,16.921439577776706
9139,9358,184.0,-38.575,174.725,17.528125407727202,16.424125407727203
9140,9359,196.0,-38.575,174.775,17.465223277307814,16.289223277307816
9141,9360,169.0,-38.575,174.825,17.404163976025302,16.390163976025303
9142,9361,98.0,-38.575,174.875,17.344804286927683,16.756804286927682
9143,9463,223.0,-38.625,174.725,17.65916212333832,16.32116212333832
9144,9464,178.0,-38.625,174.775,17.59359280730132,16.52559280730132
9145,9811,395.0,-38.525,174.725,17.386910478729988,15.016910478729987
9146,9814,468.0,-38.525,174.775,17.32844753601239,14.52044753601239
9147,9817,342.0,-38.525,174.825,17.27404237265,15.222042372650002
9148,9820,124.0,-38.525,174.875,17.222853794752154,16.478853794752155
9149,9153,74.0,-38.625,174.925,17.39852612093091,16.95452612093091
9150,9163,58.0,-38.625,174.975,17.33161619582097,16.98361619582097
9151,9164,161.0,-38.625,175.025,17.261456790496595,16.295456790496594
9152,9271,104.0,-38.675,174.925,17.507208252704004,16.883208252704005
9153,9274,239.0,-38.675,174.975,17.43599921002169,16.00199921002169
9154,9277,383.0,-38.675,175.025,17.360352249117568,15.062352249117568
9155,9362,44.0,-38.575,174.925,17.2860564092407,17.0220564092407
9156,9363,141.0,-38.575,174.975,17.226365085982252,16.380365085982252
9157,9364,133.0,-38.575,175.025,17.16414112248458,16.366141122484578
9158,9823,141.0,-38.525,174.925,17.173252183711156,16.327252183711156
9159,9826,220.0,-38.525,174.975,17.12327190619544,15.803271906195441
9160,9829,148.0,-38.525,175.025,17.071035663218936,16.183035663218934
9161,9166,211.0,-38.625,175.075,17.186861440481152,15.920861440481152
9162,9168,397.0,-38.625,175.125,17.107159880979452,14.725159880979453
9163,9170,329.0,-38.625,175.175,17.022317532857414,15.048317532857414
9164,9280,277.0,-38.675,175.075,17.279096591169946,15.617096591169947
9165,9284,469.0,-38.625,175.225,16.93289968514,14.11889968514
9166,9286,346.0,-38.675,175.125,17.19164069913677,15.115640699136769
9167,9294,375.0,-38.675,175.175,17.098161745787365,14.848161745787365
9168,9365,161.0,-38.575,175.075,17.098092050437117,16.132092050437116
9169,9366,161.0,-38.575,175.125,17.027431972062914,16.061431972062913
9170,9367,201.0,-38.575,175.175,16.951962662802543,15.745962662802544
9171,9368,366.0,-38.575,175.225,16.872026054217713,14.676026054217713
9172,9390,392.0,-38.675,175.225,16.999600595067022,14.647600595067022
9173,9832,160.0,-38.525,175.075,17.015063528961036,16.055063528961036
9174,9835,245.0,-38.525,175.125,16.954447093216004,15.484447093216003
9175,9838,300.0,-38.525,175.175,16.888894659263315,15.088894659263314
9176,9841,424.0,-38.525,175.225,16.818663953687064,14.274663953687064
9177,9292,354.0,-38.625,175.275,16.839881936146412,14.715881936146411
9178,9300,260.0,-38.625,175.325,16.744387893006206,15.184387893006205
9179,9301,263.0,-38.625,175.375,16.647482019587187,15.069482019587188
9180,9369,323.0,-38.575,175.275,16.788350881484803,14.850350881484802
9181,9370,381.0,-38.575,175.325,16.701848878437886,14.415848878437886
9182,9371,375.0,-38.575,175.375,16.61342760975822,14.363427609758219
9183,9392,447.0,-38.675,175.275,16.897392953833332,14.215392953833332
9184,9393,376.0,-38.675,175.325,16.79305261312402,14.537052613124018
9185,9395,425.0,-38.675,175.375,16.687904299644288,14.137904299644287
9186,9844,338.0,-38.525,175.275,16.744410717918072,14.716410717918071
9187,9845,301.0,-38.525,175.325,16.666994895233074,14.860994895233075
9188,9846,369.0,-38.525,175.375,16.587289309798507,14.373289309798507
9189,9302,414.0,-38.625,175.425,16.550074880942702,14.066074880942702
9190,9303,517.0,-38.625,175.475,16.452887781866593,13.350887781866593
9191,9304,600.0,-38.625,175.525,16.356426935846685,12.756426935846685
9192,9305,702.0,-38.625,175.575,16.26105924518197,12.049059245181969
9193,9372,415.0,-38.575,175.425,16.523854671686422,14.033854671686422
9194,9373,480.0,-38.575,175.475,16.433654851600295,13.553654851600296
9195,9374,468.0,-38.575,175.525,16.34298877947731,13.53498877947731
9196,9375,683.0,-38.575,175.575,16.251620392285986,12.153620392285987
9197,9397,343.0,-38.675,175.425,16.583089315448888,14.525089315448888
9198,9399,614.0,-38.675,175.475,16.47966059789178,12.79566059789178
9199,9401,740.0,-38.675,175.525,16.378617216512794,11.938617216512792
9200,9403,903.0,-38.675,175.575,16.280919617245672,10.862919617245673
9201,9847,478.0,-38.525,175.425,16.506020784028806,13.638020784028805
9202,9848,480.0,-38.525,175.475,16.423645951144863,13.543645951144864
9203,9849,554.0,-38.525,175.525,16.340219191653887,13.016219191653887
9204,9850,612.0,-38.525,175.575,16.25493016766268,12.582930167662678
9205,9306,801.0,-38.625,175.625,16.167267298558727,11.361267298558726
9206,9307,646.0,-38.625,175.675,16.07566726699588,12.19966726699588
9207,9308,533.0,-38.625,175.725,15.986749034986133,12.788749034986132
9208,9309,507.0,-38.625,175.775,15.900818145368248,12.858818145368248
9209,9376,838.0,-38.575,175.625,16.15968930197414,11.13168930197414
9210,9377,597.0,-38.575,175.675,16.06784988704021,12.48584988704021
9211,9378,499.0,-38.575,175.725,15.976498851872748,12.982498851872748
9212,9379,480.0,-38.575,175.775,15.885879038047278,13.00587903804728
9213,9405,670.0,-38.675,175.625,16.187526647467166,12.167526647467167
9214,9407,547.0,-38.675,175.675,16.099370480922516,12.817370480922516
9215,9409,540.0,-38.675,175.725,16.017277771024965,12.777277771024965
9216,9411,483.0,-38.675,175.775,15.941972728993278,13.043972728993278
9217,9851,708.0,-38.525,175.625,16.16765141597716,11.91965141597716
9218,9852,728.0,-38.525,175.675,16.079421689064475,11.711421689064474
9219,9853,488.0,-38.525,175.725,15.990603508485947,13.062603508485946
9220,9854,398.0,-38.525,175.775,15.901599834993249,13.513599834993249
9221,9310,516.0,-38.625,175.825,15.818133530468913,12.722133530468913
9222,9311,532.0,-38.625,175.875,15.739156500960235,12.547156500960234
9223,9312,496.0,-38.625,175.925,15.665093155723298,12.689093155723299
9224,9380,540.0,-38.575,175.825,15.796445443906123,12.556445443906123
9225,9381,629.0,-38.575,175.875,15.709454863041174,11.935454863041173
9226,9382,582.0,-38.575,175.925,15.628182257991284,12.136182257991283
9227,9413,357.0,-38.675,175.825,15.874185983004281,13.732185983004282
9228,9415,437.0,-38.675,175.875,15.81478779570898,13.19278779570898
9229,9417,492.0,-38.675,175.925,15.76486194782774,12.81286194782774
9230,9855,475.0,-38.525,175.825,15.813351275748573,12.963351275748574
9231,9856,560.0,-38.525,175.875,15.728068965079729,12.368068965079729
9232,9857,462.0,-38.525,175.925,15.650445675913943,12.878445675913943
9233,9313,524.0,-38.625,175.975,15.59971260043676,12.45571260043676
9234,9314,539.0,-38.625,176.025,15.55664572378737,12.32264572378737
9235,9315,452.0,-38.625,176.075,15.579214929864975,12.867214929864975
9236,9316,391.0,-38.625,176.125,15.702016050578095,13.356016050578095
9237,9383,633.0,-38.575,175.975,15.560610105458181,11.762610105458181
9238,9384,550.0,-38.575,176.025,15.524193033459596,12.224193033459596
9239,9385,559.0,-38.575,176.075,15.545954606961459,12.19195460696146
9240,9386,470.0,-38.575,176.125,15.638259392784676,12.818259392784675
9241,9419,431.0,-38.675,175.975,15.725736804335611,13.13973680433561
9242,9420,577.0,-38.675,176.025,15.70015876495745,12.23815876495745
9243,9421,383.0,-38.675,176.075,15.719449004682247,13.421449004682247
9244,9422,475.0,-38.675,176.125,15.876893722772365,13.026893722772366
9245,9858,460.0,-38.525,175.975,15.589372900896706,12.829372900896706
9246,9859,767.0,-38.525,176.025,15.558942220610334,10.956942220610333
9247,9860,569.0,-38.525,176.075,15.574623682623496,12.160623682623497
9248,9861,498.0,-38.525,176.125,15.642378831922542,12.654378831922543
9249,9317,360.0,-38.625,176.175,15.868180156190647,13.708180156190647
9250,9318,319.0,-38.625,176.225,16.037061103997985,14.123061103997985
9251,9319,316.0,-38.625,176.275,16.199732600944117,14.303732600944116
9252,9387,405.0,-38.575,176.175,15.778711900522467,13.348711900522467
9253,9388,342.0,-38.575,176.225,15.93911359566846,13.88711359566846
9254,9389,314.0,-38.575,176.275,16.104669405089226,14.220669405089225
9255,9423,493.0,-38.675,176.175,16.0378511074814,13.079851107481401
9256,9424,472.0,-38.675,176.225,16.187272028735606,13.355272028735605
9257,9425,469.0,-38.675,176.275,16.32871191695449,13.51471191695449
9258,9862,332.0,-38.525,176.175,15.752891370706493,13.760891370706494
9259,9863,303.0,-38.525,176.225,15.890814341895748,14.072814341895748
9260,9864,351.0,-38.525,176.275,16.04460460759583,13.93860460759583
9261,9041,325.0,-38.575,176.325,16.26874298925395,14.318742989253952
9262,9150,503.0,-38.575,176.375,16.425914846739033,13.407914846739033
9263,9162,607.0,-38.575,176.425,16.568442187824985,12.926442187824986
9264,9195,577.0,-38.575,176.475,16.68513215027633,13.223132150276331
9265,9320,486.0,-38.625,176.325,16.353793544665677,13.437793544665677
9266,9321,640.0,-38.625,176.375,16.495681177679216,12.655681177679217
9267,9322,642.0,-38.625,176.425,16.619084574718727,12.767084574718726
9268,9323,580.0,-38.625,176.475,16.71514921373455,13.235149213734548
9269,9426,647.0,-38.675,176.325,16.46180039527826,12.57980039527826
9270,9427,639.0,-38.675,176.375,16.582843543816125,12.748843543816125
9271,9428,606.0,-38.675,176.425,16.68570130187436,13.04970130187436
9272,9429,596.0,-38.675,176.475,16.762665085028857,13.186665085028856
9273,9865,295.0,-38.525,176.325,16.207224983983906,14.437224983983906
9274,9866,363.0,-38.525,176.375,16.372429199895123,14.194429199895122
9275,9867,536.0,-38.525,176.425,16.531201850506477,13.315201850506476
9276,9868,558.0,-38.525,176.475,16.66962007471011,13.321620074710111
9277,9269,458.0,-38.575,176.525,16.762343659444014,14.014343659444014
9278,9270,416.0,-38.575,176.575,16.78765260174987,14.291652601749869
9279,9272,367.0,-38.575,176.625,16.754998874792363,14.552998874792364
9280,9324,498.0,-38.625,176.525,16.773898331419332,13.785898331419332
9281,9325,480.0,-38.625,176.575,16.786785548058106,13.906785548058107
9282,9326,495.0,-38.625,176.625,16.749430851225043,13.779430851225042
9283,9430,569.0,-38.675,176.525,16.805739236297086,13.391739236297086
9284,9431,622.0,-38.675,176.575,16.808328534272732,13.076328534272733
9285,9432,624.0,-38.675,176.625,16.766825784172397,13.022825784172397
9286,9869,482.0,-38.525,176.525,16.76867751282407,13.87667751282407
9287,9870,441.0,-38.525,176.575,16.808776891353773,14.162776891353772
9288,9871,420.0,-38.525,176.625,16.78069916871027,14.260699168710271
9289,9275,579.0,-38.575,176.675,16.66669190878747,13.19269190878747
9290,9278,500.0,-38.575,176.725,16.530705603247043,13.530705603247043
9291,9281,323.0,-38.575,176.775,16.357450403418625,14.419450403418624
9292,9288,585.0,-38.575,176.825,16.158396381884813,12.648396381884814
9293,9327,540.0,-38.625,176.675,16.662811057496583,13.422811057496583
9294,9328,341.0,-38.625,176.725,16.532375566195697,14.486375566195697
9295,9329,579.0,-38.625,176.775,16.366405126987956,12.892405126987956
9296,9330,474.0,-38.625,176.825,16.174827284005005,13.330827284005005
9297,9433,420.0,-38.675,176.675,16.68139096608502,14.161390966085019
9298,9434,516.0,-38.675,176.725,16.555699470685795,13.459699470685795
9299,9435,819.0,-38.675,176.775,16.39612034172751,11.48212034172751
9300,9436,798.0,-38.675,176.825,16.210895538155455,11.422895538155455
9301,9872,379.0,-38.525,176.675,16.689874126313953,14.415874126313952
9302,9873,362.0,-38.525,176.725,16.548023153824033,14.376023153824033
9303,9874,615.0,-38.525,176.775,16.3674516226165,12.6774516226165
9304,9875,815.0,-38.525,176.825,16.160598512826255,11.270598512826254
9305,9296,806.0,-38.575,176.875,15.945782755996333,11.109782755996333
9306,9331,573.0,-38.625,176.875,15.968609790521441,12.53060979052144
9307,9332,522.0,-38.625,176.925,15.759391823405167,12.627391823405167
9308,9333,528.0,-38.625,176.975,15.5591012724326,12.3911012724326
9309,9334,840.0,-38.625,177.025,15.379485065524932,10.339485065524933
9310,9437,823.0,-38.675,176.875,16.009541877137963,11.071541877137964
9311,9438,932.0,-38.675,176.925,15.802417285070987,10.210417285070989
9312,9439,815.0,-38.675,176.975,15.600338447460672,10.710338447460671
9313,9440,784.0,-38.675,177.025,15.41419351255172,10.710193512551719
9314,9465,743.0,-38.575,176.925,15.732463649881538,11.27446364988154
9315,9538,374.0,-38.575,176.975,15.53153709389153,13.28753709389153
9316,9585,724.0,-38.575,177.025,15.355737978155958,11.011737978155956
9317,9876,435.0,-38.525,176.875,15.94061140314443,13.330611403144431
9318,9877,530.0,-38.525,176.925,15.721477762970608,12.541477762970608
9319,9878,371.0,-38.525,176.975,15.517600303079234,13.291600303079235
9320,9879,656.0,-38.525,177.025,15.342947511206148,11.406947511206148
9321,9335,904.0,-38.625,177.075,15.231596793222707,9.807596793222707
9322,9336,907.0,-38.625,177.125,15.12533433054341,9.68333433054341
9323,9337,795.0,-38.625,177.175,15.069104580587009,10.29910458058701
9324,9441,1002.0,-38.675,177.075,15.25455751712434,9.24255751712434
9325,9442,1137.0,-38.675,177.125,15.131349713017698,8.3093497130177
9326,9443,1039.0,-38.675,177.175,15.053562732646242,8.819562732646242
9327,9590,558.0,-38.575,177.075,15.216720140335383,11.868720140335384
9328,9595,989.0,-38.575,177.125,15.1244147150137,9.190414715013699
9329,9600,879.0,-38.575,177.175,15.086626670963597,9.812626670963597
9330,9880,573.0,-38.525,177.075,15.209999880491523,11.771999880491522
9331,9881,620.0,-38.525,177.125,15.128817873279331,11.408817873279332
9332,9882,721.0,-38.525,177.175,15.106553958641598,10.780553958641597
9333,9338,678.0,-38.625,177.225,15.069626398006221,11.001626398006222
9334,9339,740.0,-38.625,177.275,15.131808328034822,10.69180832803482
9335,9340,626.0,-38.625,177.325,15.258611135359388,11.502611135359388
9336,9341,825.0,-38.625,177.375,15.450854505761527,10.500854505761527
9337,9444,940.0,-38.675,177.225,15.029052135243546,9.389052135243546
9338,9445,565.0,-38.675,177.275,15.064326083665946,11.674326083665946
9339,9446,369.0,-38.675,177.325,15.16425434028497,12.95025434028497
9340,9447,713.0,-38.675,177.375,15.331655310583301,11.053655310583302
9341,9605,843.0,-38.575,177.225,15.108909742819378,10.050909742819378
9342,9690,822.0,-38.575,177.275,15.194612282997696,10.262612282997695
9343,9693,688.0,-38.575,177.325,15.344929137878353,11.216929137878353
9344,9695,468.0,-38.575,177.375,15.558875524555333,12.750875524555333
9345,9883,1018.0,-38.525,177.225,15.147501597151859,9.039501597151858
9346,9884,928.0,-38.525,177.275,15.253449487354374,9.685449487354374
9347,9885,937.0,-38.525,177.325,15.423981049272697,9.801981049272698
9348,9886,835.0,-38.525,177.375,15.656536251015496,10.646536251015496
9349,9342,363.0,-38.625,177.425,15.707025888725184,13.529025888725183
9350,9343,407.0,-38.625,177.475,16.023224993492477,13.581224993492476
9351,9344,261.0,-38.625,177.525,16.393355186562985,14.827355186562986
9352,9448,529.0,-38.675,177.425,15.566824927052949,12.39282492705295
9353,9449,582.0,-38.675,177.475,15.86719061259646,12.375190612596459
9354,9450,448.0,-38.675,177.525,16.22729932499351,13.53929932499351
9355,9696,440.0,-38.575,177.425,15.833249733317643,13.193249733317643
9356,9700,547.0,-38.575,177.475,16.162748718692455,12.880748718692455
9357,9705,590.0,-38.575,177.525,16.540348970796913,13.000348970796914
9358,9887,539.0,-38.525,177.425,15.946358255518135,12.712358255518135
9359,9888,657.0,-38.525,177.475,16.286640478298068,12.344640478298068
9360,9889,401.0,-38.525,177.525,16.66912129020784,14.263121290207842
9361,9345,320.0,-38.625,177.575,16.809541640453972,14.889541640453972
9362,9346,481.0,-38.625,177.625,17.26260783005273,14.37660783005273
9363,9347,424.0,-38.625,177.675,17.742399426177144,15.198399426177144
9364,9348,391.0,-38.625,177.725,18.237814539694227,15.891814539694227
9365,9451,373.0,-38.675,177.575,16.639207496191375,14.401207496191375
9366,9452,254.0,-38.675,177.625,17.093115922878496,15.569115922878495
9367,9453,263.0,-38.675,177.675,17.57796744222287,15.999967442222871
9368,9454,333.0,-38.675,177.725,18.081767958356068,16.083767958356066
9369,9708,391.0,-38.575,177.575,16.95786566415336,14.61186566415336
9370,9712,276.0,-38.575,177.625,17.406411328469403,15.750411328469403
9371,9716,279.0,-38.575,177.675,17.87650203279918,16.20250203279918
9372,9720,140.0,-38.575,177.725,18.357775422977284,17.517775422977284
9373,9890,456.0,-38.525,177.575,17.084991284587886,14.348991284587886
9374,9891,260.0,-38.525,177.625,17.525535539898556,15.965535539898555
9375,9892,244.0,-38.525,177.675,17.98203925107373,16.51803925107373
9376,9893,118.0,-38.525,177.725,18.44513372145593,17.737133721455933
9377,9046,155.0,-38.525,177.775,18.9041008289787,17.9741008289787
9378,9154,83.0,-38.525,177.825,19.3465380052221,18.8485380052221
9379,9158,55.0,-38.525,177.875,19.75885792239569,19.428857922395693
9380,9199,56.0,-38.525,177.925,20.1281829252257,19.792182925225703
9381,9349,296.0,-38.625,177.775,18.73644558340311,16.96044558340311
9382,9350,39.0,-38.625,177.825,19.223580339865293,18.98958033986529
9383,9351,25.0,-38.625,177.875,19.680004194844514,19.530004194844516
9384,9352,12.0,-38.625,177.925,20.0835638238932,20.0115638238932
9385,9455,443.0,-38.675,177.775,18.59148251725128,15.93348251725128
9386,9456,283.0,-38.675,177.825,19.092282000521664,17.394282000521663
9387,9457,19.0,-38.675,177.875,19.564920199511107,19.450920199511106
9388,9458,10.0,-38.675,177.925,19.976752793591004,19.916752793591005
9389,9724,180.0,-38.575,177.775,18.838421521068085,17.758421521068087
9390,9791,114.0,-38.575,177.825,19.30443682137411,18.62043682137411
9391,9792,40.0,-38.575,177.875,19.73932636011159,19.499326360111592
9392,9794,19.0,-38.575,177.925,20.12654441932682,20.01254441932682
9393,9287,96.0,-38.525,177.975,20.424,19.848
9394,9295,264.0,-38.525,178.025,20.424,18.84
9395,9353,10.0,-38.625,177.975,20.421878972207196,20.361878972207197
9396,9354,139.0,-38.625,178.025,20.424,19.59
9397,9355,90.0,-38.625,178.075,20.424,19.884
9398,9459,5.0,-38.675,177.975,20.322676894429605,20.292676894429604
9399,9460,53.0,-38.675,178.075,20.424,20.105999999999998
9400,9469,194.0,-38.525,178.075,20.424,19.259999999999998
9401,9795,98.0,-38.575,177.975,20.424,19.836
9402,9797,101.0,-38.575,178.025,20.424,19.817999999999998
9403,9799,86.0,-38.575,178.075,20.424,19.908
9404,9356,49.0,-38.625,178.125,20.424,20.13
9405,9470,206.0,-38.525,178.125,20.424,19.188
9406,9471,171.0,-38.525,178.175,20.424,19.398
9407,9472,99.0,-38.525,178.225,20.424,19.83
9408,9473,119.0,-38.525,178.275,20.424,19.71
9409,9802,108.0,-38.575,178.125,20.424,19.776
9410,9805,40.0,-38.575,178.175,20.424,20.184
9411,9474,20.0,-38.475,174.675,17.301500494708307,17.181500494708306
9412,9552,109.0,-38.425,174.675,17.153927058563568,16.499927058563568
9413,9749,236.0,-38.375,174.675,17.01175464098924,15.595754640989238
9414,9475,189.0,-38.475,174.725,17.241250899765873,16.107250899765873
9415,9476,630.0,-38.475,174.775,17.188645321759395,13.408645321759396
9416,9477,405.0,-38.475,174.825,17.14293976390036,14.712939763900359
9417,9478,308.0,-38.475,174.875,17.102280726336176,15.254280726336177
9418,9553,231.0,-38.425,174.725,17.096450075972825,15.710450075972826
9419,9554,268.0,-38.425,174.775,17.051086636871332,15.443086636871332
9420,9555,505.0,-38.425,174.825,17.01599835426896,13.98599835426896
9421,9556,261.0,-38.425,174.875,16.987975513824495,15.421975513824496
9422,9750,113.0,-38.375,174.725,16.95774302459904,16.27974302459904
9423,9751,293.0,-38.375,174.775,16.92114450034569,15.163144500345691
9424,9752,452.0,-38.375,174.825,16.898668767971685,14.186668767971685
9425,9753,320.0,-38.375,174.875,16.88524411144317,14.965244111443171
9426,9479,233.0,-38.475,174.925,17.064155603031395,15.666155603031395
9427,9480,245.0,-38.475,174.975,17.02593092151801,15.55593092151801
9428,9481,160.0,-38.475,175.025,16.98528867692221,16.02528867692221
9429,9557,161.0,-38.425,174.925,16.963284739962546,15.997284739962547
9430,9558,296.0,-38.425,174.975,16.938399927923456,15.162399927923456
9431,9559,248.0,-38.425,175.025,16.910455128207104,15.422455128207105
9432,9754,339.0,-38.375,174.925,16.87557126354659,14.84157126354659
9433,9755,383.0,-38.375,174.975,16.86508572983439,14.56708572983439
9434,9756,264.0,-38.375,175.025,16.85035155445803,15.26635155445803
9435,9482,269.0,-38.475,175.075,16.94050178679754,15.32650178679754
9436,9483,156.0,-38.475,175.125,16.890557862527203,15.954557862527203
9437,9484,179.0,-38.475,175.175,16.83515681582503,15.76115681582503
9438,9485,183.0,-38.475,175.225,16.774607910134364,15.676607910134363
9439,9560,154.0,-38.425,175.075,16.877458808856318,15.953458808856318
9440,9561,236.0,-38.425,175.125,16.83834433995071,15.422344339950708
9441,9562,268.0,-38.425,175.175,16.792905562004307,15.184905562004307
9442,9563,214.0,-38.425,175.225,16.741644512396306,15.457644512396305
9443,9757,255.0,-38.375,175.075,16.829154844017467,15.299154844017467
9444,9758,80.0,-38.375,175.125,16.800457826437196,16.320457826437195
9445,9759,180.0,-38.375,175.175,16.764266902871896,15.684266902871896
9446,9760,268.0,-38.375,175.225,16.721426596690435,15.113426596690434
9447,9486,279.0,-38.475,175.275,16.70965412489022,15.035654124890222
9448,9487,352.0,-38.475,175.325,16.641257344861515,14.529257344861515
9449,9488,508.0,-38.475,175.375,16.570380787656177,13.522380787656177
9450,9564,316.0,-38.425,175.275,16.685553018614883,14.789553018614882
9451,9565,258.0,-38.425,175.325,16.625854463287396,15.077854463287396
9452,9566,456.0,-38.425,175.375,16.56373943190556,13.82773943190556
9453,9761,297.0,-38.375,175.275,16.673348001699196,14.891348001699196
9454,9762,306.0,-38.375,175.325,16.621690166037297,14.785690166037297
9455,9763,255.0,-38.375,175.375,16.56802769974456,15.038027699744562
9456,9047,545.0,-38.425,175.475,16.43553362879902,13.165533628799022
9457,9151,581.0,-38.425,175.525,16.369941024953732,12.883941024953732
9458,9160,540.0,-38.425,175.575,16.303027875488624,13.063027875488624
9459,9489,416.0,-38.475,175.425,16.49779932835372,14.001799328353721
9460,9490,492.0,-38.475,175.475,16.423949743184494,13.471949743184494
9461,9491,565.0,-38.475,175.525,16.34878756609396,12.95878756609396
9462,9492,539.0,-38.475,175.575,16.271672353555914,13.037672353555914
9463,9567,489.0,-38.425,175.425,16.500133756315336,13.566133756315336
9464,9764,581.0,-38.375,175.425,16.51355939626228,13.02755939626228
9465,9765,655.0,-38.375,175.475,16.458931369910715,12.528931369910715
9466,9766,630.0,-38.375,175.525,16.40424279976287,12.62424279976287
9467,9767,488.0,-38.375,175.575,16.349266268109204,13.421266268109203
9468,9200,456.0,-38.425,175.625,16.234660277463263,13.498660277463262
9469,9289,318.0,-38.425,175.675,16.1651039866847,14.2571039866847
9470,9297,265.0,-38.425,175.725,16.094810860959115,14.504810860959115
9471,9391,243.0,-38.425,175.775,16.02452066956903,14.566520669569028
9472,9493,540.0,-38.475,175.625,16.192472477880074,12.952472477880073
9473,9494,304.0,-38.475,175.675,16.111864954262273,14.287864954262274
9474,9495,360.0,-38.475,175.725,16.03033274668269,13.870332746682688
9475,9496,361.0,-38.475,175.775,15.948514533869456,13.782514533869456
9476,9768,351.0,-38.375,175.625,16.293791677395348,14.187791677395348
9477,9769,281.0,-38.375,175.675,16.237840137124294,14.551840137124294
9478,9770,305.0,-38.375,175.725,16.181705218856223,14.351705218856223
9479,9771,217.0,-38.375,175.775,16.126023346412694,14.824023346412694
9480,9394,276.0,-38.425,175.825,15.95559520579991,14.299595205799909
9481,9396,230.0,-38.425,175.875,15.89041767566232,14.510417675662321
9482,9398,322.0,-38.425,175.925,15.832744540122803,13.900744540122803
9483,9497,417.0,-38.475,175.825,15.867718261637492,13.365718261637493
9484,9498,514.0,-38.475,175.875,15.790556609426858,12.706556609426858
9485,9499,489.0,-38.475,175.925,15.72173732126248,12.787737321262481
9486,9772,226.0,-38.375,175.825,16.071920052549103,14.715920052549103
9487,9773,455.0,-38.375,175.875,16.021150872373255,13.291150872373255
9488,9774,378.0,-38.375,175.925,15.9761251063901,13.7081251063901
9489,9400,304.0,-38.425,175.975,15.787744325236417,13.963744325236418
9490,9402,572.0,-38.425,176.025,15.761292163282633,12.329292163282632
9491,9404,352.0,-38.425,176.075,15.75834621253307,13.64634621253307
9492,9406,294.0,-38.425,176.125,15.781293036881834,14.017293036881835
9493,9500,399.0,-38.475,175.975,15.66870402218774,13.27470402218774
9494,9501,649.0,-38.475,176.025,15.641150818380993,11.747150818380993
9495,9502,665.0,-38.475,176.075,15.648084843414836,11.658084843414835
9496,9503,587.0,-38.475,176.125,15.69323363431613,12.17123363431613
9497,9775,407.0,-38.375,175.975,15.939669885789044,13.497669885789044
9498,9776,406.0,-38.375,176.025,15.914442859735573,13.478442859735573
9499,9777,375.0,-38.375,176.075,15.902197668649023,13.652197668649023
9500,9778,489.0,-38.375,176.125,15.903612138412427,12.969612138412428
9501,9408,480.0,-38.425,176.175,15.83000399795128,12.950003997951281
9502,9410,608.0,-38.425,176.225,15.903978371381527,12.255978371381527
9503,9412,397.0,-38.425,176.275,16.004304247064283,13.622304247064283
9504,9504,403.0,-38.475,176.175,15.773373031581286,13.355373031581287
9505,9505,447.0,-38.475,176.225,15.881956788391108,13.199956788391107
9506,9506,346.0,-38.475,176.275,16.01349647185998,13.93749647185998
9507,9779,300.0,-38.375,176.175,15.919528584257932,14.119528584257932
9508,9780,464.0,-38.375,176.225,15.953453372931108,13.169453372931109
9509,9781,754.0,-38.375,176.275,16.01321800108417,11.489218001084168
9510,9414,299.0,-38.425,176.325,16.132841667189496,14.338841667189495
9511,9416,309.0,-38.425,176.375,16.288589527626755,14.434589527626756
9512,9418,496.0,-38.425,176.425,16.463724050758174,13.487724050758175
9513,9507,300.0,-38.475,176.325,16.16418882587459,14.364188825874589
9514,9508,324.0,-38.475,176.375,16.329293100629002,14.385293100629003
9515,9509,442.0,-38.475,176.425,16.49982694973005,13.84782694973005
9516,9510,542.0,-38.475,176.475,16.660073570528766,13.408073570528767
9517,9540,519.0,-38.425,176.475,16.641538840922294,13.527538840922293
9518,9782,346.0,-38.375,176.325,16.10868957778439,14.032689577784389
9519,9783,359.0,-38.375,176.375,16.24496530398028,14.09096530398028
9520,9784,358.0,-38.375,176.425,16.415577037871117,14.267577037871117
9521,9785,510.0,-38.375,176.475,16.600580040510977,13.540580040510978
9522,9511,560.0,-38.475,176.525,16.785497873032,13.425497873032
9523,9512,492.0,-38.475,176.575,16.843739535630448,13.891739535630448
9524,9513,375.0,-38.475,176.625,16.819232557551004,14.569232557551004
9525,9576,540.0,-38.425,176.525,16.79521176495473,13.555211764954729
9526,9579,514.0,-38.425,176.575,16.876667685457505,13.792667685457506
9527,9582,404.0,-38.425,176.625,16.85558355555986,14.431583555559861
9528,9786,530.0,-38.375,176.525,16.767464658478275,13.587464658478275
9529,9787,480.0,-38.375,176.575,16.86752552620601,13.98752552620601
9530,9788,440.0,-38.375,176.625,16.87262914891471,14.232629148914711
9531,9033,165.0,-38.375,176.775,16.49813354422804,15.50813354422804
9532,9038,244.0,-38.375,176.825,16.283870874060085,14.819870874060085
9533,9514,265.0,-38.475,176.675,16.726068801275687,15.136068801275687
9534,9515,201.0,-38.475,176.725,16.580284318042686,15.374284318042687
9535,9516,326.0,-38.475,176.775,16.394499308255035,14.438499308255036
9536,9517,762.0,-38.475,176.825,16.18112693456351,11.609126934563509
9537,9586,240.0,-38.425,176.675,16.766182752442546,15.326182752442547
9538,9591,180.0,-38.425,176.725,16.623279249004554,15.543279249004554
9539,9596,184.0,-38.425,176.775,16.437616283044918,15.333616283044918
9540,9601,680.0,-38.425,176.825,16.221137491811533,12.141137491811532
9541,9789,356.0,-38.375,176.675,16.804012009873986,14.668012009873987
9542,9790,191.0,-38.375,176.725,16.675672665180173,15.529672665180172
9543,9048,678.0,-38.375,176.875,16.04835171753075,11.98035171753075
9544,9049,697.0,-38.375,176.925,15.80972986810957,11.627729868109572
9545,9050,529.0,-38.375,176.975,15.588206216634717,12.414206216634717
9546,9051,225.0,-38.375,177.025,15.404666770627955,14.054666770627955
9547,9518,669.0,-38.475,176.875,15.953859392902814,11.939859392902815
9548,9519,721.0,-38.475,176.925,15.727841481537325,11.401841481537325
9549,9520,262.0,-38.475,176.975,15.519057946890825,13.947057946890826
9550,9521,615.0,-38.475,177.025,15.343132342473837,11.653132342473837
9551,9606,505.0,-38.425,176.875,15.988136367785046,12.958136367785047
9552,9689,338.0,-38.425,176.925,15.755140781635419,13.727140781635418
9553,9691,247.0,-38.425,176.975,15.540120196150383,14.058120196150384
9554,9707,316.0,-38.425,177.025,15.360972952854354,13.464972952854353
9555,9052,339.0,-38.375,177.075,15.277473922207719,13.24347392220772
9556,9053,282.0,-38.375,177.125,15.218022324697813,13.526022324697813
9557,9054,458.0,-38.375,177.175,15.228892715007532,12.480892715007533
9558,9522,687.0,-38.475,177.075,15.213752540294081,11.091752540294081
9559,9523,643.0,-38.475,177.125,15.141235413146205,11.283235413146205
9560,9524,1015.0,-38.475,177.175,15.13190584757831,9.04190584757831
9561,9711,406.0,-38.425,177.075,15.233210005884757,12.797210005884757
9562,9715,624.0,-38.425,177.125,15.167559466848616,11.423559466848616
9563,9719,680.0,-38.425,177.175,15.169043659116141,11.089043659116141
9564,9055,851.0,-38.375,177.225,15.307111109956168,10.201111109956168
9565,9056,832.0,-38.375,177.275,15.449083240120672,10.45708324012067
9566,9057,689.0,-38.375,177.325,15.652486342238262,11.518486342238262
9567,9058,607.0,-38.375,177.375,15.914676307002082,12.272676307002083
9568,9525,1122.0,-38.475,177.225,15.188530801300658,8.456530801300659
9569,9526,606.0,-38.475,177.275,15.311276098480448,11.675276098480449
9570,9527,757.0,-38.475,177.325,15.49836796807358,10.95636796807358
9571,9528,649.0,-38.475,177.375,15.746097318071406,11.852097318071406
9572,9723,458.0,-38.425,177.225,15.238265217165463,12.490265217165463
9573,9727,888.0,-38.425,177.275,15.373613814590499,10.0456138145905
9574,9728,360.0,-38.425,177.325,15.572476742207073,13.412476742207073
9575,9729,628.0,-38.425,177.375,15.83086386701325,12.062863867013249
9576,9059,586.0,-38.375,177.425,16.22993096424034,12.713930964240339
9577,9060,635.0,-38.375,177.475,16.587304631830193,12.777304631830194
9578,9061,616.0,-38.375,177.525,16.970448397973087,13.274448397973087
9579,9529,628.0,-38.475,177.425,16.048455179843586,12.280455179843585
9580,9530,748.0,-38.475,177.475,16.397049119288567,11.909049119288568
9581,9531,734.0,-38.475,177.525,16.781926948809996,12.377926948809996
9582,9730,857.0,-38.425,177.425,16.142222807509825,11.000222807509825
9583,9731,618.0,-38.425,177.475,16.496621573227458,12.788621573227458
9584,9732,732.0,-38.425,177.525,16.881601536471862,12.489601536471863
9585,9062,659.0,-38.375,177.575,17.363895997754298,13.409895997754298
9586,9063,306.0,-38.375,177.625,17.761792858771514,15.925792858771514
9587,9064,372.0,-38.375,177.675,18.162394859595224,15.930394859595225
9588,9065,405.0,-38.375,177.725,18.56151872011833,16.13151872011833
9589,9532,753.0,-38.475,177.575,17.19326880632434,12.67526880632434
9590,9533,478.0,-38.475,177.625,17.622633061138913,14.754633061138913
9591,9534,251.0,-38.475,177.675,18.06252249708632,16.55652249708632
9592,9535,183.0,-38.475,177.725,18.50502698373748,17.40702698373748
9593,9733,586.0,-38.425,177.575,17.285551888344344,13.769551888344344
9594,9734,515.0,-38.425,177.625,17.700706397299655,14.610706397299655
9595,9735,389.0,-38.425,177.675,18.121675712813158,15.787675712813158
9596,9736,79.0,-38.425,177.725,18.542445084487554,18.068445084487553
9597,9066,209.0,-38.375,177.775,18.95250121463323,17.69850121463323
9598,9067,100.0,-38.375,177.825,19.32749744533794,18.72749744533794
9599,9068,168.0,-38.375,177.875,19.67864771024324,18.67064771024324
9600,9069,230.0,-38.375,177.925,19.999125329370145,18.619125329370146
9601,9536,196.0,-38.475,177.775,18.940925235743634,17.764925235743636
9602,9537,101.0,-38.475,177.825,19.35965730121825,18.753657301218247
9603,9539,80.0,-38.475,177.875,19.750113679736387,19.270113679736387
9604,9544,136.0,-38.475,177.925,20.102161551243626,19.286161551243627
9605,9737,236.0,-38.425,177.775,18.95532099722186,17.53932099722186
9606,9738,82.0,-38.425,177.825,19.351352693280205,18.859352693280204
9607,9739,167.0,-38.425,177.875,19.721336242335383,18.719336242335384
9608,9740,158.0,-38.425,177.925,20.057092330185696,19.109092330185696
9609,9070,285.0,-38.375,177.975,20.28403669706313,18.57403669706313
9610,9071,241.0,-38.375,178.025,20.424,18.977999999999998
9611,9072,307.0,-38.375,178.075,20.424,18.582
9612,9545,196.0,-38.475,177.975,20.408534322748892,19.232534322748894
9613,9546,360.0,-38.475,178.025,20.424,18.264
9614,9547,179.0,-38.475,178.075,20.424,19.349999999999998
9615,9741,340.0,-38.425,177.975,20.35277233895613,18.31277233895613
9616,9742,441.0,-38.425,178.025,20.424,17.778
9617,9743,345.0,-38.425,178.075,20.424,18.354
9618,9073,190.0,-38.375,178.125,20.424,19.284
9619,9074,222.0,-38.375,178.175,20.424,19.092
9620,9075,186.0,-38.375,178.225,20.424,19.308
9621,9076,18.0,-38.375,178.275,20.424,20.316
9622,9548,185.0,-38.475,178.125,20.424,19.314
9623,9549,201.0,-38.475,178.175,20.424,19.218
9624,9550,41.0,-38.475,178.225,20.424,20.178
9625,9551,109.0,-38.475,178.275,20.424,19.77
9626,9744,210.0,-38.425,178.125,20.424,19.163999999999998
9627,9745,315.0,-38.425,178.175,20.424,18.534
9628,9746,67.0,-38.425,178.225,20.424,20.022
9629,9747,105.0,-38.425,178.275,20.424,19.794
9630,9748,66.0,-38.425,178.325,20.424,20.028
9631,9077,20.0,-38.325,174.725,16.830698854173534,16.710698854173533
9632,9078,292.0,-38.325,174.775,16.804684063477907,15.052684063477907
9633,9079,295.0,-38.325,174.825,16.79699039965635,15.026990399656352
9634,9080,222.0,-38.325,174.875,16.799904828163562,15.467904828163562
9635,9159,144.0,-38.275,174.725,16.72182950482238,15.85782950482238
9636,9196,63.0,-38.275,174.775,16.70873671505251,16.33073671505251
9637,9217,20.0,-38.175,174.725,16.601075878512347,16.481075878512346
9638,9218,34.0,-38.175,174.775,16.6200539979327,16.4160539979327
9639,9219,174.0,-38.175,174.825,16.66157787333941,15.61757787333941
9640,9220,164.0,-38.175,174.875,16.711409006471513,15.727409006471513
9641,9273,121.0,-38.275,174.825,16.71800634561805,15.992006345618051
9642,9276,239.0,-38.275,174.875,16.738328446808737,15.304328446808737
9643,9950,42.0,-38.225,174.725,16.639930068922695,16.387930068922696
9644,9951,128.0,-38.225,174.775,16.642777735047275,15.874777735047275
9645,9952,100.0,-38.225,174.825,16.67005216522375,16.07005216522375
9646,9953,273.0,-38.225,174.875,16.707065707276342,15.069065707276343
9647,9081,265.0,-38.325,174.925,16.806294468027772,15.216294468027773
9648,9082,349.0,-38.325,174.975,16.810580938268686,14.716580938268686
9649,9083,230.0,-38.325,175.025,16.808854218630586,15.428854218630587
9650,9221,239.0,-38.175,174.925,16.760110331175383,15.326110331175384
9651,9222,408.0,-38.175,174.975,16.80073745502159,14.35273745502159
9652,9223,301.0,-38.175,175.025,16.828399401099887,15.022399401099888
9653,9279,195.0,-38.275,174.925,16.76087802584516,15.590878025845159
9654,9282,301.0,-38.275,174.975,16.7793669726816,14.973366972681601
9655,9290,277.0,-38.275,175.025,16.78959709155606,15.127597091556062
9656,9954,383.0,-38.225,174.925,16.744327151332982,14.446327151332982
9657,9955,529.0,-38.225,174.975,16.775282861170126,13.601282861170127
9658,9956,298.0,-38.225,175.025,16.795535423851106,15.007535423851106
9659,9084,168.0,-38.325,175.075,16.798774626950035,15.790774626950036
9660,9085,69.0,-38.325,175.125,16.779434416093864,16.365434416093862
9661,9086,101.0,-38.325,175.175,16.751175775163574,16.145175775163572
9662,9087,188.0,-38.325,175.225,16.715338961425005,15.587338961425004
9663,9224,162.0,-38.175,175.075,16.840352658298798,15.868352658298798
9664,9225,177.0,-38.175,175.125,16.836178557336098,15.774178557336098
9665,9226,76.0,-38.175,175.175,16.81774427072378,16.36174427072378
9666,9227,59.0,-38.175,175.225,16.788797824381618,16.43479782438162
9667,9298,113.0,-38.275,175.075,16.789198175625643,16.111198175625642
9668,9467,54.0,-38.275,175.125,16.777469863474835,16.453469863474833
9669,9543,60.0,-38.275,175.175,16.755196275364142,16.395196275364142
9670,9583,111.0,-38.275,175.225,16.72436142535298,16.05836142535298
9671,9957,173.0,-38.225,175.075,16.802658514061477,15.764658514061477
9672,9958,54.0,-38.225,175.125,16.79615431104321,16.47215431104321
9673,9959,61.0,-38.225,175.175,16.777321366185788,16.41132136618579
9674,9960,42.0,-38.225,175.225,16.748932717979187,16.49693271797919
9675,9088,290.0,-38.325,175.275,16.673933779093204,14.933933779093204
9676,9089,377.0,-38.325,175.325,16.629247072531143,14.367247072531143
9677,9090,265.0,-38.325,175.375,16.58341483923141,14.99341483923141
9678,9228,62.0,-38.175,175.275,16.754270462493878,16.382270462493878
9679,9229,91.0,-38.175,175.325,16.71954354576883,16.17354354576883
9680,9230,100.0,-38.175,175.375,16.689855500066187,16.089855500066186
9681,9588,129.0,-38.275,175.275,16.687757393927313,15.913757393927312
9682,9593,319.0,-38.275,175.325,16.648508205718827,14.734508205718827
9683,9598,185.0,-38.275,175.375,16.609519541350892,15.499519541350892
9684,9961,80.0,-38.225,175.275,16.714746473764535,16.234746473764535
9685,9962,81.0,-38.225,175.325,16.678935787989758,16.192935787989757
9686,9963,130.0,-38.225,175.375,16.645435620768694,15.865435620768695
9687,9091,426.0,-38.325,175.425,16.53802821598947,13.982028215989471
9688,9092,543.0,-38.325,175.475,16.493906358402455,13.235906358402456
9689,9093,576.0,-38.325,175.525,16.451150925189722,12.995150925189723
9690,9094,518.0,-38.325,175.575,16.409441380616045,13.301441380616044
9691,9231,110.0,-38.175,175.425,16.669119217811385,16.009119217811385
9692,9232,160.0,-38.175,175.475,16.65787484057364,15.69787484057364
9693,9233,132.0,-38.175,175.525,16.654246347869048,15.862246347869048
9694,9234,200.0,-38.175,175.575,16.656126000976656,15.456126000976656
9695,9603,240.0,-38.275,175.425,16.57289813575335,15.132898135753349
9696,9692,333.0,-38.275,175.475,16.539582350931596,14.541582350931597
9697,9710,415.0,-38.275,175.525,16.509474274032982,14.019474274032982
9698,9714,437.0,-38.275,175.575,16.481937790376833,13.859937790376833
9699,9964,176.0,-38.225,175.425,16.617051009874558,15.561051009874557
9700,9965,273.0,-38.225,175.475,16.594689595804084,14.956689595804084
9701,9966,235.0,-38.225,175.525,16.577690496342257,15.167690496342257
9702,9967,261.0,-38.225,175.575,16.564820084284293,14.998820084284294
9703,9095,392.0,-38.325,175.625,16.36839037341997,14.01639037341997
9704,9096,197.0,-38.325,175.675,16.327791432937374,15.145791432937374
9705,9097,213.0,-38.325,175.725,16.287729236035375,15.009729236035374
9706,9098,331.0,-38.325,175.775,16.248620162368752,14.262620162368751
9707,9235,233.0,-38.175,175.625,16.661802827264182,15.263802827264183
9708,9236,154.0,-38.175,175.675,16.670104187505785,15.746104187505786
9709,9237,260.0,-38.175,175.725,16.68044777394971,15.120447773949708
9710,9238,260.0,-38.175,175.775,16.69276877399534,15.13276877399534
9711,9718,300.0,-38.275,175.625,16.456275218748488,14.656275218748487
9712,9722,225.0,-38.275,175.675,16.43201008773758,15.082010087737581
9713,9726,283.0,-38.275,175.725,16.408998988801613,14.710998988801613
9714,9801,424.0,-38.275,175.775,16.387425772089045,13.843425772089045
9715,9968,342.0,-38.225,175.625,16.55492780273198,14.502927802731982
9716,9969,117.0,-38.225,175.675,16.54721579980105,15.845215799801052
9717,9970,320.0,-38.225,175.725,16.541317451978102,14.621317451978102
9718,9971,353.0,-38.225,175.775,16.537245766987326,14.419245766987325
9719,9021,340.0,-38.225,175.875,16.535319383983733,14.495319383983734
9720,9024,387.0,-38.225,175.925,16.53710491640959,14.21510491640959
9721,9099,327.0,-38.325,175.825,16.21121581448824,14.249215814488242
9722,9100,345.0,-38.325,175.875,16.176535704813432,14.106535704813432
9723,9101,620.0,-38.325,175.925,16.145665580639616,12.425665580639617
9724,9239,280.0,-38.175,175.825,16.70728710235562,15.027287102355622
9725,9240,297.0,-38.175,175.875,16.724120610859245,14.942120610859245
9726,9241,369.0,-38.175,175.925,16.742786384071223,14.528786384071223
9727,9804,364.0,-38.275,175.825,16.367698062967975,14.183698062967974
9728,9807,377.0,-38.275,175.875,16.35023223713506,14.08823223713506
9729,9810,421.0,-38.275,175.925,16.335100975091336,13.809100975091336
9730,9972,348.0,-38.225,175.825,16.53521342627937,14.447213426279369
9731,9026,500.0,-38.225,175.975,16.538992693735054,13.538992693735054
9732,9028,549.0,-38.225,176.025,16.537630857725162,13.243630857725162
9733,9030,632.0,-38.225,176.075,16.52718166579143,12.735181665791432
9734,9035,654.0,-38.225,176.125,16.49870958024985,12.574709580249852
9735,9102,404.0,-38.325,175.975,16.119371765380492,13.695371765380493
9736,9103,296.0,-38.325,176.025,16.097581235982943,14.321581235982944
9737,9104,298.0,-38.325,176.075,16.079022140358575,14.291022140358574
9738,9105,341.0,-38.325,176.125,16.06167727909633,14.01567727909633
9739,9242,414.0,-38.175,175.975,16.761648445244646,14.277648445244646
9740,9243,563.0,-38.175,176.025,16.777334966376657,13.399334966376657
9741,9244,659.0,-38.175,176.075,16.784023595188046,12.830023595188045
9742,9245,640.0,-38.175,176.125,16.77225815123529,12.932258151235292
9743,9813,522.0,-38.275,175.975,16.321536219213158,13.189536219213158
9744,9816,517.0,-38.275,176.025,16.307350151560968,13.205350151560967
9745,9819,587.0,-38.275,176.075,16.28849793766858,12.76649793766858
9746,9822,462.0,-38.275,176.125,16.259330107597634,13.487330107597634
9747,9043,376.0,-38.225,176.175,16.440446549095213,14.184446549095213
9748,9106,341.0,-38.325,176.175,16.044919494714122,13.998919494714123
9749,9107,321.0,-38.325,176.225,16.03365326617495,14.107653266174951
9750,9108,359.0,-38.325,176.275,16.042334020632552,13.888334020632552
9751,9165,365.0,-38.225,176.225,16.342357090557925,14.152357090557926
9752,9167,400.0,-38.225,176.275,16.215363848779816,13.815363848779816
9753,9246,526.0,-38.175,176.175,16.726664485555375,13.570664485555376
9754,9247,410.0,-38.175,176.225,16.622402350621996,14.162402350621997
9755,9248,354.0,-38.175,176.275,16.431708221323788,14.307708221323788
9756,9825,380.0,-38.275,176.175,16.21471195781487,13.934711957814871
9757,9828,380.0,-38.275,176.225,16.156067266711034,13.876067266711035
9758,9831,420.0,-38.275,176.275,16.10201032331679,13.58201032331679
9759,9109,501.0,-38.325,176.325,16.092560183577007,13.086560183577006
9760,9110,407.0,-38.325,176.375,16.199767031503143,13.757767031503143
9761,9111,400.0,-38.325,176.425,16.359048180282116,13.959048180282116
9762,9112,465.0,-38.325,176.475,16.544420565565815,13.754420565565816
9763,9169,426.0,-38.225,176.325,16.125180680246558,13.569180680246559
9764,9171,525.0,-38.225,176.375,16.15282685251441,13.002826852514408
9765,9172,299.0,-38.225,176.425,16.290176638314733,14.496176638314733
9766,9173,531.0,-38.225,176.475,16.478120402462082,13.292120402462082
9767,9249,468.0,-38.175,176.325,16.225490346492734,13.417490346492734
9768,9250,388.0,-38.175,176.375,16.21028410163126,13.88228410163126
9769,9251,302.0,-38.175,176.425,16.33673188756802,14.524731887568022
9770,9252,530.0,-38.175,176.475,16.510697921243263,13.330697921243264
9771,9834,571.0,-38.275,176.325,16.092347741912818,12.666347741912817
9772,9837,481.0,-38.275,176.375,16.162585965823382,13.276585965823383
9773,9840,392.0,-38.275,176.425,16.30925359154935,13.95725359154935
9774,9843,360.0,-38.275,176.475,16.495848209713586,14.335848209713586
9775,9113,436.0,-38.325,176.525,16.717370883270632,14.101370883270633
9776,9114,393.0,-38.325,176.575,16.83694721653592,14.478947216535918
9777,9115,423.0,-38.325,176.625,16.879137015115703,14.341137015115702
9778,9174,900.0,-38.225,176.525,16.6684532086947,11.268453208694702
9779,9175,560.0,-38.225,176.575,16.828384209191427,13.468384209191427
9780,9176,356.0,-38.225,176.625,16.934977491444442,14.798977491444443
9781,9253,326.0,-38.175,176.525,16.69256326899631,14.73656326899631
9782,9254,143.0,-38.175,176.575,16.858133540750714,16.000133540750713
9783,9255,166.0,-38.175,176.625,16.986759217863437,15.990759217863436
9784,9901,478.0,-38.275,176.525,16.678566680755466,13.810566680755466
9785,9903,455.0,-38.275,176.575,16.820213471452007,14.090213471452007
9786,9905,440.0,-38.275,176.625,16.896853969694348,14.256853969694347
9787,9116,377.0,-38.325,176.675,16.844470646319678,14.582470646319678
9788,9117,305.0,-38.325,176.725,16.741273168910993,14.911273168910993
9789,9118,179.0,-38.325,176.775,16.57991922693327,15.50591922693327
9790,9119,261.0,-38.325,176.825,16.374247265339363,14.808247265339364
9791,9177,439.0,-38.225,176.675,16.972215628804406,14.338215628804406
9792,9178,396.0,-38.225,176.725,16.931453086435795,14.555453086435795
9793,9179,281.0,-38.225,176.775,16.817161076469347,15.131161076469347
9794,9180,154.0,-38.225,176.825,16.64886987992213,15.724869879922132
9795,9256,140.0,-38.175,176.675,17.0570389094064,16.2170389094064
9796,9257,338.0,-38.175,176.725,17.04790891133598,15.01990891133598
9797,9258,310.0,-38.175,176.775,16.95779417947051,15.097794179470512
9798,9259,168.0,-38.175,176.825,16.81717694440158,15.809176944401582
9799,9907,396.0,-38.275,176.675,16.898782589734765,14.522782589734765
9800,9909,275.0,-38.275,176.725,16.82607908124919,15.17607908124919
9801,9911,221.0,-38.275,176.775,16.686774807807524,15.360774807807523
9802,9913,259.0,-38.275,176.825,16.496432290412486,14.942432290412485
9803,9120,571.0,-38.325,176.875,16.141463908279547,12.715463908279547
9804,9121,608.0,-38.325,176.925,15.901111463957932,12.253111463957932
9805,9122,120.0,-38.325,176.975,15.674966634251177,14.954966634251177
9806,9123,262.0,-38.325,177.025,15.48722740431549,13.915227404315491
9807,9181,452.0,-38.225,176.875,16.45153740781825,13.73953740781825
9808,9182,575.0,-38.225,176.925,16.244981691765133,12.794981691765134
9809,9183,525.0,-38.225,176.975,16.042432061367435,12.892432061367435
9810,9184,504.0,-38.225,177.025,15.86229399475269,12.83829399475269
9811,9260,391.0,-38.175,176.875,16.66307291117846,14.31707291117846
9812,9261,258.0,-38.175,176.925,16.51744679111289,14.969446791112889
9813,9262,83.0,-38.175,176.975,16.381393971212674,15.883393971212675
9814,9263,163.0,-38.175,177.025,16.24620439793216,15.26820439793216
9815,9914,478.0,-38.275,176.875,16.274755957041634,13.406755957041634
9816,9916,574.0,-38.275,176.925,16.041736000042874,12.597736000042875
9817,9917,528.0,-38.275,176.975,15.817862187832361,12.649862187832362
9818,9919,301.0,-38.275,177.025,15.62885977802216,13.822859778022162
9819,9124,575.0,-38.325,177.075,15.360978353914106,11.910978353914107
9820,9125,252.0,-38.325,177.125,15.309053123462945,13.797053123462945
9821,9126,487.0,-38.325,177.175,15.32893901411444,12.406939014114439
9822,9185,237.0,-38.225,177.075,15.74755164666567,14.32555164666567
9823,9186,320.0,-38.225,177.125,15.732762299245223,13.812762299245223
9824,9187,326.0,-38.225,177.175,15.77369556116173,13.817695561161731
9825,9264,97.0,-38.175,177.075,16.147362305026036,15.565362305026035
9826,9265,145.0,-38.175,177.125,16.183115713996813,15.313115713996813
9827,9266,89.0,-38.175,177.175,16.220921796630137,15.686921796630136
9828,9920,368.0,-38.275,177.075,15.505979858862702,13.297979858862702
9829,9921,273.0,-38.275,177.125,15.46657050511567,13.82857050511567
9830,9923,531.0,-38.275,177.175,15.49649430566933,12.31049430566933
9831,9031,179.0,-38.175,177.275,16.17119953216752,15.09719953216752
9832,9036,385.0,-38.175,177.325,16.203362436732277,13.893362436732277
9833,9044,486.0,-38.175,177.375,16.33073455176782,13.414734551767818
9834,9127,798.0,-38.325,177.225,15.411079549638089,10.623079549638089
9835,9128,775.0,-38.325,177.275,15.550054243125487,10.900054243125489
9836,9129,158.0,-38.325,177.325,15.74640868511051,14.798408685110509
9837,9130,724.0,-38.325,177.375,16.00152198143769,11.65752198143769
9838,9188,634.0,-38.225,177.225,15.825382665672805,12.021382665672805
9839,9189,599.0,-38.225,177.275,15.895551761670504,12.301551761670504
9840,9190,519.0,-38.225,177.325,16.014431417919695,12.900431417919695
9841,9191,425.0,-38.225,177.375,16.203482620767318,13.653482620767317
9842,9267,461.0,-38.175,177.225,16.199606555397622,13.433606555397622
9843,9924,663.0,-38.275,177.225,15.573483923217282,11.595483923217282
9844,9926,184.0,-38.275,177.275,15.692817380651832,14.588817380651832
9845,9928,307.0,-38.275,177.325,15.863857344549615,14.021857344549614
9846,9930,386.0,-38.275,177.375,16.09585988993058,13.77985988993058
9847,9131,486.0,-38.325,177.425,16.312301335681695,13.396301335681695
9848,9132,588.0,-38.325,177.475,16.668196857499424,13.140196857499424
9849,9133,589.0,-38.325,177.525,17.04834772873437,13.514347728734371
9850,9146,170.0,-38.175,177.425,16.54995726601919,15.529957266019192
9851,9156,222.0,-38.175,177.475,16.83738029014785,15.505380290147848
9852,9192,490.0,-38.225,177.425,16.464497886539903,13.524497886539903
9853,9193,542.0,-38.225,177.475,16.782701252494007,13.530701252494008
9854,9198,488.0,-38.175,177.525,17.164385696290992,14.236385696290991
9855,9201,458.0,-38.225,177.525,17.132341280870605,14.384341280870606
9856,9931,572.0,-38.275,177.425,16.38910330767976,12.95710330767976
9857,9932,634.0,-38.275,177.475,16.733023038250394,12.929023038250394
9858,9933,506.0,-38.275,177.525,17.105075790779665,14.069075790779666
9859,9134,577.0,-38.325,177.575,17.427405829716008,13.965405829716008
9860,9135,899.0,-38.325,177.625,17.80579494527774,12.41179494527774
9861,9136,1011.0,-38.325,177.675,18.186521502910182,12.120521502910183
9862,9137,500.0,-38.325,177.725,18.565713637915906,15.565713637915906
9863,9202,629.0,-38.225,177.575,17.487941673316527,13.713941673316526
9864,9203,682.0,-38.225,177.625,17.842933172010817,13.750933172010818
9865,9204,566.0,-38.225,177.675,18.197001001855824,14.801001001855823
9866,9205,821.0,-38.225,177.725,18.546548508049455,13.620548508049454
9867,9285,411.0,-38.175,177.575,17.507485290640034,15.041485290640033
9868,9293,678.0,-38.175,177.625,17.854081766156014,13.786081766156014
9869,9468,581.0,-38.175,177.675,18.19848852069117,14.71248852069117
9870,9541,1035.0,-38.175,177.725,18.536243248323444,12.326243248323443
9871,9934,532.0,-38.275,177.575,17.468742811412085,14.276742811412085
9872,9935,770.0,-38.275,177.625,17.831384208926465,13.211384208926464
9873,9936,953.0,-38.275,177.675,18.19623593328288,12.478235933282878
9874,9937,498.0,-38.275,177.725,18.558873889327515,15.570873889327515
9875,9138,287.0,-38.325,177.775,18.936929672432598,17.214929672432596
9876,9139,247.0,-38.325,177.825,19.292994524759706,17.810994524759707
9877,9140,285.0,-38.325,177.875,19.627018279454205,17.917018279454204
9878,9141,248.0,-38.325,177.925,19.933167217532173,18.445167217532173
9879,9206,439.0,-38.225,177.775,18.886312571412418,16.252312571412418
9880,9207,583.0,-38.225,177.825,19.210746851633303,15.712746851633304
9881,9208,463.0,-38.225,177.875,19.514756005548406,16.736756005548408
9882,9209,870.0,-38.225,177.925,19.79416490753647,14.57416490753647
9883,9569,775.0,-38.175,177.775,18.862622372806072,14.212622372806074
9884,9570,908.0,-38.175,177.825,19.172901418758556,13.724901418758556
9885,9572,439.0,-38.175,177.875,19.462808801792562,16.82880880179256
9886,9574,460.0,-38.175,177.925,19.72889353125356,16.968893531253563
9887,9938,380.0,-38.275,177.775,18.913113699120004,16.633113699120003
9888,9939,344.0,-38.275,177.825,19.252470206585713,17.188470206585713
9889,9940,412.0,-38.275,177.875,19.57093150424771,17.09893150424771
9890,9941,424.0,-38.275,177.925,19.86351417255355,17.31951417255355
9891,9142,399.0,-38.325,177.975,20.2072636228404,17.813263622840402
9892,9143,200.0,-38.325,178.025,20.424,19.224
9893,9144,362.0,-38.325,178.075,20.424,18.252
9894,9210,627.0,-38.225,177.975,20.046031206438784,16.284031206438783
9895,9211,564.0,-38.225,178.025,20.26880609052023,16.88480609052023
9896,9212,431.0,-38.225,178.075,20.424,17.838
9897,9577,592.0,-38.175,177.975,19.968777867790777,16.416777867790778
9898,9580,491.0,-38.175,178.025,20.181284734455403,17.2352847344554
9899,9584,528.0,-38.175,178.075,20.366434362716973,17.198434362716974
9900,9942,379.0,-38.275,177.975,20.126669465156738,17.852669465156737
9901,9943,247.0,-38.275,178.025,20.35850737610599,18.87650737610599
9902,9944,370.0,-38.275,178.075,20.424,18.204
9903,9034,61.0,-38.325,178.175,20.424,20.058
9904,9040,237.0,-38.325,178.225,20.424,19.002
9905,9145,262.0,-38.325,178.125,20.424,18.852
9906,9149,19.0,-38.325,178.275,20.424,20.31
9907,9213,381.0,-38.225,178.125,20.424,18.137999999999998
9908,9214,457.0,-38.225,178.175,20.424,17.682
9909,9215,276.0,-38.225,178.225,20.424,18.768
9910,9216,83.0,-38.225,178.275,20.424,19.926
9911,9589,580.0,-38.175,178.125,20.424,16.944
9912,9594,287.0,-38.175,178.175,20.424,18.701999999999998
9913,9599,188.0,-38.175,178.225,20.424,19.296
9914,9604,121.0,-38.175,178.275,20.424,19.698
9915,9945,301.0,-38.275,178.125,20.424,18.618
9916,9946,333.0,-38.275,178.175,20.424,18.426
9917,9947,188.0,-38.275,178.225,20.424,19.296
9918,9948,71.0,-38.275,178.275,20.424,19.998
9919,9152,136.0,-38.325,178.325,20.424,19.608
9920,9694,117.0,-38.175,178.325,20.424,19.722
9921,9949,92.0,-38.275,178.325,20.424,19.872
9922,9697,113.0,-38.125,174.725,16.62974096517428,15.951740965174277
9923,9698,5.0,-38.125,174.775,16.64987002243288,16.619870022432877
9924,9699,20.0,-38.125,174.825,16.696194802963873,16.576194802963872
9925,9701,23.0,-38.125,174.875,16.752751705236733,16.61475170523673
9926,10904,30.0,-38.025,174.825,16.86466315103462,16.68466315103462
9927,10907,61.0,-38.025,174.875,16.924285229848465,16.558285229848465
9928,9702,84.0,-38.125,174.925,16.808705447532702,16.3047054475327
9929,9703,252.0,-38.125,174.975,16.855852730863262,15.343852730863262
9930,9704,334.0,-38.125,175.025,16.88815757902921,14.884157579029212
9931,9995,22.0,-38.075,174.925,16.88666808506241,16.75466808506241
9932,9996,181.0,-38.075,174.975,16.937904133403208,15.851904133403208
9933,9997,318.0,-38.075,175.025,16.972655260906322,15.064655260906322
9934,10775,85.0,-37.975,174.925,17.09938997460995,16.589389974609947
9935,10781,262.0,-37.975,174.975,17.157490662764758,15.585490662764759
9936,10785,338.0,-37.975,175.025,17.195878619415453,15.167878619415452
9937,10934,378.0,-38.025,174.925,16.98686731388443,14.71886731388443
9938,10935,91.0,-38.025,174.975,17.041252395574702,16.495252395574703
9939,10936,308.0,-38.025,175.025,17.077483252098318,15.22948325209832
9940,9706,217.0,-38.125,175.075,16.902075421559857,15.600075421559858
9941,9709,125.0,-38.125,175.125,16.8970397823432,16.1470397823432
9942,9713,111.0,-38.125,175.175,16.875582101463806,16.209582101463806
9943,9717,89.0,-38.125,175.225,16.84276582422899,16.308765824228992
9944,9998,161.0,-38.075,175.075,16.98596136260312,16.01996136260312
9945,9999,130.0,-38.075,175.125,16.976789859705605,16.196789859705603
9946,10000,40.0,-38.075,175.175,16.948545233666664,16.708545233666666
9947,10029,40.0,-38.075,175.225,16.90826068932074,16.668260689320743
9948,10790,495.0,-37.975,175.075,17.203782052907627,14.233782052907626
9949,10794,421.0,-37.975,175.125,17.17696752399206,14.650967523992062
9950,10798,39.0,-37.975,175.175,17.121866027562646,16.887866027562644
9951,10802,20.0,-37.975,175.225,17.053542453679256,16.933542453679255
9952,10937,504.0,-38.025,175.075,17.0883666901791,14.0643666901791
9953,10938,362.0,-38.025,175.125,17.071866571437567,14.899866571437567
9954,10939,139.0,-38.025,175.175,17.032620652171317,16.198620652171318
9955,10940,39.0,-38.025,175.225,16.98075189581141,16.746751895811407
9956,9721,51.0,-38.125,175.275,16.805055487522623,16.49905548752262
9957,9725,79.0,-38.125,175.325,16.769134503556415,16.295134503556415
9958,9793,76.0,-38.125,175.375,16.741427012369968,16.28542701236997
9959,10037,42.0,-38.075,175.275,16.864694548159605,16.612694548159606
9960,10046,40.0,-38.075,175.325,16.826321648986777,16.58632164898678
9961,10154,40.0,-38.075,175.375,16.800370165059576,16.560370165059577
9962,10806,60.0,-37.975,175.275,16.98939312316361,16.62939312316361
9963,10810,83.0,-37.975,175.325,16.943694972229423,16.445694972229422
9964,10814,61.0,-37.975,175.375,16.92466177479946,16.55866177479946
9965,10941,36.0,-38.025,175.275,16.928531051351456,16.712531051351455
9966,10942,53.0,-38.025,175.325,16.887049224140355,16.569049224140354
9967,10943,64.0,-38.025,175.375,16.8643979934277,16.4803979934277
9968,9796,209.0,-38.125,175.425,16.727972564054653,15.473972564054653
9969,9798,78.0,-38.125,175.475,16.728083107445855,16.260083107445855
9970,9800,171.0,-38.125,175.525,16.73778256564401,15.711782565644011
9971,9803,181.0,-38.125,175.575,16.75407452203217,15.66807452203217
9972,10163,82.0,-38.075,175.425,16.793803956155898,16.301803956155897
9973,10169,125.0,-38.075,175.475,16.804549761349335,16.054549761349335
9974,10178,169.0,-38.075,175.525,16.827048992505297,15.813048992505298
9975,10181,260.0,-38.075,175.575,16.8571339349146,15.2971339349146
9976,10818,80.0,-37.975,175.425,16.9338691465382,16.4538691465382
9977,10822,75.0,-37.975,175.475,16.967020875948947,16.517020875948948
9978,10823,153.0,-37.975,175.525,17.016450458788313,16.098450458788314
9979,10824,122.0,-37.975,175.575,17.074038823135197,16.342038823135198
9980,10944,67.0,-38.025,175.425,16.86459007943631,16.46259007943631
9981,10945,259.0,-38.025,175.475,16.885320245986804,15.331320245986804
9982,10946,325.0,-38.025,175.525,16.92049861801206,14.970498618012062
9983,10947,621.0,-38.025,175.575,16.96404100008658,13.238041000086582
9984,9806,111.0,-38.125,175.625,16.77458075422328,16.10858075422328
9985,9809,162.0,-38.125,175.675,16.797639235446695,15.825639235446696
9986,9812,205.0,-38.125,175.725,16.822420579992468,15.592420579992467
9987,9815,208.0,-38.125,175.775,16.848868498171214,15.600868498171215
9988,10190,119.0,-38.075,175.625,16.89137039758498,16.17737039758498
9989,10198,137.0,-38.075,175.675,16.927347342774738,16.10534734277474
9990,10299,140.0,-38.075,175.725,16.963891725201393,16.123891725201393
9991,10306,180.0,-38.075,175.775,17.001025575911626,15.921025575911626
9992,10825,108.0,-37.975,175.625,17.13287280377699,16.48487280377699
9993,10826,184.0,-37.975,175.675,17.188099603459705,16.084099603459705
9994,10827,154.0,-37.975,175.725,17.23744631212321,16.31344631212321
9995,10828,140.0,-37.975,175.775,17.281344494374935,16.441344494374935
9996,10948,232.0,-38.025,175.625,17.010915753577137,15.618915753577138
9997,10949,142.0,-38.025,175.675,17.057630991068436,16.205630991068436
9998,10950,247.0,-38.025,175.725,17.10253695677966,15.62053695677966
9999,10951,139.0,-38.025,175.775,17.145810935326153,16.311810935326154
10000,9818,240.0,-38.125,175.825,16.87741656738217,15.43741656738217
10001,9821,312.0,-38.125,175.875,16.908507473097416,15.036507473097416
10002,9824,272.0,-38.125,175.925,16.942013076797593,15.310013076797594
10003,10334,235.0,-38.075,175.825,17.039605158293853,15.629605158293852
10004,10340,249.0,-38.075,175.875,17.08066756062908,15.586667560629081
10005,10348,279.0,-38.075,175.925,17.124633871018887,15.450633871018887
10006,10829,111.0,-37.975,175.825,17.32242061785655,16.65642061785655
10007,10830,173.0,-37.975,175.875,17.364185429003555,16.326185429003555
10008,10831,240.0,-37.975,175.925,17.40898256620858,15.96898256620858
10009,10952,144.0,-38.025,175.825,17.188997154706158,16.324997154706157
10010,10953,261.0,-38.025,175.875,17.23406705475645,15.668067054756452
10011,10954,304.0,-38.025,175.925,17.28215265335166,15.458152653351659
10012,9827,427.0,-38.125,175.975,16.97670926572755,14.41470926572755
10013,9830,540.0,-38.125,176.025,17.009938882663846,13.769938882663846
10014,9833,594.0,-38.125,176.075,17.037421892688144,13.473421892688144
10015,9836,455.0,-38.125,176.125,17.05280005990062,14.322800059900619
10016,10434,486.0,-38.075,175.975,17.170660588890314,14.254660588890314
10017,10438,540.0,-38.075,176.025,17.21649359280127,13.97649359280127
10018,10443,572.0,-38.075,176.075,17.258992549293907,13.826992549293907
10019,10458,495.0,-38.075,176.125,17.294981385057326,14.324981385057326
10020,10832,495.0,-37.975,175.975,17.455697410128778,14.485697410128777
10021,10833,537.0,-37.975,176.025,17.498489306046395,14.276489306046395
10022,10834,537.0,-37.975,176.075,17.52814334348659,14.30614334348659
10023,10835,537.0,-37.975,176.125,17.53582053424907,14.31382053424907
10024,10955,468.0,-38.025,175.975,17.33239067584509,14.52439067584509
10025,10956,560.0,-38.025,176.025,17.381584207643755,14.021584207643755
10026,10957,560.0,-38.025,176.075,17.425223951606313,14.065223951606313
10027,10958,528.0,-38.025,176.125,17.45933607511688,14.291336075116881
10028,9839,451.0,-38.125,176.175,17.045869008725276,14.339869008725277
10029,9842,290.0,-38.125,176.225,16.996749755810015,15.256749755810015
10030,9894,282.0,-38.125,176.275,16.853104958543554,15.161104958543554
10031,10464,320.0,-38.075,176.175,17.321452356991358,15.401452356991358
10032,10556,282.0,-38.075,176.225,17.333446945383912,15.641446945383912
10033,10558,282.0,-38.075,176.275,17.31137397501152,15.61937397501152
10034,10836,469.0,-37.975,176.175,17.515423096338054,14.701423096338054
10035,10837,386.0,-37.975,176.225,17.459408027731115,15.143408027731116
10036,10838,315.0,-37.975,176.275,17.350225763831986,15.460225763831986
10037,10959,441.0,-38.025,176.175,17.480797409138177,14.834797409138176
10038,10960,426.0,-38.025,176.225,17.481298972532386,14.925298972532387
10039,10961,387.0,-38.025,176.275,17.426160221133614,15.104160221133615
10040,9895,337.0,-38.125,176.325,16.491458113858243,14.469458113858243
10041,9896,520.0,-38.125,176.375,16.425877389352536,13.305877389352535
10042,9897,464.0,-38.125,176.425,16.48298583799624,13.69898583799624
10043,9898,837.0,-38.125,176.475,16.596792560856557,11.574792560856558
10044,10559,286.0,-38.075,176.325,17.104333163704723,15.388333163704724
10045,10570,335.0,-38.075,176.375,16.794603076181374,14.784603076181375
10046,10576,398.0,-38.075,176.425,16.687233391421614,14.299233391421614
10047,10583,559.0,-38.075,176.475,16.699801494338317,13.345801494338318
10048,10839,279.0,-37.975,176.325,17.1732804227795,15.4992804227795
10049,10840,281.0,-37.975,176.375,16.9649936419155,15.278993641915498
10050,10841,280.0,-37.975,176.425,16.798042115784483,15.118042115784483
10051,10842,259.0,-37.975,176.475,16.709507141349604,15.155507141349604
10052,10962,360.0,-38.025,176.325,17.24467149298289,15.084671492982888
10053,10963,278.0,-38.025,176.375,16.989309109922033,15.321309109922034
10054,10964,278.0,-38.025,176.425,16.815148936089827,15.147148936089827
10055,10965,358.0,-38.025,176.475,16.752400474855676,14.604400474855677
10056,9899,262.0,-38.125,176.525,16.74002240828122,15.168022408281221
10057,9900,271.0,-38.125,176.575,16.890606230765115,15.264606230765116
10058,9902,185.0,-38.125,176.625,17.027919630578253,15.917919630578254
10059,10653,620.0,-38.075,176.525,16.779853805550374,13.059853805550375
10060,10655,439.0,-38.075,176.575,16.89506555601838,14.26106555601838
10061,10664,257.0,-38.075,176.625,17.020380928734085,15.478380928734085
10062,10843,261.0,-37.975,176.525,16.694579685339704,15.128579685339705
10063,10844,245.0,-37.975,176.575,16.73116835427936,15.261168354279361
10064,10845,263.0,-37.975,176.625,16.792582879861584,15.214582879861585
10065,10966,295.0,-38.025,176.525,16.77281414612662,15.002814146126621
10066,10967,317.0,-38.025,176.575,16.844451938202837,14.942451938202838
10067,10968,377.0,-38.025,176.625,16.938337349769427,14.676337349769426
10068,9904,166.0,-38.125,176.675,17.127476883353665,16.131476883353667
10069,9906,155.0,-38.125,176.725,17.149890256026993,16.219890256026993
10070,9908,185.0,-38.125,176.775,17.07688849035185,15.966888490351849
10071,9910,199.0,-38.125,176.825,16.967635319859255,15.773635319859256
10072,10030,302.0,-38.025,176.675,17.024057690316113,15.212057690316113
10073,10038,20.0,-38.025,176.725,17.062550523289246,16.942550523289245
10074,10048,20.0,-38.025,176.775,17.04256988578709,16.922569885787087
10075,10166,17.0,-38.025,176.825,17.0252873536665,16.9232873536665
10076,10669,77.0,-38.075,176.675,17.130779575556517,16.668779575556517
10077,10674,34.0,-38.075,176.725,17.18007032672176,16.97607032672176
10078,10679,58.0,-38.075,176.775,17.119221626606304,16.771221626606305
10079,10684,63.0,-38.075,176.825,17.05064377267263,16.67264377267263
10080,10846,481.0,-37.975,176.675,16.850822232256178,13.964822232256179
10081,10847,188.0,-37.975,176.725,16.88206811816781,15.754068118167808
10082,10848,14.0,-37.975,176.775,16.88702847348759,16.80302847348759
10083,10849,7.0,-37.975,176.825,16.90715716185514,16.865157161855137
10084,9912,257.0,-38.125,176.875,16.878308991144877,15.336308991144877
10085,9915,68.0,-38.125,176.925,16.840076679480262,16.43207667948026
10086,9918,55.0,-38.125,176.975,16.848890061839484,16.518890061839485
10087,9922,74.0,-38.125,177.025,16.867102099757176,16.423102099757177
10088,10171,191.0,-38.025,176.875,17.09410610696068,15.94810610696068
10089,10184,147.0,-38.025,176.925,17.347218686772976,16.465218686772975
10090,10193,23.0,-38.025,176.975,17.81303469784325,17.675034697843248
10091,10202,318.0,-38.025,177.025,18.40945752960397,16.501457529603968
10092,10689,214.0,-38.075,176.875,17.04160591692198,15.75760591692198
10093,10694,74.0,-38.075,176.925,17.148184760590084,16.704184760590085
10094,10699,20.0,-38.075,176.975,17.376437023689505,17.256437023689504
10095,10778,28.0,-38.075,177.025,17.670284405408893,17.502284405408894
10096,10850,10.0,-37.975,176.875,17.025421325699426,16.965421325699428
10097,10851,10.0,-37.975,176.925,17.37738244177308,17.31738244177308
10098,10852,8.0,-37.975,176.975,18.03472996765049,17.986729967650493
10099,10853,99.0,-37.975,177.025,18.844994071987458,18.250994071987456
10100,9925,80.0,-38.125,177.075,16.877197837573476,16.397197837573476
10101,9927,40.0,-38.125,177.125,16.94288175291149,16.70288175291149
10102,9929,153.0,-38.125,177.175,16.892871409014333,15.974871409014334
10103,10297,60.0,-38.025,177.075,18.957539892173372,18.597539892173373
10104,10303,38.0,-38.025,177.175,18.647862310463097,18.419862310463095
10105,10782,160.0,-38.075,177.075,17.927429348696023,16.967429348696022
10106,10786,140.0,-38.075,177.125,17.99531372630736,17.15531372630736
10107,10789,95.0,-38.075,177.175,17.756800984207075,17.186800984207075
10108,9973,617.0,-38.125,177.225,16.709207839216106,13.007207839216106
10109,9974,202.0,-38.125,177.275,16.514583914831746,15.302583914831747
10110,9975,84.0,-38.125,177.325,16.426368865766563,15.922368865766563
10111,9976,290.0,-38.125,177.375,16.483109711261932,14.743109711261932
10112,10320,63.0,-38.025,177.225,17.943592361174524,17.565592361174524
10113,10332,17.0,-38.025,177.275,17.282022732077166,17.180022732077166
10114,10336,20.0,-38.025,177.325,16.962140118412208,16.842140118412207
10115,10344,182.0,-38.025,177.375,16.921492107911035,15.829492107911035
10116,10793,343.0,-38.075,177.225,17.31737912882818,15.25937912882818
10117,10797,20.0,-38.075,177.275,16.894430586427916,16.774430586427915
10118,10801,87.0,-38.075,177.325,16.67338068713434,16.151380687134342
10119,10805,218.0,-38.075,177.375,16.67065638245549,15.36265638245549
10120,9977,109.0,-38.125,177.425,16.659798595355824,16.005798595355824
10121,9978,581.0,-38.125,177.475,16.916782277519815,13.430782277519814
10122,9979,686.0,-38.125,177.525,17.220369876304176,13.104369876304176
10123,10446,52.0,-38.025,177.425,17.02284691744717,16.710846917447167
10124,10449,264.0,-38.025,177.475,17.210728177102283,15.626728177102283
10125,10451,410.0,-38.025,177.525,17.45207306841621,14.992073068416213
10126,10809,380.0,-38.075,177.425,16.810825278400443,14.530825278400444
10127,10813,182.0,-38.075,177.475,17.037112748075742,15.945112748075742
10128,10817,515.0,-38.075,177.525,17.31362071784679,14.223620717846789
10129,10854,94.0,-37.975,177.475,17.439035696501378,16.875035696501378
10130,10855,318.0,-37.975,177.525,17.635011484497227,15.727011484497227
10131,9980,406.0,-38.125,177.575,17.546361279091798,15.110361279091798
10132,9981,615.0,-38.125,177.625,17.879685165244155,14.189685165244155
10133,9982,424.0,-38.125,177.675,18.21155048662331,15.667550486623309
10134,9983,442.0,-38.125,177.725,18.536041268147528,15.884041268147529
10135,10457,402.0,-38.025,177.575,17.724399294587784,15.312399294587784
10136,10465,354.0,-38.025,177.625,18.011889263405465,15.887889263405464
10137,10563,205.0,-38.025,177.675,18.30328433564864,17.07328433564864
10138,10568,987.0,-38.025,177.725,18.590346201788634,12.668346201788633
10139,10821,397.0,-38.075,177.575,17.61662065249402,15.234620652494021
10140,10856,276.0,-37.975,177.575,17.86892084561987,16.21292084561987
10141,10857,448.0,-37.975,177.625,18.123860082647298,15.435860082647297
10142,10858,836.0,-37.975,177.675,18.387325251998845,13.371325251998847
10143,10859,745.0,-37.975,177.725,18.649850689282175,14.179850689282176
10144,10878,518.0,-38.075,177.625,17.930458509072196,14.822458509072195
10145,10879,484.0,-38.075,177.675,18.24486402916955,15.340864029169548
10146,10880,591.0,-38.075,177.725,18.55270525359083,15.00670525359083
10147,9984,360.0,-38.125,177.775,18.848267571767792,16.688267571767792
10148,9985,586.0,-38.125,177.825,19.143879344279412,15.627879344279412
10149,9986,762.0,-38.125,177.875,19.419140347337816,14.847140347337817
10150,9987,687.0,-38.125,177.925,19.67113454733044,15.54913454733044
10151,10573,629.0,-38.025,177.775,18.866786060796585,15.092786060796584
10152,10579,695.0,-38.025,177.825,19.127677306882106,14.957677306882106
10153,10658,1175.0,-38.025,177.875,19.369238320796285,12.319238320796284
10154,10660,831.0,-38.025,177.925,19.588815400609747,14.602815400609746
10155,10860,439.0,-37.975,177.775,18.9041124645737,16.2701124645737
10156,10861,881.0,-37.975,177.825,19.144413161673583,13.858413161673582
10157,10862,564.0,-37.975,177.875,19.36646779603325,15.982467796033248
10158,10863,1058.0,-37.975,177.925,19.56736919132527,13.21936919132527
10159,10881,1031.0,-38.075,177.775,18.84852025541477,12.662520255414769
10160,10882,1070.0,-38.075,177.825,19.127863359171897,12.707863359171899
10161,10883,1033.0,-38.075,177.875,19.387157207005657,13.189157207005657
10162,10884,777.0,-38.075,177.925,19.623756336048245,14.961756336048246
10163,9988,558.0,-38.125,177.975,19.89794495824026,16.54994495824026
10164,9989,565.0,-38.125,178.025,20.09874597575981,16.70874597575981
10165,9990,340.0,-38.125,178.075,20.27379058668157,18.23379058668157
10166,10665,635.0,-38.025,177.975,19.78491929208394,15.974919292083943
10167,10670,627.0,-38.025,178.025,19.957220512151252,16.195220512151252
10168,10675,368.0,-38.025,178.075,20.106463362521026,17.898463362521028
10169,10864,989.0,-37.975,177.975,19.74559780326672,13.811597803266718
10170,10865,931.0,-37.975,178.025,19.900971139606554,14.314971139606554
10171,10866,869.0,-37.975,178.075,20.034491037076805,14.820491037076806
10172,10887,594.0,-38.075,177.975,19.83604605140863,16.27204605140863
10173,10890,596.0,-38.075,178.025,20.023488700622693,16.447488700622692
10174,10892,428.0,-38.075,178.075,20.18658406380564,17.61858406380564
10175,9991,536.0,-38.125,178.125,20.424,17.208
10176,9992,222.0,-38.125,178.175,20.424,19.092
10177,9993,154.0,-38.125,178.225,20.424,19.5
10178,9994,175.0,-38.125,178.275,20.424,19.374
10179,10680,495.0,-38.025,178.125,20.234303017670754,17.264303017670755
10180,10685,340.0,-38.025,178.175,20.343094817828387,18.303094817828388
10181,10690,287.0,-38.025,178.225,20.424,18.701999999999998
10182,10695,202.0,-38.025,178.275,20.424,19.212
10183,10867,345.0,-37.975,178.125,20.14810892357491,18.07810892357491
10184,10868,314.0,-37.975,178.175,20.244459069974255,18.360459069974254
10185,10869,265.0,-37.975,178.225,20.326610335323494,18.736610335323494
10186,10870,279.0,-37.975,178.275,20.397874590475112,18.723874590475113
10187,10894,338.0,-38.075,178.125,20.326745391532313,18.298745391532314
10188,10896,432.0,-38.075,178.175,20.424,17.832
10189,10898,332.0,-38.075,178.225,20.424,18.432
10190,10900,212.0,-38.075,178.275,20.424,19.152
10191,10700,98.0,-38.025,178.325,20.424,19.836
10192,10871,329.0,-37.975,178.325,20.424,18.45
10193,10902,314.0,-38.075,178.325,20.424,18.54
10194,10206,84.0,-37.825,174.825,17.26628249839996,16.76228249839996
10195,10815,255.0,-37.875,174.775,17.14092327345861,15.610923273458612
10196,10819,255.0,-37.875,174.825,17.183001323253848,15.653001323253848
10197,10872,21.0,-37.925,174.825,17.082928706338862,16.95692870633886
10198,10873,90.0,-37.925,174.875,17.144104482751573,16.604104482751573
10199,10886,134.0,-37.875,174.875,17.242850920767523,16.438850920767525
10200,10207,51.0,-37.825,174.925,17.386254744051257,17.080254744051256
10201,10208,21.0,-37.825,174.975,17.452984868054045,17.326984868054044
10202,10209,60.0,-37.825,175.025,17.50697234319523,17.14697234319523
10203,10874,230.0,-37.925,174.925,17.21226769918576,15.83226769918576
10204,10875,217.0,-37.925,174.975,17.275273051141994,15.973273051141994
10205,10876,137.0,-37.925,175.025,17.318154723441694,16.496154723441695
10206,10888,99.0,-37.875,174.925,17.31214109173743,16.71814109173743
10207,10889,414.0,-37.875,174.975,17.37967996604857,14.89567996604857
10208,10891,92.0,-37.875,175.025,17.42973279207945,16.87773279207945
10209,10019,60.0,-37.925,175.125,17.28465940314345,16.92465940314345
10210,10023,20.0,-37.925,175.175,17.208187684911536,17.088187684911535
10211,10026,39.0,-37.925,175.225,17.11818085249979,16.88418085249979
10212,10210,130.0,-37.825,175.075,17.523908457282232,16.74390845728223
10213,10211,38.0,-37.825,175.125,17.452178322098916,17.224178322098915
10214,10212,42.0,-37.825,175.175,17.32533181196777,17.073331811967773
10215,10213,41.0,-37.825,175.225,17.191134840337327,16.945134840337328
10216,10877,169.0,-37.925,175.075,17.324420757591724,16.310420757591725
10217,10893,143.0,-37.875,175.075,17.438568657729775,16.580568657729774
10218,10895,40.0,-37.875,175.125,17.383663713000715,17.143663713000716
10219,10897,20.0,-37.875,175.175,17.280695250898134,17.160695250898133
10220,10899,37.0,-37.875,175.225,17.165767794911517,16.943767794911516
10221,10033,41.0,-37.925,175.275,17.03895431739511,16.79295431739511
10222,10042,60.0,-37.925,175.325,16.98877060902305,16.62877060902305
10223,10052,62.0,-37.925,175.375,16.975491219811374,16.603491219811374
10224,10214,50.0,-37.825,175.275,17.08008668012917,16.78008668012917
10225,10215,40.0,-37.825,175.325,17.025833166611847,16.785833166611848
10226,10216,48.0,-37.825,175.375,17.043123016657773,16.755123016657773
10227,10901,60.0,-37.875,175.275,17.06970888702199,16.70970888702199
10228,10903,44.0,-37.875,175.325,17.016758814337663,16.752758814337664
10229,10905,48.0,-37.875,175.375,17.014038477878785,16.726038477878785
10230,10156,60.0,-37.925,175.425,16.997622851777123,16.637622851777124
10231,10161,71.0,-37.925,175.475,17.047334794828203,16.621334794828204
10232,10167,89.0,-37.925,175.525,17.11406119237654,16.58006119237654
10233,10174,105.0,-37.925,175.575,17.18731488645426,16.55731488645426
10234,10217,56.0,-37.825,175.425,17.109690994606353,16.773690994606355
10235,10218,71.0,-37.825,175.475,17.206205900904024,16.780205900904026
10236,10219,282.0,-37.825,175.525,17.317572526546428,15.625572526546428
10237,10220,197.0,-37.825,175.575,17.429342633782653,16.247342633782655
10238,10908,63.0,-37.875,175.425,17.055029926792486,16.677029926792486
10239,10969,71.0,-37.875,175.475,17.12628958982532,16.70028958982532
10240,10970,88.0,-37.875,175.525,17.213926028605783,16.685926028605785
10241,10971,118.0,-37.875,175.575,17.305156079033623,16.597156079033624
10242,10186,171.0,-37.925,175.625,17.258088650240097,16.232088650240097
10243,10194,101.0,-37.925,175.675,17.319853178516496,16.713853178516494
10244,10203,100.0,-37.925,175.725,17.369463535986142,16.76946353598614
10245,10221,185.0,-37.825,175.625,17.527343822905095,16.417343822905096
10246,10222,179.0,-37.825,175.675,17.59933613956673,16.52533613956673
10247,10223,80.0,-37.825,175.725,17.638022822298808,17.158022822298808
10248,10224,69.0,-37.825,175.775,17.64402194149443,17.230021941494428
10249,10301,80.0,-37.925,175.775,17.407669687789166,16.927669687789166
10250,10972,314.0,-37.875,175.625,17.38863826871966,15.50463826871966
10251,10973,179.0,-37.875,175.675,17.455583698669216,16.381583698669214
10252,10974,82.0,-37.875,175.725,17.501399430824677,17.009399430824676
10253,10975,78.0,-37.875,175.775,17.527032254380174,17.059032254380174
10254,10225,73.0,-37.825,175.825,17.626793884293875,17.188793884293876
10255,10226,125.0,-37.825,175.875,17.602335464849602,16.852335464849602
10256,10227,565.0,-37.825,175.925,17.58834724908229,14.198347249082289
10257,10304,100.0,-37.925,175.825,17.438726077467436,16.838726077467435
10258,10316,107.0,-37.925,175.875,17.468728487292537,16.826728487292538
10259,10326,394.0,-37.925,175.925,17.502547840063926,15.138547840063925
10260,10976,70.0,-37.875,175.825,17.53899732089485,17.11899732089485
10261,10977,67.0,-37.875,175.875,17.547459119086852,17.14545911908685
10262,10978,343.0,-37.875,175.925,17.562237790058134,15.504237790058134
10263,10228,296.0,-37.825,175.975,17.596910517168,15.820910517167999
10264,10229,180.0,-37.825,176.025,17.61449781997362,16.534497819973623
10265,10230,224.0,-37.825,176.075,17.587648853979772,16.24364885397977
10266,10231,161.0,-37.825,176.125,17.45602541611879,16.49002541611879
10267,10330,458.0,-37.925,175.975,17.539575918664923,14.791575918664924
10268,10335,444.0,-37.925,176.025,17.570046569453552,14.906046569453553
10269,10343,463.0,-37.925,176.075,17.576313870493323,14.798313870493322
10270,10440,486.0,-37.925,176.125,17.54117242002394,14.62517242002394
10271,10979,416.0,-37.875,175.975,17.586076491395943,15.090076491395942
10272,10980,322.0,-37.875,176.025,17.60535466892179,15.67335466892179
10273,10981,346.0,-37.875,176.075,17.588723133172607,15.512723133172607
10274,10982,346.0,-37.875,176.125,17.504118532902794,15.428118532902793
10275,10232,241.0,-37.825,176.175,17.202062740601832,15.756062740601832
10276,10233,346.0,-37.825,176.225,16.88497419533087,14.808974195330869
10277,10234,160.0,-37.825,176.275,16.59182906197384,15.63182906197384
10278,10454,394.0,-37.925,176.175,17.457298012363026,15.093298012363025
10279,10461,346.0,-37.925,176.225,17.32868779936689,15.252687799366889
10280,10468,250.0,-37.925,176.275,17.164138311258284,15.664138311258284
10281,10983,368.0,-37.875,176.175,17.342873484274605,15.134873484274605
10282,10984,441.0,-37.875,176.225,17.129443886340596,14.483443886340595
10283,10985,292.0,-37.875,176.275,16.903584968618816,15.151584968618815
10284,10235,75.0,-37.825,176.325,16.368563015334075,15.918563015334076
10285,10236,40.0,-37.825,176.375,16.226472348324023,15.986472348324023
10286,10237,20.0,-37.825,176.425,16.145935300039127,16.025935300039126
10287,10238,16.0,-37.825,176.475,16.114859961846378,16.018859961846378
10288,10557,171.0,-37.925,176.325,16.97736380228889,15.951363802288892
10289,10560,216.0,-37.925,176.375,16.795800697174855,15.499800697174855
10290,10566,201.0,-37.925,176.425,16.653435178595828,15.447435178595828
10291,10571,162.0,-37.925,176.475,16.57046254069428,15.59846254069428
10292,10986,235.0,-37.875,176.325,16.698467277252348,15.288467277252348
10293,10987,78.0,-37.875,176.375,16.535320870723808,16.067320870723808
10294,10988,61.0,-37.875,176.425,16.422168868768495,16.056168868768495
10295,10989,72.0,-37.875,176.475,16.361005405691685,15.929005405691685
10296,10239,20.0,-37.825,176.525,16.12433436207357,16.004334362073568
10297,10240,20.0,-37.825,176.575,16.165117307798937,16.045117307798936
10298,10577,175.0,-37.925,176.525,16.546318416192662,15.496318416192661
10299,10582,159.0,-37.925,176.575,16.566468260949478,15.612468260949477
10300,10652,85.0,-37.925,176.625,16.6104304328328,16.1004304328328
10301,10990,78.0,-37.875,176.525,16.347461007360835,15.879461007360835
10302,10991,101.0,-37.875,176.575,16.370619845984038,15.764619845984038
10303,10992,104.0,-37.875,176.625,16.41631899215281,15.79231899215281
10304,10654,206.0,-37.925,176.675,16.657626142347,15.421626142346998
10305,10661,174.0,-37.925,176.725,16.694675510167144,15.650675510167144
10306,10666,8.0,-37.925,176.775,16.726290454505943,16.678290454505944
10307,10671,5.0,-37.925,176.825,16.783901885908563,16.75390188590856
10308,10993,99.0,-37.875,176.675,16.47180045483401,15.877800454834011
10309,10676,6.0,-37.925,176.875,16.931468831957318,16.895468831957317
10310,10681,4.0,-37.925,176.925,17.307969643559773,17.28396964355977
10311,10241,80.0,-37.825,177.625,18.56950228352798,18.08950228352798
10312,10242,391.0,-37.825,177.675,18.74199902144028,16.39599902144028
10313,10243,179.0,-37.825,177.725,18.92436988162808,17.85036988162808
10314,10686,139.0,-37.925,177.575,18.04210194834741,17.20810194834741
10315,10691,264.0,-37.925,177.625,18.260852658422664,16.676852658422664
10316,10696,187.0,-37.925,177.675,18.493361188389827,17.371361188389827
10317,10701,145.0,-37.925,177.725,18.728932000230998,17.858932000230997
10318,10994,189.0,-37.875,177.625,18.413245791569352,17.279245791569352
10319,10995,573.0,-37.875,177.675,18.61450872127898,15.17650872127898
10320,10996,383.0,-37.875,177.725,18.822671590314712,16.52467159031471
10321,10244,894.0,-37.825,177.775,19.106742550735362,13.742742550735361
10322,10245,811.0,-37.825,177.825,19.28071744524641,14.41471744524641
10323,10246,712.0,-37.825,177.875,19.439501519489568,15.167501519489567
10324,10247,276.0,-37.825,177.925,19.578425218933262,17.922425218933263
10325,10769,896.0,-37.925,177.775,18.959135023062117,13.583135023062116
10326,10771,241.0,-37.925,177.825,19.17733746772865,17.731337467728647
10327,10773,363.0,-37.925,177.875,19.37853855470894,17.200538554708938
10328,10776,740.0,-37.925,177.925,19.55938902340131,15.119389023401308
10329,10997,339.0,-37.875,177.775,19.028374725370668,16.99437472537067
10330,10998,575.0,-37.875,177.825,19.224038775952067,15.774038775952068
10331,10999,581.0,-37.875,177.875,19.403815971047152,15.917815971047151
10332,11000,720.0,-37.875,177.925,19.563773410045542,15.243773410045542
10333,10040,738.0,-37.875,177.975,19.70207160449354,15.274071604493539
10334,10051,560.0,-37.875,178.025,19.818879099970218,16.45887909997022
10335,10157,491.0,-37.875,178.075,19.91597607464064,16.969976074640638
10336,10248,656.0,-37.825,177.975,19.69547051435802,15.759470514358021
10337,10249,694.0,-37.825,178.025,19.79121947987005,15.627219479870051
10338,10250,616.0,-37.825,178.075,19.868156454409473,16.172156454409475
10339,10779,1115.0,-37.925,177.975,19.718232619867194,13.028232619867193
10340,10783,1212.0,-37.925,178.025,19.855025015072897,12.583025015072899
10341,10787,1277.0,-37.925,178.075,19.971087282407098,12.309087282407098
10342,10160,469.0,-37.875,178.125,19.9962301524356,17.1822301524356
10343,10175,218.0,-37.875,178.175,20.06313086609589,18.75513086609589
10344,10183,116.0,-37.875,178.225,20.120437849196605,19.424437849196604
10345,10195,72.0,-37.875,178.275,20.171947572438512,19.739947572438513
10346,10251,496.0,-37.825,178.125,19.929849291045684,16.953849291045685
10347,10252,764.0,-37.825,178.175,19.980387791001704,15.396387791001704
10348,10253,415.0,-37.825,178.225,20.024054554407485,17.534054554407483
10349,10254,142.0,-37.825,178.275,20.06506937899394,19.21306937899394
10350,10791,869.0,-37.925,178.125,20.068757818837184,14.854757818837186
10351,10795,329.0,-37.925,178.175,20.151035003887955,18.177035003887955
10352,10799,104.0,-37.925,178.225,20.221270907321014,19.597270907321015
10353,10803,112.0,-37.925,178.275,20.282973198627587,19.610973198627587
10354,10204,50.0,-37.875,178.325,20.22161271062214,19.92161271062214
10355,10205,173.0,-37.875,178.375,20.272403352952097,19.234403352952096
10356,10255,93.0,-37.825,178.325,20.107213307870552,19.549213307870552
10357,10256,33.0,-37.825,178.375,20.152791470696684,19.954791470696684
10358,10257,200.0,-37.825,178.425,20.201987894135527,19.001987894135528
10359,10807,462.0,-37.925,178.325,20.339944054489024,17.567944054489026
10360,10811,69.0,-37.925,178.375,20.395157693710644,19.981157693710642
10361,10258,103.0,-37.775,174.875,17.37248397557414,16.754483975574143
10362,10300,103.0,-37.725,174.825,17.3707509029191,16.7527509029191
10363,10305,79.0,-37.725,174.875,17.398765621881466,16.924765621881466
10364,10722,64.0,-37.675,174.825,17.396074701740872,17.01207470174087
10365,10723,44.0,-37.675,174.875,17.405452825361863,17.141452825361863
10366,10764,95.0,-37.625,174.825,17.411310658208095,16.841310658208094
10367,10765,22.0,-37.625,174.875,17.40124517545337,17.269245175453367
10368,10001,84.0,-37.625,175.025,17.38020010877517,16.87620010877517
10369,10259,22.0,-37.775,174.975,17.482563205063343,17.35056320506334
10370,10260,161.0,-37.775,175.025,17.524653868662426,16.558653868662425
10371,10333,80.0,-37.725,174.925,17.436081178719178,16.956081178719177
10372,10341,38.0,-37.725,174.975,17.472331050550565,17.244331050550564
10373,10349,104.0,-37.725,175.025,17.49284974753391,16.86884974753391
10374,10724,117.0,-37.675,174.925,17.42269479087554,16.72069479087554
10375,10725,116.0,-37.675,174.975,17.43787189235445,16.74187189235445
10376,10726,209.0,-37.675,175.025,17.438910773023963,16.18491077302396
10377,10766,109.0,-37.625,174.925,17.398487802391173,16.744487802391173
10378,10767,117.0,-37.625,174.975,17.39438902999973,16.69238902999973
10379,10002,97.0,-37.625,175.075,17.349259325419553,16.767259325419552
10380,10003,113.0,-37.625,175.125,17.30064010314527,16.62264010314527
10381,10004,18.0,-37.625,175.175,17.24204132219893,17.13404132219893
10382,10005,20.0,-37.625,175.225,17.188862749462714,17.068862749462713
10383,10261,81.0,-37.775,175.075,17.527827424142743,17.041827424142742
10384,10262,26.0,-37.775,175.125,17.456212867051363,17.300212867051364
10385,10263,23.0,-37.775,175.175,17.33251412617392,17.194514126173917
10386,10264,41.0,-37.775,175.225,17.199645236862125,16.953645236862126
10387,10445,209.0,-37.725,175.075,17.47804209520109,16.22404209520109
10388,10447,20.0,-37.725,175.125,17.413608001632383,17.293608001632382
10389,10448,40.0,-37.725,175.175,17.31155512027908,17.071555120279083
10390,10450,24.0,-37.725,175.225,17.201633112243144,17.057633112243145
10391,10727,131.0,-37.675,175.075,17.413774478598498,16.627774478598496
10392,10728,191.0,-37.675,175.125,17.357285685604438,16.211285685604437
10393,10729,27.0,-37.675,175.175,17.278483534348197,17.1164835343482
10394,10730,33.0,-37.675,175.225,17.198510535497917,17.000510535497916
10395,10006,33.0,-37.625,175.275,17.160065038246103,16.962065038246102
10396,10007,30.0,-37.625,175.325,17.172757229360286,16.992757229360286
10397,10008,31.0,-37.625,175.375,17.236671188933542,17.050671188933542
10398,10265,20.0,-37.775,175.275,17.088114380196203,16.9681143801962
10399,10266,49.0,-37.775,175.325,17.03811841533752,16.74411841533752
10400,10267,41.0,-37.775,175.375,17.07902349694632,16.83302349694632
10401,10456,40.0,-37.725,175.275,17.115484939247835,16.875484939247837
10402,10463,40.0,-37.725,175.325,17.0874120410881,16.847412041088102
10403,10555,45.0,-37.725,175.375,17.133758907206357,16.863758907206357
10404,10731,32.0,-37.675,175.275,17.143312476197025,16.951312476197025
10405,10732,30.0,-37.675,175.325,17.13711363999755,16.95711363999755
10406,10733,40.0,-37.675,175.375,17.191573948424775,16.951573948424777
10407,10009,38.0,-37.625,175.425,17.352455845451914,17.124455845451912
10408,10010,30.0,-37.625,175.475,17.51493101613596,17.33493101613596
10409,10011,37.0,-37.625,175.525,17.7154235287162,17.4934235287162
10410,10012,20.0,-37.625,175.575,17.939267491194187,17.819267491194186
10411,10268,52.0,-37.775,175.425,17.169181992358062,16.85718199235806
10412,10269,158.0,-37.775,175.475,17.289691906160442,16.34169190616044
10413,10270,164.0,-37.775,175.525,17.425569910585182,16.441569910585184
10414,10271,156.0,-37.775,175.575,17.56058516574558,16.62458516574558
10415,10562,47.0,-37.725,175.425,17.23612346695154,16.95412346695154
10416,10565,86.0,-37.725,175.475,17.375164131779457,16.85916413177946
10417,10569,60.0,-37.725,175.525,17.534682196070207,17.174682196070208
10418,10575,48.0,-37.725,175.575,17.696213822695427,17.408213822695426
10419,10734,46.0,-37.675,175.425,17.30138721864205,17.02538721864205
10420,10735,42.0,-37.675,175.475,17.454235470999265,17.202235470999266
10421,10736,53.0,-37.675,175.525,17.63592475207406,17.31792475207406
10422,10737,33.0,-37.675,175.575,17.827748060051817,17.629748060051817
10423,10013,24.0,-37.625,175.625,18.15853790845722,18.01453790845722
10424,10014,31.0,-37.625,175.675,18.322775451903,18.136775451903
10425,10015,30.0,-37.625,175.725,18.361623536533443,18.181623536533444
10426,10016,20.0,-37.625,175.775,18.236462755972752,18.11646275597275
10427,10272,62.0,-37.775,175.625,17.676608840120025,17.304608840120025
10428,10273,78.0,-37.775,175.675,17.755801708291983,17.287801708291983
10429,10274,79.0,-37.775,175.725,17.785712625511223,17.311712625511223
10430,10275,52.0,-37.775,175.775,17.765366033825558,17.453366033825557
10431,10581,40.0,-37.725,175.625,17.83650684065651,17.596506840656513
10432,10656,57.0,-37.725,175.675,17.929023966979003,17.587023966979004
10433,10659,42.0,-37.725,175.725,17.951692821574397,17.6996928215744
10434,10663,47.0,-37.725,175.775,17.89916964157601,17.61716964157601
10435,10738,43.0,-37.675,175.625,18.001964317285456,17.743964317285457
10436,10739,30.0,-37.675,175.675,18.120142945932457,17.940142945932458
10437,10740,32.0,-37.675,175.725,18.14267581378226,17.95067581378226
10438,10741,31.0,-37.675,175.775,18.05392053796095,17.86792053796095
10439,10017,449.0,-37.625,175.825,17.98504373835749,15.29104373835749
10440,10018,232.0,-37.625,175.875,17.68211433920078,16.29011433920078
10441,10020,42.0,-37.625,175.925,17.420079031580826,17.168079031580827
10442,10276,47.0,-37.775,175.825,17.708116614288883,17.426116614288883
10443,10277,154.0,-37.775,175.875,17.638429505983368,16.714429505983368
10444,10278,482.0,-37.775,175.925,17.58413092032424,14.692130920324242
10445,10668,40.0,-37.725,175.825,17.79002897744067,17.55002897744067
10446,10673,480.0,-37.725,175.875,17.662139700812986,14.782139700812987
10447,10678,440.0,-37.725,175.925,17.56045645501581,14.92045645501581
10448,10742,58.0,-37.675,175.825,17.879215867549647,17.531215867549648
10449,10743,690.0,-37.675,175.875,17.674619747849647,13.534619747849646
10450,10744,243.0,-37.675,175.925,17.508867703581927,16.05086770358193
10451,10279,460.0,-37.775,175.975,17.57203552595456,14.812035525954562
10452,10280,215.0,-37.775,176.025,17.60288763223798,16.31288763223798
10453,10281,50.0,-37.775,176.075,17.589171739091398,17.289171739091397
10454,10282,80.0,-37.775,176.125,17.42647631262662,16.94647631262662
10455,10683,301.0,-37.725,175.975,17.525785456964513,15.719785456964514
10456,10688,210.0,-37.725,176.025,17.56224753029528,16.30224753029528
10457,10693,122.0,-37.725,176.075,17.577744708862156,16.845744708862156
10458,10698,37.0,-37.725,176.125,17.42963992690784,17.207639926907838
10459,10745,121.0,-37.675,175.975,17.436510756233474,16.710510756233475
10460,10746,24.0,-37.675,176.025,17.451634430268314,17.307634430268315
10461,10747,20.0,-37.675,176.075,17.47133986253175,17.35133986253175
10462,10748,3.0,-37.675,176.125,17.35796293526073,17.33996293526073
10463,10283,163.0,-37.775,176.175,17.05578576485277,16.07778576485277
10464,10284,286.0,-37.775,176.225,16.60141766499146,14.88541766499146
10465,10285,21.0,-37.775,176.275,16.247217909491155,16.121217909491154
10466,10703,19.0,-37.725,176.225,16.263786528463243,16.149786528463242
10467,10704,56.0,-37.725,176.275,15.892436628928408,15.556436628928408
10468,10749,9.0,-37.675,176.225,15.927884517877828,15.873884517877828
10469,10021,45.0,-37.625,176.425,15.278820169740357,15.008820169740357
10470,10286,15.0,-37.775,176.325,16.026958905888023,15.936958905888023
10471,10287,7.0,-37.775,176.375,15.910378070286242,15.868378070286242
10472,10288,6.0,-37.775,176.425,15.863477966719074,15.827477966719075
10473,10705,9.0,-37.725,176.325,15.705522461677901,15.651522461677901
10474,10289,389.0,-37.775,177.725,19.026459026907105,16.692459026907105
10475,10706,171.0,-37.725,177.725,19.121274188742973,18.095274188742973
10476,10022,55.0,-37.625,177.925,19.660611518193036,19.330611518193038
10477,10290,480.0,-37.775,177.775,19.188069241004996,16.308069241004997
10478,10291,292.0,-37.775,177.825,19.342477513710037,17.590477513710038
10479,10292,552.0,-37.775,177.875,19.48179943417199,16.16979943417199
10480,10293,192.0,-37.775,177.925,19.600321993231773,18.448321993231772
10481,10707,298.0,-37.725,177.775,19.265495833591558,17.477495833591558
10482,10708,703.0,-37.725,177.825,19.403446439653635,15.185446439653635
10483,10709,399.0,-37.725,177.875,19.525946556183044,17.131946556183046
10484,10710,289.0,-37.725,177.925,19.625462336931378,17.891462336931376
10485,10750,96.0,-37.675,177.825,19.45651727594668,18.88051727594668
10486,10751,22.0,-37.675,177.875,19.56583585595945,19.433835855959448
10487,10752,234.0,-37.675,177.925,19.6484393387218,18.2444393387218
10488,10025,350.0,-37.625,177.975,19.69425913010491,17.59425913010491
10489,10028,213.0,-37.625,178.025,19.70779642550042,18.42979642550042
10490,10035,242.0,-37.625,178.075,19.70800971094286,18.256009710942863
10491,10294,377.0,-37.775,177.975,19.695877413381822,17.433877413381822
10492,10295,837.0,-37.775,178.025,19.769888672686648,14.74788867268665
10493,10296,1099.0,-37.775,178.075,19.82592580502387,13.23192580502387
10494,10711,357.0,-37.725,177.975,19.699675612384453,17.557675612384454
10495,10712,211.0,-37.725,178.025,19.75179173372453,18.485791733724533
10496,10713,391.0,-37.725,178.075,19.786965019942727,17.440965019942727
10497,10753,367.0,-37.675,177.975,19.70167944172863,17.49967944172863
10498,10754,328.0,-37.675,178.025,19.73275315220235,17.76475315220235
10499,10755,185.0,-37.675,178.075,19.748537031759042,18.638537031759043
10500,10031,1036.0,-37.775,178.125,19.86838340270333,13.65238340270333
10501,10039,752.0,-37.775,178.175,19.901934895373415,15.389934895373415
10502,10045,171.0,-37.625,178.125,19.699666812026408,18.673666812026408
10503,10049,397.0,-37.775,178.225,19.93136398383649,17.54936398383649
10504,10155,167.0,-37.775,178.275,19.961303810297977,18.95930381029798
10505,10165,659.0,-37.625,178.175,19.687251357536297,15.733251357536297
10506,10172,341.0,-37.625,178.225,19.67580629629083,17.62980629629083
10507,10185,498.0,-37.625,178.275,19.671906157629564,16.683906157629565
10508,10714,770.0,-37.725,178.125,19.81033051823033,15.19033051823033
10509,10715,262.0,-37.725,178.175,19.82690850860672,18.25490850860672
10510,10716,619.0,-37.725,178.225,19.841857508406974,16.127857508406976
10511,10717,176.0,-37.725,178.275,19.860385904088616,18.804385904088615
10512,10756,415.0,-37.675,178.125,19.754334875382483,17.26433487538248
10513,10757,446.0,-37.675,178.175,19.75505481363507,17.07905481363507
10514,10758,334.0,-37.675,178.225,19.755978495348245,17.751978495348244
10515,10759,67.0,-37.675,178.275,19.763101000222377,19.361101000222376
10516,10162,139.0,-37.775,178.325,19.995583474985324,19.161583474985324
10517,10170,144.0,-37.775,178.375,20.036286482063588,19.172286482063587
10518,10179,45.0,-37.775,178.425,20.0834121601074,19.8134121601074
10519,10192,9.0,-37.625,178.325,19.684220832423307,19.63022083242331
10520,10718,149.0,-37.725,178.325,19.886882623890415,18.992882623890416
10521,10719,106.0,-37.725,178.375,19.923459007579368,19.28745900757937
10522,10720,235.0,-37.725,178.425,19.969430664670654,18.559430664670653
10523,10760,72.0,-37.675,178.325,19.782234732061625,19.350234732061626
10524,10761,121.0,-37.675,178.375,19.81593298050575,19.08993298050575
10525,10762,204.0,-37.675,178.425,19.86205400811741,18.63805400811741
10526,10199,9.0,-37.775,178.475,20.135620285349432,20.081620285349434
10527,10721,175.0,-37.725,178.475,20.022486526228022,18.97248652622802
10528,10763,211.0,-37.675,178.475,19.91669231071137,18.65069231071137
10529,10201,58.0,-37.575,174.775,17.467961941991234,17.119961941991235
10530,10309,189.0,-37.575,174.825,17.424412189226132,16.29041218922613
10531,10311,101.0,-37.575,174.875,17.395653721760027,16.789653721760025
10532,10774,21.0,-37.525,174.775,17.50515540211927,17.37915540211927
10533,10777,193.0,-37.525,174.825,17.44423276957241,16.286232769572408
10534,10780,135.0,-37.525,174.875,17.398237495450303,16.588237495450304
10535,10920,75.0,-37.475,174.775,17.556730167969363,17.106730167969364
10536,10921,20.0,-37.475,174.825,17.480811595887644,17.360811595887643
10537,10922,80.0,-37.475,174.875,17.418722345872084,16.938722345872083
10538,10313,61.0,-37.575,174.925,17.374280082294717,17.008280082294718
10539,10315,67.0,-37.575,174.975,17.353162482730113,16.951162482730112
10540,10318,197.0,-37.575,175.025,17.326590162643697,16.1445901626437
10541,10784,105.0,-37.525,174.925,17.359453912678873,16.729453912678874
10542,10788,53.0,-37.525,174.975,17.322386688843835,17.004386688843834
10543,10792,28.0,-37.525,175.025,17.284192038641777,17.116192038641778
10544,10923,144.0,-37.475,174.925,17.36222526812344,16.498225268123438
10545,10924,79.0,-37.475,174.975,17.30812297281227,16.83412297281227
10546,10925,20.0,-37.475,175.025,17.256887298513902,17.1368872985139
10547,10328,61.0,-37.575,175.075,17.29154961396125,16.925549613961252
10548,10339,11.0,-37.575,175.125,17.2493224949867,17.1833224949867
10549,10347,112.0,-37.575,175.175,17.20648822732619,16.53448822732619
10550,10436,20.0,-37.575,175.225,17.174195663130376,17.054195663130375
10551,10796,25.0,-37.525,175.075,17.244678057846613,17.094678057846615
10552,10800,20.0,-37.525,175.125,17.20646641298663,17.086466412986628
10553,10804,21.0,-37.525,175.175,17.175051005731802,17.0490510057318
10554,10808,102.0,-37.525,175.225,17.158222804166144,16.546222804166145
10555,10926,19.0,-37.475,175.075,17.2110434010101,17.0970434010101
10556,10927,14.0,-37.475,175.125,17.174225834198296,17.090225834198296
10557,10928,10.0,-37.475,175.175,17.1508141059021,17.0908141059021
10558,10929,17.0,-37.475,175.225,17.145686211355496,17.043686211355496
10559,10444,12.0,-37.575,175.275,17.165689472923987,17.093689472923987
10560,10453,20.0,-37.575,175.325,17.19300249949447,17.073002499494468
10561,10460,41.0,-37.575,175.375,17.264147845184198,17.0181478451842
10562,10812,28.0,-37.525,175.275,17.16471661342075,16.99671661342075
10563,10816,20.0,-37.525,175.325,17.20249037403846,17.08249037403846
10564,10820,24.0,-37.525,175.375,17.277428177418187,17.13342817741819
10565,10930,40.0,-37.475,175.275,17.16376735040103,16.923767350401032
10566,10931,156.0,-37.475,175.325,17.20941594132455,16.27341594132455
10567,10932,442.0,-37.475,175.375,17.285999735613586,14.633999735613587
10568,10043,76.0,-37.475,175.475,17.542721555248136,17.086721555248136
10569,10053,9.0,-37.475,175.525,17.731687726045493,17.677687726045495
10570,10054,11.0,-37.475,175.575,17.975722371513257,17.909722371513258
10571,10467,58.0,-37.575,175.425,17.382429185003275,17.034429185003276
10572,10554,74.0,-37.575,175.475,17.547954238252714,17.103954238252715
10573,10561,11.0,-37.575,175.525,17.7588784803811,17.6928784803811
10574,10574,12.0,-37.575,175.575,18.00893995972001,17.93693995972001
10575,10885,30.0,-37.525,175.425,17.393267155974172,17.213267155974172
10576,10906,120.0,-37.525,175.475,17.552896196226357,16.832896196226358
10577,10909,11.0,-37.525,175.525,17.760108005342772,17.694108005342773
10578,10910,11.0,-37.525,175.575,18.019164058263414,17.953164058263415
10579,10933,199.0,-37.475,175.425,17.396106478117872,16.202106478117873
10580,10055,11.0,-37.475,175.625,18.294297303131316,18.228297303131317
10581,10056,20.0,-37.475,175.675,18.66461667412659,18.54461667412659
10582,10057,336.0,-37.475,175.725,18.909089345135726,16.893089345135728
10583,10058,230.0,-37.475,175.775,18.854710452549625,17.474710452549626
10584,10580,16.0,-37.575,175.625,18.277647596405586,18.181647596405586
10585,10657,20.0,-37.575,175.675,18.511498889507493,18.391498889507492
10586,10662,20.0,-37.575,175.725,18.59746650949819,18.47746650949819
10587,10667,85.0,-37.575,175.775,18.442792571615428,17.932792571615426
10588,10911,12.0,-37.525,175.625,18.324288595089456,18.252288595089457
10589,10912,11.0,-37.525,175.675,18.625373605376808,18.55937360537681
10590,10913,290.0,-37.525,175.725,18.778237203863682,17.038237203863684
10591,10914,495.0,-37.525,175.775,18.647076856694184,15.677076856694184
10592,10059,352.0,-37.475,175.825,18.542169613094302,16.4301696130943
10593,10060,189.0,-37.475,175.875,18.092903118638787,16.958903118638787
10594,10061,58.0,-37.475,175.925,17.631844217045,17.283844217045
10595,10672,608.0,-37.575,175.825,18.123126625578152,14.475126625578152
10596,10677,102.0,-37.575,175.875,17.721026547980728,17.10902654798073
10597,10682,,-37.575,175.925,17.33676816773368,
10598,10915,679.0,-37.525,175.825,18.308942613803083,14.234942613803083
10599,10916,337.0,-37.525,175.875,17.856562035536626,15.834562035536626
10600,10917,40.0,-37.525,175.925,17.39915480930358,17.159154809303583
10601,10687,1.0,-37.575,176.075,16.952455085644033,16.946455085644033
10602,10918,10.0,-37.525,176.025,16.95264192664763,16.89264192664763
10603,10919,15.0,-37.525,177.175,18.39703692024341,18.30703692024341
10604,10692,23.0,-37.575,178.025,19.67315042001428,19.53515042001428
10605,10697,21.0,-37.575,178.075,19.663857948733494,19.537857948733492
10606,10702,79.0,-37.575,178.125,19.646520018344745,19.172520018344745
10607,10768,111.0,-37.575,178.175,19.625507075921632,18.959507075921632
10608,10770,69.0,-37.575,178.225,19.60554140835302,19.191541408353018
10609,10772,86.0,-37.575,178.275,19.592722695786506,19.076722695786508
10610,10137,121.0,-37.275,174.675,18.5928673419985,17.8668673419985
10611,10062,124.0,-37.425,174.725,17.7501699149434,17.0061699149434
10612,10063,249.0,-37.425,174.775,17.63453724142164,16.14053724142164
10613,10064,160.0,-37.425,174.825,17.54632322100224,16.58632322100224
10614,10065,79.0,-37.425,174.875,17.467166378628463,16.993166378628462
10615,10087,20.0,-37.375,174.725,17.88091908232309,17.76091908232309
10616,10088,107.0,-37.375,174.775,17.757017210387858,17.115017210387858
10617,10089,169.0,-37.375,174.825,17.65547833769233,16.64147833769233
10618,10090,118.0,-37.375,174.875,17.552749201655388,16.84474920165539
10619,10112,30.0,-37.325,174.725,18.09363041902543,17.91363041902543
10620,10113,16.0,-37.325,174.775,17.950038654962555,17.854038654962554
10621,10114,20.0,-37.325,174.825,17.81972581750597,17.699725817505968
10622,10115,119.0,-37.325,174.875,17.67925768744317,16.96525768744317
10623,10138,20.0,-37.275,174.725,18.387376945407595,18.267376945407594
10624,10139,20.0,-37.275,174.775,18.207012931379722,18.08701293137972
10625,10140,17.0,-37.275,174.825,18.031391148921102,17.929391148921102
10626,10141,16.0,-37.275,174.875,17.83850970095955,17.74250970095955
10627,10066,78.0,-37.425,174.925,17.38954716324224,16.92154716324224
10628,10067,36.0,-37.425,174.975,17.314359847427113,17.098359847427112
10629,10068,33.0,-37.425,175.025,17.246523500449257,17.048523500449257
10630,10091,43.0,-37.375,174.925,17.445786650816444,17.187786650816445
10631,10092,121.0,-37.375,174.975,17.342046823352575,16.616046823352576
10632,10093,20.0,-37.375,175.025,17.252320034313016,17.132320034313015
10633,10116,156.0,-37.325,174.925,17.529820892843418,16.593820892843418
10634,10117,158.0,-37.325,174.975,17.387383107299684,16.439383107299683
10635,10118,66.0,-37.325,175.025,17.270061375020305,16.874061375020304
10636,10142,17.0,-37.275,174.925,17.631595489307074,17.529595489307074
10637,10143,121.0,-37.275,174.975,17.440361253888113,16.714361253888114
10638,10144,20.0,-37.275,175.025,17.292021018482046,17.172021018482045
10639,10069,20.0,-37.425,175.075,17.191569633112522,17.07156963311252
10640,10070,19.0,-37.425,175.125,17.153914929629536,17.039914929629536
10641,10071,7.0,-37.425,175.175,17.136558863596292,17.09455886359629
10642,10072,46.0,-37.425,175.225,17.14147070288891,16.86547070288891
10643,10094,25.0,-37.375,175.075,17.185360254195984,17.035360254195986
10644,10095,22.0,-37.375,175.125,17.145787110523088,17.013787110523086
10645,10096,11.0,-37.375,175.175,17.134466585732298,17.0684665857323
10646,10097,22.0,-37.375,175.225,17.149970064521767,17.017970064521766
10647,10119,20.0,-37.325,175.075,17.189473570120754,17.069473570120753
10648,10120,15.0,-37.325,175.125,17.149096647597617,17.059096647597617
10649,10121,21.0,-37.325,175.175,17.146207901794696,17.020207901794695
10650,10122,47.0,-37.325,175.225,17.174952990288148,16.892952990288148
10651,10145,32.0,-37.275,175.075,17.199548456002958,17.007548456002958
10652,10146,20.0,-37.275,175.125,17.162963809649227,17.042963809649226
10653,10147,38.0,-37.275,175.175,17.173764581093565,16.945764581093563
10654,10148,51.0,-37.275,175.225,17.22018018370727,16.91418018370727
10655,10073,128.0,-37.425,175.275,17.170045143866446,16.402045143866445
10656,10074,154.0,-37.425,175.325,17.223367658880306,16.299367658880307
10657,10075,226.0,-37.425,175.375,17.302364460600074,15.946364460600075
10658,10098,32.0,-37.375,175.275,17.190093599812826,16.998093599812826
10659,10099,98.0,-37.375,175.325,17.252954617812065,16.664954617812064
10660,10100,272.0,-37.375,175.375,17.33764674657141,15.705646746571409
10661,10123,75.0,-37.325,175.275,17.229133000713773,16.779133000713774
10662,10124,115.0,-37.325,175.325,17.30408555737813,16.61408555737813
10663,10125,102.0,-37.325,175.375,17.39776150023681,16.785761500236813
10664,10149,127.0,-37.275,175.275,17.291402290546102,16.529402290546102
10665,10150,137.0,-37.275,175.325,17.37999228236731,16.557992282367312
10666,10151,19.0,-37.275,175.375,17.483012896875152,17.36901289687515
10667,10036,7.0,-37.275,175.425,17.602750331367133,17.56075033136713
10668,10047,3.0,-37.275,175.475,17.747664758295286,17.729664758295286
10669,10076,337.0,-37.425,175.425,17.40808602864854,15.38608602864854
10670,10077,20.0,-37.425,175.475,17.542447271815035,17.422447271815034
10671,10078,10.0,-37.425,175.525,17.710106610466028,17.65010661046603
10672,10079,9.0,-37.425,175.575,17.924119790724944,17.870119790724946
10673,10101,40.0,-37.375,175.425,17.44470277815708,17.20470277815708
10674,10102,7.0,-37.375,175.475,17.576753810659284,17.534753810659282
10675,10103,8.0,-37.375,175.525,17.740121076902142,17.692121076902144
10676,10104,7.0,-37.375,175.575,17.949667567852885,17.907667567852883
10677,10126,9.0,-37.325,175.425,17.511480336776003,17.457480336776005
10678,10127,6.0,-37.325,175.475,17.651022702892078,17.615022702892077
10679,10128,4.0,-37.325,175.525,17.829236825782573,17.805236825782572
10680,10129,8.0,-37.325,175.575,18.073322804790223,18.025322804790225
10681,10158,7.0,-37.275,175.525,17.933932010899298,17.891932010899296
10682,10176,7.0,-37.275,175.575,18.186527872952865,18.144527872952864
10683,10080,12.0,-37.425,175.625,18.226947858696803,18.154947858696804
10684,10081,21.0,-37.425,175.675,18.71393407206051,18.58793407206051
10685,10082,158.0,-37.425,175.725,19.111093350336887,18.163093350336887
10686,10083,144.0,-37.425,175.775,19.091390642977785,18.227390642977785
10687,10105,7.0,-37.375,175.625,18.24790855208994,18.205908552089937
10688,10106,20.0,-37.375,175.675,18.892789327568607,18.772789327568606
10689,10107,391.0,-37.375,175.725,19.362030947202584,17.016030947202584
10690,10108,128.0,-37.375,175.775,19.288356811768608,18.520356811768607
10691,10130,5.0,-37.325,175.625,18.44433223665692,18.414332236656918
10692,10131,14.0,-37.325,175.675,19.00073780005914,18.916737800059142
10693,10132,361.0,-37.325,175.725,19.357139777508564,17.191139777508564
10694,10133,452.0,-37.325,175.775,19.317002634430537,16.605002634430537
10695,10180,10.0,-37.275,175.625,18.528556335601024,18.468556335601026
10696,10197,141.0,-37.275,175.675,18.915569839824457,18.069569839824457
10697,10302,95.0,-37.275,175.725,19.169488397135865,18.599488397135865
10698,10317,551.0,-37.275,175.775,19.178178477770416,15.872178477770417
10699,10084,106.0,-37.425,175.825,18.79015080005047,18.15415080005047
10700,10085,104.0,-37.425,175.875,18.3523077298305,17.7283077298305
10701,10086,20.0,-37.425,175.925,17.888178261899156,17.768178261899156
10702,10109,248.0,-37.375,175.825,18.983398320531705,17.495398320531706
10703,10110,135.0,-37.375,175.875,18.5598712618812,17.7498712618812
10704,10111,202.0,-37.375,175.925,18.099355626880424,16.887355626880424
10705,10134,282.0,-37.325,175.825,19.052661971363705,17.360661971363704
10706,10135,218.0,-37.325,175.875,18.666811823437456,17.358811823437456
10707,10136,92.0,-37.325,175.925,18.227735547319753,17.675735547319753
10708,10327,111.0,-37.275,175.825,18.984729318937752,18.318729318937752
10709,10337,66.0,-37.275,175.875,18.657936739502475,18.261936739502474
10710,10345,79.0,-37.275,176.275,15.887687409296632,15.413687409296632
10711,10439,81.0,-37.225,174.625,19.103057735133916,18.617057735133915
10712,10442,45.0,-37.225,174.675,18.898011670273263,18.628011670273263
10713,10490,118.0,-37.175,174.625,19.36220372360549,18.65420372360549
10714,10491,41.0,-37.175,174.675,19.166745258728042,18.920745258728044
10715,10512,134.0,-37.125,174.575,19.71098491860903,18.90698491860903
10716,10513,62.0,-37.125,174.625,19.54194893105887,19.16994893105887
10717,10455,80.0,-37.225,174.775,18.480297689209692,18.00029768920969
10718,10462,60.0,-37.225,174.825,18.258783224155195,17.898783224155196
10719,10469,120.0,-37.225,174.875,18.00720324696158,17.28720324696158
10720,10492,11.0,-37.175,174.725,18.95902599551482,18.893025995514822
10721,10493,22.0,-37.175,174.775,18.72945007160888,18.59745007160888
10722,10494,34.0,-37.175,174.825,18.459588392957812,18.25558839295781
10723,10495,47.0,-37.175,174.875,18.140660962671973,17.858660962671973
10724,10514,20.0,-37.125,174.775,18.93424523799331,18.81424523799331
10725,10515,23.0,-37.125,174.825,18.62520171937649,18.48720171937649
10726,10516,20.0,-37.125,174.875,18.238660661154427,18.118660661154426
10727,10470,60.0,-37.225,174.925,17.730134481476853,17.370134481476853
10728,10471,116.0,-37.225,174.975,17.485693677677773,16.78969367767777
10729,10472,73.0,-37.225,175.025,17.30908799773897,16.87108799773897
10730,10496,78.0,-37.175,174.925,17.799826020229375,17.331826020229375
10731,10497,96.0,-37.175,174.975,17.51001306125545,16.93401306125545
10732,10498,192.0,-37.175,175.025,17.316615504416404,16.164615504416403
10733,10517,24.0,-37.125,174.925,17.838082119240426,17.694082119240427
10734,10518,29.0,-37.125,174.975,17.51472675477271,17.34072675477271
10735,10519,228.0,-37.125,175.025,17.324006038572406,15.956006038572406
10736,10473,18.0,-37.225,175.075,17.212083479738794,17.104083479738794
10737,10474,19.0,-37.225,175.125,17.188416325225262,17.07441632522526
10738,10475,21.0,-37.225,175.175,17.22106833185535,17.095068331855348
10739,10476,71.0,-37.225,175.225,17.290676300006453,16.864676300006455
10740,10499,194.0,-37.175,175.075,17.22887200754485,16.06487200754485
10741,10500,157.0,-37.175,175.125,17.23163112057955,16.28963112057955
10742,10501,132.0,-37.175,175.175,17.296082196378848,16.504082196378846
10743,10502,107.0,-37.175,175.225,17.393992631870788,16.751992631870788
10744,10520,185.0,-37.125,175.075,17.26340387944947,16.15340387944947
10745,10521,115.0,-37.125,175.125,17.307873782585375,16.617873782585374
10746,10522,201.0,-37.125,175.175,17.412092309008585,16.206092309008586
10747,10523,174.0,-37.125,175.225,17.54014153953176,16.49614153953176
10748,10477,119.0,-37.225,175.275,17.381372811010806,16.667372811010807
10749,10478,88.0,-37.225,175.325,17.482975831459044,16.954975831459045
10750,10479,3.0,-37.225,175.375,17.591480549104745,17.573480549104744
10751,10503,22.0,-37.175,175.275,17.504937786347,17.372937786347
10752,10524,17.0,-37.125,175.275,17.669301254849415,17.567301254849415
10753,10480,3.0,-37.225,175.425,17.709219630807638,17.691219630807637
10754,10481,2.0,-37.225,175.475,17.84489551957813,17.83289551957813
10755,10482,3.0,-37.225,175.525,18.01262291832245,17.99462291832245
10756,10483,8.0,-37.225,175.575,18.226946610899176,18.178946610899178
10757,10504,4.0,-37.175,175.525,18.05488837006851,18.03088837006851
10758,10505,59.0,-37.175,175.575,18.199938103876775,17.845938103876776
10759,10525,365.0,-37.125,175.575,18.127935337484814,15.937935337484815
10760,10484,17.0,-37.225,175.625,18.486793967487756,18.384793967487756
10761,10485,202.0,-37.225,175.675,18.7469426781754,17.5349426781754
10762,10486,338.0,-37.225,175.725,18.919208066159626,16.891208066159628
10763,10487,242.0,-37.225,175.775,18.940440712700365,17.488440712700367
10764,10506,335.0,-37.175,175.625,18.36409027260379,16.35409027260379
10765,10507,601.0,-37.175,175.675,18.519485758297378,14.913485758297378
10766,10508,304.0,-37.175,175.725,18.621079975157045,16.797079975157047
10767,10509,152.0,-37.175,175.775,18.632345601188717,17.72034560118872
10768,10526,45.0,-37.125,175.625,18.190155406482518,17.920155406482518
10769,10527,515.0,-37.125,175.675,18.247605624812422,15.157605624812422
10770,10528,265.0,-37.125,175.725,18.279388755152468,16.689388755152468
10771,10529,233.0,-37.125,175.775,18.26268204493681,16.86468204493681
10772,10488,55.0,-37.225,175.825,18.807794126536464,18.477794126536466
10773,10489,11.0,-37.225,175.875,18.542410794150783,18.476410794150784
10774,10510,121.0,-37.175,175.825,18.539584697631653,17.813584697631654
10775,10511,100.0,-37.175,175.875,18.327281045203563,17.72728104520356
10776,10530,175.0,-37.125,175.825,18.178039223188534,17.128039223188534
10777,10308,132.0,-36.975,174.475,19.54438923235284,18.75238923235284
10778,10310,356.0,-36.975,174.525,19.47399998860783,17.33799998860783
10779,10359,241.0,-36.925,174.475,19.266658950422425,17.820658950422423
10780,10360,311.0,-36.925,174.525,19.154085755639244,17.288085755639244
10781,10549,43.0,-37.025,174.525,19.75360158586409,19.49560158586409
10782,10312,212.0,-36.975,174.575,19.347945641289698,18.0759456412897
10783,10361,233.0,-36.925,174.575,19.0107422596775,17.6127422596775
10784,10362,63.0,-36.925,174.625,18.879038626502734,18.501038626502734
10785,10363,60.0,-36.925,174.675,18.803058902849443,18.443058902849444
10786,10531,143.0,-37.075,174.575,19.770287245308282,18.91228724530828
10787,10532,93.0,-37.075,174.625,19.590571096690837,19.032571096690837
10788,10314,19.0,-36.975,174.775,18.924740097572794,18.810740097572793
10789,10321,19.0,-36.975,174.825,18.77436893832055,18.66036893832055
10790,10322,19.0,-36.975,174.875,18.448196379613364,18.334196379613363
10791,10364,45.0,-36.925,174.725,18.785205135063734,18.515205135063734
10792,10365,6.0,-36.925,174.825,18.720439150492894,18.684439150492892
10793,10366,1.0,-36.925,174.875,18.500967060623225,18.494967060623225
10794,10550,21.0,-37.025,174.875,18.395991386729293,18.26999138672929
10795,10323,40.0,-36.975,174.925,18.089298942388268,17.84929894238827
10796,10324,109.0,-36.975,174.975,17.831375639041653,17.177375639041653
10797,10325,120.0,-36.975,175.025,17.744827266345965,17.024827266345966
10798,10367,40.0,-36.925,174.925,18.24704897092306,18.007048970923062
10799,10368,27.0,-36.925,174.975,18.064863142062677,17.902863142062678
10800,10369,86.0,-36.925,175.025,18.00972522801021,17.493725228010213
10801,10533,19.0,-37.075,174.925,17.867338485841174,17.753338485841173
10802,10534,38.0,-37.075,174.975,17.523408034001477,17.295408034001476
10803,10535,210.0,-37.075,175.025,17.36774080595933,16.107740805959327
10804,10551,20.0,-37.025,174.925,17.939812942262506,17.819812942262505
10805,10552,40.0,-37.025,174.975,17.606962197780376,17.366962197780378
10806,10553,26.0,-37.025,175.025,17.50619946923689,17.35019946923689
10807,10024,29.0,-37.025,175.075,17.537243287224555,17.363243287224556
10808,10027,336.0,-37.025,175.125,17.657097447226988,15.641097447226988
10809,10034,369.0,-37.025,175.175,17.821226547734113,15.607226547734113
10810,10044,518.0,-37.025,175.225,17.9912137373758,14.883213737375801
10811,10329,27.0,-36.975,175.075,17.79458613108727,17.632586131087272
10812,10342,101.0,-36.975,175.125,17.930866125621833,17.32486612562183
10813,10350,137.0,-36.975,175.175,18.108658566809027,17.286658566809027
10814,10351,47.0,-36.975,175.225,18.288150466425577,18.006150466425577
10815,10536,121.0,-37.075,175.075,17.351284644537373,16.625284644537373
10816,10537,345.0,-37.075,175.125,17.443539957428584,15.373539957428584
10817,10538,232.0,-37.075,175.175,17.584853357169777,16.192853357169778
10818,10539,402.0,-37.075,175.225,17.738460989494342,15.326460989494343
10819,10153,114.0,-37.025,175.275,18.140076502837474,17.456076502837472
10820,10540,77.0,-37.075,175.275,17.880659799004206,17.418659799004207
10821,10164,49.0,-37.025,175.525,18.103646792529617,17.809646792529616
10822,10168,578.0,-37.025,175.575,17.94425685488386,14.47625685488386
10823,10352,154.0,-36.975,175.525,18.166087861987762,17.242087861987763
10824,10353,491.0,-36.975,175.575,17.88199173193425,14.93599173193425
10825,10370,176.0,-36.925,175.475,18.612161430472042,17.55616143047204
10826,10371,122.0,-36.925,175.525,18.29291516705416,17.560915167054162
10827,10372,396.0,-36.925,175.575,17.87789652380161,15.50189652380161
10828,10541,122.0,-37.075,175.525,18.07999528874643,17.347995288746432
10829,10542,536.0,-37.075,175.575,18.03474916794221,14.818749167942208
10830,10177,311.0,-37.025,175.625,17.778899166471092,15.912899166471092
10831,10182,574.0,-37.025,175.675,17.634871131333057,14.190871131333058
10832,10189,488.0,-37.025,175.725,17.524482927809004,14.596482927809003
10833,10196,218.0,-37.025,175.775,17.438592501101084,16.130592501101084
10834,10354,399.0,-36.975,175.625,17.58585364255123,15.191853642551228
10835,10355,339.0,-36.975,175.675,17.332638235529885,15.298638235529886
10836,10356,275.0,-36.975,175.725,17.15504249802325,15.505042498023249
10837,10357,172.0,-36.975,175.775,17.044363568769768,16.012363568769768
10838,10373,252.0,-36.925,175.625,17.43617987743346,15.92417987743346
10839,10374,100.0,-36.925,175.675,17.06428655370837,16.46428655370837
10840,10375,49.0,-36.925,175.725,16.827962270006537,16.533962270006537
10841,10376,58.0,-36.925,175.775,16.705833113752306,16.357833113752307
10842,10543,254.0,-37.075,175.625,17.987905871821567,16.463905871821567
10843,10544,284.0,-37.075,175.675,17.94666462688474,16.24266462688474
10844,10545,150.0,-37.075,175.725,17.907091543485876,17.007091543485878
10845,10546,19.0,-37.075,175.775,17.85456553765107,17.74056553765107
10846,10298,18.0,-37.025,175.825,17.354190328915138,17.246190328915137
10847,10358,133.0,-36.975,175.825,16.96726146969013,16.169261469690127
10848,10377,146.0,-36.925,175.825,16.640996624541003,15.764996624541004
10849,10547,146.0,-37.075,175.825,17.768617986759637,16.892617986759635
10850,10548,70.0,-37.075,175.875,17.631825518677942,17.21182551867794
10851,10378,102.0,-36.875,174.475,19.0027558451402,18.390755845140202
10852,10379,116.0,-36.875,174.525,18.868080045765964,18.172080045765963
10853,10394,80.0,-36.825,174.475,18.79149632071494,18.31149632071494
10854,10395,101.0,-36.825,174.525,18.663598961167736,18.057598961167734
10855,10406,95.0,-36.775,174.425,18.750937851058552,18.18093785105855
10856,10407,62.0,-36.775,174.475,18.645616675319616,18.273616675319616
10857,10408,31.0,-36.775,174.525,18.543564120394876,18.357564120394876
10858,10423,21.0,-36.725,174.375,18.748895708384225,18.622895708384224
10859,10424,41.0,-36.725,174.425,18.65148329010117,18.40548329010117
10860,10425,160.0,-36.725,174.475,18.56154775127652,17.60154775127652
10861,10426,87.0,-36.725,174.525,18.483245062292553,17.961245062292555
10862,10032,153.0,-36.725,174.575,18.42788562484202,17.50988562484202
10863,10041,34.0,-36.725,174.625,18.411970469605876,18.207970469605876
10864,10050,70.0,-36.725,174.675,18.435760319029214,18.015760319029212
10865,10380,96.0,-36.875,174.575,18.717332261265256,18.141332261265255
10866,10381,21.0,-36.875,174.625,18.608108350425027,18.482108350425026
10867,10396,79.0,-36.825,174.575,18.540697025164263,18.066697025164263
10868,10397,20.0,-36.825,174.625,18.48285030014813,18.36285030014813
10869,10409,40.0,-36.775,174.575,18.463495309639256,18.223495309639258
10870,10410,,-36.775,174.625,18.444432017742656,
10871,10411,30.0,-36.775,174.675,18.50818532067933,18.32818532067933
10872,10152,84.0,-36.725,174.725,18.467174776655156,17.963174776655155
10873,10382,23.0,-36.875,174.725,18.751950202451553,18.61395020245155
10874,10383,66.0,-36.875,174.775,18.858087178057758,18.462087178057757
10875,10384,38.0,-36.875,174.825,18.742436509171966,18.514436509171965
10876,10385,20.0,-36.875,174.875,18.55386291866307,18.43386291866307
10877,10412,56.0,-36.775,174.725,18.607483294792473,18.271483294792475
10878,10413,5.0,-36.775,174.775,18.642827070871135,18.612827070871134
10879,10414,38.0,-36.775,174.875,18.471508562855888,18.243508562855887
10880,10415,70.0,-36.775,174.925,18.39239787706174,17.972397877061738
10881,10386,22.0,-36.875,175.175,18.713020294439048,18.581020294439046
10882,10398,25.0,-36.825,175.075,18.512274386390345,18.362274386390347
10883,10399,42.0,-36.825,175.125,18.710248035553377,18.45824803555338
10884,10416,41.0,-36.775,175.125,18.82007428634097,18.57407428634097
10885,10417,56.0,-36.775,175.175,19.063245152967284,18.727245152967285
10886,10159,95.0,-36.725,175.475,19.782802004134282,19.212802004134282
10887,10173,392.0,-36.725,175.525,19.404008403304033,17.052008403304033
10888,10187,200.0,-36.725,175.575,18.742399968847167,17.542399968847167
10889,10387,81.0,-36.875,175.425,19.12486015277682,18.638860152776818
10890,10388,85.0,-36.875,175.475,18.901300626283046,18.391300626283044
10891,10389,190.0,-36.875,175.525,18.507349291234277,17.367349291234277
10892,10390,459.0,-36.875,175.575,17.968446035520174,15.214446035520174
10893,10400,136.0,-36.825,175.475,19.24512272066204,18.42912272066204
10894,10401,244.0,-36.825,175.525,18.814382104028482,17.350382104028483
10895,10402,311.0,-36.825,175.575,18.18311974115204,16.31711974115204
10896,10418,215.0,-36.775,175.525,19.166443117253948,17.87644311725395
10897,10419,207.0,-36.775,175.575,18.48561749450164,17.24361749450164
10898,10188,82.0,-36.725,175.775,16.647386149852537,16.155386149852536
10899,10391,54.0,-36.875,175.625,17.371820721193217,17.047820721193215
10900,10392,40.0,-36.875,175.725,16.590435757301748,16.35043575730175
10901,10393,37.0,-36.875,175.775,16.468567133357283,16.24656713335728
10902,10403,341.0,-36.825,175.625,17.467436044185888,15.421436044185889
10903,10404,12.0,-36.825,175.675,16.840085755859036,16.768085755859037
10904,10405,80.0,-36.825,175.775,16.383960222185124,15.903960222185123
10905,10420,106.0,-36.775,175.625,17.73873644293053,17.10273644293053
10906,10421,107.0,-36.775,175.675,17.101398431579582,16.459398431579583
10907,10422,60.0,-36.775,175.725,16.692514348134864,16.332514348134865
10908,10191,13.0,-36.675,174.325,18.765695164358476,18.687695164358477
10909,10431,160.0,-36.625,174.325,18.71773415696225,17.75773415696225
10910,10572,81.0,-36.575,174.275,18.744436533976113,18.258436533976113
10911,10578,37.0,-36.575,174.325,18.68938222413999,18.46738222413999
10912,10200,52.0,-36.675,174.375,18.683783027896425,18.371783027896424
10913,10307,8.0,-36.675,174.425,18.600940085219918,18.55294008521992
10914,10319,70.0,-36.675,174.475,18.525132648734143,18.10513264873414
10915,10331,63.0,-36.675,174.525,18.461405009613372,18.083405009613372
10916,10432,39.0,-36.625,174.475,18.518402617715765,18.284402617715763
10917,10433,39.0,-36.625,174.525,18.46475759873283,18.23075759873283
10918,10584,19.0,-36.575,174.375,18.633197125862353,18.519197125862352
10919,10585,39.0,-36.575,174.475,18.529422824271023,18.29542282427102
10920,10586,88.0,-36.575,174.525,18.48471610681736,17.95671610681736
10921,10338,93.0,-36.675,174.575,18.414358424954116,17.856358424954117
10922,10346,50.0,-36.675,174.625,18.38686291279737,18.08686291279737
10923,10427,68.0,-36.675,174.675,18.3719228466216,17.9639228466216
10924,10435,59.0,-36.625,174.575,18.419509929750348,18.06550992975035
10925,10437,60.0,-36.625,174.625,18.378711615048815,18.018711615048815
10926,10441,33.0,-36.625,174.675,18.33323617724818,18.13523617724818
10927,10587,113.0,-36.575,174.575,18.441683649085462,17.76368364908546
10928,10588,58.0,-36.575,174.625,18.392667762062047,18.044667762062048
10929,10589,56.0,-36.575,174.675,18.327201016480103,17.991201016480105
10930,10428,,-36.675,174.725,18.34990140251466,
10931,10452,44.0,-36.625,174.725,18.27136523241643,18.00736523241643
10932,10429,152.0,-36.675,175.475,19.720200863026548,18.80820086302655
10933,10430,245.0,-36.675,175.525,19.394574829901103,17.924574829901104
10934,10459,14.0,-36.625,175.475,19.541664031276014,19.457664031276014
10935,10466,295.0,-36.625,175.525,19.2770645954879,17.5070645954879
10936,10564,187.0,-36.625,175.575,18.855879387177993,17.733879387177993
10937,10590,140.0,-36.575,175.425,19.39996013895143,18.55996013895143
10938,10591,79.0,-36.575,175.475,19.32871292089112,18.85471292089112
10939,10567,102.0,-36.625,175.825,16.81278837478021,16.200788374780213
10940,10618,10.0,-36.375,174.075,18.75685229623923,18.696852296239232
10941,10619,101.0,-36.375,174.125,18.74120831573964,18.13520831573964
10942,10592,64.0,-36.525,174.225,18.761258778715273,18.377258778715273
10943,10593,44.0,-36.525,174.275,18.718663035862846,18.454663035862847
10944,10602,16.0,-36.475,174.175,18.768231624853797,18.672231624853797
10945,10603,120.0,-36.475,174.225,18.73617599453428,18.01617599453428
10946,10620,10.0,-36.375,174.275,18.684808246791363,18.624808246791364
10947,10621,28.0,-36.375,174.325,18.663752075837692,18.495752075837693
10948,10594,,-36.525,174.425,18.587851057527587,
10949,10595,153.0,-36.525,174.475,18.54935781797394,17.631357817973942
10950,10596,54.0,-36.525,174.525,18.51352533948375,18.189525339483748
10951,10604,13.0,-36.475,174.425,18.600303229497513,18.522303229497513
10952,10605,257.0,-36.475,174.475,18.570537033025175,17.028537033025174
10953,10606,100.0,-36.475,174.525,18.542201502685202,17.9422015026852
10954,10611,59.0,-36.425,174.475,18.58707319176756,18.23307319176756
10955,10612,190.0,-36.425,174.525,18.56215957357199,17.42215957357199
10956,10622,59.0,-36.375,174.375,18.642165828263387,18.288165828263388
10957,10623,49.0,-36.375,174.475,18.59674357957556,18.30274357957556
10958,10624,98.0,-36.375,174.525,18.570174416847294,17.982174416847293
10959,10597,75.0,-36.525,174.575,18.475806539703626,18.025806539703627
10960,10598,119.0,-36.525,174.625,18.426362221420277,17.71236222142028
10961,10599,30.0,-36.525,174.675,18.35139899351634,18.17139899351634
10962,10607,64.0,-36.475,174.575,18.511199122323887,18.127199122323887
10963,10608,140.0,-36.475,174.625,18.46812789022806,17.62812789022806
10964,10609,67.0,-36.475,174.675,18.393000201380346,17.991000201380345
10965,10613,98.0,-36.425,174.575,18.533404220303055,17.945404220303054
10966,10614,97.0,-36.425,174.625,18.493300470203394,17.911300470203393
10967,10615,72.0,-36.425,174.675,18.421412683441304,17.989412683441305
10968,10625,160.0,-36.375,174.575,18.536124009435298,17.576124009435297
10969,10626,142.0,-36.375,174.625,18.48628025111975,17.63428025111975
10970,10627,47.0,-36.375,174.675,18.406356841907836,18.124356841907836
10971,10616,22.0,-36.425,174.725,18.296261621639132,18.16426162163913
10972,10617,50.0,-36.425,174.875,18.002780045149848,17.702780045149847
10973,10628,36.0,-36.375,174.775,18.1765113180154,17.9605113180154
10974,10629,45.0,-36.375,174.825,18.085138023947366,17.815138023947366
10975,10600,798.0,-36.525,175.375,19.126668907527346,14.338668907527346
10976,10610,183.0,-36.475,175.375,18.93834637280088,17.84034637280088
10977,10601,247.0,-36.525,175.425,19.170235404744744,17.688235404744745
10978,11005,8.0,-36.225,173.975,18.69450493581826,18.64650493581826
10979,10630,8.0,-36.325,174.025,18.740978832851397,18.6929788328514
10980,10631,73.0,-36.325,174.075,18.731544293899788,18.29354429389979
10981,10632,43.0,-36.325,174.125,18.72108520171605,18.46308520171605
10982,10643,89.0,-36.275,174.025,18.715484318934614,18.181484318934615
10983,10644,89.0,-36.275,174.075,18.71076780554722,18.17676780554722
10984,10645,60.0,-36.275,174.125,18.70546987981652,18.34546987981652
10985,11006,86.0,-36.225,174.025,18.694121253676713,18.178121253676714
10986,11007,57.0,-36.225,174.075,18.694219706696458,18.35221970669646
10987,10633,3.0,-36.325,174.275,18.681425220391247,18.663425220391247
10988,10646,55.0,-36.275,174.325,18.66876208820031,18.338762088200312
10989,11008,80.0,-36.225,174.225,18.690240549098235,18.210240549098234
10990,11009,95.0,-36.225,174.275,18.684862429072382,18.11486242907238
10991,10634,55.0,-36.325,174.375,18.64688111405121,18.316881114051213
10992,10635,58.0,-36.325,174.425,18.626193766016513,18.278193766016514
10993,10636,40.0,-36.325,174.475,18.601642786496086,18.361642786496088
10994,10637,56.0,-36.325,174.525,18.570623104809783,18.234623104809785
10995,10647,10.0,-36.275,174.375,18.652971604751656,18.592971604751657
10996,10648,20.0,-36.275,174.475,18.606437041889876,18.486437041889875
10997,10649,40.0,-36.275,174.525,18.571340993745252,18.331340993745254
10998,11010,64.0,-36.225,174.375,18.662481964274775,18.278481964274775
10999,11011,38.0,-36.225,174.425,18.64303424861282,18.41503424861282
11000,11012,,-36.225,174.475,18.61591155984206,
11001,11013,40.0,-36.225,174.525,18.578996352443937,18.33899635244394
11002,10638,63.0,-36.325,174.575,18.528689759608824,18.150689759608824
11003,10639,182.0,-36.325,174.625,18.469240492675453,17.377240492675455
11004,10640,182.0,-36.325,174.675,18.386067464365624,17.294067464365625
11005,10650,41.0,-36.275,174.575,18.523890963580925,18.277890963580926
11006,10651,187.0,-36.275,174.625,18.46018938306952,17.33818938306952
11007,11001,96.0,-36.275,174.675,18.378608619095758,17.802608619095757
11008,11014,107.0,-36.225,174.575,18.530022172664758,17.88802217266476
11009,11016,80.0,-36.225,174.625,18.467467142210808,17.987467142210807
11010,11017,139.0,-36.225,174.675,18.39241004671203,17.55841004671203
11011,10641,28.0,-36.325,174.725,18.28275674470933,18.114756744709332
11012,11002,91.0,-36.275,174.725,18.28428115491988,17.738281154919882
11013,11003,284.0,-36.275,174.775,18.1922851188574,16.488285118857398
11014,11018,67.0,-36.225,175.075,18.3712730089901,17.9692730089901
11015,11020,61.0,-36.225,175.375,18.786210585560184,18.420210585560184
11016,10642,191.0,-36.325,175.525,18.661930230271537,17.515930230271536
11017,11004,38.0,-36.275,175.475,18.728398970211856,18.500398970211855
11018,11022,112.0,-36.225,175.425,18.78188182116719,18.10988182116719
11019,11023,33.0,-36.225,175.475,18.74548494530609,18.54748494530609
11020,11024,40.0,-36.175,173.975,18.672714527259814,18.432714527259815
11021,11038,68.0,-36.125,173.925,18.64878741922439,18.24078741922439
11022,11039,20.0,-36.125,173.975,18.65466695095529,18.534666950955287
11023,11052,81.0,-36.075,173.875,18.62547134439228,18.13947134439228
11024,11053,20.0,-36.075,173.925,18.630799390550237,18.510799390550236
11025,11054,16.0,-36.075,173.975,18.640353777911514,18.544353777911514
11026,11068,82.0,-36.025,173.825,18.607059228466824,18.115059228466823
11027,11069,20.0,-36.025,173.875,18.608896860532695,18.488896860532694
11028,11070,20.0,-36.025,173.925,18.616824448254192,18.49682444825419
11029,11071,117.0,-36.025,173.975,18.62984796287492,17.92784796287492
11030,11025,18.0,-36.175,174.025,18.676700425538,18.568700425538
11031,11040,2.0,-36.125,174.025,18.663100732082967,18.651100732082966
11032,11041,9.0,-36.125,174.075,18.673167949571507,18.61916794957151
11033,11042,60.0,-36.125,174.125,18.683808362286072,18.323808362286073
11034,11055,19.0,-36.075,174.025,18.653231800009962,18.53923180000996
11035,11056,96.0,-36.075,174.075,18.66841306030983,18.09241306030983
11036,11057,89.0,-36.075,174.125,18.68471503915498,18.15071503915498
11037,11072,36.0,-36.025,174.025,18.646985611820128,18.430985611820127
11038,11073,31.0,-36.025,174.075,18.667224335717037,18.481224335717037
11039,11074,41.0,-36.025,174.125,18.689337647287175,18.443337647287176
11040,11026,124.0,-36.175,174.175,18.6912431329838,17.9472431329838
11041,11027,39.0,-36.175,174.325,18.68801358313067,18.454013583130667
11042,11043,28.0,-36.125,174.175,18.69381179503398,18.52581179503398
11043,11044,29.0,-36.125,174.225,18.701820880407467,18.527820880407468
11044,11045,20.0,-36.125,174.275,18.706366084574256,18.586366084574255
11045,11046,43.0,-36.125,174.325,18.70593556429958,18.44793556429958
11046,11058,81.0,-36.075,174.175,18.700740212807432,18.21474021280743
11047,11059,107.0,-36.075,174.225,18.714871794451028,18.07287179445103
11048,11060,80.0,-36.075,174.275,18.72533901204588,18.24533901204588
11049,11061,59.0,-36.075,174.325,18.730358609813266,18.376358609813266
11050,11075,79.0,-36.025,174.175,18.71178277558647,18.23778277558647
11051,11076,51.0,-36.025,174.225,18.73268676875159,18.42668676875159
11052,11077,40.0,-36.025,174.275,18.74993684014771,18.509936840147713
11053,11078,108.0,-36.025,174.325,18.76140022854088,18.11340022854088
11054,11028,32.0,-36.175,174.375,18.677369585086126,18.485369585086126
11055,11029,51.0,-36.175,174.425,18.659685534017626,18.353685534017625
11056,11030,70.0,-36.175,174.475,18.633520682982635,18.213520682982633
11057,11031,91.0,-36.175,174.525,18.597501138516236,18.051501138516237
11058,11047,83.0,-36.125,174.425,18.684457828640006,18.186457828640005
11059,11048,59.0,-36.125,174.475,18.661058200348634,18.307058200348635
11060,11049,69.0,-36.125,174.525,18.628258639073465,18.214258639073464
11061,11062,140.0,-36.075,174.375,18.728334528335836,17.888334528335836
11062,11063,245.0,-36.075,174.425,18.718066104047466,17.248066104047467
11063,11064,244.0,-36.075,174.475,18.69891601835843,17.234916018358433
11064,11065,124.0,-36.075,174.525,18.670947823789902,17.926947823789902
11065,11079,58.0,-36.025,174.375,18.765262701839674,18.417262701839675
11066,11080,20.0,-36.025,174.425,18.760381326836068,18.640381326836067
11067,11081,37.0,-36.025,174.475,18.746495732455514,18.524495732455513
11068,11032,100.0,-36.175,174.575,18.550682860892266,17.950682860892265
11069,11033,40.0,-36.175,174.625,18.493331846955698,18.2533318469557
11070,11050,11.0,-36.125,174.575,18.58620041020913,18.52020041020913
11071,11066,21.0,-36.075,174.575,18.635105201159604,18.509105201159603
11072,11034,96.0,-36.175,175.325,18.797736267442815,18.221736267442814
11073,11035,164.0,-36.175,175.375,18.824735157133546,17.840735157133548
11074,11051,79.0,-36.125,175.375,18.856841558241285,18.382841558241285
11075,11067,442.0,-36.075,175.375,18.889683088462334,16.237683088462333
11076,11036,432.0,-36.175,175.425,18.81332073023077,16.221320730230772
11077,11037,21.0,-36.175,175.475,18.773918987135403,18.6479189871354
11078,11369,,-35.825,173.625,18.65286680671852,
11079,11082,59.0,-35.975,173.775,18.599356369144516,18.245356369144517
11080,11097,55.0,-35.925,173.725,18.605743650638033,18.275743650638034
11081,11098,54.0,-35.925,173.775,18.594802082458045,18.270802082458044
11082,11112,57.0,-35.875,173.725,18.609587178914808,18.26758717891481
11083,11113,51.0,-35.875,173.775,18.59822792839259,18.292227928392588
11084,11370,44.0,-35.825,173.675,18.636029305285774,18.372029305285775
11085,11371,70.0,-35.825,173.725,18.620834580622613,18.20083458062261
11086,11372,20.0,-35.825,173.775,18.60850941942772,18.488509419427718
11087,11083,20.0,-35.975,173.825,18.59437128121499,18.47437128121499
11088,11084,19.0,-35.975,173.875,18.597255155968014,18.483255155968013
11089,11085,37.0,-35.975,173.925,18.6073611456668,18.3853611456668
11090,11086,56.0,-35.975,173.975,18.623261677334085,18.287261677334087
11091,11099,20.0,-35.925,173.825,18.58918123971671,18.469181239716708
11092,11100,20.0,-35.925,173.875,18.59212388616288,18.47212388616288
11093,11101,32.0,-35.925,173.925,18.60297943186015,18.41097943186015
11094,11102,70.0,-35.925,173.975,18.620539080991875,18.200539080991874
11095,11114,45.0,-35.875,173.825,18.59220569144236,18.32220569144236
11096,11115,21.0,-35.875,173.875,18.593708748405334,18.467708748405332
11097,11116,16.0,-35.875,173.925,18.603413327073213,18.507413327073213
11098,11117,82.0,-35.875,173.975,18.621118695940822,18.12911869594082
11099,11373,142.0,-35.825,173.825,18.60089537757449,17.748895377574488
11100,11374,61.0,-35.825,173.875,18.600014488212764,18.234014488212765
11101,11375,20.0,-35.825,173.925,18.60738752927864,18.48738752927864
11102,11376,312.0,-35.825,173.975,18.623924382322002,16.751924382322002
11103,11087,27.0,-35.975,174.025,18.644153735542204,18.482153735542205
11104,11088,53.0,-35.975,174.075,18.669173948001117,18.351173948001115
11105,11089,35.0,-35.975,174.125,18.697125657927245,18.487125657927244
11106,11103,82.0,-35.925,174.025,18.64429322228534,18.15229322228534
11107,11104,80.0,-35.925,174.075,18.673560988740064,18.193560988740064
11108,11105,80.0,-35.925,174.125,18.707201569864992,18.22720156986499
11109,11118,20.0,-35.875,174.025,18.646614128432702,18.5266141284327
11110,11119,98.0,-35.875,174.075,18.679398162057623,18.091398162057622
11111,11120,178.0,-35.875,174.125,18.71838603290962,17.65038603290962
11112,11377,16.0,-35.825,174.025,18.650046815921087,18.554046815921087
11113,11378,119.0,-35.825,174.075,18.685543125495315,17.971543125495316
11114,11379,40.0,-35.825,174.125,18.729381656448822,18.489381656448824
11115,11090,57.0,-35.975,174.175,18.726356629980728,18.38435662998073
11116,11091,56.0,-35.975,174.225,18.754731211462058,18.41873121146206
11117,11092,57.0,-35.975,174.275,18.77971919090487,18.437719190904872
11118,11093,141.0,-35.975,174.325,18.798676879843697,17.952676879843697
11119,11106,104.0,-35.925,174.175,18.743476558593102,18.119476558593103
11120,11107,158.0,-35.925,174.225,18.779992951545864,17.831992951545864
11121,11108,101.0,-35.925,174.275,18.81373311992502,18.207733119925017
11122,11109,202.0,-35.925,174.325,18.841304969333578,17.629304969333578
11123,11121,298.0,-35.875,174.175,18.761765663977712,16.973765663977712
11124,11122,60.0,-35.875,174.225,18.806928057339974,18.446928057339974
11125,11123,100.0,-35.875,174.275,18.850398101611063,18.25039810161106
11126,11124,95.0,-35.875,174.325,18.88782323570922,18.31782323570922
11127,11380,126.0,-35.825,174.175,18.77964324777713,18.02364324777713
11128,11381,109.0,-35.825,174.225,18.83352870872477,18.17952870872477
11129,11382,121.0,-35.825,174.275,18.887295459455345,18.161295459455346
11130,11383,57.0,-35.825,174.325,18.935848382185213,18.593848382185215
11131,11094,46.0,-35.975,174.375,18.809378144680522,18.533378144680523
11132,11095,19.0,-35.975,174.425,18.810628682840616,18.696628682840615
11133,11096,,-35.975,174.475,18.80254740070086,
11134,11110,141.0,-35.925,174.375,18.859705024631694,18.013705024631694
11135,11111,85.0,-35.925,174.425,18.867509533651173,18.35750953365117
11136,11125,42.0,-35.875,174.375,18.914744645298924,18.662744645298925
11137,11126,20.0,-35.875,174.425,18.92916922859149,18.80916922859149
11138,11384,8.0,-35.825,174.525,19.003986242576502,18.955986242576504
11139,11385,42.0,-35.775,173.625,18.6722146277898,18.4202146277898
11140,11401,370.0,-35.725,173.575,18.71600715466775,16.49600715466775
11141,11402,147.0,-35.725,173.625,18.699037365731783,17.81703736573178
11142,11420,76.0,-35.675,173.525,18.765648880566005,18.309648880566005
11143,11421,215.0,-35.675,173.575,18.749696489423513,17.459696489423514
11144,11422,398.0,-35.675,173.625,18.733286560047418,16.34528656004742
11145,11386,191.0,-35.775,173.675,18.655218179919757,17.509218179919756
11146,11387,70.0,-35.775,173.725,18.63909902080195,18.21909902080195
11147,11388,280.0,-35.775,173.775,18.624898013600614,16.944898013600614
11148,11403,167.0,-35.725,173.675,18.6817793934606,17.679779393460603
11149,11404,599.0,-35.725,173.725,18.664273430535104,15.070273430535105
11150,11405,480.0,-35.725,173.775,18.64723170880461,15.767231708804612
11151,11423,469.0,-35.675,173.675,18.715725405723788,15.901725405723788
11152,11424,516.0,-35.675,173.725,18.69648770673666,15.600487706736661
11153,11425,362.0,-35.675,173.775,18.67571033880813,16.50371033880813
11154,11389,156.0,-35.775,173.825,18.61437604628736,17.67837604628736
11155,11390,101.0,-35.775,173.875,18.609824460872915,18.003824460872913
11156,11391,305.0,-35.775,173.925,18.61362076201476,16.783620762014763
11157,11392,100.0,-35.775,173.975,18.627767793193925,18.027767793193924
11158,11406,331.0,-35.725,173.825,18.63237800024217,16.64637800024217
11159,11407,168.0,-35.725,173.875,18.622529613319784,17.614529613319785
11160,11408,61.0,-35.725,173.925,18.621181558643002,18.255181558643002
11161,11409,69.0,-35.725,173.975,18.63164845627034,18.21764845627034
11162,11426,101.0,-35.675,173.825,18.65495949576143,18.04895949576143
11163,11427,51.0,-35.675,173.875,18.637793685134966,18.331793685134965
11164,11428,364.0,-35.675,173.925,18.62934751744615,16.445347517446148
11165,11429,140.0,-35.675,173.975,18.634780813066754,17.794780813066755
11166,11393,72.0,-35.775,174.025,18.653501484077424,18.221501484077425
11167,11394,56.0,-35.775,174.075,18.690980376675725,18.354980376675726
11168,11395,100.0,-35.775,174.125,18.739153984526638,18.139153984526637
11169,11410,55.0,-35.725,174.025,18.65613637235947,18.32613637235947
11170,11411,61.0,-35.725,174.075,18.69515401229728,18.32915401229728
11171,11412,69.0,-35.725,174.125,18.747425335808657,18.333425335808656
11172,11430,96.0,-35.675,174.025,18.65750553761609,18.08150553761609
11173,11431,99.0,-35.675,174.075,18.698233820847236,18.104233820847234
11174,11432,100.0,-35.675,174.125,18.75507474655751,18.15507474655751
11175,11396,150.0,-35.775,174.175,18.795834530727006,17.895834530727008
11176,11397,74.0,-35.775,174.225,18.857869761821348,18.41386976182135
11177,11398,25.0,-35.775,174.275,18.921246283513028,18.77124628351303
11178,11413,147.0,-35.725,174.175,18.810174245445523,17.928174245445522
11179,11414,218.0,-35.725,174.225,18.879515029024333,17.571515029024333
11180,11415,343.0,-35.725,174.275,18.950676019885577,16.892676019885577
11181,11416,20.0,-35.725,174.325,19.017705299775116,18.897705299775115
11182,11433,173.0,-35.675,174.175,18.8242299342528,17.7862299342528
11183,11434,160.0,-35.675,174.225,18.900739780743606,17.940739780743606
11184,11435,180.0,-35.675,174.275,18.978947682247963,17.898947682247965
11185,11436,80.0,-35.675,174.325,19.052668544696644,18.572668544696644
11186,11399,63.0,-35.775,174.425,19.054443196277134,18.676443196277134
11187,11400,127.0,-35.775,174.525,19.079835837648716,18.317835837648715
11188,11417,35.0,-35.725,174.375,19.072508418059442,18.86250841805944
11189,11418,214.0,-35.725,174.425,19.110718271927908,17.82671827192791
11190,11419,45.0,-35.725,174.475,19.137061951798387,18.867061951798387
11191,11437,99.0,-35.675,174.375,19.115912133536767,18.521912133536766
11192,11438,93.0,-35.675,174.425,19.165752953849733,18.607752953849733
11193,11439,99.0,-35.675,174.475,19.20363928040024,18.609639280400238
11194,11138,22.0,-35.475,173.325,19.022028107428923,18.890028107428922
11195,11139,3.0,-35.475,173.375,19.008993801660836,18.990993801660835
11196,11140,47.0,-35.475,173.425,18.99734381074086,18.71534381074086
11197,11462,19.0,-35.575,173.425,18.88101481582271,18.76701481582271
11198,11484,228.0,-35.525,173.425,18.93439611326903,17.566396113269032
11199,11141,93.0,-35.475,173.475,18.98585327283945,18.42785327283945
11200,11142,51.0,-35.475,173.525,18.973254497221205,18.667254497221204
11201,11143,116.0,-35.475,173.575,18.95835799170891,18.262357991708907
11202,11144,60.0,-35.475,173.625,18.94014499289915,18.58014499289915
11203,11440,152.0,-35.625,173.475,18.820498517423403,17.908498517423403
11204,11441,301.0,-35.625,173.525,18.80560274043819,16.99960274043819
11205,11442,354.0,-35.625,173.575,18.79066120251082,16.66666120251082
11206,11443,558.0,-35.625,173.625,18.774820478342008,15.426820478342009
11207,11463,314.0,-35.575,173.475,18.86683383077616,16.98283383077616
11208,11464,167.0,-35.575,173.525,18.853032607759815,17.851032607759816
11209,11465,289.0,-35.575,173.575,18.838837545190472,17.10483754519047
11210,11466,539.0,-35.575,173.625,18.823322959418874,15.589322959418874
11211,11485,354.0,-35.525,173.475,18.92152200365672,16.79752200365672
11212,11486,616.0,-35.525,173.525,18.90848520025611,15.21248520025611
11213,11487,319.0,-35.525,173.575,18.89440463599749,16.980404635997488
11214,11488,628.0,-35.525,173.625,18.878384149924386,15.110384149924386
11215,11145,20.0,-35.475,173.675,18.917724138998892,18.79772413899889
11216,11146,60.0,-35.475,173.725,18.889732538198587,18.529732538198587
11217,11147,65.0,-35.475,173.775,18.851797302719206,18.461797302719205
11218,11444,516.0,-35.625,173.675,18.756993088230956,15.660993088230956
11219,11445,207.0,-35.625,173.725,18.735914595716167,17.493914595716166
11220,11446,161.0,-35.625,173.775,18.71071191225201,17.744711912252008
11221,11467,571.0,-35.575,173.675,18.805178613576572,15.379178613576572
11222,11468,355.0,-35.575,173.725,18.78240495955106,16.65240495955106
11223,11469,192.0,-35.575,173.775,18.75251453340752,17.60051453340752
11224,11489,301.0,-35.525,173.675,18.85924396297196,17.05324396297196
11225,11490,107.0,-35.525,173.725,18.834779476339463,18.192779476339464
11226,11491,323.0,-35.525,173.775,18.800629333243705,16.862629333243706
11227,11015,125.0,-35.525,173.825,18.75177804788109,18.00177804788109
11228,11019,230.0,-35.525,173.875,18.693250315263867,17.31325031526387
11229,11127,155.0,-35.525,173.925,18.646408732107375,17.716408732107375
11230,11128,88.0,-35.525,173.975,18.632191325363237,18.10419132536324
11231,11148,97.0,-35.475,173.825,18.791250165260863,18.209250165260862
11232,11149,140.0,-35.475,173.875,18.706798123079352,17.866798123079352
11233,11150,131.0,-35.475,173.925,18.640693518449552,17.85469351844955
11234,11151,125.0,-35.475,173.975,18.625639922742266,17.875639922742266
11235,11447,63.0,-35.625,173.825,18.682350713876076,18.304350713876076
11236,11448,171.0,-35.625,173.875,18.655305177671835,17.629305177671835
11237,11449,333.0,-35.625,173.925,18.637329418736044,16.639329418736043
11238,11450,231.0,-35.625,173.975,18.636458823573776,17.250458823573776
11239,11470,99.0,-35.575,173.825,18.71473525057081,18.12073525057081
11240,11471,226.0,-35.575,173.875,18.674398506176658,17.318398506176656
11241,11472,141.0,-35.575,173.925,18.64383941399865,17.79783941399865
11242,11473,81.0,-35.575,173.975,18.63587992353132,18.14987992353132
11243,11129,175.0,-35.525,174.025,18.65784310636809,17.60784310636809
11244,11130,79.0,-35.525,174.075,18.718747896142304,18.244747896142304
11245,11131,128.0,-35.525,174.125,18.80487540795002,18.03687540795002
11246,11152,141.0,-35.475,174.025,18.66481649054913,17.81881649054913
11247,11153,81.0,-35.475,174.075,18.745289699872956,18.259289699872955
11248,11154,158.0,-35.475,174.125,18.8507109877537,17.9027109877537
11249,11451,40.0,-35.625,174.025,18.657620266720187,18.41762026672019
11250,11452,73.0,-35.625,174.075,18.701311507204082,18.263311507204083
11251,11453,122.0,-35.625,174.125,18.764337746310048,18.03233774631005
11252,11474,107.0,-35.575,174.025,18.657106001395732,18.015106001395733
11253,11475,243.0,-35.575,174.075,18.706710912287235,17.248710912287237
11254,11476,120.0,-35.575,174.125,18.778997324290685,18.058997324290686
11255,11132,136.0,-35.525,174.175,18.905587911664043,18.089587911664044
11256,11133,97.0,-35.525,174.225,19.01180827029748,18.429808270297478
11257,11134,126.0,-35.525,174.275,19.116518977680244,18.360518977680243
11258,11135,100.0,-35.525,174.325,19.21464620839106,18.614646208391058
11259,11155,203.0,-35.475,174.175,18.967465915251523,17.749465915251523
11260,11156,268.0,-35.475,174.225,19.085894636809826,17.477894636809825
11261,11157,246.0,-35.475,174.275,19.19959989679046,17.72359989679046
11262,11158,157.0,-35.475,174.325,19.3045337991789,18.362533799178898
11263,11454,120.0,-35.625,174.175,18.841322693624534,18.121322693624535
11264,11455,121.0,-35.625,174.225,18.926009682298172,18.200009682298173
11265,11456,126.0,-35.625,174.275,19.012050540710334,18.256050540710334
11266,11457,140.0,-35.625,174.325,19.093503138632514,18.253503138632514
11267,11477,122.0,-35.575,174.175,18.86630048113875,18.13430048113875
11268,11478,97.0,-35.575,174.225,18.960907593544107,18.378907593544106
11269,11479,152.0,-35.575,174.275,19.055959679186344,18.143959679186345
11270,11480,148.0,-35.575,174.325,19.145840483775828,18.257840483775826
11271,11136,120.0,-35.525,174.375,19.302891690516844,18.582891690516846
11272,11137,43.0,-35.525,174.425,19.379607552138623,19.121607552138624
11273,11159,242.0,-35.475,174.375,19.398364171211142,17.946364171211144
11274,11160,41.0,-35.475,174.425,19.480092261452228,19.23409226145223
11275,11458,253.0,-35.625,174.375,19.165589309239294,17.647589309239294
11276,11459,154.0,-35.625,174.425,19.22585870983312,18.30185870983312
11277,11460,56.0,-35.625,174.475,19.274491440039128,18.93849144003913
11278,11461,46.0,-35.625,174.525,19.31314335798379,19.03714335798379
11279,11481,203.0,-35.575,174.375,19.226516363036353,18.008516363036353
11280,11482,221.0,-35.575,174.425,19.29587688157335,17.96987688157335
11281,11483,75.0,-35.575,174.475,19.353679006104358,18.90367900610436
11282,11203,37.0,-35.325,173.175,19.29131808382226,19.06931808382226
11283,11204,16.0,-35.325,173.225,19.275734383263625,19.179734383263625
11284,11161,59.0,-35.425,173.275,19.103366404189728,18.74936640418973
11285,11162,205.0,-35.425,173.325,19.09064052987378,17.86064052987378
11286,11163,19.0,-35.425,173.375,19.080493552726693,18.966493552726693
11287,11182,359.0,-35.375,173.275,19.17927852930734,17.02527852930734
11288,11183,401.0,-35.375,173.325,19.17016081989277,16.764160819892773
11289,11184,30.0,-35.375,173.375,19.16396358446218,18.98396358446218
11290,11185,36.0,-35.375,173.425,19.15876893501263,18.94276893501263
11291,11205,54.0,-35.325,173.275,19.26605938532157,18.942059385321567
11292,11206,94.0,-35.325,173.325,19.261656973161735,18.697656973161735
11293,11207,82.0,-35.325,173.375,19.26086724922061,18.76886724922061
11294,11208,106.0,-35.325,173.425,19.261254947981797,18.625254947981798
11295,11164,61.0,-35.425,173.475,19.06186395487748,18.69586395487748
11296,11165,,-35.425,173.525,19.04980005789548,
11297,11166,19.0,-35.425,173.575,19.033418079663534,18.919418079663533
11298,11167,34.0,-35.425,173.625,19.010984934517182,18.806984934517182
11299,11186,45.0,-35.375,173.525,19.141840537486132,18.871840537486133
11300,11187,123.0,-35.375,173.575,19.124677171872463,18.386677171872464
11301,11188,188.0,-35.375,173.625,19.097654223325662,17.969654223325662
11302,11209,115.0,-35.325,173.475,19.259933371678926,18.569933371678925
11303,11210,,-35.325,173.525,19.253679928311612,
11304,11211,10.0,-35.325,173.625,19.210964890604373,19.150964890604374
11305,11168,118.0,-35.425,173.675,18.981076259166002,18.273076259166004
11306,11169,126.0,-35.425,173.725,18.942675949947443,18.186675949947443
11307,11170,157.0,-35.425,173.775,18.894216799060814,17.952216799060814
11308,11189,175.0,-35.375,173.675,19.057313478551805,18.007313478551804
11309,11190,128.0,-35.375,173.725,18.999711996351834,18.231711996351834
11310,11191,247.0,-35.375,173.775,18.919559937377926,17.437559937377927
11311,11212,146.0,-35.325,173.675,19.164488713548053,18.288488713548052
11312,11213,129.0,-35.325,173.725,19.091950276808348,18.317950276808347
11313,11214,248.0,-35.325,173.775,18.984044539101887,17.496044539101888
11314,11171,162.0,-35.425,173.825,18.822557616513222,17.85055761651322
11315,11172,217.0,-35.425,173.875,18.701899281004444,17.399899281004444
11316,11173,134.0,-35.425,173.925,18.622746080625802,17.818746080625804
11317,11174,58.0,-35.425,173.975,18.62212487589568,18.27412487589568
11318,11192,279.0,-35.375,173.825,18.80629988585133,17.13229988585133
11319,11193,192.0,-35.375,173.875,18.67246869916562,17.52046869916562
11320,11194,156.0,-35.375,173.925,18.6040696236887,17.6680696236887
11321,11195,121.0,-35.375,173.975,18.643756027217023,17.917756027217024
11322,11215,202.0,-35.325,173.825,18.83645871747285,17.62445871747285
11323,11216,203.0,-35.325,173.875,18.68357270315755,17.46557270315755
11324,11217,80.0,-35.325,173.925,18.635451011767145,18.155451011767145
11325,11218,73.0,-35.325,173.975,18.743060198728926,18.305060198728928
11326,11175,93.0,-35.425,174.025,18.690109338902403,18.132109338902403
11327,11176,39.0,-35.425,174.075,18.80011442390969,18.56611442390969
11328,11177,146.0,-35.425,174.125,18.92901529179653,18.05301529179653
11329,11196,86.0,-35.375,174.025,18.758919381478336,18.242919381478337
11330,11197,17.0,-35.375,174.075,18.904848290781956,18.802848290781956
11331,11198,21.0,-35.375,174.125,19.055691942572594,18.929691942572592
11332,11219,80.0,-35.325,174.025,18.913588390336372,18.43358839033637
11333,11220,24.0,-35.325,174.075,19.08672604977619,18.94272604977619
11334,11221,18.0,-35.325,174.125,19.246349212306086,19.138349212306085
11335,11178,168.0,-35.425,174.175,19.06204670056468,18.05404670056468
11336,11179,159.0,-35.425,174.225,19.19083153590327,18.23683153590327
11337,11180,302.0,-35.425,174.275,19.31079287431203,17.498792874312027
11338,11181,41.0,-35.425,174.325,19.41950263781473,19.17350263781473
11339,11199,31.0,-35.375,174.175,19.20011838717619,19.01411838717619
11340,11200,130.0,-35.375,174.225,19.33362775942078,18.553627759420777
11341,11201,182.0,-35.375,174.275,19.454532264033332,18.362532264033334
11342,11202,20.0,-35.375,174.325,19.56231455982197,19.44231455982197
11343,11222,56.0,-35.325,174.175,19.39006813580636,19.05406813580636
11344,11223,30.0,-35.325,174.225,19.51853482547449,19.33853482547449
11345,11224,87.0,-35.325,174.275,19.632776973303407,19.11077697330341
11346,11225,19.0,-35.325,174.325,19.7336920684902,19.6196920684902
11347,11263,93.0,-35.175,173.075,19.632121389731765,19.074121389731765
11348,11226,226.0,-35.275,173.175,19.38221253536176,18.026212535361758
11349,11227,89.0,-35.275,173.225,19.369690503226593,18.835690503226594
11350,11245,26.0,-35.225,173.125,19.501118753978517,19.345118753978518
11351,11246,272.0,-35.225,173.175,19.484616353467572,17.85261635346757
11352,11247,324.0,-35.225,173.225,19.475385798723437,17.531385798723438
11353,11264,19.0,-35.175,173.175,19.599962150736246,19.485962150736245
11354,11265,283.0,-35.175,173.225,19.594220146886073,17.896220146886073
11355,11282,20.0,-35.125,173.175,19.72993443493033,19.609934434930327
11356,11283,8.0,-35.125,173.225,19.72924840945052,19.68124840945052
11357,11021,74.0,-35.225,173.275,19.4753031291184,19.031303129118402
11358,11228,40.0,-35.275,173.275,19.364476077025756,19.124476077025758
11359,11229,79.0,-35.275,173.325,19.366097379417624,18.892097379417624
11360,11230,112.0,-35.275,173.375,19.372466803935822,18.70046680393582
11361,11231,132.0,-35.275,173.425,19.380576662370004,18.588576662370002
11362,11248,64.0,-35.225,173.325,19.4843773135799,19.100377313579898
11363,11249,412.0,-35.225,173.375,19.499689799326006,17.027689799326005
11364,11250,533.0,-35.225,173.425,19.51757186598843,16.31957186598843
11365,11266,278.0,-35.175,173.275,19.599650714255404,17.931650714255404
11366,11267,71.0,-35.175,173.325,19.617631762404926,19.191631762404928
11367,11268,131.0,-35.175,173.375,19.643108704593033,18.85710870459303
11368,11269,209.0,-35.175,173.425,19.6719981226488,18.4179981226488
11369,11284,20.0,-35.125,173.275,19.740743060130626,19.620743060130625
11370,11285,43.0,-35.125,173.325,19.767612874275073,19.509612874275074
11371,11286,92.0,-35.125,173.375,19.802652122918516,19.250652122918517
11372,11287,122.0,-35.125,173.425,19.84232354920823,19.110323549208232
11373,11232,43.0,-35.275,173.475,19.387150681403,19.129150681403
11374,11233,49.0,-35.275,173.575,19.381508229591418,19.087508229591418
11375,11234,216.0,-35.275,173.625,19.360882034292445,18.064882034292445
11376,11251,331.0,-35.225,173.475,19.53470640874002,17.54870640874002
11377,11252,39.0,-35.225,173.525,19.547986951598432,19.31398695159843
11378,11253,189.0,-35.225,173.575,19.55426128068939,18.420261280689388
11379,11254,265.0,-35.225,173.625,19.550189452129416,17.960189452129416
11380,11270,288.0,-35.175,173.475,19.701465001679026,17.973465001679024
11381,11271,401.0,-35.175,173.525,19.72919546434423,17.32319546434423
11382,11272,189.0,-35.175,173.575,19.753238557314035,18.619238557314034
11383,11273,125.0,-35.175,173.625,19.772176190279424,19.022176190279424
11384,11288,135.0,-35.125,173.475,19.884424782940187,19.074424782940188
11385,11289,214.0,-35.125,173.525,19.927439478517044,18.643439478517045
11386,11290,314.0,-35.125,173.575,19.970532142266165,18.086532142266165
11387,11291,121.0,-35.125,173.625,20.01385739451507,19.287857394515072
11388,11235,188.0,-35.275,173.675,19.321118613064755,18.193118613064755
11389,11236,56.0,-35.275,173.725,19.254998246440664,18.918998246440665
11390,11237,254.0,-35.275,173.775,19.15468869631877,17.63068869631877
11391,11255,263.0,-35.225,173.675,19.532338198041543,17.954338198041544
11392,11256,284.0,-35.225,173.725,19.49789597064955,17.79389597064955
11393,11257,350.0,-35.225,173.775,19.44696833693888,17.34696833693888
11394,11274,243.0,-35.175,173.675,19.785736314370297,18.3277363143703
11395,11275,122.0,-35.175,173.725,19.796233171829954,19.064233171829954
11396,11276,293.0,-35.175,173.775,19.811472093104385,18.053472093104386
11397,11292,80.0,-35.125,173.675,20.05922554875724,19.57922554875724
11398,11293,150.0,-35.125,173.725,20.111182981927413,19.211182981927415
11399,11294,171.0,-35.125,173.775,20.1781631798367,19.152163179836702
11400,11238,327.0,-35.275,173.825,19.01725604047533,17.05525604047533
11401,11239,200.0,-35.275,173.875,18.8630790997413,17.6630790997413
11402,11240,88.0,-35.275,173.925,18.828024912043475,18.300024912043476
11403,11241,60.0,-35.275,173.975,19.01317602704512,18.65317602704512
11404,11258,295.0,-35.225,173.825,19.388249647803605,17.618249647803605
11405,11259,178.0,-35.225,173.875,19.351443858700804,18.283443858700803
11406,11260,77.0,-35.225,173.925,19.403280740312766,18.941280740312767
11407,11261,41.0,-35.225,173.975,19.51833244721638,19.27233244721638
11408,11277,228.0,-35.175,173.825,19.849445357976947,18.48144535797695
11409,11278,162.0,-35.175,173.875,19.93993643973954,18.96793643973954
11410,11279,88.0,-35.175,173.925,20.074675380485132,19.546675380485134
11411,11280,18.0,-35.175,173.975,20.090445918380283,19.982445918380282
11412,11295,265.0,-35.125,173.825,20.271464749763254,18.681464749763254
11413,11296,200.0,-35.125,173.875,20.39339919638587,19.193399196385872
11414,11297,100.0,-35.125,173.925,20.424,19.823999999999998
11415,11298,40.0,-35.125,173.975,20.424,20.184
11416,11242,81.0,-35.275,174.025,19.202292715548538,18.716292715548537
11417,11262,19.0,-35.225,174.025,19.628088181547355,19.514088181547354
11418,11281,46.0,-35.175,174.075,20.13318562688073,19.85718562688073
11419,11299,40.0,-35.125,174.025,20.424,20.184
11420,11300,71.0,-35.125,174.075,20.424,19.998
11421,11243,53.0,-35.275,174.225,19.744528389710467,19.426528389710466
11422,11244,77.0,-35.275,174.275,19.84370787756052,19.38170787756052
11423,11301,10.0,-35.075,173.225,19.881767461134586,19.821767461134588
11424,11315,22.0,-35.025,173.175,20.030507070827298,19.898507070827296
11425,11316,13.0,-35.025,173.225,20.04603312717518,19.96803312717518
11426,11329,40.0,-34.975,173.175,20.194316006847657,19.95431600684766
11427,11302,35.0,-35.075,173.275,19.901218868093565,19.691218868093564
11428,11303,87.0,-35.075,173.325,19.93394681805512,19.41194681805512
11429,11304,79.0,-35.075,173.375,19.976472667360213,19.502472667360212
11430,11305,40.0,-35.075,173.425,20.025551276979968,19.78555127697997
11431,11317,2.0,-35.025,173.275,20.07292268204037,20.06092268204037
11432,11318,19.0,-35.025,173.325,20.111634403292555,19.997634403292555
11433,11319,60.0,-35.025,173.375,20.160552990448195,19.800552990448196
11434,11320,20.0,-35.025,173.425,20.21751681936439,20.09751681936439
11435,11330,6.0,-34.975,173.375,20.350336339557543,20.314336339557542
11436,11306,41.0,-35.075,173.475,20.07922158506699,19.83322158506699
11437,11307,100.0,-35.075,173.525,20.13642099092249,19.536420990922487
11438,11308,190.0,-35.075,173.575,20.196930784964934,19.056930784964933
11439,11309,102.0,-35.075,173.625,20.261563645442948,19.64956364544295
11440,11321,107.0,-35.025,173.525,20.34990266727982,19.70790266727982
11441,11322,114.0,-35.025,173.575,20.424,19.74
11442,11323,86.0,-35.025,173.625,20.424,19.908
11443,11331,48.0,-34.975,173.575,20.424,20.136
11444,11332,217.0,-34.975,173.625,20.424,19.122
11445,11310,70.0,-35.075,173.675,20.33247209934052,19.91247209934052
11446,11311,20.0,-35.075,173.775,20.424,20.304
11447,11324,144.0,-35.025,173.675,20.424,19.56
11448,11325,236.0,-35.025,173.725,20.424,19.008
11449,11326,10.0,-35.025,173.775,20.424,20.364
11450,11333,144.0,-34.975,173.675,20.424,19.56
11451,11312,257.0,-35.075,173.825,20.424,18.881999999999998
11452,11313,160.0,-35.075,173.875,20.424,19.464
11453,11314,133.0,-35.075,173.925,20.424,19.625999999999998
11454,11327,140.0,-35.025,173.825,20.424,19.584
11455,11328,23.0,-35.025,173.875,20.424,20.285999999999998
11456,11337,16.0,-34.875,173.075,20.424,20.328
11457,11342,6.0,-34.825,173.025,20.424,20.387999999999998
11458,11343,40.0,-34.825,173.075,20.424,20.184
11459,11345,58.0,-34.775,173.025,20.424,20.076
11460,11346,22.0,-34.775,173.075,20.424,20.291999999999998
11461,11334,40.0,-34.925,173.125,20.342484728607815,20.102484728607816
11462,11335,20.0,-34.925,173.175,20.362905348767526,20.242905348767525
11463,11336,9.0,-34.925,173.225,20.392587062029634,20.338587062029635
11464,11338,40.0,-34.875,173.125,20.424,20.184
11465,11339,10.0,-34.875,173.175,20.424,20.364
11466,11344,17.0,-34.825,173.125,20.424,20.322
11467,11347,7.0,-34.775,173.125,20.424,20.381999999999998
11468,11340,10.0,-34.875,173.325,20.424,20.364
11469,11341,9.0,-34.875,173.375,20.424,20.37
11470,11354,50.0,-34.625,172.875,20.424,20.124
11471,11357,80.0,-34.575,172.825,20.424,19.944
11472,11358,59.0,-34.575,172.875,20.424,20.07
11473,11348,78.0,-34.725,172.975,20.424,19.956
11474,11349,58.0,-34.725,173.025,20.424,20.076
11475,11350,20.0,-34.725,173.075,20.424,20.304
11476,11351,121.0,-34.675,172.925,20.424,19.698
11477,11352,51.0,-34.675,172.975,20.424,20.118
11478,11353,13.0,-34.675,173.025,20.424,20.346
11479,11355,59.0,-34.625,172.925,20.424,20.07
11480,11356,13.0,-34.625,172.975,20.424,20.346
11481,11361,22.0,-34.475,172.675,20.424,20.291999999999998
11482,11362,33.0,-34.475,172.725,20.424,20.226
11483,11359,35.0,-34.525,172.775,20.424,20.214
11484,11360,44.0,-34.525,172.825,20.424,20.16
11485,11363,124.0,-34.475,172.775,20.424,19.68
11486,11364,50.0,-34.475,172.825,20.424,20.124
11487,11365,67.0,-34.475,172.875,20.424,20.022
11488,11368,142.0,-34.425,172.875,20.424,19.572
11489,11366,,-34.475,172.925,20.424,
11490,11367,100.0,-34.475,172.975,20.424,19.823999999999998
