Unnamed: 0,OID_,Elevation,Latitude,Longitude,Interpolated_Tmean(C),Adjusted_Tmean(C)
0,148,72.0,-47.275,167.475,11.2209059902234,10.7889059902234
1,153,244.0,-47.275,167.525,11.255620127980364,9.791620127980364
2,156,49.0,-47.225,167.475,11.079427119693719,10.785427119693718
3,165,326.0,-47.225,167.525,11.112416975287488,9.156416975287488
4,174,36.0,-47.225,167.575,11.149231285089627,10.933231285089628
5,183,127.0,-47.175,167.575,11.000755354529247,10.238755354529246
6,272,179.0,-47.175,167.625,11.043013231363147,9.969013231363148
7,278,24.0,-47.175,167.675,11.094180839747423,10.950180839747423
8,285,104.0,-47.175,167.725,11.156106635375181,10.53210663537518
9,403,141.0,-47.125,167.625,10.892117792071076,10.046117792071076
10,405,259.0,-47.125,167.675,10.942341112851864,9.388341112851863
11,413,184.0,-47.125,167.725,11.003604006720707,9.899604006720708
12,293,124.0,-47.175,167.775,11.230473022180377,10.486473022180377
13,301,165.0,-47.175,167.825,11.31886893635965,10.32886893635965
14,309,0.0,-47.175,167.875,11.422824269946432,11.422824269946432
15,415,252.0,-47.125,167.775,11.077696401218418,9.565696401218418
16,418,256.0,-47.125,167.825,11.166362306772498,9.630362306772499
17,422,293.0,-47.125,167.875,11.271347832662286,9.513347832662287
18,425,75.0,-47.125,167.925,11.394433034642134,10.944433034642135
19,430,119.0,-47.125,167.975,11.537410535063827,10.823410535063827
20,436,61.0,-47.125,168.025,11.701917964790482,11.335917964790482
21,449,204.0,-47.075,167.625,10.741926302580396,9.517926302580396
22,456,363.0,-47.075,167.675,10.791170772572514,8.613170772572513
23,549,158.0,-47.075,167.725,10.851802705874434,9.903802705874433
24,667,380.0,-47.025,167.725,10.702363400836475,8.422363400836476
25,906,112.0,-46.975,167.725,10.556801596045261,9.88480159604526
26,556,176.0,-47.075,167.775,10.925659994740272,9.869659994740271
27,562,506.0,-47.075,167.825,11.014586549194064,7.978586549194064
28,568,258.0,-47.075,167.875,11.120481572346762,9.572481572346762
29,672,192.0,-47.025,167.775,10.77606111735804,9.62406111735804
30,677,419.0,-47.025,167.825,10.865359176270431,8.351359176270432
31,682,402.0,-47.025,167.875,10.972245891869534,8.560245891869535
32,944,100.0,-46.975,167.775,10.630471266282257,10.030471266282257
33,945,218.0,-46.975,167.825,10.720415171730565,9.412415171730565
34,946,59.0,-46.975,167.875,10.828705179446843,10.474705179446843
35,950,15.0,-46.925,167.775,10.490105375065468,10.400105375065468
36,951,60.0,-46.925,167.825,10.581052312860265,10.221052312860266
37,952,262.0,-46.925,167.875,10.691438411420677,9.119438411420678
38,574,183.0,-47.075,167.925,11.245372944278643,10.147372944278642
39,580,36.0,-47.075,167.975,11.391497163800523,11.175497163800523
40,652,61.0,-47.075,168.025,11.561295903666178,11.195295903666178
41,656,65.0,-47.075,168.075,11.757034055888653,11.367034055888652
42,687,299.0,-47.025,167.925,11.098880640143761,9.304880640143761
43,692,278.0,-47.025,167.975,11.247766615648288,9.579766615648289
44,697,165.0,-47.025,168.025,11.422020618192619,10.432020618192618
45,702,107.0,-47.025,168.075,11.62550532098976,10.98350532098976
46,947,462.0,-46.975,167.975,11.109523253137013,8.337523253137013
47,948,252.0,-46.975,168.025,11.28788392408751,9.775883924087509
48,949,156.0,-46.975,168.075,11.497693920624442,10.561693920624442
49,953,274.0,-46.925,167.925,10.823657253931742,9.179657253931742
50,954,34.0,-46.925,167.975,10.980317728273803,10.776317728273803
51,662,63.0,-47.075,168.125,11.979495151754236,11.601495151754236
52,767,140.0,-47.025,168.125,11.861578273004852,11.021578273004852
53,858,121.0,-47.025,168.175,12.128566202736693,11.402566202736693
54,968,161.0,-46.775,167.625,10.406,9.440000000000001
55,969,177.0,-46.775,167.725,10.406,9.344000000000001
56,955,228.0,-46.875,167.775,10.406,9.038
57,956,54.0,-46.875,167.825,10.44778509187745,10.12378509187745
58,957,20.0,-46.875,167.875,10.560868475033203,10.440868475033204
59,962,70.0,-46.825,167.775,10.406,9.986
60,963,19.0,-46.825,167.825,10.406,10.292
61,964,16.0,-46.825,167.875,10.435882999212481,10.339882999212481
62,970,38.0,-46.775,167.775,10.406,10.178
63,971,39.0,-46.775,167.825,10.406,10.172
64,972,96.0,-46.775,167.875,10.406,9.83
65,958,20.0,-46.875,167.925,10.697767219651723,10.577767219651724
66,959,304.0,-46.875,167.975,10.861661180271767,9.037661180271767
67,960,121.0,-46.875,168.025,11.056272513407748,10.330272513407749
68,961,112.0,-46.875,168.075,11.286774514592253,10.614774514592252
69,965,26.0,-46.825,167.925,10.577813001174945,10.421813001174945
70,966,263.0,-46.825,167.975,10.750235183077166,9.172235183077166
71,967,230.0,-46.825,168.025,10.9582747023087,9.5782747023087
72,973,238.0,-46.775,167.925,10.459533903456759,9.031533903456758
73,974,164.0,-46.775,167.975,10.638502380024875,9.654502380024875
74,975,72.0,-46.725,167.725,10.406,9.974
75,976,218.0,-46.725,167.775,10.406,9.098
76,977,149.0,-46.725,167.825,10.406,9.512
77,978,403.0,-46.725,167.875,10.406,7.988
78,979,444.0,-46.725,167.925,10.406,7.742000000000001
79,989,8.0,-46.575,168.525,13.143792542017763,13.095792542017763
80,990,7.0,-46.575,168.575,13.200521317310631,13.158521317310631
81,991,1.0,-46.575,168.625,13.23148592832149,13.22548592832149
82,992,0.0,-46.575,168.675,13.238485324982321,13.238485324982321
83,993,8.0,-46.575,168.775,13.186824726231862,13.138824726231862
84,980,20.0,-46.625,168.875,13.220303450332722,13.100303450332722
85,981,122.0,-46.625,168.925,13.128010395768797,12.396010395768798
86,982,94.0,-46.625,168.975,13.027076090220362,12.463076090220362
87,994,19.0,-46.575,168.825,13.131784914643504,13.017784914643503
88,995,39.0,-46.575,168.875,13.060165590810357,12.826165590810357
89,996,51.0,-46.575,168.925,12.97453126005712,12.66853126005712
90,997,194.0,-46.575,168.975,12.877769758692011,11.713769758692012
91,983,20.0,-46.625,169.025,12.920303377090022,12.800303377090023
92,984,141.0,-46.625,169.075,12.810805921704741,11.964805921704741
93,985,61.0,-46.625,169.125,12.70199290078017,12.33599290078017
94,998,276.0,-46.575,169.025,12.7730803869199,11.1170803869199
95,999,243.0,-46.575,169.075,12.663948831235757,11.205948831235757
96,1000,71.0,-46.575,169.125,12.554121435066918,12.128121435066918
97,29,116.0,-46.575,169.175,12.447597997321282,11.751597997321282
98,32,222.0,-46.575,169.225,12.348666899837554,11.016666899837553
99,35,45.0,-46.575,169.275,12.262016464432236,11.992016464432236
100,38,167.0,-46.575,169.325,12.192991355463164,11.190991355463163
101,986,25.0,-46.625,169.175,12.597574410814559,12.447574410814559
102,987,106.0,-46.625,169.225,12.50161040580133,11.86561040580133
103,988,60.0,-46.625,169.325,12.35399707450415,11.99399707450415
104,41,158.0,-46.575,169.375,12.14819453007658,11.20019453007658
105,43,20.0,-46.575,169.425,12.13736200000858,12.01736200000858
106,46,0.0,-46.575,169.475,12.182749927364057,12.182749927364057
107,48,16.0,-46.525,168.275,11.270327977952547,11.174327977952547
108,51,5.0,-46.525,168.325,11.659366002888419,11.62936600288842
109,54,11.0,-46.525,168.375,12.057098753895843,11.991098753895843
110,57,10.0,-46.525,168.425,12.369796706130728,12.309796706130728
111,564,13.0,-46.475,168.275,10.70690142834792,10.62890142834792
112,570,1.0,-46.475,168.375,11.375255129154539,11.369255129154539
113,576,11.0,-46.475,168.425,11.76866705401335,11.702667054013348
114,793,10.0,-46.425,168.275,10.406,10.346
115,795,0.0,-46.425,168.325,10.4313825002464,10.4313825002464
116,797,20.0,-46.425,168.375,10.828133643080946,10.708133643080947
117,799,27.0,-46.425,168.425,11.275950165785616,11.113950165785615
118,60,12.0,-46.525,168.475,12.593037076003384,12.521037076003385
119,152,13.0,-46.525,168.525,12.755946500081336,12.677946500081337
120,157,10.0,-46.525,168.575,12.872839972143993,12.812839972143992
121,582,10.0,-46.475,168.475,12.094782193249557,12.034782193249557
122,650,21.0,-46.475,168.525,12.345251173392171,12.219251173392172
123,657,20.0,-46.475,168.575,12.530423002957832,12.410423002957833
124,801,30.0,-46.425,168.475,11.666430227167439,11.486430227167439
125,803,32.0,-46.425,168.525,11.978822848119307,11.786822848119307
126,805,40.0,-46.425,168.575,12.2172418552218,11.9772418552218
127,166,20.0,-46.525,168.625,12.950835274794372,12.830835274794373
128,175,10.0,-46.525,168.675,12.994610445311991,12.934610445311991
129,184,10.0,-46.525,168.725,13.007898757292423,12.947898757292423
130,267,22.0,-46.525,168.775,12.99401561007835,12.86201561007835
131,665,30.0,-46.475,168.625,12.660984672780614,12.480984672780615
132,670,25.0,-46.475,168.675,12.74540538826841,12.595405388268409
133,675,10.0,-46.475,168.725,12.790295046812389,12.730295046812389
134,680,41.0,-46.475,168.775,12.800998703198275,12.554998703198274
135,807,39.0,-46.425,168.625,12.391578594601015,12.157578594601015
136,809,48.0,-46.425,168.675,12.511458760127425,12.223458760127425
137,811,43.0,-46.425,168.725,12.584926097188145,12.326926097188146
138,813,13.0,-46.425,168.775,12.618526331119938,12.540526331119938
139,271,25.0,-46.525,168.825,12.956114185741171,12.80611418574117
140,276,43.0,-46.525,168.875,12.897357659734553,12.639357659734554
141,282,101.0,-46.525,168.925,12.82104740026989,12.21504740026989
142,290,197.0,-46.525,168.975,12.730704466433963,11.548704466433962
143,685,61.0,-46.475,168.825,12.782090771303046,12.416090771303047
144,690,60.0,-46.475,168.875,12.737767885206267,12.377767885206268
145,695,171.0,-46.475,168.925,12.672148138750345,11.646148138750345
146,700,258.0,-46.475,168.975,12.58946505835047,11.04146505835047
147,815,79.0,-46.425,168.825,12.617738328233827,12.143738328233827
148,817,99.0,-46.425,168.875,12.58745616581291,11.99345616581291
149,820,122.0,-46.425,168.925,12.53241260899813,11.80041260899813
150,822,367.0,-46.425,168.975,12.457463871658547,10.255463871658547
151,298,89.0,-46.525,169.025,12.6300998821971,12.0960998821971
152,306,82.0,-46.525,169.075,12.523244133451954,12.031244133451954
153,416,59.0,-46.525,169.125,12.414361850067507,12.060361850067508
154,769,441.0,-46.475,169.025,12.4941513131198,9.8481513131198
155,770,336.0,-46.475,169.075,12.3908373141021,10.3748373141021
156,771,310.0,-46.475,169.125,12.284316378587391,10.424316378587392
157,859,88.0,-46.425,169.025,12.36769449748681,11.839694497486809
158,860,116.0,-46.425,169.075,12.268379716144409,11.57237971614441
159,862,116.0,-46.425,169.125,12.164899476221763,11.468899476221763
160,419,100.0,-46.525,169.175,12.307884742709575,11.707884742709576
161,421,237.0,-46.525,169.225,12.208497461455408,10.786497461455408
162,424,404.0,-46.525,169.275,12.121280617342563,9.697280617342564
163,427,301.0,-46.525,169.325,12.05204082216369,10.24604082216369
164,772,284.0,-46.475,169.175,12.179532381793251,10.47553238179325
165,773,237.0,-46.475,169.225,12.081635536451358,10.659635536451358
166,774,123.0,-46.475,169.275,11.996147176192608,11.258147176192608
167,776,504.0,-46.475,169.325,11.929284155368805,8.905284155368804
168,863,432.0,-46.425,169.175,12.062691082683159,9.470691082683159
169,865,253.0,-46.425,169.225,11.96728471145616,10.449284711456158
170,867,408.0,-46.425,169.275,11.884427671175217,9.436427671175217
171,869,458.0,-46.425,169.325,11.820259657513816,9.072259657513817
172,435,73.0,-46.525,169.375,12.00808304810198,11.57008304810198
173,440,20.0,-46.525,169.425,12.00009480828885,11.88009480828885
174,443,20.0,-46.525,169.475,12.041509944101563,11.921509944101564
175,778,316.0,-46.475,169.375,11.888457508845022,9.992457508845021
176,780,317.0,-46.475,169.425,11.882405430529616,9.980405430529617
177,782,286.0,-46.475,169.475,11.918332991263014,10.202332991263015
178,871,425.0,-46.425,169.375,11.781368075389764,9.231368075389764
179,873,375.0,-46.425,169.425,11.774199717387091,9.524199717387091
180,875,342.0,-46.425,169.475,11.803148447186686,9.751148447186686
181,450,131.0,-46.525,169.525,12.130212690099142,11.344212690099143
182,457,60.0,-46.525,169.575,12.253373914049007,11.893373914049008
183,546,202.0,-46.525,169.625,12.401828767629922,11.189828767629923
184,552,99.0,-46.525,169.675,12.56808342851582,11.97408342851582
185,784,324.0,-46.475,169.525,11.995892922452185,10.051892922452186
186,785,58.0,-46.475,169.575,12.108395523391664,11.760395523391663
187,787,13.0,-46.475,169.625,12.248589126451407,12.170589126451407
188,789,20.0,-46.475,169.675,12.409948598709889,12.28994859870989
189,877,382.0,-46.425,169.525,11.868386956193717,9.576386956193717
190,879,59.0,-46.425,169.575,11.966305230918806,11.612305230918807
191,881,20.0,-46.425,169.625,12.091903593740426,11.971903593740427
192,883,63.0,-46.425,169.675,12.24009094023495,11.86209094023495
193,791,8.0,-46.475,169.725,12.58507969105267,12.53707969105267
194,938,107.0,-46.425,169.725,12.404830524115823,11.762830524115824
195,939,85.0,-46.425,169.775,12.575539183715591,12.065539183715591
196,21,24.0,-46.225,166.975,10.406,10.262
197,22,20.0,-46.225,167.025,10.406,10.286000000000001
198,23,95.0,-46.225,167.075,10.406,9.836
199,24,96.0,-46.225,167.125,10.406,9.83
200,26,140.0,-46.225,167.175,10.406,9.566
201,27,73.0,-46.225,167.225,10.406,9.968
202,31,78.0,-46.225,167.275,10.406,9.938
203,34,239.0,-46.225,167.325,10.406,8.972000000000001
204,37,49.0,-46.225,167.675,10.406,10.112
205,42,169.0,-46.225,167.725,10.406,9.392000000000001
206,572,37.0,-46.325,167.725,10.406,10.184000000000001
207,625,0.0,-46.275,167.725,10.406,10.406
208,47,99.0,-46.225,167.775,10.406,9.812000000000001
209,50,513.0,-46.225,167.825,10.406,7.328000000000001
210,53,419.0,-46.225,167.875,10.406,7.892
211,578,20.0,-46.325,167.775,10.406,10.286000000000001
212,584,23.0,-46.325,167.825,10.406,10.268
213,585,205.0,-46.325,167.875,10.406,9.176
214,626,96.0,-46.275,167.775,10.406,9.83
215,627,583.0,-46.275,167.825,10.406,6.908000000000001
216,628,180.0,-46.275,167.875,10.406,9.326
217,940,42.0,-46.375,167.775,10.406,10.154
218,941,36.0,-46.375,167.875,10.406,10.190000000000001
219,56,60.0,-46.225,167.925,10.406,10.046000000000001
220,59,95.0,-46.225,167.975,10.406,9.836
221,62,59.0,-46.225,168.025,10.406,10.052000000000001
222,63,39.0,-46.225,168.075,10.406,10.172
223,586,39.0,-46.325,167.925,10.406,10.172
224,587,23.0,-46.325,167.975,10.406,10.268
225,588,9.0,-46.325,168.025,10.406,10.352
226,589,11.0,-46.325,168.075,10.406,10.34
227,629,80.0,-46.275,167.925,10.406,9.926
228,630,22.0,-46.275,167.975,10.406,10.274000000000001
229,631,40.0,-46.275,168.025,10.406,10.166
230,632,20.0,-46.275,168.075,10.406,10.286000000000001
231,942,0.0,-46.375,167.975,10.406,10.406
232,64,47.0,-46.225,168.125,10.406,10.124
233,65,39.0,-46.225,168.175,10.406,10.172
234,66,47.0,-46.225,168.225,10.406,10.124
235,129,3.0,-46.375,168.225,10.406,10.388
236,590,9.0,-46.325,168.125,10.406,10.352
237,591,11.0,-46.325,168.175,10.406,10.34
238,592,15.0,-46.325,168.225,10.406,10.316
239,633,40.0,-46.275,168.125,10.406,10.166
240,634,23.0,-46.275,168.175,10.406,10.268
241,635,30.0,-46.275,168.225,10.406,10.226
242,943,2.0,-46.375,168.175,10.406,10.394
243,67,34.0,-46.225,168.275,10.439851232804358,10.235851232804357
244,68,39.0,-46.225,168.325,10.635105721303262,10.401105721303262
245,69,40.0,-46.225,168.375,10.839487701276084,10.599487701276084
246,70,95.0,-46.225,168.425,11.053059037280036,10.483059037280036
247,130,4.0,-46.375,168.275,10.406,10.382000000000001
248,131,10.0,-46.375,168.325,10.406,10.346
249,132,11.0,-46.375,168.375,10.567452852294082,10.501452852294081
250,133,21.0,-46.375,168.425,10.984336772206007,10.858336772206007
251,593,10.0,-46.325,168.275,10.406,10.346
252,594,9.0,-46.325,168.325,10.406,10.352
253,595,20.0,-46.325,168.375,10.544396800192771,10.424396800192772
254,596,20.0,-46.325,168.425,10.889318341447506,10.769318341447507
255,636,13.0,-46.275,168.275,10.406,10.328000000000001
256,637,26.0,-46.275,168.325,10.414774749719072,10.258774749719072
257,638,27.0,-46.275,168.375,10.656016394350445,10.494016394350444
258,639,23.0,-46.275,168.425,10.931697261403315,10.793697261403315
259,71,37.0,-46.225,168.475,11.272401263442589,11.05040126344259
260,72,37.0,-46.225,168.525,11.484758586477255,11.262758586477256
261,73,69.0,-46.225,168.575,11.677488552901195,11.263488552901196
262,134,24.0,-46.375,168.475,11.375620822887868,11.231620822887868
263,135,31.0,-46.375,168.525,11.705615735030733,11.519615735030733
264,136,41.0,-46.375,168.575,11.968049009883543,11.722049009883543
265,597,39.0,-46.325,168.475,11.234258869691985,11.000258869691985
266,598,44.0,-46.325,168.525,11.542221702926327,11.278221702926327
267,599,53.0,-46.325,168.575,11.798812414781423,11.480812414781424
268,640,41.0,-46.275,168.475,11.213739033672027,10.967739033672027
269,641,58.0,-46.275,168.525,11.477222458983306,11.129222458983305
270,642,83.0,-46.275,168.575,11.706875070900423,11.208875070900424
271,74,92.0,-46.225,168.625,11.842127807176439,11.29012780717644
272,75,102.0,-46.225,168.675,11.974313760729274,11.362313760729274
273,76,120.0,-46.225,168.725,12.072463846969185,11.352463846969185
274,77,122.0,-46.225,168.775,12.13641218203702,11.40441218203702
275,137,56.0,-46.375,168.625,12.167270828358596,11.831270828358596
276,138,60.0,-46.375,168.675,12.31044363960973,11.95044363960973
277,151,39.0,-46.375,168.725,12.40465701642097,12.17065701642097
278,154,21.0,-46.375,168.775,12.456122162053362,12.330122162053362
279,600,60.0,-46.325,168.625,12.001588374230778,11.641588374230778
280,601,67.0,-46.325,168.675,12.153208773524966,11.751208773524967
281,602,66.0,-46.325,168.725,12.257991525402758,11.861991525402757
282,603,33.0,-46.325,168.775,12.320411384367617,12.122411384367616
283,643,60.0,-46.275,168.625,11.895842795725912,11.535842795725912
284,644,61.0,-46.275,168.675,12.042520157090621,11.676520157090621
285,645,80.0,-46.275,168.725,12.147954026644584,11.667954026644583
286,646,54.0,-46.275,168.775,12.214204440853791,11.890204440853791
287,1,205.0,-46.275,168.975,12.140610181959346,10.910610181959346
288,78,41.0,-46.225,168.825,12.16634666765458,11.920346667654579
289,79,208.0,-46.225,168.875,12.162456625563209,10.91445662556321
290,80,302.0,-46.225,168.925,12.126393349448335,10.314393349448336
291,81,179.0,-46.225,168.975,12.063566837401595,10.989566837401595
292,162,68.0,-46.375,168.825,12.47020547190914,12.06220547190914
293,171,101.0,-46.375,168.875,12.451808215642814,11.845808215642814
294,180,63.0,-46.375,168.925,12.405839760700474,12.027839760700473
295,274,101.0,-46.375,168.975,12.337557376769837,11.731557376769837
296,604,22.0,-46.325,168.825,12.344649498263607,12.212649498263607
297,605,41.0,-46.325,168.875,12.334783454542048,12.088783454542048
298,606,60.0,-46.325,168.925,12.295332140260143,11.935332140260144
299,607,106.0,-46.325,168.975,12.231693236564752,11.595693236564752
300,647,35.0,-46.275,168.825,12.243530883599306,12.033530883599305
301,648,84.0,-46.275,168.875,12.238397645152872,11.734397645152873
302,649,219.0,-46.275,168.925,12.202303151309025,10.888303151309024
303,2,258.0,-46.275,169.025,12.060161820292706,10.512161820292706
304,3,230.0,-46.275,169.075,11.968132384703495,10.588132384703496
305,4,285.0,-46.275,169.125,11.871275696452358,10.161275696452357
306,82,409.0,-46.225,169.025,11.981983273901278,9.527983273901278
307,83,284.0,-46.225,169.075,11.889551673200913,10.185551673200912
308,84,225.0,-46.225,169.125,11.793175602666452,10.443175602666452
309,280,128.0,-46.375,169.025,12.252624116896186,11.484624116896185
310,288,307.0,-46.375,169.075,12.156939349893946,10.314939349893946
311,296,120.0,-46.375,169.125,12.05642741516931,11.33642741516931
312,608,399.0,-46.325,169.025,12.150059788138606,9.756059788138606
313,609,474.0,-46.325,169.075,12.056943509232951,9.212943509232952
314,610,625.0,-46.325,169.125,11.958737567416392,8.208737567416392
315,5,382.0,-46.275,169.175,11.775720047706272,9.483720047706273
316,6,232.0,-46.275,169.225,11.686987929220777,10.294987929220778
317,7,258.0,-46.275,169.275,11.610030368014122,10.062030368014122
318,8,345.0,-46.275,169.325,11.549183845665539,9.479183845665538
319,85,377.0,-46.225,169.175,11.698808215020108,9.436808215020108
320,86,200.0,-46.225,169.225,11.611605168756796,10.411605168756797
321,87,222.0,-46.225,169.275,11.535993367942865,10.203993367942864
322,88,256.0,-46.225,169.325,11.475643959245645,9.939643959245645
323,304,211.0,-46.375,169.175,11.95691796464962,10.69091796464962
324,409,378.0,-46.375,169.225,11.864139154058648,9.596139154058648
325,428,488.0,-46.375,169.275,11.78377578695654,8.855775786956539
326,441,263.0,-46.375,169.325,11.721499294711975,10.143499294711976
327,611,293.0,-46.325,169.175,11.861514262083801,10.103514262083802
328,612,212.0,-46.325,169.225,11.770995451675844,10.498995451675844
329,613,243.0,-46.325,169.275,11.692573889624327,10.234573889624327
330,614,419.0,-46.325,169.325,11.631275061270571,9.117275061270572
331,9,318.0,-46.275,169.375,11.50800581157091,9.600005811570911
332,10,292.0,-46.275,169.425,11.488991840480594,9.736991840480593
333,11,507.0,-46.275,169.475,11.493263202399248,8.451263202399248
334,89,296.0,-46.225,169.375,11.43336128097144,9.65736128097144
335,90,118.0,-46.225,169.425,11.410920361828175,10.702920361828175
336,91,97.0,-46.225,169.475,11.40892299223924,10.82692299223924
337,444,218.0,-46.375,169.375,11.682801933799055,10.374801933799056
338,451,662.0,-46.375,169.425,11.672397212067153,7.700397212067154
339,458,112.0,-46.375,169.475,11.693152855383232,11.021152855383232
340,615,339.0,-46.325,169.375,11.591553539139568,9.557553539139569
341,616,406.0,-46.325,169.425,11.576854180253576,9.140854180253577
342,617,402.0,-46.325,169.475,11.589029237817158,9.177029237817159
343,12,328.0,-46.275,169.525,11.520397101296112,9.552397101296112
344,13,115.0,-46.275,169.575,11.568551648888388,10.878551648888388
345,14,40.0,-46.275,169.625,11.63491795885784,11.39491795885784
346,15,36.0,-46.275,169.675,11.71654779923847,11.50054779923847
347,92,60.0,-46.225,169.525,11.42677263544465,11.06677263544465
348,93,60.0,-46.225,169.575,11.462863122549606,11.102863122549607
349,94,61.0,-46.225,169.625,11.515064548657392,11.149064548657392
350,95,83.0,-46.225,169.675,11.581714668820496,11.083714668820496
351,544,295.0,-46.375,169.525,11.745214549373486,9.975214549373487
352,547,452.0,-46.375,169.575,11.826238672889303,9.114238672889304
353,550,200.0,-46.375,169.625,11.932561843772419,10.73256184377242
354,553,100.0,-46.375,169.675,12.060234119970119,11.460234119970119
355,618,304.0,-46.325,169.525,11.62794690951705,9.80394690951705
356,619,124.0,-46.325,169.575,11.691634894465096,10.947634894465097
357,620,195.0,-46.325,169.625,11.776944414741592,10.606944414741593
358,621,40.0,-46.325,169.675,11.880536344629945,11.640536344629945
359,16,36.0,-46.275,169.725,11.812411396342213,11.596411396342214
360,17,7.0,-46.275,169.775,11.931124352267943,11.889124352267944
361,18,10.0,-46.275,169.825,12.058576621027896,11.998576621027896
362,96,18.0,-46.225,169.725,11.663777688605478,11.555777688605477
363,97,81.0,-46.225,169.775,11.764725757355336,11.278725757355335
364,98,1.0,-46.225,169.825,11.876837081770645,11.870837081770645
365,560,146.0,-46.375,169.725,12.204735060106032,11.328735060106032
366,566,20.0,-46.375,169.775,12.357154950033873,12.237154950033874
367,622,19.0,-46.325,169.725,12.000425874284701,11.8864258742847
368,623,12.0,-46.325,169.775,12.134781234461116,12.062781234461116
369,624,5.0,-46.325,169.825,12.270620213559596,12.240620213559597
370,19,74.0,-46.275,169.875,12.180882855696836,11.736882855696836
371,20,44.0,-46.275,169.925,12.296476584495394,12.032476584495395
372,99,99.0,-46.225,169.875,11.989583239410422,11.395583239410422
373,100,111.0,-46.225,169.925,12.09981822183181,11.43381822183181
374,101,68.0,-46.225,169.975,12.209244137178757,11.801244137178758
375,102,17.0,-46.225,170.025,12.321927306737052,12.219927306737052
376,314,198.0,-46.075,166.575,11.255573185131652,10.067573185131652
377,384,239.0,-46.025,166.625,11.281397768907482,9.847397768907483
378,710,82.0,-46.125,166.625,11.013926736166468,10.521926736166469
379,103,44.0,-46.175,166.675,10.7975003492611,10.5335003492611
380,104,298.0,-46.175,166.725,10.692974649107782,8.904974649107782
381,105,209.0,-46.175,166.775,10.589875883277273,9.335875883277273
382,106,406.0,-46.175,166.825,10.487889068288496,8.051889068288496
383,315,504.0,-46.075,166.775,10.806819196266588,7.782819196266588
384,316,600.0,-46.075,166.825,10.69685036203009,7.096850362030091
385,385,500.0,-46.025,166.675,11.16657917961129,8.16657917961129
386,386,11.0,-46.025,166.775,10.937864119157894,10.871864119157893
387,387,312.0,-46.025,166.825,10.823322358657606,8.951322358657606
388,711,298.0,-46.125,166.725,10.796982316242065,9.008982316242065
389,712,502.0,-46.125,166.775,10.690606212039711,7.678606212039711
390,713,236.0,-46.125,166.825,10.584903009032132,9.168903009032132
391,107,251.0,-46.175,166.875,10.406,8.9
392,108,280.0,-46.175,166.925,10.406,8.726
393,109,439.0,-46.175,166.975,10.406,7.772
394,317,554.0,-46.075,166.875,10.587375343049644,7.263375343049644
395,318,854.0,-46.075,166.925,10.478951008524746,5.354951008524746
396,319,183.0,-46.075,166.975,10.406,9.308
397,388,696.0,-46.025,166.875,10.708837976009818,6.532837976009818
398,389,939.0,-46.025,166.925,10.59504274794017,4.961042747940169
399,390,578.0,-46.025,166.975,10.482905809098156,7.014905809098156
400,714,546.0,-46.125,166.875,10.480045564880129,7.204045564880129
401,715,587.0,-46.125,166.925,10.406,6.884
402,716,57.0,-46.125,166.975,10.406,10.064
403,110,418.0,-46.175,167.025,10.406,7.8980000000000015
404,111,175.0,-46.175,167.075,10.406,9.356
405,112,227.0,-46.175,167.125,10.406,9.044
406,113,481.0,-46.175,167.175,10.406,7.520000000000001
407,320,899.0,-46.075,167.025,10.406,5.0120000000000005
408,321,687.0,-46.075,167.075,10.406,6.284000000000001
409,322,750.0,-46.075,167.125,10.406,5.906000000000001
410,323,363.0,-46.075,167.175,10.406,8.228000000000002
411,391,427.0,-46.025,167.025,10.406,7.844000000000001
412,392,367.0,-46.025,167.075,10.406,8.204
413,393,30.0,-46.025,167.125,10.406,10.226
414,394,671.0,-46.025,167.175,10.406,6.380000000000001
415,717,718.0,-46.125,167.025,10.406,6.098000000000001
416,718,584.0,-46.125,167.075,10.406,6.902000000000001
417,719,30.0,-46.125,167.125,10.406,10.226
418,720,214.0,-46.125,167.175,10.406,9.122
419,114,100.0,-46.175,167.225,10.406,9.806000000000001
420,115,223.0,-46.175,167.275,10.406,9.068000000000001
421,116,396.0,-46.175,167.325,10.406,8.030000000000001
422,324,489.0,-46.075,167.225,10.406,7.472000000000001
423,325,179.0,-46.075,167.275,10.406,9.332
424,326,408.0,-46.075,167.325,10.406,7.958
425,395,735.0,-46.025,167.225,10.406,5.996000000000001
426,396,378.0,-46.025,167.275,10.406,8.138000000000002
427,397,189.0,-46.025,167.325,10.406,9.272
428,721,322.0,-46.125,167.225,10.406,8.474
429,722,228.0,-46.125,167.275,10.406,9.038
430,723,801.0,-46.125,167.325,10.406,5.6000000000000005
431,25,170.0,-46.025,167.475,10.406,9.386000000000001
432,28,177.0,-46.025,167.525,10.406,9.344000000000001
433,117,57.0,-46.175,167.375,10.406,10.064
434,327,230.0,-46.075,167.375,10.406,9.026
435,328,451.0,-46.075,167.425,10.406,7.700000000000001
436,329,119.0,-46.075,167.475,10.406,9.692
437,330,174.0,-46.075,167.525,10.406,9.362
438,398,197.0,-46.025,167.375,10.406,9.224
439,399,289.0,-46.025,167.425,10.406,8.672
440,724,198.0,-46.125,167.375,10.406,9.218
441,725,136.0,-46.125,167.425,10.406,9.59
442,726,91.0,-46.125,167.475,10.406,9.860000000000001
443,727,158.0,-46.125,167.525,10.406,9.458
444,30,404.0,-46.025,167.575,10.406,7.982000000000001
445,33,196.0,-46.025,167.625,10.406,9.23
446,36,140.0,-46.025,167.675,10.406,9.566
447,39,69.0,-46.025,167.725,10.406,9.992
448,118,41.0,-46.175,167.575,10.406,10.16
449,119,17.0,-46.175,167.625,10.406,10.304
450,120,30.0,-46.175,167.675,10.406,10.226
451,121,141.0,-46.175,167.725,10.406,9.56
452,331,160.0,-46.075,167.575,10.406,9.446000000000002
453,332,200.0,-46.075,167.625,10.406,9.206000000000001
454,333,144.0,-46.075,167.675,10.406,9.542
455,334,48.0,-46.075,167.725,10.406,10.118
456,728,128.0,-46.125,167.575,10.406,9.638
457,729,75.0,-46.125,167.625,10.406,9.956000000000001
458,730,31.0,-46.125,167.675,10.406,10.22
459,731,96.0,-46.125,167.725,10.406,9.83
460,40,156.0,-46.025,167.775,10.406,9.47
461,44,80.0,-46.025,167.825,10.406,9.926
462,45,141.0,-46.025,167.875,10.406,9.56
463,122,415.0,-46.175,167.775,10.406,7.916
464,123,706.0,-46.175,167.825,10.406,6.170000000000001
465,124,273.0,-46.175,167.875,10.406,8.768
466,335,90.0,-46.075,167.775,10.406,9.866
467,336,97.0,-46.075,167.825,10.406,9.824
468,337,119.0,-46.075,167.875,10.406,9.692
469,732,205.0,-46.125,167.775,10.406,9.176
470,733,471.0,-46.125,167.825,10.406,7.58
471,734,577.0,-46.125,167.875,10.406,6.944000000000001
472,49,244.0,-46.025,167.925,10.406,8.942
473,52,113.0,-46.025,167.975,10.406,9.728000000000002
474,55,120.0,-46.025,168.025,10.406,9.686
475,58,112.0,-46.025,168.075,10.524584557133494,9.852584557133493
476,125,134.0,-46.175,167.925,10.406,9.602
477,126,196.0,-46.175,167.975,10.406,9.23
478,144,46.0,-46.175,168.025,10.406,10.13
479,161,60.0,-46.175,168.075,10.406,10.046000000000001
480,338,74.0,-46.075,167.925,10.406,9.962
481,339,72.0,-46.075,167.975,10.406,9.974
482,340,80.0,-46.075,168.025,10.406,9.926
483,341,79.0,-46.075,168.075,10.406,9.932
484,735,140.0,-46.125,167.925,10.406,9.566
485,736,60.0,-46.125,167.975,10.406,10.046000000000001
486,737,60.0,-46.125,168.025,10.406,10.046000000000001
487,738,64.0,-46.125,168.075,10.406,10.022
488,61,108.0,-46.025,168.125,10.676401027594693,10.028401027594693
489,139,106.0,-46.025,168.175,10.840262487065047,10.204262487065048
490,141,100.0,-46.025,168.225,11.011389172141207,10.411389172141208
491,170,60.0,-46.175,168.125,10.406,10.046000000000001
492,179,59.0,-46.175,168.175,10.406,10.052000000000001
493,268,53.0,-46.175,168.225,10.476779346092371,10.158779346092372
494,342,84.0,-46.075,168.125,10.507829966314603,10.003829966314603
495,343,81.0,-46.075,168.175,10.672820159350522,10.186820159350521
496,344,79.0,-46.075,168.225,10.85198882324039,10.37798882324039
497,739,63.0,-46.125,168.125,10.406,10.028
498,740,62.0,-46.125,168.175,10.49446510639973,10.12246510639973
499,741,59.0,-46.125,168.225,10.675614498904906,10.321614498904907
500,142,98.0,-46.025,168.275,11.180979905358981,10.592979905358982
501,143,87.0,-46.025,168.325,11.337365672603482,10.815365672603482
502,147,85.0,-46.025,168.375,11.472282570786774,10.962282570786774
503,160,259.0,-46.025,168.425,11.586431207018904,10.032431207018904
504,283,36.0,-46.175,168.275,10.672020606085425,10.456020606085426
505,291,43.0,-46.175,168.325,10.87488689206657,10.61688689206657
506,299,56.0,-46.175,168.375,11.043150935467565,10.707150935467565
507,307,151.0,-46.175,168.425,11.204353154811542,10.298353154811542
508,345,72.0,-46.075,168.275,11.036258285603253,10.604258285603253
509,346,68.0,-46.075,168.325,11.207968062692089,10.79996806269209
510,347,70.0,-46.075,168.375,11.352042615384562,10.932042615384562
511,348,75.0,-46.075,168.425,11.47408025705954,11.024080257059541
512,742,54.0,-46.125,168.275,10.87309272470884,10.54909272470884
513,743,56.0,-46.125,168.325,11.064693116524722,10.728693116524722
514,744,138.0,-46.125,168.375,11.21609497643658,10.38809497643658
515,745,65.0,-46.125,168.425,11.34881081370986,10.95881081370986
516,169,345.0,-46.025,168.475,11.685233676544158,9.615233676544158
517,178,391.0,-46.025,168.525,11.772403433555155,9.426403433555155
518,187,361.0,-46.025,168.575,11.848497031140141,9.68249703114014
519,349,119.0,-46.075,168.475,11.585435139859328,10.871435139859328
520,350,121.0,-46.075,168.525,11.690016708773328,10.964016708773329
521,351,372.0,-46.075,168.575,11.78631689172471,9.55431689172471
522,400,60.0,-46.175,168.475,11.370942118606763,11.010942118606764
523,401,41.0,-46.175,168.525,11.536557550978614,11.290557550978614
524,406,101.0,-46.175,168.575,11.691598561184946,11.085598561184947
525,746,64.0,-46.125,168.475,11.480074254010106,11.096074254010105
526,747,72.0,-46.125,168.525,11.609623472468229,11.177623472468229
527,748,122.0,-46.125,168.575,11.731915371405194,10.999915371405194
528,188,323.0,-46.025,168.625,11.912072371516842,9.974072371516842
529,189,218.0,-46.025,168.675,11.960959327145247,10.652959327145247
530,190,169.0,-46.025,168.725,11.992979134243797,10.978979134243797
531,191,140.0,-46.025,168.775,12.00610478411545,11.16610478411545
532,352,579.0,-46.075,168.625,11.870838519986137,8.396838519986137
533,353,481.0,-46.075,168.675,11.940010168691515,9.054010168691516
534,354,356.0,-46.075,168.725,11.990930056810612,9.854930056810613
535,355,291.0,-46.075,168.775,12.021368062807596,10.275368062807596
536,410,151.0,-46.175,168.625,11.828002480120631,10.92200248012063
537,429,83.0,-46.175,168.675,11.940407314541517,11.442407314541517
538,437,80.0,-46.175,168.725,12.025795611189096,11.545795611189096
539,445,120.0,-46.175,168.775,12.08259925423772,11.36259925423772
540,749,173.0,-46.125,168.625,11.840852133987937,10.802852133987937
541,750,431.0,-46.125,168.675,11.93155498628039,9.345554986280389
542,751,159.0,-46.125,168.725,12.000710886059096,11.046710886059095
543,752,109.0,-46.125,168.775,12.046215293259593,11.392215293259593
544,192,439.0,-46.025,168.825,11.998163985001156,9.364163985001156
545,193,103.0,-46.025,168.875,11.966508649493335,11.348508649493334
546,194,96.0,-46.025,168.925,11.909959223441547,11.333959223441546
547,195,133.0,-46.025,168.975,11.833151351063862,11.035151351063861
548,356,156.0,-46.075,168.825,12.02917766419705,11.09317766419705
549,357,173.0,-46.075,168.875,12.010606191499392,10.972606191499391
550,358,84.0,-46.075,168.925,11.959931231482187,11.455931231482188
551,359,90.0,-46.075,168.975,11.884304284423706,11.344304284423707
552,452,118.0,-46.175,168.825,12.109557863979717,11.401557863979717
553,459,57.0,-46.175,168.875,12.10435602144571,11.76235602144571
554,543,120.0,-46.175,168.925,12.065104955807328,11.345104955807328
555,548,217.0,-46.175,168.975,11.99803647918452,10.69603647918452
556,753,123.0,-46.125,168.825,12.066375655878801,11.328375655878801
557,754,122.0,-46.125,168.875,12.058080557806534,11.326080557806534
558,755,69.0,-46.125,168.925,12.012616491992958,11.598616491992958
559,756,220.0,-46.125,168.975,11.939621194382198,10.619621194382198
560,196,116.0,-46.025,169.025,11.744294983524014,11.048294983524015
561,197,139.0,-46.025,169.075,11.650879178370815,10.816879178370815
562,198,180.0,-46.025,169.125,11.558969915146008,10.478969915146008
563,360,142.0,-46.075,169.025,11.795226330199512,10.943226330199511
564,361,158.0,-46.075,169.075,11.700490387855098,10.752490387855097
565,362,173.0,-46.075,169.125,11.606115455448162,10.568115455448162
566,551,212.0,-46.175,169.025,11.913448521663668,10.641448521663667
567,554,209.0,-46.175,169.075,11.819691649143351,10.565691649143352
568,558,188.0,-46.175,169.125,11.723417967645219,10.595417967645218
569,757,372.0,-46.125,169.025,11.851822761585936,9.619822761585937
570,758,148.0,-46.125,169.075,11.756954934884561,10.868954934884561
571,759,221.0,-46.125,169.125,11.661149274674244,10.335149274674244
572,199,242.0,-46.025,169.175,11.473440189860412,10.021440189860412
573,200,114.0,-46.025,169.225,11.39810181123903,10.714101811239031
574,201,323.0,-46.025,169.275,11.335738369336468,9.397738369336468
575,202,176.0,-46.025,169.325,11.28811188886175,10.232111888861748
576,363,188.0,-46.075,169.175,11.51700978075678,10.38900978075678
577,364,185.0,-46.075,169.225,11.437137582572177,10.327137582572178
578,365,125.0,-46.075,169.275,11.369546247733524,10.619546247733524
579,366,154.0,-46.075,169.325,11.316357153700665,10.392357153700665
580,563,180.0,-46.175,169.175,11.630179143452551,10.550179143452551
581,569,325.0,-46.175,169.225,11.544663438922726,9.594663438922726
582,575,369.0,-46.175,169.275,11.470759720919887,9.256759720919886
583,581,137.0,-46.175,169.325,11.411535089864628,10.58953508986463
584,760,140.0,-46.125,169.175,11.569521032826742,10.729521032826742
585,761,152.0,-46.125,169.225,11.48632209567586,10.57432209567586
586,762,123.0,-46.125,169.275,11.414964792114915,10.676964792114916
587,763,117.0,-46.125,169.325,11.357997963874368,10.655997963874368
588,203,117.0,-46.025,169.375,11.255991947225993,10.553991947225994
589,204,100.0,-46.025,169.425,11.239238264141022,10.639238264141023
590,205,80.0,-46.025,169.475,11.236952478211606,10.756952478211605
591,367,100.0,-46.075,169.375,11.278766593153705,10.678766593153705
592,368,40.0,-46.075,169.425,11.25708798225969,11.01708798225969
593,369,66.0,-46.075,169.475,11.250859649138874,10.854859649138874
594,658,120.0,-46.175,169.375,11.369167323689908,10.649167323689907
595,660,116.0,-46.175,169.425,11.344870726054069,10.648870726054069
596,664,79.0,-46.175,169.475,11.338867921207566,10.864867921207566
597,764,132.0,-46.125,169.375,11.31707413472759,10.525074134727591
598,765,70.0,-46.125,169.425,11.292940788407577,10.872940788407577
599,766,40.0,-46.125,169.475,11.285492281880579,11.045492281880579
600,128,45.0,-46.125,169.525,11.293920278418227,11.023920278418228
601,149,40.0,-46.125,169.575,11.316991679021157,11.076991679021157
602,155,112.0,-46.125,169.625,11.353448809677502,10.681448809677502
603,163,141.0,-46.125,169.675,11.402409059679485,10.556409059679485
604,206,54.0,-46.025,169.525,11.247696471429663,10.923696471429663
605,207,117.0,-46.025,169.575,11.269751233208808,10.567751233208808
606,208,257.0,-46.025,169.625,11.30136158692767,9.75936158692767
607,209,243.0,-46.025,169.675,11.340886292149662,9.882886292149662
608,370,20.0,-46.075,169.525,11.259032997171744,11.139032997171745
609,371,84.0,-46.075,169.575,11.280236181017244,10.776236181017245
610,372,80.0,-46.075,169.625,11.313067040464375,10.833067040464375
611,373,206.0,-46.075,169.675,11.356292171447421,10.12029217144742
612,669,60.0,-46.175,169.525,11.350472552294377,10.990472552294378
613,674,101.0,-46.175,169.575,11.37834944415954,10.77234944415954
614,679,67.0,-46.175,169.625,11.421017390632187,11.019017390632188
615,684,62.0,-46.175,169.675,11.477629004366463,11.105629004366463
616,172,226.0,-46.125,169.725,11.463337722059805,10.107337722059805
617,181,205.0,-46.125,169.775,11.535058088280493,10.305058088280493
618,210,145.0,-46.025,169.725,11.386789344687713,10.516789344687714
619,211,141.0,-46.025,169.775,11.437530085007893,10.591530085007893
620,212,287.0,-46.025,169.825,11.491585342912003,9.769585342912004
621,275,126.0,-46.125,169.825,11.614748646970838,10.858748646970838
622,374,269.0,-46.075,169.725,11.40875926091394,9.794759260913938
623,375,365.0,-46.075,169.775,11.468993210073677,9.278993210073677
624,376,121.0,-46.075,169.825,11.53498000795662,10.80898000795662
625,689,161.0,-46.175,169.725,11.548591061829939,10.58259106182994
626,694,86.0,-46.175,169.775,11.633810730403638,11.117810730403638
627,699,20.0,-46.175,169.825,11.72896040501655,11.608960405016552
628,213,237.0,-46.025,169.875,11.547803981186007,10.125803981186007
629,214,310.0,-46.025,169.925,11.605987386152265,9.745987386152265
630,215,202.0,-46.025,169.975,11.667412769573275,10.455412769573275
631,216,80.0,-46.025,170.025,11.735177894108347,11.255177894108346
632,279,25.0,-46.125,169.875,11.699006811744766,11.549006811744766
633,287,20.0,-46.125,169.925,11.785966653784271,11.665966653784272
634,295,20.0,-46.125,169.975,11.876274165522773,11.756274165522774
635,303,122.0,-46.125,170.025,11.972928660732578,11.240928660732578
636,377,153.0,-46.075,169.875,11.604738954949426,10.686738954949426
637,378,140.0,-46.075,169.925,11.677373708909727,10.837373708909727
638,379,40.0,-46.075,169.975,11.753828228000202,11.513828228000202
639,380,96.0,-46.075,170.025,11.837127986756968,11.261127986756968
640,704,47.0,-46.175,169.875,11.828025863185758,11.546025863185758
641,705,241.0,-46.175,169.925,11.928055862474139,10.48205586247414
642,706,69.0,-46.175,169.975,12.029775543123833,11.615775543123833
643,707,136.0,-46.175,170.025,12.136470199940959,11.320470199940958
644,217,0.0,-46.025,170.075,11.81448274521972,11.81448274521972
645,218,124.0,-46.025,170.125,11.913020479376428,11.169020479376428
646,219,84.0,-46.025,170.175,12.041038662893698,11.537038662893698
647,220,20.0,-46.025,170.225,12.207907238480402,12.087907238480403
648,311,396.0,-46.125,170.075,12.080704674241133,9.704704674241134
649,312,118.0,-46.125,170.125,12.205381011939608,11.497381011939607
650,313,46.0,-46.125,170.175,12.352576174002024,12.076576174002025
651,381,163.0,-46.075,170.075,11.9323191538424,10.9543191538424
652,382,180.0,-46.075,170.125,12.046181470243027,10.966181470243027
653,383,21.0,-46.075,170.175,12.186220047107781,12.060220047107782
654,708,92.0,-46.175,170.075,12.252824821931426,11.700824821931427
655,709,58.0,-46.175,170.125,12.383921481581638,12.035921481581637
656,221,154.0,-45.975,166.475,11.778367921477184,10.854367921477184
657,222,133.0,-45.975,166.525,11.665326918271603,10.867326918271603
658,223,0.0,-45.975,166.575,11.550631970691029,11.550631970691029
659,289,140.0,-45.875,166.475,12.10925307677826,11.26925307677826
660,297,354.0,-45.875,166.525,12.001496518118074,9.877496518118074
661,305,111.0,-45.875,166.575,11.89024517996586,11.224245179965859
662,408,655.0,-45.875,166.625,11.77558520832099,7.8455852083209905
663,471,161.0,-45.925,166.475,11.939264589134837,10.973264589134837
664,472,364.0,-45.925,166.525,11.82863112835912,9.64463112835912
665,473,504.0,-45.925,166.575,11.715416326915147,8.691416326915146
666,474,307.0,-45.925,166.625,11.599934196274262,9.757934196274261
667,224,100.0,-45.975,166.775,11.08285950293066,10.48285950293066
668,411,170.0,-45.875,166.675,11.657541962194955,10.637541962194955
669,417,155.0,-45.875,166.725,11.536112416535616,10.606112416535616
670,420,669.0,-45.875,166.775,11.411364892555866,7.397364892555866
671,423,623.0,-45.875,166.825,11.283572138781892,7.545572138781893
672,475,201.0,-45.925,166.675,11.48234949252219,10.27634949252219
673,476,342.0,-45.925,166.725,11.36268352236948,9.31068352236948
674,477,141.0,-45.925,166.775,11.240948071761522,10.394948071761522
675,478,621.0,-45.925,166.825,11.117326463543577,7.391326463543577
676,225,774.0,-45.975,166.925,10.724454120441806,6.080454120441805
677,226,850.0,-45.975,166.975,10.606218426924897,5.506218426924898
678,426,714.0,-45.875,166.875,11.153332221118035,6.869332221118035
679,433,655.0,-45.875,166.925,11.021650874754414,7.091650874754414
680,439,378.0,-45.875,166.975,10.88997892322368,8.62197892322368
681,479,551.0,-45.925,166.875,10.992312952148495,7.686312952148496
682,480,415.0,-45.925,166.925,10.8667845914606,8.3767845914606
683,481,843.0,-45.925,166.975,10.742017320531886,5.684017320531886
684,227,773.0,-45.975,167.025,10.490709932870232,5.852709932870232
685,228,1189.0,-45.975,167.075,10.406,3.2720000000000002
686,229,411.0,-45.975,167.125,10.406,7.94
687,230,785.0,-45.975,167.175,10.406,5.696000000000001
688,446,939.0,-45.875,167.025,10.76020522028557,5.12620522028557
689,453,649.0,-45.875,167.075,10.634603479673387,6.740603479673387
690,460,1006.0,-45.875,167.125,10.51572728753672,4.479727287536719
691,482,393.0,-45.925,167.025,10.619659745425452,8.261659745425451
692,483,167.0,-45.925,167.075,10.501669607474469,9.499669607474468
693,484,1042.0,-45.925,167.125,10.406,4.154000000000001
694,485,401.0,-45.925,167.175,10.406,8.0
695,545,155.0,-45.875,167.175,10.406247413367964,9.476247413367965
696,231,539.0,-45.975,167.225,10.406,7.172000000000001
697,232,949.0,-45.975,167.275,10.406,4.712000000000001
698,233,155.0,-45.975,167.325,10.406,9.476
699,486,474.0,-45.925,167.225,10.406,7.562000000000001
700,487,155.0,-45.925,167.275,10.406,9.476
701,488,871.0,-45.925,167.325,10.406,5.180000000000001
702,555,795.0,-45.875,167.225,10.406,5.636000000000001
703,559,1061.0,-45.875,167.275,10.406,4.040000000000001
704,565,845.0,-45.875,167.325,10.406,5.336000000000001
705,234,307.0,-45.975,167.375,10.406,8.564
706,235,305.0,-45.975,167.425,10.406,8.576
707,236,143.0,-45.975,167.475,10.406,9.548
708,237,130.0,-45.975,167.525,10.406,9.626000000000001
709,489,939.0,-45.925,167.375,10.406,4.772
710,490,499.0,-45.925,167.425,10.406,7.412000000000001
711,491,318.0,-45.925,167.475,10.406,8.498000000000001
712,492,529.0,-45.925,167.525,10.406,7.232000000000001
713,571,198.0,-45.875,167.375,10.406,9.218
714,577,208.0,-45.875,167.425,10.406,9.158000000000001
715,583,757.0,-45.875,167.475,10.406,5.864000000000001
716,651,519.0,-45.875,167.525,10.406,7.292
717,238,160.0,-45.975,167.575,10.406,9.446000000000002
718,239,118.0,-45.975,167.625,10.406,9.698
719,240,64.0,-45.975,167.675,10.406,10.022
720,241,95.0,-45.975,167.725,10.406,9.836
721,493,286.0,-45.925,167.575,10.406,8.690000000000001
722,494,183.0,-45.925,167.625,10.406,9.308
723,495,80.0,-45.925,167.675,10.406,9.926
724,496,127.0,-45.925,167.725,10.406,9.644
725,654,462.0,-45.875,167.575,10.406,7.634
726,659,134.0,-45.875,167.625,10.406,9.602
727,661,222.0,-45.875,167.675,10.406,9.074
728,666,168.0,-45.875,167.725,10.406,9.398
729,242,134.0,-45.975,167.775,10.406,9.602
730,243,153.0,-45.975,167.825,10.406,9.488000000000001
731,244,330.0,-45.975,167.875,10.406,8.426
732,497,204.0,-45.925,167.775,10.406,9.182
733,498,140.0,-45.925,167.825,10.406,9.566
734,499,142.0,-45.925,167.875,10.406,9.554
735,671,206.0,-45.875,167.775,10.406,9.17
736,676,286.0,-45.875,167.825,10.406,8.690000000000001
737,681,397.0,-45.875,167.875,10.49159547072486,8.10959547072486
738,245,306.0,-45.975,167.925,10.406,8.57
739,246,158.0,-45.975,167.975,10.417405444342876,9.469405444342875
740,247,156.0,-45.975,168.025,10.546777078590821,9.610777078590822
741,248,161.0,-45.975,168.075,10.68828294618288,9.722282946182881
742,500,154.0,-45.925,167.925,10.452339202834992,9.528339202834992
743,501,199.0,-45.925,167.975,10.574369574605953,9.380369574605954
744,502,309.0,-45.925,168.025,10.707626071671257,8.853626071671258
745,503,219.0,-45.925,168.075,10.85067141475156,9.53667141475156
746,686,367.0,-45.875,167.925,10.606772108032601,8.404772108032601
747,691,288.0,-45.875,167.975,10.73297737975372,9.00497737975372
748,696,405.0,-45.875,168.025,10.868812413653359,8.438812413653359
749,701,322.0,-45.875,168.075,11.012304219591897,9.080304219591897
750,249,133.0,-45.975,168.125,10.840358514833497,10.042358514833497
751,250,232.0,-45.975,168.175,10.999940937734209,9.60794093773421
752,251,259.0,-45.975,168.225,11.161860327789327,9.607860327789327
753,504,166.0,-45.925,168.125,11.00118731634575,10.005187316345749
754,505,301.0,-45.925,168.175,11.155638872878626,9.349638872878627
755,506,532.0,-45.925,168.225,11.309108197659953,8.117108197659952
756,768,195.0,-45.875,168.125,11.160708510724362,9.990708510724362
757,775,291.0,-45.875,168.175,11.310370487044565,9.564370487044565
758,777,519.0,-45.875,168.225,11.45677074213745,8.34277074213745
759,252,206.0,-45.975,168.275,11.31879837991437,10.082798379914369
760,253,99.0,-45.975,168.325,11.462780130299507,10.868780130299507
761,254,169.0,-45.975,168.375,11.588284765632125,10.574284765632125
762,255,379.0,-45.975,168.425,11.694332832616055,9.420332832616054
763,507,181.0,-45.925,168.275,11.455628230294678,10.369628230294678
764,508,112.0,-45.925,168.325,11.58930004798458,10.917300047984579
765,509,242.0,-45.925,168.375,11.70588294279878,10.25388294279878
766,510,343.0,-45.925,168.425,11.803731560779852,9.745731560779852
767,779,146.0,-45.875,168.275,11.594906010242994,10.718906010242994
768,781,132.0,-45.875,168.325,11.720042709639529,10.928042709639529
769,783,138.0,-45.875,168.375,11.82858936736011,11.00058936736011
770,786,281.0,-45.875,168.425,11.91859163576737,10.23259163576737
771,256,162.0,-45.975,168.475,11.783066702220822,10.811066702220822
772,257,458.0,-45.975,168.525,11.856837797880871,9.108837797880872
773,258,593.0,-45.975,168.575,11.916673158761114,8.358673158761114
774,511,268.0,-45.925,168.475,11.883274398336653,10.275274398336652
775,512,478.0,-45.925,168.525,11.945661601785105,9.077661601785104
776,513,157.0,-45.925,168.575,11.991727319400525,11.049727319400525
777,788,385.0,-45.875,168.475,11.989546943601454,9.679546943601453
778,790,150.0,-45.875,168.525,12.041761107131606,11.141761107131606
779,792,156.0,-45.875,168.575,12.075726755341748,11.139726755341748
780,259,362.0,-45.975,168.625,11.962274953446467,9.790274953446467
781,260,231.0,-45.975,168.675,11.992574907490052,10.606574907490053
782,261,144.0,-45.975,168.725,12.006219672693987,11.142219672693987
783,262,120.0,-45.975,168.775,12.001806942047551,11.28180694204755
784,514,139.0,-45.925,168.625,12.021665070933523,11.187665070933523
785,515,180.0,-45.925,168.675,12.035163791195373,10.955163791195373
786,516,143.0,-45.925,168.725,12.03167435398791,11.17367435398791
787,517,119.0,-45.925,168.775,12.01065173879033,11.29665173879033
788,794,180.0,-45.875,168.625,12.091803556628292,11.011803556628292
789,796,160.0,-45.875,168.675,12.09018735747668,11.130187357476679
790,798,137.0,-45.875,168.725,12.071039042260963,11.249039042260964
791,800,131.0,-45.875,168.775,12.034682017983869,11.24868201798387
792,150,141.0,-45.975,168.925,11.870015575215803,11.024015575215802
793,158,154.0,-45.975,168.975,11.790595451078843,10.866595451078844
794,263,98.0,-45.975,168.825,11.977973415356246,11.389973415356247
795,264,118.0,-45.975,168.875,11.93377758745919,11.22577758745919
796,518,161.0,-45.925,168.825,11.971814445467317,11.005814445467317
797,519,140.0,-45.925,168.875,11.915602798457257,11.075602798457258
798,520,221.0,-45.925,168.925,11.843895763828186,10.517895763828186
799,521,155.0,-45.925,168.975,11.760490386368474,10.830490386368474
800,802,164.0,-45.875,168.825,11.98186095051642,10.99786095051642
801,804,159.0,-45.875,168.875,11.914090688835131,10.96009068883513
802,806,316.0,-45.875,168.925,11.834032087775995,9.938032087775994
803,808,230.0,-45.875,168.975,11.74565537631861,10.36565537631861
804,167,118.0,-45.975,169.025,11.70173752476694,10.99373752476694
805,176,179.0,-45.975,169.075,11.61000512643659,10.53600512643659
806,185,142.0,-45.975,169.125,11.52122569392668,10.66922569392668
807,522,151.0,-45.925,169.025,11.670699805836193,10.764699805836193
808,523,220.0,-45.925,169.075,11.580350907985121,10.26035090798512
809,524,177.0,-45.925,169.125,11.494927273277426,10.432927273277427
810,810,317.0,-45.875,169.025,11.653973807478906,9.751973807478906
811,812,360.0,-45.875,169.075,11.564442884991877,9.404442884991877
812,814,235.0,-45.875,169.125,11.482317501970101,10.072317501970101
813,273,186.0,-45.975,169.175,11.440196403564187,10.324196403564187
814,277,120.0,-45.975,169.225,11.370616637752391,10.65061663775239
815,284,243.0,-45.975,169.275,11.315056206425652,9.857056206425652
816,292,433.0,-45.975,169.325,11.274945579090854,8.676945579090855
817,525,160.0,-45.925,169.175,11.41908528705244,10.459085287052439
818,526,221.0,-45.925,169.225,11.356405609767535,10.030405609767534
819,527,181.0,-45.925,169.275,11.309255982574541,10.22325598257454
820,528,525.0,-45.925,169.325,11.278728325487464,8.128728325487463
821,816,156.0,-45.875,169.175,11.412145010341192,10.476145010341192
822,818,160.0,-45.875,169.225,11.35740862134844,10.39740862134844
823,819,187.0,-45.875,169.275,11.320286530448357,10.198286530448357
824,821,240.0,-45.875,169.325,11.301512437916244,9.861512437916245
825,300,468.0,-45.975,169.375,11.250614547912846,8.442614547912846
826,308,228.0,-45.975,169.425,11.241404751504888,9.873404751504887
827,402,78.0,-45.975,169.475,11.245864668555441,10.777864668555441
828,529,732.0,-45.925,169.375,11.264661540815723,6.872661540815723
829,530,520.0,-45.925,169.425,11.265773595310748,8.145773595310747
830,531,264.0,-45.925,169.475,11.279908803742728,9.695908803742729
831,823,545.0,-45.875,169.375,11.300355916944682,8.030355916944682
832,825,504.0,-45.875,169.425,11.314762923895614,8.290762923895613
833,826,161.0,-45.875,169.475,11.341675767194829,10.37567576719483
834,407,138.0,-45.975,169.525,11.262010350328637,10.434010350328638
835,412,216.0,-45.975,169.575,11.287610547515214,9.991610547515215
836,432,157.0,-45.975,169.625,11.320440455485368,10.378440455485368
837,434,320.0,-45.975,169.675,11.358452320622746,9.438452320622746
838,532,206.0,-45.925,169.525,11.304368413460907,10.068368413460906
839,533,238.0,-45.925,169.575,11.336261108401231,9.90826110840123
840,534,201.0,-45.925,169.625,11.372807078558253,10.166807078558254
841,535,159.0,-45.925,169.675,11.411553521684255,10.457553521684254
842,827,282.0,-45.875,169.525,11.37747959861008,9.68547959861008
843,828,236.0,-45.875,169.575,11.418465887079947,10.002465887079946
844,829,176.0,-45.875,169.625,11.461217161209788,10.405217161209787
845,830,211.0,-45.875,169.675,11.50287131818186,10.23687131818186
846,438,232.0,-45.975,169.725,11.399845840642229,10.00784584064223
847,448,167.0,-45.975,169.775,11.443090536355157,10.441090536355157
848,455,190.0,-45.975,169.825,11.48701157909818,10.34701157909818
849,536,198.0,-45.925,169.725,11.450499170547118,10.262499170547118
850,537,241.0,-45.925,169.775,11.488168046300416,10.042168046300416
851,538,354.0,-45.925,169.825,11.523695825759205,9.399695825759204
852,831,464.0,-45.875,169.725,11.541273418144556,8.757273418144557
853,832,476.0,-45.875,169.775,11.57505474462232,8.719054744622321
854,833,379.0,-45.875,169.825,11.60369000530045,9.32969000530045
855,462,474.0,-45.975,169.875,11.53101929371769,8.687019293717691
856,463,448.0,-45.975,169.925,11.575446734568686,8.887446734568686
857,464,388.0,-45.975,169.975,11.621889825750259,9.29388982575026
858,465,232.0,-45.975,170.025,11.673503212296055,10.281503212296055
859,539,303.0,-45.925,169.875,11.556973481696332,9.738973481696332
860,540,584.0,-45.925,169.925,11.588844072335633,8.084844072335633
861,541,453.0,-45.925,169.975,11.621318288394832,8.903318288394832
862,542,86.0,-45.925,170.025,11.657798188738525,11.141798188738525
863,834,426.0,-45.875,169.875,11.627572314697318,9.071572314697319
864,835,400.0,-45.875,169.925,11.648122353260987,9.248122353260987
865,836,400.0,-45.875,169.975,11.667935448509525,9.267935448509524
866,837,520.0,-45.875,170.025,11.690989695416647,8.570989695416646
867,127,110.0,-45.925,170.075,11.703378524340224,11.043378524340223
868,146,26.0,-45.925,170.125,11.765477111781365,11.609477111781365
869,164,1.0,-45.925,170.175,11.855846269289032,11.849846269289031
870,173,3.0,-45.925,170.225,12.001794490366592,11.983794490366591
871,466,32.0,-45.975,170.075,11.735351751296548,11.543351751296548
872,467,2.0,-45.975,170.125,11.815167434149771,11.80316743414977
873,468,17.0,-45.975,170.175,11.925464841668145,11.823464841668144
874,469,159.0,-45.975,170.225,12.083869320267695,11.129869320267694
875,838,658.0,-45.875,170.075,11.72301151404099,7.77501151404099
876,839,860.0,-45.875,170.125,11.772301789897028,6.612301789897029
877,840,31.0,-45.875,170.175,11.851824049910647,11.665824049910647
878,841,7.0,-45.875,170.225,11.978989000432193,11.936989000432193
879,182,153.0,-45.925,170.275,12.201129034598125,11.283129034598126
880,265,115.0,-45.925,170.325,12.431895595262176,11.741895595262177
881,270,84.0,-45.925,170.375,12.685714957187884,12.181714957187884
882,470,42.0,-45.975,170.275,12.289977123160497,12.037977123160497
883,842,14.0,-45.875,170.275,12.15419774944894,12.07019774944894
884,843,20.0,-45.875,170.325,12.363801192375831,12.243801192375832
885,844,32.0,-45.875,170.375,12.59901762890513,12.40701762890513
886,281,52.0,-45.925,170.425,12.957049576900317,12.645049576900318
887,845,201.0,-45.875,170.425,12.854515530736535,11.648515530736535
888,846,156.0,-45.875,170.475,13.126009190222248,12.190009190222248
889,847,292.0,-45.875,170.625,13.979898389909067,12.227898389909067
890,848,117.0,-45.875,170.725,14.470866338539054,13.768866338539054
891,849,356.0,-45.825,166.525,12.182783813826973,10.046783813826973
892,850,656.0,-45.825,166.625,11.960894280899083,8.024894280899083
893,1200,249.0,-45.675,166.525,12.764690598763991,11.270690598763991
894,1201,241.0,-45.675,166.575,12.66797817024053,11.221978170240531
895,1202,445.0,-45.675,166.625,12.564044321305119,9.894044321305119
896,1955,52.0,-45.725,166.475,12.66138122222037,12.349381222220371
897,1956,412.0,-45.725,166.625,12.356349690526258,9.884349690526259
898,851,397.0,-45.825,166.675,11.843091629794799,9.4610916297948
899,852,530.0,-45.825,166.725,11.720583213173086,8.540583213173086
900,853,240.0,-45.825,166.775,11.593410931702238,10.153410931702238
901,854,1139.0,-45.825,166.825,11.46186540403869,4.6278654040386895
902,912,85.0,-45.775,166.675,12.03808863015729,11.52808863015729
903,913,433.0,-45.775,166.775,11.786393643182237,9.188393643182238
904,914,398.0,-45.775,166.825,11.65165096934652,9.26365096934652
905,1203,328.0,-45.675,166.675,12.452138604654465,10.484138604654465
906,1204,477.0,-45.675,166.775,12.201969504007138,9.339969504007138
907,1205,682.0,-45.675,166.825,12.06316908550798,7.97116908550798
908,1957,472.0,-45.725,166.675,12.241509044542909,9.409509044542908
909,855,733.0,-45.825,166.875,11.326600399654126,6.928600399654126
910,856,1088.0,-45.825,166.925,11.188723644532729,4.6607236445327285
911,857,913.0,-45.825,166.975,11.04985177225899,5.571851772258989
912,915,757.0,-45.775,166.875,11.511708111036569,6.969708111036569
913,916,669.0,-45.775,166.925,11.367731933074538,7.353731933074537
914,917,700.0,-45.775,166.975,11.221477832557866,7.021477832557866
915,1206,375.0,-45.675,166.875,11.915641628671438,9.665641628671438
916,1207,414.0,-45.675,166.925,11.760511367639992,9.276511367639992
917,1208,218.0,-45.675,166.975,11.599689372000284,10.291689372000285
918,1958,455.0,-45.725,166.975,11.404779117670842,8.674779117670841
919,140,939.0,-45.825,167.025,10.912122819805518,5.2781228198055175
920,145,601.0,-45.825,167.075,10.778159033565316,7.1721590335653165
921,159,1144.0,-45.825,167.125,10.650966854736907,3.7869668547369075
922,168,363.0,-45.825,167.175,10.533754502306692,8.355754502306691
923,918,691.0,-45.775,167.025,11.075322775926907,6.929322775926907
924,919,824.0,-45.775,167.075,10.932251069752965,5.988251069752965
925,920,973.0,-45.775,167.125,10.795775713137118,4.957775713137118
926,921,825.0,-45.775,167.175,10.669757045281585,5.719757045281585
927,1209,828.0,-45.675,167.025,11.435932988882996,6.467932988882997
928,1210,402.0,-45.675,167.075,11.27287005612743,8.860870056127432
929,1211,462.0,-45.675,167.125,11.115011798450723,8.343011798450723
930,1212,1534.0,-45.675,167.175,10.96774316977826,1.7637431697782606
931,1959,1038.0,-45.725,167.025,11.249866595404455,5.021866595404455
932,1960,1112.0,-45.725,167.075,11.0970215681009,4.4250215681009
933,1961,961.0,-45.725,167.125,10.95028148702113,5.1842814870211305
934,1962,900.0,-45.725,167.175,10.81425991168362,5.414259911683621
935,177,968.0,-45.825,167.225,10.429653919447446,4.621653919447446
936,186,747.0,-45.825,167.275,10.406,5.924000000000001
937,266,772.0,-45.825,167.325,10.406,5.774000000000001
938,922,1441.0,-45.775,167.225,10.558063460834092,1.9120634608340925
939,923,907.0,-45.775,167.275,10.464061240927549,5.022061240927549
940,924,607.0,-45.775,167.325,10.406,6.764000000000001
941,1213,933.0,-45.675,167.225,10.837118359631859,5.239118359631859
942,1214,740.0,-45.675,167.275,10.72896063880762,6.2889606388076205
943,1215,451.0,-45.675,167.325,10.646986622392433,7.940986622392433
944,1963,1133.0,-45.725,167.225,10.693793460726738,3.895793460726738
945,1964,1383.0,-45.725,167.275,10.593211990460986,2.2952119904609862
946,1965,436.0,-45.725,167.325,10.515366006526165,7.899366006526165
947,269,945.0,-45.825,167.375,10.406,4.7360000000000015
948,286,845.0,-45.825,167.425,10.406,5.336000000000001
949,294,240.0,-45.825,167.475,10.406,8.966000000000001
950,302,372.0,-45.825,167.525,10.406,8.174
951,925,749.0,-45.775,167.375,10.406,5.912000000000001
952,926,1133.0,-45.775,167.425,10.406,3.6080000000000005
953,927,430.0,-45.775,167.475,10.406,7.8260000000000005
954,928,265.0,-45.775,167.525,10.406,8.816
955,1216,1168.0,-45.675,167.375,10.591554937855108,3.5835549378551077
956,1217,1423.0,-45.675,167.425,10.56075710884761,2.0227571088476104
957,1218,932.0,-45.675,167.475,10.552221689285943,4.960221689285944
958,1219,1235.0,-45.675,167.525,10.563943250686862,3.1539432506868623
959,1966,1017.0,-45.725,167.375,10.46109504395281,4.35909504395281
960,1967,1419.0,-45.725,167.425,10.429639886686346,1.9156398866863462
961,1968,391.0,-45.725,167.475,10.419521739677293,8.073521739677293
962,1969,727.0,-45.725,167.525,10.429186281486182,6.067186281486182
963,310,307.0,-45.825,167.575,10.406,8.564
964,404,134.0,-45.825,167.625,10.406,9.602
965,414,288.0,-45.825,167.675,10.406,8.678
966,431,239.0,-45.825,167.725,10.406,8.972000000000001
967,929,164.0,-45.775,167.575,10.406,9.422
968,930,120.0,-45.775,167.625,10.406,9.686
969,931,264.0,-45.775,167.675,10.424712484091287,8.840712484091288
970,932,413.0,-45.775,167.725,10.497580606548581,8.019580606548582
971,1220,400.0,-45.675,167.575,10.594370737846475,8.194370737846475
972,1221,266.0,-45.675,167.625,10.642276367841987,9.046276367841987
973,1222,203.0,-45.675,167.675,10.70660802029306,9.48860802029306
974,1223,300.0,-45.675,167.725,10.786366054526297,8.986366054526297
975,1970,232.0,-45.725,167.575,10.457258740672842,9.065258740672842
976,1971,265.0,-45.725,167.625,10.502569035015767,8.912569035015768
977,1972,403.0,-45.725,167.675,10.564089962019352,8.146089962019353
978,1973,409.0,-45.725,167.725,10.640854126395425,8.186854126395424
979,442,377.0,-45.825,167.775,10.439736132189864,8.177736132189864
980,447,596.0,-45.825,167.825,10.535424881934887,6.959424881934886
981,454,561.0,-45.825,167.875,10.64357162907254,7.27757162907254
982,933,721.0,-45.775,167.775,10.584642766421894,6.258642766421894
983,934,957.0,-45.775,167.825,10.68493742676219,4.94293742676219
984,935,777.0,-45.775,167.875,10.79735424456885,6.135354244568851
985,1224,978.0,-45.675,167.775,10.880502852523932,5.012502852523933
986,1225,1002.0,-45.675,167.825,10.987837325839791,4.975837325839792
987,1226,962.0,-45.675,167.875,11.106978718104074,5.334978718104074
988,1974,801.0,-45.725,167.775,10.731870634132065,5.925870634132065
989,1975,1078.0,-45.725,167.825,10.836045190953882,4.368045190953883
990,1976,1328.0,-45.725,167.875,10.952102367125917,2.984102367125918
991,461,576.0,-45.825,167.925,10.763091275643092,7.307091275643092
992,557,532.0,-45.825,167.975,10.89260628298507,7.7006062829850705
993,561,518.0,-45.825,168.025,11.03032740324852,7.922327403248521
994,567,468.0,-45.825,168.075,11.173927955213003,8.365927955213003
995,936,602.0,-45.775,167.925,10.920552602183307,7.3085526021833065
996,937,603.0,-45.775,167.975,11.052873232081765,7.434873232081765
997,1002,485.0,-45.775,168.025,11.192248328850837,8.282248328850837
998,1010,592.0,-45.775,168.075,11.33612388864276,7.78412388864276
999,1227,714.0,-45.675,167.925,11.23625749553321,6.9522574955332095
1000,1228,524.0,-45.675,167.975,11.373664881466539,8.229664881466539
1001,1229,760.0,-45.675,168.025,11.516806645260658,6.9568066452606585
1002,1230,376.0,-45.675,168.075,11.66288082257961,9.406880822579609
1003,1977,806.0,-45.725,167.925,11.078508981358027,6.242508981358027
1004,1978,460.0,-45.725,167.975,11.213400233100401,8.453400233100401
1005,1979,556.0,-45.725,168.025,11.354514779275632,8.018514779275632
1006,1980,376.0,-45.725,168.075,11.499150997566176,9.243150997566175
1007,573,258.0,-45.825,168.125,11.320441468371428,9.772441468371428
1008,579,393.0,-45.825,168.175,11.466236899184878,9.108236899184877
1009,653,380.0,-45.825,168.225,11.607143674409599,9.3271436744096
1010,1011,369.0,-45.775,168.125,11.481419426418142,9.267419426418142
1011,1013,255.0,-45.775,168.175,11.624560856827884,10.094560856827885
1012,1014,260.0,-45.775,168.225,11.761623027181486,10.201623027181485
1013,1231,359.0,-45.675,168.125,11.808692127873655,9.654692127873655
1014,1232,341.0,-45.675,168.175,11.950715944374679,9.90471594437468
1015,1233,296.0,-45.675,168.225,12.085219588654581,10.309219588654582
1016,1981,334.0,-45.725,168.125,11.644162916665664,9.640162916665664
1017,1982,288.0,-45.725,168.175,11.786017583101057,10.058017583101057
1018,1983,310.0,-45.725,168.225,11.920930870226584,10.060930870226585
1019,655,194.0,-45.825,168.275,11.738781737789395,10.574781737789396
1020,663,230.0,-45.825,168.325,11.857068218203494,10.477068218203495
1021,668,154.0,-45.825,168.375,11.958740092028165,11.034740092028166
1022,673,221.0,-45.825,168.425,12.041660931325168,10.715660931325168
1023,1016,445.0,-45.775,168.275,11.888596241216874,9.218596241216874
1024,1018,268.0,-45.775,168.325,12.001740404113661,10.393740404113661
1025,1021,342.0,-45.775,168.375,12.097931307114777,10.045931307114778
1026,1023,180.0,-45.775,168.425,12.174883704690728,11.094883704690728
1027,1234,276.0,-45.675,168.275,12.20843688758032,10.552436887580319
1028,1235,255.0,-45.675,168.325,12.31677644289448,10.78677644289448
1029,1236,232.0,-45.675,168.375,12.40703138182289,11.01503138182289
1030,1237,225.0,-45.675,168.425,12.476557321788277,11.126557321788278
1031,1984,337.0,-45.725,168.275,12.045081290809321,10.023081290809321
1032,1985,333.0,-45.725,168.325,12.154872748214984,10.156872748214985
1033,1986,268.0,-45.725,168.375,12.24719030156848,10.63919030156848
1034,1987,200.0,-45.725,168.425,12.319588174970704,11.119588174970705
1035,678,168.0,-45.825,168.475,12.104782327485736,11.096782327485737
1036,683,157.0,-45.825,168.525,12.147845638828585,11.205845638828585
1037,688,216.0,-45.825,168.575,12.171036536237807,10.875036536237808
1038,1025,188.0,-45.775,168.475,12.231189053301932,11.103189053301932
1039,1029,262.0,-45.775,168.525,12.266201496968279,10.69420149696828
1040,1033,229.0,-45.775,168.575,12.27986955086817,10.90586955086817
1041,1238,733.0,-45.675,168.475,12.523398439210723,8.125398439210723
1042,1239,385.0,-45.675,168.525,12.546361701723072,10.236361701723071
1043,1240,559.0,-45.675,168.575,12.545054055575747,9.191054055575748
1044,1988,357.0,-45.725,168.475,12.370376510021742,10.228376510021743
1045,1989,363.0,-45.725,168.525,12.398618026301847,10.220618026301846
1046,1990,264.0,-45.725,168.575,12.40407797912485,10.82007797912485
1047,693,176.0,-45.825,168.625,12.174757074666559,11.118757074666558
1048,698,153.0,-45.825,168.675,12.159557989012683,11.241557989012684
1049,703,145.0,-45.825,168.725,12.126195556789753,11.256195556789754
1050,824,148.0,-45.825,168.775,12.075767889342387,11.187767889342387
1051,1037,178.0,-45.775,168.625,12.272604323778069,11.204604323778069
1052,1041,197.0,-45.775,168.675,12.245225980441319,11.063225980441318
1053,1045,188.0,-45.775,168.725,12.19898642229964,11.07098642229964
1054,1049,180.0,-45.775,168.775,12.135648457420757,11.055648457420757
1055,1241,256.0,-45.675,168.625,12.519899488484953,10.983899488484953
1056,1242,685.0,-45.675,168.675,12.472145505889785,8.362145505889785
1057,1243,636.0,-45.675,168.725,12.403860434467788,8.587860434467789
1058,1244,527.0,-45.675,168.775,12.317919981956948,9.155919981956949
1059,1991,240.0,-45.725,168.625,12.387173390947282,10.947173390947283
1060,1992,189.0,-45.725,168.675,12.348948336832109,11.214948336832109
1061,1993,261.0,-45.725,168.725,12.291080472728936,10.725080472728937
1062,1994,199.0,-45.725,168.775,12.215911689563654,11.021911689563655
1063,861,193.0,-45.825,168.825,12.00990630236629,10.85190630236629
1064,864,240.0,-45.825,168.875,11.930998493160587,10.490998493160587
1065,866,331.0,-45.825,168.925,11.842375616019126,9.856375616019125
1066,868,346.0,-45.825,168.975,11.748343839892186,9.672343839892186
1067,1053,507.0,-45.775,168.825,12.057599616848165,9.015599616848165
1068,1057,380.0,-45.775,168.875,11.967971747479169,9.68797174747917
1069,1161,700.0,-45.775,168.925,11.870717525889631,7.670717525889631
1070,1170,384.0,-45.775,168.975,11.770579787727911,9.46657978772791
1071,1245,277.0,-45.675,168.825,12.217982957809,10.555982957809
1072,1246,180.0,-45.675,168.875,12.108457027352415,11.028457027352415
1073,1247,329.0,-45.675,168.925,11.994451977676363,10.020451977676363
1074,1248,408.0,-45.675,168.975,11.881709636596497,9.433709636596497
1075,1995,225.0,-45.725,168.825,12.12649094252265,10.776490942522651
1076,1996,189.0,-45.725,168.875,12.02661200761213,10.89261200761213
1077,1997,371.0,-45.725,168.925,11.920819599326933,9.694819599326934
1078,1998,680.0,-45.725,168.975,11.81434958500904,7.73434958500904
1079,870,589.0,-45.825,169.025,11.65397203466273,8.11997203466273
1080,872,235.0,-45.825,169.075,11.564667987433495,10.154667987433495
1081,874,217.0,-45.825,169.125,11.485664625492063,10.183664625492064
1082,1028,328.0,-45.725,169.125,11.54943490945152,9.58143490945152
1083,1179,604.0,-45.775,169.025,11.672906999476254,8.048906999476255
1084,1249,1009.0,-45.675,169.025,11.776486984177609,5.72248698417761
1085,1250,650.0,-45.675,169.075,11.685351322259521,7.785351322259521
1086,1251,506.0,-45.675,169.125,11.614826817371068,8.578826817371068
1087,1271,615.0,-45.775,169.075,11.583316276301048,7.893316276301048
1088,1272,310.0,-45.775,169.125,11.507246866283822,9.647246866283822
1089,1999,698.0,-45.725,169.025,11.712971004046267,7.524971004046267
1090,2000,718.0,-45.725,169.075,11.622708380775293,7.3147083807752935
1091,876,491.0,-45.825,169.175,11.421523999306373,8.475523999306374
1092,878,302.0,-45.825,169.225,11.375711362095899,9.5637113620959
1093,880,221.0,-45.825,169.275,11.350259525715956,10.024259525715955
1094,882,227.0,-45.825,169.325,11.345537192260963,9.983537192260963
1095,1032,523.0,-45.725,169.175,11.498343260886031,8.360343260886031
1096,1035,589.0,-45.725,169.225,11.47333886481647,7.939338864816469
1097,1039,516.0,-45.725,169.275,11.476464839826804,8.380464839826804
1098,1043,370.0,-45.725,169.325,11.507480735803256,9.287480735803255
1099,1252,603.0,-45.675,169.175,11.570829930933542,7.952829930933541
1100,1253,586.0,-45.675,169.225,11.557887452945579,8.041887452945579
1101,1254,309.0,-45.675,169.275,11.578283082228154,9.724283082228155
1102,1255,269.0,-45.675,169.325,11.631506850666483,10.017506850666482
1103,1273,240.0,-45.775,169.175,11.449459921466769,10.00945992146677
1104,1275,424.0,-45.775,169.225,11.413541167989024,8.869541167989023
1105,1292,337.0,-45.775,169.275,11.401465806382475,9.379465806382475
1106,1300,279.0,-45.775,169.325,11.413265424969723,9.739265424969723
1107,884,287.0,-45.825,169.375,11.3601529365842,9.6381529365842
1108,885,394.0,-45.825,169.425,11.391081067136838,9.027081067136837
1109,886,293.0,-45.825,169.475,11.434091115894262,9.676091115894263
1110,1047,499.0,-45.725,169.375,11.563485946244327,8.569485946244328
1111,1051,493.0,-45.725,169.425,11.638589943177067,8.680589943177067
1112,1055,60.0,-45.725,169.475,11.724814622357371,11.364814622357372
1113,1256,339.0,-45.675,169.375,11.714051911360002,9.680051911360003
1114,1257,81.0,-45.675,169.425,11.817832364307833,11.331832364307832
1115,1258,353.0,-45.675,169.475,11.931676753694774,9.813676753694773
1116,1409,340.0,-45.775,169.375,11.44680464931298,9.406804649312981
1117,1411,343.0,-45.775,169.425,11.49781561542477,9.43981561542477
1118,1413,162.0,-45.775,169.475,11.560501867134008,10.588501867134008
1119,887,43.0,-45.825,169.525,11.484393049700884,11.226393049700885
1120,888,141.0,-45.825,169.575,11.537278231538949,10.691278231538949
1121,889,374.0,-45.825,169.625,11.588606146615348,9.344606146615348
1122,890,513.0,-45.825,169.675,11.635106311587151,8.557106311587152
1123,1059,377.0,-45.725,169.525,11.81389169934846,9.55189169934846
1124,1158,460.0,-45.725,169.575,11.898483769211452,9.138483769211453
1125,1165,705.0,-45.725,169.625,11.972812836727826,7.742812836727826
1126,1174,960.0,-45.725,169.675,12.032922633603448,6.272922633603448
1127,1259,400.0,-45.675,169.525,12.044915264719748,9.644915264719748
1128,1260,615.0,-45.675,169.575,12.148618434453965,8.458618434453966
1129,1261,929.0,-45.675,169.625,12.236192175085307,6.662192175085308
1130,1262,1140.0,-45.675,169.675,12.303544061724097,5.463544061724097
1131,1416,209.0,-45.775,169.525,11.628553913003998,10.374553913003998
1132,1419,559.0,-45.775,169.575,11.696053737250622,8.342053737250623
1133,1438,520.0,-45.775,169.625,11.758061956832535,8.638061956832534
1134,1443,686.0,-45.775,169.675,11.810925762620172,7.694925762620173
1135,891,542.0,-45.825,169.725,11.674526291535585,8.422526291535586
1136,892,497.0,-45.825,169.775,11.705678953585448,8.723678953585448
1137,893,388.0,-45.825,169.825,11.728445593325887,9.400445593325887
1138,1183,1076.0,-45.725,169.725,12.076680758909788,5.6206807589097885
1139,1184,985.0,-45.725,169.775,12.103626021009404,6.193626021009405
1140,1185,882.0,-45.725,169.825,12.1147605462902,6.8227605462901995
1141,1263,1011.0,-45.675,169.725,12.348903305493877,6.282903305493877
1142,1264,1080.0,-45.675,169.775,12.37246735554072,5.89246735554072
1143,1265,944.0,-45.675,169.825,12.376020685216645,6.712020685216645
1144,1450,779.0,-45.775,169.725,11.852381735123345,7.178381735123345
1145,1555,878.0,-45.775,169.775,11.881529792313813,6.613529792313813
1146,1558,878.0,-45.775,169.825,11.898750966443913,6.630750966443913
1147,894,396.0,-45.825,169.875,11.743781575321918,9.367781575321919
1148,895,421.0,-45.825,169.925,11.753755431665923,9.227755431665923
1149,896,469.0,-45.825,169.975,11.761643747217022,8.947643747217022
1150,897,435.0,-45.825,170.025,11.77211362106027,9.162113621060271
1151,1186,604.0,-45.725,169.875,12.112357784688356,8.488357784688358
1152,1187,653.0,-45.725,169.925,12.099823588112486,8.181823588112486
1153,1188,520.0,-45.725,169.975,12.08161714221933,8.961617142219328
1154,1189,526.0,-45.725,170.025,12.06320671197318,8.907206711973181
1155,1266,600.0,-45.675,169.875,12.362608630864997,8.762608630864998
1156,1267,487.0,-45.675,169.925,12.33629345036752,9.41429345036752
1157,1268,455.0,-45.675,169.975,12.301979536568979,9.571979536568978
1158,1269,387.0,-45.675,170.025,12.265262252942193,9.943262252942194
1159,1562,658.0,-45.775,169.875,11.90562691296509,7.95762691296509
1160,1568,553.0,-45.775,169.925,11.9048990378069,8.5868990378069
1161,1666,441.0,-45.775,169.975,11.900488028870313,9.254488028870313
1162,1669,341.0,-45.775,170.025,11.897579878757824,9.851579878757825
1163,898,515.0,-45.825,170.075,11.79155141604133,8.70155141604133
1164,899,497.0,-45.825,170.125,11.828570734462119,8.84657073446212
1165,900,295.0,-45.825,170.175,11.894131421286147,10.124131421286148
1166,901,225.0,-45.825,170.225,11.998265115558752,10.648265115558752
1167,1143,416.0,-45.675,170.125,12.209033259510761,9.71303325951076
1168,1145,359.0,-45.675,170.175,12.201348493108526,10.047348493108526
1169,1149,320.0,-45.675,170.225,12.213465815628297,10.293465815628297
1170,1190,520.0,-45.725,170.075,12.050981519481866,8.930981519481865
1171,1191,520.0,-45.725,170.125,12.051939405413577,8.931939405413576
1172,1192,501.0,-45.725,170.175,12.072869405921665,9.066869405921665
1173,1193,388.0,-45.725,170.225,12.118960028659785,9.790960028659786
1174,1270,514.0,-45.675,170.075,12.232219635843649,9.148219635843649
1175,1673,429.0,-45.775,170.075,11.9027468416607,9.328746841660701
1176,1678,472.0,-45.775,170.125,11.923921502137091,9.09192150213709
1177,1683,409.0,-45.775,170.175,11.969627954036696,9.515627954036695
1178,1689,387.0,-45.775,170.225,12.046628062977106,9.724628062977107
1179,902,52.0,-45.825,170.275,12.14262933867576,11.830629338675761
1180,903,138.0,-45.825,170.325,12.321189558890183,11.493189558890183
1181,904,147.0,-45.825,170.375,12.527406760375015,11.645406760375016
1182,1168,299.0,-45.675,170.275,12.247751535032876,10.453751535032875
1183,1177,382.0,-45.675,170.325,12.304685069728293,10.012685069728294
1184,1194,341.0,-45.725,170.275,12.19257589141489,10.14657589141489
1185,1195,358.0,-45.725,170.325,12.293334970294381,10.145334970294382
1186,1196,400.0,-45.725,170.375,12.419372422547895,10.019372422547894
1187,1279,437.0,-45.675,170.375,12.38350315016578,9.76150315016578
1188,1697,406.0,-45.775,170.275,12.157091454602778,9.721091454602778
1189,1700,53.0,-45.775,170.325,12.298789183812914,11.980789183812915
1190,1704,202.0,-45.775,170.375,12.467927546837018,11.255927546837018
1191,905,199.0,-45.825,170.425,12.756556035310496,11.562556035310497
1192,907,544.0,-45.825,170.475,13.005051463333075,9.741051463333076
1193,908,362.0,-45.825,170.525,13.26936136421864,11.097361364218639
1194,909,274.0,-45.825,170.575,13.544916473096237,11.900916473096236
1195,1197,376.0,-45.725,170.425,12.568595071395976,10.312595071395975
1196,1198,420.0,-45.725,170.475,12.739254201558651,10.219254201558652
1197,1199,202.0,-45.725,170.525,12.9298537151044,11.7178537151044
1198,1282,327.0,-45.675,170.425,12.482985024238587,10.520985024238588
1199,1284,364.0,-45.675,170.475,12.601989449976827,10.417989449976826
1200,1288,259.0,-45.675,170.525,12.739590469005634,11.185590469005634
1201,1296,251.0,-45.675,170.575,12.894667273372761,11.38866727337276
1202,1709,379.0,-45.775,170.425,12.661115757349762,10.387115757349761
1203,1713,456.0,-45.775,170.475,12.87571609664883,10.13971609664883
1204,1718,230.0,-45.775,170.525,13.109381991700502,11.729381991700503
1205,1867,198.0,-45.775,170.575,13.359125018658233,12.171125018658232
1206,910,96.0,-45.825,170.675,14.092994590930175,13.516994590930175
1207,911,13.0,-45.825,170.725,14.32210620783735,14.244106207837351
1208,1304,143.0,-45.675,170.625,13.064544422915787,12.206544422915787
1209,1950,123.0,-45.775,170.625,13.61955512118584,12.88155512118584
1210,1954,174.0,-45.775,170.675,13.879317766200984,12.835317766200983
1211,1408,410.0,-45.625,166.625,12.776360292395111,10.316360292395112
1212,1421,350.0,-45.625,166.675,12.668491768883541,10.568491768883542
1213,1437,417.0,-45.625,166.775,12.422467464202782,9.920467464202783
1214,1444,706.0,-45.625,166.825,12.283192127448274,8.047192127448273
1215,1617,588.0,-45.525,166.725,13.002464614750352,9.474464614750351
1216,1618,596.0,-45.525,166.775,12.880972343264148,9.304972343264147
1217,1619,858.0,-45.525,166.825,12.744823986809934,7.596823986809934
1218,1933,267.0,-45.575,166.725,12.775137598364381,11.17313759836438
1219,1934,602.0,-45.575,166.825,12.511039851378882,8.899039851378882
1220,1451,421.0,-45.625,166.875,12.133186602499336,9.607186602499336
1221,1549,244.0,-45.625,166.925,11.973475384525955,10.509475384525954
1222,1553,893.0,-45.625,166.975,11.806002524099313,6.448002524099313
1223,1620,978.0,-45.525,166.975,12.249678772757761,6.381678772757762
1224,1935,341.0,-45.575,166.875,12.359721875924151,10.313721875924152
1225,1936,252.0,-45.575,166.925,12.196416442631744,10.684416442631743
1226,1937,674.0,-45.575,166.975,12.023115225631045,7.979115225631046
1227,1565,1158.0,-45.625,167.025,11.633680686965818,4.685680686965818
1228,1571,685.0,-45.625,167.075,11.460388399194926,7.350388399194927
1229,1621,338.0,-45.525,167.025,12.062712255341467,10.034712255341466
1230,1622,1029.0,-45.525,167.075,11.87153479718836,5.697534797188361
1231,1623,1046.0,-45.525,167.125,11.68171084203641,5.405710842036409
1232,1624,875.0,-45.525,167.175,11.499683558242396,6.2496835582423955
1233,1646,622.0,-45.625,167.125,11.290987514861627,7.558987514861627
1234,1648,800.0,-45.625,167.175,11.131453513837187,6.331453513837187
1235,1938,1236.0,-45.575,167.025,11.842940293077845,4.426940293077846
1236,1939,764.0,-45.575,167.075,11.660056138032814,7.076056138032815
1237,1940,1124.0,-45.575,167.125,11.479592383286217,4.7355923832862175
1238,1941,335.0,-45.575,167.175,11.30775618343614,9.29775618343614
1239,1120,838.0,-45.575,167.225,11.152476444112835,6.124476444112835
1240,1144,1140.0,-45.575,167.275,11.02504188043531,4.1850418804353104
1241,1148,1229.0,-45.575,167.325,10.935308271000395,3.561308271000396
1242,1625,767.0,-45.525,167.225,11.333245154004544,6.731245154004545
1243,1626,181.0,-45.525,167.275,11.194099393615033,10.108099393615033
1244,1627,459.0,-45.525,167.325,11.101162268285407,8.347162268285407
1245,1650,740.0,-45.625,167.225,10.989111383882118,6.549111383882118
1246,1653,362.0,-45.625,167.275,10.872153192613041,8.70015319261304
1247,1656,873.0,-45.625,167.325,10.786033065640368,5.548033065640367
1248,1163,265.0,-45.575,167.375,10.878462979599135,9.288462979599135
1249,1172,1169.0,-45.575,167.425,10.847636878374033,3.8336368783740333
1250,1181,642.0,-45.575,167.475,10.83926389037515,6.98726389037515
1251,1276,179.0,-45.575,167.525,10.851319799287012,9.777319799287012
1252,1628,1166.0,-45.525,167.375,11.041059166454943,4.045059166454943
1253,1629,179.0,-45.525,167.425,11.006582681642612,9.932582681642613
1254,1630,179.0,-45.525,167.475,10.99471602687845,9.92071602687845
1255,1631,179.0,-45.525,167.525,11.003700010769535,9.929700010769535
1256,1661,561.0,-45.625,167.375,10.72980925871525,7.36380925871525
1257,1665,1025.0,-45.625,167.425,10.699525291885948,4.549525291885948
1258,1670,993.0,-45.625,167.475,10.69186940373038,4.73386940373038
1259,1674,438.0,-45.625,167.525,10.70461327888188,8.07661327888188
1260,1287,205.0,-45.575,167.575,10.882460512279067,9.652460512279067
1261,1294,201.0,-45.575,167.625,10.931648332829354,9.725648332829355
1262,1302,209.0,-45.575,167.675,10.997952733014245,9.743952733014245
1263,1403,233.0,-45.575,167.725,11.080423051229445,9.682423051229446
1264,1632,179.0,-45.525,167.575,11.032327524735592,9.958327524735592
1265,1633,200.0,-45.525,167.625,11.07963650644524,9.879636506445241
1266,1634,220.0,-45.525,167.675,11.144737469250686,9.824737469250685
1267,1635,277.0,-45.525,167.725,11.226697984122438,9.56469798412244
1268,1679,257.0,-45.625,167.575,10.736221371626016,9.194221371626016
1269,1684,682.0,-45.625,167.625,10.785527142987121,6.693527142987121
1270,1691,230.0,-45.625,167.675,10.851524848141707,9.471524848141708
1271,1696,243.0,-45.625,167.725,10.933230081165675,9.475230081165675
1272,1406,371.0,-45.575,167.775,11.177994835277786,8.951994835277787
1273,1410,375.0,-45.575,167.825,11.289413986436557,9.039413986436557
1274,1412,390.0,-45.575,167.875,11.413172354339622,9.073172354339622
1275,1636,260.0,-45.525,167.775,11.32445484685013,9.76445484685013
1276,1637,279.0,-45.525,167.825,11.436741771030938,9.762741771030939
1277,1638,305.0,-45.525,167.875,11.562027921783738,9.732027921783738
1278,1701,538.0,-45.625,167.775,11.029577073641121,7.801577073641122
1279,1706,1023.0,-45.625,167.825,11.139335947984364,5.001335947984364
1280,1710,950.0,-45.625,167.875,11.261042068508686,5.561042068508686
1281,1415,501.0,-45.575,167.925,11.547453353006858,8.541453353006858
1282,1417,523.0,-45.575,167.975,11.690089276467916,8.552089276467916
1283,1423,622.0,-45.575,168.025,11.838534211419756,8.106534211419756
1284,1431,531.0,-45.575,168.075,11.989857949694851,8.803857949694851
1285,1639,424.0,-45.525,167.925,11.698466500456561,9.15446650045656
1286,1640,365.0,-45.525,167.975,11.843854909806396,9.653854909806396
1287,1641,678.0,-45.525,168.025,11.995609491190407,7.927609491190408
1288,1642,573.0,-45.525,168.075,12.150758639269043,8.712758639269042
1289,1715,1115.0,-45.625,167.925,11.392935097945156,4.702935097945155
1290,1719,658.0,-45.625,167.975,11.532909262925386,7.584909262925386
1291,1866,1030.0,-45.625,168.025,11.678479562309803,5.498479562309803
1292,1869,410.0,-45.625,168.075,11.82677121857705,9.366771218577052
1293,1434,379.0,-45.575,168.125,12.140766844298923,9.866766844298922
1294,1439,463.0,-45.575,168.175,12.287656745116692,9.509656745116692
1295,1446,928.0,-45.575,168.225,12.42670083543635,6.85870083543635
1296,1643,419.0,-45.525,168.125,12.305958274038858,9.791958274038858
1297,1644,471.0,-45.525,168.175,12.457533204957144,9.631533204957144
1298,1645,695.0,-45.525,168.225,12.601547042577295,8.431547042577295
1299,1871,390.0,-45.625,168.125,11.974541046307422,9.634541046307422
1300,1873,331.0,-45.625,168.175,12.118238593597198,10.132238593597197
1301,1875,332.0,-45.625,168.225,12.254110972047783,10.262110972047784
1302,1118,783.0,-45.525,168.275,12.733902489911998,8.035902489911997
1303,1154,660.0,-45.525,168.325,12.850473687343765,8.890473687343766
1304,1157,883.0,-45.525,168.375,12.947273117373697,7.649273117373697
1305,1160,531.0,-45.525,168.425,13.020656491062255,9.834656491062255
1306,1532,508.0,-45.575,168.275,12.55397170316428,9.50597170316428
1307,1534,565.0,-45.575,168.325,12.66559344457346,9.27559344457346
1308,1548,339.0,-45.575,168.375,12.75791739585111,10.72391739585111
1309,1551,299.0,-45.575,168.425,12.827714757382637,11.033714757382636
1310,1877,281.0,-45.625,168.275,12.378348333120812,10.692348333120812
1311,1879,255.0,-45.625,168.325,12.487258754918003,10.957258754918003
1312,1881,259.0,-45.625,168.375,12.577455377177102,11.023455377177102
1313,1883,248.0,-45.625,168.425,12.646038122431492,11.158038122431492
1314,1169,510.0,-45.525,168.475,13.067567346253782,10.007567346253783
1315,1178,420.0,-45.525,168.525,13.08581480900466,10.56581480900466
1316,1280,282.0,-45.525,168.575,13.074360560829518,11.382360560829518
1317,1561,338.0,-45.575,168.475,12.872379645108595,10.844379645108594
1318,1567,1008.0,-45.575,168.525,12.890133976266952,6.842133976266952
1319,1573,941.0,-45.575,168.575,12.880218794714892,7.234218794714892
1320,1885,326.0,-45.625,168.475,12.69075733984937,10.73475733984937
1321,1887,746.0,-45.625,168.525,12.71015337461722,8.234153374617222
1322,1889,595.0,-45.625,168.575,12.70366919884691,9.13366919884691
1323,1286,611.0,-45.525,168.625,13.033567728911294,9.367567728911293
1324,1293,518.0,-45.525,168.675,12.96534733651788,9.85734733651788
1325,1301,682.0,-45.525,168.725,12.873144132216112,8.781144132216113
1326,1396,816.0,-45.525,168.775,12.761742192640668,7.865742192640668
1327,1574,420.0,-45.575,168.625,12.843046674068319,10.323046674068319
1328,1575,796.0,-45.575,168.675,12.780283320898889,8.004283320898889
1329,1576,1120.0,-45.575,168.725,12.694831907079788,5.974831907079788
1330,1577,775.0,-45.575,168.775,12.590714688310982,7.940714688310982
1331,1891,952.0,-45.625,168.625,12.671731064037886,6.959731064037886
1332,1893,504.0,-45.625,168.675,12.615788164082915,9.591788164082914
1333,1894,439.0,-45.625,168.725,12.53830260464747,9.90430260464747
1334,1895,438.0,-45.625,168.775,12.442688914976316,9.814688914976315
1335,1397,1025.0,-45.525,168.825,12.636929953587241,6.486929953587242
1336,1398,1032.0,-45.525,168.875,12.50511578033911,6.3131157803391105
1337,1399,1034.0,-45.525,168.925,12.37300601399329,6.1690060139932905
1338,1400,1188.0,-45.525,168.975,12.247448399386485,5.119448399386485
1339,1578,934.0,-45.575,168.825,12.472877021165914,6.868877021165914
1340,1579,549.0,-45.575,168.875,12.346965683114831,9.05296568311483
1341,1580,258.0,-45.575,168.925,12.219144787915866,10.671144787915866
1342,1581,409.0,-45.575,168.975,12.096004357255879,9.642004357255878
1343,1896,862.0,-45.625,168.825,12.333215325925266,7.161215325925267
1344,1897,277.0,-45.625,168.875,12.214890240386012,10.552890240386013
1345,1898,199.0,-45.625,168.925,12.093360135768307,10.899360135768308
1346,1899,401.0,-45.625,168.975,11.974835797940614,9.568835797940615
1347,1401,631.0,-45.525,169.025,12.135518373601371,8.349518373601372
1348,1402,631.0,-45.525,169.075,12.044874570303364,8.258874570303364
1349,1405,1017.0,-45.525,169.125,11.98426958991331,5.882269589913311
1350,1582,378.0,-45.575,169.025,11.984587059007026,9.716587059007026
1351,1583,1040.0,-45.575,169.075,11.892496791959275,5.652496791959274
1352,1584,1094.0,-45.575,169.125,11.827937780471984,5.263937780471985
1353,1900,867.0,-45.625,169.025,11.866039370041108,6.664039370041108
1354,1901,1213.0,-45.625,169.075,11.774120682355715,4.4961206823557145
1355,1902,743.0,-45.625,169.125,11.70642822892114,7.248428228921141
1356,1420,790.0,-45.525,169.175,11.963779418656486,7.223779418656486
1357,1435,976.0,-45.525,169.225,11.993861672381172,6.137861672381172
1358,1440,428.0,-45.525,169.275,12.08230912842555,9.51430912842555
1359,1447,135.0,-45.525,169.325,12.229466054908698,11.419466054908698
1360,1585,696.0,-45.575,169.175,11.799369927830412,7.623369927830412
1361,1586,1046.0,-45.575,169.225,11.814371144049801,5.5383711440498
1362,1587,867.0,-45.575,169.275,11.877553206199082,6.675553206199082
1363,1588,145.0,-45.575,169.325,11.988225862631225,11.118225862631226
1364,1903,403.0,-45.625,169.175,11.669965154884267,9.251965154884267
1365,1904,813.0,-45.625,169.225,11.670391655134154,6.792391655134153
1366,1905,638.0,-45.625,169.275,11.710660647091572,7.882660647091573
1367,1906,183.0,-45.625,169.325,11.789842418176704,10.691842418176703
1368,1453,473.0,-45.525,169.375,12.42438061433495,9.58638061433495
1369,1454,556.0,-45.525,169.425,12.645441113083507,9.309441113083507
1370,1455,630.0,-45.525,169.475,12.866864239302231,9.086864239302232
1371,1589,342.0,-45.575,169.375,12.13903911979287,10.08703911979287
1372,1590,531.0,-45.575,169.425,12.314741308626253,9.128741308626253
1373,1591,652.0,-45.575,169.475,12.495909771314473,8.583909771314474
1374,1907,80.0,-45.625,169.375,11.903711354199913,11.423711354199913
1375,1908,242.0,-45.625,169.425,12.041097878594883,10.589097878594883
1376,1909,465.0,-45.625,169.475,12.186602238609339,9.39660223860934
1377,1456,842.0,-45.525,169.525,13.066524366193335,8.014524366193335
1378,1457,893.0,-45.525,169.575,13.229868187714601,7.871868187714601
1379,1458,690.0,-45.525,169.625,13.349875082960352,9.209875082960352
1380,1459,794.0,-45.525,169.675,13.425203577964567,8.661203577964567
1381,1592,764.0,-45.575,169.525,12.66517183589167,8.08117183589167
1382,1593,733.0,-45.575,169.575,12.809733628528193,8.411733628528193
1383,1594,757.0,-45.575,169.625,12.92194736014062,8.379947360140621
1384,1595,735.0,-45.575,169.675,12.998669146865723,8.588669146865723
1385,1910,660.0,-45.625,169.525,12.32676026991976,8.36676026991976
1386,1911,908.0,-45.625,169.575,12.450837250784389,7.002837250784389
1387,1912,894.0,-45.625,169.625,12.55153443934978,7.18753443934978
1388,1913,1071.0,-45.625,169.675,12.624939329718472,6.198939329718472
1389,1460,659.0,-45.525,169.725,13.458154259089497,9.504154259089496
1390,1461,764.0,-45.525,169.775,13.453108643341693,8.869108643341693
1391,1462,859.0,-45.525,169.825,13.415515831991797,8.261515831991797
1392,1596,737.0,-45.575,169.725,13.040139185774024,8.618139185774023
1393,1597,795.0,-45.575,169.775,13.048898996363278,8.278898996363278
1394,1598,922.0,-45.575,169.825,13.028953053319128,7.496953053319128
1395,1914,959.0,-45.625,169.725,12.670008114058874,6.916008114058874
1396,1915,984.0,-45.625,169.775,12.687906691237004,6.783906691237004
1397,1916,996.0,-45.625,169.825,12.681409846030874,6.705409846030874
1398,1463,969.0,-45.525,169.875,13.351293630781583,7.537293630781584
1399,1464,822.0,-45.525,169.925,13.26648816576926,8.33448816576926
1400,1465,941.0,-45.525,169.975,13.167067897331435,7.521067897331435
1401,1466,972.0,-45.525,170.025,13.058765526802745,7.226765526802745
1402,1599,915.0,-45.575,169.875,12.985192002321128,7.495192002321128
1403,1600,811.0,-45.575,169.925,12.923016632150393,8.057016632150393
1404,1601,709.0,-45.575,169.975,12.848083407559898,8.594083407559898
1405,1602,397.0,-45.575,170.025,12.766097195504699,10.3840971955047
1406,1917,784.0,-45.625,169.875,12.654434875890729,7.950434875890729
1407,1918,539.0,-45.625,169.925,12.611708615542739,9.377708615542739
1408,1919,507.0,-45.625,169.975,12.558527404107735,9.516527404107736
1409,1920,463.0,-45.625,170.025,12.500550131939235,9.722550131939235
1410,1467,246.0,-45.525,170.075,12.946914529136848,11.470914529136849
1411,1468,199.0,-45.525,170.125,12.83625913358992,11.64225913358992
1412,1469,218.0,-45.525,170.175,12.730750910108327,11.422750910108327
1413,1470,391.0,-45.525,170.225,12.633376823141589,10.287376823141589
1414,1603,241.0,-45.575,170.075,12.682590707700001,11.236590707700001
1415,1604,195.0,-45.575,170.125,12.602654806323699,11.432654806323699
1416,1605,256.0,-45.575,170.175,12.530626656574896,10.994626656574896
1417,1606,303.0,-45.575,170.225,12.469799753118423,10.651799753118423
1418,1921,441.0,-45.625,170.075,12.443554954283172,9.797554954283171
1419,1922,380.0,-45.625,170.125,12.393096928077284,10.113096928077285
1420,1923,290.0,-45.625,170.175,12.354051540081855,10.614051540081855
1421,1924,249.0,-45.625,170.225,12.330134528703638,10.836134528703639
1422,1471,335.0,-45.525,170.275,12.546077855644398,10.536077855644399
1423,1472,365.0,-45.525,170.325,12.46980111283483,10.27980111283483
1424,1473,571.0,-45.525,170.375,12.404690047798795,8.978690047798795
1425,1607,260.0,-45.575,170.275,12.42225884408981,10.86225884408981
1426,1608,446.0,-45.575,170.325,12.388920155673986,9.712920155673986
1427,1609,622.0,-45.575,170.375,12.3697760518844,8.637776051884401
1428,1925,323.0,-45.625,170.275,12.32359489663213,10.38559489663213
1429,1926,404.0,-45.625,170.325,12.335254102144972,9.911254102144973
1430,1927,587.0,-45.625,170.375,12.364878615684574,8.842878615684574
1431,1474,634.0,-45.525,170.425,12.350389443221502,8.546389443221502
1432,1475,413.0,-45.525,170.475,12.306458202045178,9.828458202045178
1433,1476,424.0,-45.525,170.525,12.272965907322941,9.72896590732294
1434,1477,306.0,-45.525,170.575,12.251535093295388,10.415535093295388
1435,1610,482.0,-45.575,170.425,12.364272552120383,9.472272552120383
1436,1611,521.0,-45.575,170.475,12.371755360087263,9.245755360087264
1437,1612,223.0,-45.575,170.525,12.392015376346535,11.054015376346536
1438,1613,258.0,-45.575,170.575,12.426138264418114,10.878138264418114
1439,1928,412.0,-45.625,170.425,12.411701460572658,9.939701460572659
1440,1929,320.0,-45.625,170.475,12.474906146613648,10.554906146613648
1441,1930,299.0,-45.625,170.525,12.553992571789422,10.759992571789422
1442,1931,21.0,-45.625,170.575,12.64901597998687,12.523015979986871
1443,1478,192.0,-45.525,170.625,12.247519136784831,11.095519136784832
1444,1479,49.0,-45.525,170.675,12.27514458092628,11.98114458092628
1445,1480,156.0,-45.525,170.725,12.365834676937084,11.429834676937084
1446,1614,173.0,-45.575,170.625,12.478084689282696,11.440084689282696
1447,1615,125.0,-45.575,170.675,12.55705408823269,11.80705408823269
1448,1616,47.0,-45.575,170.725,12.676199440393248,12.394199440393248
1449,1932,20.0,-45.625,170.625,12.76063280487142,12.640632804871421
1450,1070,607.0,-45.425,166.775,13.345629759307485,9.703629759307486
1451,1071,826.0,-45.425,166.825,13.21906632342143,8.26306632342143
1452,1422,601.0,-45.375,166.825,13.451616882986855,9.845616882986855
1453,1481,178.0,-45.475,166.725,13.229940896533662,12.161940896533663
1454,1482,667.0,-45.475,166.775,13.114197619928746,9.112197619928747
1455,1483,625.0,-45.475,166.825,12.981972796289483,9.231972796289483
1456,1773,728.0,-45.325,166.825,13.673660528904293,9.305660528904292
1457,1072,1130.0,-45.425,166.975,12.719989499397343,5.939989499397343
1458,1436,520.0,-45.375,166.875,13.309288164251484,10.189288164251483
1459,1445,756.0,-45.375,166.925,13.14251794986194,8.60651794986194
1460,1452,81.0,-45.375,166.975,12.954607882216806,12.468607882216805
1461,1484,290.0,-45.475,166.875,12.832156766206026,11.092156766206026
1462,1485,840.0,-45.475,166.925,12.665139917866327,7.625139917866327
1463,1486,628.0,-45.475,166.975,12.483241358335363,8.715241358335362
1464,1774,782.0,-45.325,166.875,13.537547079700744,8.845547079700744
1465,1775,349.0,-45.325,166.925,13.371501869958593,11.277501869958593
1466,1073,356.0,-45.425,167.025,12.522477377904579,10.38647737790458
1467,1074,986.0,-45.425,167.075,12.319100490713026,6.403100490713027
1468,1075,167.0,-45.425,167.175,11.924612962902756,10.922612962902756
1469,1487,81.0,-45.475,167.025,12.29060307025793,11.80460307025793
1470,1488,1073.0,-45.475,167.125,11.895895831345115,5.457895831345115
1471,1489,218.0,-45.475,167.175,11.707364912726916,10.399364912726917
1472,1531,310.0,-45.375,167.125,12.338317030400503,10.478317030400504
1473,1535,528.0,-45.375,167.175,12.142423606739612,8.974423606739613
1474,1776,180.0,-45.325,167.025,12.973293912305962,11.893293912305962
1475,1777,319.0,-45.325,167.075,12.760922690998996,10.846922690998996
1476,1778,1175.0,-45.325,167.125,12.55153320034151,5.50153320034151
1477,1076,872.0,-45.425,167.225,11.749966385250445,6.517966385250445
1478,1078,513.0,-45.425,167.275,11.602304609114071,8.524304609114072
1479,1079,521.0,-45.425,167.325,11.487635799741838,8.361635799741839
1480,1490,959.0,-45.475,167.225,11.535725260066101,5.781725260066102
1481,1491,1117.0,-45.475,167.275,11.39272455504397,4.690724555043969
1482,1492,877.0,-45.475,167.325,11.28851493523689,6.02651493523689
1483,1537,1091.0,-45.375,167.225,11.964433715853374,5.418433715853374
1484,1539,1012.0,-45.375,167.275,11.81131091224961,5.739310912249611
1485,1541,249.0,-45.375,167.325,11.68752098197001,10.19352098197001
1486,1779,910.0,-45.325,167.225,12.171240874682553,6.711240874682553
1487,1780,362.0,-45.325,167.275,12.0127704187762,9.840770418776199
1488,1781,1023.0,-45.325,167.325,11.881033356243279,5.743033356243279
1489,1020,1060.0,-45.325,167.475,11.65288115174917,5.292881151749171
1490,1026,204.0,-45.325,167.525,11.629390927177155,10.405390927177155
1491,1080,581.0,-45.425,167.375,11.405377426330233,7.919377426330233
1492,1081,1052.0,-45.425,167.425,11.351810539286816,5.039810539286817
1493,1082,1104.0,-45.425,167.475,11.323786273045698,4.6997862730456985
1494,1083,904.0,-45.425,167.525,11.319192958908388,5.895192958908389
1495,1493,179.0,-45.475,167.375,11.21847334082122,10.14447334082122
1496,1494,1018.0,-45.475,167.425,11.175853324704804,5.067853324704804
1497,1495,275.0,-45.475,167.475,11.157170653052162,9.507170653052162
1498,1496,258.0,-45.475,167.525,11.160457948280964,9.612457948280964
1499,1544,734.0,-45.375,167.375,11.593921798979864,7.189921798979864
1500,1547,1341.0,-45.375,167.425,11.528947621554835,3.4829476215548354
1501,1554,1034.0,-45.375,167.475,11.490472520075855,5.286472520075855
1502,1559,1049.0,-45.375,167.525,11.476674954610644,5.182674954610644
1503,1782,1499.0,-45.325,167.375,11.777486555030919,2.783486555030919
1504,1783,474.0,-45.325,167.425,11.701816568587674,8.857816568587674
1505,1030,810.0,-45.325,167.575,11.63018438706058,6.770184387060581
1506,1034,1054.0,-45.325,167.625,11.654260117415106,5.330260117415107
1507,1038,962.0,-45.325,167.675,11.700712968682637,5.928712968682638
1508,1042,257.0,-45.325,167.725,11.768643327712198,10.226643327712198
1509,1084,1267.0,-45.425,167.575,11.336581037787255,3.7345810377872555
1510,1085,636.0,-45.425,167.625,11.37484633596614,7.55884633596614
1511,1086,259.0,-45.425,167.675,11.433023485034937,9.879023485034937
1512,1087,221.0,-45.425,167.725,11.510145154679776,10.184145154679776
1513,1497,200.0,-45.475,167.575,11.184411740803625,9.984411740803626
1514,1498,232.0,-45.475,167.625,11.228022881085053,9.836022881085054
1515,1499,324.0,-45.475,167.675,11.290378552352195,9.346378552352196
1516,1500,280.0,-45.475,167.725,11.37053467273654,9.69053467273654
1517,1564,1206.0,-45.375,167.575,11.486145358067006,4.250145358067006
1518,1570,625.0,-45.375,167.625,11.517763026815373,7.7677630268153735
1519,1657,260.0,-45.375,167.675,11.570549088472035,10.010549088472034
1520,1660,204.0,-45.375,167.725,11.64353969306103,10.41953969306103
1521,1046,219.0,-45.325,167.775,11.857064264593646,10.543064264593646
1522,1050,293.0,-45.325,167.825,11.964814434963046,10.206814434963047
1523,1054,358.0,-45.325,167.875,12.090479875638266,9.942479875638266
1524,1088,324.0,-45.425,167.775,11.605137236387236,9.661137236387237
1525,1089,380.0,-45.425,167.825,11.71673501348414,9.43673501348414
1526,1090,393.0,-45.425,167.875,11.84341379092075,9.485413790920749
1527,1501,348.0,-45.475,167.775,11.467421497451141,9.37942149745114
1528,1502,361.0,-45.475,167.825,11.579767472256208,9.413767472256207
1529,1503,371.0,-45.475,167.875,11.706035535782576,9.480035535782577
1530,1664,285.0,-45.375,167.775,11.735680747631704,10.025680747631704
1531,1675,338.0,-45.375,167.825,11.845739379627048,9.817739379627048
1532,1680,390.0,-45.375,167.875,11.972228986443952,9.632228986443952
1533,1058,440.0,-45.325,167.925,12.232327032281319,9.592327032281318
1534,1091,529.0,-45.425,167.925,11.98333187692333,8.80933187692333
1535,1092,515.0,-45.425,167.975,12.134286003143643,9.044286003143643
1536,1093,561.0,-45.425,168.025,12.293680094575393,8.927680094575393
1537,1094,461.0,-45.425,168.075,12.45850832737051,9.69250832737051
1538,1146,703.0,-45.325,167.975,12.38824908391689,8.17024908391689
1539,1150,523.0,-45.325,168.025,12.555726702616084,9.417726702616084
1540,1164,817.0,-45.325,168.075,12.731802604495897,7.829802604495897
1541,1504,420.0,-45.475,167.925,11.8443704356323,9.3243704356323
1542,1505,465.0,-45.475,167.975,11.992557854944607,9.202557854944608
1543,1506,538.0,-45.475,168.025,12.147997251682682,8.919997251682682
1544,1507,439.0,-45.475,168.075,12.307690729372553,9.673690729372552
1545,1687,393.0,-45.375,167.925,12.113346945174271,9.75534694517427
1546,1692,464.0,-45.375,167.975,12.266925332325627,9.482925332325628
1547,1695,625.0,-45.375,168.025,12.430395177390892,8.680395177390892
1548,1702,691.0,-45.375,168.075,12.600764120841632,8.45476412084163
1549,1095,520.0,-45.425,168.125,12.6253530850081,9.5053530850081
1550,1096,934.0,-45.425,168.175,12.790398292112513,7.186398292112513
1551,1097,1360.0,-45.425,168.225,12.949459361247136,4.789459361247136
1552,1173,913.0,-45.325,168.125,12.913067086890806,7.435067086890805
1553,1182,617.0,-45.325,168.175,13.095649992465042,9.393649992465042
1554,1274,610.0,-45.325,168.225,13.27521413078648,9.61521413078648
1555,1508,533.0,-45.475,168.125,12.468250233214349,9.270250233214348
1556,1509,1092.0,-45.475,168.175,12.625925225991523,6.073925225991523
1557,1510,798.0,-45.475,168.225,12.77665322739631,7.988653227396309
1558,1707,978.0,-45.375,168.125,12.774606355087599,6.906606355087599
1559,1712,855.0,-45.375,168.175,12.948063084273599,7.818063084273599
1560,1717,677.0,-45.375,168.225,13.116852319304598,9.054852319304599
1561,1098,1336.0,-45.425,168.275,13.098033528687665,5.082033528687665
1562,1099,1203.0,-45.425,168.325,13.231379560544156,6.0133795605441565
1563,1100,1071.0,-45.425,168.375,13.344644195021829,6.9186441950218285
1564,1101,959.0,-45.425,168.425,13.433063162738108,7.6790631627381085
1565,1295,1473.0,-45.325,168.275,13.446947282674955,4.608947282674956
1566,1303,1823.0,-45.325,168.325,13.605556303082267,2.667556303082266
1567,1404,1123.0,-45.325,168.375,13.745280700037256,7.0072807000372554
1568,1424,1265.0,-45.325,168.425,13.859969628829276,6.269969628829276
1569,1511,1215.0,-45.475,168.275,12.916136773506878,5.626136773506878
1570,1512,1144.0,-45.475,168.325,13.039953107901965,6.175953107901965
1571,1513,903.0,-45.475,168.375,13.143707183742663,7.725707183742664
1572,1514,860.0,-45.475,168.425,13.223242846797802,8.063242846797802
1573,1721,873.0,-45.375,168.275,13.276289748653653,8.038289748653654
1574,1722,1198.0,-45.375,168.325,13.421329132586834,6.233329132586834
1575,1723,1238.0,-45.375,168.375,13.546642968867673,6.118642968867673
1576,1724,958.0,-45.375,168.425,13.64678317232756,7.898783172327559
1577,1102,1222.0,-45.425,168.475,13.492272293078713,6.160272293078713
1578,1103,799.0,-45.425,168.525,13.518757713609375,8.724757713609375
1579,1104,475.0,-45.425,168.575,13.51043608757027,10.66043608757027
1580,1432,1576.0,-45.325,168.475,13.94331091362983,4.48731091362983
1581,1441,1331.0,-45.325,168.525,13.989358367456589,6.003358367456589
1582,1448,660.0,-45.325,168.575,13.993528136488749,10.03352813648875
1583,1515,378.0,-45.475,168.475,13.27492711567902,11.00692711567902
1584,1516,616.0,-45.475,168.525,13.296011421916774,9.600011421916774
1585,1517,457.0,-45.475,168.575,13.28504455856455,10.54304455856455
1586,1725,676.0,-45.375,168.475,13.716484673088416,9.660484673088416
1587,1726,802.0,-45.375,168.525,13.751188302907394,8.939188302907395
1588,1727,400.0,-45.375,168.575,13.747828617168125,11.347828617168124
1589,1105,653.0,-45.425,168.625,13.467274842303596,9.549274842303596
1590,1106,350.0,-45.425,168.675,13.3917616034596,11.2917616034596
1591,1107,625.0,-45.425,168.725,13.288989485328784,9.538989485328784
1592,1108,1151.0,-45.425,168.775,13.16622648180055,6.26022648180055
1593,1518,422.0,-45.475,168.625,13.242266242072219,10.710266242072219
1594,1519,313.0,-45.475,168.675,13.169867102435092,11.291867102435091
1595,1520,670.0,-45.475,168.725,13.071997583261691,9.051997583261691
1596,1521,703.0,-45.475,168.775,12.954472523168079,8.736472523168079
1597,1536,914.0,-45.325,168.625,13.954100650531473,8.470100650531473
1598,1540,639.0,-45.325,168.675,13.873833131845458,10.039833131845459
1599,1543,308.0,-45.325,168.725,13.760743747887318,11.912743747887319
1600,1546,990.0,-45.325,168.775,13.627215712826,7.687215712826
1601,1728,795.0,-45.375,168.625,13.705808512153453,8.935808512153454
1602,1729,354.0,-45.375,168.675,13.627862886030925,11.503862886030925
1603,1730,1184.0,-45.375,168.725,13.52034457589616,6.416344575896161
1604,1731,1547.0,-45.375,168.775,13.392606027249712,4.1106060272497125
1605,1109,1378.0,-45.425,168.825,13.032061884689028,4.7640618846890295
1606,1110,1336.0,-45.425,168.875,12.895409213757375,4.879409213757375
1607,1111,1470.0,-45.425,168.925,12.76465270742483,3.944652707424831
1608,1112,1520.0,-45.425,168.975,12.647101320515503,3.527101320515504
1609,1522,989.0,-45.475,168.825,12.82423076791747,6.89023076791747
1610,1523,1433.0,-45.475,168.875,12.688704153333674,4.090704153333675
1611,1524,1291.0,-45.475,168.925,12.55527466518106,4.80927466518106
1612,1525,1069.0,-45.475,168.975,12.430967736974708,6.016967736974708
1613,1552,1505.0,-45.325,168.825,13.48768632413703,4.457686324137031
1614,1556,852.0,-45.325,168.875,13.3562301715574,8.244230171557401
1615,1560,1284.0,-45.325,168.925,13.245050946745323,5.541050946745323
1616,1566,1565.0,-45.325,168.975,13.163798774883617,3.773798774883616
1617,1732,884.0,-45.375,168.825,13.255633239488816,7.9516332394888165
1618,1733,1283.0,-45.375,168.875,13.120501986690215,5.422501986690215
1619,1734,1371.0,-45.375,168.925,12.997163818698027,4.771163818698026
1620,1735,1779.0,-45.375,168.975,12.893675401894143,2.2196754018941434
1621,1113,1268.0,-45.425,169.025,12.54884389200015,4.94084389200015
1622,1114,1009.0,-45.425,169.075,12.475220752996393,6.421220752996393
1623,1115,1169.0,-45.425,169.125,12.432402803067816,5.418402803067817
1624,1526,1094.0,-45.475,169.025,12.322506348631578,5.758506348631578
1625,1527,698.0,-45.475,169.075,12.23686365733738,8.048863657337382
1626,1528,923.0,-45.475,169.125,12.182404329971178,6.644404329971177
1627,1572,1519.0,-45.325,169.025,13.118984674074454,4.004984674074455
1628,1649,1478.0,-45.325,169.075,13.112892049437505,4.244892049437507
1629,1652,1444.0,-45.325,169.125,13.142244117581868,4.478244117581868
1630,1736,1343.0,-45.375,169.025,12.815728144021705,4.757728144021705
1631,1737,1221.0,-45.375,169.075,12.766517414856935,5.440517414856934
1632,1738,1270.0,-45.375,169.125,12.74773867620388,5.127738676203881
1633,1001,595.0,-45.475,169.275,12.329471414996078,8.759471414996078
1634,1003,131.0,-45.475,169.325,12.518322020419873,11.732322020419874
1635,1116,1416.0,-45.425,169.175,12.430560733948369,3.934560733948368
1636,1117,1362.0,-45.425,169.225,12.487502261516056,4.315502261516057
1637,1122,500.0,-45.425,169.275,12.62698515514785,9.62698515514785
1638,1123,317.0,-45.425,169.325,12.86312534949684,10.961125349496841
1639,1529,1054.0,-45.475,169.175,12.170300576894078,5.8463005768940794
1640,1530,1201.0,-45.475,169.225,12.21478557671071,5.008785576710711
1641,1654,1346.0,-45.325,169.175,13.199407616324606,5.123407616324606
1642,1658,1406.0,-45.325,169.225,13.285197038188926,4.849197038188926
1643,1662,658.0,-45.325,169.275,13.445678128147847,9.497678128147847
1644,1667,435.0,-45.325,169.325,13.783376131308614,11.173376131308615
1645,1739,1523.0,-45.375,169.175,12.763787874850095,3.6257878748500953
1646,1740,1317.0,-45.375,169.225,12.831466807954712,4.929466807954713
1647,1741,312.0,-45.375,169.275,12.989213806737098,11.117213806737098
1648,1742,374.0,-45.375,169.325,13.27723221303313,11.03323221303313
1649,1004,407.0,-45.475,169.375,12.7666141018708,10.3246141018708
1650,1005,735.0,-45.475,169.425,13.042205267192912,8.632205267192912
1651,1006,884.0,-45.475,169.475,13.308557806638419,8.00455780663842
1652,1124,486.0,-45.425,169.375,13.177490627276711,10.26149062727671
1653,1125,905.0,-45.425,169.425,13.518846242630389,8.088846242630389
1654,1126,818.0,-45.425,169.475,13.832810940366471,8.924810940366472
1655,1671,582.0,-45.325,169.375,14.297999228088884,10.805999228088883
1656,1676,540.0,-45.325,169.425,14.805520448440802,11.565520448440802
1657,1681,536.0,-45.325,169.475,15.181926074365037,11.965926074365036
1658,1743,651.0,-45.375,169.375,13.676461132665281,9.770461132665282
1659,1744,663.0,-45.375,169.425,14.096460013272008,10.118460013272008
1660,1745,773.0,-45.375,169.475,14.453651736461325,9.815651736461325
1661,1007,871.0,-45.475,169.525,13.537840828939807,8.311840828939808
1662,1008,860.0,-45.475,169.575,13.715206836772268,8.555206836772268
1663,1009,785.0,-45.475,169.625,13.836291503888788,9.126291503888787
1664,1012,800.0,-45.475,169.675,13.903118897869717,9.103118897869717
1665,1127,852.0,-45.425,169.525,14.08618542032491,8.974185420324911
1666,1128,817.0,-45.425,169.575,14.267775944652385,9.365775944652384
1667,1129,743.0,-45.425,169.625,14.379279424712877,9.921279424712878
1668,1130,975.0,-45.425,169.675,14.427922102287994,8.577922102287994
1669,1685,680.0,-45.325,169.525,15.423061623252579,11.343061623252579
1670,1688,759.0,-45.325,169.575,15.554178727848921,11.000178727848922
1671,1693,733.0,-45.325,169.625,15.598975383196375,11.200975383196376
1672,1698,707.0,-45.325,169.675,15.576038677507313,11.334038677507312
1673,1746,765.0,-45.375,169.525,14.71610112907365,10.12610112907365
1674,1747,799.0,-45.375,169.575,14.884839212129009,10.090839212129008
1675,1748,802.0,-45.375,169.625,14.971808851652895,10.159808851652896
1676,1749,991.0,-45.375,169.675,14.99056565797946,9.04456565797946
1677,1015,728.0,-45.475,169.725,13.920948722807225,9.552948722807225
1678,1017,671.0,-45.475,169.775,13.896390907160821,9.870390907160822
1679,1019,553.0,-45.475,169.825,13.836421516520204,10.518421516520204
1680,1131,980.0,-45.425,169.725,14.422600082485587,8.542600082485588
1681,1132,871.0,-45.425,169.775,14.37221437144035,9.146214371440351
1682,1133,586.0,-45.425,169.825,14.28507309059205,10.76907309059205
1683,1703,916.0,-45.325,169.725,15.499610834187479,10.00361083418748
1684,1708,833.0,-45.325,169.775,15.380766657384811,10.38276665738481
1685,1714,993.0,-45.325,169.825,15.228376015656977,9.270376015656979
1686,1750,1103.0,-45.375,169.725,14.953473674046108,8.33547367404611
1687,1751,1077.0,-45.375,169.775,14.871166296114097,8.409166296114098
1688,1752,907.0,-45.375,169.825,14.75269967316126,9.31069967316126
1689,1022,674.0,-45.475,169.875,13.747918365814257,9.703918365814257
1690,1024,929.0,-45.475,169.925,13.637458023484214,8.063458023484216
1691,1027,1098.0,-45.475,169.975,13.511220726868487,6.923220726868487
1692,1031,1244.0,-45.475,170.025,13.374917958994047,5.910917958994047
1693,1134,591.0,-45.425,169.875,14.168751986333518,10.622751986333519
1694,1135,556.0,-45.425,169.925,14.030120944502414,10.694120944502414
1695,1136,893.0,-45.425,169.975,13.875401221623179,8.517401221623178
1696,1137,1227.0,-45.425,170.025,13.710193531471305,6.348193531471305
1697,1720,460.0,-45.325,169.875,15.049798678053776,12.289798678053776
1698,1753,502.0,-45.375,169.875,14.605861814401578,11.593861814401578
1699,1754,557.0,-45.375,169.925,14.43745881866198,11.09545881866198
1700,1755,567.0,-45.375,169.975,14.253522360115312,10.851522360115313
1701,1756,963.0,-45.375,170.025,14.05942496957141,8.28142496957141
1702,1784,389.0,-45.325,169.925,14.851359860113007,12.517359860113007
1703,1785,447.0,-45.325,169.975,14.638655052796821,11.95665505279682
1704,1786,925.0,-45.325,170.025,14.416715300743817,8.866715300743817
1705,1036,550.0,-45.475,170.075,13.23370173611329,9.933701736113289
1706,1040,233.0,-45.475,170.125,13.092047630634625,11.694047630634625
1707,1044,239.0,-45.475,170.175,12.953630672986037,11.519630672986038
1708,1048,539.0,-45.475,170.225,12.821231933994568,9.587231933994568
1709,1138,1403.0,-45.425,170.075,13.539457366438,5.121457366438001
1710,1139,614.0,-45.425,170.125,13.36744948082196,9.683449480821961
1711,1140,257.0,-45.425,170.175,13.197651217720704,11.655651217720704
1712,1141,319.0,-45.425,170.225,13.032726733392337,11.118726733392338
1713,1757,1190.0,-45.375,170.075,13.859908556638402,6.719908556638402
1714,1758,1192.0,-45.375,170.125,13.659049255220452,6.507049255220452
1715,1759,748.0,-45.375,170.175,13.460202584567014,8.972202584567015
1716,1760,248.0,-45.375,170.225,13.265986458951375,11.777986458951375
1717,1788,1065.0,-45.325,170.075,14.19005261026905,7.8000526102690495
1718,1789,1146.0,-45.325,170.125,13.962612422270468,7.086612422270467
1719,1791,1142.0,-45.325,170.175,13.737690911424579,6.88569091142458
1720,1793,531.0,-45.325,170.225,13.517906474677147,10.331906474677147
1721,1052,456.0,-45.475,170.275,12.696717234983225,9.960717234983225
1722,1056,384.0,-45.475,170.325,12.581116050365381,10.27711605036538
1723,1060,501.0,-45.475,170.375,12.474807841150323,9.468807841150323
1724,1121,480.0,-45.425,170.325,12.724331907229498,9.844331907229499
1725,1142,624.0,-45.425,170.275,12.87455121302628,9.13055121302628
1726,1147,458.0,-45.425,170.375,12.582828572922153,9.834828572922154
1727,1761,387.0,-45.375,170.275,13.078350535273785,10.756350535273786
1728,1762,646.0,-45.375,170.325,12.898751245302265,9.022751245302265
1729,1763,450.0,-45.375,170.375,12.728428297748906,10.028428297748906
1730,1795,320.0,-45.325,170.275,13.30530088460364,11.38530088460364
1731,1797,533.0,-45.325,170.325,13.1015807667427,9.9035807667427
1732,1799,696.0,-45.325,170.375,12.908459077400039,8.732459077400039
1733,1061,539.0,-45.475,170.425,12.377813395651174,9.143813395651174
1734,1062,614.0,-45.475,170.475,12.29020820405276,8.606208204052761
1735,1063,444.0,-45.475,170.525,12.21273675248085,9.54873675248085
1736,1064,327.0,-45.475,170.575,12.147833353476017,10.185833353476017
1737,1151,596.0,-45.425,170.425,12.450679903980927,8.874679903980926
1738,1167,517.0,-45.425,170.475,12.328869452219806,9.226869452219805
1739,1176,475.0,-45.425,170.525,12.21942761624814,9.36942761624814
1740,1278,360.0,-45.425,170.575,12.126596629896085,9.966596629896085
1741,1764,520.0,-45.375,170.425,12.568783553084359,9.448783553084358
1742,1765,553.0,-45.375,170.475,12.421898301225156,9.103898301225156
1743,1766,484.0,-45.375,170.525,12.291282094243797,9.387282094243798
1744,1767,339.0,-45.375,170.575,12.183020756725455,10.149020756725456
1745,1801,599.0,-45.325,170.425,12.728067049261881,9.134067049261882
1746,1803,395.0,-45.325,170.475,12.563453082795604,10.193453082795603
1747,1805,261.0,-45.325,170.525,12.419215353336767,10.853215353336768
1748,1807,119.0,-45.325,170.575,12.302277588431025,11.588277588431025
1749,1065,174.0,-45.475,170.625,12.101539854236762,11.057539854236762
1750,1066,69.0,-45.475,170.675,12.087829672178486,11.673829672178487
1751,1067,15.0,-45.475,170.725,12.148523159135948,12.058523159135948
1752,1289,240.0,-45.425,170.625,12.059015474049374,10.619015474049375
1753,1297,59.0,-45.425,170.675,12.034486833697883,11.680486833697884
1754,1305,100.0,-45.425,170.725,12.087052766000852,11.487052766000852
1755,1768,61.0,-45.375,170.625,12.107516574818874,11.741516574818874
1756,1769,147.0,-45.375,170.675,12.08130930562038,11.19930930562038
1757,1770,385.0,-45.375,170.725,12.123911420479999,9.813911420479998
1758,1809,584.0,-45.325,170.625,12.222569303150522,8.718569303150522
1759,1811,449.0,-45.325,170.675,12.192544529723818,9.49854452972382
1760,1813,504.0,-45.325,170.725,12.223223286113353,9.199223286113352
1761,1068,20.0,-45.475,170.775,12.323498628946254,12.203498628946255
1762,1069,53.0,-45.475,170.825,12.543081600611913,12.225081600611913
1763,1407,188.0,-45.425,170.775,12.23277872246399,11.10477872246399
1764,1771,170.0,-45.375,170.775,12.240953371190699,11.2209533711907
1765,1772,40.0,-45.375,170.825,12.415446110375342,12.175446110375342
1766,1815,89.0,-45.325,170.775,12.316808957606554,11.782808957606553
1767,1821,5.0,-45.325,170.825,12.463929582751007,12.433929582751007
1768,1790,606.0,-45.225,166.925,13.76374543653219,10.12774543653219
1769,1823,307.0,-45.275,166.925,13.583233728888445,11.741233728888444
1770,1825,640.0,-45.275,166.975,13.387420024897438,9.547420024897438
1771,1320,155.0,-45.175,167.025,13.501275948132388,12.571275948132389
1772,1321,1107.0,-45.175,167.075,13.290507643134333,6.648507643134333
1773,1322,850.0,-45.175,167.175,12.88284344735439,7.78284344735439
1774,1792,834.0,-45.225,167.025,13.354219120607013,8.350219120607013
1775,1794,1143.0,-45.225,167.075,13.139170337235555,6.281170337235555
1776,1796,678.0,-45.225,167.125,12.927923452167306,8.859923452167306
1777,1798,734.0,-45.225,167.175,12.726699414954055,8.322699414954055
1778,1826,638.0,-45.275,167.025,13.176573819335317,9.348573819335318
1779,1828,397.0,-45.275,167.075,12.961351112520788,10.579351112520788
1780,1830,826.0,-45.275,167.175,12.54903437520261,7.59303437520261
1781,1323,806.0,-45.175,167.225,12.6969492497592,7.8609492497592
1782,1324,1125.0,-45.175,167.275,12.528693899133941,5.778693899133941
1783,1325,179.0,-45.175,167.325,12.381131532631116,11.307131532631116
1784,1800,465.0,-45.225,167.225,12.540765081488644,9.750765081488645
1785,1802,1164.0,-45.225,167.275,12.37438028671022,5.39038028671022
1786,1804,1030.0,-45.225,167.325,12.230663395792362,6.050663395792362
1787,1832,914.0,-45.275,167.225,12.364697822835296,6.880697822835296
1788,1834,1240.0,-45.275,167.275,12.201652832212858,4.761652832212858
1789,1836,1366.0,-45.275,167.325,12.063230233412469,3.867230233412469
1790,1326,1191.0,-45.175,167.375,12.256378083868185,5.110378083868185
1791,1327,1182.0,-45.175,167.425,12.155731628998183,5.063731628998183
1792,1328,1350.0,-45.175,167.475,12.079868457571138,3.979868457571138
1793,1329,1166.0,-45.175,167.525,12.029055585648166,5.0330555856481665
1794,1806,795.0,-45.225,167.375,12.111558693854022,7.341558693854022
1795,1808,1170.0,-45.225,167.425,12.017996390524786,4.997996390524786
1796,1810,1208.0,-45.225,167.475,11.950190890725935,4.7021908907259355
1797,1812,974.0,-45.225,167.525,11.907948098552879,6.063948098552879
1798,1868,938.0,-45.275,167.375,11.95118174176605,6.323181741766049
1799,1870,471.0,-45.275,167.425,11.865942929813173,9.039942929813172
1800,1872,1201.0,-45.275,167.475,11.807141062105075,4.601141062105075
1801,1874,1396.0,-45.275,167.525,11.774057176342467,3.3980571763424674
1802,1330,1185.0,-45.175,167.575,12.003324710618472,4.893324710618472
1803,1331,353.0,-45.175,167.625,12.00258171009773,9.884581710097729
1804,1332,204.0,-45.175,167.675,12.026651192776626,10.802651192776626
1805,1333,343.0,-45.175,167.725,12.07526729942765,10.017267299427651
1806,1814,895.0,-45.225,167.575,11.890888611465925,6.520888611465926
1807,1816,1293.0,-45.225,167.625,11.898565154566313,4.140565154566314
1808,1817,782.0,-45.225,167.675,11.930494567175629,7.2384945671756284
1809,1818,204.0,-45.225,167.725,11.986132982274285,10.762132982274284
1810,1876,1462.0,-45.275,167.575,11.765899204474408,2.9938992044744097
1811,1878,1071.0,-45.275,167.625,11.781904425792163,5.355904425792163
1812,1880,918.0,-45.275,167.675,11.82133827159123,6.31333827159123
1813,1882,204.0,-45.275,167.725,11.883441737663816,10.659441737663816
1814,1334,204.0,-45.175,167.775,12.14802427792165,10.92402427792165
1815,1335,225.0,-45.175,167.825,12.244300008140272,10.894300008140272
1816,1336,231.0,-45.175,167.875,12.363166268085479,10.97716626808548
1817,1819,204.0,-45.225,167.775,12.064816991914995,10.840816991914995
1818,1820,239.0,-45.225,167.825,12.16568687724066,10.73168687724066
1819,1822,361.0,-45.225,167.875,12.28760430109105,10.12160430109105
1820,1884,204.0,-45.275,167.775,11.967356696986826,10.743356696986826
1821,1886,375.0,-45.275,167.825,12.072044246073347,9.822044246073347
1822,1888,364.0,-45.275,167.875,12.19620498950826,10.012204989508259
1823,1337,297.0,-45.175,167.925,12.50330099806888,10.72130099806888
1824,1338,559.0,-45.175,167.975,12.662917900655884,9.308917900655885
1825,1339,1074.0,-45.175,168.025,12.839724793069763,6.395724793069763
1826,1340,898.0,-45.175,168.075,13.030913751834305,7.642913751834305
1827,1824,530.0,-45.225,167.925,12.429075358741102,9.249075358741102
1828,1827,583.0,-45.225,167.975,12.588188385911053,9.090188385911054
1829,1829,1026.0,-45.225,168.025,12.762572673644172,6.606572673644172
1830,1831,804.0,-45.225,168.075,12.949378828372573,8.125378828372575
1831,1890,400.0,-45.275,167.925,12.33820783396368,9.938207833963679
1832,1892,485.0,-45.275,167.975,12.496032430179184,9.586032430179184
1833,1942,707.0,-45.275,168.025,12.667228190752212,8.425228190752211
1834,1943,1051.0,-45.275,168.075,12.84888948520529,6.542889485205291
1835,1341,1137.0,-45.175,168.125,13.233175645349547,6.411175645349548
1836,1342,1101.0,-45.175,168.175,13.442722946463618,6.8367229464636186
1837,1343,1014.0,-45.175,168.225,13.655299967766041,7.57129996776604
1838,1833,1358.0,-45.225,168.125,13.14527506264858,4.99727506264858
1839,1835,615.0,-45.225,168.175,13.346448027761653,9.656448027761654
1840,1837,839.0,-45.225,168.225,13.548593102343148,8.514593102343149
1841,1944,1284.0,-45.275,168.125,13.03764268651139,5.33364268651139
1842,1945,631.0,-45.275,168.175,13.2296372980054,9.4436372980054
1843,1946,991.0,-45.275,168.225,13.420531383977504,7.474531383977505
1844,1344,940.0,-45.175,168.275,13.866157974000089,8.226157974000088
1845,1345,459.0,-45.175,168.325,14.069970704746083,11.315970704746084
1846,1346,808.0,-45.175,168.375,14.260659938445315,9.412659938445316
1847,1347,1286.0,-45.175,168.425,14.43108912432217,6.715089124322171
1848,1838,912.0,-45.225,168.275,13.746877475452493,8.274877475452493
1849,1839,668.0,-45.225,168.325,13.935859328470542,9.927859328470543
1850,1840,1279.0,-45.225,168.375,14.109348873374984,6.435348873374984
1851,1841,1141.0,-45.225,168.425,14.260208909661742,7.414208909661742
1852,1947,679.0,-45.275,168.275,13.605461779457983,9.531461779457983
1853,1948,1040.0,-45.275,168.325,13.778993319181609,7.538993319181609
1854,1949,1296.0,-45.275,168.375,13.935051973807276,6.159051973807276
1855,1951,1236.0,-45.275,168.425,14.06687303770741,6.65087303770741
1856,1119,1445.0,-45.275,168.575,14.24265130153799,5.57265130153799
1857,1348,1468.0,-45.175,168.475,14.57257454120554,5.7645745412055405
1858,1349,1634.0,-45.175,168.525,14.674217518549995,4.870217518549994
1859,1350,1283.0,-45.175,168.575,14.722454878647113,7.024454878647114
1860,1842,1294.0,-45.225,168.475,14.380138427193742,6.616138427193743
1861,1843,539.0,-45.225,168.525,14.459631254518172,11.225631254518172
1862,1844,1175.0,-45.225,168.575,14.488687671459047,7.438687671459047
1863,1952,943.0,-45.275,168.475,14.16705560151604,8.50905560151604
1864,1953,1463.0,-45.275,168.525,14.227934429378365,5.449934429378365
1865,1162,1308.0,-45.275,168.625,14.207332881342154,6.359332881342154
1866,1171,1585.0,-45.275,168.675,14.124115378173883,4.614115378173883
1867,1180,326.0,-45.275,168.725,14.003190722054569,12.04719072205457
1868,1281,464.0,-45.275,168.775,13.861494094147929,11.07749409414793
1869,1351,384.0,-45.175,168.625,14.70282024241169,12.39882024241169
1870,1352,786.0,-45.175,168.675,14.608760460541816,9.892760460541815
1871,1353,308.0,-45.175,168.725,14.456416895860457,12.608416895860458
1872,1354,974.0,-45.175,168.775,14.283463700077846,8.439463700077845
1873,1845,1310.0,-45.225,168.625,14.459479555502185,6.599479555502185
1874,1846,1316.0,-45.225,168.675,14.371870265487814,6.475870265487814
1875,1847,308.0,-45.225,168.725,14.238827238077647,12.390827238077648
1876,1848,938.0,-45.225,168.775,14.084633014950668,8.456633014950668
1877,1283,1754.0,-45.275,168.825,13.718391260932549,3.1943912609325498
1878,1285,1538.0,-45.275,168.875,13.591707547209808,4.363707547209808
1879,1290,835.0,-45.275,168.925,13.496262379485415,8.486262379485416
1880,1298,1396.0,-45.275,168.975,13.444110725089558,5.068110725089559
1881,1355,1895.0,-45.175,168.825,14.126619597634999,2.756619597635
1882,1356,2071.0,-45.175,168.875,14.009491770688328,1.5834917706883278
1883,1357,1405.0,-45.175,168.925,13.947663994636969,5.517663994636969
1884,1358,754.0,-45.175,168.975,13.955837598929065,9.431837598929064
1885,1849,1493.0,-45.225,168.825,13.935736248298781,4.977736248298781
1886,1850,1690.0,-45.225,168.875,13.813814621375059,3.67381462137506
1887,1851,1094.0,-45.225,168.925,13.735516321990872,7.171516321990873
1888,1852,709.0,-45.225,168.975,13.715145946713164,9.461145946713165
1889,1306,1404.0,-45.275,169.025,13.444679555745097,5.020679555745097
1890,1359,944.0,-45.175,169.025,14.051762249160674,8.387762249160675
1891,1360,1181.0,-45.175,169.075,14.25841602915898,7.172416029158979
1892,1361,632.0,-45.175,169.125,14.604769454381312,10.812769454381312
1893,1414,1712.0,-45.275,169.075,13.503372153703822,3.2313721537038216
1894,1418,1320.0,-45.275,169.125,13.617503933550324,5.697503933550325
1895,1853,902.0,-45.225,169.025,13.766678057814715,8.354678057814716
1896,1854,1583.0,-45.225,169.075,13.903764281247277,4.4057642812472775
1897,1855,1218.0,-45.225,169.125,14.136233591329074,6.828233591329074
1898,1362,583.0,-45.175,169.175,15.121221766603412,11.623221766603413
1899,1363,607.0,-45.175,169.225,15.823125488881487,12.181125488881488
1900,1364,642.0,-45.175,169.275,16.695587892609183,12.843587892609182
1901,1365,293.0,-45.175,169.325,17.364478856572532,15.606478856572533
1902,1425,1358.0,-45.275,169.175,13.769344255546457,5.6213442555464574
1903,1426,1127.0,-45.275,169.225,13.923229227686534,7.161229227686534
1904,1427,565.0,-45.275,169.275,14.073375119449338,10.683375119449337
1905,1428,252.0,-45.275,169.325,14.429349550628103,12.917349550628103
1906,1856,778.0,-45.225,169.175,14.459500553552061,9.791500553552062
1907,1857,801.0,-45.225,169.225,14.831102209587698,10.025102209587697
1908,1858,480.0,-45.225,169.275,15.124622677481966,12.244622677481967
1909,1859,173.0,-45.225,169.325,15.40859081048984,14.37059081048984
1910,1366,280.0,-45.175,169.375,17.467109202741995,15.787109202741995
1911,1367,269.0,-45.175,169.425,17.600017433200264,15.986017433200264
1912,1368,180.0,-45.175,169.475,17.647839198820293,16.567839198820295
1913,1429,261.0,-45.275,169.375,15.107890057188342,13.541890057188343
1914,1430,368.0,-45.275,169.425,15.674940967772272,13.466940967772272
1915,1433,330.0,-45.275,169.475,16.00667766141123,14.026677661411231
1916,1860,169.0,-45.225,169.375,16.18863879769924,15.174638797699242
1917,1861,199.0,-45.225,169.425,16.65662469685776,15.462624696857763
1918,1862,225.0,-45.225,169.475,16.865294970280956,15.515294970280957
1919,1077,437.0,-45.225,169.675,16.724496406735852,14.102496406735852
1920,1369,292.0,-45.175,169.525,17.618220566786476,15.866220566786476
1921,1370,468.0,-45.175,169.575,17.531205728155328,14.723205728155328
1922,1371,622.0,-45.175,169.625,17.399934707573266,13.667934707573266
1923,1372,412.0,-45.175,169.675,17.233064227781142,14.761064227781143
1924,1442,361.0,-45.275,169.525,16.182094465068076,14.016094465068075
1925,1449,558.0,-45.275,169.575,16.248768019650015,12.900768019650016
1926,1533,618.0,-45.275,169.625,16.23595000586647,12.52795000586647
1927,1538,624.0,-45.275,169.675,16.16286253608996,12.41886253608996
1928,1863,344.0,-45.225,169.525,16.93895170991891,14.87495170991891
1929,1864,601.0,-45.225,169.575,16.92528534999292,13.319285349992919
1930,1865,450.0,-45.225,169.625,16.848832647665404,14.148832647665404
1931,1152,521.0,-45.225,169.725,16.562331229491974,13.436331229491975
1932,1153,619.0,-45.225,169.775,16.369706826779293,12.655706826779292
1933,1155,870.0,-45.225,169.825,16.152440162739367,10.932440162739368
1934,1373,447.0,-45.175,169.725,17.036775216416572,14.354775216416572
1935,1374,631.0,-45.175,169.775,16.815848171769176,13.029848171769176
1936,1375,1006.0,-45.175,169.825,16.574276439569076,10.538276439569074
1937,1542,739.0,-45.275,169.725,16.042880702152615,11.608880702152616
1938,1545,781.0,-45.275,169.775,15.885852823412279,11.199852823412279
1939,1550,844.0,-45.275,169.825,15.699451262655202,10.635451262655202
1940,1156,894.0,-45.225,169.875,15.915454223155393,10.551454223155392
1941,1159,439.0,-45.225,169.925,15.663194077758817,13.029194077758817
1942,1166,387.0,-45.225,169.975,15.399902322722482,13.077902322722483
1943,1175,375.0,-45.225,170.025,15.129787472906173,12.879787472906173
1944,1376,858.0,-45.175,169.875,16.315655252416036,11.167655252416036
1945,1377,471.0,-45.175,169.925,16.04345787143393,13.217457871433929
1946,1378,404.0,-45.175,169.975,15.761255033008638,13.337255033008638
1947,1379,381.0,-45.175,170.025,15.472899233704084,13.186899233704084
1948,1557,662.0,-45.275,169.875,15.48999406619987,11.51799406619987
1949,1563,401.0,-45.275,169.925,15.262960768086486,12.856960768086488
1950,1569,372.0,-45.275,169.975,15.023313850833802,12.791313850833802
1951,1647,417.0,-45.275,170.025,14.775673304960947,12.273673304960948
1952,1277,388.0,-45.225,170.075,14.8570595230849,12.5290595230849
1953,1291,419.0,-45.225,170.125,14.585760131303687,12.071760131303687
1954,1299,596.0,-45.225,170.175,14.31938872448518,10.743388724485179
1955,1307,584.0,-45.225,170.225,14.060608731058892,10.556608731058892
1956,1380,381.0,-45.175,170.075,15.182631759918877,12.896631759918877
1957,1381,368.0,-45.175,170.125,14.894915111814043,12.686915111814043
1958,1382,409.0,-45.175,170.175,14.613713022728916,12.159713022728916
1959,1383,362.0,-45.175,170.225,14.34167648384755,12.16967648384755
1960,1651,498.0,-45.275,170.075,14.52435272889852,11.536352728898521
1961,1655,735.0,-45.275,170.125,14.273259467983735,9.863259467983735
1962,1659,805.0,-45.275,170.175,14.025717669064761,9.195717669064761
1963,1663,746.0,-45.275,170.225,13.78436859237263,9.30836859237263
1964,1308,482.0,-45.225,170.275,13.811413924282533,10.919413924282534
1965,1309,542.0,-45.225,170.325,13.5736742609879,10.321674260987901
1966,1310,631.0,-45.225,170.375,13.349669413088122,9.563669413088123
1967,1384,379.0,-45.175,170.275,14.080426861983142,11.806426861983141
1968,1385,549.0,-45.175,170.325,13.83161429935717,10.53761429935717
1969,1386,620.0,-45.175,170.375,13.597600835841149,9.87760083584115
1970,1668,340.0,-45.275,170.275,13.55129784795281,11.511297847952811
1971,1672,425.0,-45.275,170.325,13.32837657078926,10.77837657078926
1972,1677,691.0,-45.275,170.375,13.11768083035713,8.97168083035713
1973,1311,491.0,-45.225,170.425,13.142443567092414,10.196443567092414
1974,1312,503.0,-45.225,170.475,12.956031103021814,9.938031103021814
1975,1313,775.0,-45.225,170.525,12.795588525870699,8.1455885258707
1976,1314,852.0,-45.225,170.575,12.66735079427599,7.5553507942759905
1977,1387,757.0,-45.175,170.425,13.381659908714937,8.839659908714937
1978,1388,1345.0,-45.175,170.475,13.187979166250443,5.117979166250445
1979,1389,1105.0,-45.175,170.525,13.021566143637756,6.391566143637756
1980,1390,744.0,-45.175,170.575,12.887999615399167,8.423999615399167
1981,1682,642.0,-45.275,170.425,12.92189918315853,9.06989918315853
1982,1686,381.0,-45.275,170.475,12.744727949175285,10.458727949175286
1983,1690,413.0,-45.275,170.525,12.591265480834409,10.113265480834409
1984,1694,606.0,-45.275,170.575,12.468321474239929,8.83232147423993
1985,1315,840.0,-45.225,170.625,12.57819473669224,7.5381947366922395
1986,1316,567.0,-45.225,170.675,12.534538989362773,9.132538989362773
1987,1317,326.0,-45.225,170.725,12.540581377455965,10.584581377455965
1988,1391,492.0,-45.175,170.625,12.792906765156658,9.840906765156658
1989,1392,541.0,-45.175,170.675,12.741087549293297,9.495087549293297
1990,1393,237.0,-45.175,170.725,12.735406214633258,11.313406214633257
1991,1699,703.0,-45.275,170.625,12.384324664570158,8.166324664570158
1992,1705,339.0,-45.275,170.675,12.348172675803653,10.314172675803654
1993,1711,325.0,-45.275,170.725,12.366448472457705,10.416448472457706
1994,1318,98.0,-45.225,170.775,12.596591087902198,12.008591087902198
1995,1319,57.0,-45.225,170.825,12.698437306156848,12.356437306156847
1996,1394,52.0,-45.175,170.775,12.77586571687425,12.46386571687425
1997,1395,26.0,-45.175,170.825,12.859373317071004,12.703373317071003
1998,1716,56.0,-45.275,170.775,12.44001124719216,12.10401124719216
1999,1787,21.0,-45.275,170.825,12.562937726310338,12.436937726310338
2000,2062,20.0,-45.175,170.875,12.980351461243117,12.860351461243118
2001,2114,884.0,-45.125,167.025,13.618181114958134,8.314181114958135
2002,2124,457.0,-45.125,167.075,13.414882288838271,10.67288228883827
2003,2228,437.0,-45.125,167.125,13.212311294482788,10.590311294482788
2004,2231,687.0,-45.125,167.175,13.016464261367219,8.894464261367219
2005,2530,375.0,-44.975,167.175,13.293016271840315,11.043016271840315
2006,2798,621.0,-45.025,167.125,13.404605191375595,9.678605191375595
2007,2981,864.0,-45.075,167.075,13.514488578919554,8.330488578919553
2008,2982,535.0,-45.075,167.125,13.318941352859838,10.108941352859839
2009,2983,907.0,-45.075,167.175,13.128146502072923,7.686146502072923
2010,2251,936.0,-45.125,167.225,12.832232571017812,7.216232571017812
2011,2256,395.0,-45.125,167.275,12.66356575617101,10.29356575617101
2012,2264,913.0,-45.125,167.325,12.513545280031394,7.035545280031394
2013,2531,160.0,-44.975,167.225,13.119832947559189,12.159832947559188
2014,2532,1165.0,-44.975,167.275,12.956185796036152,5.966185796036152
2015,2533,411.0,-44.975,167.325,12.805143779653008,10.339143779653007
2016,2799,104.0,-45.025,167.225,13.04212847724557,12.418128477245569
2017,2800,530.0,-45.025,167.275,12.87607847104664,9.69607847104664
2018,2801,110.0,-45.025,167.325,12.724555119231809,12.064555119231809
2019,2984,1240.0,-45.075,167.225,12.9468804661592,5.506880466159201
2020,2985,1047.0,-45.075,167.275,12.779052469297312,6.497052469297312
2021,2986,148.0,-45.075,167.325,12.627789788268274,11.739789788268274
2022,2272,221.0,-45.125,167.375,12.384454599261517,11.058454599261516
2023,2380,1383.0,-45.125,167.425,12.277887463307707,3.9798874633077066
2024,2392,260.0,-45.125,167.475,12.1948944311589,10.6348944311589
2025,2490,749.0,-45.125,167.525,12.136140859191073,7.642140859191073
2026,2534,651.0,-44.975,167.375,12.669264450669289,8.76326445066929
2027,2535,60.0,-44.975,167.475,12.451077886653366,12.091077886653366
2028,2536,474.0,-44.975,167.525,12.371997222478967,9.527997222478968
2029,2802,228.0,-45.025,167.375,12.590083924413193,11.222083924413193
2030,2803,426.0,-45.025,167.425,12.47467033014982,9.918670330149821
2031,2804,417.0,-45.025,167.475,12.379900703497697,9.877900703497698
2032,2805,822.0,-45.025,167.525,12.307049327850109,7.375049327850109
2033,2987,172.0,-45.075,167.375,12.49552114630933,11.46352114630933
2034,2988,897.0,-45.075,167.425,12.384077408554731,7.00207740855473
2035,2989,935.0,-45.075,167.475,12.29481165483594,6.68481165483594
2036,2990,1166.0,-45.075,167.525,12.228725900436984,5.232725900436985
2037,2494,737.0,-45.125,167.575,12.102044942541397,7.6800449425413975
2038,2500,827.0,-45.125,167.625,12.092874590816791,7.130874590816791
2039,2506,1286.0,-45.125,167.675,12.1087947836495,4.392794783649501
2040,2537,710.0,-44.975,167.575,12.31471683777636,8.05471683777636
2041,2538,1194.0,-44.975,167.625,12.280440767746768,5.116440767746768
2042,2539,704.0,-44.975,167.675,12.270340538147138,8.046340538147138
2043,2540,1015.0,-44.975,167.725,12.285581329721026,6.195581329721026
2044,2602,560.0,-45.125,167.725,12.149865646118997,8.789865646118997
2045,2806,1140.0,-45.025,167.575,12.257179531065049,5.417179531065049
2046,2807,912.0,-45.025,167.625,12.231226517265895,6.759226517265896
2047,2808,1574.0,-45.025,167.675,12.230049939040327,2.7860499390403284
2048,2809,490.0,-45.025,167.725,12.25444381579291,9.314443815792911
2049,2991,218.0,-45.075,167.575,12.186586132957018,10.878586132957018
2050,2992,1667.0,-45.075,167.625,12.169009551929776,2.167009551929775
2051,2993,1104.0,-45.075,167.675,12.176512923222617,5.552512923222618
2052,2994,726.0,-45.075,167.725,12.20951507150312,7.85351507150312
2053,2541,1167.0,-44.975,167.775,12.32728784334904,5.325287843349041
2054,2542,830.0,-44.975,167.825,12.396419677505037,7.416419677505036
2055,2543,473.0,-44.975,167.875,12.493535708606942,9.65553570860694
2056,2606,1174.0,-45.125,167.775,12.215995901933638,5.171995901933639
2057,2613,204.0,-45.125,167.825,12.306859901669668,11.082859901669668
2058,2615,260.0,-45.125,167.875,12.421791743690846,10.861791743690846
2059,2810,957.0,-45.025,167.775,12.305090383189963,6.563090383189963
2060,2811,922.0,-45.025,167.825,12.382446885312675,6.8504468853126745
2061,2812,204.0,-45.025,167.875,12.486567589308834,11.262567589308834
2062,2995,973.0,-45.075,167.775,12.268289566098247,6.430289566098247
2063,2996,312.0,-45.075,167.825,12.352868446090724,10.480868446090724
2064,2997,528.0,-45.075,167.875,12.46290783843142,9.29490783843142
2065,2064,1262.0,-45.075,168.075,13.130472907039803,5.558472907039803
2066,2544,597.0,-44.975,167.925,12.618473985305172,9.036473985305172
2067,2545,1207.0,-44.975,167.975,12.770053225831361,5.5280532258313615
2068,2546,452.0,-44.975,168.025,12.945943511091173,10.233943511091173
2069,2547,1388.0,-44.975,168.075,13.142776437554858,4.814776437554858
2070,2617,275.0,-45.125,167.925,12.559676722885342,10.909676722885342
2071,2622,738.0,-45.125,167.975,12.718864433976705,8.290864433976704
2072,2688,1135.0,-45.125,168.025,12.89712401588622,6.0871240158862205
2073,2731,1026.0,-45.125,168.075,13.091648659217753,6.935648659217754
2074,2813,662.0,-45.025,167.925,12.616892063990235,8.644892063990236
2075,2814,1375.0,-45.025,167.975,12.772064153163228,4.522064153163228
2076,2815,882.0,-45.025,168.025,12.949853545520455,7.657853545520455
2077,2816,675.0,-45.025,168.075,13.147210962197278,9.097210962197277
2078,2998,947.0,-45.075,167.925,12.59754154208349,6.91554154208349
2079,2999,376.0,-45.075,167.975,12.755261727405014,10.499261727405013
2080,3000,933.0,-45.075,168.025,12.933864185994025,7.3358641859940255
2081,2123,1378.0,-45.075,168.125,13.341626161942258,5.07362616194226
2082,2229,1692.0,-45.075,168.175,13.56338395664352,3.411383956643519
2083,2232,731.0,-45.075,168.225,13.791414776118472,9.405414776118473
2084,2548,1512.0,-44.975,168.125,13.356417150760535,4.284417150760536
2085,2549,1511.0,-44.975,168.175,13.582247348545934,4.516247348545935
2086,2550,496.0,-44.975,168.225,13.81535141193308,10.83935141193308
2087,2745,905.0,-45.125,168.125,13.299098802352091,7.869098802352091
2088,2746,1227.0,-45.125,168.175,13.51565994869452,6.1536599486945205
2089,2747,822.0,-45.125,168.225,13.737086475943215,8.805086475943215
2090,2817,1637.0,-45.025,168.125,13.360421949226293,3.538421949226292
2091,2818,1477.0,-45.025,168.175,13.585284650471294,4.723284650471294
2092,2819,1196.0,-45.025,168.225,13.817244855657918,6.641244855657918
2093,2238,1001.0,-45.075,168.275,14.021030698815593,8.015030698815593
2094,2240,847.0,-45.075,168.325,14.247150039853295,9.165150039853295
2095,2245,756.0,-45.075,168.375,14.464165083889384,9.928165083889384
2096,2258,308.0,-45.075,168.425,14.665670865579159,12.81767086557916
2097,2551,777.0,-44.975,168.275,14.050573541404447,9.388573541404448
2098,2552,1708.0,-44.975,168.325,14.282452118874062,4.0344521188740625
2099,2553,308.0,-44.975,168.375,14.505031773049268,12.657031773049269
2100,2554,308.0,-44.975,168.425,14.711516072769882,12.863516072769883
2101,2748,843.0,-45.125,168.275,13.958704662218224,8.900704662218224
2102,2750,1670.0,-45.125,168.325,14.175349407014437,4.1553494070144374
2103,2753,412.0,-45.125,168.375,14.381201798649272,11.909201798649272
2104,2757,537.0,-45.125,168.425,14.569469221052714,11.347469221052714
2105,2820,1338.0,-45.025,168.275,14.05145282112062,6.023452821120619
2106,2821,1051.0,-45.025,168.325,14.282729417114751,7.976729417114751
2107,2822,889.0,-45.025,168.375,14.505430947247078,9.171430947247078
2108,2823,308.0,-45.025,168.425,14.713180609149276,12.865180609149277
2109,2268,725.0,-45.075,168.475,14.843950318492716,10.493950318492717
2110,2276,308.0,-45.075,168.525,14.988943085772917,13.140943085772918
2111,2377,308.0,-45.075,168.575,15.085867203306407,13.237867203306408
2112,2555,724.0,-44.975,168.475,14.893644544179551,10.54964454417955
2113,2556,1464.0,-44.975,168.525,15.040489202539902,6.2564892025399015
2114,2557,582.0,-44.975,168.575,15.135841043767869,11.643841043767868
2115,2761,379.0,-45.125,168.475,14.731788586796029,12.457788586796028
2116,2765,495.0,-45.125,168.525,14.857104284412344,11.887104284412343
2117,2769,923.0,-45.125,168.575,14.92960530827986,9.39160530827986
2118,2824,1532.0,-45.025,168.475,14.898379526202916,5.706379526202916
2119,2825,1035.0,-45.025,168.525,15.051270419731736,8.841270419731735
2120,2826,607.0,-45.025,168.575,15.157884387284867,11.515884387284867
2121,2390,308.0,-45.075,168.625,15.108340395585401,13.260340395585402
2122,2486,308.0,-45.075,168.675,15.002126845371095,13.154126845371096
2123,2493,400.0,-45.075,168.725,14.769324433829752,12.369324433829751
2124,2499,637.0,-45.075,168.775,14.546279816117021,10.724279816117022
2125,2558,954.0,-44.975,168.625,15.152177511175978,9.428177511175978
2126,2559,752.0,-44.975,168.675,15.04776752498583,10.535767524985829
2127,2560,414.0,-44.975,168.725,14.839480951079167,12.355480951079167
2128,2561,420.0,-44.975,168.775,14.651687199730077,12.131687199730077
2129,2773,1572.0,-45.125,168.625,14.926235432430985,5.494235432430985
2130,2778,665.0,-45.125,168.675,14.824193262160406,10.834193262160406
2131,2781,308.0,-45.125,168.725,14.640815784514416,12.792815784514417
2132,2785,1187.0,-45.125,168.775,14.442422326057567,7.320422326057568
2133,2827,879.0,-45.025,168.625,15.194162664396572,9.920162664396573
2134,2828,661.0,-45.025,168.675,15.091576931532472,11.125576931532471
2135,2829,308.0,-45.025,168.725,14.818276692865766,12.970276692865767
2136,2830,785.0,-45.025,168.775,14.60024503232853,9.89024503232853
2137,2505,1786.0,-45.075,168.825,14.388578968093498,3.6725789680934984
2138,2562,459.0,-44.975,168.825,14.530168130833772,11.776168130833772
2139,2563,641.0,-44.975,168.875,14.46300597312802,10.61700597312802
2140,2564,1315.0,-44.975,168.925,14.451446446066257,6.561446446066257
2141,2565,1026.0,-44.975,168.975,14.503632033563918,8.347632033563919
2142,2614,1499.0,-45.075,168.875,14.292298507425585,5.298298507425585
2143,2618,960.0,-45.075,168.925,14.259668195794802,8.499668195794802
2144,2623,888.0,-45.075,168.975,14.30094648207887,8.972946482078871
2145,2789,2051.0,-45.125,168.825,14.279230501881102,1.9732305018811012
2146,2793,1433.0,-45.125,168.875,14.169420396690839,5.57142039669084
2147,2831,1000.0,-45.025,168.825,14.465568839921616,8.465568839921616
2148,2832,1126.0,-45.025,168.875,14.386459827874205,7.630459827874206
2149,2833,537.0,-45.025,168.925,14.366047012677882,11.144047012677882
2150,2834,325.0,-45.025,168.975,14.414018556693918,12.464018556693919
2151,2878,917.0,-45.125,168.925,14.122691453405423,8.620691453405424
2152,2941,962.0,-45.125,168.975,14.151611778972438,8.37961177897244
2153,2566,833.0,-44.975,169.025,14.631043537941878,9.633043537941877
2154,2567,973.0,-44.975,169.075,14.848172933969181,9.01017293396918
2155,2568,1198.0,-44.975,169.125,15.175040098984027,7.987040098984028
2156,2689,396.0,-45.075,169.025,14.432026657581446,12.056026657581446
2157,2691,782.0,-45.075,169.075,14.674750152538763,9.982750152538763
2158,2693,302.0,-45.075,169.125,15.059819306799909,13.24781930679991
2159,2835,466.0,-45.025,169.025,14.543574718627497,11.747574718627497
2160,2836,889.0,-45.025,169.075,14.770834558148636,9.436834558148636
2161,2837,605.0,-45.025,169.125,15.115643086654018,11.485643086654019
2162,2942,1196.0,-45.125,169.025,14.2744506514573,7.0984506514573
2163,2943,1083.0,-45.125,169.075,14.517569703151821,8.01956970315182
2164,2944,719.0,-45.125,169.125,14.919542626405018,10.605542626405018
2165,2108,196.0,-45.025,169.225,16.36010983210872,15.18410983210872
2166,2118,595.0,-45.025,169.275,17.21803954783536,13.64803954783536
2167,2127,1283.0,-45.025,169.325,17.920180987450294,10.222180987450294
2168,2569,337.0,-44.975,169.175,15.645660763519118,13.623660763519117
2169,2570,302.0,-44.975,169.225,16.292478845774895,14.480478845774895
2170,2571,325.0,-44.975,169.275,17.02427400421584,15.074274004215841
2171,2572,734.0,-44.975,169.325,17.677734912896995,13.273734912896995
2172,2695,199.0,-45.075,169.175,15.637056979889167,14.443056979889167
2173,2697,201.0,-45.075,169.225,16.468408995307982,15.262408995307982
2174,2699,598.0,-45.075,169.275,17.394804370531347,13.806804370531346
2175,2701,1014.0,-45.075,169.325,18.09966878288833,12.01566878288833
2176,2838,316.0,-45.025,169.175,15.610170320331235,13.714170320331235
2177,2945,368.0,-45.125,169.175,15.532778095759568,13.324778095759568
2178,2946,602.0,-45.125,169.225,16.388146159108146,12.776146159108146
2179,2947,987.0,-45.125,169.275,17.365863175087725,11.443863175087724
2180,2948,355.0,-45.125,169.325,18.05163516641187,15.921635166411871
2181,2237,1455.0,-45.025,169.375,18.37165551588987,9.64165551588987
2182,2239,1427.0,-45.025,169.425,18.600347149855224,10.038347149855225
2183,2241,772.0,-45.025,169.475,18.675465248859837,14.043465248859837
2184,2573,1085.0,-44.975,169.375,18.16236254031537,11.652362540315371
2185,2574,1235.0,-44.975,169.425,18.46718418529781,11.05718418529781
2186,2575,850.0,-44.975,169.475,18.622932134137955,13.522932134137955
2187,2703,1157.0,-45.075,169.375,18.45780405604455,11.515804056044551
2188,2705,599.0,-45.075,169.425,18.575822882252396,14.981822882252397
2189,2706,359.0,-45.075,169.475,18.56893303891411,16.41493303891411
2190,2949,519.0,-45.125,169.375,18.249900245136814,15.135900245136813
2191,2950,399.0,-45.125,169.425,18.27413016858918,15.880130168589181
2192,2951,319.0,-45.125,169.475,18.235792311257683,16.32179231125768
2193,2247,431.0,-45.025,169.525,18.651186960574705,16.065186960574707
2194,2252,376.0,-45.025,169.575,18.560009392997017,16.304009392997017
2195,2255,380.0,-45.025,169.625,18.4206764682458,16.1406764682458
2196,2263,378.0,-45.025,169.675,18.244404377837782,15.976404377837781
2197,2576,813.0,-44.975,169.525,18.667499990580836,13.789499990580836
2198,2577,848.0,-44.975,169.575,18.63114553228661,13.543145532286609
2199,2578,489.0,-44.975,169.625,18.534831914454116,15.600831914454117
2200,2579,409.0,-44.975,169.675,18.39250698914111,15.93850698914111
2201,2708,323.0,-45.075,169.525,18.490204013403854,16.552204013403855
2202,2711,323.0,-45.075,169.575,18.362542466755258,16.42454246675526
2203,2713,356.0,-45.075,169.625,18.19785154305282,16.06185154305282
2204,2715,398.0,-45.075,169.675,18.003291057320894,15.615291057320894
2205,2952,269.0,-45.125,169.525,18.1481554578786,16.5341554578786
2206,2953,282.0,-45.125,169.575,18.019318116130307,16.327318116130307
2207,2954,460.0,-45.125,169.625,17.85632049367996,15.09632049367996
2208,2955,456.0,-45.125,169.675,17.664522140359622,14.928522140359622
2209,2271,358.0,-45.025,169.725,18.038296543541946,15.890296543541947
2210,2381,514.0,-45.025,169.775,17.80717837717384,14.723178377173841
2211,2385,549.0,-45.025,169.825,17.554641503214953,14.260641503214952
2212,2580,413.0,-44.975,169.725,18.213488764857175,15.735488764857175
2213,2581,402.0,-44.975,169.775,18.00419923289155,15.592199232891552
2214,2582,508.0,-44.975,169.825,17.769335905948537,14.721335905948537
2215,2716,521.0,-45.075,169.725,17.783614420404774,14.657614420404775
2216,2718,433.0,-45.075,169.775,17.542291506950278,14.944291506950279
2217,2720,436.0,-45.075,169.825,17.28214000169828,14.666140001698281
2218,2956,401.0,-45.125,169.725,17.44801163567172,15.04201163567172
2219,2957,437.0,-45.125,169.775,17.210094724825467,14.588094724825467
2220,2958,781.0,-45.125,169.825,16.953659884791705,12.267659884791705
2221,2391,470.0,-45.025,169.875,17.283682132314425,14.463682132314425
2222,2483,766.0,-45.025,169.925,16.9971211226366,12.4011211226366
2223,2487,557.0,-45.025,169.975,16.697910057628178,13.355910057628178
2224,2498,564.0,-45.025,170.025,16.389408015049412,13.005408015049412
2225,2583,691.0,-44.975,169.875,17.512664539608522,13.366664539608522
2226,2584,574.0,-44.975,169.925,17.23756512714317,13.793565127143172
2227,2585,570.0,-44.975,169.975,16.947423956764396,13.527423956764396
2228,2586,691.0,-44.975,170.025,16.64597077082726,12.499970770827261
2229,2722,862.0,-45.075,169.875,17.005721246896428,11.833721246896427
2230,2725,567.0,-45.075,169.925,16.715618350106524,13.313618350106525
2231,2727,479.0,-45.075,169.975,16.414666537748417,13.540666537748416
2232,2728,499.0,-45.075,170.025,16.106204137176974,13.112204137176974
2233,2959,791.0,-45.125,169.875,16.681446075628628,11.93544607562863
2234,2960,480.0,-45.125,169.925,16.39625686009822,13.51625686009822
2235,2961,422.0,-45.125,169.975,16.101160088481265,13.569160088481265
2236,2962,423.0,-45.125,170.025,15.799714154942194,13.261714154942194
2237,2504,640.0,-45.025,170.075,16.075754388482892,12.235754388482892
2238,2510,642.0,-45.025,170.125,15.762751255373587,11.910751255373587
2239,2511,586.0,-45.025,170.175,15.46149914767011,11.94549914767011
2240,2512,534.0,-45.025,170.225,15.172422148491023,11.968422148491022
2241,2587,884.0,-44.975,170.075,16.337728423430235,11.033728423430237
2242,2588,945.0,-44.975,170.125,16.028868450564914,10.358868450564916
2243,2589,721.0,-44.975,170.175,15.726904300798196,11.400904300798196
2244,2590,606.0,-44.975,170.225,15.434184864279814,11.798184864279815
2245,2730,509.0,-45.075,170.075,15.794472229696112,12.740472229696111
2246,2737,519.0,-45.075,170.125,15.485488521138905,12.371488521138904
2247,2739,499.0,-45.075,170.175,15.186968659545528,12.192968659545528
2248,2742,480.0,-45.075,170.225,14.90074682753766,12.02074682753766
2249,2963,438.0,-45.125,170.075,15.49624989030417,12.86824989030417
2250,2964,439.0,-45.125,170.125,15.196015585737769,12.562015585737768
2251,2965,417.0,-45.125,170.175,14.904083108296618,12.402083108296619
2252,2966,419.0,-45.125,170.225,14.622957359111751,12.108957359111752
2253,2109,817.0,-44.975,170.325,14.877094010837027,9.975094010837026
2254,2119,1223.0,-44.975,170.375,14.618138270147028,7.280138270147028
2255,2513,503.0,-45.025,170.275,14.892900185266626,11.874900185266625
2256,2514,848.0,-45.025,170.325,14.624748715214082,9.536748715214081
2257,2515,1069.0,-45.025,170.375,14.371272463569767,7.957272463569767
2258,2591,627.0,-44.975,170.275,15.150286858377513,11.388286858377512
2259,2749,469.0,-45.075,170.275,14.625553209232748,11.811553209232748
2260,2754,573.0,-45.075,170.325,14.362595253653126,10.924595253653125
2261,2758,1155.0,-45.075,170.375,14.114723263090127,7.1847232630901265
2262,2967,441.0,-45.125,170.275,14.353312182982336,11.707312182982335
2263,2968,477.0,-45.125,170.325,14.096418865650776,11.234418865650776
2264,2969,674.0,-45.125,170.375,13.854758767789463,9.810758767789462
2265,2128,974.0,-44.975,170.425,14.3777924952592,8.533792495259199
2266,2227,653.0,-44.975,170.475,14.160749006987317,10.242749006987317
2267,2233,461.0,-44.975,170.525,13.971620536452974,11.205620536452974
2268,2248,300.0,-44.975,170.575,13.8146026829927,12.014602682992699
2269,2516,860.0,-45.025,170.425,14.136601292033447,8.976601292033447
2270,2517,669.0,-45.025,170.475,13.92528610782756,9.91128610782756
2271,2518,461.0,-45.025,170.525,13.741951708085253,10.975951708085253
2272,2519,519.0,-45.025,170.575,13.5909518180124,10.476951818012399
2273,2762,1352.0,-45.075,170.425,13.885757107083919,5.773757107083918
2274,2766,612.0,-45.075,170.475,13.680113065711339,10.008113065711338
2275,2770,734.0,-45.075,170.525,13.50248627003748,9.09848627003748
2276,2774,478.0,-45.075,170.575,13.357496538112173,10.489496538112173
2277,2970,1107.0,-45.125,170.425,13.631838362111012,6.989838362111011
2278,2971,814.0,-45.125,170.475,13.431949531150167,8.547949531150167
2279,2972,854.0,-45.125,170.525,13.259919069692842,8.135919069692843
2280,2973,570.0,-45.125,170.575,13.120770637397072,9.700770637397072
2281,2253,241.0,-44.975,170.625,13.693170819518855,12.247170819518855
2282,2261,243.0,-44.975,170.675,13.609807300483226,12.151807300483226
2283,2269,288.0,-44.975,170.725,13.56577787095739,11.83777787095739
2284,2520,406.0,-45.025,170.625,13.476008029305376,11.040008029305376
2285,2521,223.0,-45.025,170.675,13.399844896383001,12.061844896383002
2286,2522,179.0,-45.025,170.725,13.363867438951274,12.289867438951275
2287,2777,561.0,-45.075,170.625,13.249260040276567,9.883260040276568
2288,2782,358.0,-45.075,170.675,13.180900075531099,11.0329000755311
2289,2786,158.0,-45.075,170.725,13.154074271966238,12.206074271966237
2290,2974,472.0,-45.125,170.625,13.019230125108152,10.187230125108151
2291,2975,294.0,-45.125,170.675,12.959066777315456,11.195066777315457
2292,2976,217.0,-45.125,170.725,12.942380085252807,11.640380085252808
2293,2277,160.0,-44.975,170.775,13.56099046910822,12.600990469108218
2294,2278,216.0,-44.975,170.825,13.593966021056985,12.297966021056986
2295,2279,198.0,-44.975,170.875,13.661929797861376,12.473929797861375
2296,2280,240.0,-44.975,170.925,13.761004909028998,12.321004909028998
2297,2523,173.0,-45.025,170.775,13.367948975675972,12.329948975675972
2298,2524,119.0,-45.025,170.825,13.410387412513955,12.696387412513955
2299,2525,62.0,-45.025,170.875,13.488044916084618,13.116044916084618
2300,2526,141.0,-45.025,170.925,13.59663241256203,12.75063241256203
2301,2790,83.0,-45.075,170.775,13.16864462569356,12.67064462569356
2302,2794,108.0,-45.075,170.825,13.222605248098262,12.574605248098262
2303,2795,40.0,-45.075,170.875,13.312297925935127,13.072297925935127
2304,2796,80.0,-45.075,170.925,13.43283830184373,12.95283830184373
2305,2977,80.0,-45.125,170.775,12.969062623684295,12.489062623684294
2306,2978,33.0,-45.125,170.825,13.036673692025943,12.838673692025942
2307,2979,16.0,-45.125,170.875,13.140789254699484,13.044789254699484
2308,2980,40.0,-45.125,170.925,13.275667582682217,13.035667582682217
2309,2281,55.0,-44.975,170.975,13.886471245030407,13.556471245030407
2310,2282,43.0,-44.975,171.025,14.033051104634069,13.77505110463407
2311,2283,29.0,-44.975,171.075,14.19519327909802,14.021193279098021
2312,2527,158.0,-45.025,170.975,13.731067624947173,12.783067624947172
2313,2528,38.0,-45.025,171.025,13.885836923902389,13.657836923902389
2314,2529,20.0,-45.025,171.075,14.055316366560874,13.935316366560874
2315,2797,71.0,-45.075,170.975,13.578617983715958,13.152617983715958
2316,2284,850.0,-44.925,167.275,13.021295491111232,7.921295491111232
2317,2285,445.0,-44.925,167.325,12.871277253114386,10.201277253114386
2318,2361,553.0,-44.875,167.325,12.924919670942472,9.606919670942473
2319,2286,164.0,-44.925,167.425,12.613522747778916,11.629522747778916
2320,2287,529.0,-44.925,167.475,12.509777763363672,9.335777763363673
2321,2288,625.0,-44.925,167.525,12.425011544197332,8.675011544197332
2322,2362,575.0,-44.875,167.425,12.665076241493807,9.215076241493808
2323,2363,503.0,-44.875,167.475,12.557820815854939,9.539820815854938
2324,2656,119.0,-44.825,167.425,12.707327799435006,11.993327799435006
2325,2657,622.0,-44.825,167.475,12.59726673986006,8.865266739860061
2326,2724,532.0,-44.775,167.525,12.532576596087893,9.340576596087892
2327,2289,878.0,-44.925,167.575,12.360689244378591,7.092689244378591
2328,2290,1182.0,-44.925,167.625,12.318217457897845,5.226217457897845
2329,2291,878.0,-44.925,167.675,12.29902295130887,7.031022951308871
2330,2292,812.0,-44.925,167.725,12.304608089893009,7.43260808989301
2331,2364,618.0,-44.875,167.575,12.397094459098298,8.689094459098298
2332,2365,301.0,-44.875,167.625,12.346711636419059,10.54071163641906
2333,2366,1451.0,-44.875,167.675,12.318424144104938,3.6124241441049385
2334,2367,669.0,-44.875,167.725,12.313994596232078,8.299994596232079
2335,2658,733.0,-44.825,167.575,12.426301087340107,8.028301087340108
2336,2659,391.0,-44.825,167.625,12.368554681175738,10.022554681175738
2337,2660,1595.0,-44.825,167.675,12.331491956021637,2.761491956021638
2338,2661,1418.0,-44.825,167.725,12.317010187951382,3.809010187951383
2339,2726,643.0,-44.775,167.575,12.450859173492063,8.592859173492062
2340,2729,723.0,-44.775,167.675,12.34162161234417,8.003621612344169
2341,2732,1218.0,-44.775,167.725,12.317633440266945,5.009633440266946
2342,2063,997.0,-44.875,167.775,12.335418429400306,6.353418429400306
2343,2120,1589.0,-44.875,167.825,12.384889476932585,2.8508894769325845
2344,2129,950.0,-44.875,167.875,12.464502603543224,6.764502603543224
2345,2293,241.0,-44.925,167.775,12.336551675398368,10.890551675398369
2346,2294,950.0,-44.925,167.825,12.396398766562925,6.6963987665629245
2347,2295,720.0,-44.925,167.875,12.485367771208985,8.165367771208984
2348,2662,1302.0,-44.825,167.775,12.32739521341864,4.515395213418641
2349,2663,1325.0,-44.825,167.825,12.365457257197704,4.415457257197705
2350,2664,1212.0,-44.825,167.875,12.434413762734039,5.162413762734039
2351,2733,1044.0,-44.775,167.775,12.317043090690277,6.053043090690277
2352,2735,664.0,-44.775,167.825,12.343013993813656,8.359013993813656
2353,2738,254.0,-44.775,167.875,12.399935880530393,10.875935880530392
2354,2230,1765.0,-44.875,167.925,12.57551871908072,1.985518719080721
2355,2246,1618.0,-44.875,167.975,12.717362070718082,3.0093620707180815
2356,2260,1022.0,-44.875,168.025,12.887114115001168,6.7551141150011675
2357,2267,1043.0,-44.875,168.075,13.08001914799388,6.82201914799388
2358,2296,211.0,-44.925,167.925,12.603858408605447,11.337858408605447
2359,2297,1040.0,-44.925,167.975,12.75092287856387,6.5109228785638695
2360,2298,398.0,-44.925,168.025,12.924025546089979,10.536025546089979
2361,2299,1267.0,-44.925,168.075,13.119268845563056,5.5172688455630565
2362,2665,1330.0,-44.825,167.925,12.536945897038095,4.556945897038094
2363,2666,940.0,-44.825,167.975,12.673183372273343,7.033183372273343
2364,2667,1240.0,-44.825,168.025,12.839459706476191,5.399459706476192
2365,2668,789.0,-44.825,168.075,13.029600209367345,8.295600209367345
2366,2743,1656.0,-44.775,167.925,12.49289426044561,2.5568942604456115
2367,2751,1614.0,-44.775,167.975,12.6236188171315,2.9396188171315014
2368,2755,1295.0,-44.775,168.025,12.786758675123565,5.016758675123565
2369,2759,1420.0,-44.775,168.075,12.97378439581371,4.4537843958137096
2370,2275,1140.0,-44.875,168.125,13.290449771273416,6.450449771273416
2371,2300,1398.0,-44.925,168.125,13.33189236279577,4.94389236279577
2372,2301,560.0,-44.925,168.175,13.556717617873801,10.196717617873801
2373,2302,1224.0,-44.925,168.225,13.788378185185138,6.444378185185139
2374,2368,1498.0,-44.875,168.175,13.512578081164975,4.524578081164975
2375,2369,1333.0,-44.875,168.225,13.740597869866178,5.742597869866179
2376,2669,913.0,-44.825,168.125,13.236874795460608,7.758874795460607
2377,2670,1029.0,-44.825,168.175,13.454850999318296,7.280850999318297
2378,2671,1141.0,-44.825,168.225,13.677433941920754,6.8314339419207535
2379,2763,703.0,-44.775,168.125,13.176858614970115,8.958858614970115
2380,2767,1073.0,-44.775,168.175,13.389245137223043,6.951245137223043
2381,2771,1582.0,-44.775,168.225,13.604844545945525,4.112844545945526
2382,2303,1380.0,-44.925,168.275,14.021345479559386,5.741345479559387
2383,2304,407.0,-44.925,168.325,14.249803974686074,11.807803974686074
2384,2305,308.0,-44.925,168.375,14.467398778084316,12.619398778084317
2385,2306,326.0,-44.925,168.425,14.666827088643913,12.710827088643914
2386,2370,824.0,-44.875,168.275,13.968666840955848,9.024666840955849
2387,2371,1277.0,-44.875,168.325,14.190711071540136,6.528711071540137
2388,2372,308.0,-44.875,168.375,14.400144419909338,12.55214441990934
2389,2373,631.0,-44.875,168.425,14.589505423864466,10.803505423864467
2390,2672,2020.0,-44.825,168.275,13.898650242495933,1.7786502424959334
2391,2673,664.0,-44.825,168.325,14.112389546033228,10.128389546033228
2392,2674,319.0,-44.825,168.375,14.312150273748557,12.398150273748557
2393,2675,911.0,-44.825,168.425,14.490811358802603,9.024811358802603
2394,2775,1478.0,-44.775,168.275,13.817795422393829,4.94979542239383
2395,2779,350.0,-44.775,168.325,14.022199657323654,11.922199657323654
2396,2783,943.0,-44.775,168.375,14.21194196131546,8.553941961315461
2397,2787,517.0,-44.775,168.425,14.380617435352178,11.278617435352178
2398,2307,1470.0,-44.925,168.475,14.839184463591664,6.019184463591666
2399,2308,781.0,-44.925,168.525,14.972920240616077,10.286920240616077
2400,2309,1193.0,-44.925,168.575,15.052412496719626,7.894412496719626
2401,2374,1733.0,-44.875,168.475,14.750018279271899,4.352018279271901
2402,2375,1083.0,-44.875,168.525,14.87120821615099,8.373208216150989
2403,2378,1484.0,-44.875,168.575,14.941194125436596,6.037194125436596
2404,2676,1763.0,-44.825,168.475,14.640507233169046,4.062507233169047
2405,2677,1522.0,-44.825,168.525,14.752843072230462,5.620843072230462
2406,2678,1171.0,-44.825,168.575,14.820002111489885,7.794002111489884
2407,2791,1112.0,-44.775,168.475,14.521654400450643,7.849654400450643
2408,2839,1692.0,-44.775,168.525,14.628822700309684,4.4768227003096825
2409,2840,1484.0,-44.775,168.575,14.697408173771692,5.793408173771692
2410,2310,513.0,-44.925,168.625,15.057967307351646,11.979967307351647
2411,2311,815.0,-44.925,168.675,14.976717700905283,10.086717700905282
2412,2312,1259.0,-44.925,168.725,14.833102474469342,7.279102474469343
2413,2313,803.0,-44.925,168.775,14.688325334776891,9.870325334776892
2414,2383,1060.0,-44.875,168.625,14.949587901850464,8.589587901850464
2415,2389,492.0,-44.875,168.675,14.895919110858813,11.943919110858813
2416,2484,1218.0,-44.875,168.725,14.79985085214139,7.49185085214139
2417,2488,1351.0,-44.875,168.775,14.696306581885437,6.590306581885438
2418,2679,1353.0,-44.825,168.625,14.837583130720304,6.719583130720306
2419,2680,910.0,-44.825,168.675,14.809198801027378,9.349198801027377
2420,2681,594.0,-44.825,168.725,14.749643712872057,11.185643712872057
2421,2682,1643.0,-44.825,168.775,14.681471997871995,4.823471997871996
2422,2841,1557.0,-44.775,168.625,14.726209994449164,5.384209994449163
2423,2842,945.0,-44.775,168.675,14.719817319317372,9.049817319317373
2424,2843,878.0,-44.775,168.725,14.689495043363422,9.421495043363421
2425,2844,1504.0,-44.775,168.775,14.651105595825356,5.627105595825357
2426,2314,704.0,-44.925,168.825,14.582702932137181,10.35870293213718
2427,2315,818.0,-44.925,168.875,14.525552717663231,9.617552717663232
2428,2316,1504.0,-44.925,168.925,14.521207787765888,5.497207787765889
2429,2317,803.0,-44.925,168.975,14.577078778616851,9.759078778616852
2430,2492,691.0,-44.875,168.825,14.614978826080915,10.468978826080914
2431,2497,1528.0,-44.875,168.875,14.571821603531134,5.403821603531135
2432,2503,1192.0,-44.875,168.925,14.575895261761616,7.423895261761616
2433,2509,1064.0,-44.875,168.975,14.635610765064484,8.251610765064484
2434,2683,1161.0,-44.825,168.825,14.626471728523029,7.66047172852303
2435,2684,1265.0,-44.825,168.875,14.60056842706399,7.0105684270639905
2436,2685,870.0,-44.825,168.925,14.614881880625035,9.394881880625036
2437,2686,736.0,-44.825,168.975,14.678621259387,10.262621259387
2438,2845,1480.0,-44.775,168.825,14.621051569018164,5.741051569018163
2439,2846,726.0,-44.775,168.875,14.613288006992661,10.257288006992662
2440,2847,1238.0,-44.775,168.925,14.638854193442967,7.210854193442967
2441,2848,1431.0,-44.775,168.975,14.706806582718855,6.1208065827188545
2442,2007,528.0,-44.825,169.075,14.990873482165625,11.822873482165626
2443,2110,1416.0,-44.825,169.125,15.256862385416753,6.760862385416752
2444,2318,1160.0,-44.925,169.025,14.70373739558272,7.743737395582721
2445,2319,1228.0,-44.925,169.075,14.915077936515445,7.5470779365154455
2446,2320,1601.0,-44.925,169.125,15.229247175069759,5.623247175069759
2447,2592,574.0,-44.875,169.025,14.760911047414993,11.316911047414994
2448,2593,1487.0,-44.875,169.075,14.963740625535138,6.041740625535139
2449,2594,1601.0,-44.875,169.125,15.257097479116055,5.651097479116055
2450,2687,574.0,-44.825,169.025,14.800861715324572,11.356861715324573
2451,2849,1076.0,-44.775,169.025,14.825050704544992,8.369050704544993
2452,2850,423.0,-44.775,169.075,15.00037029836676,12.46237029836676
2453,2851,937.0,-44.775,169.125,15.237492278436548,9.615492278436548
2454,2113,1400.0,-44.825,169.175,15.602425478122314,7.202425478122313
2455,2121,1478.0,-44.825,169.225,16.02075265379972,7.15275265379972
2456,2130,1215.0,-44.825,169.275,16.48825032726745,9.198250327267452
2457,2234,580.0,-44.825,169.325,16.963217413198436,13.483217413198435
2458,2321,972.0,-44.925,169.175,15.666018756790436,9.834018756790435
2459,2322,391.0,-44.925,169.225,16.224140790567617,13.878140790567617
2460,2323,230.0,-44.925,169.275,16.84444093381171,15.464440933811712
2461,2324,222.0,-44.925,169.325,17.431102869450115,16.099102869450114
2462,2596,1785.0,-44.875,169.175,15.649715109728277,4.939715109728276
2463,2597,1194.0,-44.875,169.225,16.132758081279462,8.968758081279463
2464,2598,588.0,-44.875,169.275,16.66713962102949,13.139139621029491
2465,2599,219.0,-44.875,169.325,17.192240497941384,15.878240497941384
2466,2852,1034.0,-44.775,169.175,15.53762603503128,9.33362603503128
2467,2853,788.0,-44.775,169.225,15.89846201094042,11.17046201094042
2468,2854,498.0,-44.775,169.275,16.312929893974797,13.324929893974797
2469,2855,320.0,-44.775,169.325,16.749059946465422,14.829059946465422
2470,2244,254.0,-44.825,169.375,17.40013254630321,15.87613254630321
2471,2259,302.0,-44.825,169.425,17.766954886712483,15.954954886712484
2472,2266,334.0,-44.825,169.475,18.049266976377112,16.04526697637711
2473,2325,344.0,-44.925,169.375,17.91131373452663,15.84731373452663
2474,2326,580.0,-44.925,169.425,18.257102246177965,14.777102246177964
2475,2327,528.0,-44.925,169.475,18.474028683252982,15.306028683252983
2476,2601,351.0,-44.875,169.375,17.652457951015094,15.546457951015094
2477,2603,258.0,-44.875,169.425,18.015559224921162,16.46755922492116
2478,2605,456.0,-44.875,169.475,18.273322588269366,15.537322588269365
2479,2856,693.0,-44.775,169.375,17.16314860919374,13.005148609193741
2480,2857,547.0,-44.775,169.425,17.525196054775734,14.243196054775733
2481,2858,445.0,-44.775,169.475,17.819349790748674,15.149349790748674
2482,2274,500.0,-44.825,169.525,18.2460429748171,15.246042974817101
2483,2328,994.0,-44.925,169.525,18.582378087288816,12.618378087288818
2484,2329,1226.0,-44.925,169.575,18.604276697995374,11.248276697995374
2485,2330,1152.0,-44.925,169.625,18.558335251756944,11.646335251756945
2486,2331,812.0,-44.925,169.675,18.458666371152503,13.586666371152504
2487,2379,673.0,-44.825,169.575,18.363789299168275,14.325789299168274
2488,2386,1254.0,-44.825,169.625,18.411936826378223,10.887936826378224
2489,2393,1403.0,-44.825,169.675,18.400070376766962,9.982070376766963
2490,2612,1111.0,-44.875,169.525,18.432815299616777,11.766815299616777
2491,2620,1360.0,-44.875,169.575,18.507435203093337,10.347435203093337
2492,2625,1037.0,-44.875,169.625,18.51128674406209,12.28928674406209
2493,2626,1466.0,-44.875,169.675,18.45667189784581,9.660671897845809
2494,2859,357.0,-44.775,169.525,18.04049177953857,15.89849177953857
2495,2860,779.0,-44.775,169.575,18.19048489825218,13.51648489825218
2496,2861,843.0,-44.775,169.625,18.27485142556543,13.21685142556543
2497,2862,883.0,-44.775,169.675,18.300360972003546,13.002360972003546
2498,2332,559.0,-44.925,169.725,18.31554964631505,14.96154964631505
2499,2333,489.0,-44.925,169.775,18.13645418631495,15.20245418631495
2500,2334,523.0,-44.925,169.825,17.926988564271596,14.788988564271596
2501,2485,1214.0,-44.825,169.725,18.336632944905432,11.052632944905433
2502,2491,736.0,-44.825,169.775,18.22858570511744,13.812585705117439
2503,2495,786.0,-44.825,169.825,18.081639829819323,13.365639829819322
2504,2627,761.0,-44.875,169.725,18.353443535641418,13.787443535641419
2505,2628,538.0,-44.875,169.775,18.209235733374953,14.981235733374954
2506,2629,589.0,-44.875,169.825,18.03003596556664,14.49603596556664
2507,2863,1040.0,-44.775,169.725,18.27356764730939,12.033567647309392
2508,2864,1409.0,-44.775,169.775,18.20014531763445,9.746145317634452
2509,2865,1150.0,-44.775,169.825,18.084883568721125,11.184883568721126
2510,2335,512.0,-44.925,169.875,17.691677428374533,14.619677428374533
2511,2336,649.0,-44.925,169.925,17.434552531747613,13.540552531747613
2512,2337,693.0,-44.925,169.975,17.15957389025425,13.001573890254251
2513,2338,836.0,-44.925,170.025,16.870940381879336,11.854940381879338
2514,2501,762.0,-44.825,169.875,17.900792822721996,13.328792822721997
2515,2508,613.0,-44.825,169.925,17.690897928827326,14.012897928827325
2516,2595,1132.0,-44.825,169.975,17.45696319741546,10.664963197415462
2517,2600,1423.0,-44.825,170.025,17.204011355919647,8.666011355919647
2518,2630,570.0,-44.875,169.875,17.820835842663655,14.400835842663655
2519,2631,713.0,-44.875,169.925,17.58619914535666,13.30819914535666
2520,2632,685.0,-44.875,169.975,17.33063221446355,13.22063221446355
2521,2633,1429.0,-44.875,170.025,17.058727012728923,8.484727012728923
2522,2866,884.0,-44.775,169.875,17.932221007853514,12.628221007853515
2523,2867,709.0,-44.775,169.925,17.74699915011297,13.49299915011297
2524,2868,1491.0,-44.775,169.975,17.534809950593626,8.588809950593626
2525,2869,1453.0,-44.775,170.025,17.30144716380164,8.58344716380164
2526,2339,1599.0,-44.925,170.075,16.573383296388783,6.979383296388784
2527,2340,1181.0,-44.925,170.125,16.27232972822094,9.186329728220938
2528,2341,1160.0,-44.925,170.175,15.973016763920896,9.013016763920895
2529,2342,1249.0,-44.925,170.225,15.678632220762665,8.184632220762666
2530,2604,1382.0,-44.825,170.075,16.936644991961657,8.644644991961657
2531,2608,1508.0,-44.825,170.125,16.65869566363108,7.610695663631079
2532,2610,1305.0,-44.825,170.175,16.373320301208878,8.543320301208878
2533,2616,1250.0,-44.825,170.225,16.083676013498916,8.583676013498916
2534,2634,1510.0,-44.875,170.075,16.77514389496355,7.71514389496355
2535,2635,1440.0,-44.875,170.125,16.484459241532022,7.844459241532022
2536,2636,1078.0,-44.875,170.175,16.19078978539619,9.722789785396191
2537,2637,1026.0,-44.875,170.225,15.897538560442626,9.741538560442628
2538,2870,1185.0,-44.775,170.075,17.051750911748968,9.941750911748969
2539,2871,1240.0,-44.775,170.125,16.788789535770775,9.348789535770775
2540,2872,983.0,-44.775,170.175,16.514293559404905,10.616293559404905
2541,2873,1062.0,-44.775,170.225,16.230470343798515,9.858470343798516
2542,2343,1096.0,-44.925,170.275,15.391095021856017,8.815095021856017
2543,2344,1052.0,-44.925,170.325,15.11317126348149,8.801171263481491
2544,2345,792.0,-44.925,170.375,14.848854667347041,10.096854667347042
2545,2621,952.0,-44.825,170.275,15.79381408347399,10.08181408347399
2546,2638,1081.0,-44.875,170.275,15.60797662215191,9.121976622151909
2547,2639,1280.0,-44.875,170.325,15.326109446919872,7.646109446919873
2548,2640,1304.0,-44.875,170.375,15.056830671077478,7.232830671077479
2549,2690,1507.0,-44.825,170.325,15.509049886619323,6.467049886619323
2550,2692,1047.0,-44.825,170.375,15.235534638777608,8.953534638777608
2551,2874,1403.0,-44.775,170.275,15.94183606133447,7.523836061334471
2552,2875,1411.0,-44.775,170.325,15.655284865613794,7.189284865613795
2553,2876,806.0,-44.775,170.375,15.378618384653237,10.542618384653236
2554,2009,363.0,-44.775,170.475,14.883047865601839,12.705047865601838
2555,2117,186.0,-44.775,170.525,14.675375271268422,13.559375271268422
2556,2125,251.0,-44.775,170.575,14.500118298878078,12.994118298878078
2557,2346,817.0,-44.925,170.425,14.602868413974647,9.700868413974646
2558,2347,730.0,-44.925,170.475,14.380121028152644,10.000121028152645
2559,2348,732.0,-44.925,170.525,14.185283165235887,9.793283165235888
2560,2349,383.0,-44.925,170.575,14.022474217927083,11.724474217927083
2561,2641,860.0,-44.875,170.425,14.805483184172772,9.645483184172772
2562,2642,1011.0,-44.875,170.475,14.577332404631306,8.511332404631307
2563,2643,300.0,-44.875,170.525,14.377179982955568,12.577179982955567
2564,2644,419.0,-44.875,170.575,14.209121809355565,11.695121809355566
2565,2694,940.0,-44.825,170.425,14.97950234838936,9.33950234838936
2566,2696,417.0,-44.825,170.475,14.746692899687332,12.244692899687333
2567,2698,359.0,-44.825,170.525,14.542066065972904,12.388066065972904
2568,2700,178.0,-44.825,170.575,14.369699002694688,13.301699002694688
2569,2877,486.0,-44.775,170.425,15.119140394759597,12.203140394759597
2570,2235,724.0,-44.775,170.625,14.36034313008713,10.01634313008713
2571,2242,328.0,-44.775,170.675,14.25822648711619,12.29022648711619
2572,2249,476.0,-44.775,170.725,14.195033795418567,11.339033795418567
2573,2350,242.0,-44.925,170.625,13.895020459051011,12.443020459051011
2574,2351,241.0,-44.925,170.675,13.805259471351746,12.359259471351747
2575,2352,180.0,-44.925,170.725,13.754387867302285,12.674387867302285
2576,2645,282.0,-44.875,170.625,14.07639070865116,12.38439070865116
2577,2646,183.0,-44.875,170.675,13.981238237785874,12.883238237785873
2578,2647,195.0,-44.875,170.725,13.924839588697068,12.754839588697068
2579,2702,153.0,-44.825,170.625,14.232748370748595,13.314748370748596
2580,2704,160.0,-44.825,170.675,14.13341448220308,13.173414482203079
2581,2707,560.0,-44.825,170.725,14.072892274984042,10.712892274984043
2582,2254,456.0,-44.775,170.775,14.171062216177233,11.435062216177233
2583,2265,233.0,-44.775,170.825,14.185575683426578,12.787575683426578
2584,2273,141.0,-44.775,170.875,14.236751612232183,13.390751612232183
2585,2353,196.0,-44.925,170.775,13.742365191763383,12.566365191763383
2586,2354,219.0,-44.925,170.825,13.76788980710262,12.45388980710262
2587,2355,89.0,-44.925,170.875,13.828453821668518,13.294453821668517
2588,2356,70.0,-44.925,170.925,13.92047078142059,13.50047078142059
2589,2376,129.0,-44.775,170.925,14.321649865290965,13.547649865290964
2590,2648,108.0,-44.875,170.775,13.907226347830147,13.259226347830147
2591,2649,92.0,-44.875,170.825,13.927259119373048,13.375259119373048
2592,2650,81.0,-44.875,170.875,13.98264909502177,13.49664909502177
2593,2651,78.0,-44.875,170.925,14.0700306675717,13.6020306675717
2594,2709,457.0,-44.825,170.775,14.051318467129022,11.309318467129021
2595,2710,210.0,-44.825,170.825,14.067731352042756,12.807731352042756
2596,2712,241.0,-44.825,170.875,14.120056975196349,12.674056975196349
2597,2714,215.0,-44.825,170.925,14.205129571666475,12.915129571666476
2598,2357,62.0,-44.925,170.975,14.039460081548896,13.667460081548896
2599,2358,36.0,-44.925,171.025,14.180270376920816,13.964270376920817
2600,2359,23.0,-44.925,171.075,14.337329130255966,14.199329130255967
2601,2360,21.0,-44.925,171.125,14.50491091760341,14.378910917603411
2602,2387,116.0,-44.775,170.975,14.436209472929477,13.740209472929477
2603,2394,229.0,-44.775,171.025,14.575283231708454,13.201283231708453
2604,2395,40.0,-44.775,171.075,14.732737960242957,14.492737960242957
2605,2396,10.0,-44.775,171.125,14.901672892090573,14.841672892090573
2606,2652,65.0,-44.875,170.975,14.18508214900794,13.79508214900794
2607,2653,55.0,-44.875,171.025,14.322691951980232,13.992691951980232
2608,2654,37.0,-44.875,171.075,14.477172194354353,14.255172194354353
2609,2655,27.0,-44.875,171.125,14.64252498067799,14.48052498067799
2610,2717,122.0,-44.825,170.975,14.318750775841181,13.586750775841182
2611,2719,180.0,-44.825,171.025,14.455795018264325,13.375795018264325
2612,2721,68.0,-44.825,171.075,14.610377482429612,14.202377482429613
2613,2723,19.0,-44.825,171.125,14.776109331345651,14.66210933134565
2614,2061,535.0,-44.625,167.725,12.345404535590205,9.135404535590206
2615,2397,0.0,-44.725,167.575,12.473257232981268,12.473257232981268
2616,2398,616.0,-44.725,167.625,12.403916771057993,8.707916771057993
2617,2399,657.0,-44.725,167.675,12.352304609536077,8.410304609536077
2618,2400,1187.0,-44.725,167.725,12.32020803145133,5.198208031451331
2619,2469,360.0,-44.675,167.625,12.422824036169914,10.262824036169913
2620,2470,435.0,-44.675,167.675,12.366577403328847,9.756577403328848
2621,2471,991.0,-44.675,167.725,12.328657730977284,6.382657730977284
2622,2065,16.0,-44.625,167.775,12.324314503188361,12.228314503188361
2623,2066,1404.0,-44.625,167.825,12.326239262183663,3.902239262183663
2624,2401,1053.0,-44.725,167.775,12.309828529017977,5.991828529017978
2625,2402,89.0,-44.725,167.825,12.324193645603373,11.790193645603372
2626,2403,1247.0,-44.725,167.875,12.368109983639442,4.886109983639442
2627,2472,1176.0,-44.675,167.775,12.311165743187303,5.255165743187303
2628,2473,1159.0,-44.675,167.825,12.316896101052407,5.362896101052407
2629,2474,585.0,-44.675,167.875,12.350123717216775,8.840123717216775
2630,2067,1042.0,-44.625,167.925,12.422411762134288,6.170411762134289
2631,2068,676.0,-44.625,167.975,12.531901176233077,8.475901176233076
2632,2069,1833.0,-44.625,168.025,12.674333235248923,1.676333235248924
2633,2070,1378.0,-44.625,168.075,12.838011342420941,4.570011342420942
2634,2404,318.0,-44.725,167.925,12.45004534549662,10.54204534549662
2635,2405,1191.0,-44.725,167.975,12.576126075757202,5.430126075757202
2636,2406,1545.0,-44.725,168.025,12.736430361299426,3.4664303612994267
2637,2407,2092.0,-44.725,168.075,12.919261266419198,0.367261266419197
2638,2475,11.0,-44.675,167.925,12.419883112015668,12.353883112015668
2639,2476,384.0,-44.675,167.975,12.542178464180324,10.238178464180324
2640,2477,1703.0,-44.675,168.025,12.69704869040288,2.4790486904028803
2641,2478,1473.0,-44.675,168.075,12.872577145550167,4.034577145550168
2642,2071,310.0,-44.625,168.125,13.01498123841884,11.154981238418841
2643,2072,502.0,-44.625,168.175,13.19899958606402,10.186999586064019
2644,2073,829.0,-44.625,168.225,13.384622220997699,8.410622220997698
2645,2408,124.0,-44.725,168.125,13.116470844994183,12.372470844994183
2646,2409,1225.0,-44.725,168.175,13.321546552775544,5.9715465527755445
2647,2410,706.0,-44.725,168.225,13.528661450880463,9.292661450880463
2648,2479,60.0,-44.675,168.125,13.061236655936227,12.701236655936228
2649,2480,1541.0,-44.675,168.175,13.2568784206087,4.0108784206087
2650,2481,2018.0,-44.675,168.225,13.453967568202643,1.345967568202644
2651,2001,392.0,-44.675,168.325,13.83168651376036,11.47968651376036
2652,2002,1580.0,-44.675,168.375,14.002296192760696,4.522296192760695
2653,2003,1491.0,-44.675,168.425,14.154415796176181,5.2084157961761814
2654,2074,1204.0,-44.625,168.275,13.566844489818322,6.342844489818323
2655,2075,506.0,-44.625,168.325,13.740968807789613,10.704968807789614
2656,2076,1505.0,-44.625,168.375,13.902609987359028,4.872609987359029
2657,2077,1917.0,-44.625,168.425,14.047822098640609,2.545822098640608
2658,2411,618.0,-44.725,168.275,13.732251578883734,10.024251578883733
2659,2412,361.0,-44.725,168.325,13.926803792710416,11.760803792710416
2660,2413,396.0,-44.725,168.375,14.106770925049204,11.730770925049205
2661,2414,900.0,-44.725,168.425,14.266622665629257,8.866622665629258
2662,2482,607.0,-44.675,168.275,13.647264285988058,10.005264285988059
2663,2004,734.0,-44.675,168.475,14.283911418766365,9.879911418766365
2664,2005,1612.0,-44.675,168.525,14.38768090074882,4.7156809007488185
2665,2006,1519.0,-44.675,168.575,14.46433834200434,5.35033834200434
2666,2078,652.0,-44.625,168.475,14.173352838508436,10.261352838508436
2667,2079,1632.0,-44.625,168.525,14.2770238606754,4.485023860675399
2668,2080,1753.0,-44.625,168.575,14.358196105633397,3.840196105633396
2669,2415,920.0,-44.725,168.475,14.401097731446498,8.881097731446498
2670,2416,1887.0,-44.725,168.525,14.505762175642303,3.1837621756423022
2671,2417,1705.0,-44.725,168.575,14.577958697729628,4.347958697729627
2672,2010,771.0,-44.675,168.625,14.514965408234275,9.888965408234276
2673,2011,560.0,-44.675,168.675,14.543634640009259,11.18363464000926
2674,2012,1121.0,-44.675,168.725,14.557343999462319,7.831343999462319
2675,2013,1118.0,-44.675,168.775,14.56521257897839,7.85721257897839
2676,2081,1188.0,-44.625,168.625,14.418210759133217,7.290210759133217
2677,2082,1477.0,-44.625,168.675,14.460631508991355,5.598631508991355
2678,2083,873.0,-44.625,168.725,14.491119074853486,9.253119074853487
2679,2084,820.0,-44.625,168.775,14.516894048967515,9.596894048967517
2680,2418,1159.0,-44.725,168.625,14.61805971355352,7.664059713553521
2681,2419,844.0,-44.725,168.675,14.630564880440943,9.566564880440943
2682,2420,543.0,-44.725,168.725,14.624259741496644,11.366259741496645
2683,2421,1055.0,-44.725,168.775,14.610949289766722,8.280949289766722
2684,2014,1788.0,-44.675,168.825,14.577215908910148,3.849215908910148
2685,2015,1080.0,-44.675,168.875,14.60300415896927,8.12300415896927
2686,2016,1345.0,-44.675,168.925,14.65117569002905,6.581175690029051
2687,2017,703.0,-44.675,168.975,14.72898237973277,10.51098237973277
2688,2085,1666.0,-44.625,168.825,14.545936819631606,4.549936819631606
2689,2086,1581.0,-44.625,168.875,14.586186365922913,5.100186365922912
2690,2087,310.0,-44.625,168.925,14.644939369492931,12.784939369492932
2691,2088,300.0,-44.625,168.975,14.72848843682732,12.928488436827319
2692,2422,1990.0,-44.725,168.825,14.603297365829349,2.663297365829349
2693,2423,794.0,-44.725,168.875,14.612998429205618,9.848998429205619
2694,2424,576.0,-44.725,168.925,14.650009510165546,11.194009510165547
2695,2425,1163.0,-44.725,168.975,14.72258485641214,7.74458485641214
2696,2018,297.0,-44.675,169.025,14.842206751505728,13.060206751505728
2697,2019,325.0,-44.675,169.075,14.994999036382069,13.04499903638207
2698,2020,279.0,-44.675,169.125,15.189725977339549,13.51572597733955
2699,2089,279.0,-44.625,169.025,14.841923465777654,13.167923465777655
2700,2090,279.0,-44.625,169.075,14.989036304192268,13.315036304192269
2701,2091,562.0,-44.625,169.125,15.172401772462763,11.800401772462763
2702,2426,1387.0,-44.725,169.025,14.837447313751909,6.51544731375191
2703,2427,1229.0,-44.725,169.075,14.999624009869876,7.6256240098698775
2704,2428,416.0,-44.725,169.125,15.211865035133087,12.715865035133087
2705,2021,317.0,-44.675,169.175,15.427392995537957,13.525392995537958
2706,2022,335.0,-44.675,169.225,15.710203467853717,13.700203467853717
2707,2023,401.0,-44.675,169.275,16.042304949412937,13.636304949412938
2708,2024,514.0,-44.675,169.325,16.403904109378345,13.319904109378346
2709,2092,360.0,-44.625,169.175,15.393831056906492,13.233831056906492
2710,2093,569.0,-44.625,169.225,15.654768367327051,12.240768367327052
2711,2094,342.0,-44.625,169.275,15.952928616374265,13.900928616374266
2712,2095,616.0,-44.625,169.325,16.27440553822089,12.57840553822089
2713,2429,338.0,-44.725,169.175,15.474163409890025,13.446163409890024
2714,2430,358.0,-44.725,169.225,15.785457564605167,13.637457564605167
2715,2431,269.0,-44.725,169.275,16.157182783732424,14.543182783732423
2716,2432,363.0,-44.725,169.325,16.560031465429347,14.382031465429346
2717,2025,968.0,-44.675,169.375,16.761308447938063,10.953308447938063
2718,2026,767.0,-44.675,169.425,17.090957924738177,12.488957924738177
2719,2027,420.0,-44.675,169.475,17.37803096175776,14.858030961757759
2720,2096,1282.0,-44.625,169.375,16.59714853882906,8.90514853882906
2721,2097,1078.0,-44.625,169.425,16.901378973416286,10.433378973416286
2722,2098,761.0,-44.625,169.475,17.172979574432247,12.606979574432248
2723,2433,923.0,-44.725,169.375,16.94897246931214,11.410972469312139
2724,2434,713.0,-44.725,169.425,17.298627566182404,13.020627566182405
2725,2435,887.0,-44.725,169.475,17.593893162891618,12.271893162891619
2726,2028,669.0,-44.675,169.525,17.614362179112504,13.600362179112505
2727,2029,677.0,-44.675,169.575,17.79683258937439,13.73483258937439
2728,2030,1060.0,-44.675,169.625,17.92576965180342,11.565769651803421
2729,2031,962.0,-44.675,169.675,18.003439896652708,12.23143989665271
2730,2099,480.0,-44.625,169.525,17.403167525524623,14.523167525524624
2731,2100,923.0,-44.625,169.575,17.58748975029448,12.04948975029448
2732,2101,783.0,-44.625,169.625,17.724680812389124,13.026680812389124
2733,2102,1271.0,-44.625,169.675,17.815497217219672,10.189497217219671
2734,2436,759.0,-44.725,169.525,17.827764255242073,13.273764255242074
2735,2437,500.0,-44.725,169.575,17.999126876704395,14.999126876704395
2736,2438,558.0,-44.725,169.625,18.110518602421507,14.762518602421508
2737,2439,999.0,-44.725,169.675,18.16621564050729,12.17221564050729
2738,2032,1365.0,-44.675,169.725,18.032732893072534,9.842732893072535
2739,2033,1471.0,-44.675,169.775,18.0160887541424,9.190088754142401
2740,2034,1405.0,-44.675,169.825,17.95487432074151,9.52487432074151
2741,2103,1039.0,-44.625,169.725,17.86155809914635,11.62755809914635
2742,2104,1412.0,-44.625,169.775,17.864125861175125,9.392125861175126
2743,2105,944.0,-44.625,169.825,17.822759541493724,12.158759541493724
2744,2440,1034.0,-44.725,169.725,18.17081740924914,11.966817409249138
2745,2441,1639.0,-44.725,169.775,18.128377044471563,8.294377044471563
2746,2442,1052.0,-44.725,169.825,18.042182906603557,11.730182906603558
2747,2035,942.0,-44.675,169.875,17.849978440295672,12.197978440295671
2748,2036,1425.0,-44.675,169.925,17.70453142428596,9.154531424285961
2749,2037,1374.0,-44.675,169.975,17.52650751794863,9.28250751794863
2750,2038,1129.0,-44.675,170.025,17.326583267262322,10.552583267262323
2751,2106,747.0,-44.625,169.875,17.734742973087123,13.252742973087123
2752,2107,1494.0,-44.625,169.925,17.59971053386107,8.635710533861072
2753,2112,937.0,-44.625,169.975,17.428249213742674,11.806249213742674
2754,2116,782.0,-44.625,170.025,17.237133870177786,12.545133870177786
2755,2443,1020.0,-44.725,169.875,17.91540339210769,11.795403392107692
2756,2444,855.0,-44.725,169.925,17.752449955107295,12.622449955107296
2757,2445,1809.0,-44.725,169.975,17.55980465297762,6.705804652977619
2758,2446,1476.0,-44.725,170.025,17.344878486634116,8.488878486634116
2759,2039,881.0,-44.675,170.075,17.112893478566548,11.826893478566546
2760,2040,662.0,-44.675,170.125,16.887217769151903,12.915217769151903
2761,2041,819.0,-44.675,170.175,16.644382612314075,11.730382612314076
2762,2042,904.0,-44.675,170.225,16.378866924351314,10.954866924351315
2763,2126,616.0,-44.625,170.075,17.038438403236796,13.342438403236796
2764,2236,648.0,-44.625,170.125,16.834778482982074,12.946778482982074
2765,2243,403.0,-44.625,170.175,16.615769399140845,14.197769399140846
2766,2250,405.0,-44.625,170.225,16.363034624504508,13.933034624504508
2767,2447,1215.0,-44.725,170.075,17.11347126905457,9.823471269054572
2768,2448,881.0,-44.725,170.125,16.8678427124687,11.5818427124687
2769,2449,835.0,-44.725,170.175,16.60717404767638,11.597174047676381
2770,2450,1006.0,-44.725,170.225,16.331341485099983,10.295341485099982
2771,2043,973.0,-44.675,170.275,16.096218805658282,10.25821880565828
2772,2044,632.0,-44.675,170.325,15.810376437875675,12.018376437875675
2773,2045,240.0,-44.675,170.375,15.53384051960893,14.09384051960893
2774,2257,269.0,-44.625,170.275,16.08511665352853,14.47111665352853
2775,2262,269.0,-44.625,170.325,15.804824717066367,14.190824717066366
2776,2270,305.0,-44.625,170.375,15.535620028094854,13.705620028094854
2777,2451,1760.0,-44.725,170.275,16.045200719003333,5.485200719003332
2778,2452,941.0,-44.725,170.325,15.758082226791885,10.112082226791884
2779,2453,650.0,-44.725,170.375,15.479964031866984,11.579964031866984
2780,2046,644.0,-44.675,170.425,15.27526322817721,11.411263228177209
2781,2047,356.0,-44.675,170.475,15.040582938134321,12.904582938134322
2782,2048,272.0,-44.675,170.525,14.834179431549273,13.202179431549274
2783,2049,259.0,-44.675,170.575,14.65953793375229,13.10553793375229
2784,2382,912.0,-44.625,170.425,15.284918905512313,9.812918905512314
2785,2384,831.0,-44.625,170.475,15.057511235252605,10.071511235252604
2786,2388,477.0,-44.625,170.525,14.85708120430354,11.99508120430354
2787,2454,512.0,-44.725,170.425,15.219159325264627,12.147159325264628
2788,2455,208.0,-44.725,170.475,14.982045228665811,13.734045228665812
2789,2456,441.0,-44.725,170.525,14.77349589172809,12.127495891728088
2790,2457,566.0,-44.725,170.575,14.59730482622399,11.20130482622399
2791,2489,384.0,-44.625,170.575,14.686851332662627,12.382851332662627
2792,2050,356.0,-44.675,170.625,14.51953858800698,12.383538588006981
2793,2051,422.0,-44.675,170.675,14.41651012058719,11.88451012058719
2794,2052,612.0,-44.675,170.725,14.352148381294683,10.680148381294682
2795,2458,658.0,-44.725,170.625,14.456428604855319,10.508428604855318
2796,2459,655.0,-44.725,170.675,14.353067612959421,10.423067612959422
2797,2460,555.0,-44.725,170.725,14.28863746089337,10.95863746089337
2798,2496,310.0,-44.625,170.625,14.549783155613113,12.689783155613114
2799,2502,452.0,-44.625,170.675,14.448532581576728,11.736532581576729
2800,2507,718.0,-44.625,170.725,14.385272864543367,10.077272864543367
2801,2053,458.0,-44.675,170.775,14.327371824154397,11.579371824154398
2802,2054,504.0,-44.675,170.825,14.342165369613213,11.318165369613212
2803,2055,504.0,-44.675,170.875,14.395443985238671,11.37144398523867
2804,2056,939.0,-44.675,170.925,14.484943485309486,8.850943485309486
2805,2461,335.0,-44.725,170.775,14.263682827106095,12.253682827106095
2806,2462,272.0,-44.725,170.825,14.277773922716733,12.645773922716733
2807,2463,285.0,-44.725,170.875,14.329410967424337,12.619410967424336
2808,2464,329.0,-44.725,170.925,14.415946447508759,12.441946447508759
2809,2607,558.0,-44.625,170.775,14.36146409119101,11.013464091191011
2810,2609,461.0,-44.625,170.825,14.377630361064803,11.611630361064803
2811,2611,453.0,-44.625,170.875,14.433186875088722,11.715186875088722
2812,2619,833.0,-44.625,170.925,14.526327994528401,9.5283279945284
2813,2057,258.0,-44.675,170.975,14.60712082219834,13.05912082219834
2814,2058,109.0,-44.675,171.025,14.757032651461486,14.103032651461486
2815,2059,60.0,-44.675,171.075,14.92818648651155,14.56818648651155
2816,2060,19.0,-44.675,171.125,15.112458504474489,14.998458504474488
2817,2465,258.0,-44.725,170.975,14.533523231344589,12.985523231344589
2818,2466,88.0,-44.725,171.025,14.677028300488018,14.149028300488018
2819,2467,37.0,-44.725,171.075,14.840089142897341,14.618089142897341
2820,2468,10.0,-44.725,171.125,15.015196835520328,14.955196835520328
2821,2624,186.0,-44.625,170.975,14.653941143995326,13.537941143995326
2822,2734,109.0,-44.625,171.025,14.811461953955586,14.157461953955586
2823,2736,58.0,-44.625,171.075,14.992572588962503,14.644572588962502
2824,2740,18.0,-44.625,171.125,15.188756265655684,15.080756265655683
2825,2186,307.0,-44.475,167.875,12.450025681755506,10.608025681755505
2826,2741,170.0,-44.575,167.825,12.350347641782719,11.33034764178272
2827,2744,1600.0,-44.575,167.875,12.379550725556328,2.7795507255563283
2828,2933,298.0,-44.525,167.875,12.41232378265704,10.62432378265704
2829,2187,393.0,-44.475,167.925,12.502376189615461,10.14437618961546
2830,2188,764.0,-44.475,167.975,12.580521161900833,7.996521161900834
2831,2189,1104.0,-44.475,168.025,12.68192407056631,6.057924070566311
2832,2190,99.0,-44.475,168.075,12.802261383345467,12.208261383345468
2833,2752,391.0,-44.575,167.925,12.44194500685262,10.09594500685262
2834,2756,1730.0,-44.575,167.975,12.539549730718136,2.159549730718135
2835,2760,1297.0,-44.575,168.025,12.667090937044122,4.885090937044122
2836,2764,475.0,-44.575,168.075,12.81615275038348,9.96615275038348
2837,2934,644.0,-44.525,167.925,12.469833123672288,8.605833123672287
2838,2935,1051.0,-44.525,167.975,12.557149262269377,6.251149262269377
2839,2936,1124.0,-44.525,168.025,12.670856518554501,5.9268565185545015
2840,2937,17.0,-44.525,168.075,12.80506333426456,12.70306333426456
2841,3285,383.0,-44.425,167.925,12.537477653109818,10.239477653109818
2842,3286,267.0,-44.425,167.975,12.60735696327174,11.00535696327174
2843,3287,46.0,-44.425,168.025,12.697859047271777,12.421859047271777
2844,3288,773.0,-44.425,168.075,12.80565820010088,8.16765820010088
2845,2191,681.0,-44.475,168.125,12.936473463414586,8.850473463414588
2846,2192,389.0,-44.475,168.175,13.07952681912866,10.74552681912866
2847,2193,1155.0,-44.475,168.225,13.226748671746464,6.296748671746463
2848,2768,21.0,-44.575,168.125,12.979195116728079,12.85319511672808
2849,2772,1339.0,-44.575,168.175,13.149960245966213,5.115960245966212
2850,2776,1483.0,-44.575,168.225,13.323057794375927,4.4250577943759275
2851,2938,906.0,-44.525,168.125,12.953469204090652,7.517469204090652
2852,2939,760.0,-44.525,168.175,13.110290784286917,8.550290784286918
2853,2940,1242.0,-44.525,168.225,13.270390968304127,5.8183909683041275
2854,3289,310.0,-44.425,168.125,12.926698642302654,11.066698642302654
2855,3290,1380.0,-44.425,168.175,13.056727694201982,4.776727694201982
2856,3291,40.0,-44.425,168.225,13.191640218807152,12.951640218807151
2857,2008,1387.0,-44.525,168.275,13.42920291070186,5.1072029107018615
2858,2111,1643.0,-44.525,168.325,13.582674404315185,3.724674404315186
2859,2115,1119.0,-44.525,168.375,13.727282739288057,7.013282739288058
2860,2122,736.0,-44.525,168.425,13.860122901940485,9.444122901940485
2861,2194,650.0,-44.475,168.275,13.373929293462425,9.473929293462424
2862,2195,1285.0,-44.475,168.325,13.517357897784677,5.807357897784678
2863,2196,1183.0,-44.475,168.375,13.653868578869151,6.555868578869151
2864,2197,836.0,-44.475,168.425,13.780920460558264,8.764920460558265
2865,2780,1158.0,-44.575,168.275,13.493671042175265,6.5456710421752655
2866,2784,1054.0,-44.575,168.325,13.657431075393106,7.333431075393107
2867,2788,1120.0,-44.575,168.375,13.810418742155889,7.090418742155889
2868,2792,1426.0,-44.575,168.425,13.949272481695516,5.393272481695517
2869,3292,1140.0,-44.425,168.275,13.327662673851592,6.487662673851592
2870,3293,1057.0,-44.425,168.325,13.46145501860883,7.119455018608831
2871,3294,1758.0,-44.425,168.375,13.590188171583577,3.042188171583579
2872,3295,1172.0,-44.425,168.425,13.711624748437316,6.679624748437316
2873,2131,621.0,-44.525,168.475,13.979058510507457,10.253058510507458
2874,2132,1140.0,-44.525,168.525,14.082913216407178,7.242913216407178
2875,2133,1409.0,-44.525,168.575,14.171664166133269,5.71766416613327
2876,2198,1935.0,-44.475,168.475,13.896711098073865,2.286711098073864
2877,2199,1260.0,-44.475,168.525,14.000307121517835,6.440307121517836
2878,2200,1874.0,-44.475,168.575,14.091764260432683,2.847764260432685
2879,2879,1379.0,-44.575,168.475,14.071390175682609,5.79739017568261
2880,2880,1471.0,-44.575,168.525,14.175205030551297,5.349205030551296
2881,2881,1415.0,-44.575,168.575,14.260490130473045,5.7704901304730445
2882,3296,735.0,-44.425,168.475,13.824208987280144,9.414208987280144
2883,3297,958.0,-44.425,168.525,13.927157404948957,8.179157404948956
2884,3298,1500.0,-44.425,168.575,14.020532322669169,5.020532322669169
2885,2134,1914.0,-44.525,168.625,14.246583108062623,2.762583108062623
2886,2135,1490.0,-44.525,168.675,14.310265978478128,5.370265978478129
2887,2136,1460.0,-44.525,168.725,14.366509673811379,5.606509673811379
2888,2137,1532.0,-44.525,168.775,14.420035914270557,5.228035914270556
2889,2201,1520.0,-44.475,168.625,14.172201044450048,5.052201044450049
2890,2202,741.0,-44.475,168.675,14.24379126385611,9.79779126385611
2891,2203,857.0,-44.475,168.725,14.309653592848917,9.167653592848918
2892,2204,1424.0,-44.475,168.775,14.37364092686039,5.829640926860389
2893,2882,1827.0,-44.575,168.625,14.328612124591018,3.3666121245910183
2894,2883,880.0,-44.575,168.675,14.38263282526168,9.10263282526168
2895,2884,1449.0,-44.575,168.725,14.427176823737682,5.733176823737683
2896,2885,1019.0,-44.575,168.775,14.468054789700545,8.354054789700545
2897,3299,1680.0,-44.425,168.625,14.105275860682013,4.025275860682013
2898,3300,750.0,-44.425,168.675,14.183183831744827,9.683183831744827
2899,3301,1754.0,-44.425,168.725,14.25680800403643,3.73280800403643
2900,3302,1822.0,-44.425,168.775,14.329289551111287,3.397289551111289
2901,2138,1693.0,-44.525,168.825,14.47610980673926,4.31810980673926
2902,2139,461.0,-44.525,168.875,14.540128908061888,11.774128908061888
2903,2140,693.0,-44.525,168.925,14.617252760581323,10.459252760581323
2904,2141,1783.0,-44.525,168.975,14.712112334760604,4.014112334760606
2905,2205,596.0,-44.475,168.825,14.440057891464676,10.864057891464675
2906,2206,1010.0,-44.475,168.875,14.513350626206375,8.453350626206376
2907,2207,1413.0,-44.475,168.925,14.597811493906192,6.119811493906193
2908,2208,1281.0,-44.475,168.975,14.69732556042436,7.0113255604243605
2909,2886,1973.0,-44.575,168.825,14.511724904659786,2.673724904659787
2910,2887,604.0,-44.575,168.875,14.564728750279755,10.940728750279757
2911,2888,580.0,-44.575,168.925,14.633217852577218,11.153217852577217
2912,2889,905.0,-44.575,168.975,14.722619081498124,9.292619081498124
2913,3303,385.0,-44.425,168.825,14.404141130667995,12.094141130667994
2914,3304,1461.0,-44.425,168.875,14.485003932655673,5.7190039326556725
2915,3305,1361.0,-44.425,168.925,14.57540560788766,6.409405607887662
2916,3306,1538.0,-44.425,168.975,14.678535784390988,5.450535784390988
2917,2142,993.0,-44.525,169.025,14.828605773989693,8.870605773989695
2918,2143,387.0,-44.525,169.075,14.969761360174743,12.647761360174744
2919,2144,279.0,-44.525,169.125,15.137608701756108,13.463608701756108
2920,2209,991.0,-44.475,169.025,14.815163299805135,8.869163299805136
2921,2210,1310.0,-44.475,169.075,14.953798313479638,7.093798313479638
2922,2211,279.0,-44.475,169.125,15.114695165830199,13.4406951658302
2923,2890,748.0,-44.575,169.025,14.837430926883826,10.349430926883826
2924,2891,279.0,-44.575,169.075,14.981133339329972,13.307133339329972
2925,2892,382.0,-44.575,169.125,15.156201043573674,12.864201043573674
2926,3307,937.0,-44.425,169.025,14.797040950652445,9.175040950652445
2927,3308,907.0,-44.425,169.075,14.932822841758025,9.490822841758025
2928,3309,281.0,-44.425,169.125,15.086808028354426,13.400808028354426
2929,2145,1228.0,-44.525,169.175,15.33289805764798,7.964898057647981
2930,2146,501.0,-44.525,169.225,15.554383729526307,12.548383729526307
2931,2147,348.0,-44.525,169.275,15.797627234918764,13.709627234918763
2932,2148,821.0,-44.525,169.325,16.054249461216386,11.128249461216386
2933,2212,639.0,-44.475,169.175,15.297975366076571,11.463975366076571
2934,2213,852.0,-44.475,169.225,15.50189080760174,10.389890807601741
2935,2214,348.0,-44.475,169.275,15.722237001435133,13.634237001435132
2936,2215,601.0,-44.475,169.325,15.95216726102808,12.34616726102808
2937,2893,1209.0,-44.575,169.175,15.364092765245005,8.110092765245005
2938,2894,700.0,-44.575,169.225,15.604594926393474,11.404594926393475
2939,2895,348.0,-44.575,169.275,15.873534349550027,13.785534349550026
2940,2896,449.0,-44.575,169.325,16.160340569418622,13.466340569418623
2941,3310,279.0,-44.425,169.175,15.258654718025355,13.584654718025355
2942,3311,810.0,-44.425,169.225,15.446406480725273,10.586406480725273
2943,3312,647.0,-44.425,169.275,15.646211190527538,11.764211190527538
2944,3313,403.0,-44.425,169.325,15.85232557785639,13.434325577856391
2945,2149,758.0,-44.525,169.375,16.31291921553202,11.76491921553202
2946,2150,800.0,-44.525,169.425,16.561677838486503,11.761677838486502
2947,2151,788.0,-44.525,169.475,16.789983762340853,12.061983762340853
2948,2216,1439.0,-44.475,169.375,16.182841127592837,7.548841127592837
2949,2217,1567.0,-44.475,169.425,16.40473034416209,7.0027303441620905
2950,2218,1127.0,-44.475,169.475,16.60893349943217,9.846933499432168
2951,2897,1123.0,-44.575,169.375,16.44971821886429,9.711718218864291
2952,2898,1000.0,-44.575,169.425,16.726277642854257,10.726277642854257
2953,2899,1096.0,-44.575,169.475,16.977576906065224,10.401576906065223
2954,3314,348.0,-44.425,169.375,16.057562300557038,13.969562300557037
2955,3315,455.0,-44.425,169.425,16.25408666099247,13.52408666099247
2956,3316,1000.0,-44.425,169.475,16.43426919277408,10.434269192774082
2957,2152,813.0,-44.525,169.525,16.989720975063392,12.111720975063392
2958,2153,868.0,-44.525,169.575,17.15537572168978,11.947375721689781
2959,2154,1010.0,-44.525,169.625,17.283753169176634,11.223753169176636
2960,2155,893.0,-44.525,169.675,17.373468809571932,12.015468809571932
2961,2219,1556.0,-44.475,169.525,16.788031208023313,7.452031208023312
2962,2220,933.0,-44.475,169.575,16.936417101926054,11.338417101926055
2963,2221,1178.0,-44.475,169.625,17.050238968266058,9.982238968266058
2964,2222,1126.0,-44.475,169.675,17.12708868837217,10.371088688372168
2965,2900,1108.0,-44.575,169.525,17.19493125799636,10.54693125799636
2966,2901,779.0,-44.575,169.575,17.373142483091215,12.699142483091215
2967,2902,819.0,-44.575,169.625,17.50982895519701,12.595828955197009
2968,2903,961.0,-44.575,169.675,17.604609579007956,11.838609579007958
2969,3317,1511.0,-44.425,169.525,16.59132852294715,7.525328522947152
2970,3318,1433.0,-44.425,169.575,16.719660196031327,8.121660196031328
2971,3319,1087.0,-44.425,169.625,16.81487347006623,10.292873470066233
2972,3320,737.0,-44.425,169.675,16.873596644902136,12.451596644902136
2973,2156,683.0,-44.525,169.725,17.424308674875647,13.326308674875648
2974,2157,1334.0,-44.525,169.775,17.43641021978692,9.432410219786922
2975,2158,536.0,-44.525,169.825,17.40892042586347,14.19292042586347
2976,2223,643.0,-44.475,169.725,17.165503598211217,13.307503598211216
2977,2224,1135.0,-44.475,169.775,17.16420438484056,10.35420438484056
2978,2225,603.0,-44.475,169.825,17.12065985535446,13.50265985535446
2979,2904,1588.0,-44.575,169.725,17.658204093473614,8.130204093473614
2980,2905,1397.0,-44.575,169.775,17.67134427119163,9.289344271191629
2981,2906,741.0,-44.575,169.825,17.643031157480436,13.197031157480437
2982,3321,761.0,-44.425,169.725,16.893087755248416,12.327087755248417
2983,3322,939.0,-44.425,169.775,16.870638804131886,11.236638804131886
2984,3323,658.0,-44.425,169.825,16.802819633929175,12.854819633929175
2985,2159,497.0,-44.525,169.875,17.33633933136298,14.35433933136298
2986,2160,468.0,-44.525,169.925,17.19396078128193,14.38596078128193
2987,2161,898.0,-44.525,169.975,17.008333193851286,11.620333193851286
2988,2162,668.0,-44.525,170.025,16.813684619235573,12.805684619235574
2989,2226,710.0,-44.475,169.875,17.02789899619529,12.76789899619529
2990,2907,554.0,-44.575,169.875,17.566880254482385,14.242880254482385
2991,2908,844.0,-44.575,169.925,17.43298504280392,12.36898504280392
2992,2909,706.0,-44.575,169.975,17.25752380078484,13.021523800784838
2993,2910,1130.0,-44.575,170.025,17.06728770416521,10.287287704165209
2994,3042,450.0,-44.475,169.925,16.877192351181293,14.177192351181294
2995,3111,419.0,-44.475,169.975,16.686650896866922,14.172650896866923
2996,3113,400.0,-44.475,170.025,16.486578540236223,14.086578540236223
2997,3324,566.0,-44.425,169.875,16.685617448631092,13.289617448631091
2998,3325,570.0,-44.425,169.925,16.519819539913442,13.099819539913442
2999,3326,448.0,-44.425,169.975,16.320231270234217,13.632231270234216
3000,3331,771.0,-44.425,170.025,16.111907963539124,11.485907963539125
3001,2163,362.0,-44.525,170.075,16.62589310799376,14.45389310799376
3002,2164,628.0,-44.525,170.125,16.449060362530872,12.681060362530872
3003,2165,362.0,-44.525,170.175,16.270974241444492,14.098974241444491
3004,2166,537.0,-44.525,170.225,16.064774557948112,12.842774557948113
3005,2911,441.0,-44.575,170.075,16.877627675261465,14.231627675261464
3006,2912,531.0,-44.575,170.125,16.692768394132145,13.506768394132145
3007,2913,460.0,-44.575,170.175,16.502582954781246,13.742582954781247
3008,2914,406.0,-44.575,170.225,16.26554473640863,13.829544736408629
3009,3115,423.0,-44.475,170.075,16.296824127071886,13.758824127071886
3010,3117,1661.0,-44.475,170.125,16.124385402465123,6.1583854024651234
3011,3119,706.0,-44.475,170.175,15.961366941177403,11.725366941177402
3012,3121,490.0,-44.475,170.225,15.792468378975173,12.852468378975173
3013,3332,1513.0,-44.425,170.075,15.918740147390054,6.840740147390054
3014,3333,1460.0,-44.425,170.125,15.754555291234283,6.994555291234283
3015,3334,904.0,-44.425,170.175,15.616710726506426,10.192710726506427
3016,3335,362.0,-44.425,170.225,15.490695874555968,13.318695874555967
3017,2167,1053.0,-44.525,170.275,15.835976076472434,9.517976076472435
3018,2168,669.0,-44.525,170.325,15.605479034842574,11.591479034842575
3019,2169,1444.0,-44.525,170.375,15.382676495573833,6.718676495573833
3020,2915,530.0,-44.575,170.275,15.99981651242706,12.81981651242706
3021,2916,662.0,-44.575,170.325,15.735831730795326,11.763831730795326
3022,2917,775.0,-44.575,170.375,15.483718749150285,10.833718749150286
3023,3123,683.0,-44.475,170.275,15.613042314042104,11.515042314042105
3024,3126,1530.0,-44.475,170.325,15.428750688690343,6.248750688690343
3025,3128,1384.0,-44.475,170.375,15.245101934910053,6.941101934910053
3026,3336,419.0,-44.425,170.275,15.363605252088746,12.849605252088747
3027,3337,1182.0,-44.425,170.325,15.230174840646214,8.138174840646215
3028,3338,800.0,-44.425,170.375,15.090145273963572,10.29014527396357
3029,2170,805.0,-44.525,170.425,15.172120419665589,10.342120419665589
3030,2171,873.0,-44.525,170.475,14.977132924788748,9.739132924788748
3031,2172,1684.0,-44.525,170.525,14.80108337769343,4.697083377693431
3032,2173,659.0,-44.525,170.575,14.647773008648073,10.693773008648073
3033,2918,553.0,-44.575,170.425,15.248747495817952,11.930747495817952
3034,2919,1310.0,-44.575,170.475,15.034550991898868,7.174550991898869
3035,2920,1086.0,-44.575,170.525,14.844351998748607,8.328351998748609
3036,2921,527.0,-44.575,170.575,14.681415161219775,11.519415161219776
3037,3135,1280.0,-44.475,170.425,15.06590667970886,7.38590667970886
3038,3143,1163.0,-44.475,170.475,14.894650751448353,7.916650751448352
3039,3267,1674.0,-44.475,170.525,14.735348990674538,4.691348990674539
3040,3271,1163.0,-44.475,170.575,14.592796517303213,7.614796517303213
3041,3339,1149.0,-44.425,170.425,14.945526777803025,8.051526777803025
3042,3340,725.0,-44.425,170.475,14.79977388617408,10.44977388617408
3043,3341,920.0,-44.425,170.525,14.657679127602023,9.137679127602023
3044,3342,656.0,-44.425,170.575,14.525281296708272,10.589281296708272
3045,2174,525.0,-44.525,170.625,14.521394293980848,11.371394293980847
3046,2175,448.0,-44.525,170.675,14.426249613905384,11.738249613905383
3047,2176,503.0,-44.525,170.725,14.366328726915526,11.348328726915526
3048,2922,433.0,-44.575,170.625,14.549102363693237,11.951102363693238
3049,2923,471.0,-44.575,170.675,14.450701729867433,11.624701729867432
3050,2924,804.0,-44.575,170.725,14.389131672687654,9.565131672687656
3051,3272,563.0,-44.475,170.625,14.472439803968882,11.094439803968882
3052,3273,458.0,-44.475,170.675,14.37999518046854,11.631995180468541
3053,3274,624.0,-44.475,170.725,14.320889525974053,10.576889525974053
3054,3343,671.0,-44.425,170.625,14.409590199269587,10.383590199269587
3055,3344,546.0,-44.425,170.675,14.318093745976512,11.042093745976512
3056,3345,911.0,-44.425,170.725,14.25804791507835,8.792047915078351
3057,2177,665.0,-44.525,170.775,14.344830173111404,10.354830173111404
3058,2178,921.0,-44.525,170.825,14.3637264089557,8.8377264089557
3059,2179,502.0,-44.525,170.875,14.42348533859331,11.411485338593309
3060,2180,240.0,-44.525,170.925,14.523036678430799,13.0830366784308
3061,2925,732.0,-44.575,170.775,14.366600321089209,9.97460032108921
3062,2926,483.0,-44.575,170.825,14.38429621920659,11.48629621920659
3063,2927,708.0,-44.575,170.875,14.442176928991103,10.194176928991102
3064,2928,878.0,-44.575,170.925,14.538888784292794,9.270888784292794
3065,3275,849.0,-44.475,170.775,14.299600306650973,9.205600306650972
3066,3276,1054.0,-44.475,170.825,14.319019528120407,7.995019528120408
3067,3277,362.0,-44.475,170.875,14.380025997656048,12.208025997656048
3068,3278,216.0,-44.475,170.925,14.481455800982076,13.185455800982076
3069,3346,1011.0,-44.425,170.775,14.235578009451274,8.169578009451275
3070,3347,769.0,-44.425,170.825,14.254716642310086,9.640716642310085
3071,3348,325.0,-44.425,170.875,14.316663473648077,12.366663473648078
3072,3349,298.0,-44.425,170.925,14.419632604520302,12.631632604520302
3073,2181,233.0,-44.525,170.975,14.659984162455657,13.261984162455658
3074,2182,145.0,-44.525,171.025,14.830906076349493,13.960906076349493
3075,2183,96.0,-44.525,171.075,15.031344285511295,14.455344285511295
3076,2184,54.0,-44.525,171.125,15.254744111727632,14.930744111727632
3077,2929,282.0,-44.575,170.975,14.67178115536808,12.97978115536808
3078,2930,161.0,-44.575,171.025,14.836873473963351,13.870873473963352
3079,2931,109.0,-44.575,171.075,15.02851948733587,14.37451948733587
3080,2932,66.0,-44.575,171.125,15.238501171312237,14.842501171312236
3081,3279,307.0,-44.475,170.975,14.62055992466776,12.778559924667759
3082,3280,179.0,-44.475,171.025,14.793845414526004,13.719845414526004
3083,3281,88.0,-44.475,171.075,14.997917730594054,14.469917730594053
3084,3282,51.0,-44.475,171.125,15.22935526893707,14.92335526893707
3085,3350,188.0,-44.425,170.975,14.559508874590392,13.431508874590392
3086,3351,119.0,-44.425,171.025,14.731253906255006,14.017253906255005
3087,3352,78.0,-44.425,171.075,14.930816727501224,14.462816727501224
3088,3353,66.0,-44.425,171.125,15.157061581609014,14.761061581609013
3089,2185,18.0,-44.525,171.175,15.489494292181917,15.381494292181916
3090,3283,19.0,-44.475,171.175,15.481197358189092,15.367197358189092
3091,3284,8.0,-44.475,171.225,15.732094332721317,15.684094332721317
3092,3354,63.0,-44.425,171.175,15.41154770864523,15.03354770864523
3093,3355,32.0,-44.425,171.225,15.686534153253888,15.494534153253888
3094,3356,19.0,-44.375,168.025,12.71708101866534,12.603081018665339
3095,3357,678.0,-44.375,168.075,12.813685079556308,8.745685079556308
3096,3025,340.0,-44.275,168.125,12.928121851349715,10.888121851349716
3097,3027,875.0,-44.275,168.175,13.025519951494061,7.775519951494061
3098,3028,865.0,-44.275,168.225,13.128931802988518,7.938931802988518
3099,3358,740.0,-44.375,168.125,12.92277976690093,8.48277976690093
3100,3359,923.0,-44.375,168.175,13.040813812200213,7.502813812200213
3101,3360,304.0,-44.375,168.225,13.164257171403733,11.340257171403733
3102,3855,87.0,-44.325,168.125,12.923570110331639,12.401570110331638
3103,3856,37.0,-44.325,168.175,13.03073237965873,12.80873237965873
3104,3858,55.0,-44.325,168.225,13.143668753342354,12.813668753342354
3105,3029,309.0,-44.275,168.275,13.235909320123028,11.381909320123029
3106,3030,936.0,-44.275,168.325,13.34421748832392,7.728217488323921
3107,3032,649.0,-44.275,168.375,13.451934965807595,9.557934965807595
3108,3033,1132.0,-44.275,168.425,13.557532930048183,6.765532930048183
3109,3053,1043.0,-44.375,168.325,13.414485605055233,7.1564856050552335
3110,3124,1497.0,-44.375,168.375,13.53580679744482,4.553806797444821
3111,3129,1050.0,-44.375,168.425,13.651789967683726,7.351789967683726
3112,3361,1202.0,-44.375,168.275,13.289800103884772,6.077800103884773
3113,3860,871.0,-44.325,168.275,13.259519317609374,8.033519317609375
3114,3861,749.0,-44.325,168.325,13.37570089037763,8.88170089037763
3115,3862,804.0,-44.325,168.375,13.490010983179673,8.666010983179675
3116,3863,1317.0,-44.325,168.425,13.60071054517175,5.6987105451717515
3117,3034,1170.0,-44.275,168.475,13.659935165269417,6.639935165269417
3118,3035,1032.0,-44.275,168.525,13.758559189547668,7.566559189547668
3119,3036,670.0,-44.275,168.575,13.853335529056494,9.833335529056495
3120,3136,433.0,-44.375,168.475,13.761070646258304,11.163070646258305
3121,3145,1432.0,-44.375,168.525,13.862959462843719,5.270959462843718
3122,3250,1699.0,-44.375,168.575,13.957487448104075,3.763487448104076
3123,3864,1239.0,-44.325,168.475,13.706591116439085,6.272591116439085
3124,3865,591.0,-44.325,168.525,13.807025557936868,10.261025557936868
3125,3866,218.0,-44.325,168.575,13.901996822765796,12.593996822765796
3126,3037,286.0,-44.275,168.625,13.94470104064385,12.22870104064385
3127,3038,795.0,-44.275,168.675,14.033562787284609,9.26356278728461
3128,3039,401.0,-44.275,168.725,14.121231163080665,11.715231163080666
3129,3040,662.0,-44.275,168.775,14.209324057388585,10.237324057388586
3130,3256,1001.0,-44.375,168.625,14.045417433371767,8.039417433371767
3131,3259,1298.0,-44.375,168.675,14.12820965150604,6.34020965150604
3132,3265,2256.0,-44.375,168.725,14.20793544522894,0.6719354452289412
3133,3269,1653.0,-44.375,168.775,14.28714155187481,4.36914155187481
3134,3867,908.0,-44.325,168.625,13.9920972144173,8.544097214417299
3135,3868,724.0,-44.325,168.675,14.078491501772078,9.734491501772077
3136,3869,1872.0,-44.325,168.725,14.162840847537154,2.930840847537155
3137,3870,1077.0,-44.325,168.775,14.24718963066698,7.785189630666981
3138,3041,1175.0,-44.275,168.825,14.299646822386421,7.249646822386421
3139,3043,904.0,-44.275,168.875,14.394054671342019,8.97005467134202
3140,3044,840.0,-44.275,168.925,14.494304330233717,9.454304330233718
3141,3045,762.0,-44.275,168.975,14.601900422683684,10.029900422683685
3142,3366,1487.0,-44.375,168.825,14.368675886769779,5.44667588676978
3143,3372,1203.0,-44.375,168.875,14.455490855150856,7.237490855150857
3144,3379,1130.0,-44.375,168.925,14.55044004159572,7.77044004159572
3145,3386,1434.0,-44.375,168.975,14.65607866254868,6.052078662548681
3146,3871,1858.0,-44.325,168.825,14.333822204251192,3.1858222042511937
3147,3872,1339.0,-44.325,168.875,14.425099635554943,6.3910996355549425
3148,3873,919.0,-44.325,168.925,14.523286466006539,9.00928646600654
3149,3874,1304.0,-44.325,168.975,14.630374554937589,6.80637455493759
3150,3046,1591.0,-44.275,169.025,14.717940120404819,5.17194012040482
3151,3047,1427.0,-44.275,169.075,14.842958671972156,6.280958671972156
3152,3048,750.0,-44.275,169.125,14.97678053828713,10.47678053828713
3153,3394,1627.0,-44.375,169.025,14.774469226438669,5.01246922643867
3154,3400,1419.0,-44.375,169.075,14.906984465982532,6.392984465982533
3155,3405,284.0,-44.375,169.125,15.05409491568571,13.350094915685709
3156,3875,1053.0,-44.325,169.025,14.747906434437027,8.429906434437028
3157,3876,1777.0,-44.325,169.075,14.876796765325707,4.214796765325708
3158,3877,962.0,-44.325,169.125,15.017151075342554,9.245151075342555
3159,3049,419.0,-44.275,169.175,15.11838740571693,12.604387405716931
3160,3052,884.0,-44.275,169.225,15.265824207788683,9.961824207788684
3161,3056,1473.0,-44.275,169.275,15.416171894801664,6.578171894801665
3162,3057,1359.0,-44.275,169.325,15.565612366845016,7.4116123668450165
3163,3412,279.0,-44.375,169.175,15.215137567429338,13.541137567429338
3164,3419,1754.0,-44.375,169.225,15.388094544192427,4.864094544192428
3165,3426,1258.0,-44.375,169.275,15.56946067440731,8.02146067440731
3166,3433,1201.0,-44.375,169.325,15.75430585128197,8.54830585128197
3167,3878,279.0,-44.325,169.175,15.168090159597341,13.494090159597341
3168,3879,1432.0,-44.325,169.225,15.327607575978618,6.735607575978618
3169,3880,1305.0,-44.325,169.275,15.492508490206092,7.662508490206092
3170,3881,1838.0,-44.325,169.325,15.658481422622572,4.630481422622573
3171,3058,1346.0,-44.275,169.375,15.709591697755968,7.633591697755968
3172,3059,1157.0,-44.275,169.425,15.843058562095393,8.901058562095393
3173,3060,589.0,-44.275,169.475,15.960731125218445,12.426731125218446
3174,3440,649.0,-44.375,169.375,15.936590494427946,12.042590494427946
3175,3530,459.0,-44.375,169.425,16.109679083063384,13.355679083063384
3176,3536,1268.0,-44.375,169.475,16.26690380758373,8.65890380758373
3177,3882,891.0,-44.325,169.375,15.820323636275134,10.474323636275134
3178,3883,348.0,-44.325,169.425,15.97228508508124,13.884285085081238
3179,3884,1527.0,-44.325,169.475,16.1084499010758,6.946449901075802
3180,3061,1822.0,-44.275,169.525,16.057340759492945,5.125340759492946
3181,3062,1497.0,-44.275,169.575,16.127816244697897,7.1458162446978974
3182,3063,1410.0,-44.275,169.625,16.167400136138895,7.7074001361388955
3183,3064,1366.0,-44.275,169.675,16.17172352182388,7.975723521823879
3184,3538,1237.0,-44.375,169.525,16.402026766969357,8.980026766969358
3185,3543,1378.0,-44.375,169.575,16.509514594305074,8.241514594305075
3186,3549,787.0,-44.375,169.625,16.584610917794635,11.862610917794635
3187,3555,886.0,-44.375,169.675,16.62323483832006,11.30723483832006
3188,3885,1208.0,-44.325,169.525,16.223067154875025,8.975067154875026
3189,3886,1515.0,-44.325,169.575,16.310771556498366,7.2207715564983666
3190,3887,745.0,-44.325,169.625,16.366677350219106,11.896677350219107
3191,3888,1048.0,-44.325,169.675,16.386369329527952,10.098369329527952
3192,3065,1590.0,-44.275,169.725,16.136908059677808,6.5969080596778085
3193,3066,1158.0,-44.275,169.775,16.059820435679285,9.111820435679284
3194,3067,612.0,-44.275,169.825,15.938659979699878,12.266659979699877
3195,3561,984.0,-44.375,169.725,16.621757039320073,10.717757039320073
3196,3641,1066.0,-44.375,169.775,16.576763130171457,10.180763130171457
3197,3645,810.0,-44.375,169.825,16.485148569990997,11.625148569990998
3198,3889,1760.0,-44.325,169.725,16.365860307210824,5.805860307210823
3199,3890,1762.0,-44.325,169.775,16.301665401639184,5.729665401639183
3200,3891,713.0,-44.325,169.825,16.19129493754008,11.91329493754008
3201,3068,520.0,-44.275,169.875,15.774038182818913,12.654038182818912
3202,3069,520.0,-44.275,169.925,15.570503599374206,12.450503599374205
3203,3070,515.0,-44.275,169.975,15.338252226109034,12.248252226109035
3204,3071,479.0,-44.275,170.025,15.095307033887366,12.221307033887365
3205,3649,600.0,-44.375,169.875,16.345485014971928,12.745485014971928
3206,3655,580.0,-44.375,169.925,16.161729549334268,12.681729549334268
3207,3660,708.0,-44.375,169.975,15.947363586223219,11.699363586223217
3208,3665,677.0,-44.375,170.025,15.725690905834199,11.6636909058342
3209,3892,617.0,-44.325,169.875,16.03460290179646,12.332602901796461
3210,3893,583.0,-44.325,169.925,15.83611948430189,12.33811948430189
3211,3894,550.0,-44.325,169.975,15.607592292129993,12.307592292129993
3212,3895,495.0,-44.325,170.025,15.370288089878159,12.400288089878158
3213,3001,379.0,-44.325,170.175,14.962512291866005,12.688512291866004
3214,3002,374.0,-44.325,170.225,14.937200192085584,12.693200192085584
3215,3072,458.0,-44.275,170.075,14.87341538729379,12.12541538729379
3216,3073,442.0,-44.275,170.125,14.750363586746971,12.098363586746972
3217,3074,436.0,-44.275,170.175,14.73836977868632,12.12236977868632
3218,3075,407.0,-44.275,170.225,14.755277686199406,12.313277686199406
3219,3670,896.0,-44.375,170.075,15.526293622519006,10.150293622519005
3220,3674,1503.0,-44.375,170.125,15.374418592269649,6.35641859226965
3221,3679,474.0,-44.375,170.175,15.271111859445227,12.427111859445228
3222,3684,362.0,-44.375,170.225,15.193959069350967,13.021959069350967
3223,3896,617.0,-44.325,170.075,15.159294019045774,11.457294019045774
3224,3897,923.0,-44.325,170.125,15.02180441271048,9.48380441271048
3225,3003,396.0,-44.325,170.275,14.913338990911143,12.537338990911143
3226,3004,417.0,-44.325,170.325,14.87481814653438,12.372818146534382
3227,3005,468.0,-44.325,170.375,14.814921310789941,12.006921310789942
3228,3076,418.0,-44.275,170.275,14.769284095265903,12.261284095265903
3229,3077,448.0,-44.275,170.325,14.764423858556256,12.076423858556256
3230,3078,759.0,-44.275,170.375,14.732673600286944,10.178673600286945
3231,3752,499.0,-44.375,170.275,15.12017392544658,12.12617392544658
3232,3753,436.0,-44.375,170.325,15.0369759456662,12.4209759456662
3233,3755,782.0,-44.375,170.375,14.939738461791421,10.247738461791421
3234,3006,767.0,-44.325,170.425,14.732527511652734,10.130527511652733
3235,3007,935.0,-44.325,170.475,14.630386458142311,9.020386458142312
3236,3008,1770.0,-44.325,170.525,14.514349195116665,3.894349195116666
3237,3009,890.0,-44.325,170.575,14.392840748740127,9.052840748740127
3238,3079,527.0,-44.275,170.425,14.671367309238121,11.509367309238122
3239,3080,741.0,-44.275,170.475,14.582285272736044,10.136285272736044
3240,3081,1111.0,-44.275,170.525,14.471260305886972,7.805260305886972
3241,3082,923.0,-44.275,170.575,14.347608628617309,8.809608628617308
3242,3758,768.0,-44.375,170.425,14.828657358433702,10.220657358433701
3243,3761,965.0,-44.375,170.475,14.70693124338868,8.916931243388682
3244,3765,1295.0,-44.375,170.525,14.580015272906167,6.810015272906167
3245,3770,820.0,-44.375,170.575,14.455216084621497,9.5352160846215
3246,3010,878.0,-44.325,170.625,14.276270668960933,9.008270668960932
3247,3011,813.0,-44.325,170.675,14.176336238153453,9.298336238153453
3248,3012,776.0,-44.325,170.725,14.105135597616027,9.449135597616028
3249,3083,1073.0,-44.275,170.625,14.223284096340649,7.785284096340649
3250,3084,754.0,-44.275,170.675,14.112053113007278,9.588053113007277
3251,3085,624.0,-44.275,170.725,14.02878377516754,10.28478377516754
3252,3774,809.0,-44.375,170.625,14.341253192455042,9.487253192455043
3253,3778,700.0,-44.375,170.675,14.247655196857522,10.047655196857523
3254,3782,1402.0,-44.375,170.725,14.183913496439345,5.771913496439346
3255,3013,542.0,-44.325,170.775,14.073789911031781,10.821789911031782
3256,3014,784.0,-44.325,170.825,14.090284711252025,9.386284711252024
3257,3015,305.0,-44.325,170.875,14.157015330623835,12.327015330623835
3258,3016,308.0,-44.325,170.925,14.26960863842396,12.421608638423962
3259,3086,432.0,-44.275,170.775,13.988262119397405,11.396262119397404
3260,3087,316.0,-44.275,170.825,14.002306457055965,12.106306457055965
3261,3088,266.0,-44.275,170.875,14.075104079340235,12.479104079340235
3262,3089,460.0,-44.275,170.925,14.200487862486625,11.440487862486625
3263,3786,726.0,-44.375,170.775,14.158306525845546,9.802306525845546
3264,3790,698.0,-44.375,170.825,14.176436864749121,9.988436864749122
3265,3794,303.0,-44.375,170.875,14.2398943737644,12.4218943737644
3266,3798,231.0,-44.375,170.925,14.345766152415308,12.959766152415309
3267,3017,271.0,-44.325,170.975,14.418079127870442,12.792079127870442
3268,3018,204.0,-44.325,171.025,14.5894404851133,13.3654404851133
3269,3019,157.0,-44.325,171.075,14.770458096449147,13.828458096449147
3270,3021,129.0,-44.325,171.125,14.950611999942339,14.176611999942338
3271,3090,159.0,-44.275,170.975,14.364398894867918,13.410398894867917
3272,3091,112.0,-44.275,171.025,14.549489821685711,13.87748982168571
3273,3092,96.0,-44.275,171.075,14.738475552185264,14.162475552185263
3274,3093,81.0,-44.275,171.125,14.917335227997683,14.431335227997682
3275,3802,149.0,-44.375,170.975,14.487437325580686,13.593437325580686
3276,3850,382.0,-44.375,171.025,14.656459896461456,12.364459896461456
3277,3851,205.0,-44.375,171.075,14.845070275485341,13.61507027548534
3278,3852,163.0,-44.375,171.125,15.049441077673691,14.071441077673692
3279,3022,60.0,-44.325,171.175,15.127518297522329,14.76751829752233
3280,3023,19.0,-44.325,171.225,15.330257987356163,15.216257987356162
3281,3024,7.0,-44.325,171.275,15.600152721774066,15.558152721774066
3282,3094,47.0,-44.275,171.175,15.083043947292026,14.801043947292026
3283,3095,31.0,-44.275,171.225,15.269956744079536,15.083956744079536
3284,3096,17.0,-44.275,171.275,15.522545100771822,15.420545100771822
3285,3853,97.0,-44.375,171.175,15.274076477318886,14.692076477318885
3286,3854,31.0,-44.375,171.225,15.529352564823057,15.343352564823057
3287,3097,7.0,-44.275,171.325,15.763462947797962,15.721462947797962
3288,3098,128.0,-44.225,168.175,13.02431648709171,12.25631648709171
3289,3099,617.0,-44.225,168.225,13.119145787786692,9.417145787786692
3290,3595,304.0,-44.175,168.225,13.113476970160264,11.289476970160264
3291,3100,251.0,-44.225,168.275,13.218049967530533,11.712049967530533
3292,3101,789.0,-44.225,168.325,13.319107321920455,8.585107321920455
3293,3102,478.0,-44.225,168.375,13.420650285101146,10.552650285101146
3294,3103,141.0,-44.225,168.425,13.521337566082366,12.675337566082366
3295,3539,128.0,-44.125,168.275,13.196105201845057,12.428105201845057
3296,3545,483.0,-44.125,168.325,13.284387078310829,10.386387078310829
3297,3551,80.0,-44.125,168.375,13.374765192886116,12.894765192886116
3298,3557,455.0,-44.125,168.425,13.466209256075672,10.736209256075671
3299,3596,351.0,-44.175,168.275,13.205056955222972,11.099056955222972
3300,3597,408.0,-44.175,168.325,13.299454189123935,10.851454189123935
3301,3598,957.0,-44.175,168.375,13.39522573647264,7.653225736472639
3302,3599,604.0,-44.175,168.425,13.491196110029705,9.867196110029706
3303,3948,0.0,-44.075,168.325,13.273098157296772,13.273098157296772
3304,3949,12.0,-44.075,168.375,13.358429784115287,13.286429784115288
3305,3950,14.0,-44.075,168.425,13.445530110169784,13.361530110169785
3306,3104,610.0,-44.225,168.475,13.620207626285264,9.960207626285264
3307,3105,1102.0,-44.225,168.525,13.716713115019957,7.104713115019957
3308,3106,1172.0,-44.225,168.575,13.810734632788808,6.778734632788808
3309,3563,993.0,-44.125,168.475,13.557946378059569,7.5999463780595695
3310,3600,80.0,-44.175,168.475,13.586504217775655,13.106504217775655
3311,3601,811.0,-44.175,168.525,13.68063259490009,8.81463259490009
3312,3602,787.0,-44.175,168.575,13.77341781645373,9.05141781645373
3313,3648,55.0,-44.125,168.525,13.649485918722348,13.319485918722348
3314,3653,263.0,-44.125,168.575,13.74062769212469,12.16262769212469
3315,3951,12.0,-44.075,168.475,13.533703637862345,13.461703637862346
3316,3952,197.0,-44.075,168.525,13.622484581777826,12.440484581777826
3317,3953,621.0,-44.075,168.575,13.711643484493834,9.985643484493835
3318,3051,120.0,-44.225,168.775,14.173374453821452,13.453374453821452
3319,3107,425.0,-44.225,168.625,13.902571648548474,11.352571648548473
3320,3108,72.0,-44.225,168.675,13.992908861779142,13.560908861779142
3321,3109,1664.0,-44.225,168.725,14.082757685973775,4.098757685973775
3322,3603,1018.0,-44.175,168.625,13.865040905337082,7.757040905337083
3323,3604,622.0,-44.175,168.675,13.955996997698094,10.223996997698094
3324,3605,321.0,-44.175,168.725,14.04704446886899,12.12104446886899
3325,3606,122.0,-44.175,168.775,14.139134986253339,13.40713498625334
3326,3658,832.0,-44.125,168.625,13.831452816113597,8.839452816113596
3327,3663,928.0,-44.125,168.675,13.922296961536631,8.354296961536631
3328,3668,39.0,-44.125,168.725,14.013706466255826,13.779706466255826
3329,3673,1610.0,-44.125,168.775,14.106378668657271,4.446378668657271
3330,3954,471.0,-44.075,168.625,13.801178940848331,10.97517894084833
3331,3955,20.0,-44.075,168.675,13.89129440751276,13.77129440751276
3332,3956,20.0,-44.075,168.725,13.982360677618999,13.862360677619
3333,3957,654.0,-44.075,168.775,14.074865268863505,10.150865268863505
3334,3055,352.0,-44.075,168.875,14.266343903320376,12.154343903320376
3335,3132,1415.0,-44.225,168.825,14.266158786966116,5.776158786966116
3336,3134,1311.0,-44.075,168.925,14.36628069690778,6.5002806969077795
3337,3141,2259.0,-44.225,168.875,14.36253683641553,0.808536836415529
3338,3142,1168.0,-44.075,168.975,14.46942734051845,7.46142734051845
3339,3246,1610.0,-44.225,168.925,14.463834467329434,4.803834467329434
3340,3251,1605.0,-44.225,168.975,14.571145097463159,4.941145097463158
3341,3607,1518.0,-44.175,168.825,14.233327172958525,5.125327172958526
3342,3608,1484.0,-44.175,168.875,14.330687497189501,5.426687497189501
3343,3609,1057.0,-44.175,168.925,14.432182478238246,8.090182478238248
3344,3610,1553.0,-44.175,168.975,14.53856645632186,5.22056645632186
3345,3678,59.0,-44.125,168.825,14.201088691828772,13.847088691828773
3346,3683,272.0,-44.125,168.875,14.298605644027703,12.666605644027703
3347,3754,1060.0,-44.125,168.925,14.399601716315374,8.039601716315374
3348,3757,1433.0,-44.125,168.975,14.504558044282021,5.906558044282022
3349,3958,1048.0,-44.075,168.825,14.169350658165058,7.881350658165058
3350,3257,465.0,-44.225,169.025,14.685196410355275,11.895196410355275
3351,3258,712.0,-44.075,169.025,14.575804580323165,10.303804580323165
3352,3260,1468.0,-44.225,169.075,14.806220480328193,5.998220480328193
3353,3329,1599.0,-44.225,169.125,14.933833888630033,5.339833888630034
3354,3330,721.0,-44.075,169.075,14.685117780376459,10.359117780376458
3355,3363,881.0,-44.075,169.125,14.796698497797479,9.510698497797478
3356,3611,1145.0,-44.175,169.025,14.650269353660406,7.780269353660406
3357,3612,1560.0,-44.175,169.075,14.767289538867772,5.407289538867772
3358,3613,1008.0,-44.175,169.125,14.889098415151238,8.841098415151238
3359,3760,1037.0,-44.125,169.025,14.613671615210478,8.391671615210479
3360,3763,778.0,-44.125,169.075,14.72676817815227,10.05876817815227
3361,3766,980.0,-44.125,169.125,14.843227095960174,8.963227095960175
3362,3364,1061.0,-44.225,169.175,15.066938393269083,8.700938393269084
3363,3369,300.0,-44.225,169.225,15.203657293735887,13.403657293735886
3364,3371,878.0,-44.075,169.175,14.909462967247237,9.641462967247236
3365,3375,1588.0,-44.225,169.275,15.341324616034399,5.813324616034398
3366,3378,1597.0,-44.075,169.225,15.021892918710364,5.439892918710363
3367,3382,1161.0,-44.225,169.325,15.476539861541823,8.510539861541824
3368,3385,1064.0,-44.075,169.275,15.132043175515719,8.748043175515718
3369,3399,1207.0,-44.075,169.325,15.237578402477084,7.995578402477084
3370,3614,1571.0,-44.175,169.175,15.014565533521818,5.588565533521818
3371,3615,1084.0,-44.175,169.225,15.14191485424817,8.637914854248171
3372,3616,424.0,-44.175,169.275,15.268722581240581,12.72472258124058
3373,3617,889.0,-44.175,169.325,15.391963193498668,10.057963193498669
3374,3769,827.0,-44.125,169.175,14.961925144380075,9.999925144380075
3375,3773,786.0,-44.125,169.225,15.081206763876253,10.365206763876252
3376,3777,1317.0,-44.125,169.275,15.198887375736376,7.296887375736377
3377,3781,907.0,-44.125,169.325,15.31229348720808,9.87029348720808
3378,3389,1664.0,-44.225,169.375,15.605289072700543,5.621289072700543
3379,3393,1782.0,-44.225,169.425,15.723117081084638,5.031117081084638
3380,3404,721.0,-44.075,169.375,15.335838528364548,11.009838528364547
3381,3407,379.0,-44.225,169.475,15.825323515760829,13.551323515760828
3382,3411,1807.0,-44.075,169.425,15.42392964757164,4.58192964757164
3383,3418,1581.0,-44.075,169.475,15.498835767939454,6.012835767939453
3384,3618,1443.0,-44.175,169.375,15.508102870284347,6.850102870284347
3385,3619,1575.0,-44.175,169.425,15.61323071764491,6.163230717644911
3386,3620,1351.0,-44.175,169.475,15.703211956861196,7.597211956861196
3387,3785,1402.0,-44.125,169.375,15.41833871784911,7.006338717849111
3388,3789,1028.0,-44.125,169.425,15.513630003784783,9.345630003784784
3389,3793,1685.0,-44.125,169.475,15.594595201837365,5.484595201837363
3390,3414,1600.0,-44.225,169.525,15.90715303226898,6.30715303226898
3391,3421,1026.0,-44.225,169.575,15.963960138891707,9.807960138891708
3392,3425,1767.0,-44.075,169.525,15.55754770587373,4.95554770587373
3393,3428,792.0,-44.225,169.625,15.991348679861403,11.239348679861404
3394,3432,1450.0,-44.075,169.575,15.597209147817921,6.897209147817922
3395,3435,1577.0,-44.225,169.675,15.985312405638979,6.523312405638979
3396,3439,1251.0,-44.075,169.625,15.615286062529776,8.109286062529776
3397,3446,1781.0,-44.075,169.675,15.60977308981819,4.923773089818193
3398,3621,400.0,-44.175,169.525,15.77384703309508,13.37384703309508
3399,3622,1980.0,-44.175,169.575,15.821027874655556,3.941027874655555
3400,3623,1253.0,-44.175,169.625,15.84089654123818,8.322896541238181
3401,3624,1439.0,-44.175,169.675,15.830030236247694,7.196030236247694
3402,3797,743.0,-44.125,169.525,15.657624052953906,11.199624052953908
3403,3800,983.0,-44.125,169.575,15.699219875619747,9.801219875619747
3404,3898,1862.0,-44.125,169.625,15.716169059916865,4.5441690599168645
3405,3900,1506.0,-44.125,169.675,15.705747953412356,6.669747953412356
3406,3442,1078.0,-44.225,169.725,15.94243407889735,9.47443407889735
3407,3447,1880.0,-44.075,169.725,15.579457333136816,4.299457333136816
3408,3448,1287.0,-44.075,169.775,15.524263594677905,7.802263594677905
3409,3449,578.0,-44.075,169.825,15.445702144876122,11.977702144876123
3410,3534,1643.0,-44.225,169.775,15.860231452970766,6.002231452970767
3411,3542,520.0,-44.225,169.825,15.737752580011147,12.617752580011146
3412,3625,1683.0,-44.175,169.725,15.785697201441508,5.687697201441509
3413,3626,920.0,-44.175,169.775,15.70624519145349,10.18624519145349
3414,3627,520.0,-44.175,169.825,15.591690046858275,12.471690046858274
3415,3901,1120.0,-44.125,169.725,15.665999641583767,8.945999641583768
3416,3903,1300.0,-44.125,169.775,15.596122956761974,7.796122956761974
3417,3905,603.0,-44.125,169.825,15.49701920618827,11.87901920618827
3418,3450,556.0,-44.075,169.875,15.347424319916172,12.011424319916172
3419,3451,1468.0,-44.075,169.925,15.235842616661103,6.427842616661103
3420,3452,1799.0,-44.075,169.975,15.120626709613134,4.3266267096131354
3421,3453,1618.0,-44.075,170.025,15.014511548055452,5.306511548055452
3422,3548,520.0,-44.225,169.875,15.576491608240758,12.456491608240757
3423,3554,1530.0,-44.225,169.925,15.38162825202744,6.20162825202744
3424,3560,1101.0,-44.225,169.975,15.163654830728774,8.557654830728774
3425,3566,553.0,-44.225,170.025,14.941109084538766,11.623109084538767
3426,3628,572.0,-44.175,169.875,15.444563409881084,12.012563409881084
3427,3629,1732.0,-44.175,169.925,15.271082734660013,4.879082734660013
3428,3630,922.0,-44.175,169.975,15.082800056261476,9.550800056261476
3429,3631,666.0,-44.175,170.025,14.899067558726529,10.903067558726528
3430,3907,540.0,-44.125,169.875,15.372037358800299,12.132037358800298
3431,3909,1718.0,-44.125,169.925,15.227944427533657,4.9199444275336575
3432,3911,1473.0,-44.125,169.975,15.076080161190475,6.238080161190476
3433,3913,865.0,-44.125,170.025,14.933264505234547,9.743264505234546
3434,3454,994.0,-44.075,170.075,14.931257375865243,8.967257375865245
3435,3455,703.0,-44.075,170.125,14.880865637685929,10.662865637685929
3436,3456,524.0,-44.075,170.175,14.864297338295728,11.720297338295728
3437,3457,567.0,-44.075,170.225,14.872774520990788,11.470774520990789
3438,3567,492.0,-44.225,170.075,14.747809499967843,11.795809499967843
3439,3568,488.0,-44.225,170.125,14.64483247778844,11.71683247778844
3440,3569,458.0,-44.225,170.175,14.63948316765891,11.89148316765891
3441,3570,481.0,-44.225,170.225,14.670787466478941,11.784787466478942
3442,3632,568.0,-44.175,170.075,14.749602593423333,11.341602593423334
3443,3633,569.0,-44.175,170.125,14.666718210959516,11.252718210959516
3444,3634,556.0,-44.175,170.175,14.653314247858361,11.317314247858361
3445,3635,579.0,-44.175,170.225,14.679199447658902,11.205199447658902
3446,3915,703.0,-44.125,170.075,14.820502284012036,10.602502284012036
3447,3917,621.0,-44.125,170.125,14.755250453672488,11.02925045367249
3448,3918,524.0,-44.125,170.175,14.738983339149854,11.594983339149854
3449,3919,634.0,-44.125,170.225,14.755861234472832,10.951861234472831
3450,3458,679.0,-44.075,170.275,14.892056677032087,10.818056677032088
3451,3459,676.0,-44.075,170.325,14.90654881005321,10.850548810053208
3452,3460,673.0,-44.075,170.375,14.900123381208687,10.862123381208686
3453,3571,479.0,-44.225,170.275,14.703173721041821,11.82917372104182
3454,3572,476.0,-44.225,170.325,14.717617826318019,11.86161782631802
3455,3573,495.0,-44.225,170.375,14.703122707782313,11.733122707782313
3456,3636,607.0,-44.175,170.275,14.713463292238885,11.071463292238885
3457,3637,520.0,-44.175,170.325,14.734524899140524,11.614524899140523
3458,3638,524.0,-44.175,170.375,14.727703817792644,11.583703817792644
3459,3920,795.0,-44.125,170.275,14.784130380190618,10.014130380190618
3460,3921,600.0,-44.125,170.325,14.804015256835555,11.204015256835556
3461,3922,585.0,-44.125,170.375,14.798796157141624,11.288796157141624
3462,3050,559.0,-44.175,170.525,14.479416671820218,11.125416671820219
3463,3130,906.0,-44.175,170.575,14.335575476136,8.899575476136
3464,3461,647.0,-44.075,170.425,14.85447459120769,10.97247459120769
3465,3462,676.0,-44.075,170.475,14.75404801125842,10.698048011258418
3466,3463,674.0,-44.075,170.525,14.605594658343762,10.561594658343761
3467,3464,914.0,-44.075,170.575,14.430950452580873,8.946950452580873
3468,3574,505.0,-44.225,170.425,14.654254418863275,11.624254418863275
3469,3575,533.0,-44.225,170.475,14.570908321649767,11.372908321649767
3470,3576,605.0,-44.225,170.525,14.458470708239474,10.828470708239475
3471,3577,776.0,-44.225,170.575,14.327073479995306,9.671073479995307
3472,3639,547.0,-44.175,170.425,14.68362783449993,11.40162783449993
3473,3640,554.0,-44.175,170.475,14.599258264657692,11.275258264657692
3474,3923,582.0,-44.125,170.425,14.754585222137393,11.262585222137393
3475,3924,605.0,-44.125,170.475,14.663957296914305,11.033957296914306
3476,3925,598.0,-44.125,170.525,14.531739451238536,10.943739451238535
3477,3926,819.0,-44.125,170.575,14.372573694519815,9.458573694519815
3478,3139,1051.0,-44.175,170.625,14.182679131874465,7.876679131874465
3479,3148,780.0,-44.175,170.675,14.037138830048207,9.357138830048207
3480,3253,902.0,-44.175,170.725,13.917028533403936,8.505028533403937
3481,3465,688.0,-44.075,170.625,14.249786936408782,10.121786936408782
3482,3466,649.0,-44.075,170.675,14.07905124303943,10.18505124303943
3483,3467,625.0,-44.075,170.725,13.93575189555122,10.18575189555122
3484,3578,1075.0,-44.225,170.625,14.190081635104434,7.740081635104434
3485,3579,733.0,-44.225,170.675,14.06291267706547,9.66491267706547
3486,3580,489.0,-44.225,170.725,13.962763260948122,11.028763260948123
3487,3927,846.0,-44.125,170.625,14.203654568220372,9.127654568220372
3488,3928,656.0,-44.125,170.675,14.041864503044053,10.105864503044053
3489,3929,1184.0,-44.125,170.725,13.904570211765531,6.800570211765531
3490,3263,398.0,-44.175,170.775,13.844279342571099,11.456279342571099
3491,3328,311.0,-44.175,170.825,13.846602279299987,11.980602279299987
3492,3365,315.0,-44.175,170.875,13.941457638480642,12.051457638480642
3493,3368,291.0,-44.175,170.925,14.111831272748532,12.365831272748531
3494,3468,403.0,-44.075,170.775,13.840600935574912,11.422600935574913
3495,3469,315.0,-44.075,170.825,13.82823953738989,11.93823953738989
3496,3470,350.0,-44.075,170.875,13.937737311454839,11.83773731145484
3497,3471,342.0,-44.075,170.925,14.132409128142172,12.080409128142172
3498,3581,464.0,-44.225,170.775,13.908605286560487,11.124605286560488
3499,3582,319.0,-44.225,170.825,13.918548998073675,12.004548998073675
3500,3583,231.0,-44.225,170.875,14.000686779072566,12.614686779072567
3501,3584,299.0,-44.225,170.925,14.145836802628764,12.351836802628764
3502,3930,420.0,-44.125,170.775,13.812629193562316,11.292629193562316
3503,3931,318.0,-44.125,170.825,13.800913764178404,11.892913764178404
3504,3932,258.0,-44.125,170.875,13.912178558573942,12.364178558573942
3505,3933,491.0,-44.125,170.925,14.105661748348211,11.159661748348212
3506,3373,193.0,-44.175,170.975,14.330041733381222,13.172041733381223
3507,3380,197.0,-44.175,171.025,14.574067662841117,13.392067662841116
3508,3387,199.0,-44.175,171.075,14.825610022002365,13.631610022002366
3509,3398,200.0,-44.175,171.125,15.068015830671357,13.868015830671357
3510,3472,358.0,-44.075,170.975,14.379420569355716,12.231420569355716
3511,3473,484.0,-44.075,171.025,14.660536897550628,11.756536897550628
3512,3474,486.0,-44.075,171.075,14.961276427653502,12.045276427653501
3513,3475,245.0,-44.075,171.125,15.26470296682237,13.794702966822369
3514,3585,155.0,-44.225,170.975,14.334465538340737,13.404465538340737
3515,3586,113.0,-44.225,171.025,14.545830647643015,13.867830647643014
3516,3587,140.0,-44.225,171.075,14.761121764793643,13.921121764793643
3517,3588,79.0,-44.225,171.125,14.965723786255694,14.491723786255694
3518,3934,229.0,-44.125,170.975,14.3477192727878,12.973719272787799
3519,3935,241.0,-44.125,171.025,14.619173514241993,13.173173514241993
3520,3936,259.0,-44.125,171.075,14.903983466567297,13.349983466567297
3521,3937,151.0,-44.125,171.125,15.18374234419025,14.27774234419025
3522,3406,134.0,-44.175,171.175,15.287304221834347,14.483304221834347
3523,3413,61.0,-44.175,171.225,15.477045023908431,15.111045023908432
3524,3420,46.0,-44.175,171.275,15.64098435358028,15.36498435358028
3525,3476,161.0,-44.075,171.175,15.538637164616375,14.572637164616376
3526,3477,209.0,-44.075,171.225,15.710451941144129,14.45645194114413
3527,3478,128.0,-44.075,171.275,15.768732819873549,15.000732819873548
3528,3589,70.0,-44.225,171.175,15.156123091212066,14.736123091212066
3529,3590,46.0,-44.225,171.225,15.348594971241255,15.072594971241255
3530,3591,21.0,-44.225,171.275,15.555867629045679,15.42986762904568
3531,3938,142.0,-44.125,171.175,15.431126603907614,14.579126603907614
3532,3939,101.0,-44.125,171.225,15.61315639555687,15.007156395556871
3533,3940,83.0,-44.125,171.275,15.728776506679424,15.230776506679424
3534,3427,43.0,-44.175,171.325,15.787078148205183,15.529078148205183
3535,3434,36.0,-44.175,171.375,15.918973276020552,15.702973276020552
3536,3441,33.0,-44.175,171.425,16.034633361181477,15.836633361181477
3537,3479,117.0,-44.075,171.325,15.805552375706611,15.103552375706611
3538,3480,101.0,-44.075,171.375,15.858799246154376,15.252799246154376
3539,3481,85.0,-44.075,171.425,15.927871265477734,15.417871265477734
3540,3482,78.0,-44.075,171.475,16.00322686498839,15.535226864988392
3541,3535,21.0,-44.175,171.475,16.132505671252147,16.006505671252146
3542,3592,16.0,-44.225,171.325,15.755801689439977,15.659801689439977
3543,3593,10.0,-44.225,171.375,15.927656333551568,15.867656333551567
3544,3594,4.0,-44.225,171.425,16.066987792808504,16.042987792808503
3545,3941,76.0,-44.125,171.325,15.817098353516485,15.361098353516486
3546,3942,71.0,-44.125,171.375,15.905570965231163,15.479570965231163
3547,3943,59.0,-44.125,171.425,15.994131503626704,15.640131503626705
3548,3944,44.0,-44.125,171.475,16.07831167711265,15.814311677112652
3549,3483,63.0,-44.075,171.525,16.075348120561102,15.697348120561102
3550,3484,47.0,-44.075,171.575,16.13614667118236,15.85414667118236
3551,3485,30.0,-44.075,171.625,16.178515455663728,15.998515455663728
3552,3537,9.0,-44.175,171.525,16.211280206684023,16.157280206684025
3553,3945,35.0,-44.125,171.525,16.15245424909517,15.94245424909517
3554,3946,20.0,-44.125,171.575,16.21112053145771,16.091120531457708
3555,3947,3.0,-44.125,171.625,16.249293683889846,16.231293683889845
3556,3486,26.0,-44.075,171.675,16.195826766146638,16.03982676614664
3557,3487,20.0,-44.075,171.725,16.182511129060003,16.062511129060002
3558,3488,12.0,-44.025,168.375,13.345449484782876,13.273449484782876
3559,3489,200.0,-44.025,168.425,13.42837726797734,12.22837726797734
3560,3490,349.0,-44.025,168.475,13.513006720502744,11.419006720502745
3561,3491,341.0,-44.025,168.525,13.598895491479198,11.552895491479198
3562,3492,344.0,-44.025,168.575,13.685791963609518,11.621791963609517
3563,3493,41.0,-44.025,168.625,13.77362800942501,13.52762800942501
3564,3494,22.0,-44.025,168.675,13.862499181210296,13.730499181210297
3565,3495,20.0,-44.025,168.725,13.95263293060998,13.83263293060998
3566,3496,15.0,-44.025,168.775,14.044346010079607,13.954346010079608
3567,3497,21.0,-44.025,168.825,14.137992761170608,14.011992761170609
3568,3498,57.0,-44.025,168.875,14.233906515859417,13.891906515859416
3569,3499,1644.0,-44.025,168.925,14.332336799809127,4.468336799809126
3570,3500,218.0,-44.025,168.975,14.433385443524458,13.125385443524458
3571,3664,12.0,-43.975,168.825,14.106869560419,14.034869560419
3572,3669,17.0,-43.975,168.875,14.201250607249676,14.099250607249676
3573,3675,297.0,-43.975,168.925,14.297816478036111,12.515816478036111
3574,3680,977.0,-43.975,168.975,14.39654686114227,8.534546861142271
3575,3745,7.0,-43.925,168.925,14.262701275918516,14.220701275918517
3576,3746,14.0,-43.925,168.975,14.35893757850863,14.27493757850863
3577,3501,503.0,-44.025,169.025,14.536945114581613,11.518945114581612
3578,3502,664.0,-44.025,169.075,14.642644170467975,10.658644170467975
3579,3503,828.0,-44.025,169.125,14.749802057311172,9.781802057311172
3580,3685,703.0,-43.975,169.025,14.49724604972289,10.27924604972289
3581,3686,732.0,-43.975,169.075,14.59950015929644,10.20750015929644
3582,3687,845.0,-43.975,169.125,14.702643936529057,9.632643936529057
3583,3747,31.0,-43.925,169.025,14.456747431060649,14.270747431060649
3584,3748,29.0,-43.925,169.075,14.555701295263134,14.381701295263134
3585,3749,296.0,-43.925,169.125,14.655168709679856,12.879168709679856
3586,3054,153.0,-43.925,169.275,14.947171082967543,14.029171082967544
3587,3131,1234.0,-43.925,169.325,15.038236645166762,7.634236645166762
3588,3504,957.0,-44.025,169.175,14.857399589207489,9.115399589207488
3589,3505,1010.0,-44.025,169.225,14.964068163288175,8.904068163288176
3590,3506,1279.0,-44.025,169.275,15.068101086159004,7.394101086159004
3591,3507,383.0,-44.025,169.325,15.16748873105098,12.86948873105098
3592,3688,181.0,-43.975,169.175,14.805740606578183,13.719740606578183
3593,3689,365.0,-43.975,169.225,14.907577871883404,12.717577871883405
3594,3690,1090.0,-43.975,169.275,15.00668245529232,8.466682455292322
3595,3691,1047.0,-43.975,169.325,15.101354541067849,8.819354541067849
3596,3750,351.0,-43.925,169.175,14.754305842827307,12.648305842827307
3597,3751,1392.0,-43.925,169.225,14.85205687735288,6.500056877352879
3598,3140,1646.0,-43.925,169.375,15.123731441111886,5.2477314411118865
3599,3149,608.0,-43.925,169.425,15.20209013063868,11.55409013063868
3600,3150,828.0,-43.925,169.475,15.271786303826957,10.303786303826957
3601,3508,347.0,-44.025,169.375,15.259977450332372,13.17797745033237
3602,3509,1299.0,-44.025,169.425,15.343150567365228,7.549150567365229
3603,3510,1258.0,-44.025,169.475,15.414529032437713,7.866529032437713
3604,3692,319.0,-43.975,169.375,15.189722259470727,13.275722259470728
3605,3693,100.0,-43.975,169.425,15.269815322957584,14.669815322957584
3606,3694,145.0,-43.975,169.475,15.339656341209775,14.469656341209776
3607,3151,423.0,-43.925,169.525,15.331427980214357,12.793427980214357
3608,3152,181.0,-43.925,169.575,15.379864280941547,14.293864280941547
3609,3153,357.0,-43.925,169.625,15.416299989214167,13.274299989214168
3610,3154,329.0,-43.925,169.675,15.440412078838563,13.466412078838562
3611,3511,837.0,-44.025,169.525,15.471689946920378,10.44968994692038
3612,3512,1774.0,-44.025,169.575,15.51240327434789,4.868403274347891
3613,3513,651.0,-44.025,169.625,15.534790208766935,11.628790208766937
3614,3514,1756.0,-44.025,169.675,15.537509821064305,5.001509821064305
3615,3695,1440.0,-43.975,169.525,15.397368449514033,6.757368449514033
3616,3696,1577.0,-43.975,169.575,15.44129853679624,5.9792985367962395
3617,3697,2127.0,-43.975,169.625,15.47015605425986,2.7081560542598613
3618,3698,1601.0,-43.975,169.675,15.483167090715142,5.877167090715142
3619,3155,1451.0,-43.925,169.725,15.452456806524424,6.746456806524424
3620,3156,1272.0,-43.925,169.775,15.453346218346269,7.821346218346269
3621,3157,844.0,-43.925,169.825,15.444658155582147,10.380658155582147
3622,3515,1486.0,-44.025,169.725,15.519982135243481,6.603982135243482
3623,3516,1842.0,-44.025,169.775,15.482653456434491,4.43065345643449
3624,3517,604.0,-44.025,169.825,15.427300436145742,11.803300436145744
3625,3699,1029.0,-43.975,169.725,15.480240685821627,9.306240685821628
3626,3700,1814.0,-43.975,169.775,15.462137371534482,4.578137371534481
3627,3701,648.0,-43.975,169.825,15.430616825833567,11.542616825833568
3628,3158,1509.0,-43.925,169.875,15.428526558862359,6.3745265588623585
3629,3159,1470.0,-43.925,169.925,15.407352271526179,6.58735227152618
3630,3160,1028.0,-43.925,169.975,15.383317836218339,9.21531783621834
3631,3161,2232.0,-43.925,170.025,15.357854299945757,1.9658542999457573
3632,3518,1656.0,-44.025,169.875,15.357346999575384,5.421346999575386
3633,3519,586.0,-44.025,169.925,15.278119351933128,11.762119351933128
3634,3520,1886.0,-44.025,169.975,15.19686400880164,3.880864008801641
3635,3521,1860.0,-44.025,170.025,15.122194009971281,3.962194009971281
3636,3702,2355.0,-43.975,169.875,15.388521184766432,1.2585211847664315
3637,3703,1069.0,-43.975,169.925,15.339725497462496,8.925725497462496
3638,3704,1103.0,-43.975,169.975,15.28887011804909,8.670870118049091
3639,3705,2072.0,-43.975,170.025,15.240812970427214,2.8088129704272156
3640,3162,1507.0,-43.925,170.075,15.331483028254297,6.289483028254297
3641,3163,565.0,-43.925,170.125,15.304382392198022,11.914382392198021
3642,3164,524.0,-43.925,170.175,15.277002180613636,12.133002180613635
3643,3165,887.0,-43.925,170.225,15.249459623912117,9.927459623912117
3644,3522,1579.0,-44.025,170.075,15.06254808936501,5.588548089365011
3645,3523,660.0,-44.025,170.125,15.023680283440626,11.063680283440627
3646,3524,524.0,-44.025,170.175,15.006331512035104,11.862331512035103
3647,3525,643.0,-44.025,170.225,15.005750736418122,11.147750736418121
3648,3706,1443.0,-43.975,170.075,15.199833380283962,6.541833380283963
3649,3707,754.0,-43.975,170.125,15.168743831680331,10.64474383168033
3650,3708,524.0,-43.975,170.175,15.148119457764551,12.004119457764551
3651,3709,670.0,-43.975,170.225,15.135844009535504,11.115844009535504
3652,3166,1079.0,-43.925,170.275,15.220013427722733,8.746013427722733
3653,3167,965.0,-43.925,170.325,15.183824377112614,9.393824377112615
3654,3168,962.0,-43.925,170.375,15.131971905037062,9.359971905037064
3655,3526,736.0,-44.025,170.275,15.013196175139456,10.597196175139455
3656,3527,799.0,-44.025,170.325,15.01771349520277,10.22371349520277
3657,3528,791.0,-44.025,170.375,15.006402423132386,10.260402423132387
3658,3710,823.0,-43.975,170.275,15.127082129933115,10.189082129933116
3659,3711,823.0,-43.975,170.325,15.114433605551312,10.176433605551313
3660,3712,842.0,-43.975,170.375,15.087430744999438,10.035430744999438
3661,3020,737.0,-44.025,170.475,14.847896298779233,10.425896298779232
3662,3138,825.0,-44.025,170.525,14.682359217928024,9.732359217928025
3663,3147,1087.0,-44.025,170.575,14.496968587962328,7.974968587962329
3664,3169,850.0,-43.925,170.425,15.050510607368778,9.950510607368779
3665,3170,774.0,-43.925,170.475,14.926640256977407,10.282640256977407
3666,3171,710.0,-43.925,170.525,14.767402422818122,10.507402422818123
3667,3172,894.0,-43.925,170.575,14.593803191201005,9.229803191201004
3668,3529,740.0,-44.025,170.425,14.960694465145934,10.520694465145933
3669,3713,831.0,-43.975,170.425,15.028784369627829,10.042784369627828
3670,3714,878.0,-43.975,170.475,14.908229794637009,9.640229794637008
3671,3715,759.0,-43.975,170.525,14.739476794202346,10.185476794202348
3672,3716,918.0,-43.975,170.575,14.5547471483369,9.046747148336902
3673,3173,1720.0,-43.925,170.625,14.425012236977636,4.105012236977638
3674,3174,1490.0,-43.925,170.675,14.277260906143056,5.337260906143056
3675,3175,1038.0,-43.925,170.725,14.16551010623516,7.93751010623516
3676,3249,926.0,-44.025,170.625,14.311024040100165,8.755024040100164
3677,3255,544.0,-44.025,170.675,14.140876992198173,10.876876992198174
3678,3261,434.0,-44.025,170.725,14.003629492566688,11.399629492566689
3679,3717,1217.0,-43.975,170.625,14.373495796739007,7.071495796739008
3680,3718,1146.0,-43.975,170.675,14.212007584021194,7.336007584021194
3681,3719,677.0,-43.975,170.725,14.086683060369978,10.024683060369979
3682,3176,964.0,-43.925,170.775,14.103622271279164,8.319622271279165
3683,3177,622.0,-43.925,170.825,14.102224510425003,10.370224510425004
3684,3178,575.0,-43.925,170.875,14.164658840170887,10.714658840170888
3685,3179,730.0,-43.925,170.925,14.284544107882539,9.90454410788254
3686,3327,423.0,-44.025,170.775,13.920171215038863,11.382171215038863
3687,3367,394.0,-44.025,170.825,13.916633871529484,11.552633871529483
3688,3374,395.0,-44.025,170.875,14.009151574362477,11.639151574362476
3689,3381,348.0,-44.025,170.925,14.182871164761309,12.094871164761308
3690,3720,534.0,-43.975,170.775,14.015181641741947,10.811181641741946
3691,3721,453.0,-43.975,170.825,14.014190994028468,11.296190994028468
3692,3722,394.0,-43.975,170.875,14.091147348532104,11.727147348532103
3693,3723,721.0,-43.975,170.925,14.237870968143397,9.911870968143397
3694,3180,618.0,-43.925,170.975,14.447759891307214,10.739759891307214
3695,3181,1136.0,-43.925,171.025,14.635925848553597,7.819925848553598
3696,3182,686.0,-43.925,171.075,14.82769496140827,10.71169496140827
3697,3183,610.0,-43.925,171.125,14.997789818364254,11.337789818364254
3698,3388,577.0,-44.025,170.975,14.412779727528687,10.950779727528687
3699,3397,599.0,-44.025,171.025,14.679280426411424,11.085280426411424
3700,3401,328.0,-44.025,171.075,14.966381060425192,12.998381060425192
3701,3408,295.0,-44.025,171.125,15.256932982912986,13.486932982912986
3702,3724,732.0,-43.975,170.975,14.436657235273742,10.044657235273743
3703,3725,1211.0,-43.975,171.025,14.668246440596704,7.402246440596705
3704,3726,916.0,-43.975,171.075,14.913176030160685,9.417176030160686
3705,3727,592.0,-43.975,171.125,15.14840648479003,11.59640648479003
3706,3184,447.0,-43.925,171.175,15.117729124933248,12.435729124933248
3707,3185,424.0,-43.925,171.225,15.173104944879015,12.629104944879014
3708,3186,250.0,-43.925,171.275,15.22251980148576,13.72251980148576
3709,3415,240.0,-44.025,171.175,15.522762956788938,14.082762956788939
3710,3422,189.0,-44.025,171.225,15.674638711418083,14.540638711418083
3711,3429,170.0,-44.025,171.275,15.69237147354579,14.672371473545791
3712,3728,524.0,-43.975,171.175,15.33968401234597,12.19568401234597
3713,3729,228.0,-43.975,171.225,15.442583528289106,14.074583528289105
3714,3730,206.0,-43.975,171.275,15.48143512243405,14.24543512243405
3715,3187,243.0,-43.925,171.325,15.325866617291467,13.867866617291467
3716,3188,217.0,-43.925,171.375,15.43573465319787,14.13373465319787
3717,3189,193.0,-43.925,171.425,15.53923510684399,14.38123510684399
3718,3190,170.0,-43.925,171.475,15.632029437067104,14.612029437067104
3719,3436,147.0,-44.025,171.325,15.710831049822445,14.828831049822446
3720,3443,137.0,-44.025,171.375,15.757277914257429,14.93527791425743
3721,3531,127.0,-44.025,171.425,15.824752633277967,15.062752633277967
3722,3544,108.0,-44.025,171.475,15.900945715635316,15.252945715635317
3723,3731,202.0,-43.975,171.325,15.531930748911691,14.319930748911691
3724,3732,186.0,-43.975,171.375,15.604824873778853,14.488824873778853
3725,3733,164.0,-43.975,171.425,15.688613250713388,14.704613250713388
3726,3734,138.0,-43.975,171.475,15.773576359446452,14.945576359446452
3727,3191,148.0,-43.925,171.525,15.7114405029497,14.8234405029497
3728,3192,129.0,-43.925,171.575,15.775509287959721,15.00150928795972
3729,3193,111.0,-43.925,171.625,15.822186840516224,15.156186840516224
3730,3550,90.0,-44.025,171.525,15.975464321658364,15.435464321658365
3731,3556,71.0,-44.025,171.575,16.04008638180676,15.614086381806759
3732,3562,57.0,-44.025,171.625,16.08746798287757,15.74546798287757
3733,3735,120.0,-43.975,171.525,15.852577676836518,15.132577676836517
3734,3736,98.0,-43.975,171.575,15.920079655108566,15.332079655108567
3735,3737,84.0,-43.975,171.625,15.970770490399445,15.466770490399446
3736,3194,97.0,-43.925,171.675,15.847470297499967,15.265470297499967
3737,3195,90.0,-43.925,171.725,15.840448866583756,15.300448866583757
3738,3196,82.0,-43.925,171.775,15.773860675479227,15.281860675479228
3739,3197,74.0,-43.925,171.825,15.65800071098056,15.214000710980558
3740,3642,48.0,-44.025,171.675,16.109749262621335,15.821749262621335
3741,3647,43.0,-44.025,171.725,16.098437349006417,15.840437349006418
3742,3650,35.0,-44.025,171.775,16.048324402901926,15.838324402901925
3743,3654,29.0,-44.025,171.825,15.964052003939287,15.790052003939287
3744,3738,71.0,-43.975,171.675,15.997482557831972,15.571482557831972
3745,3739,66.0,-43.975,171.725,15.988657479640096,15.592657479640096
3746,3740,52.0,-43.975,171.775,15.932194446962967,15.620194446962968
3747,3741,51.0,-43.975,171.825,15.834713993615878,15.52871399361588
3748,3198,67.0,-43.925,171.875,15.533296173569397,15.131296173569398
3749,3199,59.0,-43.925,171.925,15.423061949783005,15.069061949783006
3750,3200,47.0,-43.925,171.975,15.338440039820853,15.056440039820853
3751,3659,0.0,-44.025,171.875,15.859066333541705,15.859066333541705
3752,3742,40.0,-43.975,171.875,15.719351561419899,15.479351561419898
3753,3743,32.0,-43.975,171.925,15.605803402148013,15.413803402148012
3754,3744,22.0,-43.975,171.975,15.505306594139256,15.373306594139256
3755,3201,35.0,-43.925,172.025,15.280193950726243,15.070193950726242
3756,3202,21.0,-43.925,172.075,15.241672315067262,15.115672315067263
3757,3203,9.0,-43.875,169.025,14.415395561867626,14.361395561867626
3758,3204,567.0,-43.875,169.075,14.511150986756547,11.109150986756548
3759,3205,45.0,-43.875,169.125,14.607192098032101,14.337192098032101
3760,3423,19.0,-43.825,169.075,14.465671295925858,14.351671295925858
3761,3430,20.0,-43.825,169.125,14.558440087464987,14.438440087464988
3762,3206,1096.0,-43.875,169.175,14.702771602635039,8.126771602635039
3763,3207,273.0,-43.875,169.225,14.796983879467007,13.158983879467007
3764,3208,468.0,-43.875,169.275,14.88878369226586,12.080783692265861
3765,3209,895.0,-43.875,169.325,14.977018972611404,9.607018972611405
3766,3262,81.0,-43.775,169.175,14.597690074107959,14.111690074107958
3767,3268,694.0,-43.775,169.225,14.685689778489177,10.521689778489177
3768,3362,422.0,-43.775,169.275,14.771883114473894,12.239883114473894
3769,3377,345.0,-43.775,169.325,14.855532178509748,12.785532178509747
3770,3437,85.0,-43.825,169.175,14.650720022167661,14.140720022167661
3771,3444,541.0,-43.825,169.225,14.74174360492907,11.49574360492907
3772,3532,1072.0,-43.825,169.275,14.830648514063796,8.398648514063796
3773,3541,615.0,-43.825,169.325,14.91650858813955,11.22650858813955
3774,3984,6.0,-43.725,169.275,14.711664396410924,14.675664396410925
3775,3985,791.0,-43.725,169.325,14.793020403332775,10.047020403332777
3776,3210,1774.0,-43.875,169.375,15.060477752762381,4.416477752762383
3777,3211,883.0,-43.875,169.425,15.13794858152687,9.83994858152687
3778,3212,1857.0,-43.875,169.475,15.208293002055143,4.0662930020551435
3779,3384,204.0,-43.775,169.375,14.935904672500328,13.711904672500328
3780,3390,1205.0,-43.775,169.425,15.012319219313213,7.782319219313212
3781,3392,633.0,-43.775,169.475,15.08419662756205,11.28619662756205
3782,3547,954.0,-43.825,169.375,14.998376341362018,9.274376341362018
3783,3553,1248.0,-43.825,169.425,15.075336147318012,7.5873361473180125
3784,3559,623.0,-43.825,169.475,15.146566391107626,11.408566391107627
3785,3986,480.0,-43.725,169.375,14.87170409844839,11.991704098448391
3786,3987,68.0,-43.725,169.425,14.947207074117614,14.539207074117614
3787,3988,141.0,-43.725,169.475,15.019119707343634,14.173119707343634
3788,3213,1187.0,-43.875,169.525,15.270527820597636,8.148527820597636
3789,3214,913.0,-43.875,169.575,15.323913671891205,9.845913671891203
3790,3215,478.0,-43.875,169.625,15.368044282295159,12.500044282295159
3791,3216,1091.0,-43.875,169.675,15.402927047223784,8.856927047223785
3792,3395,83.0,-43.775,169.525,15.151113943560631,14.653113943560632
3793,3403,1120.0,-43.775,169.575,15.212856512502185,8.492856512502186
3794,3410,395.0,-43.775,169.625,15.269460959738353,12.899460959738352
3795,3417,1592.0,-43.775,169.675,15.321238677322981,5.769238677322981
3796,3565,362.0,-43.825,169.525,15.21140779243433,13.039407792434329
3797,3644,1165.0,-43.825,169.575,15.26943354625837,8.27943354625837
3798,3652,1850.0,-43.825,169.625,15.320514497638214,4.220514497638215
3799,3657,2223.0,-43.825,169.675,15.364868703778484,2.0268687037784847
3800,3989,634.0,-43.725,169.525,15.087170987171703,11.283170987171703
3801,3990,1156.0,-43.725,169.575,15.151263178064255,8.215263178064255
3802,3991,958.0,-43.725,169.625,15.211494367293199,9.463494367293197
3803,3992,580.0,-43.725,169.675,15.268159245228162,11.788159245228162
3804,3217,387.0,-43.875,169.725,15.42903903167462,13.10703903167462
3805,3218,1386.0,-43.875,169.775,15.447332111361902,7.131332111361903
3806,3219,1793.0,-43.875,169.825,15.459145984917996,4.701145984917996
3807,3424,1373.0,-43.775,169.725,15.368764722348715,7.130764722348715
3808,3431,1443.0,-43.775,169.775,15.412810643028934,6.754810643028934
3809,3438,1152.0,-43.775,169.825,15.454191124241333,8.542191124241334
3810,3662,1387.0,-43.825,169.725,15.403078743765946,7.081078743765946
3811,3667,798.0,-43.825,169.775,15.436051190954458,10.648051190954458
3812,3672,1397.0,-43.825,169.825,15.46487983269617,7.08287983269617
3813,3993,868.0,-43.725,169.725,15.321714963851264,10.113714963851265
3814,3994,1584.0,-43.725,169.775,15.372694479046913,5.868694479046914
3815,3995,946.0,-43.725,169.825,15.42154404969915,9.74554404969915
3816,3220,1465.0,-43.875,169.875,15.46596974368731,6.675969743687311
3817,3221,2094.0,-43.875,169.925,15.468981601617998,2.9049816016179975
3818,3222,773.0,-43.875,169.975,15.468332374402962,10.830332374402962
3819,3223,2360.0,-43.875,170.025,15.462357829826942,1.302357829826942
3820,3445,1029.0,-43.775,169.875,15.493481810619414,9.319481810619415
3821,3533,1810.0,-43.775,169.925,15.53054238493496,4.67054238493496
3822,3540,1930.0,-43.775,169.975,15.563715695949213,3.983715695949213
3823,3546,1506.0,-43.775,170.025,15.588336404267466,6.552336404267466
3824,3677,1618.0,-43.825,169.875,15.490556212796946,5.782556212796946
3825,3682,1118.0,-43.825,169.925,15.513445216703985,8.805445216703987
3826,3764,1034.0,-43.825,169.975,15.532407428661827,9.328407428661826
3827,3767,1940.0,-43.825,170.025,15.543461267632665,3.9034612676326663
3828,3996,1250.0,-43.725,169.875,15.468353067699354,7.968353067699354
3829,3997,1082.0,-43.725,169.925,15.512427209141606,9.020427209141605
3830,3998,1702.0,-43.725,169.975,15.551606706874736,5.339606706874736
3831,3999,2257.0,-43.725,170.025,15.581043377176684,2.039043377176684
3832,3224,1456.0,-43.875,170.075,15.447586825466715,6.711586825466714
3833,3225,555.0,-43.875,170.125,15.421008662728127,12.091008662728127
3834,3226,570.0,-43.875,170.175,15.383182729492546,11.963182729492546
3835,3227,1036.0,-43.875,170.225,15.337167885671079,9.12116788567108
3836,3552,1459.0,-43.775,170.075,15.593215468230483,6.839215468230483
3837,3558,648.0,-43.775,170.125,15.559033834113507,11.671033834113507
3838,3564,1108.0,-43.775,170.175,15.490302955986408,8.842302955986408
3839,3643,1237.0,-43.775,170.225,15.404597913751786,7.982597913751787
3840,3771,1059.0,-43.825,170.075,15.538632002127997,9.184632002127998
3841,3775,588.0,-43.825,170.125,15.509597321841284,11.981597321841283
3842,3779,796.0,-43.825,170.175,15.45775102697371,10.68175102697371
3843,3783,988.0,-43.825,170.225,15.391394225844124,9.463394225844123
3844,4000,1230.0,-43.725,170.075,15.590015637841134,8.210015637841135
3845,4109,1318.0,-43.725,170.125,15.549603087427386,7.641603087427386
3846,4127,692.0,-43.725,170.175,15.46861064920813,11.31661064920813
3847,4137,1392.0,-43.725,170.225,15.370133353600977,7.018133353600977
3848,3228,1294.0,-43.875,170.275,15.284497993110563,7.520497993110563
3849,3229,1391.0,-43.875,170.325,15.222977264143992,6.876977264143992
3850,3230,1233.0,-43.875,170.375,15.146586787064734,7.748586787064735
3851,3646,1742.0,-43.775,170.275,15.309350457151595,4.857350457151595
3852,3651,1873.0,-43.775,170.325,15.2063347894873,3.968334789487301
3853,3656,1877.0,-43.775,170.375,15.09476554072171,3.832765540721711
3854,3787,1843.0,-43.825,170.275,15.315746239182772,4.257746239182772
3855,3791,1990.0,-43.825,170.325,15.231111398803478,3.291111398803478
3856,3795,1561.0,-43.825,170.375,15.134469591437664,5.768469591437665
3857,4144,1130.0,-43.725,170.275,15.26178660417645,8.481786604176449
3858,4153,1868.0,-43.725,170.325,15.146596009850327,3.938596009850327
3859,4162,1546.0,-43.725,170.375,15.02565035722364,5.74965035722364
3860,3231,816.0,-43.875,170.425,15.047194628983561,10.15119462898356
3861,3232,736.0,-43.875,170.475,14.919953192511457,10.503953192511457
3862,3233,710.0,-43.875,170.525,14.769950160298322,10.509950160298322
3863,3234,830.0,-43.875,170.575,14.610762711279676,9.630762711279676
3864,3661,1736.0,-43.775,170.425,14.973542772240762,4.5575427722407635
3865,3666,1591.0,-43.775,170.475,14.843420599223464,5.297420599223464
3866,3671,715.0,-43.775,170.525,14.708467682743503,10.418467682743504
3867,3676,753.0,-43.775,170.575,14.575970368547132,10.057970368547132
3868,3799,1121.0,-43.825,170.425,15.021974130846502,8.295974130846503
3869,3803,1169.0,-43.825,170.475,14.89244822411274,7.878448224112741
3870,3804,710.0,-43.825,170.525,14.750273768273473,10.490273768273473
3871,3805,762.0,-43.825,170.575,14.605020603419689,10.03302060341969
3872,4266,1630.0,-43.725,170.425,14.899801735249639,5.11980173524964
3873,4279,1807.0,-43.725,170.475,14.771051852309029,3.929051852309028
3874,4287,736.0,-43.725,170.525,14.643383540176728,10.227383540176728
3875,4378,760.0,-43.725,170.575,14.522735744809324,9.962735744809326
3876,3235,1220.0,-43.875,170.625,14.45799447450554,7.137994474505541
3877,3236,1794.0,-43.875,170.675,14.32616614588187,3.5621661458818696
3878,3237,1786.0,-43.875,170.725,14.2281562070566,3.5121562070566004
3879,3681,1188.0,-43.775,170.625,14.455038909327413,7.327038909327413
3880,3756,1635.0,-43.775,170.675,14.354958368494408,4.544958368494408
3881,3759,1581.0,-43.775,170.725,14.283862828822748,4.797862828822748
3882,3806,1007.0,-43.825,170.625,14.468627741392993,8.426627741392993
3883,3807,1883.0,-43.825,170.675,14.352966087120876,3.054966087120878
3884,3808,2281.0,-43.825,170.725,14.26848956484173,0.5824895648417314
3885,4384,1101.0,-43.725,170.625,14.416224985616282,7.810224985616282
3886,4390,1920.0,-43.725,170.675,14.331044574100815,2.8110445741008157
3887,4396,1437.0,-43.725,170.725,14.273398125747917,5.651398125747917
3888,3238,1941.0,-43.875,170.775,14.174611978785833,2.5286119787858343
3889,3239,790.0,-43.875,170.825,14.172406674006197,9.432406674006197
3890,3240,750.0,-43.875,170.875,14.222575046173006,9.722575046173006
3891,3241,711.0,-43.875,170.925,14.319188683650282,10.053188683650282
3892,3762,1357.0,-43.775,170.775,14.24768108758144,6.105681087581441
3893,3768,2002.0,-43.775,170.825,14.249211789370747,2.2372117893707486
3894,3772,1737.0,-43.775,170.875,14.287412021396449,3.8654120213964482
3895,3776,1115.0,-43.775,170.925,14.357155381556368,7.667155381556367
3896,3809,2027.0,-43.825,170.775,14.223228465933062,2.0612284659330626
3897,3810,1439.0,-43.825,170.825,14.221620879259717,5.587620879259717
3898,3811,809.0,-43.825,170.875,14.263355419883737,9.409355419883738
3899,3812,1340.0,-43.825,170.925,14.342818973353133,6.3028189733531335
3900,4400,1539.0,-43.725,170.775,14.24759217378596,5.013592173785961
3901,4403,1144.0,-43.725,170.825,14.255316559254425,7.391316559254425
3902,4410,659.0,-43.725,170.875,14.295187348550826,10.341187348550825
3903,4412,1511.0,-43.725,170.925,14.362683248262329,5.29668324826233
3904,3242,547.0,-43.875,170.975,14.450085200885951,11.168085200885951
3905,3243,724.0,-43.875,171.025,14.598574945906876,10.254574945906874
3906,3244,973.0,-43.875,171.075,14.744887682281842,8.906887682281841
3907,3245,544.0,-43.875,171.125,14.86783757602825,11.603837576028251
3908,3780,1018.0,-43.775,170.975,14.44965823025268,8.34165823025268
3909,3784,1176.0,-43.775,171.025,14.553612472976965,7.497612472976965
3910,3788,1075.0,-43.775,171.075,14.657082388948766,8.207082388948766
3911,3792,1359.0,-43.775,171.125,14.750443101489509,6.596443101489509
3912,3813,1127.0,-43.825,170.975,14.449527464683342,7.687527464683343
3913,3814,644.0,-43.825,171.025,14.56935940538824,10.70535940538824
3914,3815,514.0,-43.825,171.075,14.686384792847093,11.602384792847094
3915,3816,546.0,-43.825,171.125,14.785921980976127,11.509921980976127
3916,4415,1444.0,-43.725,170.975,14.450590486711008,5.786590486711008
3917,4420,1076.0,-43.725,171.025,14.550012710606097,8.094012710606098
3918,4425,623.0,-43.725,171.075,14.651964451826643,10.913964451826644
3919,4432,420.0,-43.725,171.125,14.749475361444638,12.229475361444639
3920,3031,876.0,-43.875,171.175,14.950135665480047,9.694135665480047
3921,3110,914.0,-43.875,171.225,14.99449539003399,9.51049539003399
3922,3112,303.0,-43.875,171.275,15.056090511781804,13.238090511781804
3923,3796,635.0,-43.775,171.175,14.830462601916224,11.020462601916226
3924,3801,477.0,-43.775,171.225,14.903582122162334,12.041582122162334
3925,3817,984.0,-43.825,171.175,14.860563492358779,8.956563492358779
3926,3818,669.0,-43.825,171.225,14.91999033808679,10.905990338086792
3927,3819,364.0,-43.825,171.275,14.993040089859278,12.809040089859277
3928,3857,422.0,-43.775,171.275,14.981925546999264,12.449925546999264
3929,4439,481.0,-43.725,171.175,14.839681323930563,11.953681323930564
3930,4521,877.0,-43.725,171.225,14.924318097226205,9.662318097226205
3931,4523,814.0,-43.725,171.275,15.006486097401648,10.122486097401648
3932,3114,289.0,-43.875,171.325,15.171751964677242,13.437751964677242
3933,3116,260.0,-43.875,171.375,15.293579807803326,13.733579807803325
3934,3118,229.0,-43.875,171.425,15.402040497028793,14.028040497028792
3935,3120,199.0,-43.875,171.475,15.491690024427953,14.297690024427954
3936,3820,348.0,-43.825,171.325,15.093190373510879,13.005190373510878
3937,3821,299.0,-43.825,171.375,15.200482096268388,13.406482096268387
3938,3822,257.0,-43.825,171.425,15.29494802843692,13.75294802843692
3939,3823,236.0,-43.825,171.475,15.366851899365429,13.950851899365428
3940,3859,385.0,-43.775,171.325,15.069309600985434,12.759309600985434
3941,3899,317.0,-43.775,171.375,15.155233258054068,13.253233258054069
3942,3902,303.0,-43.775,171.425,15.22506774294743,13.407067742947431
3943,3904,279.0,-43.775,171.475,15.268263047968503,13.594263047968504
3944,4525,461.0,-43.725,171.325,15.084801227072603,12.318801227072603
3945,4527,373.0,-43.725,171.375,15.151091723862919,12.91309172386292
3946,4529,349.0,-43.725,171.425,15.194067910750164,13.100067910750164
3947,4531,306.0,-43.725,171.475,15.203951468094601,13.367951468094601
3948,3122,184.0,-43.875,171.525,15.560923367425858,14.456923367425858
3949,3125,159.0,-43.875,171.575,15.609630786726484,14.655630786726483
3950,3127,138.0,-43.875,171.625,15.638077202915156,14.810077202915156
3951,3824,216.0,-43.825,171.525,15.412585573190881,14.116585573190882
3952,3825,188.0,-43.825,171.575,15.431692347068747,14.303692347068747
3953,3826,167.0,-43.825,171.625,15.425105264941521,14.42310526494152
3954,3906,247.0,-43.775,171.525,15.27939093815803,13.797390938158031
3955,3908,214.0,-43.775,171.575,15.256922179243702,13.972922179243701
3956,3910,197.0,-43.775,171.625,15.201931726944167,14.019931726944167
3957,4533,262.0,-43.725,171.525,15.174609429348493,13.602609429348494
3958,4535,253.0,-43.725,171.575,15.103813219422591,13.58581321942259
3959,4537,239.0,-43.725,171.625,14.992927801918995,13.558927801918996
3960,3133,124.0,-43.875,171.675,15.6450392026818,14.901039202681801
3961,3144,116.0,-43.875,171.725,15.622640306632093,14.926640306632093
3962,3247,109.0,-43.875,171.775,15.542540898146399,14.888540898146399
3963,3252,102.0,-43.875,171.825,15.41593918090075,14.80393918090075
3964,3827,154.0,-43.825,171.675,15.39308166615956,14.46908166615956
3965,3828,147.0,-43.825,171.725,15.331782953711809,14.449782953711809
3966,3829,141.0,-43.825,171.775,15.233741731564805,14.387741731564805
3967,3830,134.0,-43.825,171.825,15.10466047632508,14.30066047632508
3968,3912,188.0,-43.775,171.675,15.116967180882057,13.988967180882057
3969,3914,183.0,-43.775,171.725,15.005659428643412,13.907659428643411
3970,3916,177.0,-43.775,171.775,14.87467961973016,13.81267961973016
3971,3959,161.0,-43.775,171.825,14.73316969582811,13.76716969582811
3972,4539,229.0,-43.725,171.675,14.846829433336097,13.472829433336097
3973,4541,222.0,-43.725,171.725,14.674696771457093,13.342696771457092
3974,4543,208.0,-43.725,171.775,14.491965987741423,13.243965987741424
3975,4545,192.0,-43.725,171.825,14.324777065565286,13.172777065565286
3976,3264,94.0,-43.875,171.875,15.289596182592504,14.725596182592504
3977,3266,86.0,-43.875,171.925,15.192393450088275,14.676393450088275
3978,3270,73.0,-43.875,171.975,15.13638375968003,14.698383759680029
3979,3831,124.0,-43.825,171.875,14.983862881024834,14.239862881024834
3980,3832,108.0,-43.825,171.925,14.91114602547168,14.26314602547168
3981,3833,92.0,-43.825,171.975,14.899692890496226,14.347692890496226
3982,3960,148.0,-43.775,171.875,14.620952417018998,13.732952417018998
3983,3961,131.0,-43.775,171.925,14.583127854508348,13.797127854508348
3984,3962,111.0,-43.775,171.975,14.633714194511413,13.967714194511412
3985,4547,169.0,-43.725,171.875,14.218118176409916,13.204118176409917
3986,4549,151.0,-43.725,171.925,14.219768164475681,13.31376816447568
3987,4551,132.0,-43.725,171.975,14.348813644741313,13.556813644741313
3988,3370,56.0,-43.875,172.025,15.118421811908775,14.782421811908774
3989,3376,43.0,-43.875,172.075,15.124930614103505,14.866930614103506
3990,3383,32.0,-43.875,172.125,15.138501611632819,14.946501611632819
3991,3391,16.0,-43.875,172.175,15.144741226176848,15.048741226176848
3992,3834,78.0,-43.825,172.025,14.940831516047183,14.472831516047183
3993,3835,63.0,-43.825,172.075,15.010813488806889,14.632813488806889
3994,3836,51.0,-43.825,172.125,15.080918851199385,14.774918851199386
3995,3837,40.0,-43.825,172.175,15.128304496574856,14.888304496574856
3996,3963,99.0,-43.775,172.025,14.756632977274421,14.162632977274422
3997,3964,86.0,-43.775,172.075,14.912900224713667,14.396900224713667
3998,3965,70.0,-43.775,172.125,15.05659189659491,14.63659189659491
3999,3966,52.0,-43.775,172.175,15.152551300328923,14.840551300328924
4000,4553,114.0,-43.725,172.025,14.57977596497949,13.89577596497949
4001,4555,102.0,-43.725,172.075,14.849942848180945,14.237942848180944
4002,4557,78.0,-43.725,172.125,15.086696229955123,14.618696229955123
4003,4560,62.0,-43.725,172.175,15.237194146327965,14.865194146327966
4004,3396,10.0,-43.875,172.225,15.137310138547036,15.077310138547036
4005,3402,3.0,-43.875,172.275,15.119789829368528,15.101789829368528
4006,3838,29.0,-43.825,172.225,15.143685550036025,14.969685550036026
4007,3839,17.0,-43.825,172.275,15.133705922911759,15.031705922911758
4008,3840,9.0,-43.825,172.325,15.118318780288973,15.064318780288973
4009,3841,1.0,-43.825,172.375,15.124669096163416,15.118669096163416
4010,3967,37.0,-43.775,172.225,15.187983661904582,14.965983661904582
4011,3968,23.0,-43.775,172.275,15.174708824852132,15.036708824852132
4012,3969,11.0,-43.775,172.325,15.144086045955191,15.07808604595519
4013,3970,1.0,-43.775,172.375,15.138561832965934,15.132561832965933
4014,4561,50.0,-43.725,172.225,15.285471332404995,14.985471332404995
4015,4562,32.0,-43.725,172.275,15.252446555539791,15.06044655553979
4016,4563,19.0,-43.725,172.325,15.185050998166844,15.071050998166843
4017,4564,10.0,-43.725,172.375,15.14440382317116,15.08440382317116
4018,3842,1.0,-43.825,172.425,15.178414196190715,15.172414196190715
4019,3843,1.0,-43.825,172.475,15.292956592296832,15.286956592296832
4020,3844,3.0,-43.825,172.525,15.459792502246273,15.441792502246273
4021,3971,1.0,-43.775,172.425,15.201153136731591,15.19515313673159
4022,3972,1.0,-43.775,172.475,15.359877040486026,15.353877040486026
4023,3973,1.0,-43.775,172.525,15.60768787167035,15.60168787167035
4024,4565,1.0,-43.725,172.425,15.196561555829248,15.190561555829248
4025,4566,1.0,-43.725,172.475,15.396431054810819,15.390431054810819
4026,4567,6.0,-43.725,172.525,15.746048421257,15.710048421257001
4027,3845,7.0,-43.825,172.575,15.647472603021015,15.605472603021015
4028,3846,1.0,-43.825,172.625,15.813064921159821,15.80706492115982
4029,3847,9.0,-43.825,172.675,15.919409176924091,15.865409176924091
4030,3848,137.0,-43.825,172.725,15.947896465389931,15.125896465389932
4031,3974,1.0,-43.775,172.575,15.895959521723853,15.889959521723853
4032,3975,1.0,-43.775,172.625,16.15588867013139,16.14988867013139
4033,3976,144.0,-43.775,172.675,16.33061691907642,15.466616919076419
4034,3977,277.0,-43.775,172.725,16.395473242999287,14.733473242999288
4035,4568,10.0,-43.725,172.575,16.16792379267281,16.10792379267281
4036,4569,20.0,-43.725,172.625,16.55016069854173,16.43016069854173
4037,4570,287.0,-43.725,172.675,16.807140084965795,15.085140084965795
4038,4571,144.0,-43.725,172.725,16.911293144265073,16.047293144265073
4039,3026,617.0,-43.825,172.825,15.804990593256662,12.102990593256662
4040,3137,520.0,-43.825,172.875,15.694760718593898,12.574760718593897
4041,3409,164.0,-43.875,172.875,15.387516458620667,14.403516458620667
4042,3849,397.0,-43.825,172.775,15.90213830153516,13.52013830153516
4043,3978,169.0,-43.775,172.775,16.359363162780937,15.345363162780938
4044,3979,475.0,-43.775,172.825,16.255052615495515,13.405052615495515
4045,3980,397.0,-43.775,172.875,16.130419401706604,13.748419401706604
4046,4572,545.0,-43.725,172.775,16.8861811635943,13.616181163594302
4047,4573,378.0,-43.725,172.825,16.782267569004034,14.514267569004033
4048,4574,414.0,-43.725,172.875,16.66130912164226,14.177309121642262
4049,3146,243.0,-43.825,172.975,15.705988160094421,14.24798816009442
4050,3248,478.0,-43.825,173.025,16.02958202132868,13.161582021328678
4051,3254,267.0,-43.825,173.075,16.451112971633847,14.849112971633847
4052,3416,309.0,-43.875,172.975,15.48866957640712,13.63466957640712
4053,3981,186.0,-43.775,172.975,16.118013593411888,15.002013593411888
4054,3982,338.0,-43.775,173.025,16.42388106996077,14.39588106996077
4055,3983,399.0,-43.775,173.075,16.83904776293639,14.445047762936388
4056,4575,371.0,-43.725,172.925,16.594603898192872,14.368603898192873
4057,4576,533.0,-43.725,172.975,16.66096159882727,13.46296159882727
4058,4577,85.0,-43.725,173.025,16.89526779158041,16.385267791580407
4059,4578,150.0,-43.725,173.075,17.236654065469338,16.33665406546934
4060,4579,127.0,-43.675,169.375,14.80465651252598,14.04265651252598
4061,4580,120.0,-43.675,169.425,14.878639654067229,14.158639654067228
4062,4581,423.0,-43.675,169.475,14.949716919931234,12.411716919931234
4063,4582,320.0,-43.675,169.525,15.017693605768727,13.097693605768727
4064,4583,227.0,-43.675,169.575,15.082505477199447,13.720505477199447
4065,4584,890.0,-43.675,169.625,15.144222730828915,9.804222730828915
4066,4585,1136.0,-43.675,169.675,15.203030621691141,8.387030621691142
4067,4677,14.0,-43.625,169.525,14.941434438092983,14.857434438092984
4068,4756,18.0,-43.625,169.575,15.00524779286934,14.89724779286934
4069,4758,24.0,-43.625,169.625,15.066281332226936,14.922281332226936
4070,4760,198.0,-43.625,169.675,15.124546753431787,13.936546753431786
4071,4947,11.0,-43.575,169.675,15.03257255502831,14.966572555028309
4072,4065,160.0,-43.575,169.725,15.084561707939429,14.124561707939428
4073,4125,241.0,-43.575,169.775,15.13269698307704,13.68669698307704
4074,4131,86.0,-43.575,169.825,15.176040710837697,14.660040710837697
4075,4586,824.0,-43.675,169.725,15.259174967286526,10.315174967286527
4076,4587,1509.0,-43.675,169.775,15.312856963282684,6.258856963282684
4077,4588,186.0,-43.675,169.825,15.364056187878305,14.248056187878305
4078,4762,630.0,-43.625,169.725,15.180021424435836,11.400021424435836
4079,4764,1101.0,-43.625,169.775,15.232529489207081,8.626529489207082
4080,4766,102.0,-43.625,169.825,15.281555869609292,14.669555869609292
4081,4795,6.0,-43.525,169.725,14.97419447232096,14.93819447232096
4082,4948,15.0,-43.525,169.775,15.015571017698676,14.925571017698676
4083,4956,20.0,-43.525,169.825,15.050826345548558,14.930826345548558
4084,4149,1138.0,-43.575,169.875,15.213011473453662,8.385011473453662
4085,4158,1518.0,-43.575,169.925,15.241081416803354,6.133081416803355
4086,4263,984.0,-43.575,169.975,15.256465285165177,9.352465285165177
4087,4270,870.0,-43.575,170.025,15.254050225084939,10.03405022508494
4088,4589,732.0,-43.675,169.875,15.412250470762956,11.020250470762956
4089,4590,1244.0,-43.675,169.925,15.45597717777855,7.99197717777855
4090,4591,2254.0,-43.675,169.975,15.492111937288428,1.9681119372884286
4091,4592,2481.0,-43.675,170.025,15.51453434368159,0.62853434368159
4092,4768,691.0,-43.625,169.875,15.325966137061187,11.179966137061186
4093,4770,512.0,-43.625,169.925,15.363591378285491,12.291591378285492
4094,4796,709.0,-43.625,169.975,15.390626331369276,11.136626331369277
4095,4868,1152.0,-43.625,170.025,15.400888171709084,8.488888171709085
4096,4958,304.0,-43.525,169.875,15.078163510072045,13.254163510072045
4097,4960,483.0,-43.525,169.925,15.095054878751398,12.197054878751398
4098,4962,711.0,-43.525,169.975,15.098185749586264,10.832185749586264
4099,4964,1063.0,-43.525,170.025,15.083704667224083,8.705704667224083
4100,4282,1208.0,-43.575,170.075,15.22824776199559,7.9802477619955905
4101,4386,2133.0,-43.575,170.125,15.175487070409872,2.377487070409874
4102,4387,2250.0,-43.575,170.175,15.096874279581243,1.5968742795812432
4103,4388,1149.0,-43.575,170.225,14.997710844683752,8.103710844683752
4104,4593,2105.0,-43.675,170.075,15.511618210010056,2.881618210010055
4105,4594,1421.0,-43.675,170.125,15.468454065703554,6.942454065703554
4106,4595,715.0,-43.675,170.175,15.388336968906515,11.098336968906516
4107,4596,1600.0,-43.675,170.225,15.28648313832673,5.6864831383267305
4108,4871,1999.0,-43.625,170.075,15.385811018721142,3.3918110187211443
4109,4873,2010.0,-43.625,170.125,15.33834071210731,3.27834071210731
4110,4874,1475.0,-43.625,170.175,15.260007449513068,6.410007449513069
4111,4876,1359.0,-43.625,170.225,15.15932865923969,7.005328659239691
4112,4966,1659.0,-43.525,170.075,15.048063143403851,5.094063143403853
4113,4968,1834.0,-43.525,170.125,14.98943689983571,3.98543689983571
4114,4970,2175.0,-43.525,170.175,14.908893908694154,1.8588939086941547
4115,4972,2440.0,-43.525,170.225,14.810242246385315,0.1702422463853157
4116,4405,2218.0,-43.575,170.275,14.88464512090286,1.5766451209028602
4117,4411,1872.0,-43.575,170.325,14.763776349449472,3.5317763494494727
4118,4414,1200.0,-43.575,170.375,14.640318608922826,7.440318608922826
4119,4597,1986.0,-43.675,170.275,15.172477255793638,3.256477255793639
4120,4598,2223.0,-43.675,170.325,15.051369297521887,1.7133692975218882
4121,4599,1182.0,-43.675,170.375,14.926156890753191,7.834156890753191
4122,4878,1216.0,-43.625,170.275,15.04477153984044,7.74877153984044
4123,4880,1387.0,-43.625,170.325,14.922487089730566,6.600487089730567
4124,4882,1833.0,-43.625,170.375,14.796952996919572,3.7989529969195726
4125,4973,2181.0,-43.525,170.275,14.69878347292979,1.6127834729297916
4126,4974,2261.0,-43.525,170.325,14.580135169133428,1.0141351691334286
4127,4975,1946.0,-43.525,170.375,14.459697348633199,2.783697348633199
4128,4431,1534.0,-43.575,170.425,14.518935507709102,5.314935507709103
4129,4438,909.0,-43.575,170.475,14.404142125393264,8.950142125393263
4130,4520,1914.0,-43.575,170.525,14.300537035385787,2.816537035385787
4131,4522,1738.0,-43.575,170.575,14.212794819424744,3.7847948194247447
4132,4600,1678.0,-43.675,170.425,14.799323290331813,4.731323290331813
4133,4601,1274.0,-43.675,170.475,14.673874007690756,7.029874007690756
4134,4602,774.0,-43.675,170.525,14.553895619195828,9.909895619195828
4135,4603,1357.0,-43.675,170.575,14.444564781595545,6.302564781595546
4136,4884,1740.0,-43.625,170.425,14.67196246185631,4.231962461856311
4137,4886,832.0,-43.625,170.475,14.55137227733212,9.55937227733212
4138,4888,1472.0,-43.625,170.525,14.439501287241,5.607501287241
4139,4890,1621.0,-43.625,170.575,14.341150949243456,4.615150949243455
4140,4976,2079.0,-43.525,170.425,14.34259924593789,1.868599245937892
4141,4977,1040.0,-43.525,170.475,14.23380838965386,7.993808389653859
4142,4978,1117.0,-43.525,170.525,14.138194324652432,7.436194324652432
4143,4979,2134.0,-43.525,170.575,14.060458197673142,1.2564581976731422
4144,4524,1465.0,-43.575,170.625,14.145438183477381,5.355438183477382
4145,4526,1543.0,-43.575,170.675,14.102464991563465,4.844464991563466
4146,4528,2126.0,-43.575,170.725,14.08692877615249,1.33092877615249
4147,4604,837.0,-43.675,170.625,14.351675454825454,9.329675454825455
4148,4605,1629.0,-43.675,170.675,14.280895454168785,4.506895454168786
4149,4606,1860.0,-43.675,170.725,14.236971133883344,3.076971133883344
4150,4892,901.0,-43.625,170.625,14.261297962140816,8.855297962140817
4151,4894,1049.0,-43.625,170.675,14.204581260259147,7.910581260259147
4152,4896,1949.0,-43.625,170.725,14.174726062985428,2.480726062985429
4153,4980,1486.0,-43.525,170.625,14.004922341599013,5.088922341599014
4154,4981,1774.0,-43.525,170.675,13.975227269147581,3.3312272691475826
4155,4982,1117.0,-43.525,170.725,13.974009330595436,7.272009330595436
4156,4530,1127.0,-43.575,170.775,14.100565043525421,7.3385650435254215
4157,4532,1389.0,-43.575,170.825,14.143534081653343,5.809534081653343
4158,4534,517.0,-43.575,170.875,14.214325920402189,11.112325920402188
4159,4536,508.0,-43.575,170.925,14.309847350428754,11.261847350428754
4160,4607,1044.0,-43.675,170.775,14.223020615732821,7.959020615732822
4161,4608,1639.0,-43.675,170.825,14.239997614218737,4.405997614218737
4162,4609,718.0,-43.675,170.875,14.286399253243871,9.978399253243872
4163,4610,540.0,-43.675,170.925,14.358295705424098,11.118295705424098
4164,4898,1266.0,-43.625,170.775,14.174022960163711,6.578022960163711
4165,4900,835.0,-43.625,170.825,14.202946869918378,9.192946869918378
4166,4902,557.0,-43.625,170.875,14.259978759204387,10.917978759204386
4167,4904,472.0,-43.625,170.925,14.341675775518524,11.509675775518524
4168,4983,1058.0,-43.525,170.775,14.002632337957039,7.654632337957039
4169,4984,579.0,-43.525,170.825,14.061027446194203,10.587027446194202
4170,4985,554.0,-43.525,170.875,14.147667279175948,10.823667279175949
4171,4986,1329.0,-43.525,170.925,14.259670586259745,6.285670586259745
4172,4538,603.0,-43.575,170.975,14.425681179622188,10.807681179622188
4173,4540,768.0,-43.575,171.025,14.556469924595149,9.948469924595148
4174,4542,859.0,-43.575,171.075,14.696327976191242,9.542327976191242
4175,4544,784.0,-43.575,171.125,14.839135386609996,10.135135386609996
4176,4611,456.0,-43.675,170.975,14.449741210846696,11.713741210846695
4177,4612,1299.0,-43.675,171.025,14.553580790488923,6.759580790488923
4178,4613,1368.0,-43.675,171.075,14.66259344311402,6.454593443114019
4179,4614,678.0,-43.675,171.125,14.770763321299455,10.702763321299456
4180,4906,1260.0,-43.625,170.975,14.443008904265298,6.883008904265298
4181,4908,1245.0,-43.625,171.025,14.557942900479247,7.0879429004792485
4182,4910,685.0,-43.625,171.075,14.680163445576909,10.57016344557691
4183,4912,639.0,-43.625,171.125,14.803751481784275,10.969751481784275
4184,4987,971.0,-43.525,170.975,14.39300569867919,8.56700569867919
4185,4988,1320.0,-43.525,171.025,14.542734072812891,6.622734072812892
4186,4989,839.0,-43.525,171.075,14.703209825784143,9.669209825784144
4187,4990,978.0,-43.525,171.125,14.868136552111537,9.000136552111538
4188,4546,621.0,-43.575,171.175,14.978546184785955,11.252546184785956
4189,4548,1202.0,-43.575,171.225,15.107623363663151,7.895623363663152
4190,4550,1014.0,-43.575,171.275,15.218244870549825,9.134244870549825
4191,4615,1210.0,-43.675,171.175,14.874177990852331,7.6141779908523315
4192,4616,684.0,-43.675,171.225,14.970749956140935,10.866749956140936
4193,4617,635.0,-43.675,171.275,15.058283729806135,11.248283729806136
4194,4914,969.0,-43.625,171.175,14.923486595820577,9.109486595820577
4195,4916,1080.0,-43.625,171.225,15.03445937201468,8.55445937201468
4196,4917,539.0,-43.625,171.275,15.131008882905007,11.897008882905007
4197,4991,681.0,-43.525,171.175,15.03040279718698,10.944402797186982
4198,4992,747.0,-43.525,171.225,15.181704907772655,10.699704907772656
4199,4993,1128.0,-43.525,171.275,15.312129579731845,8.544129579731845
4200,4036,453.0,-43.675,171.375,15.183393415158207,12.465393415158207
4201,4143,368.0,-43.675,171.425,15.202585697028553,12.994585697028553
4202,4152,334.0,-43.675,171.475,15.180403686856152,13.176403686856153
4203,4552,1110.0,-43.575,171.325,15.300717709294986,8.640717709294986
4204,4554,1453.0,-43.575,171.375,15.344111760641681,6.626111760641681
4205,4556,806.0,-43.575,171.425,15.337490337304189,10.501490337304189
4206,4558,804.0,-43.575,171.475,15.271686408799724,10.447686408799726
4207,4621,441.0,-43.675,171.325,15.131938025377167,12.485938025377166
4208,4918,955.0,-43.625,171.325,15.205650933923607,9.475650933923607
4209,4919,1284.0,-43.625,171.375,15.248975970971514,7.544975970971515
4210,4920,503.0,-43.625,171.425,15.250864557674504,12.232864557674503
4211,4921,407.0,-43.625,171.475,15.202392299397616,12.760392299397616
4212,4994,1653.0,-43.525,171.325,15.410046048258664,5.492046048258663
4213,4995,1860.0,-43.525,171.375,15.462709819759766,4.302709819759766
4214,4996,865.0,-43.525,171.425,15.457771014749596,10.267771014749595
4215,4997,1125.0,-43.525,171.475,15.385412788775284,8.635412788775284
4216,4161,329.0,-43.675,171.525,15.110651397211768,13.136651397211768
4217,4258,314.0,-43.675,171.575,14.990971407431061,13.106971407431061
4218,4264,287.0,-43.675,171.625,14.82326415694115,13.10126415694115
4219,4633,502.0,-43.575,171.525,15.14099256980262,12.12899256980262
4220,4636,426.0,-43.575,171.575,14.944312483050453,12.388312483050454
4221,4638,397.0,-43.575,171.625,14.685813435680757,12.303813435680757
4222,4922,409.0,-43.625,171.525,15.09754161634919,12.64354161634919
4223,4923,378.0,-43.625,171.575,14.934321861321223,12.666321861321222
4224,4924,335.0,-43.625,171.625,14.715485290718789,12.705485290718789
4225,4998,748.0,-43.525,171.525,15.240379228511301,10.752379228511302
4226,4999,597.0,-43.525,171.575,15.023161329583672,11.441161329583672
4227,5000,416.0,-43.525,171.625,14.740286577129154,12.244286577129154
4228,4032,304.0,-43.525,171.675,14.40444267213752,12.58044267213752
4229,4133,397.0,-43.525,171.725,14.035344680029084,11.653344680029084
4230,4135,373.0,-43.525,171.775,13.661915137818141,11.423915137818142
4231,4141,310.0,-43.525,171.825,13.326299787593598,11.466299787593599
4232,4267,274.0,-43.675,171.675,14.614311930636177,12.970311930636177
4233,4286,257.0,-43.675,171.725,14.377329943454242,12.835329943454242
4234,4376,238.0,-43.675,171.775,14.135193267924478,12.707193267924477
4235,4377,220.0,-43.675,171.825,13.925896444932732,12.605896444932732
4236,4640,376.0,-43.575,171.675,14.375587386872212,12.119587386872212
4237,4642,344.0,-43.575,171.725,14.031026008531626,11.967026008531626
4238,4644,278.0,-43.575,171.775,13.679606822188362,12.011606822188362
4239,4649,268.0,-43.575,171.825,13.364000154062524,11.756000154062523
4240,4925,315.0,-43.625,171.675,14.449395248251676,12.559395248251676
4241,4926,295.0,-43.625,171.725,14.151786596725287,12.381786596725288
4242,4927,270.0,-43.625,171.775,13.849268424113689,12.229268424113688
4243,4928,203.0,-43.625,171.825,13.58530199030065,12.36730199030065
4244,4148,277.0,-43.525,171.875,13.091896758407529,11.42989675840753
4245,4157,220.0,-43.525,171.925,13.067707459937083,11.747707459937082
4246,4262,199.0,-43.525,171.975,13.541955295157095,12.347955295157096
4247,4379,174.0,-43.675,171.875,13.806263727863552,12.762263727863552
4248,4380,159.0,-43.675,171.925,13.839851056800399,12.885851056800398
4249,4381,161.0,-43.675,171.975,14.059834818523086,13.093834818523087
4250,4654,234.0,-43.575,171.875,13.15229866118898,11.74829866118898
4251,4659,205.0,-43.575,171.925,13.164029619074427,11.934029619074426
4252,4664,173.0,-43.575,171.975,13.572947895925608,12.534947895925608
4253,4929,220.0,-43.625,171.875,13.427925356350897,12.107925356350897
4254,4930,199.0,-43.625,171.925,13.47078647599119,12.27678647599119
4255,4931,174.0,-43.625,171.975,13.787621782787028,12.743621782787027
4256,4271,183.0,-43.525,172.025,14.418967577912554,13.320967577912553
4257,4278,176.0,-43.525,172.075,15.351282360941696,14.295282360941695
4258,4285,171.0,-43.525,172.125,16.088941591311595,15.062941591311596
4259,4382,161.0,-43.525,172.175,16.339169744700484,15.373169744700485
4260,4417,140.0,-43.675,172.025,14.428735418558063,13.588735418558063
4261,4424,118.0,-43.675,172.075,14.845279376524559,14.137279376524559
4262,4430,94.0,-43.675,172.125,15.195572689612163,14.631572689612163
4263,4437,72.0,-43.675,172.175,15.402312501515553,14.970312501515552
4264,4669,149.0,-43.575,172.025,14.309737091352872,13.415737091352872
4265,4674,142.0,-43.575,172.075,15.103355347906472,14.251355347906472
4266,4679,133.0,-43.575,172.125,15.720308286101499,14.922308286101499
4267,4771,124.0,-43.575,172.175,15.99798472825205,15.25398472825205
4268,4932,149.0,-43.625,172.025,14.327377102905302,13.433377102905302
4269,4933,125.0,-43.625,172.075,14.924233727913816,14.174233727913816
4270,4934,108.0,-43.625,172.125,15.405220777916838,14.757220777916839
4271,4935,90.0,-43.625,172.175,15.660226474472438,15.120226474472439
4272,4383,137.0,-43.525,172.225,16.199327446163807,15.377327446163807
4273,4385,122.0,-43.525,172.275,15.884906390936521,15.152906390936522
4274,4389,105.0,-43.525,172.325,15.518791977614455,14.888791977614455
4275,4391,88.0,-43.525,172.375,15.199331106770842,14.671331106770841
4276,4618,61.0,-43.675,172.225,15.449452717912209,15.083452717912209
4277,4622,45.0,-43.675,172.275,15.374938681125059,15.10493868112506
4278,4623,33.0,-43.675,172.325,15.2465978107939,15.0485978107939
4279,4624,21.0,-43.675,172.375,15.144643251602247,15.018643251602247
4280,4773,115.0,-43.575,172.225,15.956751435660408,15.266751435660408
4281,4775,96.0,-43.575,172.275,15.727214790866128,15.151214790866128
4282,4777,82.0,-43.575,172.325,15.431017922150204,14.939017922150205
4283,4779,64.0,-43.575,172.375,15.174192766615306,14.790192766615306
4284,4936,82.0,-43.625,172.225,15.681889378203778,15.189889378203778
4285,4937,66.0,-43.625,172.275,15.540750292377197,15.144750292377196
4286,4938,51.0,-43.625,172.325,15.331785948335892,15.025785948335892
4287,4939,38.0,-43.625,172.375,15.152164175604412,14.924164175604412
4288,4393,65.0,-43.525,172.425,15.027356257902284,14.637356257902283
4289,4394,50.0,-43.525,172.475,15.120483258717286,14.820483258717285
4290,4395,27.0,-43.525,172.525,15.636515986698214,15.474515986698213
4291,4625,8.0,-43.675,172.425,15.157229535594524,15.109229535594524
4292,4626,7.0,-43.675,172.475,15.382561020909634,15.340561020909634
4293,4627,6.0,-43.675,172.525,15.856767483550357,15.820767483550357
4294,4781,47.0,-43.575,172.425,15.06971067043196,14.78771067043196
4295,4783,34.0,-43.575,172.475,15.263359286596824,15.059359286596823
4296,4785,19.0,-43.575,172.525,15.887437199999113,15.773437199999112
4297,4940,29.0,-43.625,172.425,15.104622471189941,14.930622471189942
4298,4941,16.0,-43.625,172.475,15.323083292540105,15.227083292540105
4299,4942,10.0,-43.625,172.525,15.923101709035109,15.863101709035108
4300,4397,15.0,-43.525,172.575,16.752775307919364,16.662775307919365
4301,4399,10.0,-43.525,172.625,17.917365150155092,17.857365150155093
4302,4401,9.0,-43.525,172.675,18.35374528326065,18.299745283260652
4303,4404,2.0,-43.525,172.725,18.471357536065625,18.459357536065625
4304,4628,106.0,-43.675,172.575,16.45032701895252,15.814327018952522
4305,4629,333.0,-43.675,172.625,16.98334722239815,14.985347222398152
4306,4630,61.0,-43.675,172.675,17.326443081939942,16.960443081939943
4307,4631,388.0,-43.675,172.725,17.458429370824888,15.130429370824888
4308,4787,18.0,-43.575,172.575,16.8814671789587,16.7734671789587
4309,4789,69.0,-43.575,172.625,17.815341799825546,17.401341799825545
4310,4791,274.0,-43.575,172.675,18.2522687398814,16.608268739881403
4311,4793,262.0,-43.575,172.725,18.35021777401562,16.77821777401562
4312,4943,70.0,-43.625,172.575,16.715838077296212,16.29583807729621
4313,4944,468.0,-43.625,172.625,17.427589111597626,14.619589111597627
4314,4647,438.0,-43.675,172.775,17.433689731820778,14.805689731820777
4315,4652,252.0,-43.675,172.825,17.326020031010557,15.814020031010557
4316,4657,49.0,-43.675,172.875,17.206333264934074,16.912333264934073
4317,4945,19.0,-43.625,172.825,17.812589195906185,17.698589195906184
4318,4946,218.0,-43.625,172.875,17.687895571740228,16.379895571740228
4319,4662,509.0,-43.675,172.925,17.13979303643282,14.08579303643282
4320,4667,299.0,-43.675,172.975,17.178403275953315,15.384403275953314
4321,4672,234.0,-43.675,173.025,17.336945144925267,15.932945144925267
4322,4418,20.0,-43.475,169.775,14.884053533103724,14.764053533103725
4323,4423,113.0,-43.475,169.825,14.90978112744051,14.23178112744051
4324,4844,25.0,-43.425,169.825,14.756828336634499,14.606828336634498
4325,4197,43.0,-43.375,169.975,14.541770384508709,14.28377038450871
4326,4198,65.0,-43.375,170.025,14.49550457818259,14.10550457818259
4327,4429,45.0,-43.475,169.875,14.926401860844635,14.656401860844635
4328,4436,72.0,-43.475,169.925,14.931612600012159,14.499612600012158
4329,4619,114.0,-43.475,169.975,14.922708800193504,14.238708800193505
4330,4645,253.0,-43.475,170.025,14.896910433439189,13.378910433439188
4331,4845,147.0,-43.425,169.875,14.762401825813868,13.880401825813868
4332,4846,201.0,-43.425,169.925,14.756054103425413,13.550054103425413
4333,4847,322.0,-43.425,169.975,14.735663358136662,12.803663358136662
4334,4848,436.0,-43.425,170.025,14.699272400539485,12.083272400539485
4335,4199,369.0,-43.375,170.075,14.4334034281419,12.2194034281419
4336,4200,92.0,-43.375,170.125,14.355651387966645,13.803651387966646
4337,4201,128.0,-43.375,170.175,14.263580790742708,13.495580790742707
4338,4202,616.0,-43.375,170.225,14.159709286745056,10.463709286745056
4339,4650,1431.0,-43.475,170.075,14.852000759485236,6.266000759485236
4340,4655,1019.0,-43.475,170.125,14.787149045354454,8.673149045354453
4341,4660,1846.0,-43.475,170.175,14.703502098142053,3.6275020981420525
4342,4665,2042.0,-43.475,170.225,14.604149647675513,2.352149647675512
4343,4849,190.0,-43.425,170.075,14.645544707469526,13.505544707469525
4344,4850,674.0,-43.425,170.125,14.57426591336116,10.53026591336116
4345,4851,220.0,-43.425,170.175,14.486684097428224,13.166684097428224
4346,4852,771.0,-43.425,170.225,14.385523972254305,9.759523972254305
4347,4203,1116.0,-43.375,170.275,14.047604796956875,7.351604796956876
4348,4204,1804.0,-43.375,170.325,13.931660333488253,3.107660333488253
4349,4205,796.0,-43.375,170.375,13.816866368288174,9.040866368288174
4350,4670,1384.0,-43.475,170.275,14.493538953684038,6.189538953684037
4351,4675,2572.0,-43.475,170.325,14.376785895350622,-1.0552141046493766
4352,4680,1604.0,-43.475,170.375,14.259214025107212,4.635214025107214
4353,4853,1314.0,-43.425,170.275,14.274701686706976,6.390701686706976
4354,4854,1492.0,-43.425,170.325,14.158926286145288,5.206926286145288
4355,4855,909.0,-43.425,170.375,14.043360723509977,8.589360723509976
4356,4206,273.0,-43.375,170.425,13.708618589989783,12.070618589989783
4357,4207,1044.0,-43.375,170.475,13.612542041257257,7.348542041257257
4358,4208,1547.0,-43.375,170.525,13.534281208922039,4.252281208922039
4359,4209,414.0,-43.375,170.575,13.479208062992257,10.995208062992257
4360,4797,2192.0,-43.475,170.425,14.146151491942874,0.9941514919428727
4361,4799,2012.0,-43.475,170.475,14.042858487795456,1.9708584877954554
4362,4800,1810.0,-43.475,170.525,13.954454403508862,3.094454403508861
4363,4801,1996.0,-43.475,170.575,13.885769452201203,1.9097694522012016
4364,4856,1434.0,-43.425,170.425,13.933395820437,5.329395820437
4365,4857,1673.0,-43.425,170.475,13.834492732836225,3.7964927328362243
4366,4858,2269.0,-43.425,170.525,13.75201914057834,0.13801914057833997
4367,4859,1975.0,-43.425,170.575,13.69102400765405,1.8410240076540507
4368,4210,1901.0,-43.375,170.625,13.45203604317794,2.0460360431779403
4369,4211,1129.0,-43.375,170.675,13.456390990686486,6.682390990686487
4370,4212,2128.0,-43.375,170.725,13.494452033432026,0.7264520334320252
4371,4802,1711.0,-43.475,170.625,13.841107150175958,3.575107150175958
4372,4803,1357.0,-43.475,170.675,13.823953786959464,5.681953786959465
4373,4804,724.0,-43.475,170.725,13.836699675644923,9.492699675644921
4374,4860,2242.0,-43.425,170.625,13.655940014730731,0.20394001473073153
4375,4861,1461.0,-43.425,170.675,13.650253051324398,4.884253051324398
4376,4862,1484.0,-43.425,170.725,13.676214742336015,4.772214742336015
4377,4034,1207.0,-43.425,170.775,13.734676101375953,6.492676101375953
4378,4120,867.0,-43.425,170.825,13.825081994204083,8.623081994204084
4379,4124,933.0,-43.425,170.875,13.94560786918737,8.347607869187371
4380,4132,1579.0,-43.425,170.925,14.093375213211402,4.619375213211404
4381,4213,932.0,-43.375,170.775,13.566785793067538,7.9747857930675385
4382,4214,1749.0,-43.375,170.825,13.67242725045071,3.178427250450712
4383,4215,1413.0,-43.375,170.875,13.809152168352739,5.331152168352739
4384,4216,1405.0,-43.375,170.925,13.973818304111774,5.543818304111774
4385,4805,1405.0,-43.475,170.775,13.880438406631583,5.450438406631584
4386,4806,1012.0,-43.475,170.825,13.954886477193213,7.882886477193214
4387,4807,1034.0,-43.475,170.875,14.058428718242794,7.8544287182427945
4388,4808,1528.0,-43.475,170.925,14.188260432551033,5.020260432551034
4389,4140,1748.0,-43.425,170.975,14.264666977906018,3.776666977906018
4390,4147,1247.0,-43.425,171.025,14.45507044619444,6.97307044619444
4391,4156,1057.0,-43.425,171.075,14.65948674127867,8.317486741278671
4392,4165,1245.0,-43.425,171.125,14.87195756505389,7.401957565053891
4393,4217,1703.0,-43.375,170.975,14.162656749380403,3.9446567493804032
4394,4218,1131.0,-43.375,171.025,14.371436235051078,7.585436235051078
4395,4219,1733.0,-43.375,171.075,14.595458068557491,4.197458068557493
4396,4220,978.0,-43.375,171.125,14.82935233470198,8.961352334701981
4397,4809,1190.0,-43.475,170.975,14.340573759458493,7.200573759458494
4398,4810,1775.0,-43.475,171.025,14.510722582657763,3.860722582657763
4399,4811,1282.0,-43.475,171.075,14.69329393494263,7.00129393494263
4400,4812,1121.0,-43.475,171.125,14.882017823874776,8.156017823874777
4401,4166,696.0,-43.425,171.175,15.085278354294132,10.909278354294132
4402,4167,865.0,-43.425,171.225,15.29040906715818,10.100409067158179
4403,4168,1898.0,-43.425,171.275,15.475784960843157,4.087784960843157
4404,4221,913.0,-43.375,171.175,15.066644500067923,9.588644500067922
4405,4222,1363.0,-43.375,171.225,15.299059044198657,7.121059044198656
4406,4223,1505.0,-43.375,171.275,15.515546081107459,6.48554608110746
4407,4813,691.0,-43.475,171.175,15.069475819836953,10.923475819836952
4408,4814,757.0,-43.475,171.225,15.246641180419829,10.704641180419829
4409,4815,1050.0,-43.475,171.275,15.402411773895437,9.102411773895437
4410,4169,1087.0,-43.425,171.325,15.626818562188419,9.10481856218842
4411,4170,1124.0,-43.425,171.375,15.726234672241844,8.982234672241844
4412,4171,1440.0,-43.425,171.425,15.756271285870753,7.116271285870752
4413,4172,1114.0,-43.425,171.475,15.703337669408938,9.019337669408937
4414,4224,1227.0,-43.375,171.325,15.70113678996131,8.339136789961312
4415,4225,1088.0,-43.375,171.375,15.836211874739092,9.308211874739092
4416,4226,1786.0,-43.375,171.425,15.898068064190738,5.182068064190739
4417,4227,430.0,-43.375,171.475,15.86789373333886,13.28789373333886
4418,4816,2170.0,-43.475,171.325,15.52346927558392,2.503469275583921
4419,4817,1097.0,-43.475,171.375,15.59495001542382,9.012950015423819
4420,4818,1056.0,-43.475,171.425,15.602363000507466,9.266363000507466
4421,4819,1591.0,-43.475,171.475,15.534627179207746,5.988627179207747
4422,4173,1748.0,-43.425,171.525,15.563243781856727,5.075243781856727
4423,4174,339.0,-43.425,171.575,15.342916736597545,13.308916736597546
4424,4175,527.0,-43.425,171.625,15.05771971991635,11.89571971991635
4425,4228,355.0,-43.375,171.525,15.741529585589888,13.611529585589889
4426,4229,466.0,-43.375,171.575,15.532480331792613,12.736480331792613
4427,4230,685.0,-43.375,171.625,15.263489532306266,11.153489532306267
4428,4820,2060.0,-43.475,171.525,15.387047799711581,3.02704779971158
4429,4821,635.0,-43.475,171.575,15.162639439295162,11.352639439295164
4430,4822,463.0,-43.475,171.625,14.871567064270494,12.093567064270493
4431,4176,603.0,-43.425,171.675,14.728527737272088,11.110527737272088
4432,4177,825.0,-43.425,171.725,14.382084782395395,9.432084782395396
4433,4178,459.0,-43.425,171.775,14.054544458384044,11.300544458384044
4434,4179,493.0,-43.425,171.825,13.796656851962325,10.838656851962325
4435,4231,1132.0,-43.375,171.675,14.95919445742038,8.167194457420381
4436,4232,1357.0,-43.375,171.725,14.646894274934311,6.504894274934312
4437,4233,896.0,-43.375,171.775,14.36197679698671,8.985976796986709
4438,4234,507.0,-43.375,171.825,14.15216060597595,11.11016060597595
4439,4823,520.0,-43.475,171.675,14.530293989890197,11.410293989890196
4440,4824,892.0,-43.475,171.725,14.16214211294573,8.81014211294573
4441,4825,519.0,-43.475,171.775,13.799872831419634,10.685872831419633
4442,4826,425.0,-43.475,171.825,13.490659675255301,10.9406596752553
4443,4180,340.0,-43.425,171.875,13.679398777298047,11.639398777298048
4444,4181,324.0,-43.425,171.925,13.792649620991142,11.848649620991143
4445,4182,322.0,-43.425,171.975,14.201231997132709,12.269231997132708
4446,4235,492.0,-43.375,171.875,14.075996095351002,11.123996095351002
4447,4236,354.0,-43.375,171.925,14.189842259074794,12.065842259074794
4448,4237,328.0,-43.375,171.975,14.515407700077049,12.547407700077049
4449,4827,385.0,-43.475,171.875,13.306200550599897,10.996200550599896
4450,4828,333.0,-43.475,171.925,13.366629889431351,11.368629889431352
4451,4829,240.0,-43.475,171.975,13.830679927574238,12.390679927574238
4452,4183,279.0,-43.425,172.025,14.85158159610728,13.17758159610728
4453,4184,257.0,-43.425,172.075,15.570029442576924,14.028029442576925
4454,4185,225.0,-43.425,172.125,16.130072025996924,14.780072025996924
4455,4186,188.0,-43.425,172.175,16.338195870448544,15.210195870448544
4456,4238,312.0,-43.375,172.025,15.002014808247623,13.130014808247623
4457,4239,236.0,-43.375,172.075,15.525730232897331,14.10973023289733
4458,4240,254.0,-43.375,172.125,15.931447647162713,14.407447647162712
4459,4241,230.0,-43.375,172.175,16.105158904290874,14.725158904290875
4460,4830,223.0,-43.475,172.025,14.63677148950228,13.29877148950228
4461,4831,217.0,-43.475,172.075,15.534706319180259,14.23270631918026
4462,4832,208.0,-43.475,172.125,16.2670260991581,15.019026099158102
4463,4833,192.0,-43.475,172.175,16.47812430797785,15.326124307977851
4464,4187,188.0,-43.425,172.225,16.22131752927089,15.093317529270891
4465,4188,160.0,-43.425,172.275,15.926164910029911,14.96616491002991
4466,4189,133.0,-43.425,172.325,15.570799862282001,14.772799862282001
4467,4190,104.0,-43.425,172.375,15.248080563724216,14.624080563724215
4468,4242,198.0,-43.375,172.225,16.04171682480228,14.853716824802278
4469,4243,166.0,-43.375,172.275,15.818616650343756,14.822616650343756
4470,4244,140.0,-43.375,172.325,15.529953917241073,14.689953917241073
4471,4245,116.0,-43.375,172.375,15.262730254813505,14.566730254813505
4472,4834,167.0,-43.475,172.225,16.299053848197218,15.297053848197217
4473,4835,141.0,-43.475,172.275,15.957670989628241,15.11167098962824
4474,4836,118.0,-43.475,172.325,15.56896273669554,14.860962736695539
4475,4837,95.0,-43.475,172.375,15.22372117984196,14.653721179841959
4476,4191,78.0,-43.425,172.425,15.044105349195888,14.576105349195888
4477,4192,53.0,-43.425,172.475,15.052892647596309,14.73489264759631
4478,4193,33.0,-43.425,172.525,15.3911787435718,15.1931787435718
4479,4246,89.0,-43.375,172.425,15.09859449333453,14.56459449333453
4480,4247,63.0,-43.375,172.475,15.118087659066077,14.740087659066077
4481,4248,43.0,-43.375,172.525,15.389765130734304,15.131765130734305
4482,4838,70.0,-43.475,172.425,15.009374845372804,14.589374845372804
4483,4839,51.0,-43.475,172.475,15.019890498064342,14.713890498064343
4484,4840,35.0,-43.475,172.525,15.390357111318735,15.180357111318735
4485,4194,17.0,-43.425,172.575,16.108096266521898,16.006096266521897
4486,4195,10.0,-43.425,172.625,16.939985832148523,16.879985832148524
4487,4196,7.0,-43.425,172.675,17.573626997524116,17.531626997524114
4488,4249,22.0,-43.375,172.575,15.91325176270766,15.78125176270766
4489,4250,7.0,-43.375,172.625,16.554997964231006,16.512997964231005
4490,4251,3.0,-43.375,172.675,17.12930675059033,17.11130675059033
4491,4841,21.0,-43.475,172.575,16.37101353570324,16.24501353570324
4492,4842,10.0,-43.475,172.625,17.430702735116938,17.37070273511694
4493,4843,6.0,-43.475,172.675,18.042445238286746,18.006445238286744
4494,4099,19.0,-43.225,170.225,13.486486542933562,13.372486542933562
4495,4252,39.0,-43.325,170.075,14.21975250414107,13.98575250414107
4496,4253,54.0,-43.325,170.125,14.13565831851156,13.81165831851156
4497,4254,399.0,-43.325,170.175,14.038812038845208,11.644812038845208
4498,4255,289.0,-43.325,170.225,13.931585634534713,12.197585634534713
4499,4698,27.0,-43.275,170.125,13.918260982340144,13.756260982340143
4500,4699,144.0,-43.275,170.175,13.816639500662859,12.952639500662858
4501,4700,242.0,-43.275,170.225,13.705731864873087,12.253731864873087
4502,4750,22.0,-43.225,170.175,13.601026027172338,13.469026027172339
4503,4788,0.0,-43.175,170.225,13.277921480133955,13.277921480133955
4504,4067,1436.0,-43.325,170.375,13.584685200745298,4.968685200745298
4505,4119,117.0,-43.225,170.275,13.366337373627175,12.664337373627175
4506,4126,245.0,-43.225,170.325,13.244187765805691,11.77418776580569
4507,4136,46.0,-43.225,170.375,13.124406190676382,12.848406190676382
4508,4256,401.0,-43.325,170.275,13.817288124977495,11.411288124977496
4509,4257,768.0,-43.325,170.325,13.700049365346786,9.092049365346785
4510,4701,185.0,-43.275,170.275,13.588619041576749,12.47861904157675
4511,4702,72.0,-43.275,170.325,13.469179847961641,13.03717984796164
4512,4703,75.0,-43.275,170.375,13.35203260405251,12.902032604052511
4513,4790,10.0,-43.175,170.275,13.155010818969458,13.095010818969458
4514,4792,17.0,-43.175,170.325,13.030197582687833,12.928197582687833
4515,4794,34.0,-43.175,170.375,12.907530419368413,12.703530419368413
4516,4110,167.0,-43.325,170.425,13.476564773271093,12.474564773271092
4517,4111,678.0,-43.325,170.475,13.381463588048064,9.313463588048064
4518,4112,801.0,-43.325,170.525,13.305352913455863,8.499352913455862
4519,4113,1307.0,-43.325,170.575,13.254062187988893,5.4120621879888935
4520,4142,51.0,-43.225,170.425,13.01213423916488,12.70613423916488
4521,4151,366.0,-43.225,170.475,12.913305460577249,10.717305460577249
4522,4160,479.0,-43.225,170.525,12.834615211781056,9.960615211781056
4523,4265,1471.0,-43.225,170.575,12.783295445675321,3.957295445675321
4524,4704,262.0,-43.275,170.425,13.242474761529593,11.670474761529594
4525,4705,1149.0,-43.275,170.475,13.14640374341252,6.25240374341252
4526,4706,1546.0,-43.275,170.525,13.070161260249733,3.7941612602497337
4527,4707,1129.0,-43.275,170.575,13.020198578531563,6.246198578531564
4528,4798,30.0,-43.175,170.425,12.79187040682882,12.611870406828821
4529,4863,333.0,-43.175,170.475,12.689013325987617,10.691013325987617
4530,4864,145.0,-43.175,170.525,12.605847412101866,11.735847412101867
4531,4865,506.0,-43.175,170.575,12.550420120693161,9.514420120693162
4532,4115,1906.0,-43.325,170.625,13.232778434583452,1.7967784345834534
4533,4116,1842.0,-43.325,170.675,13.245438444733736,2.1934384447337347
4534,4118,1888.0,-43.325,170.725,13.294200179334439,1.9662001793344395
4535,4272,1444.0,-43.225,170.625,12.766427602437034,4.102427602437034
4536,4274,830.0,-43.225,170.675,12.789580940079759,7.8095809400797584
4537,4277,312.0,-43.225,170.725,12.855180440164986,10.983180440164986
4538,4708,2088.0,-43.275,170.625,13.002451502565236,0.4744515025652376
4539,4709,1200.0,-43.275,170.675,13.021434560636408,5.821434560636408
4540,4710,1676.0,-43.275,170.725,13.079357859496668,3.0233578594966666
4541,4866,100.0,-43.175,170.625,12.531464037434489,11.93146403743449
4542,4867,919.0,-43.175,170.675,12.55650971209252,7.042509712092521
4543,4869,1009.0,-43.175,170.725,12.628609110310208,6.574609110310209
4544,4123,1470.0,-43.325,170.775,13.379230935046508,4.559230935046509
4545,4130,1740.0,-43.325,170.825,13.498913827890647,3.058913827890647
4546,4150,1827.0,-43.325,170.875,13.650342785127577,2.6883427851275776
4547,4159,1450.0,-43.325,170.925,13.829863317325362,5.129863317325363
4548,4283,548.0,-43.225,170.775,12.961815438939084,9.673815438939084
4549,4413,1466.0,-43.225,170.825,13.105160367958888,4.309160367958889
4550,4426,1697.0,-43.225,170.875,13.279628380863869,3.0976283808638705
4551,4433,1512.0,-43.225,170.925,13.479620227910345,4.407620227910346
4552,4711,1055.0,-43.275,170.775,13.175781081648893,6.845781081648893
4553,4712,1698.0,-43.275,170.825,13.308045578676683,3.1200455786766828
4554,4713,2167.0,-43.275,170.875,13.472165950479393,0.4701659504793927
4555,4714,1264.0,-43.275,170.925,13.6636708374499,6.0796708374499
4556,4870,1371.0,-43.175,170.775,12.744685222649423,4.518685222649422
4557,4872,1849.0,-43.175,170.825,12.897718684893334,1.8037186848933349
4558,4875,1449.0,-43.175,170.875,13.079938206996303,4.385938206996304
4559,4877,1729.0,-43.175,170.925,13.28443753143074,2.910437531430741
4560,4273,1708.0,-43.325,170.975,14.033477832803328,3.7854778328033287
4561,4276,1726.0,-43.325,171.025,14.257048847131955,3.901048847131955
4562,4281,1089.0,-43.325,171.075,14.496299007703783,7.962299007703783
4563,4406,749.0,-43.325,171.125,14.746613698720466,10.252613698720467
4564,4440,1325.0,-43.225,170.975,13.700093489300343,5.750093489300344
4565,4559,1685.0,-43.225,171.025,13.936684333260928,3.8266843332609266
4566,4632,2018.0,-43.225,171.075,14.185610306914896,2.077610306914897
4567,4634,1389.0,-43.225,171.125,14.443459049347439,6.109459049347439
4568,4715,820.0,-43.275,170.975,13.878129567521682,8.958129567521684
4569,4716,750.0,-43.275,171.025,14.111364887052332,9.611364887052332
4570,4717,1409.0,-43.275,171.075,14.359436579499743,5.905436579499744
4571,4718,895.0,-43.275,171.125,14.618454727416974,9.248454727416975
4572,4879,1093.0,-43.175,170.975,13.505507770474651,6.947507770474651
4573,4881,1727.0,-43.175,171.025,13.738499954153667,3.376499954153667
4574,4883,919.0,-43.175,171.075,13.979575660683622,8.465575660683623
4575,4885,694.0,-43.175,171.125,14.225424813630525,10.061424813630525
4576,4407,1427.0,-43.325,171.175,15.002625995846756,6.440625995846757
4577,4409,927.0,-43.325,171.225,15.257518006270402,9.695518006270403
4578,4419,888.0,-43.325,171.275,15.501901750649267,10.173901750649268
4579,4635,601.0,-43.225,171.175,14.7068800242414,11.1008800242414
4580,4637,648.0,-43.225,171.225,14.972133376773854,11.084133376773854
4581,4639,1214.0,-43.225,171.275,15.23436060705717,7.95036060705717
4582,4719,710.0,-43.275,171.175,14.884226777990989,10.62422677799099
4583,4720,529.0,-43.275,171.225,15.151676520930778,11.977676520930778
4584,4721,500.0,-43.275,171.275,15.413863645859237,12.413863645859237
4585,4887,1771.0,-43.175,171.175,14.472937752674625,3.8469377526746253
4586,4889,1061.0,-43.175,171.225,14.718775337598345,8.352775337598345
4587,4891,1599.0,-43.175,171.275,14.958699036003964,5.364699036003964
4588,4422,778.0,-43.325,171.325,15.722054933707113,11.054054933707114
4589,4428,538.0,-43.325,171.375,15.897395163068722,12.669395163068723
4590,4435,400.0,-43.325,171.425,15.998781270296604,13.598781270296604
4591,4620,516.0,-43.325,171.475,15.99623219708883,12.90023219708883
4592,4641,1424.0,-43.225,171.325,15.486238678378868,6.942238678378867
4593,4643,599.0,-43.225,171.375,15.715100194611296,12.121100194611296
4594,4648,588.0,-43.225,171.425,15.895202773070196,12.367202773070195
4595,4653,666.0,-43.225,171.475,15.950214799617243,11.954214799617242
4596,4722,458.0,-43.275,171.325,15.660189757290937,12.912189757290937
4597,4723,507.0,-43.275,171.375,15.872761995866313,12.830761995866313
4598,4724,1098.0,-43.275,171.425,16.018713223769737,9.430713223769736
4599,4725,507.0,-43.275,171.475,16.04548598510155,13.00348598510155
4600,4893,1294.0,-43.175,171.325,15.186295147017518,7.422295147017518
4601,4895,550.0,-43.175,171.375,15.390015260330983,12.090015260330983
4602,4897,693.0,-43.175,171.425,15.544686101929983,11.386686101929984
4603,4899,1000.0,-43.175,171.475,15.590821483754553,9.590821483754553
4604,4646,507.0,-43.325,171.525,15.883920434454922,12.841920434454922
4605,4651,561.0,-43.325,171.575,15.688408982263354,12.322408982263354
4606,4656,1054.0,-43.325,171.625,15.443197271291865,9.119197271291867
4607,4658,1260.0,-43.225,171.525,15.83698448346695,8.27698448346695
4608,4663,876.0,-43.225,171.575,15.67580918258318,10.41980918258318
4609,4668,1748.0,-43.225,171.625,15.51282404914673,5.02482404914673
4610,4726,785.0,-43.275,171.525,15.9390865233363,11.2290865233363
4611,4727,661.0,-43.275,171.575,15.756580120047147,11.790580120047146
4612,4728,1889.0,-43.275,171.625,15.54431676765671,4.21031676765671
4613,4901,699.0,-43.175,171.525,15.512017699809803,11.318017699809804
4614,4903,659.0,-43.175,171.575,15.399114062041917,11.445114062041917
4615,4905,1668.0,-43.175,171.625,15.303193647880107,5.295193647880108
4616,4661,827.0,-43.325,171.675,15.173814910995134,10.211814910995134
4617,4666,900.0,-43.325,171.725,14.902374025790778,9.502374025790779
4618,4671,687.0,-43.325,171.775,14.65808766111877,10.53608766111877
4619,4673,1054.0,-43.225,171.675,15.356403134028369,9.032403134028371
4620,4676,539.0,-43.325,171.825,14.481874578515999,11.247874578515999
4621,4678,714.0,-43.225,171.725,15.19118202750542,10.90718202750542
4622,4729,944.0,-43.275,171.675,15.322049829141179,9.658049829141179
4623,4730,1438.0,-43.275,171.725,15.098099425282271,6.470099425282271
4624,4731,1148.0,-43.275,171.775,14.890383519428724,8.002383519428724
4625,4732,1264.0,-43.275,171.825,14.734963841707213,7.150963841707213
4626,4751,813.0,-43.225,171.775,15.017588709026313,10.139588709026313
4627,4752,1070.0,-43.225,171.825,14.87725351530753,8.457253515307531
4628,4907,1008.0,-43.175,171.675,15.23130729579134,9.183307295791339
4629,4909,753.0,-43.175,171.725,15.142198108562297,10.624198108562297
4630,4911,866.0,-43.175,171.775,15.00265561046399,9.80665561046399
4631,4913,596.0,-43.175,171.825,14.88511547217422,11.30911547217422
4632,4681,437.0,-43.325,171.875,14.419293030623521,11.797293030623521
4633,4682,387.0,-43.325,171.925,14.504783971664438,12.182783971664438
4634,4683,305.0,-43.325,171.975,14.741404721076833,12.911404721076833
4635,4733,706.0,-43.275,171.875,14.670221325432067,10.434221325432066
4636,4734,449.0,-43.275,171.925,14.718865809700219,12.02486580970022
4637,4735,435.0,-43.275,171.975,14.87688220327982,12.26688220327982
4638,4753,1127.0,-43.225,171.875,14.808292363315559,8.046292363315558
4639,4754,592.0,-43.225,171.925,14.826637200043479,11.274637200043479
4640,4755,764.0,-43.225,171.975,14.92576408320383,10.341764083203831
4641,4915,596.0,-43.175,171.875,14.824224633666745,11.248224633666744
4642,4949,779.0,-43.175,171.925,14.829500356125209,10.15550035612521
4643,4950,846.0,-43.175,171.975,14.893919032758276,9.817919032758276
4644,4684,340.0,-43.325,172.025,15.08532834907237,13.04532834907237
4645,4685,307.0,-43.325,172.075,15.449977143944125,13.607977143944124
4646,4686,269.0,-43.325,172.125,15.734456742568,14.120456742567999
4647,4687,237.0,-43.325,172.175,15.86629393563635,14.444293935636349
4648,4736,396.0,-43.275,172.025,15.109083814775659,12.733083814775659
4649,4737,352.0,-43.275,172.075,15.355508757667849,13.243508757667849
4650,4738,321.0,-43.275,172.125,15.550114473116992,13.624114473116991
4651,4739,409.0,-43.275,172.175,15.645153599223704,13.191153599223703
4652,4757,795.0,-43.225,172.025,15.078386972250883,10.308386972250883
4653,4759,1087.0,-43.225,172.075,15.242835423890938,8.72083542389094
4654,4761,665.0,-43.225,172.125,15.375177953228558,11.385177953228558
4655,4763,451.0,-43.225,172.175,15.443435627992585,12.737435627992586
4656,4951,729.0,-43.175,172.025,14.997035082022194,10.623035082022195
4657,4952,657.0,-43.175,172.075,15.110031826210616,11.168031826210616
4658,4953,445.0,-43.175,172.125,15.203528918478696,12.533528918478696
4659,4954,446.0,-43.175,172.175,15.256126832082373,12.580126832082373
4660,4688,209.0,-43.325,172.225,15.832786512575694,14.578786512575695
4661,4689,181.0,-43.325,172.275,15.674973224122368,14.588973224122368
4662,4690,155.0,-43.325,172.325,15.459318337110744,14.529318337110745
4663,4691,128.0,-43.325,172.375,15.257365985056822,14.489365985056821
4664,4740,214.0,-43.275,172.225,15.628131106728688,14.344131106728687
4665,4741,187.0,-43.275,172.275,15.521688182896469,14.399688182896469
4666,4742,164.0,-43.275,172.325,15.370971129028476,14.386971129028476
4667,4743,185.0,-43.275,172.375,15.229983052868192,14.119983052868193
4668,4765,344.0,-43.225,172.225,15.437516155732737,13.373516155732737
4669,4767,250.0,-43.225,172.275,15.370559075468918,13.870559075468918
4670,4769,212.0,-43.225,172.325,15.272968389388552,14.000968389388552
4671,4772,164.0,-43.225,172.375,15.183729140015203,14.199729140015203
4672,4955,997.0,-43.175,172.225,15.260480137971172,9.278480137971172
4673,4957,641.0,-43.175,172.275,15.224717446566501,11.378717446566501
4674,4959,558.0,-43.175,172.325,15.169440637317166,11.821440637317167
4675,4961,393.0,-43.175,172.375,15.122239279469795,12.764239279469795
4676,4692,112.0,-43.325,172.425,15.137776004197804,14.465776004197803
4677,4693,71.0,-43.325,172.475,15.16075991357502,14.73475991357502
4678,4694,51.0,-43.325,172.525,15.364571171438001,15.058571171438002
4679,4744,146.0,-43.275,172.425,15.151785748596012,14.275785748596013
4680,4745,85.0,-43.275,172.475,15.1802688932803,14.6702688932803
4681,4746,72.0,-43.275,172.525,15.341041000963742,14.909041000963741
4682,4774,136.0,-43.225,172.425,15.142177938829263,14.326177938829263
4683,4776,127.0,-43.225,172.475,15.180773719665012,14.418773719665012
4684,4778,127.0,-43.225,172.525,15.318994235563878,14.556994235563877
4685,4963,179.0,-43.175,172.425,15.111602380020486,14.037602380020486
4686,4965,216.0,-43.175,172.475,15.161225787625881,13.865225787625882
4687,4967,284.0,-43.175,172.525,15.285112106044835,13.581112106044834
4688,4035,100.0,-43.175,172.675,16.020927447163558,15.420927447163558
4689,4114,31.0,-43.175,172.725,16.297242285960237,16.111242285960238
4690,4695,30.0,-43.325,172.575,15.748144082815998,15.568144082815998
4691,4696,10.0,-43.325,172.625,16.257344921832555,16.197344921832556
4692,4697,9.0,-43.325,172.675,16.756061891072022,16.702061891072024
4693,4747,49.0,-43.275,172.575,15.637507905514212,15.343507905514212
4694,4748,17.0,-43.275,172.625,16.038312282340485,15.936312282340484
4695,4749,11.0,-43.275,172.675,16.457093295313825,16.391093295313826
4696,4780,159.0,-43.225,172.575,15.558506197765382,14.604506197765382
4697,4782,85.0,-43.225,172.625,15.874877901911532,15.364877901911532
4698,4784,37.0,-43.225,172.675,16.218573418540473,15.996573418540473
4699,4786,15.0,-43.225,172.725,16.542239061833243,16.452239061833243
4700,4969,213.0,-43.175,172.575,15.483324315639038,14.205324315639038
4701,4971,161.0,-43.175,172.625,15.738840690915822,14.772840690915823
4702,4117,3.0,-43.175,172.775,16.544323382597213,16.526323382597212
4703,4122,6.0,-43.125,170.275,12.95889597869973,12.92289597869973
4704,4129,13.0,-43.125,170.325,12.832142667495646,12.754142667495646
4705,4139,70.0,-43.125,170.375,12.707155035408505,12.287155035408505
4706,4008,59.0,-43.025,170.575,11.980021902192675,11.626021902192676
4707,4146,53.0,-43.125,170.425,12.588387080919347,12.270387080919347
4708,4155,33.0,-43.125,170.475,12.481258314743172,12.283258314743172
4709,4164,66.0,-43.125,170.525,12.392482565657701,11.9964825656577
4710,4259,49.0,-43.125,170.575,12.330580055204337,12.036580055204336
4711,4475,11.0,-43.075,170.425,12.408286328078248,12.342286328078247
4712,4476,46.0,-43.075,170.475,12.298248705927108,12.022248705927108
4713,4477,29.0,-43.075,170.525,12.20463896804722,12.03063896804722
4714,4478,32.0,-43.075,170.575,12.135560435541265,11.943560435541265
4715,4009,64.0,-43.025,170.625,11.939888483670074,11.555888483670074
4716,4010,109.0,-43.025,170.675,11.953507044403523,11.299507044403523
4717,4011,38.0,-43.025,170.725,12.047059175893082,11.819059175893083
4718,4261,60.0,-43.125,170.625,12.306266454157594,11.946266454157595
4719,4268,628.0,-43.125,170.675,12.330746126914164,8.562746126914163
4720,4284,171.0,-43.125,170.725,12.408839854469988,11.382839854469989
4721,4479,32.0,-43.075,170.625,12.102812285338587,11.910812285338586
4722,4480,614.0,-43.075,170.675,12.123752690960828,8.439752690960828
4723,4481,77.0,-43.075,170.725,12.208599450699694,11.746599450699694
4724,4012,313.0,-43.025,170.775,12.187312201742316,10.309312201742316
4725,4013,521.0,-43.025,170.825,12.354405409569154,9.228405409569154
4726,4014,145.0,-43.025,170.875,12.53684059796069,11.666840597960691
4727,4015,891.0,-43.025,170.925,12.726058059364732,7.380058059364732
4728,4392,717.0,-43.125,170.775,12.53420552820171,8.23220552820171
4729,4398,1050.0,-43.125,170.825,12.695481274146005,6.395481274146005
4730,4402,1266.0,-43.125,170.875,12.882406139782688,5.286406139782688
4731,4408,1956.0,-43.125,170.925,13.086965435941238,1.350965435941239
4732,4482,597.0,-43.075,170.775,12.343249845056562,8.761249845056561
4733,4483,634.0,-43.075,170.825,12.510264447693771,8.706264447693771
4734,4484,821.0,-43.075,170.875,12.69780236663064,7.77180236663064
4735,4485,1777.0,-43.075,170.925,12.897416867119318,2.2354168671193193
4736,4016,1014.0,-43.025,170.975,12.915184371362557,6.831184371362556
4737,4017,309.0,-43.025,171.025,13.098556147815543,11.244556147815544
4738,4018,880.0,-43.025,171.075,13.271387309781858,7.9913873097818575
4739,4019,1229.0,-43.025,171.125,13.42935515845602,6.05535515845602
4740,4416,809.0,-43.125,170.975,13.30293166969932,8.44893166969932
4741,4421,1274.0,-43.125,171.025,13.52535443623492,5.88135443623492
4742,4427,1666.0,-43.125,171.075,13.750163152573805,3.7541631525738044
4743,4434,1916.0,-43.125,171.125,13.973806561356469,2.477806561356468
4744,4486,824.0,-43.075,170.975,13.102595649717841,8.158595649717842
4745,4487,259.0,-43.075,171.025,13.308087701581826,11.754087701581826
4746,4488,1181.0,-43.075,171.075,13.509483970214205,6.423483970214205
4747,4489,1576.0,-43.075,171.125,13.702818729099818,4.246818729099818
4748,4020,1306.0,-43.025,171.175,13.568079719523666,5.732079719523666
4749,4021,1206.0,-43.025,171.225,13.682589655443735,6.446589655443735
4750,4022,847.0,-43.025,171.275,13.76693041841645,8.68493041841645
4751,4441,1880.0,-43.125,171.175,14.192858508722566,2.9128585087225662
4752,4442,1495.0,-43.125,171.225,14.403524382469186,5.433524382469187
4753,4443,875.0,-43.125,171.275,14.60092401545262,9.35092401545262
4754,4490,2013.0,-43.075,171.175,13.884109977341723,1.8061099773417233
4755,4491,1231.0,-43.075,171.225,14.04882225284382,6.66282225284382
4756,4492,804.0,-43.075,171.275,14.191247935254069,9.36724793525407
4757,4023,759.0,-43.025,171.325,13.81421761954698,9.260217619546982
4758,4024,1703.0,-43.025,171.375,13.817917338004918,3.599917338004918
4759,4025,1506.0,-43.025,171.425,13.776074209570652,4.740074209570652
4760,4026,1234.0,-43.025,171.475,13.70052333449712,6.29652333449712
4761,4444,686.0,-43.125,171.325,14.777855390260811,10.661855390260811
4762,4445,818.0,-43.125,171.375,14.922447007258597,10.014447007258598
4763,4446,1504.0,-43.125,171.425,15.014738923651748,5.990738923651749
4764,4447,1126.0,-43.125,171.475,15.031998023638153,8.275998023638152
4765,4493,675.0,-43.075,171.325,14.303851536526054,10.253851536526053
4766,4494,1349.0,-43.075,171.375,14.377022175409365,6.283022175409366
4767,4495,1451.0,-43.075,171.425,14.401347584811447,5.695347584811447
4768,4496,1358.0,-43.075,171.475,14.377443253248202,6.229443253248203
4769,4027,939.0,-43.025,171.525,13.628940065638744,7.994940065638744
4770,4028,905.0,-43.025,171.575,13.621273745633516,8.191273745633517
4771,4029,618.0,-43.025,171.625,13.704418140670896,9.996418140670896
4772,4448,1625.0,-43.125,171.525,14.985011840268271,5.235011840268271
4773,4449,1746.0,-43.125,171.575,14.926881890016375,4.450881890016374
4774,4450,832.0,-43.125,171.625,14.898367161786155,9.906367161786154
4775,4497,1501.0,-43.075,171.525,14.331383046108385,5.325383046108385
4776,4498,1245.0,-43.075,171.575,14.308921668438416,6.838921668438417
4777,4499,1285.0,-43.075,171.625,14.337563062708796,6.627563062708797
4778,4030,577.0,-43.025,171.675,13.838809534234315,10.376809534234315
4779,4031,815.0,-43.025,171.725,13.974472618938307,9.084472618938307
4780,4033,950.0,-43.025,171.775,14.086825863338163,8.386825863338164
4781,4037,638.0,-43.025,171.825,14.177964072656323,10.349964072656324
4782,4451,1775.0,-43.125,171.675,14.90024493203964,4.2502449320396405
4783,4452,1002.0,-43.125,171.725,14.884629565724026,8.872629565724026
4784,4453,630.0,-43.125,171.775,14.815624596238194,11.035624596238195
4785,4454,1523.0,-43.125,171.825,14.750999833115202,5.612999833115202
4786,4500,1407.0,-43.075,171.675,14.401905903581792,5.959905903581792
4787,4501,1117.0,-43.075,171.725,14.459165884269169,7.757165884269169
4788,4502,641.0,-43.075,171.775,14.485476495090552,10.639476495090552
4789,4503,921.0,-43.075,171.825,14.498826751580054,8.972826751580055
4790,4038,1198.0,-43.025,171.875,14.260242965199723,7.072242965199723
4791,4039,713.0,-43.025,171.925,14.343148861025838,10.06514886102584
4792,4040,1200.0,-43.025,171.975,14.429812617989228,7.229812617989229
4793,4455,596.0,-43.125,171.875,14.721748413874593,11.145748413874593
4794,4456,782.0,-43.125,171.925,14.73640201771559,10.04440201771559
4795,4457,693.0,-43.125,171.975,14.790520272468711,10.632520272468712
4796,4504,562.0,-43.075,171.875,14.522013456000423,11.150013456000423
4797,4505,451.0,-43.075,171.925,14.565616528223472,11.859616528223473
4798,4506,593.0,-43.075,171.975,14.62964174836452,11.07164174836452
4799,4041,934.0,-43.025,172.025,14.517905405093188,8.913905405093189
4800,4042,1149.0,-43.025,172.075,14.601871282306092,7.707871282306092
4801,4043,1283.0,-43.025,172.125,14.675553570155898,6.977553570155899
4802,4044,901.0,-43.025,172.175,14.73465872102679,9.328658721026791
4803,4458,1580.0,-43.125,172.025,14.870315670010314,5.390315670010313
4804,4459,1194.0,-43.125,172.075,14.956685229226423,7.792685229226423
4805,4460,679.0,-43.125,172.125,15.030433749860094,10.956433749860095
4806,4461,452.0,-43.125,172.175,15.077643920529226,12.365643920529227
4807,4507,1019.0,-43.075,172.025,14.706706722728995,8.592706722728995
4808,4508,1152.0,-43.075,172.075,14.785407074792602,7.873407074792602
4809,4509,699.0,-43.075,172.125,14.85405210967292,10.660052109672922
4810,4510,542.0,-43.075,172.175,14.90424621395141,11.652246213951411
4811,4045,1440.0,-43.025,172.225,14.778522360433271,6.138522360433271
4812,4046,761.0,-43.025,172.275,14.810792306208896,10.244792306208897
4813,4047,671.0,-43.025,172.325,14.838937677468493,10.812937677468494
4814,4048,498.0,-43.025,172.375,14.872790211717074,11.884790211717075
4815,4462,457.0,-43.125,172.225,15.093531880887895,12.351531880887894
4816,4463,939.0,-43.125,172.275,15.083606784130097,9.449606784130097
4817,4464,566.0,-43.125,172.325,15.06207372355857,11.666073723558569
4818,4465,373.0,-43.125,172.375,15.048337859057938,12.810337859057938
4819,4511,563.0,-43.075,172.225,14.93345249586855,11.55545249586855
4820,4512,493.0,-43.075,172.275,14.945886926150706,11.987886926150706
4821,4513,837.0,-43.075,172.325,14.951637099704385,9.929637099704387
4822,4514,488.0,-43.075,172.375,14.964410288572253,12.036410288572252
4823,4049,706.0,-43.025,172.425,14.922504796166322,10.686504796166322
4824,4050,393.0,-43.025,172.475,14.996376161481749,12.638376161481748
4825,4051,298.0,-43.025,172.525,15.0989344221598,13.3109344221598
4826,4466,640.0,-43.125,172.425,15.062696215794858,11.222696215794858
4827,4467,396.0,-43.125,172.475,15.12204198512336,12.74604198512336
4828,4468,444.0,-43.125,172.525,15.236072358380625,12.572072358380625
4829,4515,539.0,-43.075,172.425,14.998546424656524,11.764546424656524
4830,4516,417.0,-43.075,172.475,15.065903766815609,12.56390376681561
4831,4517,349.0,-43.075,172.525,15.17311463905935,13.07911463905935
4832,4001,126.0,-43.075,172.675,15.693767184551689,14.937767184551689
4833,4002,90.0,-43.075,172.725,15.892166701385577,15.352166701385578
4834,4052,443.0,-43.025,172.575,15.229736939621944,12.571736939621944
4835,4053,476.0,-43.025,172.625,15.383259635742434,12.527259635742434
4836,4054,308.0,-43.025,172.675,15.550091664743377,13.702091664743378
4837,4055,170.0,-43.025,172.725,15.719133054226404,14.699133054226404
4838,4469,327.0,-43.125,172.575,15.404374751175055,13.442374751175056
4839,4470,147.0,-43.125,172.625,15.615378808815876,14.733378808815877
4840,4471,83.0,-43.125,172.675,15.849042344005284,15.351042344005284
4841,4472,73.0,-43.125,172.725,16.083143710020522,15.645143710020522
4842,4518,220.0,-43.075,172.575,15.319706597510958,13.999706597510958
4843,4519,120.0,-43.075,172.625,15.497766916476394,14.777766916476393
4844,4003,60.0,-43.075,172.775,16.07918457217602,15.719184572176019
4845,4004,426.0,-43.075,172.825,16.24522988316312,13.68922988316312
4846,4005,278.0,-43.075,172.875,16.385626884486555,14.717626884486556
4847,4056,94.0,-43.025,172.775,15.880000981247576,15.316000981247576
4848,4057,81.0,-43.025,172.825,16.024847303418937,15.538847303418937
4849,4058,134.0,-43.025,172.875,16.149239785059763,15.345239785059762
4850,4473,21.0,-43.125,172.775,16.299464463718323,16.17346446371832
4851,4474,115.0,-43.125,172.825,16.486839497047185,15.796839497047186
4852,4006,216.0,-43.075,172.925,16.50013260612468,15.20413260612468
4853,4007,120.0,-43.075,172.975,16.591919300608424,15.871919300608424
4854,4059,235.0,-43.025,172.925,16.252221169179393,14.842221169179393
4855,4060,117.0,-43.025,172.975,16.335870371323836,15.633870371323836
4856,4061,60.0,-43.025,173.025,16.404679788814974,16.044679788814975
4857,4062,59.0,-43.025,173.075,16.46495123535351,16.11095123535351
4858,4063,17.0,-42.975,170.675,11.858650699010468,11.756650699010468
4859,4066,56.0,-42.975,170.725,11.945698237119359,11.609698237119359
4860,4068,557.0,-42.975,170.775,12.078773343331704,8.736773343331704
4861,4069,248.0,-42.975,170.825,12.237100869577262,10.749100869577262
4862,4070,328.0,-42.975,170.875,12.40789599296113,10.43989599296113
4863,4071,666.0,-42.975,170.925,12.581579946883721,8.58557994688372
4864,4269,36.0,-42.925,170.775,12.017856325895991,11.801856325895992
4865,4275,502.0,-42.925,170.825,12.160861108182871,9.14886110818287
4866,4280,85.0,-42.925,170.875,12.31515403364756,11.80515403364756
4867,4288,217.0,-42.925,170.925,12.469788441463606,11.167788441463607
4868,4335,8.0,-42.875,170.825,12.122258221425,12.074258221425
4869,4336,74.0,-42.875,170.875,12.25851827153383,11.81451827153383
4870,4337,69.0,-42.875,170.925,12.393142532120692,11.979142532120692
4871,5453,24.0,-42.825,170.875,12.23480611416744,12.09080611416744
4872,5456,24.0,-42.825,170.925,12.350968319362437,12.206968319362437
4873,4072,393.0,-42.975,170.975,12.750413709793065,10.392413709793065
4874,4073,143.0,-42.975,171.025,12.908106662078353,12.050106662078353
4875,4074,952.0,-42.975,171.075,13.049555109006178,7.337555109006178
4876,4075,1019.0,-42.975,171.125,13.170375433503068,7.056375433503068
4877,4289,107.0,-42.925,170.975,12.61580944731395,11.97380944731395
4878,4290,54.0,-42.925,171.025,12.746175410517026,12.422175410517026
4879,4291,107.0,-42.925,171.075,12.85570413928508,12.213704139285081
4880,4292,220.0,-42.925,171.125,12.940490785375005,11.620490785375004
4881,4338,40.0,-42.875,170.975,12.515996838468709,12.275996838468709
4882,4339,39.0,-42.875,171.025,12.61928687125328,12.38528687125328
4883,4340,38.0,-42.875,171.075,12.69823813176481,12.47023813176481
4884,4341,154.0,-42.875,171.125,12.750244406663114,11.826244406663115
4885,5462,71.0,-42.825,170.975,12.452474749516114,12.026474749516114
4886,5560,18.0,-42.825,171.025,12.530485496543406,12.422485496543406
4887,5563,156.0,-42.825,171.075,12.581451403566462,11.645451403566462
4888,5565,475.0,-42.825,171.125,12.605280773837876,9.755280773837876
4889,4076,1284.0,-42.975,171.175,13.26627053078846,5.562270530788461
4890,4077,887.0,-42.975,171.225,13.332487899926491,8.010487899926492
4891,4078,1731.0,-42.975,171.275,13.363648806167475,2.977648806167476
4892,4293,789.0,-42.925,171.175,12.997003182703338,8.263003182703338
4893,4294,957.0,-42.925,171.225,13.021456950344145,7.279456950344145
4894,4295,1360.0,-42.925,171.275,13.009835595923505,4.849835595923505
4895,4342,318.0,-42.875,171.175,12.773290420118428,10.865290420118429
4896,4343,791.0,-42.875,171.225,12.76516091672238,8.019160916722381
4897,4344,934.0,-42.875,171.275,12.723711726146576,7.119711726146575
4898,5567,602.0,-42.825,171.175,12.602086082071764,8.990086082071764
4899,5569,153.0,-42.825,171.225,12.571422409630031,11.653422409630032
4900,5571,797.0,-42.825,171.275,12.513026252276177,7.731026252276177
4901,4079,1204.0,-42.975,171.325,13.354272203090659,6.13027220309066
4902,4080,1635.0,-42.975,171.375,13.300550892348838,3.4905508923488373
4903,4081,1408.0,-42.975,171.425,13.204252771221945,4.756252771221945
4904,4082,1544.0,-42.975,171.475,13.07973037501506,3.815730375015061
4905,4296,1025.0,-42.925,171.325,12.95873207474142,6.80873207474142
4906,4297,1487.0,-42.925,171.375,12.867263686217484,3.9452636862174852
4907,4298,1387.0,-42.925,171.425,12.740439626864827,4.418439626864828
4908,4299,991.0,-42.925,171.475,12.59455673021148,6.64855673021148
4909,4345,1531.0,-42.875,171.325,12.648033524965285,3.4620335249652854
4910,4346,734.0,-42.875,171.375,12.540555287981988,8.136555287981988
4911,4347,1027.0,-42.875,171.425,12.410376781615923,6.2483767816159235
4912,4348,1260.0,-42.875,171.475,12.278527639678941,4.718527639678942
4913,5573,912.0,-42.825,171.325,12.42826898039857,6.956268980398571
4914,5575,1136.0,-42.825,171.375,12.322297506729228,5.506297506729228
4915,5577,1336.0,-42.825,171.425,12.206936613791186,4.190936613791186
4916,5579,717.0,-42.825,171.475,12.104122026776167,7.802122026776168
4917,4083,1034.0,-42.975,171.525,12.966339130980487,6.762339130980487
4918,4084,893.0,-42.975,171.575,12.955262471255992,7.597262471255992
4919,4085,738.0,-42.975,171.625,13.098672766354866,8.670672766354866
4920,4300,1733.0,-42.925,171.525,12.467237479395408,2.06923747939541
4921,4301,1604.0,-42.925,171.575,12.455851084367168,2.8318510843671696
4922,4302,1064.0,-42.925,171.625,12.62941865636094,6.24541865636094
4923,4349,1053.0,-42.875,171.525,12.186567615422973,5.868567615422974
4924,4350,1462.0,-42.875,171.575,12.199509921898425,3.4275099218984266
4925,4351,1134.0,-42.875,171.625,12.343110069006798,5.5391100690067985
4926,5581,1175.0,-42.825,171.525,12.047650400072598,4.997650400072598
4927,5583,810.0,-42.825,171.575,12.074008222676639,7.2140082226766395
4928,5659,759.0,-42.825,171.625,12.194578794620611,7.640578794620612
4929,4086,1271.0,-42.975,171.675,13.30117170927042,5.67517170927042
4930,4087,767.0,-42.975,171.725,13.504174264566245,8.902174264566245
4931,4088,1023.0,-42.975,171.775,13.684832929924596,7.546832929924596
4932,4089,1481.0,-42.975,171.825,13.839856175174646,4.953856175174646
4933,4303,1600.0,-42.925,171.675,12.864138707591337,3.2641387075913375
4934,4304,1311.0,-42.925,171.725,13.104309399488557,5.238309399488557
4935,4305,1017.0,-42.925,171.775,13.327092443032598,7.225092443032598
4936,4306,786.0,-42.925,171.825,13.525312004450825,8.809312004450824
4937,4352,1236.0,-42.875,171.675,12.562448663415125,5.146448663415126
4938,4353,1194.0,-42.875,171.725,12.804657313707139,5.640657313707139
4939,4354,1138.0,-42.875,171.775,13.04160171554031,6.213601715540309
4940,4355,1284.0,-42.875,171.825,13.260824297100044,5.556824297100044
4941,5661,785.0,-42.825,171.675,12.384263394484151,7.674263394484151
4942,5662,819.0,-42.825,171.725,12.607419524600118,7.6934195246001185
4943,5665,880.0,-42.825,171.775,12.837450835162599,7.557450835162599
4944,5669,1016.0,-42.825,171.825,13.058936104454915,6.962936104454915
4945,4090,977.0,-42.975,171.875,13.97514582984877,8.113145829848772
4946,4091,1226.0,-42.975,171.925,14.097655416280759,6.741655416280759
4947,4092,1478.0,-42.975,171.975,14.211517555359023,5.343517555359025
4948,4307,791.0,-42.925,171.875,13.700022110057034,8.954022110057036
4949,4308,838.0,-42.925,171.925,13.855110140080797,8.827110140080796
4950,4309,747.0,-42.925,171.975,13.994070769735117,9.512070769735118
4951,4356,697.0,-42.875,171.875,13.458615235645993,9.276615235645995
4952,4357,1374.0,-42.875,171.925,13.635464960243553,5.391464960243553
4953,4358,1381.0,-42.875,171.975,13.793214214420004,5.507214214420005
4954,5673,710.0,-42.825,171.875,13.264496425661491,9.004496425661491
4955,5677,1147.0,-42.825,171.925,13.451553449081985,6.569553449081984
4956,5681,1082.0,-42.825,171.975,13.619960476247797,7.1279604762477975
4957,4093,975.0,-42.975,172.025,14.317464527208358,8.467464527208358
4958,4094,803.0,-42.975,172.075,14.413878597704752,9.595878597704752
4959,4095,1466.0,-42.975,172.125,14.498442243359023,5.702442243359023
4960,4096,1256.0,-42.975,172.175,14.569779759811354,7.033779759811354
4961,4310,799.0,-42.925,172.025,14.118837453097512,9.324837453097512
4962,4311,1308.0,-42.925,172.075,14.229972042903682,6.381972042903683
4963,4312,882.0,-42.925,172.125,14.327512905561889,9.03551290556189
4964,4313,1051.0,-42.925,172.175,14.411964109873225,8.105964109873224
4965,4359,1643.0,-42.875,172.025,13.933640472583647,4.075640472583649
4966,4360,1101.0,-42.875,172.075,14.058100095095142,7.452100095095142
4967,4361,1539.0,-42.875,172.125,14.167784321121871,4.9337843211218715
4968,4362,1358.0,-42.875,172.175,14.264203673003067,6.116203673003067
4969,5685,952.0,-42.825,172.025,13.770582130022376,8.058582130022376
4970,5689,1686.0,-42.825,172.075,13.90465210695038,3.78865210695038
4971,5693,937.0,-42.825,172.125,14.023647030637221,8.401647030637221
4972,5697,712.0,-42.825,172.175,14.129412654383486,9.857412654383486
4973,4097,1095.0,-42.975,172.225,14.628665413998533,8.058665413998533
4974,4098,801.0,-42.975,172.275,14.678528805765382,9.87252880576538
4975,4100,1181.0,-42.975,172.325,14.725178750915802,7.639178750915802
4976,4101,756.0,-42.975,172.375,14.77585511100915,10.23985511100915
4977,4314,1326.0,-42.925,172.225,14.48506860575435,6.52906860575435
4978,4315,915.0,-42.925,172.275,14.550148516140325,9.060148516140325
4979,4316,599.0,-42.925,172.325,14.61193591690244,11.01793591690244
4980,4317,709.0,-42.925,172.375,14.67594803204338,10.42194803204338
4981,4363,1514.0,-42.875,172.225,14.349613806174602,5.265613806174603
4982,4364,1174.0,-42.875,172.275,14.427201620721462,7.383201620721462
4983,4365,561.0,-42.875,172.325,14.50095509372477,11.13495509372477
4984,4366,1063.0,-42.875,172.375,14.575235409232846,8.197235409232846
4985,5701,681.0,-42.825,172.225,14.224326836043474,10.138326836043476
4986,5785,745.0,-42.825,172.275,14.311352863634966,9.841352863634967
4987,5787,649.0,-42.825,172.325,14.39391092256119,10.49991092256119
4988,5789,821.0,-42.825,172.375,14.47556447952229,9.54956447952229
4989,4102,563.0,-42.975,172.425,14.83785223803352,11.45985223803352
4990,4103,482.0,-42.975,172.475,14.917022198875202,12.025022198875202
4991,4104,324.0,-42.975,172.525,15.01647985292584,13.072479852925841
4992,4318,520.0,-42.925,172.425,14.74756052160592,11.627560521605918
4993,4319,459.0,-42.925,172.475,14.830990481012122,12.076990481012123
4994,4320,442.0,-42.925,172.525,14.9284191830302,12.276419183030201
4995,4367,508.0,-42.875,172.425,14.654144691827241,11.606144691827241
4996,4368,463.0,-42.875,172.475,14.740829572034272,11.962829572034272
4997,4369,401.0,-42.875,172.525,14.836877868619922,12.430877868619923
4998,5791,469.0,-42.825,172.425,14.559573872451438,11.745573872451438
4999,5793,571.0,-42.825,172.475,14.648405750242091,11.22240575024209
5000,5795,525.0,-42.825,172.525,14.743301668007916,11.593301668007916
5001,4105,303.0,-42.975,172.575,15.135815382742294,13.317815382742294
5002,4106,383.0,-42.975,172.625,15.27105485402717,12.97305485402717
5003,4107,297.0,-42.975,172.675,15.415441931792884,13.633441931792884
5004,4108,378.0,-42.975,172.725,15.560845244759548,13.292845244759548
5005,4321,300.0,-42.925,172.575,15.039466898182582,13.239466898182581
5006,4322,295.0,-42.925,172.625,15.161170840568957,13.391170840568957
5007,4323,330.0,-42.925,172.675,15.28850221882385,13.30850221882385
5008,4324,285.0,-42.925,172.725,15.415308268227818,13.705308268227817
5009,4370,303.0,-42.875,172.575,14.941952804259927,13.123952804259927
5010,4371,279.0,-42.875,172.625,15.053765670018038,13.379765670018038
5011,4372,239.0,-42.875,172.675,15.168416626005637,13.734416626005638
5012,4373,216.0,-42.875,172.725,15.281049480854563,13.985049480854563
5013,5797,319.0,-42.825,172.575,14.844002171139437,12.930002171139437
5014,5799,280.0,-42.825,172.625,14.948696755480341,13.268696755480342
5015,5801,261.0,-42.825,172.675,15.054231899877777,13.488231899877778
5016,5803,233.0,-42.825,172.725,15.156569734415825,13.758569734415826
5017,4064,257.0,-42.975,172.775,15.699365886262967,14.157365886262967
5018,4121,262.0,-42.975,172.825,15.82469629913976,14.25269629913976
5019,4128,119.0,-42.975,172.875,15.932965512707597,15.218965512707596
5020,4325,480.0,-42.925,172.775,15.535442818454612,12.655442818454613
5021,4326,273.0,-42.925,172.825,15.643818183449184,14.005818183449184
5022,4327,182.0,-42.925,172.875,15.737177779377816,14.645177779377816
5023,4374,283.0,-42.875,172.775,15.386695799541485,13.688695799541485
5024,4375,490.0,-42.875,172.825,15.481146376911056,12.541146376911056
5025,5215,295.0,-42.875,172.875,15.561686373730481,13.791686373730482
5026,5805,203.0,-42.825,172.775,15.25145566678475,14.03345566678475
5027,5807,172.0,-42.825,172.825,15.335214273458405,14.303214273458405
5028,5810,143.0,-42.825,172.875,15.405530252235621,14.547530252235621
5029,4134,194.0,-42.975,172.925,16.023043824683555,14.859043824683555
5030,4138,305.0,-42.975,172.975,16.09644205035147,14.26644205035147
5031,4145,359.0,-42.975,173.025,16.156998265327275,14.002998265327275
5032,4154,293.0,-42.975,173.075,16.21052755126584,14.452527551265842
5033,4328,149.0,-42.925,172.925,15.814504606711125,14.920504606711125
5034,4329,187.0,-42.925,172.975,15.877094847048284,14.755094847048284
5035,4330,383.0,-42.925,173.025,15.928411869743286,13.630411869743286
5036,4331,138.0,-42.925,173.075,15.97388376723029,15.145883767230291
5037,5323,228.0,-42.875,172.925,15.62756401005754,14.25956401005754
5038,5327,144.0,-42.875,172.975,15.680140987802588,14.816140987802587
5039,5333,112.0,-42.875,173.025,15.722787044422148,15.050787044422147
5040,5340,106.0,-42.875,173.075,15.760683739357773,15.124683739357774
5041,5813,243.0,-42.825,172.925,15.462011892792361,14.004011892792361
5042,5816,524.0,-42.825,172.975,15.506375969383953,12.362375969383953
5043,5819,383.0,-42.825,173.025,15.542277095773898,13.244277095773898
5044,5822,299.0,-42.825,173.075,15.574996961167926,13.780996961167926
5045,4163,126.0,-42.975,173.125,16.26454094980727,15.50854094980727
5046,4260,44.0,-42.975,173.175,16.327993014838285,16.063993014838285
5047,4332,425.0,-42.925,173.125,16.020816060932702,13.470816060932702
5048,4333,60.0,-42.925,173.175,16.078544904903538,15.718544904903538
5049,4334,45.0,-42.925,173.225,16.158647791184194,15.888647791184194
5050,5438,291.0,-42.875,173.125,15.800760273305059,14.054760273305059
5051,5443,58.0,-42.875,173.175,15.852052410016768,15.504052410016767
5052,5448,33.0,-42.875,173.225,15.926994122073665,15.728994122073665
5053,5824,196.0,-42.825,173.125,15.611267607371701,14.435267607371701
5054,5826,354.0,-42.825,173.175,15.659502146787418,13.535502146787417
5055,5828,72.0,-42.825,173.225,15.730987823852047,15.298987823852046
5056,5450,168.0,-42.875,173.275,16.04341426488827,15.03541426488827
5057,5830,81.0,-42.825,173.275,15.845573659655201,15.3595736596552
5058,5832,181.0,-42.825,173.325,16.034398019994114,14.948398019994114
5059,5834,20.0,-42.775,170.925,12.339596820878796,12.219596820878797
5060,5108,47.0,-42.625,171.125,12.457687259011436,12.175687259011436
5061,5221,19.0,-42.725,170.975,12.422791176919418,12.308791176919417
5062,5222,83.0,-42.725,171.025,12.458465171439457,11.960465171439457
5063,5223,174.0,-42.725,171.075,12.465145374320855,11.421145374320854
5064,5224,85.0,-42.725,171.125,12.450983184091456,11.940983184091456
5065,5270,13.0,-42.675,171.025,12.458972987984453,12.380972987984453
5066,5271,90.0,-42.675,171.075,12.456267150377244,11.916267150377244
5067,5272,81.0,-42.675,171.125,12.43528012193201,11.94928012193201
5068,5836,72.0,-42.775,170.975,12.423479941287951,11.99147994128795
5069,5838,20.0,-42.775,171.025,12.478894443433092,12.358894443433092
5070,5840,102.0,-42.775,171.075,12.505182027598494,11.893182027598494
5071,5842,160.0,-42.775,171.125,12.506440357792599,11.546440357792598
5072,5109,79.0,-42.625,171.175,12.427637279346527,11.953637279346527
5073,5110,80.0,-42.625,171.225,12.393754147913569,11.913754147913568
5074,5111,127.0,-42.625,171.275,12.35828146379572,11.59628146379572
5075,5225,144.0,-42.725,171.175,12.419187108847836,11.555187108847836
5076,5226,190.0,-42.725,171.225,12.37181757154758,11.23181757154758
5077,5227,59.0,-42.725,171.275,12.310860255525768,11.956860255525768
5078,5273,124.0,-42.675,171.175,12.401223109027342,11.657223109027342
5079,5274,68.0,-42.675,171.225,12.35757906409708,11.949579064097081
5080,5279,173.0,-42.675,171.275,12.3067442964566,11.2687442964566
5081,5844,148.0,-42.775,171.175,12.484845456809126,11.596845456809126
5082,5846,699.0,-42.775,171.225,12.441392089491274,8.247392089491274
5083,5848,725.0,-42.775,171.275,12.37722965519788,8.02722965519788
5084,5112,192.0,-42.625,171.325,12.321874382309034,11.169874382309034
5085,5113,144.0,-42.625,171.375,12.28648918484032,11.42248918484032
5086,5114,89.0,-42.625,171.425,12.256980445690715,11.722980445690714
5087,5115,89.0,-42.625,171.475,12.24071856559749,11.70671856559749
5088,5228,767.0,-42.725,171.325,12.239503638807946,7.637503638807947
5089,5229,700.0,-42.725,171.375,12.163758427057473,7.963758427057473
5090,5230,230.0,-42.725,171.425,12.093798155285185,10.713798155285186
5091,5231,152.0,-42.725,171.475,12.044047893305105,11.132047893305106
5092,5280,613.0,-42.675,171.325,12.251244536229933,8.573244536229932
5093,5281,710.0,-42.675,171.375,12.195523248268728,7.935523248268728
5094,5282,425.0,-42.675,171.425,12.147149454463943,9.597149454463942
5095,5283,420.0,-42.675,171.475,12.116555600263382,9.596555600263383
5096,5850,323.0,-42.775,171.325,12.295169843175245,10.357169843175244
5097,5852,541.0,-42.775,171.375,12.20157767361161,8.955577673611609
5098,5854,470.0,-42.775,171.425,12.108398014101112,9.288398014101112
5099,5856,216.0,-42.775,171.475,12.034423022530973,10.738423022530974
5100,5116,111.0,-42.625,171.525,12.24583867785259,11.579838677852589
5101,5117,120.0,-42.625,171.575,12.278888071585243,11.558888071585242
5102,5118,889.0,-42.625,171.625,12.342816588676214,7.008816588676214
5103,5232,409.0,-42.725,171.525,12.030869455833454,9.576869455833453
5104,5233,1041.0,-42.725,171.575,12.067356305153226,5.821356305153226
5105,5234,1055.0,-42.725,171.625,12.157481261874636,5.827481261874636
5106,5284,192.0,-42.675,171.525,12.115018906890327,10.963018906890328
5107,5285,354.0,-42.675,171.575,12.15131248349644,10.02731248349644
5108,5286,306.0,-42.675,171.625,12.228530669697648,10.392530669697647
5109,5858,966.0,-42.775,171.525,12.003586987706512,6.207586987706512
5110,5860,1102.0,-42.775,171.575,12.037041061168566,5.425041061168566
5111,5862,277.0,-42.775,171.625,12.140948830816342,10.478948830816343
5112,5119,443.0,-42.625,171.675,12.436214461886266,9.778214461886266
5113,5120,1107.0,-42.625,171.725,12.55404847873433,5.91204847873433
5114,5121,732.0,-42.625,171.775,12.68930338555947,8.29730338555947
5115,5122,720.0,-42.625,171.825,12.834645477312733,8.514645477312733
5116,5235,1126.0,-42.725,171.675,12.29431963607567,5.538319636075671
5117,5236,1171.0,-42.725,171.725,12.46396062763597,5.437960627635969
5118,5237,964.0,-42.725,171.775,12.65125857507519,6.86725857507519
5119,5238,942.0,-42.725,171.825,12.843577068244485,7.191577068244485
5120,5287,684.0,-42.675,171.675,12.343064061500627,8.239064061500628
5121,5288,1236.0,-42.675,171.725,12.486322542299604,5.070322542299604
5122,5289,976.0,-42.675,171.775,12.647786219720729,6.791786219720729
5123,5290,1014.0,-42.675,171.825,12.81757362942517,6.733573629425169
5124,5864,322.0,-42.775,171.675,12.30250053115742,10.37050053115742
5125,5866,398.0,-42.775,171.725,12.499374275757873,10.111374275757873
5126,5868,1163.0,-42.775,171.775,12.710668277530203,5.732668277530203
5127,5870,1307.0,-42.775,171.825,12.921432970411843,5.079432970411843
5128,5123,955.0,-42.625,171.875,12.983559120420978,7.253559120420977
5129,5124,380.0,-42.625,171.925,13.130872562382137,10.850872562382138
5130,5125,707.0,-42.625,171.975,13.272845611452794,9.030845611452794
5131,5239,1148.0,-42.725,171.875,13.031965758189472,6.143965758189472
5132,5240,995.0,-42.725,171.925,13.210844621982687,7.240844621982688
5133,5241,874.0,-42.725,171.975,13.3771844915791,8.133184491579101
5134,5291,833.0,-42.675,171.875,12.987777411988645,7.989777411988645
5135,5292,1406.0,-42.675,171.925,13.152767759944254,4.716767759944254
5136,5293,1367.0,-42.675,171.975,13.308942394429323,5.106942394429323
5137,5872,1104.0,-42.775,171.875,13.122640468369354,6.498640468369355
5138,5874,975.0,-42.775,171.925,13.309639702303684,7.459639702303685
5139,5876,1094.0,-42.775,171.975,13.480558145161922,6.916558145161923
5140,5126,1010.0,-42.625,172.025,13.407033047114965,7.347033047114965
5141,5127,1324.0,-42.625,172.075,13.532078957774502,5.588078957774502
5142,5128,1604.0,-42.625,172.125,13.64752275061619,4.023522750616191
5143,5129,1512.0,-42.625,172.175,13.753641291285021,4.681641291285022
5144,5242,1507.0,-42.725,172.025,13.52970944235858,4.487709442358581
5145,5243,1328.0,-42.725,172.075,13.668313547048456,5.700313547048457
5146,5244,1303.0,-42.725,172.125,13.793706161133741,5.975706161133742
5147,5245,764.0,-42.725,172.175,13.907221266752458,9.323221266752459
5148,5294,1294.0,-42.675,172.025,13.454301157427835,5.690301157427836
5149,5295,813.0,-42.675,172.075,13.588049271991622,8.710049271991622
5150,5296,1187.0,-42.675,172.125,13.710300794842624,6.588300794842625
5151,5297,884.0,-42.675,172.175,13.821877415994095,8.517877415994096
5152,5878,1367.0,-42.775,172.025,13.635124666281627,5.433124666281627
5153,5880,1511.0,-42.775,172.075,13.773974563540833,4.707974563540834
5154,5882,1385.0,-42.775,172.125,13.898333197128522,5.588333197128524
5155,5883,608.0,-42.775,172.175,14.009923925274052,10.361923925274052
5156,5130,963.0,-42.625,172.225,13.851319502027764,8.073319502027763
5157,5131,634.0,-42.625,172.275,13.941929437798535,10.137929437798535
5158,5132,1051.0,-42.625,172.325,14.02719867783162,7.72119867783162
5159,5133,1131.0,-42.625,172.375,14.109056599430915,7.323056599430914
5160,5246,1002.0,-42.725,172.225,14.010705750504712,7.998705750504713
5161,5247,546.0,-42.725,172.275,14.10641260990451,10.83041260990451
5162,5248,950.0,-42.725,172.325,14.196851295371744,8.496851295371744
5163,5249,1307.0,-42.725,172.375,14.284577724705741,6.442577724705742
5164,5298,768.0,-42.675,172.225,13.924164689291501,9.3161646892915
5165,5299,1473.0,-42.675,172.275,14.018982684901857,5.180982684901858
5166,5300,1720.0,-42.675,172.325,14.108438557454065,3.788438557454066
5167,5301,1475.0,-42.675,172.375,14.194745504009916,5.344745504009916
5168,5884,743.0,-42.775,172.225,14.110953838368005,9.652953838368006
5169,5885,590.0,-42.775,172.275,14.204067417605984,10.664067417605985
5170,5886,550.0,-42.775,172.325,14.292206051937683,10.992206051937682
5171,5887,1028.0,-42.775,172.375,14.378359056532645,8.210359056532646
5172,5134,656.0,-42.625,172.425,14.189456727846846,10.253456727846846
5173,5135,591.0,-42.625,172.475,14.270181137562759,10.72418113756276
5174,5136,876.0,-42.625,172.525,14.352636181185517,9.096636181185517
5175,5250,637.0,-42.725,172.425,14.371933568378154,10.549933568378155
5176,5251,1070.0,-42.725,172.475,14.46076343644745,8.040763436447453
5177,5252,868.0,-42.725,172.525,14.55214714999238,9.34414714999238
5178,5302,978.0,-42.675,172.425,14.280009543363121,8.412009543363123
5179,5303,1214.0,-42.675,172.475,14.365998065106396,7.081998065106396
5180,5304,1059.0,-42.675,172.525,14.453909525400377,8.099909525400378
5181,5888,764.0,-42.775,172.425,14.465231737111026,9.881231737111026
5182,5889,479.0,-42.775,172.475,14.55488308862914,11.68088308862914
5183,5890,592.0,-42.775,172.525,14.648397537766868,11.096397537766869
5184,5137,973.0,-42.625,172.575,14.43764585558165,8.599645855581649
5185,5138,1113.0,-42.625,172.625,14.525238410416932,7.847238410416932
5186,5139,995.0,-42.625,172.675,14.614401659669966,8.644401659669967
5187,5140,556.0,-42.625,172.725,14.7027541404168,11.3667541404168
5188,5253,574.0,-42.725,172.575,14.646182513992244,11.202182513992245
5189,5254,902.0,-42.725,172.625,14.741845739637938,9.329845739637939
5190,5255,410.0,-42.725,172.675,14.836952024354105,12.376952024354106
5191,5256,379.0,-42.725,172.725,14.928258154955984,12.654258154955983
5192,5305,754.0,-42.675,172.575,14.544161138459458,10.020161138459457
5193,5306,1355.0,-42.675,172.625,14.636202392171981,6.50620239217198
5194,5307,549.0,-42.675,172.675,14.728353249607608,11.434353249607607
5195,5308,498.0,-42.675,172.725,14.817679250281799,11.8296792502818
5196,5891,623.0,-42.775,172.575,14.745652202720521,11.007652202720521
5197,5892,386.0,-42.775,172.625,14.845227568985138,12.529227568985139
5198,5893,405.0,-42.775,172.675,14.944494263054366,12.514494263054367
5199,5894,264.0,-42.775,172.725,15.039904168472276,13.455904168472276
5200,5141,279.0,-42.625,172.775,14.786087794796913,13.112087794796913
5201,5142,573.0,-42.625,172.825,14.858148761632037,11.420148761632037
5202,5143,320.0,-42.625,172.875,14.912955480820528,12.992955480820529
5203,5257,423.0,-42.725,172.775,15.01181876908231,12.47381876908231
5204,5258,426.0,-42.725,172.825,15.083801914923242,12.527801914923243
5205,5259,219.0,-42.725,172.875,15.141848719296831,13.827848719296831
5206,5309,277.0,-42.675,172.775,14.90002121764337,13.238021217643372
5207,5310,274.0,-42.675,172.825,14.970627720678749,13.326627720678749
5208,5311,217.0,-42.675,172.875,15.026148653665587,13.724148653665587
5209,5895,213.0,-42.775,172.775,15.127523730971006,13.849523730971006
5210,5896,192.0,-42.775,172.825,15.203833680490789,14.05183368049079
5211,5897,175.0,-42.775,172.875,15.266693687222869,14.216693687222868
5212,5144,222.0,-42.625,172.925,14.951376399083529,13.619376399083528
5213,5145,185.0,-42.625,172.975,14.98214202944655,13.87214202944655
5214,5146,159.0,-42.625,173.025,15.015527839772403,14.061527839772403
5215,5147,201.0,-42.625,173.075,15.060571067377168,13.854571067377169
5216,5149,219.0,-42.775,172.975,15.354562400469149,14.040562400469149
5217,5208,616.0,-42.775,173.025,15.38641976828876,11.690419768288761
5218,5210,451.0,-42.775,173.075,15.41762340443529,12.71162340443529
5219,5260,188.0,-42.725,172.925,15.18641396194289,14.05841396194289
5220,5261,163.0,-42.725,172.975,15.221048089744727,14.243048089744727
5221,5262,143.0,-42.725,173.025,15.251525114923425,14.393525114923424
5222,5263,316.0,-42.725,173.075,15.284858212227846,13.388858212227845
5223,5312,184.0,-42.675,172.925,15.067379682295723,13.963379682295724
5224,5313,185.0,-42.675,172.975,15.099706817531114,13.989706817531115
5225,5314,234.0,-42.675,173.025,15.130856190633494,13.726856190633494
5226,5315,118.0,-42.675,173.075,15.169052419470972,14.461052419470972
5227,5898,171.0,-42.775,172.925,15.316131735882664,14.290131735882664
5228,5101,241.0,-42.675,173.125,15.222665162240446,13.776665162240446
5229,5102,308.0,-42.675,173.175,15.300582515526912,13.452582515526913
5230,5103,231.0,-42.675,173.225,15.412407232750411,14.026407232750412
5231,5148,181.0,-42.625,173.125,15.125364763556718,14.039364763556717
5232,5155,240.0,-42.625,173.175,15.217597265967925,13.777597265967925
5233,5156,246.0,-42.625,173.225,15.344452423494658,13.86845242349466
5234,5212,227.0,-42.775,173.125,15.455321569726948,14.093321569726948
5235,5216,189.0,-42.775,173.175,15.50821162741704,14.37421162741704
5236,5217,70.0,-42.775,173.225,15.588027394336677,15.168027394336677
5237,5264,245.0,-42.725,173.125,15.328966951510665,13.858966951510665
5238,5265,111.0,-42.725,173.175,15.393104165053956,14.727104165053955
5239,5266,51.0,-42.725,173.225,15.488921936375846,15.182921936375847
5240,5104,114.0,-42.675,173.275,15.567027699689788,14.883027699689789
5241,5105,101.0,-42.675,173.325,15.768290311450983,15.162290311450983
5242,5106,284.0,-42.675,173.375,16.01172494151615,14.307724941516149
5243,5107,54.0,-42.675,173.425,16.2875209411759,15.963520941175899
5244,5157,156.0,-42.625,173.275,15.511405443448893,14.575405443448894
5245,5158,129.0,-42.625,173.325,15.720127662294544,14.946127662294543
5246,5159,207.0,-42.625,173.375,15.967276586103253,14.725276586103254
5247,5160,258.0,-42.625,173.425,16.24564414919587,14.697644149195868
5248,5218,43.0,-42.775,173.275,15.714451511666994,15.456451511666994
5249,5219,218.0,-42.775,173.325,15.90799333673931,14.59999333673931
5250,5220,5.0,-42.775,173.375,16.150633421020757,16.120633421020756
5251,5267,37.0,-42.725,173.275,15.630550505189603,15.408550505189604
5252,5268,92.0,-42.725,173.325,15.826432448920968,15.274432448920969
5253,5269,338.0,-42.725,173.375,16.068818492061837,14.040818492061836
5254,5161,22.0,-42.575,171.125,12.519058532670897,12.387058532670897
5255,5162,115.0,-42.575,171.175,12.496689058036281,11.806689058036282
5256,5163,155.0,-42.575,171.225,12.476922635145456,11.546922635145457
5257,5164,238.0,-42.575,171.275,12.460844294251729,11.032844294251728
5258,5330,21.0,-42.525,171.175,12.608728174593125,12.482728174593126
5259,5337,142.0,-42.525,171.225,12.606248132495239,11.754248132495238
5260,5447,213.0,-42.525,171.275,12.61275447245498,11.33475447245498
5261,5733,155.0,-42.475,171.225,12.78638367385065,11.856383673850651
5262,5734,40.0,-42.475,171.275,12.8156838523646,12.5756838523646
5263,5165,301.0,-42.575,171.325,12.44534000447311,10.63934000447311
5264,5166,283.0,-42.575,171.375,12.429199708931264,10.731199708931264
5265,5167,164.0,-42.575,171.425,12.415016636987275,11.431016636987275
5266,5168,108.0,-42.575,171.475,12.408219171989913,11.760219171989913
5267,5449,161.0,-42.525,171.325,12.618136368746491,11.652136368746492
5268,5451,144.0,-42.525,171.375,12.618342788438895,11.754342788438894
5269,5454,147.0,-42.525,171.425,12.614787559155957,11.732787559155957
5270,5457,167.0,-42.525,171.475,12.612080896564294,11.610080896564293
5271,5735,162.0,-42.475,171.325,12.838114225593017,11.866114225593018
5272,5736,32.0,-42.475,171.375,12.84919197122872,12.65719197122872
5273,5737,155.0,-42.475,171.425,12.850100601601298,11.920100601601298
5274,5738,158.0,-42.475,171.475,12.845358233909792,11.897358233909792
5275,5169,143.0,-42.575,171.525,12.415282402766024,11.557282402766024
5276,5170,219.0,-42.575,171.575,12.441838904607721,11.12783890460772
5277,5171,429.0,-42.575,171.625,12.491184841735958,9.917184841735958
5278,5463,206.0,-42.525,171.525,12.616148235996661,11.38014823599666
5279,5644,220.0,-42.525,171.575,12.632578837219626,11.312578837219625
5280,5668,272.0,-42.525,171.625,12.665360672253883,11.033360672253883
5281,5739,177.0,-42.475,171.525,12.841071468290465,11.779071468290466
5282,5740,281.0,-42.475,171.575,12.843362027448165,11.157362027448166
5283,5741,309.0,-42.475,171.625,12.85714341183484,11.003143411834841
5284,5172,201.0,-42.575,171.675,12.563600966204831,11.357600966204831
5285,5173,202.0,-42.575,171.725,12.656596187938703,11.444596187938703
5286,5174,223.0,-42.575,171.775,12.765792656868143,11.427792656868144
5287,5175,436.0,-42.575,171.825,12.885991698258294,10.269991698258295
5288,5672,316.0,-42.525,171.675,12.716212649356748,10.820212649356748
5289,5676,482.0,-42.525,171.725,12.78456490177632,9.892564901776321
5290,5680,167.0,-42.525,171.775,12.86803134764341,11.866031347643409
5291,5684,331.0,-42.525,171.825,12.963107273448259,10.977107273448258
5292,5742,275.0,-42.475,171.675,12.885416860794066,11.235416860794066
5293,5743,271.0,-42.475,171.725,12.929106909155962,11.303106909155963
5294,5744,140.0,-42.475,171.775,12.98731696320101,12.14731696320101
5295,5745,858.0,-42.475,171.825,13.05781742214458,7.909817422144581
5296,5176,557.0,-42.575,171.875,13.012058346957929,9.670058346957928
5297,5177,543.0,-42.575,171.925,13.13948016840368,9.88148016840368
5298,5178,310.0,-42.575,171.975,13.264627026845119,11.40462702684512
5299,5688,383.0,-42.525,171.875,13.065849473601702,10.767849473601702
5300,5692,770.0,-42.525,171.925,13.172401044270373,8.552401044270372
5301,5696,1177.0,-42.525,171.975,13.279328351087315,6.217328351087316
5302,5746,937.0,-42.475,171.875,13.137589424164617,7.5155894241646175
5303,5747,1171.0,-42.475,171.925,13.223306027233775,6.1973060272337746
5304,5748,398.0,-42.475,171.975,13.311699904807028,10.923699904807028
5305,5179,1327.0,-42.575,172.025,13.384809806466365,5.422809806466365
5306,5180,888.0,-42.575,172.075,13.498235147879313,8.170235147879314
5307,5181,1181.0,-42.575,172.125,13.603922151058214,6.5179221510582135
5308,5182,964.0,-42.575,172.175,13.70161331629788,7.917613316297881
5309,5700,1200.0,-42.525,172.025,13.383801487259916,6.183801487259917
5310,5704,1309.0,-42.525,172.075,13.483669989833288,5.629669989833289
5311,5705,743.0,-42.525,172.125,13.577479235791543,9.119479235791545
5312,5706,1203.0,-42.525,172.175,13.664456487131247,6.446456487131248
5313,5749,440.0,-42.475,172.025,13.39981619468017,10.75981619468017
5314,5750,1061.0,-42.475,172.075,13.485173816123279,7.119173816123279
5315,5751,1087.0,-42.475,172.125,13.565863504012668,7.043863504012669
5316,5752,1005.0,-42.475,172.175,13.640604697215167,7.610604697215167
5317,5183,922.0,-42.575,172.225,13.791687415272463,8.259687415272463
5318,5184,1602.0,-42.575,172.275,13.875068698747782,4.263068698747782
5319,5185,1388.0,-42.575,172.325,13.953122865590558,5.6251228655905585
5320,5186,534.0,-42.575,172.375,14.027532278043509,10.823532278043508
5321,5707,723.0,-42.525,172.225,13.744479387340107,9.406479387340106
5322,5708,943.0,-42.525,172.275,13.818028342702746,8.160028342702747
5323,5709,1279.0,-42.525,172.325,13.88611851332098,6.212118513320981
5324,5710,559.0,-42.525,172.375,13.950206113171589,10.59620611317159
5325,5753,1555.0,-42.475,172.225,13.708773561269481,4.378773561269481
5326,5754,1218.0,-42.475,172.275,13.770405342515005,6.462405342515005
5327,5755,1169.0,-42.475,172.325,13.826168112136656,6.812168112136657
5328,5756,770.0,-42.475,172.375,13.877302352691913,9.257302352691912
5329,5187,1016.0,-42.575,172.425,14.100147722900147,8.004147722900147
5330,5188,657.0,-42.575,172.475,14.17281878097856,10.23081878097856
5331,5189,619.0,-42.575,172.525,14.247207299646107,10.533207299646106
5332,5711,996.0,-42.525,172.425,14.012065673850884,8.036065673850885
5333,5712,1471.0,-42.525,172.475,14.073637948862597,5.247637948862597
5334,5713,1351.0,-42.525,172.525,14.136850343955302,6.0308503439553025
5335,5757,1656.0,-42.475,172.425,13.925521273336926,3.989521273336928
5336,5758,1263.0,-42.475,172.475,13.972868961805943,6.394868961805943
5337,5759,857.0,-42.475,172.525,14.021535684460105,8.879535684460105
5338,5190,589.0,-42.575,172.575,14.324586644477677,10.790586644477678
5339,5191,371.0,-42.575,172.625,14.405620930378063,12.179620930378064
5340,5192,589.0,-42.575,172.675,14.490097642719775,10.956097642719776
5341,5193,320.0,-42.575,172.725,14.576535469601367,12.656535469601367
5342,5714,699.0,-42.525,172.575,14.203411367670924,10.009411367670925
5343,5715,1189.0,-42.525,172.625,14.274575449711847,7.1405754497118465
5344,5716,719.0,-42.525,172.675,14.350860160044249,10.036860160044249
5345,5717,492.0,-42.525,172.725,14.431660557645955,11.479660557645955
5346,5760,520.0,-42.475,172.575,14.07362965320499,10.953629653204988
5347,5761,985.0,-42.475,172.625,14.130899429484998,8.220899429484998
5348,5762,1414.0,-42.475,172.675,14.194384656140755,5.710384656140755
5349,5763,1655.0,-42.475,172.725,14.263925733019278,4.333925733019278
5350,5194,296.0,-42.575,172.775,14.661439562987653,12.885439562987653
5351,5195,382.0,-42.575,172.825,14.73757596491123,12.44557596491123
5352,5196,464.0,-42.575,172.875,14.793043314450188,12.009043314450189
5353,5718,337.0,-42.525,172.775,14.514588438847568,12.492588438847568
5354,5719,358.0,-42.525,172.825,14.593817502282036,12.445817502282036
5355,5720,396.0,-42.525,172.875,14.65082593877014,12.27482593877014
5356,5764,1205.0,-42.475,172.775,14.337311403334752,7.1073114033347515
5357,5765,859.0,-42.475,172.825,14.408329139088892,9.254329139088892
5358,5766,900.0,-42.475,172.875,14.464803729515552,9.064803729515553
5359,5197,833.0,-42.575,172.925,14.827979966004932,9.829979966004931
5360,5198,487.0,-42.575,172.975,14.858100629095134,11.936100629095133
5361,5199,296.0,-42.575,173.025,14.895799967907806,13.119799967907806
5362,5200,290.0,-42.575,173.075,14.949811998558289,13.209811998558289
5363,5721,773.0,-42.525,172.925,14.683385580450704,10.045385580450704
5364,5722,615.0,-42.525,172.975,14.71694471401861,11.02694471401861
5365,5723,596.0,-42.525,173.025,14.762872388695541,11.18687238869554
5366,5724,427.0,-42.525,173.075,14.828832414583303,12.266832414583304
5367,5767,1309.0,-42.475,172.925,14.507021577814157,6.653021577814158
5368,5768,970.0,-42.475,172.975,14.551853663575457,8.731853663575457
5369,5769,757.0,-42.475,173.025,14.611216355613578,10.069216355613579
5370,5770,1185.0,-42.475,173.075,14.692628279724886,7.5826282797248865
5371,5201,390.0,-42.575,173.125,15.027230692550802,12.687230692550802
5372,5202,356.0,-42.575,173.175,15.134207849456288,12.99820784945629
5373,5203,328.0,-42.575,173.225,15.275832946586888,13.307832946586888
5374,5725,367.0,-42.525,173.125,14.920775381855492,12.718775381855492
5375,5726,575.0,-42.525,173.175,15.043450474011479,11.59345047401148
5376,5727,638.0,-42.525,173.225,15.200330173222028,11.372330173222029
5377,5771,885.0,-42.475,173.125,14.801350636367715,9.491350636367716
5378,5772,617.0,-42.475,173.175,14.9410990013821,11.2390990013821
5379,5773,745.0,-42.475,173.225,15.114166436826054,10.644166436826055
5380,5151,170.0,-42.575,173.425,16.209222241814132,15.189222241814132
5381,5204,342.0,-42.575,173.275,15.455366981910629,13.40336698191063
5382,5205,139.0,-42.575,173.325,15.67321592049484,14.83921592049484
5383,5206,397.0,-42.575,173.375,15.926429367478704,13.544429367478704
5384,5728,387.0,-42.525,173.275,15.39318408764666,13.07118408764666
5385,5729,284.0,-42.525,173.325,15.621580831582833,13.917580831582832
5386,5730,370.0,-42.525,173.375,15.882681719500397,13.662681719500396
5387,5731,500.0,-42.525,173.425,16.171520121002686,13.171520121002686
5388,5774,329.0,-42.475,173.275,15.32127762465825,13.34727762465825
5389,5775,267.0,-42.475,173.325,15.561392689738568,13.959392689738568
5390,5776,295.0,-42.475,173.375,15.831656109283358,14.061656109283359
5391,5777,525.0,-42.475,173.425,16.127582902841823,12.977582902841823
5392,5277,115.0,-42.575,173.475,16.514099792701018,15.824099792701018
5393,5732,52.0,-42.525,173.475,16.48160035469482,16.16960035469482
5394,5778,700.0,-42.475,173.475,16.443410725376452,12.243410725376453
5395,5779,88.0,-42.475,173.525,16.77243677158549,16.24443677158549
5396,5498,234.0,-42.375,171.275,13.362447889983741,11.958447889983741
5397,5780,279.0,-42.425,171.225,13.028272524428758,11.354272524428758
5398,5781,67.0,-42.425,171.275,13.069730160153995,12.667730160153996
5399,5214,121.0,-42.425,171.425,13.113436151306814,12.387436151306815
5400,5318,95.0,-42.425,171.475,13.099980663522729,12.529980663522728
5401,5378,654.0,-42.275,171.325,14.014729111058841,10.090729111058842
5402,5379,1140.0,-42.275,171.375,14.005668620709912,7.165668620709912
5403,5380,944.0,-42.275,171.425,13.956332722398656,8.292332722398656
5404,5381,280.0,-42.275,171.475,13.878944756201236,12.198944756201236
5405,5499,560.0,-42.375,171.325,13.39565219960059,10.035652199600591
5406,5500,267.0,-42.375,171.375,13.406439552723896,11.804439552723895
5407,5501,74.0,-42.375,171.425,13.394734043740755,12.950734043740754
5408,5502,59.0,-42.375,171.475,13.365890114815556,13.011890114815557
5409,5547,343.0,-42.325,171.325,13.706360239899368,11.648360239899368
5410,5548,875.0,-42.325,171.375,13.708773298985761,8.458773298985761
5411,5549,576.0,-42.325,171.425,13.680992276535108,10.224992276535108
5412,5550,115.0,-42.325,171.475,13.630586671846686,12.940586671846686
5413,5782,286.0,-42.425,171.325,13.10085435124347,11.38485435124347
5414,5783,20.0,-42.425,171.375,13.115275888892938,12.99527588889294
5415,5320,125.0,-42.425,171.525,13.08169328614531,12.33169328614531
5416,5321,154.0,-42.425,171.575,13.065652107710775,12.141652107710776
5417,5325,287.0,-42.425,171.625,13.057856542287482,11.335856542287482
5418,5382,103.0,-42.275,171.525,13.788179594161193,13.170179594161192
5419,5383,165.0,-42.275,171.575,13.696796018870373,12.706796018870373
5420,5384,107.0,-42.275,171.625,13.614298577194859,12.97229857719486
5421,5503,126.0,-42.375,171.525,13.328044291421975,12.572044291421975
5422,5504,80.0,-42.375,171.575,13.28968236586661,12.80968236586661
5423,5505,142.0,-42.375,171.625,13.25801139131363,12.40601139131363
5424,5551,70.0,-42.325,171.525,13.568195318719518,13.148195318719518
5425,5552,79.0,-42.325,171.575,13.5042487504179,13.0302487504179
5426,5553,197.0,-42.325,171.625,13.44720396734192,12.26520396734192
5427,5153,180.0,-42.325,171.675,13.402954165467236,12.322954165467236
5428,5278,136.0,-42.325,171.725,13.374860653519136,12.558860653519135
5429,5324,251.0,-42.325,171.775,13.36406504903789,11.85806504903789
5430,5328,469.0,-42.325,171.825,13.369911350804614,10.555911350804614
5431,5329,293.0,-42.425,171.675,13.062455946619593,11.304455946619594
5432,5336,110.0,-42.425,171.725,13.081524694865948,12.421524694865948
5433,5385,105.0,-42.275,171.675,13.546955139514466,12.916955139514466
5434,5386,181.0,-42.275,171.725,13.498202293470968,12.412202293470967
5435,5387,342.0,-42.275,171.775,13.46912916558722,11.41712916558722
5436,5388,400.0,-42.275,171.825,13.458959233521455,11.058959233521454
5437,5437,281.0,-42.425,171.775,13.115231142113771,11.429231142113771
5438,5442,510.0,-42.425,171.825,13.162229239816952,10.102229239816953
5439,5506,215.0,-42.375,171.675,13.238171113960561,11.948171113960562
5440,5507,221.0,-42.375,171.725,13.233056949247839,11.907056949247838
5441,5508,261.0,-42.375,171.775,13.24351187946013,11.67751187946013
5442,5509,248.0,-42.375,171.825,13.268705343893089,11.78070534389309
5443,5334,365.0,-42.325,171.875,13.39039095568296,11.20039095568296
5444,5341,479.0,-42.325,171.925,13.422563075928338,10.548563075928337
5445,5342,479.0,-42.325,171.975,13.462926951866393,10.588926951866393
5446,5389,695.0,-42.275,171.875,13.465503087216348,9.295503087216348
5447,5390,714.0,-42.275,171.925,13.485566655795992,9.201566655795993
5448,5391,382.0,-42.275,171.975,13.515307530353311,11.223307530353312
5449,5458,1202.0,-42.425,171.875,13.220128067754558,6.0081280677545585
5450,5464,514.0,-42.425,171.925,13.2859409341836,10.2019409341836
5451,5465,299.0,-42.425,171.975,13.356463530613837,11.562463530613837
5452,5510,686.0,-42.375,171.875,13.3065763794948,9.1905763794948
5453,5511,849.0,-42.375,171.925,13.35426468620426,8.260264686204259
5454,5512,760.0,-42.375,171.975,13.408489678058686,8.848489678058687
5455,5343,853.0,-42.325,172.025,13.507740010878479,8.38974001087848
5456,5344,1054.0,-42.325,172.075,13.553288596856873,7.2292885968568745
5457,5345,675.0,-42.325,172.125,13.59612413697323,9.54612413697323
5458,5346,421.0,-42.325,172.175,13.63327713034596,11.10727713034596
5459,5392,1298.0,-42.275,172.025,13.550542069700896,5.7625420697008956
5460,5393,1239.0,-42.275,172.075,13.587015340028302,6.153015340028301
5461,5394,1034.0,-42.275,172.125,13.620651377255854,7.416651377255854
5462,5395,571.0,-42.275,172.175,13.647800346927397,10.221800346927397
5463,5466,920.0,-42.425,172.025,13.428567927549011,7.9085679275490115
5464,5467,637.0,-42.425,172.075,13.499421360254928,9.677421360254929
5465,5468,1036.0,-42.425,172.125,13.566647108411416,7.350647108411417
5466,5469,710.0,-42.425,172.175,13.628443468813202,9.368443468813203
5467,5513,839.0,-42.375,172.025,13.465864747875457,8.431864747875458
5468,5514,1013.0,-42.375,172.075,13.523151361230703,7.445151361230702
5469,5515,487.0,-42.375,172.125,13.577465493399359,10.655465493399358
5470,5516,499.0,-42.375,172.175,13.62644887170245,10.63244887170245
5471,5347,641.0,-42.325,172.225,13.662454651668668,9.816454651668668
5472,5348,709.0,-42.325,172.275,13.6822160149095,9.4282160149095
5473,5349,700.0,-42.325,172.325,13.692109440151398,9.492109440151399
5474,5350,970.0,-42.325,172.375,13.692744925236184,7.8727449252361845
5475,5396,435.0,-42.275,172.225,13.665490454714018,11.055490454714018
5476,5397,946.0,-42.275,172.275,13.671676360347192,7.995676360347192
5477,5398,1051.0,-42.275,172.325,13.665456574432028,7.359456574432028
5478,5399,1193.0,-42.275,172.375,13.647218466074264,6.489218466074265
5479,5470,1436.0,-42.425,172.225,13.683670377307863,5.067670377307863
5480,5471,1129.0,-42.425,172.275,13.731905359341908,6.957905359341909
5481,5472,1387.0,-42.425,172.325,13.773463891549909,5.45146389154991
5482,5473,1202.0,-42.425,172.375,13.80937561443352,6.5973756144335205
5483,5517,849.0,-42.375,172.225,13.668411860533524,8.574411860533523
5484,5518,519.0,-42.375,172.275,13.702446417471947,10.588446417471946
5485,5519,693.0,-42.375,172.325,13.728499419390573,9.570499419390574
5486,5520,945.0,-42.375,172.375,13.747391709068324,8.077391709068326
5487,5351,1015.0,-42.325,172.425,13.68577915259084,7.59577915259084
5488,5352,1273.0,-42.325,172.475,13.673797516483319,6.035797516483319
5489,5353,1256.0,-42.325,172.525,13.660091836496576,6.124091836496577
5490,5400,1165.0,-42.275,172.425,13.61867038494529,6.6286703849452895
5491,5401,1876.0,-42.275,172.475,13.582738463421265,2.3267384634212647
5492,5402,1171.0,-42.275,172.525,13.543332258763257,6.517332258763257
5493,5474,1433.0,-42.425,172.425,13.841307702907216,5.243307702907217
5494,5475,1085.0,-42.425,172.475,13.8714292357472,7.361429235747201
5495,5476,1566.0,-42.425,172.525,13.902213563655096,4.506213563655097
5496,5521,1590.0,-42.375,172.425,13.760768235297292,4.220768235297292
5497,5522,1390.0,-42.375,172.475,13.770969251170754,5.430969251170755
5498,5523,1307.0,-42.375,172.525,13.780818995666777,5.938818995666778
5499,5354,1092.0,-42.325,172.575,13.64834403385612,7.09634403385612
5500,5355,1148.0,-42.325,172.625,13.642234378068679,6.754234378068679
5501,5356,1210.0,-42.325,172.675,13.645006116224977,6.385006116224977
5502,5357,1738.0,-42.325,172.725,13.659058022643876,3.231058022643877
5503,5403,1191.0,-42.275,172.575,13.505004860613553,6.359004860613553
5504,5404,779.0,-42.275,172.625,13.472543472456891,8.798543472456892
5505,5405,1688.0,-42.275,172.675,13.450534792598773,3.322534792598775
5506,5406,1379.0,-42.275,172.725,13.44297391713917,5.168973917139171
5507,5477,1249.0,-42.425,172.575,13.936176657585747,6.4421766575857475
5508,5478,881.0,-42.425,172.625,13.975545115488785,8.689545115488784
5509,5479,765.0,-42.425,172.675,14.021834071081685,9.431834071081685
5510,5480,1103.0,-42.425,172.725,14.075289375832654,7.457289375832654
5511,5524,1423.0,-42.375,172.575,13.793333105517377,5.255333105517376
5512,5525,969.0,-42.375,172.625,13.811347502974968,7.997347502974969
5513,5526,1521.0,-42.375,172.675,13.837073635851993,4.711073635851994
5514,5527,1097.0,-42.375,172.725,13.871607694942213,7.289607694942213
5515,5358,940.0,-42.325,172.775,13.685732909820217,8.045732909820217
5516,5359,1469.0,-42.325,172.825,13.725601099617052,4.911601099617052
5517,5360,1316.0,-42.325,172.875,13.779436508651997,5.8834365086519975
5518,5407,996.0,-42.275,172.775,13.45303204557058,7.4770320455705805
5519,5408,1368.0,-42.275,172.825,13.483120966375282,5.275120966375281
5520,5409,1375.0,-42.275,172.875,13.535273723355203,5.285273723355203
5521,5481,1050.0,-42.425,172.775,14.134141340025963,7.834141340025963
5522,5482,1172.0,-42.425,172.825,14.193988931125205,7.1619889311252045
5523,5483,1544.0,-42.425,172.875,14.249829255146324,4.985829255146324
5524,5528,1114.0,-42.375,172.775,13.914536151518405,7.230536151518405
5525,5529,959.0,-42.375,172.825,13.96414876216295,8.21014876216295
5526,5530,1092.0,-42.375,172.875,14.019196744236979,7.467196744236979
5527,5361,1380.0,-42.325,172.925,13.849344788191956,5.569344788191957
5528,5362,793.0,-42.325,172.975,13.938880304980557,9.180880304980558
5529,5363,1153.0,-42.325,173.025,14.051999977255036,7.133999977255037
5530,5364,1057.0,-42.325,173.075,14.191940623222763,7.849940623222763
5531,5410,1144.0,-42.275,172.925,13.611569729499024,6.747569729499024
5532,5411,980.0,-42.275,172.975,13.714196386219555,7.834196386219555
5533,5412,988.0,-42.275,173.025,13.84508149746398,7.91708149746398
5534,5413,877.0,-42.275,173.075,14.005437848805741,8.74343784880574
5535,5484,812.0,-42.425,172.925,14.30325256746437,9.43125256746437
5536,5485,1461.0,-42.425,172.975,14.363464308356924,5.597464308356924
5537,5486,1230.0,-42.425,173.025,14.43998119594471,7.059981195944711
5538,5487,1070.0,-42.425,173.075,14.539704734190309,8.11970473419031
5539,5531,929.0,-42.375,172.925,14.081675633129635,8.507675633129637
5540,5532,1078.0,-42.375,172.975,14.157137699952727,7.689137699952728
5541,5533,1169.0,-42.375,173.025,14.252035030709521,7.238035030709522
5542,5534,842.0,-42.375,173.075,14.371615652857145,9.319615652857145
5543,5365,947.0,-42.325,173.125,14.360692432601354,8.678692432601354
5544,5366,1378.0,-42.325,173.175,14.558937973019056,6.290937973019057
5545,5367,994.0,-42.325,173.225,14.786161025385809,8.82216102538581
5546,5414,1144.0,-42.275,173.125,14.195514283812372,7.331514283812372
5547,5415,1220.0,-42.275,173.175,14.41457185789477,7.094571857894771
5548,5416,2088.0,-42.275,173.225,14.660970077104139,2.13297007710414
5549,5488,1334.0,-42.425,173.125,14.667251923725416,6.663251923725417
5550,5489,960.0,-42.425,173.175,14.825491202176636,9.065491202176636
5551,5490,871.0,-42.425,173.225,15.015791477806488,9.789791477806489
5552,5535,796.0,-42.375,173.125,14.519390791592741,9.743390791592741
5553,5536,696.0,-42.375,173.175,14.697258131505805,10.521258131505805
5554,5537,1314.0,-42.375,173.225,14.905695583347551,7.021695583347551
5555,5368,740.0,-42.325,173.275,15.040769004048343,10.600769004048342
5556,5369,992.0,-42.325,173.325,15.320192180315644,9.368192180315644
5557,5370,1090.0,-42.325,173.375,15.620970616600971,9.080970616600972
5558,5371,1262.0,-42.325,173.425,15.938839832550002,8.366839832550003
5559,5417,651.0,-42.275,173.275,14.932269952991192,11.026269952991193
5560,5418,679.0,-42.275,173.325,15.22531858293587,11.15131858293587
5561,5419,1194.0,-42.275,173.375,15.536314473218226,8.372314473218227
5562,5420,635.0,-42.275,173.425,15.860858785563323,12.050858785563324
5563,5491,489.0,-42.425,173.275,15.238071713687532,12.304071713687533
5564,5492,468.0,-42.425,173.325,15.490788062008505,12.682788062008505
5565,5493,425.0,-42.425,173.375,15.770974435556127,13.220974435556126
5566,5494,316.0,-42.425,173.425,16.074390803809365,14.178390803809364
5567,5538,904.0,-42.375,173.275,15.143885452107497,9.719885452107498
5568,5539,814.0,-42.375,173.325,15.40979172057996,10.52579172057996
5569,5540,792.0,-42.375,173.375,15.700243631024932,10.948243631024933
5570,5541,303.0,-42.375,173.425,16.011055097733333,14.193055097733334
5571,5372,1202.0,-42.325,173.475,16.268803409606335,9.056803409606335
5572,5373,759.0,-42.325,173.525,16.605150917159335,12.051150917159337
5573,5374,619.0,-42.325,173.575,16.94135004018608,13.22735004018608
5574,5375,863.0,-42.325,173.625,17.269745765341213,12.091745765341212
5575,5421,1240.0,-42.275,173.475,16.19398773536159,8.753987735361589
5576,5422,1430.0,-42.275,173.525,16.530171172988048,7.950171172988048
5577,5423,1215.0,-42.275,173.575,16.86327556626202,9.57327556626202
5578,5424,886.0,-42.275,173.625,17.186589754484885,11.870589754484886
5579,5495,525.0,-42.425,173.475,16.395749986939336,13.245749986939336
5580,5496,170.0,-42.425,173.525,16.728929538621742,15.708929538621742
5581,5497,21.0,-42.425,173.575,17.067042104630673,16.94104210463067
5582,5542,223.0,-42.375,173.475,16.33716474289031,14.99916474289031
5583,5543,136.0,-42.375,173.525,16.67273665312314,15.856736653123138
5584,5544,121.0,-42.375,173.575,17.011113959968498,16.2851139599685
5585,5545,61.0,-42.375,173.625,17.34439432578074,16.97839432578074
5586,5376,124.0,-42.325,173.675,17.581385474470153,16.837385474470153
5587,5377,20.0,-42.325,173.725,17.868209468233545,17.748209468233544
5588,5425,255.0,-42.275,173.675,17.49332561873598,15.96332561873598
5589,5426,428.0,-42.275,173.725,17.778265996137634,15.210265996137634
5590,5427,107.0,-42.275,173.775,18.03980891577885,17.39780891577885
5591,5546,10.0,-42.375,173.675,17.661960160239687,17.60196016023969
5592,5428,17.0,-42.225,171.325,14.301244081521872,14.199244081521872
5593,5429,570.0,-42.225,171.375,14.277986537155812,10.857986537155812
5594,5430,654.0,-42.225,171.425,14.201635324003291,10.277635324003292
5595,5431,726.0,-42.225,171.475,14.093067402282031,9.737067402282031
5596,5835,10.0,-42.175,171.325,14.542989966252208,14.482989966252207
5597,5837,327.0,-42.175,171.375,14.501863932207925,12.539863932207926
5598,5839,384.0,-42.175,171.425,14.393128119234461,12.089128119234461
5599,5841,631.0,-42.175,171.475,14.252498101668607,10.466498101668607
5600,5997,54.0,-42.125,171.375,14.641046000782808,14.317046000782808
5601,5998,197.0,-42.125,171.425,14.501768042686308,13.319768042686308
5602,5999,471.0,-42.125,171.475,14.336770465946756,11.510770465946756
5603,5150,375.0,-42.125,171.575,14.011985773453489,11.761985773453489
5604,5276,957.0,-42.125,171.625,13.875490715410706,8.133490715410705
5605,5432,295.0,-42.225,171.525,13.972260749869747,12.202260749869748
5606,5433,204.0,-42.225,171.575,13.853924469713093,12.629924469713092
5607,5434,222.0,-42.225,171.625,13.74798307092351,12.41598307092351
5608,5843,496.0,-42.175,171.525,14.103972777935269,11.12797277793527
5609,5845,830.0,-42.175,171.575,13.962560175063118,8.982560175063117
5610,5847,452.0,-42.175,171.625,13.837781925118179,11.12578192511818
5611,6000,1046.0,-42.125,171.525,14.168778115134046,7.892778115134045
5612,5154,294.0,-42.225,171.725,13.594863952203013,11.830863952203014
5613,5275,182.0,-42.225,171.775,13.551590478462458,12.459590478462458
5614,5316,402.0,-42.225,171.825,13.529646656166733,11.117646656166734
5615,5331,538.0,-42.125,171.675,13.764588782905776,10.536588782905776
5616,5338,250.0,-42.125,171.725,13.681535208252171,12.181535208252171
5617,5435,169.0,-42.225,171.675,13.660580842606578,12.646580842606578
5618,5436,234.0,-42.125,171.775,13.626169017734355,12.222169017734355
5619,5441,278.0,-42.125,171.825,13.596477940875047,11.928477940875048
5620,5849,212.0,-42.175,171.675,13.735289046489925,12.463289046489924
5621,5851,182.0,-42.175,171.725,13.657739107693487,12.565739107693487
5622,5853,258.0,-42.175,171.775,13.605419798357616,12.057419798357616
5623,5855,383.0,-42.175,171.825,13.576771163916419,11.278771163916419
5624,5317,695.0,-42.225,171.875,13.52649849738009,9.35649849738009
5625,5335,619.0,-42.225,171.925,13.538582761393627,9.824582761393627
5626,5440,857.0,-42.225,171.975,13.561638665138162,8.419638665138162
5627,5446,370.0,-42.125,171.875,13.589083312977891,11.36908331297789
5628,5452,384.0,-42.125,171.925,13.599619486743904,11.295619486743904
5629,5455,510.0,-42.125,171.975,13.62300737429905,10.563007374299051
5630,5857,568.0,-42.175,171.875,13.568836373211525,10.160836373211525
5631,5859,324.0,-42.175,171.925,13.577638045742788,11.633638045742789
5632,5861,732.0,-42.175,171.975,13.598480729298899,9.2064807292989
5633,5444,895.0,-42.225,172.025,13.590989710530266,8.220989710530267
5634,5460,979.0,-42.225,172.075,13.621794901271642,7.747794901271642
5635,5461,582.0,-42.125,172.025,13.653646007100178,10.161646007100178
5636,5554,870.0,-42.125,172.075,13.6855627515979,8.4655627515979
5637,5555,863.0,-42.125,172.125,13.712576276058826,8.534576276058825
5638,5556,745.0,-42.125,172.175,13.72853912638675,9.25853912638675
5639,5643,1395.0,-42.225,172.125,13.649295470782818,5.279295470782818
5640,5660,791.0,-42.225,172.175,13.66908347228673,8.92308347228673
5641,5863,845.0,-42.175,172.025,13.62619415998779,8.55619415998779
5642,5865,1295.0,-42.175,172.075,13.655345721079357,5.885345721079357
5643,5867,1121.0,-42.175,172.125,13.680460895611759,6.954460895611759
5644,5869,1016.0,-42.175,172.175,13.696294942681561,7.600294942681561
5645,5557,321.0,-42.125,172.225,13.727730332255305,11.801730332255305
5646,5558,538.0,-42.125,172.275,13.705437373726454,10.477437373726454
5647,5559,707.0,-42.125,172.325,13.658671753069939,9.416671753069938
5648,5561,553.0,-42.125,172.375,13.58682335004778,10.26882335004778
5649,5663,399.0,-42.225,172.225,13.677408326984732,11.283408326984732
5650,5666,587.0,-42.225,172.275,13.671513895165845,10.149513895165844
5651,5670,889.0,-42.225,172.325,13.649965288939711,8.315965288939712
5652,5674,800.0,-42.225,172.375,13.61289633283377,8.81289633283377
5653,5871,375.0,-42.175,172.225,13.698190781931771,11.448190781931771
5654,5873,460.0,-42.175,172.275,13.682526694738044,10.922526694738044
5655,5875,989.0,-42.175,172.325,13.647199481954885,7.713199481954885
5656,5877,612.0,-42.175,172.375,13.592026800943131,9.92002680094313
5657,5562,1455.0,-42.125,172.425,13.491992639428645,4.7619926394286445
5658,5564,1140.0,-42.125,172.475,13.378865884551487,6.5388658845514875
5659,5566,636.0,-42.125,172.525,13.254241661408741,9.438241661408743
5660,5678,1597.0,-42.225,172.425,13.56210686222039,3.9801068622203886
5661,5682,997.0,-42.225,172.475,13.50097345831091,7.518973458310909
5662,5686,1559.0,-42.225,172.525,13.434189676805545,4.080189676805546
5663,5879,1829.0,-42.175,172.425,13.518937260691018,2.54493726069102
5664,5881,1605.0,-42.175,172.475,13.4318824733964,3.8018824733963985
5665,5968,734.0,-42.175,172.525,13.336514104514208,8.932514104514208
5666,5568,2017.0,-42.125,172.575,13.126449912699172,1.024449912699172
5667,5570,1551.0,-42.125,172.625,13.004831811595068,3.6988318115950687
5668,5572,1269.0,-42.125,172.675,12.899280431036459,5.28528043103646
5669,5574,1851.0,-42.125,172.725,12.819713836634037,1.713713836634037
5670,5690,1878.0,-42.225,172.575,13.367388811155251,2.099388811155251
5671,5694,1307.0,-42.225,172.625,13.30670637266303,5.46470637266303
5672,5698,1194.0,-42.225,172.675,13.258324264381372,6.094324264381372
5673,5702,1189.0,-42.225,172.725,13.228032086390158,6.094032086390158
5674,5969,991.0,-42.175,172.575,13.239736365027056,7.293736365027057
5675,5970,1456.0,-42.175,172.625,13.149228105365182,4.413228105365182
5676,5971,1340.0,-42.175,172.675,13.07296299857262,5.032962998572621
5677,5972,1567.0,-42.175,172.725,13.018703089921473,3.616703089921474
5678,5576,1874.0,-42.125,172.775,12.775330257896712,1.5313302578967143
5679,5578,1738.0,-42.125,172.825,12.773616972794116,2.345616972794117
5680,5580,1304.0,-42.125,172.875,12.81934029822878,4.995340298228782
5681,5784,1527.0,-42.225,172.775,13.220856861280481,4.058856861280482
5682,5786,1640.0,-42.225,172.825,13.240828682981373,3.400828682981375
5683,5788,1434.0,-42.225,172.875,13.290917301746958,4.686917301746959
5684,5973,1456.0,-42.175,172.775,12.993440658654436,4.257440658654435
5685,5974,1440.0,-42.175,172.825,13.00282161155701,4.36282161155701
5686,5975,1339.0,-42.175,172.875,13.05066584045926,5.016665840459259
5687,5582,1045.0,-42.125,172.925,12.913959424051427,6.6439594240514275
5688,5584,1040.0,-42.125,172.975,13.055799950958317,6.815799950958317
5689,5585,946.0,-42.125,173.025,13.240890198059788,7.564890198059787
5690,5586,1008.0,-42.125,173.075,13.464011857016885,7.416011857016885
5691,5790,1284.0,-42.225,172.925,13.37308523165484,5.669085231654841
5692,5792,1825.0,-42.225,172.975,13.488348874358053,2.5383488743580536
5693,5794,1133.0,-42.225,173.025,13.636801312077296,6.838801312077296
5694,5796,822.0,-42.225,173.075,13.817642744088516,8.885642744088516
5695,5976,1066.0,-42.175,172.925,13.13873465040524,6.74273465040524
5696,5977,1054.0,-42.175,172.975,13.26682718864322,6.9428271886432205
5697,5978,1353.0,-42.175,173.025,13.433150529264822,5.315150529264823
5698,5979,1013.0,-42.175,173.075,13.6348058896765,7.556805889676499
5699,5587,968.0,-42.125,173.125,13.719545865020336,7.9115458650203365
5700,5588,1108.0,-42.125,173.175,14.001955335395905,7.353955335395906
5701,5589,928.0,-42.125,173.225,14.305961294307053,8.737961294307054
5702,5798,1309.0,-42.225,173.125,14.029264845201396,6.175264845201397
5703,5800,1124.0,-42.225,173.175,14.269375046278583,7.525375046278583
5704,5802,1197.0,-42.225,173.225,14.535116615399602,7.3531166153996015
5705,5980,1384.0,-42.175,173.125,13.868231404569087,5.564231404569087
5706,5981,1214.0,-42.175,173.175,14.129512768904533,6.845512768904533
5707,5982,1242.0,-42.175,173.225,14.41455155098447,6.96255155098447
5708,5590,1074.0,-42.125,173.275,14.62654020071568,8.182540200715682
5709,5591,1228.0,-42.125,173.325,14.95885524773621,7.590855247736211
5710,5592,1497.0,-42.125,173.375,15.298190209556196,6.316190209556197
5711,5593,1800.0,-42.125,173.425,15.63991745788735,4.839917457887351
5712,5804,1243.0,-42.225,173.275,14.823155951300578,7.365155951300578
5713,5806,1199.0,-42.225,173.325,15.129735362850624,7.935735362850624
5714,5809,515.0,-42.225,173.375,15.45070379325989,12.36070379325989
5715,5812,707.0,-42.225,173.425,15.781537469090836,11.539537469090835
5716,5983,1539.0,-42.175,173.275,14.71912765003799,5.48512765003799
5717,5984,1160.0,-42.175,173.325,15.038904310189537,8.078904310189536
5718,5985,872.0,-42.175,173.375,15.36941513160491,10.13741513160491
5719,5986,1151.0,-42.175,173.425,15.706057174702437,8.800057174702438
5720,5594,1759.0,-42.125,173.475,15.979510438966827,5.4255104389668265
5721,5595,780.0,-42.125,173.525,16.31260582714458,11.63260582714458
5722,5596,657.0,-42.125,173.575,16.635127055731573,12.693127055731573
5723,5597,542.0,-42.125,173.625,16.943485916173813,13.691485916173814
5724,5815,715.0,-42.225,173.475,16.117356420229044,11.827356420229044
5725,5818,909.0,-42.225,173.525,16.452944411703356,10.998944411703356
5726,5821,1220.0,-42.225,173.575,16.782807128416607,9.462807128416607
5727,5825,2202.0,-42.225,173.625,17.10137708723414,3.8893770872341413
5728,5987,562.0,-42.175,173.475,16.044103192183684,12.672103192183684
5729,5988,769.0,-42.175,173.525,16.37874703358102,11.76474703358102
5730,5989,673.0,-42.175,173.575,16.705214229430567,12.667214229430567
5731,5990,1017.0,-42.175,173.625,17.018997900588147,10.916997900588147
5732,5598,850.0,-42.125,173.675,17.2348579789832,12.1348579789832
5733,5599,1287.0,-42.125,173.725,17.507462644320185,9.785462644320186
5734,5600,1014.0,-42.125,173.775,17.760707828518207,11.676707828518207
5735,5827,1394.0,-42.225,173.675,17.403563239706273,9.039563239706274
5736,5829,635.0,-42.225,173.725,17.685714947325323,13.875714947325324
5737,5831,684.0,-42.225,173.775,17.9464672225331,13.842467222533102
5738,5991,2140.0,-42.175,173.675,17.316275398519792,4.476275398519794
5739,5992,1421.0,-42.175,173.725,17.59444123972935,9.06844123972935
5740,5993,545.0,-42.175,173.775,17.85247638048895,14.582476380488952
5741,5601,530.0,-42.125,173.825,17.995081943128753,14.815081943128753
5742,5602,129.0,-42.125,173.875,18.211818097337527,17.437818097337527
5743,5603,2.0,-42.125,173.925,18.412483948879526,18.400483948879526
5744,5833,428.0,-42.225,173.825,18.18662063651209,15.61862063651209
5745,5994,856.0,-42.175,173.825,18.090851741966617,12.954851741966618
5746,5995,357.0,-42.175,173.875,18.31100801614957,16.169008016149572
5747,5996,3.0,-42.175,173.925,18.51475503137044,18.49675503137044
5748,5001,201.0,-42.025,171.425,14.409719946823316,13.203719946823316
5749,5002,241.0,-42.025,171.475,14.244790166139865,12.798790166139865
5750,5053,183.0,-41.975,171.425,14.243158021054114,13.145158021054113
5751,5054,230.0,-41.975,171.475,14.08778354360038,12.707783543600382
5752,5319,139.0,-41.925,171.425,14.030809567728284,13.196809567728284
5753,5322,87.0,-41.925,171.475,13.882250603404827,13.360250603404827
5754,5604,340.0,-42.075,171.375,14.648622721975698,12.6086227219757
5755,5605,181.0,-42.075,171.425,14.504931649273203,13.418931649273203
5756,5606,201.0,-42.075,171.475,14.333158584489865,13.127158584489866
5757,5003,320.0,-42.025,171.525,14.074437840197788,12.154437840197788
5758,5004,887.0,-42.025,171.575,13.916308443807793,8.594308443807794
5759,5005,866.0,-42.025,171.625,13.781697574038844,8.585697574038845
5760,5055,227.0,-41.975,171.525,13.926958592248411,12.564958592248411
5761,5056,641.0,-41.975,171.575,13.778774824579159,9.932774824579159
5762,5057,858.0,-41.975,171.625,13.655555733635993,8.507555733635993
5763,5326,149.0,-41.925,171.525,13.731014840806893,12.837014840806892
5764,5332,533.0,-41.925,171.575,13.595033483019506,10.397033483019506
5765,5339,1172.0,-41.925,171.625,13.487190129042574,6.455190129042574
5766,5607,868.0,-42.075,171.525,14.15844507753718,8.950445077537182
5767,5608,840.0,-42.075,171.575,13.99634353825968,8.95634353825968
5768,5609,707.0,-42.075,171.625,13.85668793037621,9.61468793037621
5769,5006,966.0,-42.025,171.675,13.676762272752967,7.880762272752967
5770,5007,928.0,-42.025,171.725,13.603572631131101,8.035572631131101
5771,5008,647.0,-42.025,171.775,13.561223131040606,9.679223131040606
5772,5009,257.0,-42.025,171.825,13.54684967209323,12.004849672093231
5773,5058,760.0,-41.975,171.675,13.563806271358771,9.003806271358773
5774,5059,957.0,-41.975,171.725,13.50518926229779,7.76318926229779
5775,5060,653.0,-41.975,171.775,13.478098701118142,9.560098701118143
5776,5061,417.0,-41.975,171.825,13.4790955189128,10.977095518912801
5777,5439,335.0,-41.925,171.675,13.413604924826359,11.40360492482636
5778,5445,786.0,-41.925,171.725,13.374605917251756,8.658605917251755
5779,5459,294.0,-41.925,171.775,13.367235454486945,11.603235454486946
5780,5610,871.0,-42.075,171.675,13.745014338877809,8.51901433887781
5781,5611,1066.0,-42.075,171.725,13.663437397317466,7.267437397317466
5782,5612,264.0,-42.075,171.775,13.611437978957838,12.027437978957838
5783,5613,159.0,-42.075,171.825,13.586587197329209,12.632587197329208
5784,5642,340.0,-41.925,171.825,13.38725639671975,11.34725639671975
5785,5010,141.0,-42.025,171.875,13.556373185794655,12.710373185794655
5786,5011,160.0,-42.025,171.925,13.58493554162851,12.62493554162851
5787,5012,625.0,-42.025,171.975,13.627093742197758,9.877093742197758
5788,5062,133.0,-41.975,171.875,13.503807811233855,12.705807811233855
5789,5063,120.0,-41.975,171.925,13.54733705851686,12.827337058516859
5790,5064,375.0,-41.975,171.975,13.604354464307107,11.354354464307107
5791,5614,196.0,-42.075,171.875,13.58513158704227,12.40913158704227
5792,5615,407.0,-42.075,171.925,13.602399623920064,11.160399623920064
5793,5616,848.0,-42.075,171.975,13.633044638154388,8.545044638154387
5794,5664,287.0,-41.925,171.875,13.430063598458219,11.708063598458219
5795,5667,104.0,-41.925,171.925,13.490899653796077,12.866899653796077
5796,5671,199.0,-41.925,171.975,13.564774670521729,12.37077467052173
5797,5013,583.0,-42.025,172.025,13.676857108457625,10.178857108457626
5798,5014,1279.0,-42.025,172.075,13.72763720617877,6.05363720617877
5799,5015,1245.0,-42.025,172.125,13.772174297308084,6.302174297308085
5800,5016,644.0,-42.025,172.175,13.80253400030415,9.938534000304148
5801,5065,1011.0,-41.975,172.025,13.669028661697666,7.603028661697667
5802,5066,1296.0,-41.975,172.075,13.73485742880439,5.958857428804389
5803,5067,1068.0,-41.975,172.125,13.79443861083928,7.38643861083928
5804,5068,424.0,-41.975,172.175,13.839229153116321,11.29522915311632
5805,5617,553.0,-42.075,172.025,13.671169205576007,10.353169205576007
5806,5618,858.0,-42.075,172.075,13.710386788650794,8.562386788650795
5807,5619,1043.0,-42.075,172.125,13.743886885808024,7.485886885808024
5808,5620,398.0,-42.075,172.175,13.76459392513425,11.37659392513425
5809,5675,717.0,-41.925,172.025,13.646271397388773,9.344271397388773
5810,5679,1243.0,-41.925,172.075,13.72928268603573,6.271282686035732
5811,5683,472.0,-41.925,172.125,13.806665879332286,10.974665879332285
5812,5687,400.0,-41.925,172.175,13.869770176046586,11.469770176046586
5813,5017,849.0,-42.025,172.225,13.810353648033924,8.716353648033923
5814,5018,1039.0,-42.025,172.275,13.787633675237885,7.553633675237885
5815,5019,647.0,-42.025,172.325,13.728306243236148,9.846306243236148
5816,5020,806.0,-42.025,172.375,13.630190897401917,8.794190897401917
5817,5069,500.0,-41.975,172.225,13.859459845298261,10.859459845298261
5818,5070,1479.0,-41.975,172.275,13.844704612394708,4.970704612394709
5819,5071,502.0,-41.975,172.325,13.786002200638904,10.774002200638904
5820,5072,1102.0,-41.975,172.375,13.67956175330255,7.067561753302551
5821,5621,526.0,-42.075,172.225,13.76554454656798,10.609544546567982
5822,5622,655.0,-42.075,172.275,13.740609918851987,9.810609918851988
5823,5623,432.0,-42.075,172.325,13.685561642843822,11.093561642843822
5824,5624,1035.0,-42.075,172.375,13.599171713271062,7.389171713271062
5825,5691,302.0,-41.925,172.225,13.907832121574756,12.095832121574757
5826,5695,438.0,-41.925,172.275,13.907640691835695,11.279640691835695
5827,5699,343.0,-41.925,172.325,13.855493268205464,11.797493268205464
5828,5703,613.0,-41.925,172.375,13.744449161851662,10.066449161851661
5829,5021,1378.0,-42.025,172.425,13.496081917386618,5.2280819173866195
5830,5022,995.0,-42.025,172.475,13.333110689640307,7.363110689640307
5831,5023,452.0,-42.025,172.525,13.15114845644348,10.43914845644348
5832,5073,787.0,-41.975,172.425,13.529113645774487,8.807113645774487
5833,5074,565.0,-41.975,172.475,13.344200162155175,9.954200162155175
5834,5075,558.0,-41.975,172.525,13.136821425181552,9.788821425181553
5835,5625,1469.0,-42.075,172.425,13.483791674290842,4.669791674290842
5836,5626,935.0,-42.075,172.475,13.345094324544334,7.735094324544335
5837,5627,956.0,-42.075,172.525,13.19125536336287,7.455255363362871
5838,5808,965.0,-41.925,172.425,13.580505598973104,7.7905055989731045
5839,5811,928.0,-41.925,172.475,13.377501017836039,7.809501017836039
5840,5814,780.0,-41.925,172.525,13.149905994192522,8.469905994192523
5841,5024,1714.0,-42.025,172.575,12.96155106205697,2.6775510620569687
5842,5025,1296.0,-42.025,172.625,12.77669862260882,5.0006986226088195
5843,5026,1152.0,-42.025,172.675,12.610043193639285,5.698043193639285
5844,5027,1545.0,-42.025,172.725,12.47612643902903,3.206126439029031
5845,5076,1528.0,-41.975,172.575,12.919614333135542,3.7516143331355423
5846,5077,963.0,-41.975,172.625,12.705747181975312,6.927747181975311
5847,5078,1309.0,-41.975,172.675,12.509623098474549,4.65562309847455
5848,5079,1635.0,-41.975,172.725,12.347692828025174,2.5376928280251736
5849,5628,1987.0,-42.075,172.575,13.032124740158906,1.1101247401589056
5850,5629,1300.0,-42.075,172.625,12.878689451590617,5.078689451590617
5851,5630,1837.0,-42.075,172.675,12.742756277722947,1.7207562777229466
5852,5631,2250.0,-42.075,172.725,12.636553525087947,-0.8634464749120525
5853,5817,800.0,-41.925,172.575,12.911004872566991,8.11100487256699
5854,5820,894.0,-41.925,172.625,12.673789699121699,7.309789699121699
5855,5823,1157.0,-41.925,172.675,12.452468812691222,5.510468812691222
5856,5899,1498.0,-41.925,172.725,12.264232959056244,3.2762329590562445
5857,5028,2047.0,-42.025,172.775,12.389881414776028,0.10788141477602942
5858,5029,1985.0,-42.025,172.825,12.36450907692415,0.45450907692415043
5859,5030,1566.0,-42.025,172.875,12.408074573300837,3.012074573300838
5860,5080,906.0,-41.975,172.775,12.238516133802477,6.802516133802477
5861,5081,1069.0,-41.975,172.825,12.200367796522187,5.786367796522187
5862,5082,1361.0,-41.975,172.875,12.245024072490196,4.079024072490197
5863,5632,1159.0,-42.075,172.775,12.571880188814248,5.617880188814248
5864,5633,906.0,-42.075,172.825,12.55858758526665,7.1225875852666505
5865,5634,1794.0,-42.075,172.875,12.602716428056738,1.8387164280567365
5866,5900,1847.0,-41.925,172.775,12.131011864177708,1.049011864177709
5867,5901,1260.0,-41.925,172.825,12.078733599184488,4.518733599184489
5868,5902,1226.0,-41.925,172.875,12.126941253925906,4.770941253925907
5869,5031,1550.0,-42.025,172.925,12.520911871677527,3.2209118716775276
5870,5032,1422.0,-42.025,172.975,12.696286333975877,4.164286333975877
5871,5033,1693.0,-42.025,173.025,12.92372374079423,2.765723740794231
5872,5034,1706.0,-42.025,173.075,13.192247950930323,2.956247950930324
5873,5083,1443.0,-41.975,172.925,12.371682180706557,3.7136821807065576
5874,5084,1796.0,-41.975,172.975,12.56849573178988,1.7924957317898809
5875,5085,1307.0,-41.975,173.025,12.819790145345905,4.977790145345906
5876,5086,1294.0,-41.975,173.075,13.111292135690746,5.347292135690747
5877,5635,941.0,-42.075,172.925,12.705280657930416,7.059280657930416
5878,5636,1504.0,-42.075,172.975,12.862594168342184,3.838594168342185
5879,5637,1052.0,-42.075,173.025,13.067922847320006,6.755922847320006
5880,5638,1846.0,-42.075,173.075,13.313376631387655,2.2373766313876544
5881,5903,822.0,-41.925,172.925,12.272592804943997,7.340592804943997
5882,5904,1665.0,-41.925,172.975,12.494396700360085,2.504396700360086
5883,5905,975.0,-41.925,173.025,12.76989828959995,6.919898289599951
5884,5906,1443.0,-41.925,173.075,13.082226509741304,4.424226509741304
5885,5035,1748.0,-42.025,173.125,13.492054692796955,3.004054692796956
5886,5036,1267.0,-42.025,173.175,13.814882630489592,6.2128826304895926
5887,5037,1227.0,-42.025,173.225,14.153773672605894,6.791773672605895
5888,5087,1606.0,-41.975,173.125,13.431613390948769,3.7956133909487697
5889,5088,1813.0,-41.975,173.175,13.771885993119213,2.8938859931192145
5890,5089,1689.0,-41.975,173.225,14.124964589904266,3.990964589904266
5891,5639,1669.0,-42.075,173.125,13.591205053460726,3.577205053460725
5892,5640,1205.0,-42.075,173.175,13.894356976161362,6.664356976161361
5893,5641,1325.0,-42.075,173.225,14.216549895634671,6.266549895634672
5894,5907,1136.0,-41.925,173.125,13.419557613280631,6.603557613280631
5895,5908,919.0,-41.925,173.175,13.773329890496825,8.259329890496826
5896,5909,1882.0,-41.925,173.225,14.136784091086156,2.844784091086156
5897,5038,1421.0,-42.025,173.275,14.50269014998048,5.976690149980481
5898,5039,1458.0,-42.025,173.325,14.85620436176032,6.10820436176032
5899,5040,846.0,-42.025,173.375,15.209327230335475,10.133327230335475
5900,5041,962.0,-42.025,173.425,15.557468882390822,9.785468882390823
5901,5090,1648.0,-41.975,173.275,14.48473817329068,4.59673817329068
5902,5091,1746.0,-41.975,173.325,14.84569900655697,4.369699006556969
5903,5092,1339.0,-41.975,173.375,15.202767984650563,7.168767984650563
5904,5093,911.0,-41.975,173.425,15.55131407873705,10.085314078737051
5905,5645,900.0,-42.075,173.275,14.552126098231383,9.152126098231385
5906,5646,950.0,-42.075,173.325,14.895875874772173,9.195875874772174
5907,5647,1341.0,-42.075,173.375,15.242912936620996,7.196912936620997
5908,5648,941.0,-42.075,173.425,15.588626136592211,9.94262613659221
5909,5910,1570.0,-41.925,173.275,14.504010869637568,5.084010869637568
5910,5911,1529.0,-41.925,173.325,14.869469661680341,5.695469661680342
5911,5912,1424.0,-41.925,173.375,15.227890966201812,6.683890966201812
5912,5913,807.0,-41.925,173.425,15.574433040226722,10.732433040226724
5913,5042,1266.0,-42.025,173.475,15.896493370506505,8.300493370506505
5914,5043,1415.0,-42.025,173.525,16.222824883156136,7.732824883156136
5915,5044,1868.0,-42.025,173.575,16.53357083746232,5.325570837462321
5916,5045,2076.0,-42.025,173.625,16.826636239366053,4.370636239366052
5917,5094,867.0,-41.975,173.475,15.887284101507248,10.685284101507248
5918,5095,783.0,-41.975,173.525,16.207365281527018,11.509365281527018
5919,5096,1323.0,-41.975,173.575,16.509125255484832,8.571125255484834
5920,5097,1948.0,-41.975,173.625,16.79109793329917,5.1030979332991695
5921,5649,1263.0,-42.075,173.475,15.92870140764353,8.35070140764353
5922,5650,1560.0,-42.075,173.525,16.259199265547068,6.899199265547068
5923,5651,1339.0,-42.075,173.575,16.576675896256347,8.542675896256346
5924,5652,688.0,-42.075,173.625,16.87833723143558,12.75033723143558
5925,5914,1110.0,-41.925,173.475,15.904949140920507,9.244949140920507
5926,5915,747.0,-41.925,173.525,16.21624437677383,11.73424437677383
5927,5916,731.0,-41.925,173.575,16.506248166799196,12.120248166799197
5928,5917,988.0,-41.925,173.625,16.774075056415313,10.846075056415312
5929,5046,1687.0,-42.025,173.675,17.10080513547655,6.978805135476549
5930,5047,586.0,-42.025,173.725,17.355759429425234,13.839759429425234
5931,5048,261.0,-42.025,173.775,17.592004281221307,16.026004281221308
5932,5098,2188.0,-41.975,173.675,17.052799148033955,3.924799148033957
5933,5099,1457.0,-41.975,173.725,17.294661911349976,8.552661911349977
5934,5100,581.0,-41.975,173.775,17.51788438036965,14.03188438036965
5935,5653,331.0,-42.075,173.675,17.16220319333297,15.17620319333297
5936,5654,721.0,-42.075,173.725,17.427232293601264,13.101232293601264
5937,5655,826.0,-42.075,173.775,17.67333771248377,12.717337712483772
5938,5918,836.0,-41.925,173.675,17.019976463645435,12.003976463645436
5939,5919,1862.0,-41.925,173.725,17.24519641113511,6.073196411135111
5940,5920,961.0,-41.925,173.775,17.451743524041376,11.685743524041378
5941,5049,427.0,-42.025,173.825,17.810686221371725,15.248686221371726
5942,5050,364.0,-42.025,173.875,18.0133245243087,15.8293245243087
5943,5051,522.0,-42.025,173.925,18.201510663875524,15.069510663875525
5944,5052,67.0,-42.025,173.975,18.37664718380256,17.97464718380256
5945,5152,493.0,-41.975,173.825,17.72419281855764,14.76619281855764
5946,5207,682.0,-41.975,173.875,17.915539512006944,13.823539512006946
5947,5209,728.0,-41.975,173.925,18.093777055964892,13.725777055964892
5948,5211,302.0,-41.975,173.975,18.260369522453402,16.4483695224534
5949,5656,502.0,-42.075,173.825,17.901249150523654,14.889249150523653
5950,5657,216.0,-42.075,173.875,18.112241303428164,16.816241303428164
5951,5658,131.0,-42.075,173.925,18.307811735878204,17.521811735878202
5952,5921,620.0,-41.925,173.825,17.64209020936687,13.922090209366871
5953,5922,1033.0,-41.925,173.875,17.818815152193565,11.620815152193565
5954,5923,672.0,-41.925,173.925,17.984219027119252,13.952219027119252
5955,5924,640.0,-41.925,173.975,18.139964645968575,14.299964645968576
5956,5213,81.0,-41.975,174.025,18.416215587581974,17.930215587581973
5957,5925,809.0,-41.925,174.025,18.28682306045448,13.432823060454481
5958,5926,159.0,-41.925,174.075,18.42465309864201,17.47065309864201
5959,5927,61.0,-41.875,171.475,13.647833029641333,13.281833029641334
5960,6128,17.0,-41.825,171.475,13.403633705176617,13.301633705176616
5961,6184,27.0,-41.775,171.475,13.169250349463255,13.007250349463254
5962,5928,61.0,-41.875,171.525,13.50341758479044,13.137417584790441
5963,5929,244.0,-41.875,171.575,13.378995440689323,11.914995440689323
5964,5930,1102.0,-41.875,171.625,13.288532502672751,6.676532502672752
5965,6129,20.0,-41.825,171.525,13.262205531751533,13.142205531751534
5966,6130,111.0,-41.825,171.575,13.146565927254414,12.480565927254414
5967,6131,20.0,-41.825,171.625,13.074339663995488,12.954339663995489
5968,6185,20.0,-41.775,171.525,13.028382079086441,12.908382079086442
5969,6186,32.0,-41.775,171.575,12.916917172435205,12.724917172435205
5970,6187,6.0,-41.775,171.625,12.863777458129334,12.827777458129335
5971,5931,691.0,-41.875,171.675,13.236777474910923,9.090777474910922
5972,5932,167.0,-41.875,171.725,13.221081064133614,12.219081064133613
5973,5933,232.0,-41.875,171.775,13.236272479862237,11.844272479862237
5974,5934,119.0,-41.875,171.825,13.277224613033468,12.563224613033467
5975,6132,454.0,-41.825,171.675,13.047189209170028,10.323189209170028
5976,6133,550.0,-41.825,171.725,13.056670736012165,9.756670736012165
5977,6134,423.0,-41.825,171.775,13.09495005077406,10.55695005077406
5978,6135,256.0,-41.825,171.825,13.156450155493076,11.620450155493076
5979,6188,95.0,-41.775,171.675,12.862574303824658,12.292574303824658
5980,6189,667.0,-41.775,171.725,12.895635275719542,8.893635275719543
5981,6190,742.0,-41.775,171.775,12.954161728666804,8.502161728666804
5982,6191,913.0,-41.775,171.825,13.033115115598775,7.555115115598775
5983,5935,354.0,-41.875,171.875,13.339292341763212,11.215292341763211
5984,5936,62.0,-41.875,171.925,13.41808374046741,13.04608374046741
5985,5937,157.0,-41.875,171.975,13.509142918883299,12.567142918883299
5986,6136,142.0,-41.825,171.875,13.236871070217603,12.384871070217603
5987,6137,289.0,-41.825,171.925,13.332397160986147,11.598397160986147
5988,6138,334.0,-41.825,171.975,13.439202228284557,11.435202228284558
5989,6192,291.0,-41.775,171.875,13.128841917699901,11.382841917699901
5990,6193,146.0,-41.775,171.925,13.238128942259209,12.36212894225921
5991,6194,341.0,-41.775,171.975,13.357704803966044,11.311704803966045
5992,5938,337.0,-41.875,172.025,13.607649006167776,11.585649006167776
5993,5939,719.0,-41.875,172.075,13.708108792634448,9.394108792634448
5994,5940,1075.0,-41.875,172.125,13.803982752968295,7.353982752968295
5995,5941,632.0,-41.875,172.175,13.88713353219282,10.09513353219282
5996,6139,477.0,-41.825,172.025,13.553097987012734,10.691097987012734
5997,6140,438.0,-41.825,172.075,13.669221605949133,11.041221605949133
5998,6141,779.0,-41.825,172.125,13.781686762536992,9.107686762536993
5999,6142,291.0,-41.825,172.175,13.883100508821371,12.137100508821371
6000,6195,80.0,-41.775,172.025,13.483888174312597,13.003888174312596
6001,6196,719.0,-41.775,172.075,13.612263501869165,9.298263501869165
6002,6197,375.0,-41.775,172.125,13.737311557157227,11.487311557157227
6003,6198,183.0,-41.775,172.175,13.851902157610311,12.75390215761031
6004,5942,883.0,-41.875,172.225,13.946857920123875,8.648857920123875
6005,5943,369.0,-41.875,172.275,13.968060978269932,11.754060978269932
6006,5944,229.0,-41.875,172.325,13.929781916649517,12.555781916649517
6007,5945,863.0,-41.875,172.375,13.817541464064561,8.63954146406456
6008,6143,311.0,-41.825,172.225,13.963718784343655,12.097718784343655
6009,6144,463.0,-41.825,172.275,14.00944731020354,11.23144731020354
6010,6145,178.0,-41.825,172.325,13.99413408048349,12.926134080483491
6011,6146,288.0,-41.825,172.375,13.882744005812128,12.154744005812129
6012,6199,190.0,-41.775,172.225,13.946422194436309,12.806422194436308
6013,6200,158.0,-41.775,172.275,14.006722875219566,13.058722875219566
6014,6201,175.0,-41.775,172.325,14.006631821237534,12.956631821237533
6015,6202,182.0,-41.775,172.375,13.913400520614232,12.821400520614231
6016,5946,584.0,-41.875,172.425,13.643615408695041,10.139615408695041
6017,5947,371.0,-41.875,172.475,13.429121498658787,11.203121498658788
6018,5948,644.0,-41.875,172.525,13.190217380626564,9.326217380626563
6019,6147,715.0,-41.825,172.425,13.706328699572623,9.416328699572624
6020,6148,287.0,-41.825,172.475,13.492373198208952,11.770373198208953
6021,6149,639.0,-41.825,172.525,13.255784429646155,9.421784429646156
6022,6203,428.0,-41.775,172.425,13.755758070492448,11.187758070492448
6023,6204,505.0,-41.775,172.475,13.5609656178749,10.5309656178749
6024,6205,436.0,-41.775,172.525,13.343955095813726,10.727955095813726
6025,5949,793.0,-41.875,172.575,12.939660695687053,8.181660695687054
6026,5950,797.0,-41.875,172.625,12.689311593414459,7.907311593414459
6027,5951,664.0,-41.875,172.675,12.452057535050699,8.468057535050699
6028,5952,1247.0,-41.875,172.725,12.243974345677998,4.761974345677998
6029,6150,962.0,-41.825,172.575,13.007979324043845,7.2359793240438455
6030,6151,454.0,-41.825,172.625,12.759578668476024,10.035578668476024
6031,6152,636.0,-41.825,172.675,12.522050652187318,8.706050652187319
6032,6153,910.0,-41.825,172.725,12.30951903276582,6.84951903276582
6033,6206,606.0,-41.775,172.575,13.116051030658127,9.480051030658128
6034,6207,877.0,-41.775,172.625,12.887708766007563,7.6257087660075635
6035,6208,564.0,-41.775,172.675,12.670167484902777,9.286167484902776
6036,6209,568.0,-41.775,172.725,12.477310362024582,9.069310362024583
6037,5953,1571.0,-41.875,172.775,12.087834266498248,2.661834266498248
6038,5954,675.0,-41.875,172.825,12.018603308100865,7.968603308100865
6039,5955,1653.0,-41.875,172.875,12.074061900981178,2.156061900981177
6040,6154,1072.0,-41.825,172.775,12.141926753491134,5.709926753491134
6041,6155,734.0,-41.825,172.825,12.054282951721689,7.650282951721689
6042,6156,1255.0,-41.825,172.875,12.122743462070503,4.592743462070502
6043,6210,552.0,-41.775,172.775,12.329081217871135,9.017081217871135
6044,6211,808.0,-41.775,172.825,12.26115075004418,7.4131507500441804
6045,6212,792.0,-41.775,172.875,12.334971205058537,7.582971205058537
6046,5956,658.0,-41.875,172.925,12.245517233881401,8.2975172338814
6047,5957,1671.0,-41.875,172.975,12.493462334598007,2.4674623345980073
6048,5958,1445.0,-41.875,173.025,12.789517357148725,4.119517357148725
6049,5959,798.0,-41.875,173.075,13.116777640134387,8.328777640134387
6050,6082,1073.0,-41.775,173.075,13.40949256494423,6.9714925649442305
6051,6157,806.0,-41.825,172.925,12.321912579554919,7.485912579554919
6052,6158,1115.0,-41.825,172.975,12.587520964028954,5.897520964028954
6053,6159,1407.0,-41.825,173.025,12.893117070037988,4.451117070037988
6054,6160,961.0,-41.825,173.075,13.224457419462851,7.458457419462852
6055,6213,700.0,-41.775,172.925,12.53108271212841,8.33108271212841
6056,6214,530.0,-41.775,172.975,12.791496633763018,9.611496633763018
6057,6215,1085.0,-41.775,173.025,13.088798263117496,6.578798263117497
6058,5960,1700.0,-41.875,173.125,13.46466628496637,3.2646662849663706
6059,5961,1074.0,-41.875,173.175,13.825871767145145,7.381871767145145
6060,5962,1898.0,-41.875,173.225,14.194487854882027,2.806487854882027
6061,6094,498.0,-41.775,173.125,13.746864498396462,10.758864498396463
6062,6108,900.0,-41.775,173.175,14.097094460743392,8.697094460743394
6063,6118,541.0,-41.775,173.225,14.456397440961155,11.210397440961154
6064,6161,1112.0,-41.825,173.125,13.573168671573512,6.9011686715735125
6065,6162,839.0,-41.825,173.175,13.933660075748776,8.899660075748777
6066,6163,1184.0,-41.825,173.225,14.301062995647953,7.197062995647953
6067,5963,1284.0,-41.875,173.275,14.56492702313335,6.860927023133351
6068,5964,819.0,-41.875,173.325,14.931482252733986,10.017482252733986
6069,5965,1354.0,-41.875,173.375,15.288411476973124,7.164411476973125
6070,5966,1087.0,-41.875,173.425,15.630340638483176,9.108340638483178
6071,6164,1667.0,-41.825,173.275,14.669992178514804,4.667992178514803
6072,6165,1033.0,-41.825,173.325,15.034183687279437,8.836183687279437
6073,6166,810.0,-41.825,173.375,15.386888432622072,10.526888432622073
6074,6167,637.0,-41.825,173.425,15.721681128485216,11.899681128485216
6075,6238,1029.0,-41.775,173.275,14.819281607906305,8.645281607906306
6076,6241,1412.0,-41.775,173.325,15.178228907825542,6.706228907825542
6077,6243,714.0,-41.775,173.375,15.524613937057438,11.24061393705744
6078,6254,1035.0,-41.775,173.425,15.85019627026486,9.640196270264859
6079,5967,1314.0,-41.875,173.475,15.952752831399266,8.068752831399266
6080,6061,1141.0,-41.875,173.525,16.252381992519076,9.406381992519076
6081,6072,612.0,-41.875,173.575,16.52742265446068,12.855422654460678
6082,6084,569.0,-41.875,173.625,16.777550308710488,13.363550308710488
6083,6168,1160.0,-41.825,173.475,16.033287682090304,9.073287682090303
6084,6169,933.0,-41.825,173.525,16.318155116652633,10.720155116652634
6085,6170,1022.0,-41.825,173.575,16.57467543657185,10.44267543657185
6086,6171,1450.0,-41.825,173.625,16.80311594354498,8.103115943544982
6087,6264,708.0,-41.775,173.475,16.14845746008723,11.900457460087228
6088,6273,1037.0,-41.775,173.525,16.415364978602156,10.193364978602157
6089,6274,612.0,-41.775,173.575,16.64952702316441,12.97752702316441
6090,6275,794.0,-41.775,173.625,16.85192593587999,12.08792593587999
6091,6096,495.0,-41.875,173.675,17.003791359649767,14.033791359649767
6092,6106,670.0,-41.875,173.725,17.20828836948931,13.18828836948931
6093,6112,927.0,-41.875,173.775,17.39399188979951,11.831991889799509
6094,6172,1419.0,-41.825,173.675,17.005362563915696,8.491362563915697
6095,6173,481.0,-41.825,173.725,17.18456948797393,14.298569487973932
6096,6174,617.0,-41.825,173.775,17.34476581889976,13.64276581889976
6097,6276,1049.0,-41.775,173.675,17.025455015769694,10.731455015769694
6098,6277,993.0,-41.775,173.725,17.17441567552305,11.216415675523052
6099,6278,1233.0,-41.775,173.775,17.30403995227971,9.90603995227971
6100,6121,989.0,-41.875,173.825,17.564292579205357,11.630292579205356
6101,6122,781.0,-41.875,173.875,17.72259926632978,13.03659926632978
6102,6123,507.0,-41.875,173.925,17.871876665303716,14.829876665303717
6103,6124,468.0,-41.875,173.975,18.014180080059305,15.206180080059305
6104,6175,359.0,-41.825,173.825,17.490427273482055,15.336427273482055
6105,6176,516.0,-41.825,173.875,17.625995745300315,14.529995745300315
6106,6177,541.0,-41.825,173.925,17.755333719618648,14.509333719618647
6107,6178,420.0,-41.825,173.975,17.88113648367289,15.36113648367289
6108,6279,439.0,-41.775,173.825,17.420026399213384,14.786026399213384
6109,6280,272.0,-41.775,173.875,17.52802786250686,15.89602786250686
6110,6281,520.0,-41.775,173.925,17.633025030067074,14.513025030067073
6111,6282,583.0,-41.775,173.975,17.738590129767545,14.240590129767545
6112,6125,235.0,-41.875,174.025,18.15025990358845,16.74025990358845
6113,6126,182.0,-41.875,174.075,18.279380857911747,17.187380857911748
6114,6127,44.0,-41.875,174.125,18.399699623569177,18.135699623569177
6115,6180,355.0,-41.825,174.025,18.004364929794974,15.874364929794975
6116,6181,200.0,-41.825,174.075,18.123770822439838,16.923770822439838
6117,6182,47.0,-41.825,174.125,18.235817504413717,17.953817504413717
6118,6283,659.0,-41.775,174.025,17.846161613411823,13.892161613411822
6119,6284,314.0,-41.775,174.075,17.954404229192733,16.070404229192732
6120,6285,82.0,-41.775,174.125,18.058204678800394,17.566204678800393
6121,6183,26.0,-41.825,174.175,18.33668164174742,18.18068164174742
6122,6286,113.0,-41.775,174.175,18.148881161661848,17.470881161661847
6123,6287,45.0,-41.775,174.225,18.227257723327057,17.957257723327057
6124,6288,6.0,-41.725,171.725,12.75189273189244,12.71589273189244
6125,6289,66.0,-41.725,171.775,12.823984808866953,12.427984808866952
6126,6290,741.0,-41.725,171.825,12.914842202470027,8.468842202470027
6127,6338,176.0,-41.675,171.825,12.807348880633072,11.75134888063307
6128,6022,207.0,-41.625,171.875,12.825408337739646,11.583408337739646
6129,6023,389.0,-41.625,171.925,12.949403766811884,10.615403766811884
6130,6024,245.0,-41.625,171.975,13.082943033612537,11.612943033612536
6131,6251,372.0,-41.575,171.925,12.864615368860541,10.632615368860542
6132,6257,252.0,-41.575,171.975,12.995672166944132,11.483672166944132
6133,6291,681.0,-41.725,171.875,13.021124614781002,8.935124614781003
6134,6292,223.0,-41.725,171.925,13.139929281289369,11.80192928128937
6135,6293,387.0,-41.725,171.975,13.26830315182815,10.94630315182815
6136,6339,782.0,-41.675,171.875,12.918741244189732,8.226741244189732
6137,6340,478.0,-41.675,171.925,13.04233355123506,10.17433355123506
6138,6341,345.0,-41.675,171.975,13.175241305565578,11.105241305565578
6139,6025,565.0,-41.625,172.025,13.222947281428787,9.832947281428787
6140,6026,1005.0,-41.625,172.075,13.365658818380325,7.335658818380325
6141,6027,936.0,-41.625,172.125,13.50610895459613,7.89010895459613
6142,6028,206.0,-41.625,172.175,13.637615844647371,12.40161584464737
6143,6266,329.0,-41.575,172.025,13.134077438644454,11.160077438644453
6144,6294,554.0,-41.725,172.025,13.402863936520589,10.07886393652059
6145,6295,513.0,-41.725,172.075,13.539421854806278,10.461421854806279
6146,6296,1202.0,-41.725,172.125,13.672528667193546,6.460528667193547
6147,6297,625.0,-41.725,172.175,13.794856722794066,10.044856722794066
6148,6342,359.0,-41.675,172.025,13.31422976988324,11.160229769883241
6149,6343,1133.0,-41.675,172.075,13.455259779468179,6.657259779468179
6150,6344,527.0,-41.675,172.125,13.592970840567432,10.430970840567433
6151,6345,927.0,-41.675,172.175,13.720071219533565,8.158071219533566
6152,6365,1182.0,-41.575,172.075,13.276634642890713,6.184634642890713
6153,6368,945.0,-41.575,172.125,13.419174187623867,7.749174187623868
6154,6372,314.0,-41.575,172.175,13.556093222650816,11.672093222650815
6155,6029,728.0,-41.625,172.225,13.751553578098537,9.383553578098537
6156,6030,1069.0,-41.625,172.275,13.837945340204897,7.423945340204897
6157,6031,962.0,-41.625,172.325,13.887704404889519,8.11570440488952
6158,6032,882.0,-41.625,172.375,13.896397051008535,8.604397051008535
6159,6298,539.0,-41.725,172.225,13.896201898318395,10.662201898318395
6160,6299,1225.0,-41.725,172.275,13.961766900545626,6.611766900545627
6161,6300,422.0,-41.725,172.325,13.971210686806444,11.439210686806444
6162,6301,551.0,-41.725,172.375,13.910758139732934,10.604758139732935
6163,6346,867.0,-41.675,172.225,13.826684847936122,8.624684847936122
6164,6347,667.0,-41.675,172.275,13.900120912981947,9.898120912981948
6165,6348,269.0,-41.675,172.325,13.927006298243214,12.313006298243213
6166,6349,707.0,-41.675,172.375,13.900311696128483,9.658311696128482
6167,6387,619.0,-41.575,172.225,13.680285482074396,9.966285482074396
6168,6392,1232.0,-41.575,172.275,13.783896695455041,6.391896695455042
6169,6489,1037.0,-41.575,172.325,13.860119962373574,7.638119962373574
6170,6492,477.0,-41.575,172.375,13.905482243157167,11.043482243157166
6171,6033,861.0,-41.625,172.425,13.866678458849492,8.700678458849492
6172,6034,638.0,-41.625,172.475,13.806871504017181,9.978871504017182
6173,6035,402.0,-41.625,172.525,13.72783950487792,11.315839504877921
6174,6302,521.0,-41.725,172.425,13.791569328819605,10.665569328819606
6175,6303,847.0,-41.725,172.475,13.633698745015863,8.551698745015862
6176,6304,808.0,-41.725,172.525,13.452827545635955,8.604827545635956
6177,6350,677.0,-41.675,172.425,13.825166087139223,9.763166087139224
6178,6351,383.0,-41.675,172.475,13.714306476587808,11.416306476587808
6179,6352,602.0,-41.675,172.525,13.581305232582963,9.969305232582963
6180,6494,1190.0,-41.575,172.425,13.921254758999567,6.781254758999567
6181,6497,788.0,-41.575,172.475,13.913089719451818,9.185089719451819
6182,6499,723.0,-41.575,172.525,13.889559153027221,9.55155915302722
6183,6036,628.0,-41.625,172.575,13.641094943955977,9.873094943955977
6184,6037,863.0,-41.625,172.625,13.558382060014992,8.380382060014991
6185,6038,471.0,-41.625,172.675,13.491883461432735,10.665883461432735
6186,6039,586.0,-41.625,172.725,13.454352795710292,9.938352795710292
6187,6305,359.0,-41.725,172.575,13.261284524054645,11.107284524054645
6188,6306,962.0,-41.725,172.625,13.070346453820093,7.298346453820094
6189,6307,557.0,-41.725,172.675,12.892035144574038,9.550035144574037
6190,6308,558.0,-41.725,172.725,12.741115895434632,9.393115895434633
6191,6353,1160.0,-41.675,172.575,13.438605454815843,6.478605454815843
6192,6354,381.0,-41.675,172.625,13.298123616230441,11.012123616230442
6193,6355,459.0,-41.675,172.675,13.172406769968802,10.418406769968803
6194,6356,562.0,-41.675,172.725,13.07589181619187,9.70389181619187
6195,6502,930.0,-41.575,172.575,13.860811203488993,8.280811203488993
6196,6505,1078.0,-41.575,172.625,13.837781536331022,7.369781536331023
6197,6508,446.0,-41.575,172.675,13.831679608825652,11.155679608825652
6198,6511,521.0,-41.575,172.725,13.853232078297879,10.72723207829788
6199,6040,381.0,-41.625,172.775,13.458417710666254,11.172417710666254
6200,6041,414.0,-41.625,172.825,13.513915404160798,11.029915404160798
6201,6042,441.0,-41.625,172.875,13.622990333915368,10.976990333915367
6202,6309,714.0,-41.725,172.775,12.638115901274432,8.354115901274433
6203,6310,695.0,-41.725,172.825,12.612435929699132,8.442435929699132
6204,6311,678.0,-41.725,172.875,12.691204745409777,8.623204745409778
6205,6357,501.0,-41.675,172.775,13.02583395952388,10.01983395952388
6206,6358,631.0,-41.675,172.825,13.040660492952156,9.254660492952157
6207,6359,486.0,-41.675,172.875,13.131334009849525,10.215334009849524
6208,6514,390.0,-41.575,172.775,13.911129831409198,11.571129831409198
6209,6517,619.0,-41.575,172.825,14.009348110885185,10.295348110885184
6210,6597,483.0,-41.575,172.875,14.144035449098737,11.246035449098738
6211,6043,710.0,-41.625,172.925,13.77674902608851,9.51674902608851
6212,6044,674.0,-41.625,172.975,13.959093137695163,9.915093137695163
6213,6045,1519.0,-41.625,173.025,14.156229628340952,5.042229628340953
6214,6046,1568.0,-41.625,173.075,14.364723394861358,4.956723394861358
6215,6312,1253.0,-41.725,172.925,12.86549695796566,5.347496957965662
6216,6313,979.0,-41.725,172.975,13.101541764535796,7.227541764535796
6217,6314,784.0,-41.725,173.025,13.373613338339055,8.669613338339055
6218,6315,440.0,-41.725,173.075,13.6686379906605,11.0286379906605
6219,6360,1006.0,-41.675,172.925,13.290657034554897,7.254657034554897
6220,6361,657.0,-41.675,172.975,13.498104997070186,9.556104997070186
6221,6362,1435.0,-41.675,173.025,13.734867480568937,5.124867480568938
6222,6363,1271.0,-41.675,173.075,13.99173384207461,6.365733842074609
6223,6603,503.0,-41.575,172.925,14.302436779787968,11.284436779787967
6224,6605,1157.0,-41.575,172.975,14.466752987635118,7.524752987635118
6225,6607,1215.0,-41.575,173.025,14.623293021970312,7.333293021970312
6226,6610,1544.0,-41.575,173.075,14.773361008781649,5.509361008781649
6227,6001,561.0,-41.675,173.125,14.268567472565337,10.902567472565337
6228,6002,354.0,-41.675,173.175,14.569101173896343,12.445101173896342
6229,6003,420.0,-41.675,173.225,14.894178067745088,12.374178067745088
6230,6047,681.0,-41.625,173.125,14.593013528927258,10.50701352892726
6231,6048,607.0,-41.625,173.175,14.854780447039957,11.212780447039957
6232,6049,748.0,-41.625,173.225,15.157244484435068,10.669244484435069
6233,6316,836.0,-41.725,173.125,13.981851515625749,8.96585151562575
6234,6317,674.0,-41.725,173.175,14.311946170677402,10.267946170677401
6235,6318,818.0,-41.725,173.225,14.65668394774184,9.74868394774184
6236,6616,469.0,-41.575,173.125,14.938400327613635,12.124400327613635
6237,6622,780.0,-41.575,173.175,15.150703565068397,10.470703565068398
6238,6628,902.0,-41.575,173.225,15.430471011830377,10.018471011830378
6239,6004,520.0,-41.675,173.275,15.237134289003734,12.117134289003733
6240,6005,442.0,-41.675,173.325,15.583934429047076,12.931934429047077
6241,6006,854.0,-41.675,173.375,15.917335406757047,10.793335406757048
6242,6007,683.0,-41.675,173.425,16.221884834518278,12.123884834518279
6243,6050,332.0,-41.625,173.275,15.492567852670618,13.500567852670619
6244,6051,262.0,-41.625,173.325,15.83911391044603,14.267113910446032
6245,6052,248.0,-41.625,173.375,16.170628984535142,14.682628984535143
6246,6054,260.0,-41.625,173.425,16.46552716275619,14.905527162756188
6247,6319,903.0,-41.725,173.275,15.010129387686902,9.592129387686903
6248,6320,842.0,-41.725,173.325,15.362414256633201,10.310414256633202
6249,6321,1330.0,-41.725,173.375,15.701684181884048,7.721684181884047
6250,6322,664.0,-41.725,173.425,16.016814544400404,12.032814544400404
6251,6634,903.0,-41.575,173.275,15.767357329052174,10.349357329052175
6252,6640,1131.0,-41.575,173.325,16.124873807999393,9.338873807999391
6253,6641,634.0,-41.575,173.375,16.461534844405833,12.657534844405832
6254,6642,352.0,-41.575,173.425,16.7479344713538,14.635934471353801
6255,6008,519.0,-41.675,173.475,16.487074077915167,13.373074077915167
6256,6009,323.0,-41.675,173.525,16.70806747207098,14.770067472070979
6257,6010,354.0,-41.675,173.575,16.884862959032034,14.760862959032034
6258,6011,346.0,-41.675,173.625,17.02093220332972,14.94493220332972
6259,6055,435.0,-41.625,173.475,16.71115548760281,14.10115548760281
6260,6056,524.0,-41.625,173.525,16.903406677618477,13.759406677618477
6261,6062,285.0,-41.575,173.575,17.22822096594973,15.51822096594973
6262,6064,200.0,-41.575,173.625,17.277531479307072,16.077531479307073
6263,6075,421.0,-41.625,173.575,17.044318268595816,14.518318268595817
6264,6078,411.0,-41.625,173.625,17.139623830131313,14.673623830131312
6265,6323,508.0,-41.725,173.475,16.299507545452798,13.251507545452798
6266,6324,578.0,-41.725,173.525,16.54518957613982,13.07718957613982
6267,6325,606.0,-41.725,173.575,16.752890822877816,13.116890822877817
6268,6326,414.0,-41.725,173.625,16.92458657559837,14.440586575598369
6269,6643,178.0,-41.575,173.475,16.970779566348938,15.902779566348938
6270,6644,170.0,-41.575,173.525,17.128946329525206,16.108946329525207
6271,6012,427.0,-41.675,173.675,17.12197855467457,14.55997855467457
6272,6013,558.0,-41.675,173.725,17.195037908542872,13.847037908542873
6273,6014,463.0,-41.675,173.775,17.24791519574501,14.469915195745008
6274,6067,271.0,-41.575,173.675,17.28686250373721,15.660862503737212
6275,6070,122.0,-41.575,173.725,17.266305631714204,16.534305631714204
6276,6083,183.0,-41.625,173.675,17.19699342469903,16.09899342469903
6277,6085,128.0,-41.575,173.775,17.225759420645772,16.457759420645772
6278,6092,205.0,-41.625,173.725,17.22499612786487,15.99499612786487
6279,6099,468.0,-41.625,173.775,17.232602361764293,14.424602361764293
6280,6327,619.0,-41.725,173.675,17.064410453011078,13.350410453011078
6281,6328,544.0,-41.725,173.725,17.177960293876822,13.913960293876823
6282,6329,961.0,-41.725,173.775,17.27175425509995,11.505754255099951
6283,6015,401.0,-41.675,173.825,17.288846302119055,14.882846302119056
6284,6016,396.0,-41.675,173.875,17.32618908203949,14.950189082039492
6285,6017,442.0,-41.675,173.925,17.367788299274252,14.715788299274253
6286,6018,128.0,-41.675,173.975,17.419586273019377,16.651586273019376
6287,6098,108.0,-41.575,173.825,17.175020302682242,16.527020302682242
6288,6102,348.0,-41.625,173.825,17.229045880249032,15.141045880249031
6289,6104,164.0,-41.575,173.875,17.124226766729407,16.14022676672941
6290,6114,86.0,-41.575,173.925,17.08471065563208,16.56871065563208
6291,6115,721.0,-41.625,173.875,17.223872565475176,12.897872565475176
6292,6227,229.0,-41.625,173.925,17.22674745120821,15.852747451208211
6293,6230,308.0,-41.575,173.975,17.068563427354093,15.220563427354094
6294,6233,346.0,-41.625,173.975,17.245774830349546,15.169774830349546
6295,6330,840.0,-41.725,173.825,17.35278526050024,12.312785260500242
6296,6331,180.0,-41.725,173.875,17.4280426458281,16.3480426458281
6297,6332,220.0,-41.725,173.925,17.50382324963357,16.18382324963357
6298,6333,201.0,-41.725,173.975,17.58474490788649,16.37874490788649
6299,6019,105.0,-41.675,174.025,17.48374775179036,16.85374775179036
6300,6020,98.0,-41.675,174.075,17.557687375388923,16.969687375388922
6301,6021,61.0,-41.675,174.125,17.634244247390598,17.268244247390598
6302,6239,191.0,-41.625,174.025,17.28367361225537,16.13767361225537
6303,6242,281.0,-41.625,174.075,17.33614419872538,15.650144198725378
6304,6247,24.0,-41.625,174.125,17.395146521987044,17.251146521987046
6305,6248,183.0,-41.575,174.025,17.080290388856156,15.982290388856155
6306,6258,119.0,-41.575,174.075,17.112044966879694,16.398044966879695
6307,6267,238.0,-41.575,174.125,17.154103657969245,15.726103657969244
6308,6334,134.0,-41.725,174.025,17.672710262297187,16.86871026229719
6309,6335,115.0,-41.725,174.075,17.76627572646248,17.07627572646248
6310,6336,74.0,-41.725,174.125,17.860041208314215,17.416041208314216
6311,6337,1.0,-41.725,174.175,17.939708242996858,17.933708242996858
6312,6366,169.0,-41.575,175.275,17.50783269562453,16.49383269562453
6313,6375,295.0,-41.575,175.325,17.581032611571572,15.811032611571573
6314,6379,27.0,-41.525,171.975,12.917392626950459,12.755392626950458
6315,6439,272.0,-41.475,171.975,12.85184099581602,11.21984099581602
6316,6380,264.0,-41.425,172.075,13.0645474843368,11.4805474843368
6317,6381,559.0,-41.525,172.025,13.0523777542694,9.698377754269401
6318,6382,83.0,-41.425,172.125,13.213115266054956,12.715115266054957
6319,6383,199.0,-41.525,172.075,13.19363873790644,11.99963873790644
6320,6384,215.0,-41.425,172.175,13.373619700461859,12.08361970046186
6321,6386,343.0,-41.525,172.125,13.338222162528837,11.280222162528837
6322,6391,401.0,-41.525,172.175,13.481918462650356,11.075918462650357
6323,6440,189.0,-41.475,172.025,12.982259739241272,11.848259739241271
6324,6441,290.0,-41.475,172.075,13.121454001193342,11.381454001193342
6325,6442,522.0,-41.475,172.125,13.26813500444041,10.13613500444041
6326,6443,512.0,-41.475,172.175,13.419815078792453,10.347815078792454
6327,6556,43.0,-41.375,172.125,13.177498125402053,12.919498125402054
6328,6557,119.0,-41.375,172.175,13.34722205513026,12.63322205513026
6329,6388,964.0,-41.425,172.225,13.542572688696964,7.758572688696964
6330,6393,1094.0,-41.425,172.275,13.713147461261542,7.149147461261543
6331,6396,156.0,-41.525,172.225,13.619025791897002,12.683025791897002
6332,6397,542.0,-41.525,172.275,13.742982982799731,10.490982982799732
6333,6398,797.0,-41.525,172.325,13.847911182252574,9.065911182252574
6334,6399,715.0,-41.525,172.375,13.930395821051206,9.640395821051207
6335,6444,1073.0,-41.475,172.225,13.57197825293406,7.133978252934059
6336,6445,545.0,-41.475,172.275,13.718479540966655,10.448479540966655
6337,6446,763.0,-41.475,172.325,13.85328322350324,9.27528322350324
6338,6447,865.0,-41.475,172.375,13.972367832087912,8.78236783208791
6339,6496,1108.0,-41.425,172.325,13.878065945209528,7.230065945209528
6340,6498,761.0,-41.425,172.375,14.032196528463828,9.46619652846383
6341,6558,598.0,-41.375,172.225,13.534585196022817,9.946585196022816
6342,6559,628.0,-41.375,172.275,13.73018825676263,9.96218825676263
6343,6560,882.0,-41.375,172.325,13.924395293510315,8.632395293510315
6344,6561,847.0,-41.375,172.375,14.110855918937887,9.028855918937886
6345,6400,1163.0,-41.525,172.425,13.990613574944291,7.01261357494429
6346,6401,952.0,-41.525,172.475,14.03238840292397,8.320388402923971
6347,6402,1325.0,-41.525,172.525,14.06247243033431,6.112472430334311
6348,6448,1200.0,-41.475,172.425,14.0748267566305,6.874826756630501
6349,6449,556.0,-41.475,172.475,14.163044929864554,10.827044929864554
6350,6450,808.0,-41.475,172.525,14.242275287429948,9.394275287429949
6351,6500,1165.0,-41.425,172.425,14.173542929969699,7.183542929969699
6352,6503,897.0,-41.425,172.475,14.3032536099563,8.921253609956299
6353,6506,828.0,-41.425,172.525,14.425246176426299,9.457246176426299
6354,6562,569.0,-41.375,172.425,14.28664965588905,10.87264965588905
6355,6563,1254.0,-41.375,172.475,14.451821689981443,6.927821689981444
6356,6564,1047.0,-41.375,172.525,14.608959335288091,8.326959335288091
6357,6403,1220.0,-41.525,172.575,14.089615802706248,6.769615802706249
6358,6404,905.0,-41.525,172.625,14.123716452140798,8.693716452140798
6359,6405,732.0,-41.525,172.675,14.17494485763018,9.78294485763018
6360,6406,429.0,-41.525,172.725,14.252504995842173,11.678504995842173
6361,6451,421.0,-41.475,172.575,14.319966045717592,11.793966045717593
6362,6452,793.0,-41.475,172.625,14.405003075673449,9.64700307567345
6363,6453,495.0,-41.475,172.675,14.50679086355376,11.53679086355376
6364,6457,266.0,-41.475,172.725,14.633915239493945,13.037915239493945
6365,6509,691.0,-41.425,172.575,14.545707102588494,10.399707102588494
6366,6512,249.0,-41.425,172.625,14.67253064925535,13.17853064925535
6367,6515,907.0,-41.425,172.675,14.814608204676915,9.372608204676915
6368,6519,180.0,-41.425,172.725,14.980737958103418,13.900737958103418
6369,6565,1193.0,-41.375,172.575,14.762849390375777,7.604849390375778
6370,6566,826.0,-41.375,172.625,14.920184802602307,9.964184802602308
6371,6567,359.0,-41.375,172.675,15.089234441420558,12.935234441420558
6372,6568,159.0,-41.375,172.725,15.279283027433848,14.325283027433848
6373,6407,479.0,-41.525,172.775,14.362670265421912,11.488670265421911
6374,6408,642.0,-41.525,172.825,14.506011003475578,10.654011003475578
6375,6409,313.0,-41.525,172.875,14.67447211482795,12.79647211482795
6376,6458,600.0,-41.475,172.775,14.792073516488017,11.192073516488017
6377,6459,348.0,-41.475,172.825,14.98108601966669,12.89308601966669
6378,6460,339.0,-41.475,172.875,15.191206725721713,13.157206725721714
6379,6520,192.0,-41.425,172.775,15.177805712850386,14.025805712850387
6380,6521,285.0,-41.425,172.825,15.407809571595863,13.697809571595862
6381,6522,301.0,-41.425,172.875,15.663309316700179,13.85730931670018
6382,6569,213.0,-41.375,172.775,15.499477482633665,14.221477482633665
6383,6570,263.0,-41.375,172.825,15.756455464841565,14.178455464841566
6384,6571,388.0,-41.375,172.875,16.049765013023716,13.721765013023717
6385,6410,377.0,-41.525,172.925,14.850072734705464,12.588072734705463
6386,6411,398.0,-41.525,172.975,15.007967851728608,12.619967851728608
6387,6412,592.0,-41.525,173.025,15.12681438350046,11.57481438350046
6388,6413,781.0,-41.525,173.075,15.206941286123765,10.520941286123765
6389,6461,320.0,-41.475,172.925,15.399766623613687,13.479766623613687
6390,6462,181.0,-41.475,172.975,15.570845959766302,14.484845959766302
6391,6463,254.0,-41.475,173.025,15.66416308862972,14.14016308862972
6392,6464,285.0,-41.475,173.075,15.663310094438202,13.953310094438201
6393,6523,327.0,-41.425,172.925,15.921144439937052,13.959144439937052
6394,6524,260.0,-41.425,172.975,16.135480347867997,14.575480347867996
6395,6525,87.0,-41.425,173.025,16.236311088616276,15.714311088616276
6396,6526,122.0,-41.425,173.075,16.157049789979283,15.425049789979283
6397,6572,364.0,-41.375,172.925,16.363678233923565,14.179678233923564
6398,6573,212.0,-41.375,172.975,16.653696245677565,15.381696245677565
6399,6574,108.0,-41.375,173.025,16.826318658029777,16.178318658029777
6400,6575,55.0,-41.375,173.075,16.72478992672586,16.394789926725863
6401,6414,593.0,-41.525,173.125,15.286804177274462,11.728804177274462
6402,6415,1262.0,-41.525,173.175,15.43349767753898,7.861497677538981
6403,6416,1349.0,-41.525,173.225,15.694655123577832,7.600655123577832
6404,6465,671.0,-41.475,173.125,15.621757442953822,11.595757442953822
6405,6466,364.0,-41.475,173.175,15.672580808226485,13.488580808226484
6406,6467,809.0,-41.475,173.225,15.926904207615735,11.072904207615736
6407,6527,144.0,-41.425,173.125,15.9360149489803,15.0720149489803
6408,6528,258.0,-41.425,173.175,15.825852659067095,14.277852659067095
6409,6529,485.0,-41.425,173.225,16.103042929422372,13.193042929422372
6410,6579,26.0,-41.375,173.125,16.257465095262887,16.10146509526289
6411,6580,320.0,-41.375,173.175,15.838391667186443,13.918391667186443
6412,6581,292.0,-41.375,173.225,16.21425624508629,14.462256245086289
6413,6417,1011.0,-41.525,173.275,16.05324477178874,9.987244771788742
6414,6418,557.0,-41.525,173.325,16.441416944504454,13.099416944504453
6415,6419,437.0,-41.525,173.375,16.792241399005434,14.170241399005434
6416,6420,584.0,-41.525,173.425,17.069109615949856,13.565109615949856
6417,6468,1044.0,-41.475,173.275,16.34801555836384,10.084015558363841
6418,6469,889.0,-41.475,173.325,16.796700897524715,11.462700897524716
6419,6470,1272.0,-41.475,173.375,17.16758234986264,9.535582349862642
6420,6471,993.0,-41.475,173.425,17.426782120164717,11.468782120164718
6421,6530,771.0,-41.425,173.275,16.66905064418461,12.043050644184609
6422,6531,715.0,-41.425,173.325,17.21127021610664,12.921270216106642
6423,6532,470.0,-41.425,173.375,17.590537425618095,14.770537425618095
6424,6533,688.0,-41.425,173.425,17.81031987978713,13.68231987978713
6425,6582,756.0,-41.375,173.275,17.084904484981962,12.548904484981962
6426,6583,693.0,-41.375,173.325,17.708510965510868,13.550510965510869
6427,6584,443.0,-41.375,173.375,18.04359581625249,15.385595816252492
6428,6585,277.0,-41.375,173.425,18.189682475338486,16.527682475338487
6429,6421,471.0,-41.525,173.475,17.262927331958053,14.436927331958053
6430,6422,267.0,-41.525,173.525,17.379556284628052,15.777556284628051
6431,6423,136.0,-41.525,173.575,17.430613792928852,16.614613792928854
6432,6424,116.0,-41.525,173.625,17.42895007793777,16.73295007793777
6433,6472,871.0,-41.475,173.475,17.580073888831976,12.354073888831977
6434,6473,835.0,-41.475,173.525,17.645367902716316,12.635367902716316
6435,6474,617.0,-41.475,173.575,17.641437469741504,13.939437469741504
6436,6475,295.0,-41.475,173.625,17.584877663019142,15.814877663019143
6437,6534,858.0,-41.425,173.475,17.906009960803203,12.758009960803204
6438,6535,416.0,-41.425,173.525,17.909649961893592,15.413649961893592
6439,6536,503.0,-41.425,173.575,17.84570664990133,14.82770664990133
6440,6537,676.0,-41.425,173.625,17.732810764018723,13.676810764018722
6441,6586,391.0,-41.375,173.475,18.211564889203146,15.865564889203146
6442,6587,430.0,-41.375,173.525,18.147966607355556,15.567966607355556
6443,6588,320.0,-41.375,173.575,18.02401021978585,16.10401021978585
6444,6589,485.0,-41.375,173.625,17.857617776593543,14.947617776593543
6445,6425,89.0,-41.525,173.675,17.386920430941245,16.852920430941246
6446,6426,83.0,-41.525,173.725,17.31594084241442,16.81794084241442
6447,6427,78.0,-41.525,173.775,17.226562600466423,16.758562600466423
6448,6476,267.0,-41.475,173.675,17.48987314724218,15.887873147242178
6449,6477,137.0,-41.475,173.725,17.36869288069647,16.546692880696472
6450,6478,126.0,-41.475,173.775,17.232278276635043,16.476278276635043
6451,6538,765.0,-41.425,173.675,17.58574742989549,12.995747429895491
6452,6539,400.0,-41.425,173.725,17.41690880004535,15.016908800045348
6453,6540,109.0,-41.425,173.775,17.237305112690592,16.583305112690592
6454,6590,634.0,-41.375,173.675,17.662755141907837,13.858755141907837
6455,6591,351.0,-41.375,173.725,17.451216818859393,15.345216818859393
6456,6592,333.0,-41.375,173.775,17.23371458224574,15.23571458224574
6457,6058,22.0,-41.475,173.875,16.954346384296514,16.822346384296512
6458,6069,10.0,-41.475,173.925,16.83424993663175,16.77424993663175
6459,6081,4.0,-41.475,173.975,16.74845724948682,16.724457249486818
6460,6428,55.0,-41.525,173.825,17.128775151228183,16.798775151228185
6461,6429,28.0,-41.525,173.875,17.03255798679129,16.86455798679129
6462,6430,11.0,-41.525,173.925,16.949251875350456,16.883251875350457
6463,6431,10.0,-41.525,173.975,16.896428365436805,16.836428365436806
6464,6479,36.0,-41.475,173.825,17.09080531895961,16.87480531895961
6465,6541,601.0,-41.425,173.825,17.057335114455782,13.451335114455782
6466,6542,206.0,-41.425,173.875,16.8875538342254,15.6515538342254
6467,6543,232.0,-41.425,173.925,16.73970783150071,15.34770783150071
6468,6544,30.0,-41.425,173.975,16.626569710815602,16.446569710815602
6469,6593,795.0,-41.375,173.825,17.020610420537196,12.250610420537196
6470,6594,204.0,-41.375,173.875,16.82239590187237,15.598395901872369
6471,6595,101.0,-41.375,173.925,16.64963932993851,16.043639329938507
6472,6596,466.0,-41.375,173.975,16.511217282317375,13.715217282317376
6473,6057,245.0,-41.375,174.025,16.410228010363426,14.940228010363425
6474,6074,1.0,-41.375,174.075,16.3425723110322,16.3365723110322
6475,6090,2.0,-41.475,174.025,16.707838006066595,16.695838006066595
6476,6432,4.0,-41.525,174.025,16.884157450605926,16.860157450605925
6477,6545,6.0,-41.425,174.025,16.55312351313114,16.51712351313114
6478,6077,114.0,-41.375,174.875,17.231956093095505,16.547956093095504
6479,6080,223.0,-41.375,174.925,17.07140477691064,15.73340477691064
6480,6087,654.0,-41.375,174.975,16.826117566140965,12.902117566140966
6481,6097,495.0,-41.375,175.025,16.526285848176485,13.556285848176485
6482,6546,240.0,-41.425,174.925,17.36289421957008,15.92289421957008
6483,6100,117.0,-41.475,175.225,16.54656249719119,15.84456249719119
6484,6105,45.0,-41.375,175.075,16.20229207374905,15.93229207374905
6485,6111,,-41.375,175.125,15.890628320490578,
6486,6120,38.0,-41.375,175.175,15.631967164927119,15.403967164927119
6487,6218,110.0,-41.375,175.225,15.464852325387255,14.804852325387255
6488,6433,66.0,-41.525,175.225,17.039912838905366,16.643912838905365
6489,6547,124.0,-41.425,175.225,16.019716052587682,15.275716052587683
6490,6103,333.0,-41.475,175.275,16.53387359546832,14.535873595468322
6491,6113,509.0,-41.475,175.325,16.61838151556003,13.564381515560031
6492,6220,299.0,-41.375,175.275,15.419827037647337,13.625827037647337
6493,6222,332.0,-41.375,175.325,15.517072066915716,13.525072066915717
6494,6224,310.0,-41.375,175.375,15.765170218286585,13.905170218286585
6495,6231,305.0,-41.475,175.375,16.80065690443371,14.970656904433708
6496,6434,435.0,-41.525,175.275,17.039158747440524,14.429158747440525
6497,6435,393.0,-41.525,175.325,17.117297105103717,14.759297105103716
6498,6436,214.0,-41.525,175.375,17.27406202380189,15.990062023801888
6499,6548,166.0,-41.425,175.275,15.992489955820929,14.996489955820929
6500,6549,288.0,-41.425,175.325,16.083951161845107,14.355951161845107
6501,6550,617.0,-41.425,175.375,16.297277079807827,12.595277079807827
6502,6228,365.0,-41.375,175.425,16.15291133224673,13.962911332246732
6503,6234,322.0,-41.375,175.475,16.632678859798034,14.700678859798034
6504,6252,141.0,-41.475,175.425,17.068494600895065,16.222494600895065
6505,6253,98.0,-41.375,175.525,17.12792830309627,16.539928303096268
6506,6259,108.0,-41.375,175.575,17.581793300161735,16.933793300161735
6507,6260,317.0,-41.475,175.475,17.39722012720631,15.495220127206311
6508,6269,205.0,-41.475,175.525,17.755560349804,16.525560349804
6509,6378,12.0,-41.475,175.575,18.115471063640143,18.043471063640144
6510,6437,39.0,-41.525,175.425,17.499987816696375,17.265987816696374
6511,6438,182.0,-41.525,175.475,17.777562737035623,16.685562737035625
6512,6551,468.0,-41.425,175.425,16.618464413519177,13.810464413519178
6513,6552,105.0,-41.425,175.475,17.012766960622685,16.382766960622686
6514,6553,160.0,-41.425,175.525,17.43305662642524,16.47305662642524
6515,6554,42.0,-41.425,175.575,17.840038876271137,17.58803887627114
6516,6268,139.0,-41.375,175.625,17.98061263679483,17.14661263679483
6517,6377,227.0,-41.375,175.675,18.333334440831095,16.971334440831097
6518,6385,18.0,-41.375,175.725,18.650721173353304,18.542721173353303
6519,6555,179.0,-41.425,175.625,18.214679776034245,17.140679776034244
6520,6389,61.0,-41.325,172.125,13.167190998708975,12.801190998708975
6521,6394,105.0,-41.325,172.175,13.345979865749541,12.71597986574954
6522,6710,20.0,-41.225,172.125,13.271702955789806,13.151702955789807
6523,6711,144.0,-41.225,172.175,13.470476846006932,12.606476846006931
6524,6984,102.0,-41.275,172.125,13.193698857900017,12.581698857900017
6525,6985,65.0,-41.275,172.175,13.380984248535242,12.990984248535241
6526,6480,512.0,-41.325,172.225,13.553573753943056,10.481573753943056
6527,6481,645.0,-41.325,172.275,13.773894784204458,9.903894784204457
6528,6482,742.0,-41.325,172.325,13.994829376853886,9.542829376853886
6529,6483,1042.0,-41.325,172.375,14.209503308949934,7.957503308949934
6530,6712,307.0,-41.225,172.225,13.704705640608154,11.862705640608153
6531,6713,184.0,-41.225,172.275,13.956673323191353,12.852673323191354
6532,6714,1014.0,-41.225,172.325,14.21364748430642,8.129647484306421
6533,6715,509.0,-41.225,172.375,14.467680005935108,11.413680005935108
6534,6986,681.0,-41.275,172.225,13.608313549950253,9.522313549950255
6535,6987,133.0,-41.275,172.275,13.848978764610365,13.050978764610365
6536,6988,641.0,-41.275,172.325,14.091417780822667,10.245417780822667
6537,6989,1038.0,-41.275,172.375,14.328786259007757,8.100786259007755
6538,6484,720.0,-41.325,172.425,14.414373197399982,10.094373197399982
6539,6485,987.0,-41.325,172.475,14.60839927082634,8.686399270826339
6540,6486,841.0,-41.325,172.525,14.792661672003305,9.746661672003306
6541,6716,1039.0,-41.225,172.425,14.713271815853659,8.479271815853659
6542,6717,334.0,-41.225,172.475,14.946437163709561,12.942437163709561
6543,6718,482.0,-41.225,172.525,15.164266955947824,12.272266955947824
6544,6990,1116.0,-41.275,172.425,14.556837069820176,7.860837069820176
6545,6991,300.0,-41.275,172.475,14.773221465358802,12.973221465358801
6546,6992,688.0,-41.275,172.525,14.977179710363998,10.849179710363998
6547,6487,873.0,-41.325,172.575,14.970184429843357,9.732184429843358
6548,6488,677.0,-41.325,172.625,15.145915373541357,11.083915373541357
6549,6490,396.0,-41.325,172.675,15.326830041729409,12.950830041729409
6550,6491,197.0,-41.325,172.725,15.522051433406887,14.340051433406886
6551,6719,396.0,-41.225,172.575,15.364771796863351,12.988771796863352
6552,6720,999.0,-41.225,172.625,15.54703165461433,9.55303165461433
6553,6721,1603.0,-41.225,172.675,15.711778116296045,6.093778116296045
6554,6722,861.0,-41.225,172.725,15.862552838900228,10.696552838900228
6555,6993,1171.0,-41.275,172.575,15.169457351705205,8.143457351705205
6556,6994,710.0,-41.275,172.625,15.352459314894077,11.092459314894077
6557,6995,1261.0,-41.275,172.675,15.53069595713896,7.964695957138961
6558,6996,573.0,-41.275,172.725,15.711534795716943,12.273534795716943
6559,6493,303.0,-41.325,172.775,15.74268873638357,13.92468873638357
6560,6495,120.0,-41.325,172.825,16.0007195566468,15.2807195566468
6561,6501,269.0,-41.325,172.875,16.305556534261996,14.691556534261995
6562,6723,379.0,-41.225,172.775,16.007487791437597,13.733487791437597
6563,6724,105.0,-41.225,172.825,16.161467740406806,15.531467740406805
6564,6725,210.0,-41.225,172.875,16.347661502528354,15.087661502528354
6565,6997,257.0,-41.275,172.775,15.906111371532461,14.364111371532461
6566,6998,336.0,-41.275,172.825,16.1298521305107,14.113852130510699
6567,6999,119.0,-41.275,172.875,16.401097707283043,15.687097707283042
6568,6060,166.0,-41.275,172.975,17.12113528644477,16.12513528644477
6569,6066,90.0,-41.275,173.025,17.496528412681073,16.956528412681074
6570,6504,194.0,-41.325,172.925,16.655987164191174,15.491987164191174
6571,6507,327.0,-41.325,172.975,17.024460605007334,15.062460605007335
6572,6510,238.0,-41.325,173.025,17.328936019745015,15.900936019745014
6573,6513,81.0,-41.325,173.075,17.364421792535722,16.878421792535722
6574,6726,130.0,-41.225,172.925,16.594396793048872,15.814396793048873
6575,6727,90.0,-41.225,172.975,16.91391818181728,16.37391818181728
6576,6728,55.0,-41.225,173.025,17.246166842138337,16.916166842138338
6577,6729,74.0,-41.225,173.075,17.402286994014503,16.958286994014504
6578,7000,191.0,-41.275,172.925,16.73422289579321,15.588222895793209
6579,6071,3.0,-41.275,173.125,17.098023131915397,17.080023131915397
6580,6516,11.0,-41.325,173.125,16.68879232100153,16.62279232100153
6581,6601,22.0,-41.325,173.225,16.373386114733876,16.241386114733874
6582,6089,20.0,-41.275,173.275,18.16661202358955,18.04661202358955
6583,6093,69.0,-41.275,173.325,18.56900573756866,18.155005737568658
6584,6095,457.0,-41.275,173.375,18.706238813836535,15.964238813836534
6585,6107,968.0,-41.275,173.425,18.699307490864157,12.891307490864158
6586,6609,541.0,-41.325,173.275,17.70844742537156,14.46244742537156
6587,6615,667.0,-41.325,173.325,18.236365174498133,14.234365174498134
6588,6621,509.0,-41.325,173.375,18.454726577958354,15.400726577958354
6589,6627,691.0,-41.325,173.425,18.507929939623864,14.361929939623863
6590,6730,390.0,-41.225,173.375,18.743227934563038,16.403227934563038
6591,6731,260.0,-41.225,173.425,18.732478008285398,17.1724780082854
6592,6119,215.0,-41.275,173.475,18.598828922975372,17.308828922975373
6593,6217,204.0,-41.275,173.525,18.433336904345197,17.209336904345196
6594,6219,40.0,-41.275,173.575,18.221857760703642,17.981857760703644
6595,6221,93.0,-41.275,173.625,17.97864222802309,17.42064222802309
6596,6633,153.0,-41.325,173.475,18.455800776326214,17.537800776326215
6597,6639,240.0,-41.325,173.525,18.331162337517526,16.891162337517525
6598,6688,700.0,-41.325,173.575,18.15530585995475,13.955305859954752
6599,6693,601.0,-41.325,173.625,17.943789480841588,14.337789480841588
6600,6732,693.0,-41.225,173.475,18.620906536973052,14.462906536973053
6601,6733,594.0,-41.225,173.525,18.441162069899292,14.877162069899292
6602,6734,120.0,-41.225,173.575,18.214214099600213,17.494214099600214
6603,6735,140.0,-41.225,173.625,17.95523545565993,17.11523545565993
6604,6223,78.0,-41.275,173.675,17.715391921321498,17.247391921321498
6605,6225,20.0,-41.275,173.725,17.44249651928476,17.32249651928476
6606,6736,478.0,-41.225,173.675,17.676343876224564,14.808343876224564
6607,6737,769.0,-41.225,173.725,17.38805514023079,12.77405514023079
6608,6738,39.0,-41.225,173.775,17.10016064582669,16.86616064582669
6609,6778,75.0,-41.325,173.675,17.7091226386965,17.2591226386965
6610,6779,313.0,-41.325,173.725,17.462223309021283,15.584223309021283
6611,6780,204.0,-41.325,173.775,17.213313138992817,15.989313138992816
6612,6229,338.0,-41.275,173.825,16.90714491464496,14.879144914644959
6613,6232,383.0,-41.275,173.875,16.664368084910166,14.366368084910166
6614,6739,598.0,-41.225,173.825,16.822315162095038,13.234315162095037
6615,6740,79.0,-41.225,173.975,16.14688035706422,15.67288035706422
6616,6781,591.0,-41.325,173.825,16.972473058383912,13.426473058383912
6617,6782,711.0,-41.325,173.875,16.74980229953144,12.483802299531439
6618,6783,315.0,-41.325,173.925,16.554823531623697,14.664823531623696
6619,6784,43.0,-41.325,173.975,16.39470336521663,16.13670336521663
6620,6256,20.0,-41.275,174.075,16.03230954116225,15.91230954116225
6621,6262,244.0,-41.275,174.125,15.959684404579093,14.495684404579093
6622,6741,0.0,-41.225,174.025,15.998823834386712,15.998823834386712
6623,6742,0.0,-41.225,174.075,15.888469510864525,15.888469510864525
6624,6870,298.0,-41.325,174.025,16.271921579380432,14.483921579380432
6625,6880,498.0,-41.325,174.075,16.183673995337813,13.195673995337813
6626,6271,468.0,-41.275,174.175,15.910243771806563,13.102243771806563
6627,6370,286.0,-41.275,174.225,15.877863436502594,14.161863436502594
6628,6743,0.0,-41.225,174.225,15.713843459676355,15.713843459676355
6629,6881,355.0,-41.325,174.175,16.085892411785608,13.955892411785609
6630,6374,366.0,-41.275,174.625,15.85105902635587,13.65505902635587
6631,6455,284.0,-41.275,174.675,15.87466478423812,14.17066478423812
6632,6882,209.0,-41.325,174.675,16.236045309949986,14.982045309949987
6633,6577,149.0,-41.275,174.725,15.929642796221742,15.035642796221742
6634,6599,33.0,-41.275,174.775,16.10322572745281,15.905225727452809
6635,6744,79.0,-41.225,174.725,15.690993692274787,15.216993692274787
6636,6745,278.0,-41.225,174.775,15.831523791353902,14.163523791353903
6637,6746,201.0,-41.225,174.825,16.03093661702769,14.824936617027692
6638,6747,8.0,-41.225,174.875,16.12707296820554,16.07907296820554
6639,6883,296.0,-41.325,174.725,16.37187058699601,14.59587058699601
6640,6884,35.0,-41.325,174.775,16.652280736996545,16.442280736996544
6641,6885,20.0,-41.325,174.825,16.91849110914518,16.79849110914518
6642,6613,208.0,-41.275,174.925,16.383558724761315,15.135558724761315
6643,6619,101.0,-41.275,174.975,16.144862300281602,15.538862300281602
6644,6625,639.0,-41.275,175.025,15.800223085414473,11.966223085414473
6645,6748,20.0,-41.225,174.925,16.061636305599677,15.941636305599678
6646,6749,161.0,-41.225,174.975,15.845242119145041,14.879242119145042
6647,6750,275.0,-41.225,175.025,15.492301823331218,13.842301823331217
6648,6887,111.0,-41.325,174.925,16.739512515006936,16.073512515006936
6649,6888,403.0,-41.325,174.975,16.484053906560803,14.066053906560803
6650,6890,293.0,-41.325,175.025,16.155092381170107,14.397092381170108
6651,6631,434.0,-41.275,175.075,15.382406253103909,12.77840625310391
6652,6637,197.0,-41.275,175.125,14.947778965448379,13.765778965448378
6653,6691,1.0,-41.275,175.175,14.571927048275029,14.565927048275029
6654,6696,1.0,-41.275,175.225,14.323197812871513,14.317197812871512
6655,6751,522.0,-41.225,175.075,15.024097472605717,11.892097472605718
6656,6752,512.0,-41.225,175.125,14.50944540970886,11.437445409708861
6657,6753,20.0,-41.225,175.175,14.061676937970333,13.941676937970334
6658,6754,1.0,-41.225,175.225,13.777144822242917,13.771144822242917
6659,6968,183.0,-41.325,175.075,15.783769345174733,14.685769345174732
6660,6969,20.0,-41.325,175.125,15.414486642057454,15.294486642057455
6661,6970,15.0,-41.325,175.175,15.100907234602346,15.010907234602346
6662,6971,11.0,-41.325,175.225,14.893365245656241,14.82736524565624
6663,6697,4.0,-41.275,175.275,14.242839828077194,14.218839828077195
6664,6698,9.0,-41.275,175.325,14.34763749380727,14.29363749380727
6665,6699,53.0,-41.275,175.375,14.650245130225812,14.332245130225813
6666,6755,1.0,-41.225,175.275,13.698517569919204,13.692517569919204
6667,6756,4.0,-41.225,175.325,13.82625044037377,13.80225044037377
6668,6757,19.0,-41.225,175.375,14.155541734340659,14.041541734340658
6669,6972,122.0,-41.325,175.275,14.828500877545594,14.096500877545594
6670,6973,308.0,-41.325,175.325,14.92881735642186,13.08081735642186
6671,6974,295.0,-41.325,175.375,15.20953073333476,13.43953073333476
6672,6700,108.0,-41.275,175.425,15.188301276240963,14.540301276240964
6673,6701,97.0,-41.275,175.475,15.951866498478921,15.36986649847892
6674,6702,337.0,-41.275,175.525,16.62299147315207,14.60099147315207
6675,6703,198.0,-41.275,175.575,17.10820927477107,15.92020927477107
6676,6758,18.0,-41.225,175.425,14.720275115296317,14.612275115296317
6677,6759,47.0,-41.225,175.475,15.741109979613611,15.459109979613611
6678,6760,226.0,-41.225,175.525,16.388488817758116,15.032488817758116
6679,6761,183.0,-41.225,175.575,16.823168232582248,15.725168232582247
6680,6975,176.0,-41.325,175.425,15.675408048584359,14.619408048584358
6681,6976,131.0,-41.325,175.475,16.27060410991544,15.48460410991544
6682,6977,260.0,-41.325,175.525,16.854091572262405,15.294091572262404
6683,6978,329.0,-41.325,175.575,17.342826101130413,15.368826101130413
6684,6704,242.0,-41.275,175.625,17.504018374753286,16.05201837475329
6685,6705,80.0,-41.275,175.675,17.863724516309958,17.383724516309957
6686,6706,297.0,-41.275,175.725,18.202795466309908,16.420795466309908
6687,6707,258.0,-41.275,175.775,18.518577124410513,16.97057712441051
6688,6762,239.0,-41.225,175.625,17.206523882463443,15.772523882463444
6689,6763,167.0,-41.225,175.675,17.582569931559192,16.580569931559193
6690,6764,116.0,-41.225,175.725,17.95193627534718,17.255936275347178
6691,6765,453.0,-41.225,175.775,18.29776639530428,15.57976639530428
6692,6979,143.0,-41.325,175.625,17.750434873623817,16.892434873623817
6693,6980,165.0,-41.325,175.675,18.108267160389005,17.118267160389006
6694,6981,147.0,-41.325,175.725,18.433994563250963,17.55199456325096
6695,6982,327.0,-41.325,175.775,18.73261500429362,16.77061500429362
6696,6059,344.0,-41.225,175.875,18.864495771982547,16.800495771982547
6697,6073,194.0,-41.225,175.925,19.079973885842264,17.915973885842263
6698,6708,331.0,-41.275,175.825,18.803738094457003,16.817738094457003
6699,6709,17.0,-41.275,175.875,19.053463933652893,18.951463933652892
6700,6766,151.0,-41.225,175.825,18.604248846770133,17.698248846770134
6701,6983,319.0,-41.325,175.825,19.0031812065572,17.0891812065572
6702,6088,44.0,-41.175,172.125,13.385091493819345,13.121091493819346
6703,6109,397.0,-41.175,172.175,13.594636916343006,11.212636916343007
6704,6270,389.0,-41.075,172.125,13.655185903211532,11.321185903211532
6705,6364,894.0,-41.075,172.175,13.882330875951084,8.518330875951083
6706,6681,400.0,-41.025,172.125,13.794042331039236,11.394042331039236
6707,6682,1126.0,-41.025,172.175,14.027742527414375,7.271742527414376
6708,6927,437.0,-41.125,172.125,13.516361100428185,10.894361100428185
6709,6928,354.0,-41.125,172.175,13.735378739165753,11.611378739165753
6710,6117,374.0,-41.175,172.225,13.833228065410367,11.589228065410367
6711,6236,1212.0,-41.175,172.275,14.09095998468365,6.818959984683651
6712,6255,435.0,-41.175,172.325,14.356963194553828,11.746963194553828
6713,6263,950.0,-41.175,172.375,14.622640263249195,8.922640263249196
6714,6367,700.0,-41.075,172.225,14.131489057886938,9.931489057886939
6715,6373,1126.0,-41.075,172.275,14.397860436398332,7.641860436398333
6716,6390,720.0,-41.075,172.325,14.674862288840814,10.354862288840813
6717,6395,1055.0,-41.075,172.375,14.955357097911474,8.625357097911474
6718,6683,900.0,-41.025,172.225,14.281421873982254,8.881421873982255
6719,6684,616.0,-41.025,172.275,14.551241825749457,10.855241825749458
6720,6685,1103.0,-41.025,172.325,14.831896001334826,8.213896001334827
6721,6687,1355.0,-41.025,172.375,15.11725499964814,6.987254999648139
6722,6929,471.0,-41.125,172.225,13.979235937331396,11.153235937331395
6723,6930,514.0,-41.125,172.275,14.241462137371855,11.157462137371855
6724,6931,704.0,-41.125,172.325,14.51365413055828,10.28965413055828
6725,6932,774.0,-41.125,172.375,14.787717692288425,10.143717692288424
6726,6272,661.0,-41.175,172.425,14.881263425933867,10.915263425933865
6727,6369,511.0,-41.175,172.475,15.127212025628978,12.061212025628977
6728,6376,885.0,-41.175,172.525,15.355417465998471,10.045417465998472
6729,6518,1242.0,-41.075,172.425,15.23220136476084,7.78020136476084
6730,6602,860.0,-41.075,172.475,15.498170471026242,10.338170471026242
6731,6604,1291.0,-41.075,172.525,15.745535504069267,7.999535504069267
6732,6689,942.0,-41.025,172.425,15.400751755758392,9.748751755758391
6733,6694,1600.0,-41.025,172.475,15.675383710175083,6.075383710175084
6734,6767,632.0,-41.025,172.525,15.933384472880789,12.14138447288079
6735,6933,1170.0,-41.125,172.425,15.056375575502898,8.036375575502898
6736,6934,1101.0,-41.125,172.475,15.312849751979229,8.70684975197923
6737,6935,1216.0,-41.125,172.525,15.55034677328149,8.25434677328149
6738,6454,823.0,-41.175,172.575,15.561034386071697,10.623034386071698
6739,6578,1237.0,-41.175,172.625,15.73941701230433,8.31741701230433
6740,6600,1013.0,-41.175,172.675,15.886604044448177,9.808604044448177
6741,6606,1555.0,-41.075,172.575,15.965475382183286,6.6354753821832855
6742,6608,1437.0,-41.075,172.625,16.147475972949906,7.525475972949906
6743,6611,1164.0,-41.075,172.675,16.279038834909443,9.295038834909443
6744,6612,906.0,-41.175,172.725,16.000606068761044,10.564606068761044
6745,6617,388.0,-41.075,172.725,16.34652772608024,14.01852772608024
6746,6768,1650.0,-41.025,172.575,16.16562736195192,6.265627361951919
6747,6769,1107.0,-41.025,172.625,16.36079732122016,9.718797321220162
6748,6770,726.0,-41.025,172.675,16.504466125676117,12.148466125676117
6749,6771,669.0,-41.025,172.725,16.57882961402538,12.564829614025381
6750,6936,1504.0,-41.125,172.575,15.761570546632356,6.737570546632357
6751,6937,1084.0,-41.125,172.625,15.938424252592085,9.434424252592086
6752,6938,1124.0,-41.125,172.675,16.072199541320515,9.328199541320515
6753,6939,743.0,-41.125,172.725,16.154784335731165,11.696784335731166
6754,6618,614.0,-41.175,172.775,16.083742480710498,12.399742480710499
6755,6623,659.0,-41.075,172.775,16.338740933313602,12.384740933313601
6756,6624,562.0,-41.175,172.825,16.146049133094493,12.774049133094493
6757,6629,871.0,-41.075,172.825,16.254527737673925,11.028527737673926
6758,6630,264.0,-41.175,172.875,16.20976560182862,14.625765601828622
6759,6635,458.0,-41.075,172.875,16.112831748579993,13.364831748579993
6760,6772,513.0,-41.025,172.775,16.565974102566543,13.487974102566543
6761,6774,118.0,-41.025,172.825,16.460238688949175,15.752238688949175
6762,6775,666.0,-41.025,172.875,16.28805026767077,12.292050267670769
6763,6940,1053.0,-41.125,172.775,16.181517574195823,9.863517574195823
6764,6941,1030.0,-41.125,172.825,16.15583950285145,9.97583950285145
6765,6942,859.0,-41.125,172.875,16.09526206724331,10.941262067243311
6766,6636,62.0,-41.175,172.925,16.315265138464383,15.943265138464383
6767,6645,604.0,-41.075,172.925,15.964574727739091,12.340574727739092
6768,6646,135.0,-41.075,172.975,15.935924501258341,15.125924501258341
6769,6692,19.0,-41.175,172.975,16.517065744093998,16.403065744093997
6770,6773,22.0,-41.175,173.025,16.804177660000278,16.672177660000276
6771,6777,496.0,-41.025,172.925,16.1195639916441,13.1435639916441
6772,6786,106.0,-41.025,172.975,16.06301239266395,15.42701239266395
6773,6943,233.0,-41.125,172.925,16.041649928309198,14.643649928309198
6774,6944,17.0,-41.125,172.975,16.10258293103834,16.00058293103834
6775,6776,18.0,-41.175,173.425,18.627457257980495,18.519457257980495
6776,6647,84.0,-41.075,173.575,17.79449747970648,17.290497479706477
6777,6785,352.0,-41.175,173.475,18.530089806823526,16.418089806823524
6778,6871,398.0,-41.175,173.525,18.3577418688983,15.969741868898302
6779,6886,382.0,-41.175,173.575,18.133327460394867,15.841327460394867
6780,6889,526.0,-41.175,173.625,17.873619980864532,14.717619980864534
6781,6945,231.0,-41.125,173.525,18.198559191123422,16.812559191123423
6782,6946,487.0,-41.125,173.575,17.988745215732706,15.066745215732706
6783,6947,389.0,-41.125,173.625,17.73990650275664,15.40590650275664
6784,6648,263.0,-41.075,173.725,17.031552976026433,15.453552976026433
6785,6649,198.0,-41.075,173.775,16.752136467795935,15.564136467795935
6786,6788,240.0,-41.025,173.725,16.864251450777374,15.424251450777374
6787,6891,429.0,-41.175,173.675,17.591777033539984,15.017777033539984
6788,6895,596.0,-41.175,173.725,17.29887608861827,13.722876088618271
6789,6948,359.0,-41.125,173.675,17.46588380288631,15.31188380288631
6790,6949,357.0,-41.125,173.725,17.178291525124223,15.036291525124224
6791,6950,384.0,-41.125,173.775,16.88736084230004,14.58336084230004
6792,6650,58.0,-41.075,173.825,16.47705701943414,16.129057019434143
6793,6651,130.0,-41.075,173.875,16.215896004996466,15.435896004996467
6794,6896,52.0,-41.175,173.825,16.719346464293267,16.407346464293266
6795,6897,456.0,-41.175,173.925,16.213925539255797,13.477925539255796
6796,6898,28.0,-41.175,173.975,16.016951416437223,15.848951416437224
6797,6951,422.0,-41.125,173.825,16.602592029048537,14.070592029048537
6798,6952,24.0,-41.125,173.925,16.090393897404283,15.946393897404283
6799,6652,49.0,-41.075,174.025,15.639913220766175,15.345913220766175
6800,6653,526.0,-41.075,174.075,15.5329746324187,12.376974632418701
6801,6654,179.0,-41.075,174.125,15.454032138803086,14.380032138803086
6802,6790,315.0,-41.025,174.075,15.448099444740365,13.558099444740364
6803,6792,239.0,-41.025,174.125,15.370892896551595,13.936892896551596
6804,6899,100.0,-41.175,174.075,15.754488494831094,15.154488494831094
6805,6900,122.0,-41.175,174.125,15.672779185953914,14.940779185953915
6806,6953,297.0,-41.125,174.025,15.74350079701253,13.96150079701253
6807,6954,315.0,-41.125,174.075,15.634702528283015,13.744702528283014
6808,6955,174.0,-41.125,174.125,15.554127506982695,14.510127506982695
6809,6655,218.0,-41.075,174.175,15.397548156712219,14.089548156712219
6810,6794,330.0,-41.025,174.175,15.317249646423079,13.337249646423079
6811,6901,167.0,-41.175,174.175,15.614061709884481,14.61206170988448
6812,6956,10.0,-41.125,174.375,15.402007106835299,15.342007106835299
6813,6656,19.0,-41.075,174.875,15.706363923485696,15.592363923485696
6814,6902,123.0,-41.175,174.775,15.697023852590064,14.959023852590065
6815,6903,39.0,-41.175,174.825,15.823704455389816,15.589704455389816
6816,6904,382.0,-41.175,174.875,15.884423050149053,13.592423050149053
6817,6957,41.0,-41.125,174.825,15.728111789758259,15.482111789758259
6818,6958,98.0,-41.125,174.875,15.751649221772823,15.163649221772824
6819,6657,99.0,-41.075,174.925,15.59958811859542,15.005588118595421
6820,6658,340.0,-41.075,174.975,15.351781030252823,13.311781030252824
6821,6659,338.0,-41.075,175.025,14.934185744174101,12.9061857441741
6822,6796,269.0,-41.025,174.925,15.614694371142832,14.000694371142831
6823,6798,366.0,-41.025,174.975,15.35415762322009,13.15815762322009
6824,6800,231.0,-41.025,175.025,14.92239113710275,13.53639113710275
6825,6905,162.0,-41.175,174.925,15.82042918886873,14.84842918886873
6826,6906,129.0,-41.175,174.975,15.613142541757043,14.839142541757042
6827,6907,359.0,-41.175,175.025,15.256160975852254,13.102160975852254
6828,6959,38.0,-41.125,174.925,15.667956899251294,15.439956899251294
6829,6960,170.0,-41.125,174.975,15.447863699610025,14.427863699610025
6830,6961,177.0,-41.125,175.025,15.074472768312262,14.012472768312263
6831,6660,396.0,-41.075,175.075,14.333205240367533,11.957205240367534
6832,6661,353.0,-41.075,175.125,13.621681743275985,11.503681743275985
6833,6662,235.0,-41.075,175.175,12.978203970755203,11.568203970755203
6834,6663,234.0,-41.075,175.225,12.701912752601856,11.297912752601857
6835,6802,404.0,-41.025,175.075,14.33715306313934,11.91315306313934
6836,6804,269.0,-41.025,175.125,13.6856206333523,12.0716206333523
6837,6806,538.0,-41.025,175.175,13.1272940042345,9.8992940042345
6838,6808,676.0,-41.025,175.225,12.843413153521396,8.787413153521396
6839,6908,200.0,-41.175,175.075,14.732587068374414,13.532587068374415
6840,6909,691.0,-41.175,175.125,14.117172735386703,9.971172735386702
6841,6910,362.0,-41.175,175.175,13.58821661881666,11.416216618816659
6842,6911,261.0,-41.175,175.225,13.282325779806342,11.716325779806343
6843,6962,77.0,-41.125,175.075,14.500111840012323,14.038111840012323
6844,6963,169.0,-41.125,175.125,13.79445418040632,12.78045418040632
6845,6964,487.0,-41.125,175.175,13.186460803977752,10.264460803977752
6846,6965,531.0,-41.125,175.225,12.884850971913693,9.698850971913693
6847,6053,38.0,-41.125,175.375,13.564698137068262,13.336698137068263
6848,6664,543.0,-41.075,175.275,12.756437949004976,9.498437949004977
6849,6665,375.0,-41.075,175.325,13.00731912199808,10.75731912199808
6850,6666,92.0,-41.075,175.375,13.412008300580055,12.860008300580056
6851,6810,893.0,-41.025,175.275,12.847333733869164,7.489333733869164
6852,6812,602.0,-41.025,175.325,13.050113603761929,9.438113603761929
6853,6892,600.0,-41.025,175.375,13.391161679608558,9.791161679608559
6854,6912,1.0,-41.175,175.275,13.235066358196491,13.22906635819649
6855,6913,4.0,-41.175,175.325,13.41598562652689,13.39198562652689
6856,6914,14.0,-41.175,175.375,13.808558476386679,13.72455847638668
6857,6966,341.0,-41.125,175.275,12.898470956426536,10.852470956426536
6858,6967,27.0,-41.125,175.325,13.136207129704417,12.974207129704416
6859,6063,47.0,-41.125,175.425,14.170662668891964,13.888662668891964
6860,6065,42.0,-41.125,175.475,14.86096581610036,14.60896581610036
6861,6068,199.0,-41.125,175.525,15.451222917456107,14.257222917456108
6862,6076,79.0,-41.025,175.525,14.731137103406581,14.257137103406581
6863,6079,85.0,-41.025,175.575,15.17059455616618,14.66059455616618
6864,6091,130.0,-41.125,175.575,15.930054751726857,15.150054751726858
6865,6667,74.0,-41.075,175.425,13.929872103586604,13.485872103586603
6866,6668,52.0,-41.075,175.475,14.486409269933574,14.174409269933575
6867,6669,59.0,-41.075,175.525,14.99932272985825,14.64532272985825
6868,6670,73.0,-41.075,175.575,15.46764608545891,15.029646085458909
6869,6893,250.0,-41.025,175.425,13.820198992943915,12.320198992943915
6870,6894,76.0,-41.025,175.475,14.28180708490072,13.82580708490072
6871,6915,45.0,-41.175,175.425,14.454080685696681,14.184080685696681
6872,6916,39.0,-41.175,175.475,15.343939531469005,15.109939531469005
6873,6917,94.0,-41.175,175.525,15.977638683847545,15.413638683847545
6874,6918,186.0,-41.175,175.575,16.420342860255914,15.304342860255915
6875,6086,97.0,-41.025,175.625,15.704495078716718,15.122495078716717
6876,6101,121.0,-41.125,175.625,16.404489111442672,15.678489111442673
6877,6110,154.0,-41.025,175.675,16.49313590154452,15.56913590154452
6878,6116,227.0,-41.025,175.725,17.196928149953237,15.834928149953237
6879,6179,479.0,-41.125,175.675,16.923483261123693,14.049483261123692
6880,6216,223.0,-41.125,175.725,17.439816122048796,16.101816122048795
6881,6226,221.0,-41.125,175.775,17.888047636499323,16.562047636499322
6882,6237,270.0,-41.025,175.775,17.67796528220606,16.05796528220606
6883,6671,55.0,-41.075,175.625,15.992320783152536,15.662320783152536
6884,6672,119.0,-41.075,175.675,16.633817482539598,15.919817482539598
6885,6673,317.0,-41.075,175.725,17.257106608039976,15.355106608039977
6886,6674,201.0,-41.075,175.775,17.749519130404224,16.543519130404224
6887,6919,220.0,-41.175,175.625,16.832613165175644,15.512613165175644
6888,6920,281.0,-41.175,175.675,17.260542683414315,15.574542683414315
6889,6921,232.0,-41.175,175.725,17.688331851419207,16.296331851419207
6890,6922,379.0,-41.175,175.775,18.080309753420806,15.806309753420805
6891,6235,220.0,-41.125,175.825,18.242576516755435,16.922576516755434
6892,6240,238.0,-41.125,175.875,18.51051599999664,17.08251599999664
6893,6244,202.0,-41.025,175.825,17.98781333404986,16.77581333404986
6894,6245,287.0,-41.125,175.925,18.71059465451981,16.988594654519808
6895,6246,215.0,-41.025,175.875,18.190630577864795,16.900630577864796
6896,6249,291.0,-41.025,175.925,18.326992726073513,16.580992726073514
6897,6675,206.0,-41.075,175.825,18.103109794681586,16.867109794681586
6898,6676,233.0,-41.075,175.875,18.350580698992417,16.952580698992417
6899,6677,322.0,-41.075,175.925,18.52502338060549,16.59302338060549
6900,6923,302.0,-41.175,175.825,18.4129998555145,16.600999855514498
6901,6924,306.0,-41.175,175.875,18.6818597934398,16.8458597934398
6902,6925,322.0,-41.175,175.925,18.89426535491839,16.96226535491839
6903,6250,210.0,-41.125,175.975,18.861939169519246,17.601939169519245
6904,6261,20.0,-41.125,176.025,18.98066717915026,18.86066717915026
6905,6265,287.0,-41.025,175.975,18.423221585653664,16.701221585653663
6906,6371,178.0,-41.025,176.025,18.497443294321783,17.429443294321782
6907,6456,84.0,-41.025,176.075,18.56252079485239,18.058520794852388
6908,6678,278.0,-41.075,175.975,18.651802151396623,16.983802151396624
6909,6679,105.0,-41.075,176.025,18.749489083658773,18.119489083658774
6910,6680,22.0,-41.075,176.075,18.83164053264227,18.699640532642267
6911,6926,61.0,-41.175,175.975,19.06203272394123,18.69603272394123
6912,6576,46.0,-40.975,172.125,13.926998259441461,13.650998259441462
6913,6598,202.0,-40.975,172.175,14.165395113299383,12.953395113299383
6914,6834,381.0,-40.925,172.125,14.049315389816911,11.763315389816912
6915,6835,107.0,-40.925,172.175,14.290271577494423,13.648271577494423
6916,7001,761.0,-40.875,172.175,14.398465428701456,9.832465428701457
6917,6614,820.0,-40.975,172.225,14.42215947204022,9.502159472040223
6918,6620,571.0,-40.975,172.275,14.694087131929336,11.268087131929336
6919,6626,925.0,-40.975,172.325,14.976798579924434,9.426798579924434
6920,6632,904.0,-40.975,172.375,15.265085415680005,9.841085415680006
6921,6836,77.0,-40.925,172.225,14.548151390174098,14.086151390174098
6922,6837,802.0,-40.925,172.275,14.820192263628996,10.008192263628997
6923,6838,778.0,-40.925,172.325,15.102691664429585,10.434691664429586
6924,6839,1038.0,-40.925,172.375,15.391204065150305,9.163204065150303
6925,7002,782.0,-40.875,172.225,14.65509539418781,9.96309539418781
6926,7003,792.0,-40.875,172.275,14.924724761220205,10.172724761220206
6927,7004,732.0,-40.875,172.325,15.20411399304794,10.81211399304794
6928,7005,718.0,-40.875,172.375,15.489368817641662,11.181368817641662
6929,6638,908.0,-40.975,172.425,15.553159149607382,10.105159149607381
6930,6686,442.0,-40.975,172.475,15.834682875749422,13.182682875749423
6931,6690,1140.0,-40.975,172.525,16.102555763416603,9.262555763416604
6932,6840,347.0,-40.925,172.425,15.680706236609694,13.598706236609694
6933,6841,557.0,-40.925,172.475,15.965648127204986,12.623648127204985
6934,6842,900.0,-40.925,172.525,16.239847259475937,10.839847259475938
6935,7006,781.0,-40.875,172.425,15.776047024421132,11.090047024421132
6936,7007,162.0,-40.875,172.475,16.059202325519436,15.087202325519437
6937,7008,571.0,-40.875,172.525,16.333324963627092,12.907324963627092
6938,6695,1174.0,-40.975,172.575,16.348432784081524,9.304432784081524
6939,6787,1617.0,-40.975,172.625,16.56189993865337,6.859899938653369
6940,6789,1166.0,-40.975,172.675,16.72909737259215,9.733097372592152
6941,6791,314.0,-40.975,172.725,16.83054724298563,14.94654724298563
6942,6843,1327.0,-40.925,172.575,16.496191209284007,8.534191209284007
6943,6844,882.0,-40.925,172.625,16.726052538866497,11.434052538866498
6944,6845,335.0,-40.925,172.675,16.918104209151352,14.908104209151352
6945,6846,1028.0,-40.925,172.725,17.055455339925174,10.887455339925175
6946,7009,1167.0,-40.875,172.575,16.592135416565725,9.590135416565726
6947,7010,1324.0,-40.875,172.625,16.82813445656575,8.88413445656575
6948,7011,580.0,-40.875,172.675,17.031630736420993,13.551630736420993
6949,7012,295.0,-40.875,172.725,17.18833585390348,15.418335853903482
6950,6793,494.0,-40.975,172.775,16.83992221394874,13.875922213948739
6951,6795,58.0,-40.975,172.825,16.737766172262127,16.389766172262128
6952,6797,838.0,-40.975,172.875,16.55307856253239,11.525078562532391
6953,6847,81.0,-40.925,172.775,17.107052376812135,16.621052376812134
6954,6848,39.0,-40.925,172.825,17.018551880630184,16.784551880630183
6955,6849,861.0,-40.925,172.875,16.81490573546398,11.64890573546398
6956,7013,39.0,-40.875,172.775,17.271496370844034,17.037496370844032
6957,7014,42.0,-40.875,172.825,17.196987928586168,16.94498792858617
6958,7015,581.0,-40.875,172.875,16.982873571349046,13.496873571349045
6959,6799,914.0,-40.975,172.925,16.367419690988754,10.883419690988754
6960,6801,259.0,-40.975,172.975,16.267297295311437,14.713297295311436
6961,6803,286.0,-40.975,173.025,16.296177001284377,14.580177001284378
6962,6850,841.0,-40.925,172.925,16.603766992462624,11.557766992462625
6963,6851,569.0,-40.925,172.975,16.45952777871389,13.045527778713891
6964,6852,202.0,-40.925,173.025,16.41570156069065,15.20370156069065
6965,7016,612.0,-40.875,172.925,16.75925447541522,13.087254475415218
6966,7017,488.0,-40.875,172.975,16.58617351346402,13.658173513464018
6967,7018,202.0,-40.875,173.025,16.49177353808045,15.279773538080452
6968,6805,363.0,-40.975,173.825,16.20693351168302,14.028933511683018
6969,6853,0.0,-40.925,173.825,16.061120039554226,16.061120039554226
6970,7019,124.0,-40.875,173.825,15.907538762623517,15.163538762623517
6971,7020,62.0,-40.875,173.875,15.73036445226171,15.35836445226171
6972,6807,20.0,-40.975,174.975,15.459323314531503,15.339323314531503
6973,6809,309.0,-40.975,175.025,15.045032773425191,13.191032773425192
6974,6854,266.0,-40.925,175.025,15.24267264327682,13.646672643276819
6975,7021,14.0,-40.875,175.025,15.422684280054455,15.338684280054455
6976,6811,413.0,-40.975,175.075,14.500618920383204,12.022618920383204
6977,6813,362.0,-40.975,175.125,13.926867967493308,11.754867967493308
6978,6814,599.0,-40.975,175.175,13.44771664514883,9.85371664514883
6979,6815,806.0,-40.975,175.225,13.169031547433406,8.333031547433405
6980,6855,163.0,-40.925,175.075,14.748030974611538,13.770030974611538
6981,6856,247.0,-40.925,175.125,14.248416137772438,12.766416137772438
6982,6857,696.0,-40.925,175.175,13.83343065491681,9.65743065491681
6983,6858,496.0,-40.925,175.225,13.5711017211961,10.595101721196102
6984,7022,72.0,-40.875,175.075,15.004422555512065,14.572422555512064
6985,7023,221.0,-40.875,175.125,14.584178836894353,13.258178836894352
6986,7024,533.0,-40.875,175.175,14.231677543906699,11.033677543906698
6987,7025,189.0,-40.875,175.225,13.996378001140329,12.862378001140328
6988,6816,1037.0,-40.975,175.275,13.116366765732892,6.894366765732892
6989,6817,774.0,-40.975,175.325,13.24917140278012,8.60517140278012
6990,6818,480.0,-40.975,175.375,13.51550185380438,10.635501853804382
6991,6859,796.0,-40.925,175.275,13.485715936771157,8.709715936771158
6992,6860,742.0,-40.925,175.325,13.560910724228961,9.108910724228961
6993,6861,460.0,-40.925,175.375,13.762356250319499,11.0023562503195
6994,7026,443.0,-40.875,175.275,13.900154292514344,11.242154292514345
6995,7027,671.0,-40.875,175.325,13.938574012421668,9.912574012421668
6996,7028,563.0,-40.875,175.375,14.091571730043142,10.713571730043142
6997,6819,298.0,-40.975,175.425,13.868341111256086,12.080341111256086
6998,6820,318.0,-40.975,175.475,14.267473871916081,12.359473871916082
6999,6821,127.0,-40.975,175.525,14.69072222613795,13.92872222613795
7000,6822,120.0,-40.975,175.575,15.156955751983332,14.436955751983332
7001,6862,640.0,-40.925,175.425,14.054634222640743,10.214634222640743
7002,6863,246.0,-40.925,175.475,14.410708382634766,12.934708382634767
7003,6864,282.0,-40.925,175.525,14.821989701271377,13.129989701271377
7004,6865,181.0,-40.925,175.575,15.309265999047057,14.223265999047056
7005,7029,1131.0,-40.875,175.425,14.335257574204661,7.549257574204661
7006,7030,779.0,-40.875,175.475,14.65105082214177,9.97705082214177
7007,7031,502.0,-40.875,175.525,15.03215926087978,12.02015926087978
7008,7032,213.0,-40.875,175.575,15.48367912005051,14.20567912005051
7009,6823,111.0,-40.975,175.625,15.762154695796198,15.096154695796198
7010,6824,95.0,-40.975,175.675,16.562161439087504,15.992161439087504
7011,6825,106.0,-40.975,175.725,17.24479956342111,16.608799563421112
7012,6826,172.0,-40.975,175.775,17.62719408394696,16.59519408394696
7013,6866,131.0,-40.925,175.625,15.91379289831093,15.12779289831093
7014,6867,136.0,-40.925,175.675,16.60758200939199,15.79158200939199
7015,6868,138.0,-40.925,175.725,17.1768058969501,16.3488058969501
7016,6869,185.0,-40.925,175.775,17.491682542313356,16.381682542313357
7017,7033,167.0,-40.875,175.625,16.00385901930713,15.001859019307128
7018,7034,156.0,-40.875,175.675,16.539998072807066,15.603998072807066
7019,7035,292.0,-40.875,175.725,16.977575918814182,15.225575918814181
7020,7036,175.0,-40.875,175.775,17.251283947305637,16.201283947305637
7021,6827,200.0,-40.975,175.825,17.859555191016625,16.659555191016626
7022,6828,204.0,-40.975,175.875,18.005954574529824,16.781954574529824
7023,6829,268.0,-40.975,175.925,18.100546546600526,16.492546546600526
7024,6872,129.0,-40.925,175.825,17.66823184274108,16.89423184274108
7025,6873,187.0,-40.925,175.875,17.770358945124826,16.648358945124826
7026,6874,186.0,-40.925,175.925,17.831053897707534,16.715053897707534
7027,7037,274.0,-40.875,175.825,17.399232537416538,15.755232537416537
7028,7038,174.0,-40.875,175.875,17.47467688242068,16.43067688242068
7029,7039,320.0,-40.875,175.925,17.513301304656125,15.593301304656125
7030,6830,233.0,-40.975,175.975,18.165920071967776,16.767920071967776
7031,6831,80.0,-40.975,176.025,18.217980042310955,17.737980042310955
7032,6832,207.0,-40.975,176.075,18.26810060245225,17.02610060245225
7033,6833,98.0,-40.975,176.125,18.32436605497969,17.73636605497969
7034,6875,175.0,-40.925,175.975,17.871564009681606,16.821564009681605
7035,6876,89.0,-40.925,176.025,17.906538769222607,17.372538769222608
7036,6877,49.0,-40.925,176.075,17.946224232511668,17.652224232511667
7037,6878,272.0,-40.925,176.125,17.997745210201174,16.365745210201172
7038,7040,292.0,-40.875,175.975,17.53776461499183,15.785764614991828
7039,7041,121.0,-40.875,176.025,17.56276307857661,16.83676307857661
7040,7044,39.0,-40.875,176.075,17.59796454467869,17.363964544678687
7041,7045,82.0,-40.875,176.125,17.649788000539047,17.157788000539046
7042,6879,85.0,-40.925,176.175,18.06592648363221,17.55592648363221
7043,7046,143.0,-40.875,176.175,17.722474632608282,16.86447463260828
7044,7047,2.0,-40.875,176.225,17.818636124473414,17.806636124473414
7045,7048,292.0,-40.825,172.175,14.487165301919958,12.735165301919958
7046,7049,688.0,-40.825,172.225,14.73995546862352,10.61195546862352
7047,7050,592.0,-40.825,172.275,15.004331270651164,11.452331270651165
7048,7051,729.0,-40.825,172.325,15.2773218518887,10.903321851888702
7049,7056,453.0,-40.825,172.375,15.555352161576593,12.837352161576593
7050,7093,131.0,-40.775,172.275,15.057191227098883,14.271191227098884
7051,7094,85.0,-40.775,172.325,15.320444042365125,14.810444042365125
7052,7095,140.0,-40.775,172.375,15.587266654505584,14.747266654505584
7053,7324,86.0,-40.725,172.375,15.585506201870885,15.069506201870885
7054,7057,514.0,-40.825,172.425,15.834293272722789,12.75029327272279
7055,7058,160.0,-40.825,172.475,16.109461734551587,15.149461734551586
7056,7059,239.0,-40.825,172.525,16.375519648967384,14.941519648967384
7057,7096,844.0,-40.775,172.425,15.853599180223682,10.789599180223682
7058,7097,364.0,-40.775,172.475,16.114719078488633,13.930719078488632
7059,7098,355.0,-40.775,172.525,16.365068152739696,14.235068152739697
7060,7329,256.0,-40.725,172.425,15.835071882253033,14.299071882253033
7061,7337,183.0,-40.725,172.475,16.077221933828696,14.979221933828695
7062,7436,657.0,-40.725,172.525,16.306091317695973,12.364091317695973
7063,7614,192.0,-40.675,172.425,15.782132669512066,14.630132669512067
7064,7615,152.0,-40.675,172.475,16.002059789130726,15.090059789130727
7065,7616,389.0,-40.675,172.525,16.20612776107555,13.87212776107555
7066,7060,522.0,-40.825,172.575,16.626200997126944,13.494200997126944
7067,7061,624.0,-40.825,172.625,16.85370164726737,13.109701647267372
7068,7062,981.0,-40.825,172.675,17.047312881499238,11.161312881499239
7069,7063,342.0,-40.825,172.725,17.190115955791043,15.138115955791044
7070,7099,59.0,-40.775,172.575,16.59788183870296,16.24388183870296
7071,7100,294.0,-40.775,172.625,16.804464705097416,15.040464705097417
7072,7101,415.0,-40.775,172.675,16.972854425554033,14.482854425554033
7073,7102,60.0,-40.775,172.725,17.085747207491295,16.725747207491295
7074,7447,86.0,-40.725,172.575,16.51448969761259,15.99848969761259
7075,7449,32.0,-40.725,172.625,16.69335139973191,16.50135139973191
7076,7451,15.0,-40.725,172.675,16.831079764888273,16.741079764888273
7077,7617,459.0,-40.675,172.575,16.387130774386605,13.633130774386606
7078,7618,95.0,-40.675,172.625,16.536438228004045,15.966438228004044
7079,7064,44.0,-40.825,172.775,17.25096886704705,16.98696886704705
7080,7065,231.0,-40.825,172.925,16.800155743441792,15.414155743441793
7081,7066,300.0,-40.825,172.975,16.62069357866494,14.82069357866494
7082,7067,157.0,-40.825,173.825,15.746605892210937,14.804605892210937
7083,7068,164.0,-40.825,173.875,15.592245488634944,14.608245488634944
7084,7069,20.0,-40.825,175.075,15.236818938989018,15.116818938989018
7085,7070,119.0,-40.825,175.125,14.900947170835934,14.186947170835934
7086,7071,282.0,-40.825,175.175,14.613424856097481,12.921424856097481
7087,7072,323.0,-40.825,175.225,14.414224774121976,12.476224774121976
7088,7103,17.0,-40.775,175.125,15.189004375612058,15.087004375612057
7089,7104,32.0,-40.775,175.175,14.965224816402042,14.773224816402042
7090,7105,203.0,-40.775,175.225,14.807006957969861,13.589006957969861
7091,7453,19.0,-40.725,175.175,15.28185695812681,15.167856958126809
7092,7455,93.0,-40.725,175.225,15.164828078603023,14.606828078603023
7093,7619,20.0,-40.675,175.175,15.560988473147518,15.440988473147518
7094,7620,21.0,-40.675,175.225,15.48177483921063,15.35577483921063
7095,7073,669.0,-40.825,175.275,14.323635712105897,10.309635712105898
7096,7074,705.0,-40.825,175.325,14.34343504883509,10.11343504883509
7097,7075,746.0,-40.825,175.375,14.46267798322333,9.98667798322333
7098,7106,642.0,-40.775,175.275,14.732678451760876,10.880678451760875
7099,7108,711.0,-40.775,175.325,14.74683204358189,10.48083204358189
7100,7112,858.0,-40.775,175.375,14.843409975968825,9.695409975968825
7101,7459,426.0,-40.725,175.275,15.112099067657255,12.556099067657255
7102,7460,669.0,-40.725,175.325,15.128841789210128,11.114841789210129
7103,7463,800.0,-40.725,175.375,15.211006830713814,10.411006830713813
7104,7621,58.0,-40.675,175.275,15.451811842893221,15.10381184289322
7105,7622,146.0,-40.675,175.325,15.475673105031092,14.599673105031092
7106,7623,286.0,-40.675,175.375,15.549757788930947,13.833757788930948
7107,7076,1025.0,-40.825,175.425,14.66517653626579,8.515176536265791
7108,7077,565.0,-40.825,175.475,14.935884038195582,11.545884038195581
7109,7078,589.0,-40.825,175.525,15.26420248550312,11.73020248550312
7110,7079,400.0,-40.825,175.575,15.64117836418518,13.24117836418518
7111,7115,1134.0,-40.775,175.425,15.010126055009096,8.206126055009097
7112,7122,827.0,-40.775,175.475,15.23245310490347,10.27045310490347
7113,7131,555.0,-40.775,175.525,15.495594780391912,12.165594780391912
7114,7140,399.0,-40.775,175.575,15.783112560504378,13.389112560504378
7115,7469,930.0,-40.725,175.425,15.34762884639349,9.76762884639349
7116,7473,834.0,-40.725,175.475,15.523247678724147,10.519247678724147
7117,7476,448.0,-40.725,175.525,15.719734522552244,13.031734522552243
7118,7481,618.0,-40.725,175.575,15.917295781417124,12.209295781417124
7119,7624,994.0,-40.675,175.425,15.663071210596172,9.699071210596173
7120,7625,543.0,-40.675,175.475,15.798524048144827,12.540524048144828
7121,7626,749.0,-40.675,175.525,15.934862998828976,11.440862998828976
7122,7627,471.0,-40.675,175.575,16.049783060881964,13.223783060881964
7123,7080,220.0,-40.825,175.625,16.047474777420575,14.727474777420575
7124,7081,228.0,-40.825,175.675,16.438817677906627,15.070817677906627
7125,7082,347.0,-40.825,175.725,16.75515126256505,14.67315126256505
7126,7083,185.0,-40.825,175.775,16.96322784800941,15.85322784800941
7127,7149,376.0,-40.775,175.625,16.072559989983347,13.816559989983347
7128,7158,285.0,-40.775,175.675,16.333276602148544,14.623276602148543
7129,7167,509.0,-40.775,175.725,16.534721056061244,13.480721056061244
7130,7262,280.0,-40.775,175.775,16.663182299897016,14.983182299897017
7131,7488,334.0,-40.725,175.625,16.09533062420087,14.09133062420087
7132,7578,321.0,-40.725,175.675,16.23497482478888,14.308974824788878
7133,7582,240.0,-40.725,175.725,16.32464820331552,14.88464820331552
7134,7588,319.0,-40.725,175.775,16.36581607466178,14.45181607466178
7135,7628,420.0,-40.675,175.625,16.12458612836417,13.604586128364172
7136,7629,255.0,-40.675,175.675,16.149603404990557,14.619603404990558
7137,7630,375.0,-40.675,175.725,16.12819911211045,13.878199112110451
7138,7631,254.0,-40.675,175.775,16.076717108589946,14.552717108589945
7139,7084,260.0,-40.825,175.825,17.076726454477466,15.516726454477466
7140,7085,224.0,-40.825,175.875,17.129897986977085,15.785897986977085
7141,7086,194.0,-40.825,175.925,17.15359731157696,15.98959731157696
7142,7275,344.0,-40.775,175.825,16.72869546412585,14.664695464125849
7143,7289,391.0,-40.775,175.875,16.754831058173295,14.408831058173295
7144,7293,356.0,-40.775,175.925,16.765275866102456,14.629275866102457
7145,7594,224.0,-40.725,175.825,16.37292934270954,15.02892934270954
7146,7600,160.0,-40.725,175.875,16.36623268028052,15.406232680280517
7147,7606,283.0,-40.725,175.925,16.363426156316564,14.665426156316563
7148,7632,257.0,-40.675,175.825,16.018887636577347,14.476887636577347
7149,7633,205.0,-40.675,175.875,15.97657028037429,14.74657028037429
7150,7634,283.0,-40.675,175.925,15.96259236388687,14.26459236388687
7151,7087,257.0,-40.825,175.975,17.169491479908174,15.627491479908175
7152,7088,219.0,-40.825,176.025,17.19150946136142,15.87750946136142
7153,7089,60.0,-40.825,176.075,17.228379272894017,16.868379272894018
7154,7090,271.0,-40.825,176.125,17.285684673215655,15.659684673215656
7155,7299,284.0,-40.775,175.975,16.777490536078403,15.073490536078403
7156,7302,243.0,-40.775,176.025,16.802421209155,15.344421209155
7157,7304,234.0,-40.775,176.075,16.846544425297907,15.442544425297907
7158,7306,181.0,-40.775,176.125,16.91398575736821,15.827985757368209
7159,7607,302.0,-40.725,175.975,16.37577559876263,14.56377559876263
7160,7608,346.0,-40.725,176.025,16.408854434092063,14.332854434092063
7161,7609,270.0,-40.725,176.075,16.465173745951688,14.845173745951687
7162,7610,180.0,-40.725,176.125,16.546530179170077,15.466530179170077
7163,7635,267.0,-40.675,175.975,15.980166086337704,14.378166086337703
7164,7636,257.0,-40.675,176.025,16.027085662261015,14.485085662261016
7165,7637,262.0,-40.675,176.075,16.100230112198915,14.528230112198916
7166,7638,260.0,-40.675,176.125,16.198294438987432,14.638294438987431
7167,7091,259.0,-40.825,176.175,17.36715488203481,15.81315488203481
7168,7092,57.0,-40.825,176.225,17.47522597727584,17.133225977275842
7169,7311,199.0,-40.775,176.175,17.007861121188398,15.813861121188399
7170,7320,60.0,-40.775,176.225,17.13069357755012,16.77069357755012
7171,7611,174.0,-40.725,176.175,16.655273427717475,15.611273427717475
7172,7612,302.0,-40.725,176.225,16.794401255539924,14.982401255539925
7173,7613,67.0,-40.725,176.275,16.966608190408806,16.564608190408805
7174,7639,298.0,-40.675,176.175,16.32282748905891,14.534827489058909
7175,7640,334.0,-40.675,176.225,16.477915868597847,14.473915868597848
7176,7641,140.0,-40.675,176.275,16.668469731448567,15.828469731448568
7177,7642,164.0,-40.675,176.325,16.897250485226323,15.913250485226323
7178,7137,81.0,-40.575,172.675,16.198245474768555,15.712245474768554
7179,7643,265.0,-40.625,172.575,16.227383829867904,14.637383829867904
7180,7644,366.0,-40.625,172.625,16.348366851387254,14.152366851387255
7181,7645,23.0,-40.625,172.675,16.428839250693272,16.29083925069327
7182,7667,77.0,-40.525,172.675,15.96153377295559,15.49953377295559
7183,7670,57.0,-40.525,172.725,15.960981862443077,15.618981862443077
7184,7146,20.0,-40.575,175.225,15.977203717855446,15.857203717855446
7185,7646,20.0,-40.625,175.225,15.753672146289318,15.63367214628932
7186,7672,12.0,-40.525,175.225,16.150060489583666,16.078060489583667
7187,7155,20.0,-40.575,175.275,15.984085636076088,15.864085636076089
7188,7164,24.0,-40.575,175.325,16.02364650204254,15.879646502042538
7189,7281,38.0,-40.575,175.375,16.092838624716023,15.864838624716024
7190,7647,30.0,-40.625,175.275,15.74446298760813,15.564462987608131
7191,7648,53.0,-40.625,175.325,15.776937387321595,15.458937387321596
7192,7649,264.0,-40.625,175.375,15.84753425810959,14.26353425810959
7193,7673,18.0,-40.525,175.275,16.165923629283498,16.057923629283497
7194,7677,3.0,-40.525,175.325,16.20756706719021,16.18956706719021
7195,7682,4.0,-40.525,175.375,16.273325371406827,16.249325371406826
7196,7283,106.0,-40.575,175.425,16.180923866476405,15.544923866476406
7197,7286,312.0,-40.575,175.475,16.26804639657894,14.396046396578939
7198,7297,455.0,-40.575,175.525,16.32487596132978,13.59487596132978
7199,7308,482.0,-40.575,175.575,16.31694052729017,13.424940527290172
7200,7650,261.0,-40.625,175.425,15.944974984717192,14.378974984717193
7201,7651,463.0,-40.625,175.475,16.05037767847898,13.27237767847898
7202,7652,697.0,-40.625,175.525,16.138743176224125,11.956743176224126
7203,7653,470.0,-40.625,175.575,16.183512052110018,13.363512052110018
7204,7687,9.0,-40.525,175.425,16.354722878568282,16.300722878568283
7205,7692,40.0,-40.525,175.475,16.43352435928955,16.19352435928955
7206,7697,455.0,-40.525,175.525,16.477602939949975,13.747602939949974
7207,7702,522.0,-40.525,175.575,16.440281500637866,13.308281500637866
7208,7315,259.0,-40.575,175.625,16.218069287979233,14.664069287979233
7209,7327,199.0,-40.575,175.675,16.0284356609709,14.8344356609709
7210,7335,205.0,-40.575,175.725,15.780810310684501,14.5508103106845
7211,7343,286.0,-40.575,175.775,15.529962423282996,13.813962423282996
7212,7654,241.0,-40.625,175.625,16.165091221957482,14.719091221957482
7213,7655,255.0,-40.625,175.675,16.080333105541285,14.550333105541286
7214,7656,220.0,-40.625,175.725,15.946680281431327,14.626680281431327
7215,7657,174.0,-40.625,175.775,15.797715518199766,14.753715518199765
7216,7707,515.0,-40.525,175.625,16.27823921219715,13.18823921219715
7217,7712,161.0,-40.525,175.675,15.990720900429551,15.024720900429552
7218,7717,199.0,-40.525,175.725,15.631339979906443,14.437339979906444
7219,7722,160.0,-40.525,175.775,15.278631043462156,14.318631043462155
7220,7437,224.0,-40.575,175.825,15.335170715954519,13.991170715954519
7221,7442,299.0,-40.575,175.875,15.234546021196365,13.440546021196365
7222,7465,304.0,-40.575,175.925,15.225397011527093,13.401397011527093
7223,7658,209.0,-40.625,175.825,15.671581149823396,14.417581149823397
7224,7659,121.0,-40.625,175.875,15.595725104172743,14.869725104172744
7225,7660,282.0,-40.625,175.925,15.577411511605533,13.885411511605533
7226,7781,181.0,-40.525,175.825,15.018439154136104,13.932439154136103
7227,7783,135.0,-40.525,175.875,14.911519774151202,14.101519774151202
7228,7785,284.0,-40.525,175.925,14.931581714072308,13.227581714072308
7229,7470,514.0,-40.575,175.975,15.28149882485377,12.19749882485377
7230,7483,570.0,-40.575,176.025,15.377734688643613,11.957734688643614
7231,7490,330.0,-40.575,176.075,15.497671961940796,13.517671961940795
7232,7574,241.0,-40.575,176.125,15.633580778856413,14.187580778856413
7233,7661,280.0,-40.625,175.975,15.60841941419676,13.92841941419676
7234,7662,272.0,-40.625,176.025,15.676132823909938,14.044132823909939
7235,7663,270.0,-40.625,176.075,15.77063687114969,14.15063687114969
7236,7664,289.0,-40.625,176.125,15.88719882553778,14.15319882553778
7237,7786,393.0,-40.525,175.975,15.024619625310152,12.666619625310151
7238,7788,295.0,-40.525,176.025,15.155219447652598,13.385219447652599
7239,7791,693.0,-40.525,176.075,15.30309469480926,11.145094694809261
7240,7793,244.0,-40.525,176.125,15.458564115382615,13.994564115382614
7241,7054,230.0,-40.625,176.175,16.02669847087418,14.646698470874181
7242,7111,107.0,-40.625,176.225,16.19506390965762,15.55306390965762
7243,7114,79.0,-40.625,176.275,16.401083666034538,15.927083666034537
7244,7579,163.0,-40.575,176.175,15.785766010858424,14.807766010858424
7245,7583,85.0,-40.575,176.225,15.962300744748063,15.452300744748063
7246,7589,204.0,-40.575,176.275,16.177841835020445,14.953841835020445
7247,7795,175.0,-40.525,176.175,15.621133216258386,14.571133216258385
7248,7797,215.0,-40.525,176.225,15.799855166458656,14.509855166458657
7249,7800,96.0,-40.525,176.275,16.01553181239251,15.43953181239251
7250,7120,164.0,-40.625,176.325,16.651379687897133,15.667379687897133
7251,7128,41.0,-40.625,176.375,16.944412974551597,16.698412974551598
7252,7595,280.0,-40.575,176.325,16.446613858552155,14.766613858552155
7253,7601,210.0,-40.575,176.375,16.768363265180596,15.508363265180597
7254,7665,156.0,-40.575,176.425,17.12640120876131,16.19040120876131
7255,7802,44.0,-40.525,176.325,16.297650720034653,16.033650720034654
7256,7804,49.0,-40.525,176.375,16.648563803617435,16.354563803617435
7257,7806,91.0,-40.525,176.425,17.037914717786407,16.491914717786408
7258,7809,270.0,-40.525,176.475,17.439105730656593,15.819105730656592
7259,7813,10.0,-40.475,175.225,16.271783846588733,16.211783846588734
7260,7860,9.0,-40.425,175.225,16.344886802518886,16.290886802518887
7261,7340,9.0,-40.375,175.275,16.360889817633506,16.306889817633508
7262,7439,29.0,-40.375,175.325,16.348197834876373,16.174197834876374
7263,7444,40.0,-40.375,175.375,16.337671154493364,16.097671154493366
7264,7807,9.0,-40.325,175.275,16.332819685248978,16.27881968524898
7265,7810,30.0,-40.325,175.325,16.28337030289822,16.10337030289822
7266,7814,28.0,-40.325,175.375,16.22341429566677,16.055414295666772
7267,7817,10.0,-40.475,175.275,16.287423632576065,16.227423632576066
7268,7821,20.0,-40.475,175.325,16.322409995151247,16.202409995151246
7269,7825,11.0,-40.475,175.375,16.37688885334319,16.31088885334319
7270,7861,10.0,-40.425,175.275,16.350041387009696,16.290041387009698
7271,7862,27.0,-40.425,175.325,16.366868610909478,16.20486861090948
7272,7863,30.0,-40.425,175.375,16.39646260030804,16.21646260030804
7273,7462,20.0,-40.375,175.425,16.32714889836552,16.20714889836552
7274,7466,10.0,-40.375,175.475,16.31200103811534,16.252001038115342
7275,7480,15.0,-40.375,175.525,16.284890774879386,16.194890774879386
7276,7487,22.0,-40.375,175.575,16.23159170592953,16.09959170592953
7277,7818,18.0,-40.325,175.425,16.14730455294375,16.03930455294375
7278,7822,19.0,-40.325,175.475,16.043986677977955,15.929986677977954
7279,7826,18.0,-40.325,175.525,15.892915474676556,15.784915474676556
7280,7829,10.0,-40.475,175.425,16.446221590710593,16.386221590710594
7281,7830,24.0,-40.325,175.575,15.656396596848936,15.512396596848935
7282,7833,10.0,-40.475,175.475,16.517950363466298,16.4579503634663
7283,7837,47.0,-40.475,175.525,16.564163409703724,16.282163409703724
7284,7838,377.0,-40.475,175.575,16.526860811619372,14.264860811619371
7285,7864,12.0,-40.425,175.425,16.4373059444888,16.3653059444888
7286,7865,10.0,-40.425,175.475,16.484266557462433,16.424266557462435
7287,7866,14.0,-40.425,175.525,16.52410927386518,16.44010927386518
7288,7867,49.0,-40.425,175.575,16.51191206119347,16.21791206119347
7289,7573,37.0,-40.375,175.625,16.0171413996095,15.7951413996095
7290,7587,99.0,-40.375,175.675,15.572849739673075,14.978849739673075
7291,7593,337.0,-40.375,175.725,15.164213937372551,13.142213937372551
7292,7599,354.0,-40.375,175.775,14.836621881996507,12.712621881996506
7293,7834,43.0,-40.325,175.625,15.357227755844178,15.09922775584418
7294,7839,403.0,-40.475,175.625,16.32487747668347,13.90687747668347
7295,7840,471.0,-40.475,175.675,15.94928485809578,13.12328485809578
7296,7841,177.0,-40.475,175.725,15.496154787068917,14.434154787068918
7297,7842,171.0,-40.475,175.775,15.065029090959797,14.039029090959797
7298,7868,94.0,-40.425,175.625,16.2997511320591,15.7357511320591
7299,7869,241.0,-40.425,175.675,15.846459910164413,14.400459910164413
7300,7870,353.0,-40.425,175.725,15.354559562400027,13.236559562400027
7301,7871,173.0,-40.425,175.775,14.926432790167382,13.888432790167382
7302,7920,52.0,-40.325,175.675,15.157432448007967,14.845432448007967
7303,7925,49.0,-40.325,175.725,14.942080228269333,14.648080228269333
7304,7927,250.0,-40.325,175.775,14.762878159226602,13.262878159226602
7305,7043,158.0,-40.425,175.825,14.638398905040049,13.690398905040048
7306,7121,95.0,-40.425,175.875,14.572072481434589,14.002072481434588
7307,7130,121.0,-40.425,175.925,14.657945377372926,13.931945377372926
7308,7605,75.0,-40.375,175.825,14.63813023333114,14.18813023333114
7309,7671,79.0,-40.375,175.875,14.601996021086052,14.127996021086052
7310,7674,215.0,-40.375,175.925,14.700299680363969,13.41029968036397
7311,7843,136.0,-40.475,175.825,14.749887947564275,13.933887947564275
7312,7844,140.0,-40.475,175.875,14.66814515014994,13.82814515014994
7313,7845,168.0,-40.475,175.925,14.731921198830605,13.723921198830606
7314,7929,138.0,-40.325,175.825,14.670850933982365,13.842850933982366
7315,7930,101.0,-40.325,175.875,14.692549043058534,14.086549043058534
7316,7932,117.0,-40.325,175.925,14.819548727408801,14.117548727408801
7317,7139,225.0,-40.425,175.975,14.818124585294754,13.468124585294754
7318,7148,336.0,-40.425,176.025,15.011333286296576,12.995333286296576
7319,7157,688.0,-40.425,176.075,15.212198493514734,11.084198493514734
7320,7166,464.0,-40.425,176.125,15.406889858400973,12.622889858400974
7321,7678,146.0,-40.375,175.975,14.879152449577305,14.003152449577305
7322,7683,266.0,-40.375,176.025,15.095577153959312,13.499577153959311
7323,7688,379.0,-40.375,176.075,15.319371073382172,13.04537107338217
7324,7693,425.0,-40.375,176.125,15.532555594963924,12.982555594963923
7325,7846,509.0,-40.475,175.975,14.864519142074641,11.810519142074641
7326,7847,454.0,-40.475,176.025,15.02943280161162,12.30543280161162
7327,7848,352.0,-40.475,176.075,15.205040757835377,13.093040757835377
7328,7849,423.0,-40.475,176.125,15.380155152502084,12.842155152502084
7329,7933,143.0,-40.325,175.975,15.020760079383763,14.162760079383762
7330,7935,122.0,-40.325,176.025,15.260814510928867,14.528814510928868
7331,7936,254.0,-40.325,176.075,15.507449173758687,13.983449173758686
7332,7938,413.0,-40.325,176.125,15.7366485475859,13.258648547585901
7333,7265,317.0,-40.425,176.175,15.593360846521136,13.691360846521137
7334,7278,140.0,-40.425,176.225,15.782002517829824,14.942002517829824
7335,7285,186.0,-40.425,176.275,15.997787750095085,14.881787750095086
7336,7698,575.0,-40.375,176.175,15.732447588854484,12.282447588854485
7337,7703,461.0,-40.375,176.225,15.93271121064845,13.16671121064845
7338,7708,160.0,-40.375,176.275,16.159896770494015,15.199896770494014
7339,7850,181.0,-40.475,176.175,15.55330378839335,14.46730378839335
7340,7851,180.0,-40.475,176.225,15.733055451657492,14.653055451657492
7341,7852,103.0,-40.475,176.275,15.9407039529533,15.3227039529533
7342,7940,231.0,-40.325,176.175,15.94392839243119,14.55792839243119
7343,7942,318.0,-40.325,176.225,16.146991608748067,14.238991608748067
7344,7944,246.0,-40.325,176.275,16.37219756638933,14.896197566389333
7345,7290,147.0,-40.425,176.325,16.287301690077584,15.405301690077584
7346,7294,248.0,-40.425,176.375,16.658120681282526,15.170120681282526
7347,7310,399.0,-40.425,176.425,17.066553099055454,14.672553099055454
7348,7318,102.0,-40.425,176.475,17.485529764395324,16.873529764395325
7349,7713,235.0,-40.375,176.325,16.443168097734087,15.033168097734087
7350,7718,363.0,-40.375,176.375,16.78838170369363,14.61038170369363
7351,7723,182.0,-40.375,176.425,17.174695882383276,16.082695882383277
7352,7799,200.0,-40.375,176.475,17.57841087975885,16.37841087975885
7353,7853,41.0,-40.475,176.325,16.22882466405099,15.98282466405099
7354,7854,121.0,-40.475,176.375,16.605846754990125,15.879846754990126
7355,7855,114.0,-40.475,176.425,17.01645209754315,16.33245209754315
7356,7856,277.0,-40.475,176.475,17.434758604116723,15.772758604116724
7357,7946,340.0,-40.325,176.325,16.640702740499364,14.600702740499365
7358,7948,317.0,-40.325,176.375,16.95808902265344,15.05608902265344
7359,7949,144.0,-40.325,176.425,17.314032226703603,16.450032226703602
7360,7950,108.0,-40.325,176.475,17.691368269317536,17.043368269317536
7361,7325,81.0,-40.425,176.525,17.895881392067167,17.409881392067167
7362,7332,117.0,-40.425,176.575,18.280186674752258,17.57818667475226
7363,7801,197.0,-40.375,176.525,17.979378067359903,16.797378067359904
7364,7803,114.0,-40.375,176.575,18.35807198150269,17.67407198150269
7365,7805,222.0,-40.375,176.625,18.69262182588045,17.36062182588045
7366,7857,128.0,-40.475,176.525,17.842767055324657,17.074767055324656
7367,7858,127.0,-40.475,176.575,18.225181373734813,17.463181373734812
7368,7859,185.0,-40.475,176.625,18.568909822124624,17.458909822124625
7369,7951,181.0,-40.325,176.525,18.07199757048329,16.985997570483292
7370,7952,131.0,-40.325,176.575,18.43689416653615,17.650894166536148
7371,7953,48.0,-40.325,176.625,18.76180010844837,18.47380010844837
7372,7132,20.0,-40.225,175.225,16.32018316733138,16.200183167331378
7373,7681,20.0,-40.175,175.225,16.289284307594244,16.169284307594243
7374,7890,4.0,-40.125,175.175,16.371880171040175,16.347880171040174
7375,7921,40.0,-40.125,175.225,16.264447394287345,16.024447394287346
7376,7954,9.0,-40.275,175.225,16.35148662915344,16.297486629153443
7377,7141,15.0,-40.225,175.275,16.224546968678624,16.134546968678624
7378,7150,25.0,-40.225,175.325,16.105957422363645,15.955957422363644
7379,7159,35.0,-40.225,175.375,15.961896512492785,15.751896512492785
7380,7686,44.0,-40.175,175.275,16.171988470227006,15.907988470227007
7381,7691,73.0,-40.175,175.325,16.03002821687278,15.592028216872778
7382,7696,54.0,-40.175,175.375,15.863480021049327,15.539480021049327
7383,7922,78.0,-40.125,175.275,16.13072628700411,15.662726287004109
7384,7923,120.0,-40.125,175.325,15.973746425127501,15.2537464251275
7385,7924,120.0,-40.125,175.375,15.796653830786454,15.076653830786453
7386,7955,6.0,-40.275,175.275,16.28210546608898,16.246105466088977
7387,7956,30.0,-40.275,175.325,16.19534897111589,16.01534897111589
7388,7957,31.0,-40.275,175.375,16.087802026915597,15.901802026915597
7389,7168,51.0,-40.225,175.425,15.78789860865436,15.48189860865436
7390,7263,118.0,-40.225,175.475,15.579117336130366,14.871117336130366
7391,7269,80.0,-40.225,175.525,15.336765482669762,14.856765482669761
7392,7272,75.0,-40.225,175.575,15.085103575869653,14.635103575869653
7393,7701,81.0,-40.175,175.425,15.672522558686069,15.186522558686068
7394,7706,113.0,-40.175,175.475,15.460077870268833,14.782077870268832
7395,7711,110.0,-40.175,175.525,15.237261364867663,14.577261364867663
7396,7716,160.0,-40.175,175.575,15.029908125611655,14.069908125611654
7397,7926,100.0,-40.125,175.425,15.603845298308443,15.003845298308443
7398,7928,121.0,-40.125,175.475,15.403115897704993,14.677115897704994
7399,7931,152.0,-40.125,175.525,15.208439250327501,14.296439250327502
7400,7934,180.0,-40.125,175.575,15.041039541246391,13.961039541246391
7401,7958,31.0,-40.275,175.425,15.95234968958539,15.76634968958539
7402,7959,60.0,-40.275,175.475,15.777106769314742,15.417106769314742
7403,7960,40.0,-40.275,175.525,15.546419894784776,15.306419894784776
7404,7961,47.0,-40.275,175.575,15.25826513899301,14.97626513899301
7405,7274,92.0,-40.225,175.625,14.88479271637516,14.33279271637516
7406,7291,133.0,-40.225,175.675,14.777627004185888,13.979627004185888
7407,7312,180.0,-40.225,175.725,14.741550154405559,13.661550154405559
7408,7321,99.0,-40.225,175.775,14.756959494293369,14.16295949429337
7409,7721,129.0,-40.175,175.625,14.874755890346023,14.100755890346022
7410,7780,160.0,-40.175,175.675,14.79546885200125,13.835468852001249
7411,7782,220.0,-40.175,175.725,14.78900485192662,13.46900485192662
7412,7784,262.0,-40.175,175.775,14.8441417437989,13.272141743798901
7413,7937,213.0,-40.125,175.625,14.924451829612735,13.646451829612735
7414,7939,201.0,-40.125,175.675,14.87400352232271,13.66800352232271
7415,7941,231.0,-40.125,175.725,14.891548252202483,13.505548252202484
7416,7943,280.0,-40.125,175.775,14.97123110170378,13.29123110170378
7417,7962,55.0,-40.275,175.625,15.00186746142208,14.67186746142208
7418,7963,108.0,-40.275,175.675,14.872496315831995,14.224496315831995
7419,7964,118.0,-40.275,175.725,14.785058359586401,14.0770583595864
7420,7965,81.0,-40.275,175.775,14.728508236205926,14.242508236205925
7421,7331,389.0,-40.225,175.825,14.827978125452319,12.493978125452319
7422,7339,848.0,-40.225,175.875,14.962783415450758,9.874783415450757
7423,7432,368.0,-40.225,175.925,15.161157092094072,12.953157092094072
7424,7787,155.0,-40.175,175.825,14.956144681880687,14.026144681880687
7425,7789,404.0,-40.175,175.875,15.124038194337118,12.700038194337118
7426,7792,1022.0,-40.175,175.925,15.344168920521952,9.21216892052195
7427,7945,218.0,-40.125,175.825,15.10668616345447,13.79868616345447
7428,7947,204.0,-40.125,175.875,15.292409186302393,14.068409186302393
7429,7966,396.0,-40.275,175.825,14.732137866116318,12.356137866116319
7430,7967,261.0,-40.275,175.875,14.816359656911118,13.250359656911119
7431,7968,228.0,-40.275,175.925,14.981062681628828,13.613062681628827
7432,7982,384.0,-40.125,175.925,15.52155098215735,13.21755098215735
7433,7434,253.0,-40.225,175.975,15.412496718086004,13.894496718086003
7434,7438,215.0,-40.225,176.025,15.69823469336552,14.408234693365522
7435,7445,201.0,-40.225,176.075,15.992213493904273,14.786213493904274
7436,7464,196.0,-40.225,176.125,16.2454925293232,15.0694925293232
7437,7794,465.0,-40.175,175.975,15.607056107070093,12.817056107070094
7438,7796,302.0,-40.175,176.025,15.896693971994864,14.084693971994865
7439,7812,281.0,-40.175,176.075,16.188315105613583,14.502315105613583
7440,7816,249.0,-40.175,176.125,16.439486648295315,14.945486648295315
7441,7969,188.0,-40.275,175.975,15.209185440358851,14.081185440358851
7442,7970,153.0,-40.275,176.025,15.474724049387078,14.556724049387078
7443,7971,202.0,-40.275,176.075,15.74611755209935,14.53411755209935
7444,7972,216.0,-40.275,176.125,15.988375842230198,14.692375842230199
7445,7983,993.0,-40.125,175.975,15.783612970355534,9.825612970355536
7446,7984,568.0,-40.125,176.025,16.06282550314063,12.65482550314063
7447,7985,452.0,-40.125,176.075,16.336774148652694,13.624774148652694
7448,7986,318.0,-40.125,176.125,16.580055312232616,14.672055312232617
7449,7468,219.0,-40.225,176.175,16.4357334503311,15.1217334503311
7450,7477,253.0,-40.225,176.225,16.61713030696501,15.099130306965009
7451,7482,275.0,-40.225,176.275,16.815172525820344,15.165172525820344
7452,7820,319.0,-40.175,176.175,16.634290978415265,14.720290978415266
7453,7824,357.0,-40.175,176.225,16.81335155348097,14.67135155348097
7454,7828,450.0,-40.175,176.275,17.00175105377639,14.301751053776389
7455,7973,325.0,-40.275,176.175,16.19236070930765,14.24236070930765
7456,7974,189.0,-40.275,176.225,16.38665193268025,15.252651932680251
7457,7975,344.0,-40.275,176.275,16.599534703967038,14.535534703967038
7458,7987,350.0,-40.125,176.175,16.785201587637857,14.685201587637858
7459,7988,317.0,-40.125,176.225,16.969922245853923,15.067922245853923
7460,7989,241.0,-40.125,176.275,17.154323954227948,15.708323954227948
7461,7489,360.0,-40.225,176.325,17.042327817057412,14.882327817057412
7462,7570,320.0,-40.225,176.375,17.301692471191927,15.381692471191927
7463,7575,249.0,-40.225,176.425,17.588540614709927,16.094540614709928
7464,7584,216.0,-40.225,176.475,17.892666808906142,16.596666808906143
7465,7832,427.0,-40.175,176.325,17.21111002528778,14.649110025287781
7466,7836,358.0,-40.175,176.375,17.44401203104735,15.29601203104735
7467,7872,183.0,-40.175,176.425,17.696416012253394,16.598416012253395
7468,7874,179.0,-40.175,176.475,17.959640140379634,16.885640140379632
7469,7976,315.0,-40.275,176.325,16.847804718002408,14.957804718002407
7470,7977,459.0,-40.275,176.375,17.13605578298484,14.38205578298484
7471,7978,332.0,-40.275,176.425,17.4581344051594,15.4661344051594
7472,7979,122.0,-40.275,176.475,17.801418695045868,17.06941869504587
7473,7990,331.0,-40.125,176.325,17.350482873825968,15.364482873825967
7474,7991,547.0,-40.125,176.375,17.56059447404732,14.27859447404732
7475,7992,223.0,-40.125,176.425,17.78118726897992,16.44318726897992
7476,7993,183.0,-40.125,176.475,18.00513700373358,16.90713700373358
7477,7109,180.0,-40.275,176.625,18.791271760513155,17.711271760513156
7478,7590,76.0,-40.225,176.525,18.20031055608797,17.74431055608797
7479,7596,65.0,-40.225,176.575,18.49433124362531,18.10433124362531
7480,7602,48.0,-40.225,176.625,18.751543218812913,18.463543218812912
7481,7876,105.0,-40.175,176.525,18.221433509233975,17.591433509233976
7482,7878,61.0,-40.175,176.575,18.466245914917636,18.100245914917636
7483,7880,60.0,-40.175,176.625,18.675509239007624,18.315509239007625
7484,7980,59.0,-40.275,176.525,18.150474988688984,17.796474988688985
7485,7981,55.0,-40.275,176.575,18.48787068850197,18.157870688501973
7486,7994,120.0,-40.125,176.525,18.222278263931003,17.502278263931004
7487,7995,249.0,-40.125,176.575,18.420233840312903,16.926233840312904
7488,7996,207.0,-40.125,176.625,18.586156235982344,17.344156235982343
7489,7123,7.0,-40.275,176.675,19.01488382612115,18.972883826121148
7490,7668,89.0,-40.225,176.675,18.94158749309736,18.40758749309736
7491,7676,40.0,-40.225,176.725,19.05802381799458,18.818023817994582
7492,7882,98.0,-40.175,176.675,18.83239457629861,18.24439457629861
7493,7884,121.0,-40.175,176.725,18.934266397601277,18.208266397601278
7494,7886,100.0,-40.175,176.775,18.994886785091694,18.394886785091693
7495,7888,95.0,-40.175,176.825,19.031625687754058,18.461625687754058
7496,7997,220.0,-40.125,176.675,18.71076017978612,17.39076017978612
7497,7998,180.0,-40.125,176.725,18.793510556203728,17.71351055620373
7498,7999,193.0,-40.125,176.775,18.84321901443036,17.68521901443036
7499,8000,72.0,-40.125,176.825,18.872968004889117,18.44096800488912
7500,7053,40.0,-40.075,175.175,16.367829918444386,16.127829918444387
7501,7110,40.0,-40.075,175.225,16.247417900287473,16.007417900287475
7502,7196,20.0,-40.025,175.125,16.46908187276722,16.34908187276722
7503,7197,83.0,-40.025,175.175,16.36782927890863,15.86982927890863
7504,7198,32.0,-40.025,175.225,16.236538756518257,16.044538756518257
7505,7232,46.0,-39.975,175.075,16.553857308708302,16.277857308708302
7506,7233,80.0,-39.975,175.125,16.479949848791875,15.999949848791875
7507,7234,110.0,-39.975,175.175,16.368081237932984,15.708081237932983
7508,7235,38.0,-39.975,175.225,16.22774780667396,15.99974780667396
7509,7113,89.0,-40.075,175.275,16.10181014923728,15.56781014923728
7510,7118,140.0,-40.075,175.325,15.936298824070036,15.096298824070036
7511,7125,148.0,-40.075,175.375,15.756707321964768,14.868707321964768
7512,7199,65.0,-40.025,175.275,16.082390901615327,15.692390901615326
7513,7200,175.0,-40.025,175.325,15.912574645050427,14.862574645050426
7514,7201,208.0,-40.025,175.375,15.734903997109996,14.486903997109996
7515,7236,60.0,-39.975,175.275,16.06737440431425,15.707374404314251
7516,7237,80.0,-39.975,175.325,15.895553648966597,15.415553648966597
7517,7238,174.0,-39.975,175.375,15.721518354931504,14.677518354931504
7518,7134,159.0,-40.075,175.425,15.57034579305946,14.616345793059459
7519,7143,86.0,-40.075,175.475,15.387257902587862,14.871257902587862
7520,7152,194.0,-40.075,175.525,15.221143056962319,14.05714305696232
7521,7161,236.0,-40.075,175.575,15.088621397729185,13.672621397729184
7522,7202,210.0,-40.025,175.425,15.558448131835576,14.298448131835576
7523,7203,159.0,-40.025,175.475,15.394033268264138,14.440033268264138
7524,7204,100.0,-40.025,175.525,15.254199910674288,14.654199910674288
7525,7205,294.0,-40.025,175.575,15.15204689238999,13.38804689238999
7526,7239,310.0,-39.975,175.425,15.555401348234227,13.695401348234228
7527,7240,305.0,-39.975,175.475,15.408237924250898,13.578237924250898
7528,7241,220.0,-39.975,175.525,15.291467758770523,13.971467758770522
7529,7242,218.0,-39.975,175.575,15.215735202059477,13.907735202059477
7530,7170,276.0,-40.075,175.625,15.005674142952557,13.349674142952557
7531,7171,321.0,-40.075,175.675,14.98261322201779,13.05661322201779
7532,7172,360.0,-40.075,175.725,15.02164668446585,12.86164668446585
7533,7173,421.0,-40.075,175.775,15.118890294601442,12.592890294601442
7534,7206,351.0,-40.025,175.625,15.098821967027106,12.992821967027107
7535,7207,378.0,-40.025,175.675,15.10124187430256,12.833241874302558
7536,7208,350.0,-40.025,175.725,15.160252220960501,13.060252220960502
7537,7209,430.0,-40.025,175.775,15.271948024644189,12.691948024644189
7538,7243,151.0,-39.975,175.625,15.18912941950066,14.283129419500659
7539,7244,322.0,-39.975,175.675,15.215529980356678,13.283529980356677
7540,7245,405.0,-39.975,175.725,15.293950017974112,12.863950017974112
7541,7246,373.0,-39.975,175.775,15.419285572287208,13.181285572287209
7542,7174,421.0,-40.075,175.825,15.267858844561488,12.741858844561488
7543,7175,221.0,-40.075,175.875,15.461169883499679,14.135169883499678
7544,7176,353.0,-40.075,175.925,15.690189910876143,13.572189910876142
7545,7210,300.0,-40.025,175.825,15.4295716954839,13.6295716954839
7546,7211,508.0,-40.025,175.875,15.625013586055502,12.577013586055502
7547,7212,437.0,-40.025,175.925,15.849188964219138,13.227188964219138
7548,7247,491.0,-39.975,175.825,15.583981266279352,12.637981266279352
7549,7248,459.0,-39.975,175.875,15.779589909563128,13.025589909563129
7550,7249,499.0,-39.975,175.925,15.997477191398048,13.003477191398048
7551,7177,693.0,-40.075,175.975,15.943879398581885,11.785879398581885
7552,7178,909.0,-40.075,176.025,16.20788610822092,10.753886108220918
7553,7179,609.0,-40.075,176.075,16.465081991386796,12.811081991386796
7554,7180,460.0,-40.075,176.125,16.700163368544054,13.940163368544054
7555,7213,428.0,-40.025,175.975,16.091686362140535,13.523686362140536
7556,7214,1179.0,-40.025,176.025,16.34055998646363,9.266559986463633
7557,7215,957.0,-40.025,176.075,16.58333065021452,10.84133065021452
7558,7216,731.0,-40.025,176.125,16.809975471550388,12.423975471550389
7559,7250,520.0,-39.975,175.975,16.228742556136694,13.108742556136693
7560,7251,803.0,-39.975,176.025,16.464108922924424,11.646108922924425
7561,7252,1402.0,-39.975,176.075,16.69459394144951,8.282593941449512
7562,7253,779.0,-39.975,176.125,16.913157022611813,12.239157022611813
7563,7181,386.0,-40.075,176.175,16.90824299992437,14.59224299992437
7564,7182,364.0,-40.075,176.225,17.096954292424016,14.912954292424015
7565,7183,304.0,-40.075,176.275,17.27887044419549,15.45487044419549
7566,7217,470.0,-40.025,176.175,17.01663731544886,14.19663731544886
7567,7218,393.0,-40.025,176.225,17.2064264106275,14.8484264106275
7568,7219,318.0,-40.025,176.275,17.38637406270209,15.47837406270209
7569,7254,573.0,-39.975,176.175,17.11642602771917,13.678426027719171
7570,7255,398.0,-39.975,176.225,17.30502241341219,14.91702241341219
7571,7256,322.0,-39.975,176.275,17.481950101570874,15.549950101570873
7572,7184,305.0,-40.075,176.325,17.46492503722584,15.63492503722584
7573,7185,319.0,-40.075,176.375,17.655468551694867,15.741468551694867
7574,7186,285.0,-40.075,176.425,17.84775935345351,16.13775935345351
7575,7187,160.0,-40.075,176.475,18.036239456335352,17.07623945633535
7576,7220,255.0,-40.025,176.325,17.56252813627816,16.03252813627816
7577,7221,218.0,-40.025,176.375,17.73576964016138,16.42776964016138
7578,7222,184.0,-40.025,176.425,17.903601855379748,16.79960185537975
7579,7223,221.0,-40.025,176.475,18.061484429895245,16.735484429895244
7580,7257,255.0,-39.975,176.325,17.649828485404214,16.119828485404213
7581,7258,208.0,-39.975,176.375,17.808809544198994,16.560809544198992
7582,7259,172.0,-39.975,176.425,17.956630510384457,16.924630510384457
7583,7260,150.0,-39.975,176.475,18.089434760033328,17.18943476003333
7584,7042,156.0,-39.975,176.525,18.202578816702044,17.266578816702044
7585,7119,136.0,-39.975,176.575,18.291692466465065,17.475692466465066
7586,7127,136.0,-39.975,176.625,18.354027796964147,17.538027796964148
7587,7188,181.0,-40.075,176.525,18.213035040444083,17.127035040444085
7588,7189,182.0,-40.075,176.575,18.369134282551386,17.277134282551387
7589,7190,293.0,-40.075,176.625,18.496288172111235,16.738288172111236
7590,7224,126.0,-40.025,176.525,18.203444592764754,17.447444592764754
7591,7225,139.0,-40.025,176.575,18.323211605130382,17.489211605130382
7592,7226,181.0,-40.025,176.625,18.415840444930836,17.329840444930838
7593,7136,191.0,-39.975,176.675,18.38984586465449,17.24384586465449
7594,7145,141.0,-39.975,176.725,18.403358424935504,17.557358424935504
7595,7154,177.0,-39.975,176.775,18.402703361321983,17.34070336132198
7596,7163,180.0,-39.975,176.825,18.3987329653728,17.318732965372803
7597,7191,180.0,-40.075,176.675,18.589733849238655,17.509733849238657
7598,7192,200.0,-40.075,176.725,18.650640831176133,17.450640831176134
7599,7193,245.0,-40.075,176.775,18.686240868897585,17.216240868897586
7600,7194,168.0,-40.075,176.825,18.70733177817874,17.699331778178742
7601,7227,157.0,-40.025,176.675,18.479560215040692,17.537560215040692
7602,7228,160.0,-40.025,176.725,18.517123400320997,17.557123400320997
7603,7229,275.0,-40.025,176.775,18.53577931594009,16.88577931594009
7604,7230,164.0,-40.025,176.825,18.545709342513874,17.561709342513875
7605,7195,135.0,-40.075,176.875,18.72512691285192,17.91512691285192
7606,7231,158.0,-40.025,176.875,18.557683641983203,17.609683641983203
7607,7266,215.0,-39.975,176.875,18.402874204300133,17.112874204300134
7608,7509,20.0,-39.775,174.525,15.017381687741135,14.897381687741136
7609,7510,70.0,-39.775,174.575,15.299903317982853,14.879903317982853
7610,7511,60.0,-39.775,174.625,15.559097724953745,15.199097724953745
7611,7512,79.0,-39.775,174.675,15.7922080942908,15.3182080942908
7612,7771,20.0,-39.825,174.625,15.519508655578647,15.399508655578648
7613,7772,37.0,-39.825,174.675,15.75546662268789,15.533466622687891
7614,7513,20.0,-39.775,174.725,15.997539543915991,15.877539543915992
7615,7514,42.0,-39.775,174.775,16.17388695491036,15.921886954910358
7616,7515,173.0,-39.775,174.825,16.32008468465574,15.28208468465574
7617,7516,243.0,-39.775,174.875,16.434634249609644,14.976634249609644
7618,7728,39.0,-39.875,174.875,16.41907345687332,16.18507345687332
7619,7773,20.0,-39.825,174.725,15.966267056557172,15.846267056557172
7620,7774,86.0,-39.825,174.775,16.149925178474405,15.633925178474405
7621,7775,99.0,-39.825,174.825,16.304625964771276,15.710625964771276
7622,7776,122.0,-39.825,174.875,16.428337604395438,15.696337604395438
7623,7267,36.0,-39.925,174.975,16.570764291727755,16.354764291727754
7624,7268,21.0,-39.925,175.025,16.595643979879696,16.469643979879695
7625,7517,280.0,-39.775,174.925,16.515358781329724,14.835358781329724
7626,7518,221.0,-39.775,174.975,16.559090238801218,15.233090238801218
7627,7519,334.0,-39.775,175.025,16.561604748466834,14.557604748466835
7628,7729,37.0,-39.875,174.925,16.515754115613163,16.29375411561316
7629,7730,118.0,-39.875,174.975,16.575800157645972,15.867800157645972
7630,7731,142.0,-39.875,175.025,16.59297675193102,15.740976751931019
7631,7777,143.0,-39.825,174.925,16.51837694543974,15.66037694543974
7632,7778,80.0,-39.825,174.975,16.570853884034022,16.090853884034022
7633,7779,122.0,-39.825,175.025,16.580292236686546,15.848292236686547
7634,7107,136.0,-39.825,175.075,16.541388170146092,15.725388170146092
7635,7129,177.0,-39.825,175.125,16.4541928227859,15.3921928227859
7636,7138,158.0,-39.825,175.175,16.32625565894068,15.378255658940681
7637,7147,139.0,-39.825,175.225,16.169328879199384,15.335328879199384
7638,7270,39.0,-39.925,175.075,16.565969340364518,16.331969340364516
7639,7271,26.0,-39.925,175.125,16.483195393264396,16.327195393264397
7640,7273,157.0,-39.925,175.175,16.363282047382654,15.421282047382654
7641,7277,206.0,-39.925,175.225,16.21607190570421,14.98007190570421
7642,7520,68.0,-39.775,175.075,16.51834811647882,16.110348116478818
7643,7521,137.0,-39.775,175.125,16.427124150349755,15.605124150349756
7644,7522,165.0,-39.775,175.175,16.293598811043466,15.303598811043466
7645,7523,126.0,-39.775,175.225,16.130657319993816,15.374657319993815
7646,7732,141.0,-39.875,175.075,16.558644934968925,15.712644934968925
7647,7733,76.0,-39.875,175.125,16.47381496761409,16.01781496761409
7648,7734,228.0,-39.875,175.175,16.349576378092024,14.981576378092024
7649,7735,122.0,-39.875,175.225,16.197389937418848,15.465389937418848
7650,7156,92.0,-39.825,175.275,15.996048549769966,15.444048549769967
7651,7165,337.0,-39.825,175.325,15.81878403330893,13.79678403330893
7652,7261,187.0,-39.825,175.375,15.649734442420595,14.527734442420595
7653,7292,40.0,-39.925,175.275,16.051046494895672,15.811046494895672
7654,7313,60.0,-39.925,175.325,15.878059888847929,15.51805988884793
7655,7319,167.0,-39.925,175.375,15.70749396424435,14.705493964244349
7656,7524,244.0,-39.775,175.275,15.951955247503065,14.487955247503065
7657,7525,157.0,-39.775,175.325,15.77020698094475,14.82820698094475
7658,7526,181.0,-39.775,175.375,15.597814721059876,14.511814721059876
7659,7736,119.0,-39.875,175.275,16.028433428852622,15.314433428852622
7660,7737,232.0,-39.875,175.325,15.853945475399541,14.461945475399542
7661,7738,116.0,-39.875,175.375,15.685351130573963,14.989351130573963
7662,7276,250.0,-39.825,175.425,15.50114011623009,14.00114011623009
7663,7298,224.0,-39.825,175.475,15.385113716124579,14.04111371612458
7664,7300,294.0,-39.825,175.525,15.312908494360727,13.548908494360727
7665,7301,358.0,-39.825,175.575,15.293581994978467,13.145581994978468
7666,7322,240.0,-39.925,175.425,15.550263418607756,14.110263418607756
7667,7333,205.0,-39.925,175.475,15.417560464761209,14.187560464761209
7668,7341,318.0,-39.925,175.525,15.320158666786938,13.412158666786938
7669,7433,314.0,-39.925,175.575,15.267211002866134,13.383211002866133
7670,7527,420.0,-39.775,175.425,15.447393955917732,12.927393955917733
7671,7528,547.0,-39.775,175.475,15.331780624540897,12.049780624540897
7672,7529,214.0,-39.775,175.525,15.26337198903525,13.979371989035249
7673,7530,371.0,-39.775,175.575,15.252694889456961,13.026694889456962
7674,7739,131.0,-39.875,175.425,15.534275458205684,14.748275458205685
7675,7740,153.0,-39.875,175.475,15.412256044196056,14.494256044196057
7676,7741,206.0,-39.875,175.525,15.32998956180927,14.09398956180927
7677,7742,357.0,-39.875,175.575,15.296084014463759,13.15408401446376
7678,7303,483.0,-39.825,175.625,15.332173981926644,12.434173981926644
7679,7305,440.0,-39.825,175.675,15.4277435389331,12.7877435389331
7680,7307,348.0,-39.825,175.725,15.57196865412243,13.483968654122428
7681,7314,421.0,-39.825,175.775,15.749802177259426,13.223802177259426
7682,7435,281.0,-39.925,175.625,15.264738475400918,13.578738475400918
7683,7440,312.0,-39.925,175.675,15.314321152280172,13.442321152280172
7684,7443,327.0,-39.925,175.725,15.412669324529816,13.450669324529816
7685,7471,373.0,-39.925,175.775,15.552551406097336,13.314551406097337
7686,7531,436.0,-39.775,175.625,15.306220783295885,12.690220783295885
7687,7532,625.0,-39.775,175.675,15.423658149209587,11.673658149209587
7688,7533,551.0,-39.775,175.725,15.595180513234482,12.289180513234482
7689,7534,586.0,-39.775,175.775,15.799810727934073,12.283810727934073
7690,7743,317.0,-39.875,175.625,15.315495839068262,13.413495839068263
7691,7744,200.0,-39.875,175.675,15.38808977212193,14.18808977212193
7692,7745,318.0,-39.875,175.725,15.508030041798975,13.600030041798975
7693,7746,344.0,-39.875,175.775,15.664888478297598,13.600888478297598
7694,7328,591.0,-39.825,175.825,15.94450898096693,12.39850898096693
7695,7334,349.0,-39.825,175.875,16.145528499469947,14.051528499469947
7696,7342,569.0,-39.825,175.925,16.350175424738154,12.936175424738154
7697,7479,469.0,-39.925,175.825,15.72488100862256,12.91088100862256
7698,7486,510.0,-39.925,175.875,15.920862801443946,12.860862801443947
7699,7535,347.0,-39.775,175.825,16.011178602318978,13.929178602318977
7700,7536,457.0,-39.775,175.875,16.216677947903918,13.474677947903917
7701,7537,460.0,-39.775,175.925,16.420468687594166,13.660468687594166
7702,7572,564.0,-39.925,175.925,16.132916735409253,12.748916735409253
7703,7747,422.0,-39.875,175.825,15.846869589106973,13.314869589106973
7704,7748,509.0,-39.875,175.875,16.04455621824127,12.990556218241268
7705,7749,509.0,-39.875,175.925,16.252101888523157,13.198101888523157
7706,7441,687.0,-39.825,175.975,16.558300613433858,12.436300613433858
7707,7467,642.0,-39.825,176.025,16.76852052543245,12.91652052543245
7708,7484,1485.0,-39.825,176.075,16.97793473449883,8.06793473449883
7709,7491,1264.0,-39.825,176.125,17.18305152956873,9.59905152956873
7710,7538,637.0,-39.775,175.975,16.62717189061368,12.805171890613682
7711,7539,633.0,-39.775,176.025,16.836988449856563,13.038988449856562
7712,7540,1415.0,-39.775,176.075,17.047463789867834,8.557463789867834
7713,7541,1022.0,-39.775,176.125,17.25520400667483,11.123204006674829
7714,7576,692.0,-39.925,175.975,16.354272482338274,12.202272482338273
7715,7586,1216.0,-39.925,176.025,16.578335322841212,9.282335322841213
7716,7592,1016.0,-39.925,176.075,16.798779685763748,10.702779685763748
7717,7598,1020.0,-39.925,176.125,17.010397331839613,10.890397331839614
7718,7750,607.0,-39.875,175.975,16.465545032205682,12.823545032205683
7719,7751,1201.0,-39.875,176.025,16.680973960573283,9.474973960573283
7720,7752,1431.0,-39.875,176.075,16.894108485346806,8.308108485346805
7721,7753,1432.0,-39.875,176.125,17.100879542266284,8.508879542266284
7722,7492,717.0,-39.825,176.175,17.380600927522664,13.078600927522665
7723,7493,589.0,-39.825,176.225,17.567868096686198,14.033868096686199
7724,7494,505.0,-39.825,176.275,17.742559003621864,14.712559003621864
7725,7542,1200.0,-39.775,176.175,17.45679864146723,10.256798641467231
7726,7543,493.0,-39.775,176.225,17.64915640647405,14.691156406474049
7727,7544,438.0,-39.775,176.275,17.829454781617642,15.201454781617642
7728,7604,540.0,-39.925,176.175,17.210011612889048,13.970011612889047
7729,7669,475.0,-39.925,176.225,17.396658191395545,14.546658191395546
7730,7675,348.0,-39.925,176.275,17.57073620126539,15.48273620126539
7731,7754,790.0,-39.875,176.175,17.298128045228168,12.558128045228168
7732,7755,380.0,-39.875,176.225,17.48383681525229,15.20383681525229
7733,7756,455.0,-39.875,176.275,17.656743302700306,14.926743302700306
7734,7495,334.0,-39.825,176.325,17.90239744440305,15.89839744440305
7735,7496,291.0,-39.825,176.375,18.0447255052718,16.2987255052718
7736,7497,262.0,-39.825,176.425,18.16631650103818,16.594316501038183
7737,7498,217.0,-39.825,176.475,18.263476786806223,16.961476786806223
7738,7545,557.0,-39.775,176.325,17.99488872188249,14.652888721882489
7739,7546,371.0,-39.775,176.375,18.142395481715994,15.916395481715995
7740,7547,371.0,-39.775,176.425,18.26849038267028,16.04249038267028
7741,7548,275.0,-39.775,176.475,18.369283663139868,16.71928366313987
7742,7679,286.0,-39.925,176.325,17.732554039473143,16.016554039473142
7743,7684,224.0,-39.925,176.375,17.881175724857712,16.53717572485771
7744,7689,189.0,-39.925,176.425,18.01417260836115,16.88017260836115
7745,7694,171.0,-39.925,176.475,18.12803306348269,17.10203306348269
7746,7757,344.0,-39.875,176.325,17.815584720860898,15.751584720860897
7747,7758,280.0,-39.875,176.375,17.958437357845014,16.278437357845014
7748,7759,226.0,-39.875,176.425,18.08248196929935,16.72648196929935
7749,7760,194.0,-39.875,176.475,18.184215572655376,17.020215572655374
7750,7499,220.0,-39.825,176.525,18.33243154997217,17.01243154997217
7751,7500,272.0,-39.825,176.575,18.369988476052185,16.737988476052184
7752,7501,132.0,-39.825,176.625,18.374499462011954,17.582499462011953
7753,7549,293.0,-39.775,176.525,18.44070366770393,16.68270366770393
7754,7550,260.0,-39.775,176.575,18.478950735473973,16.918950735473974
7755,7551,227.0,-39.775,176.625,18.481249474788456,17.119249474788457
7756,7699,152.0,-39.925,176.525,18.218875655143165,17.306875655143166
7757,7704,237.0,-39.925,176.575,18.283413387887776,16.861413387887776
7758,7709,111.0,-39.925,176.625,18.320135811907676,17.654135811907675
7759,7761,168.0,-39.875,176.525,18.260001283039855,17.252001283039856
7760,7762,161.0,-39.875,176.575,18.3068991946775,17.340899194677498
7761,7763,113.0,-39.875,176.625,18.32374505381813,17.64574505381813
7762,7502,167.0,-39.825,176.675,18.347152762232326,17.345152762232328
7763,7503,272.0,-39.825,176.725,18.293578970533417,16.661578970533416
7764,7504,182.0,-39.825,176.775,18.225501382931725,17.133501382931726
7765,7505,193.0,-39.825,176.825,18.161441486896365,17.003441486896364
7766,7552,78.0,-39.775,176.675,18.447054443435718,17.979054443435718
7767,7553,40.0,-39.775,176.725,18.37997812812364,18.13997812812364
7768,7554,175.0,-39.775,176.775,18.29068796731235,17.24068796731235
7769,7555,83.0,-39.775,176.825,18.200208290669252,17.70220829066925
7770,7714,114.0,-39.925,176.675,18.33053042573374,17.64653042573374
7771,7719,100.0,-39.925,176.725,18.320003134423132,17.72000313442313
7772,7724,207.0,-39.925,176.775,18.29805281859717,17.05605281859717
7773,7725,193.0,-39.925,176.825,18.27728256154478,17.11928256154478
7774,7764,80.0,-39.875,176.675,18.312386613541094,17.832386613541093
7775,7765,80.0,-39.875,176.725,18.278863216041827,17.798863216041827
7776,7766,184.0,-39.875,176.775,18.234099757545664,17.130099757545665
7777,7767,225.0,-39.875,176.825,18.19338248799704,16.84338248799704
7778,7506,313.0,-39.825,176.875,18.124363177863415,16.246363177863415
7779,7507,371.0,-39.825,176.925,18.134383140246428,15.908383140246428
7780,7508,39.0,-39.825,176.975,18.199397760937245,17.965397760937243
7781,7556,145.0,-39.775,176.875,18.140102739680515,17.270102739680514
7782,7557,163.0,-39.775,176.925,18.142125296254562,17.16412529625456
7783,7558,151.0,-39.775,176.975,18.217866549093742,17.311866549093743
7784,7726,227.0,-39.925,176.875,18.271089677370583,16.909089677370584
7785,7727,128.0,-39.925,176.925,18.290489571179933,17.522489571179932
7786,7768,471.0,-39.875,176.875,18.17376323229746,15.34776323229746
7787,7769,336.0,-39.875,176.925,18.189350465821917,16.17335046582192
7788,7770,,-39.875,176.975,18.246511920741796,
7789,7428,79.0,-39.625,174.325,13.912980161519727,13.438980161519726
7790,7052,314.0,-39.625,174.525,15.305321596232943,13.421321596232943
7791,7373,71.0,-39.675,174.375,14.174267171160636,13.748267171160636
7792,7374,101.0,-39.675,174.425,14.52774313027544,13.92174313027544
7793,7375,122.0,-39.675,174.475,14.864416958731681,14.132416958731682
7794,7376,99.0,-39.675,174.525,15.173898195425636,14.579898195425637
7795,7429,65.0,-39.625,174.375,14.293506308868018,13.903506308868018
7796,7430,141.0,-39.625,174.425,14.663366448947272,13.817366448947272
7797,7431,179.0,-39.625,174.475,15.003183327110719,13.929183327110719
7798,7559,40.0,-39.725,174.425,14.44460854387762,14.20460854387762
7799,7560,20.0,-39.725,174.475,14.771122311671434,14.651122311671434
7800,7561,70.0,-39.725,174.525,15.079189149521198,14.659189149521199
7801,7116,276.0,-39.625,174.575,15.568640661801169,13.912640661801168
7802,7124,157.0,-39.625,174.625,15.79480452222947,14.85280452222947
7803,7133,225.0,-39.625,174.675,15.986233733646486,14.636233733646486
7804,7377,161.0,-39.675,174.575,15.451529747874247,14.485529747874248
7805,7378,326.0,-39.675,174.625,15.696030703617225,13.740030703617226
7806,7379,141.0,-39.675,174.675,15.907727178648884,15.061727178648884
7807,7562,102.0,-39.725,174.575,15.36239459564149,14.75039459564149
7808,7563,120.0,-39.725,174.625,15.617402473903667,14.897402473903666
7809,7564,80.0,-39.725,174.675,15.842748419895088,15.362748419895087
7810,7142,261.0,-39.625,174.725,16.145117504717746,14.579117504717747
7811,7151,218.0,-39.625,174.775,16.273002570032304,14.965002570032304
7812,7160,177.0,-39.625,174.825,16.370666374889424,15.308666374889425
7813,7169,342.0,-39.625,174.875,16.438120461369635,14.386120461369636
7814,7380,100.0,-39.675,174.725,16.08744924202142,15.487449242021421
7815,7381,119.0,-39.675,174.775,16.2359119794894,15.521911979489401
7816,7382,250.0,-39.675,174.825,16.35339510863173,14.85339510863173
7817,7383,173.0,-39.675,174.875,16.439594724820836,15.401594724820836
7818,7565,173.0,-39.725,174.725,16.037892999363976,14.999892999363976
7819,7566,170.0,-39.725,174.775,16.20256875166433,15.18256875166433
7820,7567,55.0,-39.725,174.825,16.336352485337102,16.006352485337104
7821,7568,155.0,-39.725,174.875,16.438383880527,15.508383880527
7822,7055,410.0,-39.725,174.975,16.540551618960535,14.080551618960536
7823,7117,240.0,-39.725,175.025,16.535590897916336,15.095590897916336
7824,7264,353.0,-39.625,174.925,16.47466532129829,14.356665321298289
7825,7279,281.0,-39.625,174.975,16.478933010328774,14.792933010328774
7826,7280,278.0,-39.625,175.025,16.44878219959844,14.780782199598441
7827,7384,269.0,-39.675,174.925,16.493579871195152,14.879579871195151
7828,7385,387.0,-39.675,174.975,16.51381986517754,14.19181986517754
7829,7386,253.0,-39.675,175.025,16.49819027747867,14.98019027747867
7830,7569,451.0,-39.725,174.925,16.507180985781815,13.801180985781816
7831,7126,176.0,-39.725,175.075,16.48827287937229,15.432272879372288
7832,7135,182.0,-39.725,175.125,16.391824171329063,15.299824171329062
7833,7144,371.0,-39.725,175.175,16.250239328413727,14.024239328413728
7834,7153,396.0,-39.725,175.225,16.080355750892522,13.704355750892523
7835,7282,302.0,-39.625,175.075,16.380792156882308,14.568792156882308
7836,7284,556.0,-39.625,175.125,16.27086964665523,12.934869646655228
7837,7288,135.0,-39.625,175.175,16.122231353292136,15.312231353292136
7838,7295,345.0,-39.625,175.225,15.946356873105742,13.876356873105742
7839,7387,381.0,-39.675,175.075,16.443411875081438,14.157411875081438
7840,7388,222.0,-39.675,175.125,16.3407139548774,15.0087139548774
7841,7389,182.0,-39.675,175.175,16.19283623581191,15.10083623581191
7842,7390,432.0,-39.675,175.225,16.018075276685977,13.426075276685976
7843,7162,288.0,-39.725,175.275,15.895671637458918,14.167671637458918
7844,7287,171.0,-39.725,175.325,15.708130541354421,14.682130541354422
7845,7296,593.0,-39.725,175.375,15.529664174725667,11.971664174725667
7846,7309,579.0,-39.625,175.275,15.75434638181946,12.28034638181946
7847,7317,281.0,-39.625,175.325,15.555980053116173,13.869980053116173
7848,7326,490.0,-39.625,175.375,15.361034934363374,12.421034934363375
7849,7391,362.0,-39.675,175.275,15.828540680260176,13.656540680260175
7850,7392,246.0,-39.675,175.325,15.635026395349541,14.159026395349542
7851,7393,549.0,-39.675,175.375,15.448572549992832,12.154572549992832
7852,7316,322.0,-39.725,175.425,15.372912489753844,13.440912489753844
7853,7323,379.0,-39.725,175.475,15.251438397512175,12.977438397512174
7854,7330,287.0,-39.625,175.425,15.180756100497206,13.458756100497206
7855,7336,324.0,-39.725,175.525,15.179227799164437,13.235227799164438
7856,7338,431.0,-39.625,175.475,15.029259999196825,12.443259999196824
7857,7344,482.0,-39.725,175.575,15.16920784292779,12.27720784292779
7858,7394,260.0,-39.675,175.425,15.281429979632549,13.721429979632548
7859,7395,627.0,-39.675,175.475,15.147686700656095,11.385686700656095
7860,7396,437.0,-39.675,175.525,15.06312087046581,12.44112087046581
7861,7397,472.0,-39.675,175.575,15.043794910064435,12.211794910064434
7862,7446,646.0,-39.625,175.525,14.923998949453562,11.047998949453563
7863,7448,501.0,-39.625,175.575,14.884640214109368,11.878640214109367
7864,7345,569.0,-39.725,175.625,15.23064265019525,11.81664265019525
7865,7346,499.0,-39.725,175.675,15.365586560650854,12.371586560650854
7866,7347,658.0,-39.725,175.725,15.56493572399063,11.616935723990629
7867,7348,741.0,-39.725,175.775,15.803549589888007,11.357549589888007
7868,7398,515.0,-39.675,175.625,15.102965867923103,12.012965867923104
7869,7399,530.0,-39.675,175.675,15.246150165969766,12.066150165969766
7870,7400,641.0,-39.675,175.725,15.465528942796482,11.619528942796482
7871,7401,581.0,-39.675,175.775,15.735164791602756,12.249164791602755
7872,7450,583.0,-39.625,175.625,14.929818329505679,11.43181832950568
7873,7452,623.0,-39.625,175.675,15.070049137622618,11.332049137622619
7874,7454,561.0,-39.625,175.725,15.297464652052895,11.931464652052895
7875,7456,532.0,-39.625,175.775,15.579812537773023,12.387812537773023
7876,7349,473.0,-39.725,175.825,16.036353527278152,13.198353527278151
7877,7350,508.0,-39.725,175.875,16.24683491677706,13.198834916777061
7878,7351,521.0,-39.725,175.925,16.45460192529208,13.328601925292082
7879,7402,489.0,-39.675,175.825,15.994213562524465,13.060213562524465
7880,7403,513.0,-39.675,175.875,16.220564743591694,13.142564743591695
7881,7404,361.0,-39.675,175.925,16.44588117951662,14.279881179516618
7882,7457,619.0,-39.625,175.825,15.86782868817977,12.15382868817977
7883,7458,622.0,-39.625,175.875,16.13777456808907,12.405774568089072
7884,7461,582.0,-39.625,175.925,16.398426615077142,12.906426615077141
7885,7352,705.0,-39.725,175.975,16.66681018013651,12.436810180136508
7886,7353,693.0,-39.725,176.025,16.883093332629414,12.725093332629415
7887,7354,1280.0,-39.725,176.075,17.100656276838436,9.420656276838436
7888,7355,805.0,-39.725,176.125,17.316089134553295,12.486089134553294
7889,7405,592.0,-39.675,175.975,16.674756929332943,13.122756929332944
7890,7406,457.0,-39.675,176.025,16.906098730487884,14.164098730487883
7891,7407,903.0,-39.675,176.075,17.13731591405667,11.719315914056672
7892,7408,763.0,-39.675,176.125,17.36555043522185,12.78755043522185
7893,7472,564.0,-39.625,175.975,16.65547389528615,13.27147389528615
7894,7474,542.0,-39.625,176.025,16.909633480106095,13.657633480106096
7895,7475,955.0,-39.625,176.075,17.159925715817963,11.429925715817962
7896,7478,1262.0,-39.625,176.125,17.404923698058838,9.832923698058838
7897,7356,1287.0,-39.725,176.175,17.526059304167575,9.804059304167575
7898,7357,912.0,-39.725,176.225,17.727504253516145,12.255504253516145
7899,7358,495.0,-39.725,176.275,17.917558717647807,14.947558717647807
7900,7409,1322.0,-39.675,176.175,17.58807945810804,9.65607945810804
7901,7410,978.0,-39.675,176.225,17.802380012319645,11.934380012319647
7902,7411,650.0,-39.675,176.275,18.006031418417933,14.106031418417933
7903,7485,1204.0,-39.625,176.175,17.643140653826322,10.419140653826322
7904,7571,1135.0,-39.625,176.225,17.873091378605068,11.063091378605069
7905,7577,1176.0,-39.625,176.275,18.093223428350484,11.037223428350483
7906,7359,753.0,-39.725,176.325,18.093354936056585,13.575354936056584
7907,7360,483.0,-39.725,176.375,18.251804626654575,15.353804626654576
7908,7361,390.0,-39.725,176.425,18.38944253195541,16.04944253195541
7909,7362,361.0,-39.725,176.475,18.502376126597028,16.336376126597028
7910,7412,494.0,-39.675,176.325,18.19654811100827,15.232548111008269
7911,7413,367.0,-39.675,176.375,18.371206612295282,16.169206612295284
7912,7414,431.0,-39.675,176.425,18.526909270725355,15.940909270725355
7913,7415,335.0,-39.675,176.475,18.660104345009586,16.650104345009588
7914,7580,499.0,-39.625,176.325,18.30180421866862,15.307804218668622
7915,7581,402.0,-39.625,176.375,18.496810072211247,16.084810072211248
7916,7585,296.0,-39.625,176.425,18.67584122643939,16.89984122643939
7917,7591,277.0,-39.625,176.475,18.836068035181597,17.174068035181598
7918,7363,345.0,-39.725,176.525,18.58635987319667,16.51635987319667
7919,7364,213.0,-39.725,176.575,18.637012709139526,17.359012709139527
7920,7365,240.0,-39.725,176.625,18.65024253432648,17.21024253432648
7921,7416,199.0,-39.675,176.525,18.766761628259246,17.572761628259247
7922,7417,136.0,-39.675,176.575,18.84239404674281,18.026394046742812
7923,7418,102.0,-39.675,176.625,18.882133015964428,18.27013301596443
7924,7597,171.0,-39.625,176.525,18.97419544936929,17.94819544936929
7925,7603,125.0,-39.625,176.575,19.086416109328184,18.336416109328184
7926,7666,84.0,-39.625,176.625,19.16830876511858,18.66430876511858
7927,7366,60.0,-39.725,176.675,18.623068720070023,18.263068720070024
7928,7367,98.0,-39.725,176.725,18.55532055507001,17.96732055507001
7929,7368,70.0,-39.725,176.775,18.45321637585721,18.033216375857208
7930,7369,146.0,-39.725,176.825,18.336209129128292,17.46020912912829
7931,7419,60.0,-39.675,176.675,18.88094732292575,18.52094732292575
7932,7420,20.0,-39.675,176.725,18.834361506550977,18.714361506550976
7933,7421,11.0,-39.675,176.775,18.7408446448635,18.6748446448635
7934,7422,10.0,-39.675,176.825,18.60938076436105,18.54938076436105
7935,7680,60.0,-39.625,176.675,19.214636492900354,18.854636492900354
7936,7685,34.0,-39.625,176.725,19.219054107446937,19.015054107446936
7937,7690,19.0,-39.625,176.775,19.174081512206158,19.060081512206157
7938,7695,14.0,-39.625,176.825,19.07352429202092,18.98952429202092
7939,7370,184.0,-39.725,176.875,18.245382181971763,17.141382181971764
7940,7371,73.0,-39.725,176.925,18.235507982121817,17.797507982121818
7941,7372,97.0,-39.725,176.975,18.327583426018464,17.745583426018463
7942,7423,21.0,-39.675,176.875,18.48043302491942,18.35443302491942
7943,7424,41.0,-39.675,176.925,18.451039203955133,18.205039203955135
7944,7425,77.0,-39.675,176.975,18.570388771902344,18.108388771902344
7945,7426,216.0,-39.675,177.025,18.75016618928248,17.454166189282482
7946,7700,9.0,-39.625,176.875,18.928722007392935,18.874722007392936
7947,7705,8.0,-39.625,176.925,18.86563398859289,18.817633988592892
7948,7427,,-39.675,177.075,18.92320063358511,
7949,8132,53.0,-39.525,173.975,12.658123454030147,12.340123454030147
7950,8315,21.0,-39.425,173.825,12.437171372740409,12.311171372740409
7951,8320,66.0,-39.425,173.875,12.56708092993847,12.17108092993847
7952,8325,126.0,-39.425,173.925,12.725774459305057,11.969774459305057
7953,8330,189.0,-39.425,173.975,12.916358286429272,11.782358286429272
7954,8678,21.0,-39.475,173.875,12.49096544098279,12.364965440982791
7955,8679,64.0,-39.475,173.925,12.624195839740878,12.240195839740878
7956,8680,113.0,-39.475,173.975,12.782014745144807,12.104014745144806
7957,7710,27.0,-39.575,174.075,12.810682553108336,12.648682553108335
7958,7715,42.0,-39.575,174.125,12.960729818357095,12.708729818357094
7959,8133,78.0,-39.525,174.025,12.803476833412446,12.335476833412446
7960,8138,74.0,-39.525,174.075,12.965966726069496,12.521966726069495
7961,8147,99.0,-39.525,174.125,13.144558476265047,12.550558476265048
7962,8423,259.0,-39.425,174.025,13.141881792503625,11.587881792503625
7963,8424,289.0,-39.425,174.075,13.405244227674757,11.671244227674757
7964,8425,281.0,-39.425,174.125,13.709288251862574,12.023288251862574
7965,8681,154.0,-39.475,174.025,12.9651702101404,12.0411702101404
7966,8682,156.0,-39.475,174.075,13.173647488450342,12.237647488450342
7967,8683,166.0,-39.475,174.125,13.406854755837571,12.41085475583757
7968,7720,39.0,-39.575,174.175,13.136722233576165,12.902722233576165
7969,7790,80.0,-39.575,174.225,13.363431507484165,12.883431507484165
7970,7798,100.0,-39.575,174.275,13.681631615243646,13.081631615243646
7971,7808,96.0,-39.575,174.325,14.07856379333407,13.502563793334069
7972,8155,106.0,-39.525,174.175,13.341070236923542,12.705070236923543
7973,8414,112.0,-39.525,174.225,13.571098413818163,12.899098413818162
7974,8426,271.0,-39.425,174.175,14.057306016114183,12.431306016114183
7975,8427,252.0,-39.425,174.225,14.452390885589466,12.940390885589466
7976,8428,243.0,-39.425,174.275,14.880503906283707,13.422503906283707
7977,8429,220.0,-39.425,174.325,15.274459269454724,13.954459269454723
7978,8431,120.0,-39.525,174.275,13.913744063092281,13.19374406309228
7979,8439,138.0,-39.525,174.325,14.355031935673537,13.527031935673538
7980,8684,181.0,-39.475,174.175,13.665485705926585,12.579485705926585
7981,8685,181.0,-39.475,174.225,13.961063210439761,12.87506321043976
7982,8686,181.0,-39.475,174.275,14.340313876629011,13.254313876629011
7983,8687,249.0,-39.475,174.325,14.770852798561975,13.276852798561976
7984,7811,117.0,-39.575,174.375,14.486539420792269,13.78453942079227
7985,7815,202.0,-39.575,174.425,14.862669872799643,13.650669872799643
7986,7819,207.0,-39.575,174.475,15.192133014754518,13.950133014754519
7987,7823,269.0,-39.575,174.525,15.473815099337571,13.85981509933757
7988,8432,240.0,-39.425,174.375,15.576281512009587,14.136281512009587
7989,8437,243.0,-39.425,174.425,15.796840104953617,14.338840104953617
7990,8441,103.0,-39.425,174.475,15.962539719090273,15.344539719090273
7991,8442,205.0,-39.525,174.375,14.772287360318728,13.542287360318728
7992,8446,196.0,-39.425,174.525,16.090907684109197,14.914907684109197
7993,8447,171.0,-39.525,174.425,15.13098668487845,14.104986684878451
7994,8454,176.0,-39.525,174.475,15.428697450207665,14.372697450207664
7995,8585,78.0,-39.525,174.525,15.673162960816512,15.205162960816512
7996,8688,127.0,-39.475,174.375,15.150828179864561,14.38882817986456
7997,8689,195.0,-39.475,174.425,15.456044556079974,14.286044556079974
7998,8690,181.0,-39.475,174.475,15.696700125149846,14.610700125149846
7999,8691,221.0,-39.475,174.525,15.887539811915019,14.561539811915019
8000,7827,149.0,-39.575,174.575,15.711679053789908,14.817679053789908
8001,7831,198.0,-39.575,174.625,15.910677282277561,14.72267728227756
8002,7835,162.0,-39.575,174.675,16.075120158260802,15.103120158260802
8003,8453,246.0,-39.425,174.575,16.19202873912434,14.71602873912434
8004,8527,264.0,-39.425,174.625,16.27154953047807,14.68754953047807
8005,8528,319.0,-39.425,174.675,16.332418822397585,14.418418822397586
8006,8623,160.0,-39.525,174.575,15.87338449681306,14.913384496813059
8007,8628,148.0,-39.525,174.625,16.036743055499528,15.148743055499528
8008,8633,189.0,-39.525,174.675,16.16850435136371,15.034504351363708
8009,8692,114.0,-39.475,174.575,16.040035288669856,15.356035288669856
8010,8693,295.0,-39.475,174.625,16.16186633624875,14.39186633624875
8011,8694,242.0,-39.475,174.675,16.25777885970649,14.805778859706491
8012,7873,457.0,-39.575,174.725,16.208177862145135,13.466177862145134
8013,7875,303.0,-39.575,174.775,16.311840949140446,14.493840949140447
8014,7877,41.0,-39.575,174.825,16.3870396118416,16.141039611841602
8015,7879,139.0,-39.575,174.875,16.43379974120137,15.59979974120137
8016,8529,448.0,-39.425,174.725,16.375842096132033,13.687842096132032
8017,8530,417.0,-39.425,174.775,16.401842792287653,13.899842792287654
8018,8531,377.0,-39.425,174.825,16.409631003428558,14.147631003428558
8019,8532,377.0,-39.425,174.875,16.397883134209565,14.135883134209564
8020,8634,255.0,-39.525,174.725,16.272046978788694,14.742046978788695
8021,8635,337.0,-39.525,174.775,16.349227330324425,14.327227330324424
8022,8636,391.0,-39.525,174.825,16.40071420016409,14.054714200164089
8023,8637,370.0,-39.525,174.875,16.426262724574713,14.206262724574712
8024,8695,155.0,-39.475,174.725,16.330407160816435,15.400407160816435
8025,8696,364.0,-39.475,174.775,16.380874119871805,14.196874119871804
8026,8697,341.0,-39.475,174.825,16.409216131134826,14.363216131134827
8027,8698,262.0,-39.475,174.875,16.414698743761846,14.842698743761847
8028,7881,206.0,-39.575,174.925,16.4513857887913,15.215385788791298
8029,7883,664.0,-39.575,174.975,16.438401068664973,12.454401068664973
8030,7885,471.0,-39.575,175.025,16.392844145286745,13.566844145286744
8031,8533,221.0,-39.425,174.925,16.36499372520848,15.038993725208478
8032,8534,341.0,-39.425,174.975,16.309346487765083,14.263346487765084
8033,8535,128.0,-39.425,175.025,16.229647700862756,15.461647700862756
8034,8638,280.0,-39.525,174.925,16.424936601945433,14.744936601945433
8035,8639,488.0,-39.525,174.975,16.395307280149268,13.467307280149267
8036,8640,459.0,-39.525,175.025,16.33571404265024,13.581714042650239
8037,8699,521.0,-39.475,174.925,16.396078017311083,13.270078017311084
8038,8700,428.0,-39.475,174.975,16.351863126587205,13.783863126587205
8039,8701,145.0,-39.475,175.025,16.28065882793601,15.41065882793601
8040,7887,252.0,-39.575,175.075,16.312369306027676,14.800369306027676
8041,7889,123.0,-39.575,175.125,16.19581161671647,15.45781161671647
8042,7891,275.0,-39.575,175.175,16.046220919713733,14.396220919713732
8043,7892,451.0,-39.575,175.225,15.871034918714031,13.165034918714031
8044,8536,398.0,-39.425,175.075,16.12534367129183,13.73734367129183
8045,8537,331.0,-39.425,175.125,15.99706723258464,14.01106723258464
8046,8538,599.0,-39.425,175.175,15.846943403533146,12.252943403533147
8047,8539,490.0,-39.425,175.225,15.678567705095759,12.73856770509576
8048,8641,389.0,-39.525,175.075,16.24481076634555,13.910810766345552
8049,8642,294.0,-39.525,175.125,16.122679124437923,14.358679124437923
8050,8643,404.0,-39.525,175.175,15.972070114802875,13.548070114802876
8051,8644,324.0,-39.525,175.225,15.798386112046273,13.854386112046274
8052,8702,262.0,-39.475,175.075,16.18168772526394,14.609687725263942
8053,8703,594.0,-39.475,175.125,16.05549647223529,12.49149647223529
8054,8704,607.0,-39.475,175.175,15.904536492090529,12.262536492090529
8055,8705,537.0,-39.475,175.225,15.733125047932276,12.511125047932277
8056,7893,291.0,-39.575,175.275,15.678908477907044,13.932908477907043
8057,7894,502.0,-39.575,175.325,15.477956000158429,12.465956000158428
8058,7895,638.0,-39.575,175.375,15.275978083501286,11.447978083501287
8059,8540,521.0,-39.425,175.275,15.496626116171797,12.370626116171797
8060,8541,537.0,-39.425,175.325,15.306209927260625,12.084209927260625
8061,8542,560.0,-39.425,175.375,15.11143031332307,11.75143031332307
8062,8645,556.0,-39.525,175.275,15.608247849163206,12.272247849163206
8063,8646,487.0,-39.525,175.325,15.407984539771974,12.485984539771973
8064,8647,571.0,-39.525,175.375,15.202864466513006,11.776864466513006
8065,8706,664.0,-39.475,175.275,15.546697111983121,11.562697111983121
8066,8707,552.0,-39.475,175.325,15.350628755524951,12.038628755524952
8067,8708,738.0,-39.475,175.375,15.148454869182899,10.720454869182898
8068,7896,532.0,-39.575,175.425,15.082190631617777,11.890190631617777
8069,7897,568.0,-39.575,175.475,14.909944644179518,11.501944644179519
8070,7898,444.0,-39.575,175.525,14.778003666927816,12.114003666927816
8071,7899,540.0,-39.575,175.575,14.709474398840939,11.469474398840939
8072,8062,681.0,-39.475,175.575,14.435874401213653,10.349874401213654
8073,8543,622.0,-39.425,175.425,14.90831983401307,11.176319834013071
8074,8544,680.0,-39.425,175.475,14.699446934251,10.619446934251
8075,8545,726.0,-39.425,175.525,14.52415155953156,10.16815155953156
8076,8546,740.0,-39.425,175.575,14.409716828931323,9.969716828931322
8077,8648,580.0,-39.525,175.425,14.998547651752688,11.518547651752687
8078,8649,577.0,-39.525,175.475,14.80672333713153,11.34472333713153
8079,8650,685.0,-39.525,175.525,14.64778064681434,10.53778064681434
8080,8651,700.0,-39.525,175.575,14.546869333317659,10.34686933331766
8081,8709,763.0,-39.475,175.425,14.940258856124728,10.362258856124729
8082,8710,651.0,-39.475,175.475,14.734772797033884,10.828772797033885
8083,8711,645.0,-39.475,175.525,14.55793898345155,10.687938983451549
8084,7900,579.0,-39.575,175.625,14.729912886720285,11.255912886720285
8085,7901,830.0,-39.575,175.675,14.859732329697636,9.879732329697635
8086,7902,792.0,-39.575,175.725,15.093993995301048,10.34199399530105
8087,7903,811.0,-39.575,175.775,15.394774285712856,10.528774285712856
8088,8121,720.0,-39.475,175.625,14.3965539922159,10.0765539922159
8089,8135,820.0,-39.475,175.675,14.498233256618505,9.578233256618507
8090,8139,1001.0,-39.475,175.725,14.776047806070324,8.770047806070323
8091,8144,1055.0,-39.475,175.775,15.128605136813349,8.798605136813348
8092,8547,801.0,-39.425,175.625,14.385234073104925,9.579234073104924
8093,8548,868.0,-39.425,175.675,14.500037858534256,9.292037858534258
8094,8549,891.0,-39.425,175.725,14.770427248898045,9.424427248898045
8095,8550,843.0,-39.425,175.775,15.12142318535598,10.06342318535598
8096,8652,872.0,-39.525,175.625,14.534893655154292,9.302893655154293
8097,8653,800.0,-39.525,175.675,14.651296713250076,9.851296713250075
8098,8654,925.0,-39.525,175.725,14.901650302327198,9.351650302327197
8099,8655,1080.0,-39.525,175.775,15.229959538661205,8.749959538661205
8100,7904,541.0,-39.575,175.825,15.71593696738637,12.469936967386369
8101,7905,623.0,-39.575,175.875,16.03011408187831,12.29211408187831
8102,7906,710.0,-39.575,175.925,16.33144718606286,12.07144718606286
8103,8151,771.0,-39.475,175.825,15.504819277467163,10.878819277467164
8104,8260,746.0,-39.475,175.875,15.878067835393153,11.402067835393154
8105,8261,651.0,-39.475,175.925,16.235876924868194,12.329876924868195
8106,8551,1124.0,-39.425,175.825,15.500185156793577,8.756185156793578
8107,8552,1185.0,-39.425,175.875,15.878585701540487,8.768585701540488
8108,8553,840.0,-39.425,175.925,16.242573131996323,11.202573131996324
8109,8656,861.0,-39.525,175.825,15.58380910064352,10.41780910064352
8110,8657,818.0,-39.525,175.875,15.93425384383363,11.026253843833631
8111,8658,760.0,-39.525,175.925,16.270093898103937,11.710093898103938
8112,7907,823.0,-39.575,175.975,16.621489291089347,11.683489291089348
8113,7908,716.0,-39.575,176.025,16.90190345677547,12.605903456775472
8114,7909,833.0,-39.575,176.075,17.173578958657117,12.175578958657116
8115,7910,1161.0,-39.575,176.125,17.43692193242441,10.470921932424412
8116,8262,807.0,-39.475,175.975,16.574533360094847,11.732533360094848
8117,8263,714.0,-39.475,176.025,16.894869022991543,12.610869022991544
8118,8264,843.0,-39.475,176.075,17.199597262455768,12.141597262455768
8119,8265,931.0,-39.475,176.125,17.491902647020993,11.905902647020993
8120,8554,1033.0,-39.425,175.975,16.58712361176299,10.38912361176299
8121,8555,879.0,-39.425,176.025,16.912586511863424,11.638586511863425
8122,8556,710.0,-39.425,176.075,17.222005902638443,12.962005902638444
8123,8557,899.0,-39.425,176.125,17.51936267202848,12.125362672028478
8124,8659,885.0,-39.525,175.975,16.58942329857075,11.279423298570752
8125,8660,559.0,-39.525,176.025,16.893616682700895,13.539616682700895
8126,8661,630.0,-39.525,176.075,17.184776563247397,13.404776563247397
8127,8662,734.0,-39.525,176.125,17.464924447662042,13.060924447662043
8128,7911,831.0,-39.575,176.175,17.692046534032443,12.706046534032442
8129,7912,889.0,-39.575,176.225,17.93881491613024,12.604814916130241
8130,7913,1021.0,-39.575,176.275,18.176804868120144,12.050804868120142
8131,8266,932.0,-39.475,176.175,17.774746566061594,12.182746566061596
8132,8267,792.0,-39.475,176.225,18.05054238363573,13.29854238363573
8133,8268,834.0,-39.475,176.275,18.32103421221359,13.31703421221359
8134,8558,941.0,-39.425,176.175,17.80854052349332,12.16254052349332
8135,8559,662.0,-39.425,176.225,18.092792204432612,14.120792204432613
8136,8560,644.0,-39.425,176.275,18.374531719663082,14.510531719663081
8137,8663,1251.0,-39.525,176.175,17.735744526141843,10.229744526141843
8138,8664,519.0,-39.525,176.225,17.99847730580973,14.884477305809728
8139,8665,768.0,-39.525,176.275,18.253870450324712,13.645870450324711
8140,7914,688.0,-39.575,176.325,18.405261242555298,14.277261242555298
8141,7915,634.0,-39.575,176.375,18.623062054466345,14.819062054466345
8142,7916,316.0,-39.575,176.425,18.828712859138705,16.932712859138704
8143,7917,215.0,-39.575,176.475,19.020369834298435,17.730369834298436
8144,8269,588.0,-39.475,176.325,18.587302141706232,15.059302141706231
8145,8270,419.0,-39.475,176.375,18.849853096189236,16.335853096189236
8146,8272,540.0,-39.475,176.425,19.10877219017584,15.868772190175841
8147,8274,321.0,-39.475,176.475,19.36391813816863,17.43791813816863
8148,8561,942.0,-39.425,176.325,18.655332608248045,13.003332608248044
8149,8562,860.0,-39.425,176.375,18.936051971568304,13.776051971568304
8150,8563,742.0,-39.425,176.425,19.217026131564126,14.765026131564126
8151,8564,329.0,-39.425,176.475,19.49830013243877,17.52430013243877
8152,8666,396.0,-39.525,176.325,18.50217356826397,16.12617356826397
8153,8667,241.0,-39.525,176.375,18.74317675389875,17.29717675389875
8154,8668,397.0,-39.525,176.425,18.9762914979367,16.594291497936698
8155,8669,282.0,-39.525,176.475,19.20066997571257,17.50866997571257
8156,7918,175.0,-39.575,176.525,19.195880433732782,18.14588043373278
8157,7919,141.0,-39.575,176.575,19.35281922128206,18.50681922128206
8158,8061,132.0,-39.575,176.625,19.488483453634217,18.696483453634215
8159,8277,245.0,-39.475,176.525,19.615152616108162,18.145152616108163
8160,8280,166.0,-39.475,176.575,19.86259849933026,18.866598499330262
8161,8286,190.0,-39.475,176.625,20.106922918583905,18.966922918583904
8162,8565,282.0,-39.425,176.525,19.77986076268985,18.08786076268985
8163,8566,264.0,-39.425,176.575,20.06183778063246,18.47783778063246
8164,8567,195.0,-39.425,176.625,20.344606741539792,19.17460674153979
8165,8670,280.0,-39.525,176.525,19.415357601242704,17.735357601242704
8166,8671,249.0,-39.525,176.575,19.61947540148958,18.12547540148958
8167,8672,159.0,-39.525,176.625,19.812434920129817,18.858434920129817
8168,8126,123.0,-39.575,176.675,19.59979349926425,18.86179349926425
8169,8127,40.0,-39.575,176.725,19.683010289282265,19.443010289282267
8170,8128,20.0,-39.575,176.775,19.733154457426735,19.613154457426734
8171,8129,12.0,-39.575,176.825,19.743386284817007,19.671386284817007
8172,8290,122.0,-39.475,176.675,20.349623166860738,19.61762316686074
8173,8295,165.0,-39.475,176.725,20.593191242122657,19.60319124212266
8174,8300,111.0,-39.475,176.775,20.840560022117188,20.174560022117188
8175,8305,78.0,-39.475,176.825,21.091104101705696,20.623104101705696
8176,8568,190.0,-39.425,176.675,20.628627512413686,19.488627512413686
8177,8569,160.0,-39.425,176.725,20.913564034873616,19.953564034873615
8178,8570,197.0,-39.425,176.775,21.195419331118956,20.013419331118957
8179,8571,19.0,-39.425,176.825,21.45836929978077,21.34436929978077
8180,8673,79.0,-39.525,176.675,19.994200979968355,19.520200979968354
8181,8674,97.0,-39.525,176.725,20.165632923216435,19.583632923216435
8182,8675,37.0,-39.525,176.775,20.328887406216836,20.106887406216835
8183,8676,41.0,-39.525,176.825,20.48712914781072,20.24112914781072
8184,8130,6.0,-39.575,176.875,19.710248107281586,19.674248107281585
8185,8131,1.0,-39.575,176.925,19.687999155092257,19.681999155092257
8186,8310,1.0,-39.475,176.875,21.320565692636137,21.314565692636137
8187,8572,3.0,-39.425,176.875,21.65558153109714,21.63758153109714
8188,8677,9.0,-39.525,176.875,20.635298346969194,20.581298346969195
8189,8451,27.0,-39.275,173.775,12.45699768875943,12.294997688759429
8190,8846,17.0,-39.325,173.775,12.418800329158898,12.316800329158898
8191,8573,58.0,-39.375,173.825,12.4941235197075,12.1461235197075
8192,8574,114.0,-39.375,173.875,12.641163856145738,11.957163856145739
8193,8575,202.0,-39.375,173.925,12.82201154022232,11.61001154022232
8194,8576,298.0,-39.375,173.975,13.041543450426047,11.253543450426047
8195,8588,117.0,-39.275,173.825,12.58784728675596,11.88584728675596
8196,8596,200.0,-39.275,173.875,12.751049851410926,11.551049851410927
8197,8600,288.0,-39.275,173.925,12.952090521244713,11.224090521244714
8198,8604,501.0,-39.275,173.975,13.197148589193148,10.191148589193148
8199,8849,87.0,-39.325,173.825,12.545711279605825,12.023711279605825
8200,8852,163.0,-39.325,173.875,12.704444670556256,11.726444670556257
8201,8855,288.0,-39.325,173.925,12.900268658232903,11.172268658232904
8202,8858,461.0,-39.325,173.975,13.13918094540145,10.37318094540145
8203,8895,74.0,-39.225,173.825,12.61936167736576,12.175361677365759
8204,8896,144.0,-39.225,173.875,12.779314325956989,11.915314325956988
8205,8897,220.0,-39.225,173.925,12.975171770754173,11.655171770754173
8206,8898,509.0,-39.225,173.975,13.212453721784868,10.158453721784868
8207,8577,428.0,-39.375,174.025,13.305085462101601,10.737085462101602
8208,8578,504.0,-39.375,174.075,13.618255827224289,10.594255827224288
8209,8579,470.0,-39.375,174.125,13.986492618519833,11.166492618519833
8210,8608,857.0,-39.275,174.025,13.492724929227165,8.350724929227166
8211,8612,1244.0,-39.275,174.075,13.844559807166888,6.380559807166889
8212,8616,746.0,-39.275,174.125,14.255086239624461,9.779086239624462
8213,8861,820.0,-39.325,174.025,13.427746955808288,8.50774695580829
8214,8864,1142.0,-39.325,174.075,13.772539389696362,6.920539389696363
8215,8867,736.0,-39.325,174.125,14.178644865532988,9.762644865532987
8216,8899,1047.0,-39.225,174.025,13.496692931827738,7.214692931827738
8217,8900,623.0,-39.225,174.075,13.832139987110736,10.094139987110736
8218,8901,471.0,-39.225,174.125,14.21885179012338,11.39285179012338
8219,8580,421.0,-39.375,174.175,14.4131990223824,11.8871990223824
8220,8581,340.0,-39.375,174.225,14.891964278372143,12.851964278372144
8221,8582,279.0,-39.375,174.275,15.379463984093604,13.705463984093605
8222,8583,241.0,-39.375,174.325,15.748940577599342,14.302940577599342
8223,8620,514.0,-39.275,174.175,14.718149887633786,11.634149887633786
8224,8625,380.0,-39.275,174.225,15.20905040687353,12.92905040687353
8225,8630,314.0,-39.275,174.275,15.667896631344206,13.783896631344206
8226,8715,274.0,-39.275,174.325,15.999089537564146,14.355089537564146
8227,8902,365.0,-39.225,174.175,14.647197870026503,12.457197870026503
8228,8903,294.0,-39.225,174.225,15.090036805565319,13.32603680556532
8229,8904,230.0,-39.225,174.275,15.498122745889873,14.118122745889874
8230,8905,220.0,-39.225,174.325,15.816184090602405,14.496184090602405
8231,8920,546.0,-39.325,174.175,14.645941069965488,11.369941069965488
8232,8922,417.0,-39.325,174.225,15.160151087672034,12.658151087672035
8233,8924,329.0,-39.325,174.275,15.671494724032414,13.697494724032413
8234,8925,264.0,-39.325,174.325,16.023609675078546,14.439609675078547
8235,8041,256.0,-39.375,174.375,15.95544757171615,14.41944757171615
8236,8109,194.0,-39.375,174.425,16.086035327342756,14.922035327342757
8237,8111,163.0,-39.375,174.475,16.179781029718242,15.201781029718243
8238,8113,220.0,-39.375,174.525,16.251352023197,14.931352023197
8239,8717,200.0,-39.275,174.375,16.17743763856106,14.97743763856106
8240,8719,217.0,-39.275,174.425,16.267475849868674,14.965475849868675
8241,8723,222.0,-39.275,174.475,16.315682355076547,14.983682355076546
8242,8727,187.0,-39.275,174.525,16.343296859859606,15.221296859859606
8243,8906,242.0,-39.225,174.375,16.024965274817646,14.572965274817646
8244,8907,120.0,-39.225,174.425,16.14896797378435,15.428967973784351
8245,8908,158.0,-39.225,174.475,16.22071654529043,15.272716545290429
8246,8909,228.0,-39.225,174.525,16.26257474171996,14.894574741719959
8247,8926,200.0,-39.325,174.375,16.172925607943853,14.972925607943854
8248,8927,200.0,-39.325,174.425,16.253543943091927,15.053543943091928
8249,8928,253.0,-39.325,174.475,16.304661756082396,14.786661756082395
8250,8929,213.0,-39.325,174.525,16.34044654076206,15.062446540762059
8251,8115,388.0,-39.375,174.575,16.307232021751247,13.979232021751248
8252,8117,470.0,-39.375,174.625,16.35033279540312,13.530332795403119
8253,8119,669.0,-39.375,174.675,16.381644764327234,12.367644764327235
8254,8731,179.0,-39.275,174.575,16.359747856018544,15.285747856018544
8255,8735,180.0,-39.275,174.625,16.368996812937553,15.288996812937553
8256,8739,266.0,-39.275,174.675,16.37221750484298,14.776217504842979
8257,8910,199.0,-39.225,174.575,16.28730273014969,15.093302730149691
8258,8911,291.0,-39.225,174.625,16.30157548588079,14.555575485880789
8259,8912,289.0,-39.225,174.675,16.308410951963197,14.574410951963197
8260,8930,217.0,-39.325,174.575,16.36661149382303,15.06461149382303
8261,8931,272.0,-39.325,174.625,16.38524247048565,14.75324247048565
8262,8932,180.0,-39.325,174.675,16.396583594518575,15.316583594518574
8263,8001,138.0,-39.225,174.825,16.28529629502293,15.457296295022932
8264,8003,309.0,-39.225,174.875,16.258289869048212,14.404289869048213
8265,8122,517.0,-39.375,174.725,16.400964989077238,13.298964989077238
8266,8141,423.0,-39.375,174.775,16.40728976920593,13.869289769205931
8267,8145,478.0,-39.375,174.825,16.399079052940465,13.531079052940465
8268,8153,647.0,-39.375,174.875,16.37447933973067,12.49247933973067
8269,8743,326.0,-39.275,174.725,16.369005104915573,14.413005104915573
8270,8747,235.0,-39.275,174.775,16.357994479209538,14.947994479209537
8271,8816,117.0,-39.275,174.825,16.337243352318183,15.635243352318183
8272,8817,179.0,-39.275,174.875,16.304527493088813,15.230527493088813
8273,8913,445.0,-39.225,174.725,16.308569512238705,13.638569512238705
8274,8914,373.0,-39.225,174.775,16.301381915580464,14.063381915580464
8275,8933,258.0,-39.325,174.725,16.399799073227996,14.851799073227996
8276,8934,367.0,-39.325,174.775,16.393361997888633,14.191361997888633
8277,8935,326.0,-39.325,174.825,16.375310313610044,14.419310313610044
8278,8936,265.0,-39.325,174.875,16.343466199200407,14.753466199200407
8279,8004,213.0,-39.225,174.925,16.218213175966298,14.940213175966297
8280,8005,285.0,-39.225,174.975,16.163101516822962,14.453101516822962
8281,8006,472.0,-39.225,175.025,16.091476603469232,13.259476603469231
8282,8415,691.0,-39.375,174.925,16.33154869409941,12.18554869409941
8283,8430,340.0,-39.375,174.975,16.268510322947577,14.228510322947578
8284,8438,174.0,-39.375,175.025,16.18404735860929,15.14004735860929
8285,8818,87.0,-39.275,174.925,16.25760971569298,15.735609715692979
8286,8819,88.0,-39.275,174.975,16.194508709627485,15.666508709627484
8287,8820,303.0,-39.275,175.025,16.113773727422767,14.295773727422768
8288,8937,311.0,-39.325,174.925,16.295660300962368,14.429660300962368
8289,8938,104.0,-39.325,174.975,16.229978614284278,15.605978614284277
8290,8939,373.0,-39.325,175.025,16.145031831159713,13.907031831159713
8291,8007,331.0,-39.225,175.075,16.002650284613765,14.016650284613764
8292,8008,608.0,-39.225,175.125,15.896996462649213,12.248996462649213
8293,8009,346.0,-39.225,175.175,15.776017727349654,13.700017727349653
8294,8010,588.0,-39.225,175.225,15.641927234581544,12.113927234581544
8295,8443,289.0,-39.375,175.075,16.07762415030004,14.34362415030004
8296,8450,250.0,-39.375,175.125,15.949772882824107,14.449772882824107
8297,8587,348.0,-39.375,175.175,15.802247207495952,13.714247207495951
8298,8589,605.0,-39.375,175.225,15.637970408493345,12.007970408493346
8299,8821,348.0,-39.275,175.075,16.014746047652466,13.926746047652465
8300,8822,403.0,-39.275,175.125,15.897743814026171,13.479743814026172
8301,8823,433.0,-39.275,175.175,15.764059248018384,13.166059248018385
8302,8841,416.0,-39.275,175.225,15.615716704353986,13.119716704353985
8303,8940,383.0,-39.325,175.075,16.040220229899262,13.742220229899262
8304,8941,361.0,-39.325,175.125,15.915930942064563,13.749930942064562
8305,8942,475.0,-39.325,175.175,15.773586547259185,12.923586547259186
8306,8943,428.0,-39.325,175.225,15.61551485707696,13.04751485707696
8307,8011,664.0,-39.225,175.275,15.497113937045015,11.513113937045015
8308,8012,612.0,-39.225,175.325,15.344750665006927,11.672750665006927
8309,8013,744.0,-39.225,175.375,15.190636225393746,10.726636225393746
8310,8591,561.0,-39.375,175.275,15.460780454642077,12.094780454642077
8311,8593,593.0,-39.375,175.325,15.274932201341812,11.716932201341812
8312,8595,644.0,-39.375,175.375,15.083823217140036,11.219823217140036
8313,8844,520.0,-39.275,175.275,15.455230407505269,12.335230407505268
8314,8847,715.0,-39.275,175.325,15.285843683668418,10.995843683668419
8315,8850,765.0,-39.275,175.375,15.112685415169835,10.522685415169835
8316,8944,474.0,-39.325,175.275,15.444719203704722,12.600719203704722
8317,8945,606.0,-39.325,175.325,15.264664385348738,11.628664385348738
8318,8946,763.0,-39.325,175.375,15.0792986905347,10.5012986905347
8319,8014,1195.0,-39.225,175.425,15.045469114701518,7.875469114701519
8320,8015,1142.0,-39.225,175.475,14.927529248331439,8.075529248331438
8321,8016,1307.0,-39.225,175.525,14.867485259930618,7.025485259930618
8322,8017,1489.0,-39.225,175.575,14.915991824604475,5.981991824604476
8323,8598,909.0,-39.375,175.425,14.887448994548095,9.433448994548094
8324,8602,860.0,-39.375,175.475,14.69674367721251,9.53674367721251
8325,8606,930.0,-39.375,175.525,14.545316101045898,8.965316101045898
8326,8610,944.0,-39.375,175.575,14.46436570750501,8.80036570750501
8327,8853,909.0,-39.275,175.425,14.945589408887372,9.491589408887371
8328,8856,1138.0,-39.275,175.475,14.803783371944519,7.975783371944519
8329,8859,1820.0,-39.275,175.525,14.718887271994845,3.798887271994845
8330,8862,2469.0,-39.275,175.575,14.725764035685302,-0.08823596431469838
8331,8947,881.0,-39.325,175.425,14.895219825467223,9.609219825467221
8332,8948,1074.0,-39.325,175.475,14.729469496735817,8.285469496735818
8333,8949,1478.0,-39.325,175.525,14.61229179401522,5.744291794015222
8334,8950,1706.0,-39.325,175.575,14.574960676945523,4.338960676945524
8335,8018,1295.0,-39.225,175.625,15.070963776329336,7.300963776329336
8336,8019,1140.0,-39.225,175.675,15.296332221242665,8.456332221242665
8337,8020,970.0,-39.225,175.725,15.56685242612059,9.74685242612059
8338,8021,911.0,-39.225,175.775,15.857615366572986,10.391615366572987
8339,8614,965.0,-39.375,175.625,14.481471534563411,8.691471534563412
8340,8618,943.0,-39.375,175.675,14.620460608467113,8.962460608467113
8341,8622,897.0,-39.375,175.725,14.877309963795312,9.495309963795311
8342,8627,879.0,-39.375,175.775,15.20988907651963,9.935889076519631
8343,8865,1590.0,-39.275,175.625,14.83457393816434,5.294573938164341
8344,8868,1225.0,-39.275,175.675,15.031134063679872,7.681134063679872
8345,8869,1077.0,-39.275,175.725,15.29381409224004,8.831814092240041
8346,8870,1094.0,-39.275,175.775,15.59635668612674,9.03235668612674
8347,8951,1350.0,-39.325,175.625,14.63726440532804,6.53726440532804
8348,8952,1086.0,-39.325,175.675,14.803411579552744,8.287411579552746
8349,8953,1054.0,-39.325,175.725,15.059431054343747,8.73543105434375
8350,8954,1125.0,-39.325,175.775,15.374933067681411,8.624933067681411
8351,8022,1106.0,-39.225,175.825,16.14607226715873,9.51007226715873
8352,8023,1211.0,-39.225,175.875,16.41750961560001,9.151509615600013
8353,8024,1635.0,-39.225,175.925,16.66764947078218,6.85764947078218
8354,8632,1109.0,-39.375,175.825,15.574032374877532,8.920032374877533
8355,8714,1056.0,-39.375,175.875,15.940858398031878,9.604858398031878
8356,8720,1137.0,-39.375,175.925,16.295105180611017,9.473105180611018
8357,8871,1459.0,-39.275,175.825,15.912718909493492,7.158718909493492
8358,8872,1243.0,-39.275,175.875,16.223547638030652,8.765547638030654
8359,8873,1402.0,-39.275,175.925,16.519065815448585,8.107065815448586
8360,8955,1228.0,-39.325,175.825,15.716632171399993,8.348632171399995
8361,8956,1107.0,-39.325,175.875,16.05969141725734,9.417691417257341
8362,8957,1244.0,-39.325,175.925,16.390347572996063,8.926347572996065
8363,8025,912.0,-39.225,175.975,16.900641152606,11.428641152606
8364,8026,1323.0,-39.225,176.025,17.124891619656864,9.186891619656866
8365,8027,1291.0,-39.225,176.075,17.349505506281673,9.603505506281675
8366,8028,1112.0,-39.225,176.125,17.58220765636287,10.910207656362868
8367,8724,1053.0,-39.375,175.975,16.631091171202115,10.313091171202116
8368,8728,778.0,-39.375,176.025,16.94914484277217,12.281144842772171
8369,8732,976.0,-39.375,176.075,17.252764875982848,11.396764875982848
8370,8736,880.0,-39.375,176.125,17.54659585329631,12.266595853296309
8371,8874,861.0,-39.275,175.975,16.79795059085427,11.63195059085427
8372,8875,1156.0,-39.275,176.025,17.064272182132243,10.128272182132243
8373,8876,1086.0,-39.275,176.075,17.324411940544195,10.808411940544197
8374,8877,1126.0,-39.275,176.125,17.58484811260172,10.828848112601719
8375,8958,1255.0,-39.325,175.975,16.703993672116695,9.173993672116694
8376,8959,1067.0,-39.325,176.025,17.002046712640322,10.60004671264032
8377,8960,1030.0,-39.325,176.075,17.28902047998696,11.10902047998696
8378,8961,891.0,-39.325,176.125,17.570343941714185,12.224343941714185
8379,8029,1327.0,-39.225,176.175,17.8284450790606,9.8664450790606
8380,8030,1253.0,-39.225,176.225,18.09120265250442,10.573202652504422
8381,8031,1346.0,-39.225,176.275,18.371208819409873,10.295208819409872
8382,8107,1075.0,-39.325,176.225,18.134838446207937,11.684838446207937
8383,8124,797.0,-39.325,176.275,18.424348871554344,13.642348871554344
8384,8740,911.0,-39.375,176.175,17.835160055118763,12.369160055118764
8385,8744,1147.0,-39.375,176.225,18.12218449895704,11.240184498957039
8386,8748,1186.0,-39.375,176.275,18.4103434141025,11.2943434141025
8387,8878,1061.0,-39.275,176.175,17.85089584070461,11.48489584070461
8388,8879,1108.0,-39.275,176.225,18.12617201435654,11.478172014356542
8389,8880,1062.0,-39.275,176.275,18.412524793764845,12.040524793764845
8390,8962,965.0,-39.325,176.175,17.851000413682073,12.061000413682073
8391,8032,1373.0,-39.225,176.325,18.667324992342998,10.429324992342998
8392,8033,1181.0,-39.225,176.375,18.97697812075444,11.890978120754438
8393,8034,932.0,-39.225,176.425,19.296538753386415,13.704538753386416
8394,8035,585.0,-39.225,176.475,19.62157910051897,16.111579100518973
8395,8140,1288.0,-39.325,176.325,18.720725822031397,10.992725822031398
8396,8146,1120.0,-39.325,176.375,19.024072909597294,12.304072909597295
8397,8154,769.0,-39.325,176.425,19.333653639965405,14.719653639965404
8398,8416,556.0,-39.325,176.475,19.648109589575256,16.312109589575257
8399,8825,688.0,-39.375,176.325,18.701263850622126,14.573263850622126
8400,8827,703.0,-39.375,176.375,18.995680398945638,14.777680398945638
8401,8829,460.0,-39.375,176.425,19.293657274116754,16.533657274116756
8402,8831,577.0,-39.375,176.475,19.594816754534236,16.132816754534236
8403,8881,933.0,-39.275,176.325,18.710221508489553,13.112221508489554
8404,8882,1568.0,-39.275,176.375,19.018245545286135,9.610245545286135
8405,8883,891.0,-39.275,176.425,19.33459590521653,13.988595905216531
8406,8884,641.0,-39.275,176.475,19.65651148548892,15.81051148548892
8407,8036,500.0,-39.225,176.525,19.94696717902218,16.94696717902218
8408,8037,665.0,-39.225,176.575,20.266765942537404,16.276765942537402
8409,8038,572.0,-39.225,176.625,20.57392137257517,17.141921372575172
8410,8417,559.0,-39.325,176.525,19.96557751239186,16.61157751239186
8411,8418,567.0,-39.325,176.575,20.283623192317464,16.881623192317463
8412,8419,361.0,-39.325,176.625,20.5988698310739,18.432869831073898
8413,8832,299.0,-39.375,176.525,19.898519061249544,18.104519061249544
8414,8833,260.0,-39.375,176.575,20.203923693660045,18.643923693660046
8415,8835,277.0,-39.375,176.625,20.509810138757985,18.847810138757985
8416,8885,610.0,-39.275,176.525,19.98055555964936,16.32055555964936
8417,8886,520.0,-39.275,176.575,20.302494774573688,17.182494774573687
8418,8887,414.0,-39.275,176.625,20.616897155624315,18.132897155624317
8419,8039,722.0,-39.225,176.675,20.859766192117206,16.527766192117205
8420,8040,476.0,-39.225,176.725,21.113480008008537,18.257480008008535
8421,8042,305.0,-39.225,176.775,21.32187974557553,19.49187974557553
8422,8043,242.0,-39.225,176.825,21.47022779020233,20.01822779020233
8423,8420,239.0,-39.325,176.675,20.90613168302275,19.47213168302275
8424,8421,350.0,-39.325,176.725,21.1968082935025,19.096808293502498
8425,8422,248.0,-39.325,176.775,21.456446880501062,19.968446880501062
8426,8433,296.0,-39.325,176.825,21.662356162939886,19.886356162939887
8427,8836,333.0,-39.375,176.675,20.813912974749655,18.815912974749654
8428,8837,200.0,-39.375,176.725,21.111277896265392,19.911277896265393
8429,8838,186.0,-39.375,176.775,21.39077101567841,20.27477101567841
8430,8840,234.0,-39.375,176.825,21.628970881123905,20.224970881123905
8431,8888,336.0,-39.275,176.675,20.916377722305583,18.900377722305585
8432,8889,378.0,-39.275,176.725,21.190503704850357,18.922503704850357
8433,8890,180.0,-39.275,176.775,21.424680247308743,20.344680247308744
8434,8891,460.0,-39.275,176.825,21.60005726978079,18.840057269780793
8435,8044,278.0,-39.225,176.875,21.544808339499127,19.876808339499128
8436,8045,283.0,-39.225,176.925,21.537167288840465,19.839167288840464
8437,8046,307.0,-39.225,176.975,21.44806856841751,19.606068568417513
8438,8047,267.0,-39.225,177.025,21.288321567573348,19.686321567573348
8439,8434,182.0,-39.325,176.875,21.784886017280087,20.692886017280088
8440,8444,54.0,-39.325,176.925,21.79836735093636,21.474367350936358
8441,8843,22.0,-39.375,176.875,21.784592591809997,21.652592591809995
8442,8892,381.0,-39.275,176.875,21.69638640514404,19.41038640514404
8443,8893,304.0,-39.275,176.925,21.699084240787215,19.875084240787217
8444,8894,132.0,-39.275,176.975,21.607351898756633,20.81535189875663
8445,8048,185.0,-39.225,177.875,19.75880252370962,18.64880252370962
8446,8049,61.0,-39.175,173.875,12.792095179322018,12.426095179322019
8447,8050,141.0,-39.175,173.925,12.973690261380966,12.127690261380966
8448,8051,453.0,-39.175,173.975,13.191332521292225,10.473332521292225
8449,8164,41.0,-39.125,173.975,13.147322326071276,12.901322326071275
8450,8052,358.0,-39.175,174.025,13.449219259698907,11.301219259698907
8451,8053,307.0,-39.175,174.075,13.75050728500878,11.90850728500878
8452,8054,281.0,-39.175,174.125,14.09513712753619,12.40913712753619
8453,8165,142.0,-39.125,174.025,13.369262539307329,12.517262539307328
8454,8166,160.0,-39.125,174.075,13.625546326598396,12.665546326598395
8455,8167,153.0,-39.125,174.125,13.91813593389179,13.00013593389179
8456,8232,25.0,-39.075,174.025,13.281206128039457,13.131206128039457
8457,8233,43.0,-39.075,174.075,13.4890395599773,13.231039559977301
8458,8234,80.0,-39.075,174.125,13.725607065392524,13.245607065392523
8459,8055,254.0,-39.175,174.175,14.475345648257871,12.95134564825787
8460,8056,207.0,-39.175,174.225,14.869452569359964,13.627452569359965
8461,8057,172.0,-39.175,174.275,15.24086007358244,14.20886007358244
8462,8058,184.0,-39.175,174.325,15.551576973644956,14.447576973644956
8463,8168,169.0,-39.125,174.175,14.246109402379489,13.23210940237949
8464,8169,177.0,-39.125,174.225,14.597703654080306,13.535703654080306
8465,8170,146.0,-39.125,174.275,14.944032215778861,14.068032215778862
8466,8171,117.0,-39.125,174.325,15.251648919350828,14.549648919350828
8467,8235,87.0,-39.075,174.175,14.000046859683835,13.478046859683834
8468,8236,109.0,-39.075,174.225,14.316930609977135,13.662930609977135
8469,8237,86.0,-39.075,174.275,14.647524023805545,14.131524023805545
8470,8238,144.0,-39.075,174.325,14.953652660852413,14.089652660852412
8471,8059,188.0,-39.175,174.375,15.783127305091284,14.655127305091284
8472,8060,122.0,-39.175,174.425,15.941936315408043,15.209936315408044
8473,8065,258.0,-39.175,174.475,16.04641584141882,14.49841584141882
8474,8066,110.0,-39.175,174.525,16.114541298326685,15.454541298326685
8475,8172,187.0,-39.125,174.375,15.500476137255646,14.378476137255646
8476,8173,162.0,-39.125,174.425,15.68827910259074,14.716279102590741
8477,8174,166.0,-39.125,174.475,15.82439669216592,14.828396692165919
8478,8175,187.0,-39.125,174.525,15.921790390057367,14.799790390057368
8479,8239,135.0,-39.075,174.375,15.213836251660268,14.403836251660268
8480,8240,266.0,-39.075,174.425,15.422401148609424,13.826401148609424
8481,8241,68.0,-39.075,174.475,15.583887870145645,15.175887870145646
8482,8242,247.0,-39.075,174.525,15.707553311296124,14.225553311296125
8483,8067,201.0,-39.175,174.575,16.159486194457486,14.953486194457486
8484,8068,235.0,-39.175,174.625,16.18964669903289,14.779646699032892
8485,8069,201.0,-39.175,174.675,16.20972860491952,15.00372860491952
8486,8176,196.0,-39.125,174.575,15.992224783869915,14.816224783869915
8487,8177,254.0,-39.125,174.625,16.044505591114103,14.520505591114102
8488,8178,347.0,-39.125,174.675,16.084309086447547,14.002309086447546
8489,8243,204.0,-39.075,174.575,15.803346003564457,14.579346003564456
8490,8244,198.0,-39.075,174.625,15.879648683737742,14.691648683737741
8491,8245,225.0,-39.075,174.675,15.942360366271942,14.592360366271942
8492,8070,217.0,-39.175,174.725,16.22178259304542,14.919782593045419
8493,8071,269.0,-39.175,174.775,16.226017691650213,14.612017691650212
8494,8072,314.0,-39.175,174.825,16.22143886502863,14.33743886502863
8495,8073,313.0,-39.175,174.875,16.206360443688027,14.328360443688027
8496,8179,229.0,-39.125,174.725,16.114619553849934,14.740619553849934
8497,8180,393.0,-39.125,174.775,16.13635180898177,13.778351808981771
8498,8181,224.0,-39.125,174.825,16.148992857440817,14.804992857440817
8499,8182,261.0,-39.125,174.875,16.1511827397876,14.585182739787601
8500,8246,351.0,-39.075,174.725,15.994823418932128,13.888823418932128
8501,8247,282.0,-39.075,174.775,16.03823724682411,14.34623724682411
8502,8248,188.0,-39.075,174.825,16.072288350431336,14.944288350431336
8503,8249,115.0,-39.075,174.875,16.095790236411403,15.405790236411404
8504,8074,372.0,-39.175,174.925,16.178826338589715,13.946826338589716
8505,8075,247.0,-39.175,174.975,16.136962193341787,14.654962193341788
8506,8076,433.0,-39.175,175.025,16.079294568544128,13.48129456854413
8507,8183,226.0,-39.125,174.925,16.14119459924791,14.78519459924791
8508,8184,138.0,-39.125,174.975,16.117309645553632,15.289309645553633
8509,8185,277.0,-39.125,175.025,16.07811819478502,14.416118194785021
8510,8250,232.0,-39.075,174.925,16.10721124102224,14.715211241022242
8511,8251,364.0,-39.075,174.975,16.105054706375086,13.921054706375084
8512,8252,281.0,-39.075,175.025,16.088116748432867,14.402116748432867
8513,8077,388.0,-39.175,175.075,16.005093521311665,13.677093521311665
8514,8078,410.0,-39.175,175.125,15.91480799050646,13.454807990506461
8515,8079,578.0,-39.175,175.175,15.810495954337057,12.342495954337057
8516,8080,559.0,-39.175,175.225,15.695303915658315,12.341303915658315
8517,8108,419.0,-39.075,175.075,16.055691051571557,13.541691051571558
8518,8123,371.0,-39.075,175.125,16.007874295098645,13.781874295098646
8519,8136,215.0,-39.075,175.175,15.946468055458809,14.65646805545881
8520,8152,200.0,-39.075,175.225,15.87925894744717,14.67925894744717
8521,8186,269.0,-39.125,175.075,16.022823102615803,14.408823102615802
8522,8187,142.0,-39.125,175.125,15.95171905522102,15.09971905522102
8523,8188,443.0,-39.125,175.175,15.86726133535808,13.20926133535808
8524,8189,371.0,-39.125,175.225,15.774856928883764,13.548856928883765
8525,8081,300.0,-39.175,175.275,15.57165096434096,13.77165096434096
8526,8082,565.0,-39.175,175.325,15.44229203762552,12.05229203762552
8527,8083,837.0,-39.175,175.375,15.313572355318001,10.291572355318003
8528,8190,392.0,-39.125,175.275,15.676653618456157,13.324653618456157
8529,8191,353.0,-39.125,175.325,15.573875496284927,13.455875496284927
8530,8192,636.0,-39.125,175.375,15.473942349328809,11.65794234932881
8531,8254,306.0,-39.075,175.275,15.807252199869026,13.971252199869026
8532,8259,415.0,-39.075,175.325,15.730008868449204,13.240008868449204
8533,8273,541.0,-39.075,175.375,15.656805276829346,12.410805276829345
8534,8084,846.0,-39.175,175.425,15.197113038996804,10.121113038996803
8535,8085,878.0,-39.175,175.475,15.111071003964753,9.843071003964752
8536,8086,997.0,-39.175,175.525,15.08410037990916,9.10210037990916
8537,8087,1175.0,-39.175,175.575,15.165566107383029,8.115566107383028
8538,8193,740.0,-39.125,175.425,15.390326376996427,10.950326376996426
8539,8194,782.0,-39.125,175.475,15.342612361449483,10.650612361449483
8540,8195,883.0,-39.125,175.525,15.35738401929143,10.05938401929143
8541,8196,1044.0,-39.125,175.575,15.460600202940213,9.196600202940214
8542,8276,960.0,-39.075,175.425,15.602708350120565,9.842708350120565
8543,8281,691.0,-39.075,175.475,15.586831284495474,11.440831284495474
8544,8283,805.0,-39.075,175.525,15.629818225382223,10.799818225382223
8545,8285,790.0,-39.075,175.575,15.746469534249854,11.006469534249854
8546,8088,1555.0,-39.175,175.625,15.348407539636014,6.018407539636014
8547,8089,1268.0,-39.175,175.675,15.591149196631932,7.983149196631932
8548,8090,1026.0,-39.175,175.725,15.865078701031052,9.709078701031054
8549,8091,806.0,-39.175,175.775,16.14243161115064,11.306431611150641
8550,8197,1595.0,-39.125,175.625,15.649497077328078,6.07949707732808
8551,8198,1554.0,-39.125,175.675,15.896012895956119,6.572012895956119
8552,8199,986.0,-39.125,175.725,16.16781407627036,10.25181407627036
8553,8200,710.0,-39.125,175.775,16.430311383446224,12.170311383446224
8554,8289,906.0,-39.075,175.625,15.93515551897758,10.499155518977581
8555,8294,789.0,-39.075,175.675,16.177237812038356,11.443237812038356
8556,8299,564.0,-39.075,175.725,16.44314118495231,13.05914118495231
8557,8304,581.0,-39.075,175.775,16.69249983903478,13.20649983903478
8558,8092,983.0,-39.175,175.825,16.399403277949204,10.501403277949205
8559,8093,1008.0,-39.175,175.875,16.62395241460672,10.57595241460672
8560,8094,1236.0,-39.175,175.925,16.818755728762994,9.402755728762994
8561,8201,644.0,-39.125,175.825,16.652184142251144,12.788184142251144
8562,8202,971.0,-39.125,175.875,16.821340528026212,10.995340528026212
8563,8203,1314.0,-39.125,175.925,16.950771242082737,9.066771242082737
8564,8309,496.0,-39.075,175.825,16.877589637539586,13.901589637539587
8565,8314,622.0,-39.075,175.875,16.981285328439753,13.249285328439754
8566,8319,1020.0,-39.075,175.925,17.036538748265684,10.916538748265685
8567,8095,1150.0,-39.175,175.975,16.99590519159858,10.095905191598582
8568,8096,1074.0,-39.175,176.025,17.169699678085976,10.725699678085977
8569,8097,1177.0,-39.175,176.075,17.352452941519232,10.290452941519233
8570,8098,1419.0,-39.175,176.125,17.553016425317765,9.039016425317765
8571,8204,1432.0,-39.125,175.975,17.063958001549054,8.471958001549053
8572,8205,1198.0,-39.125,176.025,17.18197113608062,9.99397113608062
8573,8206,1360.0,-39.125,176.075,17.31996719670019,9.15996719670019
8574,8207,1270.0,-39.125,176.125,17.48733148653821,9.86733148653821
8575,8324,1010.0,-39.075,175.975,17.081950371923085,11.021950371923086
8576,8329,1187.0,-39.075,176.025,17.143897638753288,10.021897638753288
8577,8334,942.0,-39.075,176.075,17.23890550693659,11.586905506936588
8578,8335,1071.0,-39.075,176.125,17.376084850810685,10.950084850810685
8579,8099,1006.0,-39.175,176.175,17.77658428029531,11.740584280295309
8580,8100,1095.0,-39.175,176.225,18.025026760342257,11.455026760342257
8581,8101,1279.0,-39.175,176.275,18.297458893509543,10.623458893509543
8582,8208,915.0,-39.125,176.175,17.68843460174594,12.198434601745939
8583,8209,823.0,-39.125,176.225,17.923496680444714,12.985496680444715
8584,8210,994.0,-39.125,176.275,18.189533785774074,12.225533785774076
8585,8336,1357.0,-39.075,176.175,17.558452373147247,9.416452373147248
8586,8337,1051.0,-39.075,176.225,17.784096953213066,11.478096953213065
8587,8338,620.0,-39.075,176.275,18.047497134150262,14.327497134150263
8588,8102,1236.0,-39.175,176.325,18.59088783408663,11.17488783408663
8589,8103,1002.0,-39.175,176.375,18.900819649145376,12.888819649145375
8590,8104,799.0,-39.175,176.425,19.221741736080958,14.427741736080957
8591,8105,597.0,-39.175,176.475,19.54743696818494,15.965436968184939
8592,8211,930.0,-39.125,176.325,18.481300437399454,12.901300437399454
8593,8212,571.0,-39.125,176.375,18.79210235691835,15.366102356918349
8594,8213,984.0,-39.125,176.425,19.11439795105821,13.210397951058209
8595,8214,794.0,-39.125,176.475,19.440173321368434,14.676173321368434
8596,8339,751.0,-39.075,176.325,18.340825302523854,13.834825302523853
8597,8340,991.0,-39.075,176.375,18.655005991699,12.709005991699
8598,8341,794.0,-39.075,176.425,18.980433934109215,14.216433934109215
8599,8342,943.0,-39.075,176.475,19.307388229680328,13.649388229680328
8600,8064,502.0,-39.175,176.575,20.185384814204212,17.173384814204212
8601,8106,453.0,-39.175,176.525,19.87111714323146,17.15311714323146
8602,8143,396.0,-39.175,176.625,20.482056105693573,18.106056105693572
8603,8215,605.0,-39.125,176.525,19.761119711166316,16.131119711166317
8604,8216,562.0,-39.125,176.575,20.06866277846632,16.69666277846632
8605,8217,541.0,-39.125,176.625,20.35390804820787,17.10790804820787
8606,8343,812.0,-39.075,176.525,19.62623151989169,14.75423151989169
8607,8344,582.0,-39.075,176.575,19.92748458039796,16.435484580397958
8608,8345,570.0,-39.075,176.625,20.20185763881466,16.781857638814657
8609,8148,503.0,-39.175,176.675,20.751922157254512,17.73392215725451
8610,8156,894.0,-39.175,176.725,20.984611386110487,15.620611386110486
8611,8157,442.0,-39.175,176.775,21.16883292219984,18.51683292219984
8612,8158,181.0,-39.175,176.825,21.29335673284743,20.20735673284743
8613,8218,374.0,-39.125,176.675,20.60759330164956,18.36359330164956
8614,8219,845.0,-39.125,176.725,20.820180866253622,15.750180866253622
8615,8220,879.0,-39.125,176.775,20.98226122838787,15.70826122838787
8616,8221,688.0,-39.125,176.825,21.08541966321002,16.95741966321002
8617,8346,674.0,-39.075,176.675,20.440319996711935,16.396319996711934
8618,8347,367.0,-39.075,176.725,20.634298022784606,18.432298022784607
8619,8348,527.0,-39.075,176.775,20.776089833421906,17.614089833421907
8620,8349,592.0,-39.075,176.825,20.85954260461108,17.30754260461108
8621,8159,292.0,-39.175,176.875,21.34893461219872,19.59693461219872
8622,8160,159.0,-39.175,176.925,21.330816841289106,20.376816841289106
8623,8161,93.0,-39.175,176.975,21.240788519120088,20.682788519120088
8624,8162,76.0,-39.175,177.025,21.087505718475427,20.631505718475427
8625,8222,487.0,-39.125,176.875,21.123565168182154,18.201565168182153
8626,8223,322.0,-39.125,176.925,21.094422078828757,19.162422078828758
8627,8224,148.0,-39.125,176.975,21.000600365596938,20.112600365596936
8628,8225,158.0,-39.125,177.025,20.849684858304954,19.901684858304954
8629,8350,464.0,-39.075,176.875,20.880931708402272,18.096931708402273
8630,8351,442.0,-39.075,176.925,20.83982954808414,18.18782954808414
8631,8352,295.0,-39.075,176.975,20.739645090284057,18.969645090284057
8632,8353,278.0,-39.075,177.025,20.58756488816084,18.919564888160842
8633,8226,141.0,-39.125,177.075,20.653226326475078,19.807226326475078
8634,8227,97.0,-39.125,177.125,20.425069179509592,19.84306917950959
8635,8228,60.0,-39.125,177.175,20.17967869836002,19.819678698360022
8636,8354,222.0,-39.075,177.075,20.393851170111247,19.061851170111247
8637,8355,121.0,-39.075,177.125,20.170719329498752,19.444719329498753
8638,8356,147.0,-39.075,177.175,19.931152430403472,19.04915243040347
8639,8357,94.0,-39.075,177.225,19.687963123270947,19.123963123270947
8640,8358,20.0,-39.075,177.275,19.453277710569864,19.333277710569863
8641,8359,20.0,-39.075,177.325,19.238535124864484,19.118535124864483
8642,8163,277.0,-39.175,177.875,19.662030615387266,18.000030615387267
8643,8229,183.0,-39.125,177.875,19.560010444989075,18.462010444989076
8644,8230,120.0,-39.125,177.925,19.702960539556898,18.9829605395569
8645,8360,22.0,-39.075,177.875,19.453402368746083,19.32140236874608
8646,8231,126.0,-39.125,177.975,19.850218228082213,19.094218228082212
8647,8361,30.0,-39.025,174.175,13.781017196469293,13.601017196469293
8648,8362,56.0,-39.025,174.225,14.07222966830659,13.73622966830659
8649,8363,69.0,-39.025,174.275,14.390245459807147,13.976245459807147
8650,8364,59.0,-39.025,174.325,14.689979335217913,14.335979335217914
8651,8365,50.0,-39.025,174.375,14.952453166047235,14.652453166047234
8652,8366,73.0,-39.025,174.425,15.171503460752092,14.733503460752091
8653,8367,149.0,-39.025,174.475,15.34929722485822,14.455297224858219
8654,8368,84.0,-39.025,174.525,15.492656251099106,14.988656251099107
8655,8629,24.0,-38.975,174.425,14.955810920432214,14.811810920432213
8656,8712,84.0,-38.975,174.475,15.139659858199138,14.635659858199139
8657,8716,54.0,-38.975,174.525,15.294326745328362,14.970326745328363
8658,8808,149.0,-38.925,174.525,15.126134576349614,14.232134576349614
8659,8369,146.0,-39.025,174.575,15.609945150926478,14.733945150926479
8660,8370,287.0,-39.025,174.625,15.708799852252014,13.986799852252014
8661,8371,193.0,-39.025,174.675,15.79479291231496,14.636792912314961
8662,8487,167.0,-38.875,174.575,15.140653891397506,14.138653891397505
8663,8488,49.0,-38.875,174.625,15.280449495176981,14.98644949517698
8664,8489,202.0,-38.875,174.675,15.422140899635451,14.210140899635451
8665,8718,78.0,-38.975,174.575,15.427018136558672,14.959018136558672
8666,8721,262.0,-38.975,174.625,15.54469024494665,13.972690244946651
8667,8725,210.0,-38.975,174.675,15.652285062113151,14.392285062113151
8668,8809,172.0,-38.925,174.575,15.267094545898999,14.235094545898999
8669,8810,144.0,-38.925,174.625,15.398583052914091,14.53458305291409
8670,8811,284.0,-38.925,174.675,15.524881062352051,13.82088106235205
8671,8372,298.0,-39.025,174.725,15.8710110882148,14.0830110882148
8672,8373,275.0,-39.025,174.775,15.93836955094821,14.28836955094821
8673,8374,189.0,-39.025,174.825,15.996317116966111,14.86231711696611
8674,8375,121.0,-39.025,174.875,16.043575390489423,15.317575390489424
8675,8490,97.0,-38.875,174.725,15.56397192114764,14.98197192114764
8676,8491,395.0,-38.875,174.775,15.701118522545585,13.331118522545584
8677,8492,428.0,-38.875,174.825,15.828887809048865,13.260887809048866
8678,8493,391.0,-38.875,174.875,15.943964421681812,13.597964421681812
8679,8729,348.0,-38.975,174.725,15.752033680402292,13.66403368040229
8680,8733,284.0,-38.975,174.775,15.843885399644478,14.139885399644477
8681,8737,153.0,-38.975,174.825,15.926502498894024,15.008502498894025
8682,8741,212.0,-38.975,174.875,15.99818107719966,14.72618107719966
8683,8812,280.0,-38.925,174.725,15.646709697473852,13.966709697473853
8684,8813,320.0,-38.925,174.775,15.762206434537347,13.842206434537347
8685,8814,467.0,-38.925,174.825,15.868631700022888,13.066631700022889
8686,8815,277.0,-38.925,174.875,15.96354044169766,14.30154044169766
8687,8002,304.0,-38.925,174.925,16.045264719699844,14.221264719699844
8688,8110,186.0,-38.925,174.975,16.113019024289315,14.997019024289315
8689,8112,140.0,-38.925,175.025,16.166860505137265,15.326860505137265
8690,8376,221.0,-39.025,174.925,16.07870935450228,14.75270935450228
8691,8377,307.0,-39.025,174.975,16.100492010329162,14.258492010329162
8692,8378,280.0,-39.025,175.025,16.108110446774845,14.428110446774845
8693,8494,481.0,-38.875,174.925,16.04447123373575,13.15847123373575
8694,8495,178.0,-38.875,174.975,16.129726330098947,15.061726330098947
8695,8496,179.0,-38.875,175.025,16.199985303685025,15.125985303685026
8696,8745,301.0,-38.975,174.925,16.057437296272383,14.251437296272384
8697,8749,174.0,-38.975,174.975,16.103301490404192,15.059301490404192
8698,8750,140.0,-38.975,175.025,16.135436931819413,15.295436931819413
8699,8114,254.0,-38.925,175.075,16.207572257950687,14.683572257950686
8700,8116,176.0,-38.925,175.125,16.236374230723868,15.180374230723867
8701,8118,323.0,-38.925,175.175,16.2540736757569,14.316073675756899
8702,8120,178.0,-38.925,175.225,16.258629088044017,15.190629088044018
8703,8379,162.0,-39.025,175.075,16.101289779975332,15.129289779975332
8704,8380,271.0,-39.025,175.125,16.08046914695001,14.454469146950009
8705,8381,479.0,-39.025,175.175,16.047389112513883,13.173389112513883
8706,8382,481.0,-39.025,175.225,16.005402086074355,13.119402086074356
8707,8497,197.0,-38.875,175.075,16.256171086772156,15.074171086772155
8708,8498,401.0,-38.875,175.125,16.299459231523542,13.893459231523543
8709,8499,371.0,-38.875,175.175,16.330434514891294,14.104434514891295
8710,8500,248.0,-38.875,175.225,16.347108160964126,14.859108160964126
8711,8751,230.0,-38.975,175.075,16.15416131939628,14.774161319396281
8712,8752,267.0,-38.975,175.125,16.160363940262414,14.558363940262414
8713,8753,397.0,-38.975,175.175,16.15504263258299,13.77304263258299
8714,8754,249.0,-38.975,175.225,16.137576759391322,14.643576759391323
8715,8125,210.0,-38.925,175.275,16.240198705417697,14.980198705417697
8716,8134,319.0,-38.925,175.325,16.198555290137392,14.284555290137392
8717,8137,238.0,-38.925,175.375,16.156810018592296,14.728810018592295
8718,8383,336.0,-39.025,175.275,15.954742962879664,13.938742962879664
8719,8384,415.0,-39.025,175.325,15.897291738750482,13.407291738750482
8720,8385,480.0,-39.025,175.375,15.843689804924225,12.963689804924226
8721,8501,267.0,-38.875,175.275,16.336921220702152,14.734921220702152
8722,8502,204.0,-38.875,175.325,16.295971385687153,15.071971385687153
8723,8503,251.0,-38.875,175.375,16.253206659011084,14.747206659011084
8724,8755,365.0,-38.975,175.275,16.104767739048384,13.914767739048385
8725,8756,339.0,-38.975,175.325,16.059467145600365,14.025467145600366
8726,8757,401.0,-38.975,175.375,16.015994906205833,13.609994906205834
8727,8150,373.0,-38.925,175.425,16.1326434279963,13.8946434279963
8728,8255,454.0,-38.925,175.475,16.138489352412762,13.414489352412762
8729,8258,549.0,-38.925,175.525,16.182661126935727,12.888661126935727
8730,8271,710.0,-38.925,175.575,16.26826575287714,12.008265752877142
8731,8386,660.0,-39.025,175.425,15.809900962738766,11.849900962738767
8732,8387,504.0,-39.025,175.475,15.81332287479745,12.789322874797449
8733,8388,550.0,-39.025,175.525,15.86964045124796,12.56964045124796
8734,8389,667.0,-39.025,175.575,15.988324204389755,11.986324204389756
8735,8504,257.0,-38.875,175.425,16.22432824217458,14.682328242174579
8736,8505,399.0,-38.875,175.475,16.21939701519659,13.825397015196591
8737,8506,751.0,-38.875,175.525,16.24424537756522,11.738245377565221
8738,8507,726.0,-38.875,175.575,16.29983609640476,11.94383609640476
8739,8758,432.0,-38.975,175.425,15.991553684611517,13.399553684611517
8740,8759,450.0,-38.975,175.475,16.00140434282571,13.301404342825709
8741,8760,616.0,-38.975,175.525,16.05728448266541,12.36128448266541
8742,8761,643.0,-38.975,175.575,16.16518487672056,12.307184876720559
8743,8275,654.0,-38.925,175.625,16.391712392967747,12.467712392967748
8744,8279,691.0,-38.925,175.675,16.541420901233323,12.395420901233322
8745,8288,562.0,-38.925,175.725,16.69610059891147,13.324100598911471
8746,8293,357.0,-38.925,175.775,16.82096940329575,14.67896940329575
8747,8390,636.0,-39.025,175.625,16.16804159441267,12.352041594412672
8748,8391,577.0,-39.025,175.675,16.39562534681818,12.933625346818179
8749,8392,642.0,-39.025,175.725,16.64723122559576,12.79523122559576
8750,8393,788.0,-39.025,175.775,16.88477157004968,12.15677157004968
8751,8508,595.0,-38.875,175.625,16.381211251606146,12.811211251606146
8752,8509,489.0,-38.875,175.675,16.476452057892402,13.542452057892403
8753,8510,453.0,-38.875,175.725,16.565812255857054,13.847812255857054
8754,8511,357.0,-38.875,175.775,16.622396747095536,14.480396747095536
8755,8762,640.0,-38.975,175.625,16.323067217527296,12.483067217527296
8756,8763,913.0,-38.975,175.675,16.519804995176855,11.041804995176854
8757,8764,792.0,-38.975,175.725,16.7345937795983,11.9825937795983
8758,8765,467.0,-38.975,175.775,16.932694835564007,14.130694835564007
8759,8298,357.0,-38.925,175.825,16.868858076767992,14.726858076767993
8760,8303,357.0,-38.925,175.875,16.82574115934085,14.683741159340851
8761,8308,400.0,-38.925,175.925,16.737230477473986,14.337230477473986
8762,8394,411.0,-39.025,175.825,17.03576008678374,14.569760086783738
8763,8395,457.0,-39.025,175.875,17.062662799249892,14.320662799249892
8764,8396,694.0,-39.025,175.925,17.043538040266412,12.879538040266413
8765,8512,357.0,-38.875,175.825,16.62058496090276,14.478584960902761
8766,8513,357.0,-38.875,175.875,16.556468090765065,14.414468090765066
8767,8514,357.0,-38.875,175.925,16.45607319497367,14.31407319497367
8768,8766,366.0,-38.975,175.825,17.039867038388593,14.843867038388593
8769,8767,435.0,-38.975,175.875,17.012771381260336,14.402771381260337
8770,8768,506.0,-38.975,175.925,16.943792741772086,13.907792741772086
8771,8313,585.0,-38.925,175.975,16.652847459746226,13.142847459746227
8772,8318,560.0,-38.925,176.025,16.608905123423483,13.248905123423484
8773,8323,683.0,-38.925,176.075,16.630941924245235,12.532941924245236
8774,8328,560.0,-38.925,176.125,16.73225964840526,13.372259648405262
8775,8397,669.0,-39.025,175.975,17.026824568367147,13.012824568367147
8776,8398,667.0,-39.025,176.025,17.039626387324915,13.037626387324917
8777,8399,874.0,-39.025,176.075,17.098750422544526,11.854750422544527
8778,8400,1092.0,-39.025,176.125,17.21297203520089,10.660972035200892
8779,8515,357.0,-38.875,175.975,16.358467637791364,14.216467637791364
8780,8516,505.0,-38.875,176.025,16.302358774328695,13.272358774328696
8781,8517,541.0,-38.875,176.075,16.32096749186303,13.07496749186303
8782,8518,526.0,-38.875,176.125,16.433301680506247,13.277301680506248
8783,8769,525.0,-38.975,175.975,16.8830626370152,13.7330626370152
8784,8770,639.0,-38.975,176.025,16.860262097303803,13.026262097303803
8785,8771,639.0,-38.975,176.075,16.894791784096697,13.060791784096697
8786,8772,674.0,-38.975,176.125,16.996583510196615,12.952583510196614
8787,8333,640.0,-38.925,176.175,16.912281570984533,13.072281570984533
8788,8401,1095.0,-39.025,176.175,17.38384337391858,10.81384337391858
8789,8402,739.0,-39.025,176.225,17.606973359277845,13.172973359277846
8790,8403,657.0,-39.025,176.275,17.873905399283785,13.931905399283785
8791,8436,757.0,-38.925,176.225,17.159767642513543,12.617767642513543
8792,8448,740.0,-38.925,176.275,17.458679698771903,13.018679698771901
8793,8519,605.0,-38.875,176.175,16.6363870844948,13.0063870844948
8794,8520,721.0,-38.875,176.225,16.91224761688227,12.586247616882268
8795,8521,781.0,-38.875,176.275,17.239760812120494,12.553760812120494
8796,8773,972.0,-38.975,176.175,17.166079152288148,11.334079152288147
8797,8774,1042.0,-38.975,176.225,17.396004423932936,11.144004423932937
8798,8775,710.0,-38.975,176.275,17.674488688724978,13.414488688724978
8799,8404,827.0,-39.025,176.325,18.173973151578366,13.211973151578366
8800,8405,805.0,-39.025,176.375,18.495656444511496,13.665656444511496
8801,8406,763.0,-39.025,176.425,18.827374802040595,14.249374802040595
8802,8407,944.0,-39.025,176.475,19.157880949763694,13.493880949763694
8803,8455,761.0,-38.925,176.325,17.792258980864744,13.226258980864745
8804,8456,721.0,-38.925,176.375,18.14462665359997,13.81862665359997
8805,8457,760.0,-38.925,176.425,18.50113143777321,13.941131437773212
8806,8458,722.0,-38.925,176.475,18.848342111354896,14.516342111354895
8807,8522,757.0,-38.875,176.325,17.599561394018338,13.057561394018338
8808,8523,720.0,-38.875,176.375,17.974484652551155,13.654484652551155
8809,8524,732.0,-38.875,176.425,18.349093498399043,13.957093498399043
8810,8525,778.0,-38.875,176.475,18.709346573996072,14.041346573996073
8811,8776,949.0,-38.975,176.325,17.987839406217745,12.293839406217746
8812,8777,789.0,-38.975,176.375,18.322185398307738,13.588185398307738
8813,8778,784.0,-38.975,176.425,18.66420683947308,13.96020683947308
8814,8779,720.0,-38.975,176.475,19.001398205887654,14.681398205887653
8815,8063,840.0,-38.875,176.575,19.337395295442093,14.297395295442094
8816,8142,1034.0,-38.875,176.625,19.584413871723655,13.380413871723654
8817,8408,684.0,-39.025,176.525,19.476436545875572,15.372436545875573
8818,8409,460.0,-39.025,176.575,19.772899693530462,17.012899693530464
8819,8410,520.0,-39.025,176.625,20.037806838525626,16.917806838525625
8820,8459,704.0,-38.925,176.525,19.174037059736975,14.950037059736974
8821,8460,728.0,-38.925,176.575,19.46728147487238,15.09928147487238
8822,8461,992.0,-38.925,176.625,19.718593467655182,13.766593467655182
8823,8526,711.0,-38.875,176.525,19.04253057874803,14.776530578748028
8824,8780,773.0,-38.975,176.525,19.322165807996498,14.684165807996498
8825,8781,584.0,-38.975,176.575,19.615905318424893,16.111905318424892
8826,8782,824.0,-38.975,176.625,19.873118480685662,14.929118480685663
8827,8149,885.0,-38.875,176.675,19.776099650912784,14.466099650912785
8828,8253,350.0,-39.025,176.825,20.626915975700058,18.526915975700057
8829,8256,1114.0,-38.875,176.725,19.90731946714095,13.22331946714095
8830,8282,564.0,-38.875,176.775,19.975549968294445,16.591549968294444
8831,8284,829.0,-38.875,176.825,19.981029830901434,15.007029830901434
8832,8411,759.0,-39.025,176.675,20.262507481142734,15.708507481142735
8833,8412,944.0,-39.025,176.725,20.439399118745087,14.775399118745087
8834,8413,361.0,-39.025,176.775,20.562294426960307,18.396294426960306
8835,8462,993.0,-38.925,176.675,19.920175625084994,13.962175625084996
8836,8463,846.0,-38.925,176.725,20.066182555045998,14.990182555045998
8837,8464,891.0,-38.925,176.775,20.152991070643566,14.806991070643566
8838,8465,496.0,-38.925,176.825,20.179432778741102,17.203432778741103
8839,8783,692.0,-38.975,176.675,20.085591660135947,15.933591660135946
8840,8784,929.0,-38.975,176.725,20.246643583288574,14.672643583288576
8841,8785,457.0,-38.975,176.775,20.351436059923685,17.609436059923684
8842,8786,744.0,-38.975,176.825,20.397319178012253,15.933319178012253
8843,8257,208.0,-39.025,176.875,20.631450247052044,19.383450247052043
8844,8278,409.0,-39.025,176.925,20.57702129262782,18.12302129262782
8845,8287,667.0,-38.875,176.875,19.926769144731225,15.924769144731226
8846,8291,375.0,-39.025,176.975,20.467909496495054,18.217909496495054
8847,8292,533.0,-38.875,176.925,19.818390757020552,16.62039075702055
8848,8296,306.0,-39.025,177.025,20.311385353027163,18.475385353027164
8849,8297,495.0,-38.875,176.975,19.66379932657128,16.69379932657128
8850,8302,339.0,-38.875,177.025,19.472701597587957,17.438701597587958
8851,8466,799.0,-38.925,176.875,20.146940430925724,15.352940430925724
8852,8467,358.0,-38.925,176.925,20.059556288149224,17.911556288149225
8853,8468,381.0,-38.925,176.975,19.9237618824568,17.6377618824568
8854,8469,205.0,-38.925,177.025,19.74811858888529,18.51811858888529
8855,8787,606.0,-38.975,176.875,20.384151125539688,16.74815112553969
8856,8788,439.0,-38.975,176.925,20.314504665750064,17.680504665750064
8857,8789,543.0,-38.975,176.975,20.19366829110686,16.93566829110686
8858,8790,348.0,-38.975,177.025,20.029385940554107,17.941385940554106
8859,8301,235.0,-39.025,177.075,20.117149517638836,18.707149517638836
8860,8306,276.0,-39.025,177.125,19.896507866339107,18.240507866339108
8861,8307,360.0,-38.875,177.075,19.25603069118688,17.09603069118688
8862,8311,303.0,-39.025,177.175,19.661489061329576,17.843489061329574
8863,8312,485.0,-38.875,177.125,19.0253493180885,16.1153493180885
8864,8317,281.0,-38.875,177.175,18.792313665646816,17.106313665646816
8865,8470,318.0,-38.925,177.075,19.542751868461664,17.634751868461663
8866,8471,250.0,-38.925,177.125,19.318753950368546,17.818753950368546
8867,8472,266.0,-38.925,177.175,19.087604392100502,17.491604392100502
8868,8791,496.0,-38.975,177.075,19.831349133671438,16.85534913367144
8869,8792,395.0,-38.975,177.125,19.610530212767117,17.240530212767116
8870,8793,366.0,-38.975,177.175,19.378491361595025,17.182491361595023
8871,8316,121.0,-39.025,177.225,19.424104219182254,18.698104219182255
8872,8321,196.0,-39.025,177.275,19.19588884099926,18.01988884099926
8873,8322,135.0,-38.875,177.225,18.568267542813373,17.758267542813375
8874,8326,69.0,-39.025,177.325,18.987828727946408,18.573828727946406
8875,8327,238.0,-38.875,177.275,18.36400299499087,16.93600299499087
8876,8331,20.0,-39.025,177.375,18.810886528013725,18.690886528013724
8877,8332,185.0,-38.875,177.325,18.189651271278308,17.07965127127831
8878,8440,220.0,-38.875,177.375,18.054489799637395,16.734489799637394
8879,8473,186.0,-38.925,177.225,18.86070956961771,17.74470956961771
8880,8474,90.0,-38.925,177.275,18.649147996059583,18.109147996059583
8881,8475,182.0,-38.925,177.325,18.463683750605014,17.371683750605015
8882,8476,255.0,-38.925,177.375,18.31498577924799,16.78498577924799
8883,8794,104.0,-38.975,177.225,19.146808180034895,18.522808180034897
8884,8795,227.0,-38.975,177.275,18.926727576511894,17.564727576511896
8885,8796,135.0,-38.975,177.325,18.729188795470236,17.919188795470237
8886,8797,42.0,-38.975,177.375,18.565480694643384,18.313480694643385
8887,8435,20.0,-39.025,177.425,18.6785721484257,18.5585721484257
8888,8445,135.0,-38.875,177.425,17.966131375203076,17.156131375203078
8889,8449,24.0,-39.025,177.475,18.612074544020288,18.46807454402029
8890,8452,92.0,-38.875,177.475,17.92875904893708,17.376759048937082
8891,8477,40.0,-38.925,177.425,18.213210885720173,17.973210885720174
8892,8478,263.0,-38.925,177.475,18.16461474569951,16.58661474569951
8893,8479,158.0,-38.925,177.525,18.1677367985219,17.2197367985219
8894,8584,237.0,-38.875,177.525,17.941873483048994,16.519873483048993
8895,8586,110.0,-39.025,177.525,18.597757924505913,17.937757924505913
8896,8798,19.0,-38.975,177.425,18.448852300970884,18.334852300970883
8897,8799,53.0,-38.975,177.475,18.39031222669928,18.072312226699278
8898,8800,189.0,-38.975,177.525,18.385042875178897,17.251042875178896
8899,8480,193.0,-38.925,177.575,18.21646961123747,17.05846961123747
8900,8481,392.0,-38.925,177.625,18.304203735528063,15.952203735528062
8901,8482,548.0,-38.925,177.675,18.424684515222225,15.136684515222225
8902,8483,553.0,-38.925,177.725,18.57178088385035,15.253780883850352
8903,8590,398.0,-38.875,177.575,18.001375446092425,15.613375446092425
8904,8592,276.0,-38.875,177.625,18.10157435580186,16.44557435580186
8905,8594,403.0,-38.875,177.675,18.2362767316763,15.818276731676299
8906,8597,508.0,-38.875,177.725,18.39904261456695,15.351042614566952
8907,8599,20.0,-39.025,177.575,18.62482069101361,18.50482069101361
8908,8603,138.0,-39.025,177.625,18.68706015211319,17.85906015211319
8909,8607,37.0,-39.025,177.675,18.779129921807908,18.557129921807906
8910,8611,156.0,-39.025,177.725,18.895864001011432,17.959864001011432
8911,8801,270.0,-38.975,177.575,18.423576126526314,16.803576126526313
8912,8802,263.0,-38.975,177.625,18.498970209514937,16.920970209514937
8913,8803,374.0,-38.975,177.675,18.605366367428815,16.361366367428815
8914,8804,256.0,-38.975,177.725,18.73714894398927,17.201148943989267
8915,8484,211.0,-38.925,177.775,18.739273229437458,17.47327322943746
8916,8485,399.0,-38.925,177.825,18.920799791304034,16.526799791304036
8917,8486,466.0,-38.925,177.875,19.10997672661688,16.31397672661688
8918,8601,512.0,-38.875,177.775,18.583156996006437,15.511156996006438
8919,8605,381.0,-38.875,177.825,18.781583828011662,16.49558382801166
8920,8609,402.0,-38.875,177.875,18.987034730459527,16.575034730459528
8921,8615,48.0,-39.025,177.775,19.03210374565424,18.74410374565424
8922,8619,156.0,-39.025,177.825,19.182719506310605,18.246719506310605
8923,8624,18.0,-39.025,177.875,19.3427485782222,19.2347485782222
8924,8805,167.0,-38.975,177.775,18.888676415248938,17.88667641524894
8925,8806,170.0,-38.975,177.825,19.054262819168798,18.0342628191688
8926,8807,240.0,-38.975,177.875,19.228319870840096,17.788319870840095
8927,8613,20.0,-38.825,174.625,15.199773477084364,15.079773477084364
8928,8617,125.0,-38.825,174.675,15.353925470091326,14.603925470091326
8929,8994,53.0,-38.775,174.625,15.167332205435287,14.849332205435287
8930,8995,144.0,-38.775,174.675,15.33220314422124,14.468203144221238
8931,9649,111.0,-38.725,174.625,15.201153234210324,14.535153234210323
8932,9650,192.0,-38.725,174.675,15.373867366716695,14.221867366716696
8933,8621,224.0,-38.825,174.725,15.513417016927178,14.169417016927179
8934,8626,266.0,-38.825,174.775,15.668936589083387,14.072936589083387
8935,8631,435.0,-38.825,174.825,15.813786738469844,13.203786738469844
8936,8713,418.0,-38.825,174.875,15.94406999517605,13.436069995176052
8937,8996,182.0,-38.775,174.725,15.505994650607136,14.413994650607135
8938,8997,267.0,-38.775,174.775,15.67430056767489,14.07230056767489
8939,8998,401.0,-38.775,174.825,15.829688309079302,13.423688309079303
8940,8999,418.0,-38.775,174.875,15.968328369606752,13.460328369606753
8941,9651,196.0,-38.725,174.725,15.553141893227348,14.377141893227348
8942,9652,193.0,-38.725,174.775,15.72467062758551,14.566670627585511
8943,9653,69.0,-38.725,174.825,15.881570104034381,15.467570104034381
8944,9654,345.0,-38.725,174.875,16.020166503523797,13.950166503523796
8945,8722,186.0,-38.825,174.925,16.057846813834658,14.941846813834658
8946,8726,170.0,-38.825,174.975,16.154493264802568,15.134493264802568
8947,8730,177.0,-38.825,175.025,16.234257463830545,15.172257463830546
8948,9000,282.0,-38.775,174.925,16.088389249725424,14.396389249725424
8949,9042,180.0,-38.775,174.975,16.18924740852799,15.10924740852799
8950,9157,267.0,-38.775,175.025,16.27099209917924,14.668992099179238
8951,9655,241.0,-38.725,174.925,16.138599814929876,14.692599814929876
8952,9656,324.0,-38.725,174.975,16.236090643919397,14.292090643919398
8953,9657,318.0,-38.725,175.025,16.312460411848406,14.404460411848406
8954,8734,452.0,-38.825,175.075,16.297864941542684,13.585864941542685
8955,8738,372.0,-38.825,175.125,16.345990387032998,14.113990387032999
8956,8742,441.0,-38.825,175.175,16.378320215045733,13.732320215045732
8957,8746,180.0,-38.825,175.225,16.391782943174803,15.311782943174803
8958,9197,160.0,-38.775,175.075,16.334005869056455,15.374005869056454
8959,9283,203.0,-38.775,175.125,16.378477974661564,15.160477974661564
8960,9291,236.0,-38.775,175.175,16.40377379233587,14.987773792335869
8961,9299,242.0,-38.775,175.225,16.40798901838707,14.95598901838707
8962,9658,321.0,-38.725,175.075,16.367766174902954,14.441766174902954
8963,9659,342.0,-38.725,175.125,16.401994176991593,14.349994176991594
8964,9660,366.0,-38.725,175.175,16.41486494180799,14.218864941807992
8965,9661,353.0,-38.725,175.225,16.406075374115062,14.288075374115062
8966,8824,202.0,-38.825,175.275,16.379694209047557,15.167694209047557
8967,8826,217.0,-38.825,175.325,16.343920183222053,15.041920183222054
8968,8828,346.0,-38.825,175.375,16.300836323320254,14.224836323320254
8969,9466,233.0,-38.775,175.275,16.38947887456652,14.991478874566521
8970,9542,488.0,-38.775,175.325,16.351789867007938,13.423789867007937
8971,9568,378.0,-38.775,175.375,16.30492691244126,14.03692691244126
8972,9662,218.0,-38.725,175.275,16.37655122691467,15.068551226914671
8973,9663,207.0,-38.725,175.325,16.330298549638883,15.088298549638884
8974,9664,324.0,-38.725,175.375,16.27448476561949,14.330484765619492
8975,8830,358.0,-38.825,175.425,16.265031548942716,14.117031548942716
8976,8834,455.0,-38.825,175.475,16.245687878275476,13.515687878275475
8977,8839,560.0,-38.825,175.525,16.247358410146717,12.887358410146717
8978,8842,996.0,-38.825,175.575,16.269876827785083,10.293876827785084
8979,9571,739.0,-38.775,175.425,16.259759416931047,11.825759416931048
8980,9573,923.0,-38.775,175.475,16.224081692306754,10.686081692306754
8981,9575,791.0,-38.775,175.525,16.201648202641536,11.455648202641537
8982,9578,841.0,-38.775,175.575,16.19194925014017,11.14594925014017
8983,9665,682.0,-38.725,175.425,16.21701512763002,12.125015127630022
8984,9666,709.0,-38.725,175.475,16.164004194664358,11.910004194664358
8985,9667,862.0,-38.725,175.525,16.118481659173085,10.946481659173084
8986,9668,673.0,-38.725,175.575,16.079982391678186,12.041982391678186
8987,8845,791.0,-38.825,175.625,16.307879262049482,11.561879262049484
8988,8848,540.0,-38.825,175.675,16.350470545481585,13.110470545481585
8989,8851,527.0,-38.825,175.725,16.381675757967514,13.219675757967515
8990,8854,498.0,-38.825,175.775,16.383100250117877,13.395100250117878
8991,9581,728.0,-38.775,175.625,16.19013381126979,11.822133811269788
8992,9587,560.0,-38.775,175.675,16.18729904501197,12.82729904501197
8993,9592,505.0,-38.775,175.725,16.17166385389328,13.141663853893279
8994,9597,357.0,-38.775,175.775,16.131335853149267,13.989335853149267
8995,9669,606.0,-38.725,175.625,16.044642628858583,12.408642628858583
8996,9670,571.0,-38.725,175.675,16.005812151449845,12.579812151449845
8997,9671,527.0,-38.725,175.725,15.955412695695486,12.793412695695487
8998,9672,357.0,-38.725,175.775,15.886253324732934,13.744253324732934
8999,8857,357.0,-38.825,175.825,16.340824661217994,14.198824661217994
9000,8860,357.0,-38.825,175.875,16.25489797886712,14.112897978867121
9001,8863,357.0,-38.825,175.925,16.143007305859555,14.001007305859556
9002,9602,357.0,-38.775,175.825,16.0589320127483,13.916932012748301
9003,9607,357.0,-38.775,175.875,15.956464423320995,13.814464423320995
9004,9608,357.0,-38.775,175.925,15.837399119529891,13.695399119529892
9005,9673,357.0,-38.725,175.825,15.795097421982064,13.653097421982064
9006,9674,357.0,-38.725,175.875,15.685519903503518,13.543519903503519
9007,9675,357.0,-38.725,175.925,15.569342328251878,13.427342328251878
9008,8866,357.0,-38.825,175.975,16.035400195694365,13.893400195694365
9009,8915,357.0,-38.825,176.025,15.96967664729209,13.82767664729209
9010,8916,474.0,-38.825,176.075,15.988496464350646,13.144496464350647
9011,8917,486.0,-38.825,176.125,16.122150683564996,13.206150683564996
9012,9609,357.0,-38.775,175.975,15.725249680303023,13.583249680303023
9013,9610,357.0,-38.775,176.025,15.652645789377857,13.510645789377858
9014,9611,357.0,-38.775,176.075,15.669152039542496,13.527152039542496
9015,9612,461.0,-38.775,176.125,15.834388729026614,13.068388729026614
9016,9676,357.0,-38.725,175.975,15.466599078726176,13.324599078726177
9017,9677,376.0,-38.725,176.025,15.406150815819274,13.150150815819273
9018,9678,372.0,-38.725,176.075,15.434890652180457,13.202890652180457
9019,9679,499.0,-38.725,176.125,15.626008848102174,12.632008848102174
9020,8918,681.0,-38.825,176.175,16.360336214378094,12.274336214378096
9021,8919,737.0,-38.825,176.225,16.67295470578165,12.250954705781648
9022,8921,751.0,-38.825,176.275,17.034187573495274,12.528187573495273
9023,9613,545.0,-38.775,176.175,16.114922910288442,12.844922910288442
9024,9614,720.0,-38.775,176.225,16.465146004788494,12.145146004788494
9025,9615,720.0,-38.775,176.275,16.859298858366856,12.539298858366855
9026,9680,591.0,-38.725,176.175,15.933307906211667,12.387307906211667
9027,9681,475.0,-38.725,176.225,16.30925638250983,13.45925638250983
9028,9682,694.0,-38.725,176.275,16.72886962985831,12.56486962985831
9029,8923,702.0,-38.825,176.325,17.4236176431657,13.211617643165699
9030,8963,701.0,-38.825,176.375,17.823806549177107,13.617806549177107
9031,8964,720.0,-38.825,176.425,18.21899871904884,13.89899871904884
9032,8965,742.0,-38.825,176.475,18.594672959710806,14.142672959710806
9033,9616,665.0,-38.775,176.325,17.277880774707228,13.287880774707228
9034,9617,661.0,-38.775,176.375,17.703693166910853,13.737693166910852
9035,9618,670.0,-38.775,176.425,18.12063254977238,14.100632549772381
9036,9619,682.0,-38.775,176.475,18.513450145724846,14.421450145724847
9037,9683,674.0,-38.725,176.325,17.172556766487105,13.128556766487105
9038,9684,668.0,-38.725,176.375,17.622477807490213,13.614477807490214
9039,9685,620.0,-38.725,176.425,18.061459351031317,14.341459351031318
9040,9686,640.0,-38.725,176.475,18.472874601659896,14.632874601659896
9041,8966,797.0,-38.825,176.525,18.93756367456058,14.155563674560579
9042,8967,821.0,-38.825,176.575,19.23594260505911,14.309942605059108
9043,8968,920.0,-38.825,176.625,19.48003132402482,13.960031324024822
9044,9001,688.0,-38.725,176.625,19.393869116172255,15.265869116172254
9045,9620,801.0,-38.775,176.525,18.86798202475643,14.061982024756428
9046,9621,780.0,-38.775,176.575,19.171638041453207,14.491638041453207
9047,9622,814.0,-38.775,176.625,19.414012304986045,14.530012304986045
9048,9687,714.0,-38.725,176.525,18.841037167857394,14.557037167857395
9049,9688,721.0,-38.725,176.575,19.151895436895757,14.825895436895756
9050,8969,742.0,-38.825,176.675,19.662446103906177,15.210446103906177
9051,8970,817.0,-38.825,176.725,19.778591782021522,14.87659178202152
9052,8971,958.0,-38.825,176.775,19.82693405714099,14.078934057140987
9053,8972,728.0,-38.825,176.825,19.809096223057622,15.441096223057622
9054,9002,495.0,-38.725,176.675,19.558678910366325,16.588678910366326
9055,9003,917.0,-38.725,176.725,19.642025516849117,14.140025516849118
9056,9004,849.0,-38.725,176.775,19.64399216691845,14.54999216691845
9057,9005,934.0,-38.725,176.825,19.569082304186395,13.965082304186396
9058,9623,748.0,-38.775,176.675,19.587498394480008,15.099498394480008
9059,9624,1013.0,-38.775,176.725,19.687802479635366,13.609802479635366
9060,9625,648.0,-38.775,176.775,19.71426259418081,15.82626259418081
9061,9626,796.0,-38.775,176.825,19.669908168031725,14.893908168031725
9062,8973,717.0,-38.825,176.875,19.729748574681707,15.427748574681708
9063,8974,481.0,-38.825,176.925,19.596286216350563,16.710286216350564
9064,8975,868.0,-38.825,176.975,19.418321459896333,14.210321459896335
9065,8976,1015.0,-38.825,177.025,19.207046201133608,13.117046201133608
9066,9006,510.0,-38.725,176.875,19.42585885928679,16.365858859286792
9067,9007,775.0,-38.725,176.925,19.226215412399597,14.576215412399598
9068,9008,950.0,-38.725,176.975,18.984370457820205,13.284370457820206
9069,9009,826.0,-38.725,177.025,18.715722358889934,13.759722358889935
9070,9627,692.0,-38.775,176.875,19.5612304294973,15.409230429497299
9071,9628,811.0,-38.775,176.925,19.397677298100916,14.531677298100917
9072,9629,620.0,-38.775,176.975,19.19092924054212,15.47092924054212
9073,9630,582.0,-38.775,177.025,18.954047581063833,15.462047581063832
9074,8977,633.0,-38.825,177.075,18.974541656683186,15.176541656683186
9075,8978,399.0,-38.825,177.125,18.733121203826613,16.339121203826615
9076,8979,433.0,-38.825,177.175,18.494782135961714,15.896782135961715
9077,9010,880.0,-38.725,177.075,18.435724616160996,13.155724616160995
9078,9011,950.0,-38.725,177.125,18.15893140227854,12.458931402278541
9079,9012,953.0,-38.725,177.175,17.898319307531892,12.180319307531892
9080,9631,582.0,-38.775,177.075,18.700606377131407,15.208606377131407
9081,9632,582.0,-38.775,177.125,18.44391702321127,14.95191702321127
9082,9633,857.0,-38.775,177.175,18.19642840198503,13.054428401985032
9083,8980,327.0,-38.825,177.225,18.27081227792496,16.30881227792496
9084,8981,298.0,-38.825,177.275,18.071546835254594,16.283546835254594
9085,8982,120.0,-38.825,177.325,17.906195067077533,17.186195067077534
9086,8983,286.0,-38.825,177.375,17.782558326932985,16.066558326932984
9087,9013,679.0,-38.725,177.225,17.664919212742006,13.590919212742007
9088,9014,673.0,-38.725,177.275,17.467709880579605,13.429709880579605
9089,9015,610.0,-38.725,177.325,17.313658696160246,13.653658696160246
9090,9016,430.0,-38.725,177.375,17.207774818835787,14.627774818835787
9091,9634,510.0,-38.775,177.225,17.9693368877588,14.909336887758801
9092,9635,313.0,-38.775,177.275,17.772377362873158,15.894377362873158
9093,9636,505.0,-38.775,177.325,17.6137016776961,14.5837016776961
9094,9637,371.0,-38.775,177.375,17.4997116410359,15.273711641035902
9095,8984,242.0,-38.825,177.425,17.706428821893724,16.254428821893725
9096,8985,180.0,-38.825,177.475,17.680744571589912,16.600744571589914
9097,8986,150.0,-38.825,177.525,17.705142652584527,16.80514265258453
9098,9017,459.0,-38.725,177.425,17.15308953920203,14.399089539202029
9099,9018,498.0,-38.725,177.475,17.150588578580482,14.162588578580483
9100,9019,192.0,-38.725,177.525,17.19921560038665,16.04721560038665
9101,9638,205.0,-38.775,177.425,17.43475620428262,16.20475620428262
9102,9639,334.0,-38.775,177.475,17.42077626116543,15.41677626116543
9103,9640,172.0,-38.775,177.525,17.457169890657042,16.425169890657042
9104,8987,643.0,-38.825,177.575,17.7764529764313,13.9184529764313
9105,8988,279.0,-38.825,177.625,17.889718011455443,16.215718011455444
9106,8989,480.0,-38.825,177.675,18.039004345518606,15.159004345518607
9107,8990,417.0,-38.825,177.725,18.217787169930943,15.715787169930945
9108,9020,140.0,-38.725,177.575,17.29604766768375,16.45604766768375
9109,9022,419.0,-38.725,177.625,17.436624932740415,14.922624932740415
9110,9023,536.0,-38.725,177.675,17.61532500973817,14.39932500973817
9111,9025,362.0,-38.725,177.725,17.82567245390692,15.653672453906918
9112,9641,367.0,-38.775,177.575,17.541073386036942,15.339073386036942
9113,9642,636.0,-38.775,177.625,17.667926298498514,13.851926298498515
9114,9643,576.0,-38.775,177.675,17.832022426156982,14.376022426156982
9115,9644,598.0,-38.775,177.725,18.026868174430092,14.438868174430091
9116,8991,326.0,-38.825,177.775,18.419042476553386,16.463042476553387
9117,8992,460.0,-38.825,177.825,18.63520066774072,15.87520066774072
9118,8993,190.0,-38.825,177.875,18.858092332219258,17.718092332219257
9119,9027,158.0,-38.725,177.775,18.060513365332554,17.112513365332553
9120,9029,36.0,-38.725,177.825,18.311998634591873,18.095998634591872
9121,9032,37.0,-38.725,177.875,18.571270914259912,18.34927091425991
9122,9037,1.0,-38.725,177.925,18.827600843302207,18.821600843302207
9123,9645,292.0,-38.775,177.775,18.245323482221465,16.493323482221466
9124,9646,310.0,-38.775,177.825,18.47954621469944,16.61954621469944
9125,9647,87.0,-38.775,177.875,18.720755009920595,18.198755009920596
9126,9648,20.0,-38.775,177.925,18.958947620649724,18.838947620649723
9127,9045,117.0,-38.675,174.625,15.332456636805091,14.630456636805091
9128,9147,28.0,-38.675,174.675,15.491875389050165,15.323875389050166
9129,9357,274.0,-38.575,174.675,15.899914688796343,14.255914688796343
9130,9461,15.0,-38.625,174.625,15.531033258020216,15.441033258020216
9131,9462,83.0,-38.625,174.675,15.67360385071197,15.17560385071197
9132,9808,235.0,-38.525,174.675,16.157439293420794,14.747439293420793
9133,9039,366.0,-38.625,174.825,16.09676003661025,13.900760036610249
9134,9148,60.0,-38.625,174.875,16.209108706552342,15.849108706552343
9135,9155,102.0,-38.675,174.725,15.660660850844579,15.048660850844579
9136,9161,309.0,-38.675,174.775,15.823148699075773,13.969148699075774
9137,9194,237.0,-38.675,174.825,15.971322124571543,14.549322124571543
9138,9268,109.0,-38.675,174.875,16.100904349207667,15.446904349207667
9139,9358,184.0,-38.575,174.725,16.026483444379664,14.922483444379665
9140,9359,196.0,-38.575,174.775,16.14609401859434,14.97009401859434
9141,9360,169.0,-38.575,174.825,16.252281497911554,15.238281497911554
9142,9361,98.0,-38.575,174.875,16.340742574178876,15.752742574178876
9143,9463,223.0,-38.625,174.725,15.822580455348998,14.484580455348999
9144,9464,178.0,-38.625,174.775,15.966326541569742,14.898326541569743
9145,9811,395.0,-38.525,174.725,16.260507051866625,13.890507051866624
9146,9814,468.0,-38.525,174.775,16.352991831700365,13.544991831700365
9147,9817,342.0,-38.525,174.825,16.430463373783823,14.378463373783823
9148,9820,124.0,-38.525,174.875,16.489893759984625,15.745893759984625
9149,9153,74.0,-38.625,174.925,16.30071015977228,15.856710159772279
9150,9163,58.0,-38.625,174.975,16.370095658043283,16.022095658043284
9151,9164,161.0,-38.625,175.025,16.416403294183965,15.450403294183966
9152,9271,104.0,-38.675,174.925,16.209637900366943,15.585637900366942
9153,9274,239.0,-38.675,174.975,16.296398989849877,14.862398989849877
9154,9277,383.0,-38.675,175.025,16.360664726459618,14.062664726459618
9155,9362,44.0,-38.575,174.925,16.408919379560757,16.144919379560758
9156,9363,141.0,-38.575,174.975,16.45528859054002,15.609288590540022
9157,9364,133.0,-38.575,175.025,16.478785988734217,15.680785988734216
9158,9823,141.0,-38.525,174.925,16.52951178528292,15.68351178528292
9159,9826,220.0,-38.525,174.975,16.548231020778985,15.228231020778985
9160,9829,148.0,-38.525,175.025,16.54506364511235,15.65706364511235
9161,9166,211.0,-38.625,175.075,16.439104983080597,15.173104983080597
9162,9168,397.0,-38.625,175.125,16.43805652930905,14.056056529309052
9163,9170,329.0,-38.625,175.175,16.413831237287013,14.439831237287013
9164,9280,277.0,-38.675,175.075,16.402202255547763,14.740202255547764
9165,9284,469.0,-38.625,175.225,16.368179628739654,13.554179628739654
9166,9286,346.0,-38.675,175.125,16.420953372153235,14.344953372153235
9167,9294,375.0,-38.675,175.175,16.417141621594055,14.167141621594055
9168,9365,161.0,-38.575,175.075,16.478559958841288,15.512559958841289
9169,9366,161.0,-38.575,175.125,16.454184709141828,15.488184709141828
9170,9367,201.0,-38.575,175.175,16.406297621291287,15.200297621291288
9171,9368,366.0,-38.575,175.225,16.33726442000716,14.14126442000716
9172,9390,392.0,-38.675,175.225,16.39167831358145,14.039678313581451
9173,9832,160.0,-38.525,175.075,16.51882347605033,15.558823476050328
9174,9835,245.0,-38.525,175.125,16.468460247343046,14.998460247343045
9175,9838,300.0,-38.525,175.175,16.394225716642723,14.594225716642722
9176,9841,424.0,-38.525,175.225,16.298993767079082,13.754993767079082
9177,9292,354.0,-38.625,175.275,16.304354363652237,14.180354363652237
9178,9300,260.0,-38.625,175.325,16.22702779922929,14.66702779922929
9179,9301,263.0,-38.625,175.375,16.141658737198213,14.563658737198214
9180,9369,323.0,-38.575,175.275,16.25129173143341,14.313291731433411
9181,9370,381.0,-38.575,175.325,16.153805925705456,13.867805925705456
9182,9371,375.0,-38.575,175.375,16.050448430212782,13.800448430212782
9183,9392,447.0,-38.675,175.275,16.346866384212262,13.664866384212262
9184,9393,376.0,-38.675,175.325,16.286971682360218,14.030971682360217
9185,9395,425.0,-38.675,175.375,16.217876829522083,13.667876829522083
9186,9844,338.0,-38.525,175.275,16.188294189196313,14.160294189196312
9187,9845,301.0,-38.525,175.325,16.068860717803545,14.262860717803546
9188,9846,369.0,-38.525,175.375,15.946999003665951,13.73299900366595
9189,9302,414.0,-38.625,175.425,16.0534601485856,13.5694601485856
9190,9303,517.0,-38.625,175.475,15.966372236136522,12.864372236136521
9191,9304,600.0,-38.625,175.525,15.882395987655855,12.282395987655855
9192,9305,702.0,-38.625,175.575,15.801417484332887,11.589417484332888
9193,9372,415.0,-38.575,175.425,15.94610926028463,13.456109260284629
9194,9373,480.0,-38.575,175.475,15.844230465513647,12.964230465513648
9195,9374,468.0,-38.575,175.525,15.746473522611723,12.938473522611723
9196,9375,683.0,-38.575,175.575,15.652774104339187,11.554774104339188
9197,9397,343.0,-38.675,175.425,16.145700729724467,14.087700729724467
9198,9399,614.0,-38.675,175.475,16.075230720872696,12.391230720872697
9199,9401,740.0,-38.675,175.525,16.008898091835817,11.568898091835816
9200,9403,903.0,-38.675,175.575,15.946417165386265,10.528417165386266
9201,9847,478.0,-38.525,175.425,15.827598760201454,12.959598760201454
9202,9848,480.0,-38.525,175.475,15.713740983882872,12.833740983882873
9203,9849,554.0,-38.525,175.525,15.60669639441312,12.28269639441312
9204,9850,612.0,-38.525,175.575,15.506220747502539,11.834220747502538
9205,9306,801.0,-38.625,175.625,15.721511449880381,10.91551144988038
9206,9307,646.0,-38.625,175.675,15.639690897969558,11.763690897969559
9207,9308,533.0,-38.625,175.725,15.55307070285835,12.355070702858349
9208,9309,507.0,-38.625,175.775,15.460360124168346,12.418360124168347
9209,9376,838.0,-38.575,175.625,15.561767775219778,10.533767775219777
9210,9377,597.0,-38.575,175.675,15.471551150165396,11.889551150165396
9211,9378,499.0,-38.575,175.725,15.380724140314669,12.38672414031467
9212,9379,480.0,-38.575,175.775,15.28961892654661,12.40961892654661
9213,9405,670.0,-38.675,175.625,15.88498254365004,11.86498254365004
9214,9407,547.0,-38.675,175.675,15.819991982929878,12.537991982929878
9215,9409,540.0,-38.675,175.725,15.746339893551067,12.506339893551067
9216,9411,483.0,-38.675,175.775,15.660267297862447,12.762267297862447
9217,9851,708.0,-38.525,175.625,15.411109801380007,11.163109801380006
9218,9852,728.0,-38.525,175.675,15.319977888172616,10.951977888172616
9219,9853,488.0,-38.525,175.725,15.232204645477395,12.304204645477395
9220,9854,398.0,-38.525,175.775,15.148964271357272,12.760964271357272
9221,9310,516.0,-38.625,175.825,15.363488014964787,12.267488014964787
9222,9311,532.0,-38.625,175.875,15.269078435501342,12.077078435501342
9223,9312,496.0,-38.625,175.925,15.189560873354822,12.213560873354822
9224,9380,540.0,-38.575,175.825,15.20156390919874,11.96156390919874
9225,9381,629.0,-38.575,175.875,15.123987929977375,11.349987929977374
9226,9382,582.0,-38.575,175.925,15.069158747100573,11.577158747100572
9227,9413,357.0,-38.675,175.825,15.561521496582827,13.419521496582828
9228,9415,437.0,-38.675,175.875,15.455311177719523,12.833311177719523
9229,9417,492.0,-38.675,175.925,15.353604614906999,12.401604614906999
9230,9855,475.0,-38.525,175.825,15.074214123189904,12.224214123189904
9231,9856,560.0,-38.525,175.875,15.015480458045658,11.655480458045659
9232,9857,462.0,-38.525,175.925,14.984229714320918,12.212229714320918
9233,9313,524.0,-38.625,175.975,15.143893768097769,11.999893768097769
9234,9314,539.0,-38.625,176.025,15.15760972095768,11.92360972095768
9235,9315,452.0,-38.625,176.075,15.25931792410347,12.54731792410347
9236,9316,391.0,-38.625,176.125,15.467515966568044,13.121515966568044
9237,9383,633.0,-38.575,175.975,15.05427301303098,11.25627301303098
9238,9384,550.0,-38.575,176.025,15.100188240543957,11.800188240543957
9239,9385,559.0,-38.575,176.075,15.22730684270664,11.87330684270664
9240,9386,470.0,-38.575,176.125,15.448187729977235,12.628187729977235
9241,9419,431.0,-38.675,175.975,15.27598952227163,12.68998952227163
9242,9420,577.0,-38.675,176.025,15.251383876223372,11.789383876223372
9243,9421,383.0,-38.675,176.075,15.320589008276784,13.022589008276784
9244,9422,475.0,-38.675,176.125,15.517525504903915,12.667525504903915
9245,9858,460.0,-38.525,175.975,14.995510921022742,12.235510921022742
9246,9859,767.0,-38.525,176.025,15.066384717784786,10.464384717784785
9247,9860,569.0,-38.525,176.075,15.212707125014731,11.798707125014731
9248,9861,498.0,-38.525,176.125,15.444848129187449,12.456848129187449
9249,9317,360.0,-38.625,176.175,15.777033320590817,13.617033320590817
9250,9318,319.0,-38.625,176.225,16.166732487320132,14.252732487320133
9251,9319,316.0,-38.625,176.275,16.613077890172917,14.717077890172916
9252,9387,405.0,-38.575,176.175,15.761928366994198,13.331928366994198
9253,9388,342.0,-38.575,176.225,16.15612332832916,14.104123328329159
9254,9389,314.0,-38.575,176.275,16.612574738389867,14.728574738389867
9255,9423,493.0,-38.675,176.175,15.82662355588809,12.86862355588809
9256,9424,472.0,-38.675,176.225,16.2125735140512,13.3805735140512
9257,9425,469.0,-38.675,176.275,16.648244158716352,13.834244158716352
9258,9862,332.0,-38.525,176.175,15.764619581491388,13.772619581491389
9259,9863,303.0,-38.525,176.225,16.165284782706294,14.347284782706295
9260,9864,351.0,-38.525,176.275,16.63355787382534,14.527557873825339
9261,9041,325.0,-38.575,176.325,17.110690196519954,15.160690196519955
9262,9150,503.0,-38.575,176.375,17.62828782157112,14.61028782157112
9263,9162,607.0,-38.575,176.425,18.14166226521911,14.499662265219111
9264,9195,577.0,-38.575,176.475,18.625982835114883,15.163982835114883
9265,9320,486.0,-38.625,176.325,17.093938477282336,14.177938477282336
9266,9321,640.0,-38.625,176.375,17.58790470687609,13.747904706876088
9267,9322,642.0,-38.625,176.425,18.073487313813075,14.221487313813075
9268,9323,580.0,-38.625,176.475,18.529070814369334,15.049070814369333
9269,9426,647.0,-38.675,176.325,17.11200733181522,13.230007331815221
9270,9427,639.0,-38.675,176.375,17.584181423634618,13.750181423634618
9271,9428,606.0,-38.675,176.425,18.04562822859998,14.409628228599981
9272,9429,596.0,-38.675,176.475,18.477544527010195,14.901544527010195
9273,9865,295.0,-38.525,176.325,17.151342979349465,15.381342979349466
9274,9866,363.0,-38.525,176.375,17.69653164544934,15.51853164544934
9275,9867,536.0,-38.525,176.425,18.24347284488931,15.02747284488931
9276,9868,558.0,-38.525,176.475,18.7638071501824,15.415807150182403
9277,9269,458.0,-38.575,176.525,19.056324307514842,16.30832430751484
9278,9270,416.0,-38.575,176.575,19.40927909430866,16.91327909430866
9279,9272,367.0,-38.575,176.625,19.6649438857944,17.462943885794402
9280,9324,498.0,-38.625,176.525,18.933576557335982,15.945576557335983
9281,9325,480.0,-38.625,176.575,19.267642703265665,16.387642703265666
9282,9326,495.0,-38.625,176.625,19.515092725086106,16.545092725086107
9283,9430,569.0,-38.675,176.525,18.861942765688127,15.447942765688127
9284,9431,622.0,-38.675,176.575,19.182548666792172,15.450548666792173
9285,9432,624.0,-38.675,176.625,19.425906029504404,15.681906029504404
9286,9869,482.0,-38.525,176.525,19.22798136308984,16.33598136308984
9287,9870,441.0,-38.525,176.575,19.607444992586352,16.96144499258635
9288,9871,420.0,-38.525,176.625,19.87734096911072,17.35734096911072
9289,9275,579.0,-38.575,176.675,19.808979580419873,16.334979580419873
9290,9278,500.0,-38.575,176.725,19.834377144067275,16.834377144067275
9291,9281,323.0,-38.575,176.775,19.742552277105915,17.804552277105916
9292,9288,585.0,-38.575,176.825,19.543479362080916,16.033479362080918
9293,9327,540.0,-38.625,176.675,19.664435171770037,16.424435171770035
9294,9328,341.0,-38.625,176.725,19.710119322760193,17.664119322760193
9295,9329,579.0,-38.625,176.775,19.65328773968963,16.17928773968963
9296,9330,474.0,-38.625,176.825,19.50183663306484,16.65783663306484
9297,9433,420.0,-38.675,176.675,19.582486121764077,17.062486121764078
9298,9434,516.0,-38.675,176.725,19.647600782340078,16.551600782340078
9299,9435,819.0,-38.675,176.775,19.621939700457688,14.707939700457688
9300,9436,798.0,-38.675,176.825,19.51160480301928,14.723604803019281
9301,9872,379.0,-38.525,176.675,20.01935553103567,17.74535553103567
9302,9873,362.0,-38.525,176.725,20.024243716979072,17.85224371697907
9303,9874,615.0,-38.525,176.775,19.893465161423592,16.20346516142359
9304,9875,815.0,-38.525,176.825,19.63946490919352,14.74946490919352
9305,9296,806.0,-38.575,176.875,19.254757695647413,14.418757695647413
9306,9331,573.0,-38.625,176.875,19.269714530527608,15.831714530527607
9307,9332,522.0,-38.625,176.925,18.975529623955254,15.843529623955254
9308,9333,528.0,-38.625,176.975,18.640660565678672,15.472660565678673
9309,9334,840.0,-38.625,177.025,18.28715345148612,13.24715345148612
9310,9437,823.0,-38.675,176.875,19.327595560525197,14.389595560525198
9311,9438,932.0,-38.675,176.925,19.084793083005707,13.492793083005708
9312,9439,815.0,-38.675,176.975,18.800578191576733,13.910578191576732
9313,9440,784.0,-38.675,177.025,18.49328298372734,13.78928298372734
9314,9465,743.0,-38.575,176.925,18.899717999397808,14.44171799939781
9315,9538,374.0,-38.575,176.975,18.50485064386271,16.26085064386271
9316,9585,724.0,-38.575,177.025,18.096945243466962,13.75294524346696
9317,9876,435.0,-38.525,176.875,19.284433683797488,16.67443368379749
9318,9877,530.0,-38.525,176.925,18.857737559757425,15.677737559757425
9319,9878,371.0,-38.525,176.975,18.392440406265223,16.166440406265224
9320,9879,656.0,-38.525,177.025,17.921431310975095,13.985431310975095
9321,9335,904.0,-38.625,177.075,17.935732374326562,12.511732374326563
9322,9336,907.0,-38.625,177.125,17.604240110434375,12.162240110434375
9323,9337,795.0,-38.625,177.175,17.306737927169706,12.536737927169707
9324,9441,1002.0,-38.675,177.075,18.180705455914676,12.168705455914676
9325,9442,1137.0,-38.675,177.125,17.878902626194304,11.056902626194304
9326,9443,1039.0,-38.675,177.175,17.601412788102607,11.367412788102607
9327,9590,558.0,-38.575,177.075,17.700395465240945,14.352395465240946
9328,9595,989.0,-38.575,177.125,17.335137800488383,11.401137800488382
9329,9600,879.0,-38.575,177.175,17.015593666859104,11.741593666859105
9330,9880,573.0,-38.525,177.075,17.473741382289518,14.035741382289517
9331,9881,620.0,-38.525,177.125,17.071738640073818,13.351738640073819
9332,9882,721.0,-38.525,177.175,16.729841256750206,12.403841256750205
9333,9338,678.0,-38.625,177.225,17.053328280565665,12.985328280565666
9334,9339,740.0,-38.625,177.275,16.850570564740337,12.410570564740336
9335,9340,626.0,-38.625,177.325,16.702219495403142,12.946219495403142
9336,9341,825.0,-38.625,177.375,16.609984633406157,11.659984633406157
9337,9444,940.0,-38.675,177.225,17.358949768460207,11.718949768460206
9338,9445,565.0,-38.675,177.275,17.159491575030188,13.769491575030187
9339,9446,369.0,-38.675,177.325,17.00859661876325,14.794596618763249
9340,9447,713.0,-38.675,177.375,16.909758335298648,12.631758335298649
9341,9605,843.0,-38.575,177.225,16.750726194216895,11.692726194216895
9342,9690,822.0,-38.575,177.275,16.544988174735863,11.612988174735863
9343,9693,688.0,-38.575,177.325,16.399700065638626,12.271700065638626
9344,9695,468.0,-38.575,177.375,16.314366120579734,13.506366120579735
9345,9883,1018.0,-38.525,177.225,16.454981813495124,10.346981813495123
9346,9884,928.0,-38.525,177.275,16.248426162935857,10.680426162935857
9347,9885,937.0,-38.525,177.325,16.10812559395822,10.48612559395822
9348,9886,835.0,-38.525,177.375,16.03080009461928,11.02080009461928
9349,9342,363.0,-38.625,177.425,16.57408428649137,14.39608428649137
9350,9343,407.0,-38.625,177.475,16.59350128042479,14.151501280424789
9351,9344,261.0,-38.625,177.525,16.665990142575083,15.099990142575084
9352,9448,529.0,-38.675,177.425,16.864661600851377,13.690661600851378
9353,9449,582.0,-38.675,177.475,16.873305555038996,13.381305555038995
9354,9450,448.0,-38.675,177.525,16.93405349787372,14.246053497873719
9355,9696,440.0,-38.575,177.425,16.28757552698289,13.647575526982891
9356,9700,547.0,-38.575,177.475,16.317339768121883,13.035339768121883
9357,9705,590.0,-38.575,177.525,16.40093004350706,12.86093004350706
9358,9887,539.0,-38.525,177.425,16.013254118759733,12.779254118759733
9359,9888,657.0,-38.525,177.475,16.05273738703204,12.110737387032039
9360,9889,401.0,-38.525,177.525,16.14642173225775,13.74042173225775
9361,9345,320.0,-38.625,177.575,16.787989769434716,14.867989769434717
9362,9346,481.0,-38.625,177.625,16.95461592983338,14.068615929833381
9363,9347,424.0,-38.625,177.675,17.15982156593418,14.61582156593418
9364,9348,391.0,-38.625,177.725,17.39667438597462,15.05067438597462
9365,9451,373.0,-38.675,177.575,17.04370839065996,14.805708390659959
9366,9452,254.0,-38.675,177.625,17.19767937333495,15.673679373334949
9367,9453,263.0,-38.675,177.675,17.390235302158544,15.812235302158545
9368,9454,333.0,-38.675,177.725,17.614782206248037,15.616782206248038
9369,9708,391.0,-38.575,177.575,16.534481891169207,14.188481891169207
9370,9712,276.0,-38.575,177.625,16.71273432477301,15.056734324773009
9371,9716,279.0,-38.575,177.675,16.929125411118548,15.255125411118549
9372,9720,140.0,-38.575,177.725,17.176153068302938,16.336153068302938
9373,9890,456.0,-38.525,177.575,16.29041586710423,13.554415867104229
9374,9891,260.0,-38.525,177.625,16.479073120781322,14.919073120781322
9375,9892,244.0,-38.525,177.675,16.705103883521133,15.241103883521133
9376,9893,118.0,-38.525,177.725,16.960230550098004,16.252230550098005
9377,9046,155.0,-38.525,177.775,17.235769772446474,16.305769772446475
9378,9154,83.0,-38.525,177.825,17.522827275847703,17.024827275847702
9379,9158,55.0,-38.525,177.875,17.812155358637938,17.48215535863794
9380,9199,56.0,-38.525,177.925,18.09399250398701,17.757992503987012
9381,9349,296.0,-38.625,177.775,17.65761234441834,15.88161234441834
9382,9350,39.0,-38.625,177.825,17.934531938153214,17.700531938153212
9383,9351,25.0,-38.625,177.875,18.218562637969626,18.068562637969627
9384,9352,12.0,-38.625,177.925,18.499182026334438,18.42718202633444
9385,9455,443.0,-38.675,177.775,17.864076504842615,15.206076504842615
9386,9456,283.0,-38.675,177.825,18.13028455542917,16.43228455542917
9387,9457,19.0,-38.675,177.875,18.40477483124232,18.29077483124232
9388,9458,10.0,-38.675,177.925,18.6773405911631,18.617340591163103
9389,9724,180.0,-38.575,177.775,17.445724732093367,16.36572473209337
9390,9791,114.0,-38.575,177.825,17.729264975528167,17.045264975528166
9391,9792,40.0,-38.575,177.875,18.017449023187964,17.777449023187966
9392,9794,19.0,-38.575,177.925,18.29947427123716,18.185474271237158
9393,9287,96.0,-38.525,177.975,18.35878188236984,17.78278188236984
9394,9295,264.0,-38.525,178.025,18.600026260121922,17.016026260121922
9395,9353,10.0,-38.625,177.975,18.761152805994243,18.701152805994244
9396,9354,139.0,-38.625,178.025,18.984509964148856,18.150509964148856
9397,9355,90.0,-38.625,178.075,19.176199623090724,18.636199623090725
9398,9459,5.0,-38.675,177.975,18.93312617759966,18.90312617759966
9399,9460,53.0,-38.675,178.075,19.32983631037223,19.011836310372228
9400,9469,194.0,-38.525,178.075,18.81723643037776,17.65323643037776
9401,9795,98.0,-38.575,177.975,18.562508713483112,17.97450871348311
9402,9797,101.0,-38.575,178.025,18.796162433901372,18.19016243390137
9403,9799,86.0,-38.575,178.075,19.001672704120665,18.485672704120667
9404,9356,49.0,-38.625,178.125,19.349552188024063,19.055552188024063
9405,9470,206.0,-38.525,178.125,19.01435660695506,17.77835660695506
9406,9471,171.0,-38.525,178.175,19.19613593582062,18.17013593582062
9407,9472,99.0,-38.525,178.225,19.366486969394828,18.772486969394826
9408,9473,119.0,-38.525,178.275,19.528342741020424,18.814342741020425
9409,9802,108.0,-38.575,178.125,19.186801381020814,18.538801381020814
9410,9805,40.0,-38.575,178.175,19.357805120186185,19.117805120186187
9411,9474,20.0,-38.475,174.675,16.436336580624356,16.316336580624355
9412,9552,109.0,-38.425,174.675,16.728568208805427,16.074568208805427
9413,9749,236.0,-38.375,174.675,17.027040516378747,15.611040516378747
9414,9475,189.0,-38.475,174.725,16.514884218246607,15.380884218246607
9415,9476,630.0,-38.475,174.775,16.578053616804937,12.798053616804937
9416,9477,405.0,-38.475,174.825,16.623380797328537,14.193380797328537
9417,9478,308.0,-38.475,174.875,16.64959199248642,14.801591992486422
9418,9553,231.0,-38.425,174.725,16.781467719390093,15.395467719390094
9419,9554,268.0,-38.425,174.775,16.8132254549123,15.205225454912298
9420,9555,505.0,-38.425,174.825,16.82328129387406,13.793281293874061
9421,9556,261.0,-38.425,174.875,16.812458221004363,15.246458221004364
9422,9750,113.0,-38.375,174.725,17.053133021284793,16.375133021284793
9423,9751,293.0,-38.375,174.775,17.051230198915164,15.293230198915165
9424,9752,452.0,-38.375,174.825,17.022823888404673,14.310823888404673
9425,9753,320.0,-38.375,174.875,16.971215863331054,15.051215863331054
9426,9479,233.0,-38.475,174.925,16.656316965049882,15.258316965049882
9427,9480,245.0,-38.475,174.975,16.64347211594395,15.17347211594395
9428,9481,160.0,-38.475,175.025,16.610576727981424,15.650576727981424
9429,9557,161.0,-38.425,174.925,16.78227497668513,15.816274976685131
9430,9558,296.0,-38.425,174.975,16.734168799875988,14.958168799875988
9431,9559,248.0,-38.425,175.025,16.668731904114793,15.180731904114793
9432,9754,339.0,-38.375,174.925,16.900136937405478,14.866136937405479
9433,9755,383.0,-38.375,174.975,16.812806562806145,14.514806562806145
9434,9756,264.0,-38.375,175.025,16.711311033188395,15.127311033188395
9435,9482,269.0,-38.475,175.075,16.556221892712983,14.942221892712983
9436,9483,156.0,-38.475,175.125,16.478232737941198,15.542232737941198
9437,9484,179.0,-38.475,175.175,16.375606297192007,15.301606297192007
9438,9485,183.0,-38.475,175.225,16.251663205709065,15.153663205709064
9439,9560,154.0,-38.425,175.075,16.584834198569297,15.660834198569297
9440,9561,236.0,-38.425,175.125,16.478801958490294,15.062801958490294
9441,9562,268.0,-38.425,175.175,16.346446802740047,14.738446802740047
9442,9563,214.0,-38.425,175.225,16.191383216308623,14.907383216308622
9443,9757,255.0,-38.375,175.075,16.595773877695137,15.065773877695138
9444,9758,80.0,-38.375,175.125,16.462247014175773,15.982247014175773
9445,9759,180.0,-38.375,175.175,16.299638343545666,15.219638343545666
9446,9760,268.0,-38.375,175.225,16.111152440584192,14.503152440584191
9447,9486,279.0,-38.475,175.275,16.1141806726273,14.4401806726273
9448,9487,352.0,-38.475,175.325,15.971997710949381,13.859997710949381
9449,9488,508.0,-38.475,175.375,15.832384392681888,12.784384392681888
9450,9564,316.0,-38.425,175.275,16.025794426265293,14.129794426265292
9451,9565,258.0,-38.425,175.325,15.86144661722301,14.31344661722301
9452,9566,456.0,-38.425,175.375,15.706394369612099,12.970394369612098
9453,9761,297.0,-38.375,175.275,15.918135202427948,14.136135202427948
9454,9762,306.0,-38.375,175.325,15.734528699916154,13.898528699916154
9455,9763,255.0,-38.375,175.375,15.568306510811453,14.038306510811454
9456,9047,545.0,-38.425,175.475,15.44012803530859,12.17012803530859
9457,9151,581.0,-38.425,175.525,15.330665073746786,11.844665073746786
9458,9160,540.0,-38.425,175.575,15.235329893474955,11.995329893474954
9459,9489,416.0,-38.475,175.425,15.700264028940182,13.204264028940182
9460,9490,492.0,-38.475,175.475,15.57826856140764,12.62626856140764
9461,9491,565.0,-38.475,175.525,15.467083252678094,12.077083252678094
9462,9492,539.0,-38.475,175.575,15.365968973067083,12.131968973067083
9463,9567,489.0,-38.425,175.425,15.565310579973811,12.631310579973812
9464,9764,581.0,-38.375,175.425,15.42354630515274,11.93754630515274
9465,9765,655.0,-38.375,175.475,15.301260427267152,11.371260427267153
9466,9766,630.0,-38.375,175.525,15.200123122987861,11.420123122987862
9467,9767,488.0,-38.375,175.575,15.117332284735312,12.189332284735311
9468,9200,456.0,-38.425,175.625,15.151915120295598,12.415915120295598
9469,9289,318.0,-38.425,175.675,15.078437180233777,13.170437180233778
9470,9297,265.0,-38.425,175.725,15.013965038635433,13.423965038635433
9471,9391,243.0,-38.425,175.775,14.95938206745359,13.501382067453589
9472,9493,540.0,-38.475,175.625,15.273441131804248,12.033441131804247
9473,9494,304.0,-38.475,175.675,15.188073460431042,13.364073460431042
9474,9495,360.0,-38.475,175.725,15.109374487267814,12.949374487267814
9475,9496,361.0,-38.475,175.775,15.038664125024297,12.872664125024297
9476,9768,351.0,-38.375,175.625,15.049543358759365,12.943543358759365
9477,9769,281.0,-38.375,175.675,14.993767066521286,13.307767066521286
9478,9770,305.0,-38.375,175.725,14.948168577129763,13.118168577129763
9479,9771,217.0,-38.375,175.775,14.91274077149319,13.610740771493191
9480,9394,276.0,-38.425,175.825,14.918012619574256,13.262012619574255
9481,9396,230.0,-38.425,175.875,14.896020713400503,13.516020713400504
9482,9398,322.0,-38.425,175.925,14.90246039831436,12.97046039831436
9483,9497,417.0,-38.475,175.825,14.979851810304353,12.477851810304355
9484,9498,514.0,-38.475,175.875,14.93998371922271,11.85598371922271
9485,9499,489.0,-38.475,175.925,14.929382274576255,11.995382274576256
9486,9772,226.0,-38.375,175.825,14.88982463213324,13.533824632133241
9487,9773,455.0,-38.375,175.875,14.88443107463354,12.154431074633539
9488,9774,378.0,-38.375,175.925,14.904299799041837,12.636299799041836
9489,9400,304.0,-38.425,175.975,14.948843615716214,13.124843615716214
9490,9402,572.0,-38.425,176.025,15.048130249732822,11.616130249732821
9491,9404,352.0,-38.425,176.075,15.213185964606055,13.101185964606055
9492,9406,294.0,-38.425,176.125,15.454973751473062,13.690973751473063
9493,9500,399.0,-38.475,175.975,14.961149473244859,12.567149473244859
9494,9501,649.0,-38.475,176.025,15.049798877239482,11.155798877239482
9495,9502,665.0,-38.475,176.075,15.208977398821844,11.218977398821844
9496,9503,587.0,-38.475,176.125,15.448767005500486,11.926767005500485
9497,9775,407.0,-38.375,175.975,14.959629413293442,12.517629413293442
9498,9776,406.0,-38.375,176.025,15.062446196359815,12.626446196359815
9499,9777,375.0,-38.375,176.075,15.225648321053086,12.975648321053086
9500,9778,489.0,-38.375,176.125,15.461821421790773,12.527821421790774
9501,9408,480.0,-38.425,176.175,15.780854852337143,12.900854852337144
9502,9410,608.0,-38.425,176.225,16.19317230137449,12.545172301374489
9503,9412,397.0,-38.425,176.275,16.68795288646288,14.305952886462881
9504,9504,403.0,-38.475,176.175,15.773556426300729,13.35555642630073
9505,9505,447.0,-38.475,176.225,16.181154331810376,13.499154331810375
9506,9506,346.0,-38.475,176.275,16.66280892143368,14.58680892143368
9507,9779,300.0,-38.375,176.175,15.781871015417437,13.981871015417436
9508,9780,464.0,-38.375,176.225,16.19331470932684,13.409314709326843
9509,9781,754.0,-38.375,176.275,16.69792248008207,12.17392248008207
9510,9414,299.0,-38.425,176.325,17.253576845535008,15.459576845535008
9511,9416,309.0,-38.425,176.375,17.869725375200233,16.015725375200233
9512,9418,496.0,-38.425,176.425,18.50727205405974,15.531272054059741
9513,9507,300.0,-38.475,176.325,17.20337028472659,15.403370284726588
9514,9508,324.0,-38.475,176.375,17.781367258638966,15.837367258638967
9515,9509,442.0,-38.475,176.425,18.369377025589074,15.717377025589075
9516,9510,542.0,-38.475,176.475,18.93513714641631,15.68313714641631
9517,9540,519.0,-38.425,176.475,19.129558945036933,16.015558945036933
9518,9782,346.0,-38.375,176.325,17.288717140153494,15.212717140153494
9519,9783,359.0,-38.375,176.375,17.94725845494213,15.79325845494213
9520,9784,358.0,-38.375,176.425,18.642716481493608,16.494716481493608
9521,9785,510.0,-38.375,176.475,19.333419533975757,16.27341953397576
9522,9511,560.0,-38.475,176.525,19.443576987657707,16.083576987657707
9523,9512,492.0,-38.475,176.575,19.859706448513407,16.90770644851341
9524,9513,375.0,-38.475,176.625,20.152185156002815,17.902185156002815
9525,9576,540.0,-38.425,176.525,19.694981530345558,16.454981530345556
9526,9579,514.0,-38.425,176.575,20.160608917769878,17.076608917769878
9527,9582,404.0,-38.425,176.625,20.48671780171253,18.06271780171253
9528,9786,530.0,-38.375,176.525,19.970184732297184,16.790184732297185
9529,9787,480.0,-38.375,176.575,20.50058826364466,17.62058826364466
9530,9788,440.0,-38.375,176.625,20.874273697773333,18.234273697773332
9531,9033,165.0,-38.375,176.775,20.732656357365613,19.742656357365615
9532,9038,244.0,-38.375,176.825,20.26337315589808,18.79937315589808
9533,9514,265.0,-38.475,176.675,20.297244809002223,18.707244809002223
9534,9515,201.0,-38.475,176.725,20.28234564707509,19.07634564707509
9535,9516,326.0,-38.475,176.775,20.108677298867406,18.152677298867406
9536,9517,762.0,-38.475,176.825,19.791694521100453,15.219694521100454
9537,9586,240.0,-38.425,176.675,20.642094756599818,19.202094756599816
9538,9591,180.0,-38.425,176.725,20.609400030900815,19.529400030900817
9539,9596,184.0,-38.425,176.775,20.389111059935658,19.28511105993566
9540,9601,680.0,-38.425,176.825,20.00047782811589,15.92047782811589
9541,9789,356.0,-38.375,176.675,21.04985623214725,18.91385623214725
9542,9790,191.0,-38.375,176.725,21.002937101794487,19.856937101794486
9543,9048,678.0,-38.375,176.875,19.64046068385096,15.572460683850961
9544,9049,697.0,-38.375,176.925,18.92280285957304,14.74080285957304
9545,9050,529.0,-38.375,176.975,18.175188288456866,15.001188288456866
9546,9051,225.0,-38.375,177.025,17.46099511673401,16.11099511673401
9547,9518,669.0,-38.475,176.875,19.35942451640085,15.34542451640085
9548,9519,721.0,-38.475,176.925,18.848947328580834,14.522947328580834
9549,9520,262.0,-38.475,176.975,18.301752996216464,16.729752996216465
9550,9521,615.0,-38.475,177.025,17.758591417155458,14.068591417155458
9551,9606,505.0,-38.425,176.875,19.47902653636038,16.44902653636038
9552,9689,338.0,-38.425,176.925,18.871594281405578,16.84359428140558
9553,9691,247.0,-38.425,176.975,18.23027243099068,16.74827243099068
9554,9707,316.0,-38.425,177.025,17.605876369741964,15.709876369741963
9555,9052,339.0,-38.375,177.075,16.833318737625632,14.799318737625633
9556,9053,282.0,-38.375,177.125,16.325144098724422,14.633144098724422
9557,9054,458.0,-38.375,177.175,15.94449104037244,13.196491040372441
9558,9522,687.0,-38.475,177.075,17.25442282291101,13.13242282291101
9559,9523,643.0,-38.475,177.125,16.814440317741855,12.956440317741855
9560,9524,1015.0,-38.475,177.175,16.45238057835013,10.36238057835013
9561,9711,406.0,-38.425,177.075,17.041093273288197,14.605093273288198
9562,9715,624.0,-38.425,177.125,16.564490923102312,12.820490923102312
9563,9719,680.0,-38.425,177.175,16.187949433936183,12.107949433936183
9564,9055,851.0,-38.375,177.225,15.679328347355295,10.573328347355295
9565,9056,832.0,-38.375,177.275,15.508440706666988,10.516440706666987
9566,9057,689.0,-38.375,177.325,15.410892328826094,11.276892328826094
9567,9058,607.0,-38.375,177.375,15.371062428549749,11.72906242854975
9568,9525,1122.0,-38.475,177.225,16.17169392285882,9.439693922858822
9569,9526,606.0,-38.475,177.275,15.968829203325868,12.332829203325868
9570,9527,757.0,-38.475,177.325,15.83707483892249,11.29507483892249
9571,9528,649.0,-38.475,177.375,15.769651067375662,11.875651067375662
9572,9723,458.0,-38.425,177.225,15.909096758778333,13.161096758778333
9573,9727,888.0,-38.425,177.275,15.717194463383976,10.389194463383976
9574,9728,360.0,-38.425,177.325,15.59924648010815,13.43924648010815
9575,9729,628.0,-38.425,177.375,15.544238045899647,11.776238045899646
9576,9059,586.0,-38.375,177.425,15.380319702873294,11.864319702873294
9577,9060,635.0,-38.375,177.475,15.437200360743873,11.627200360743874
9578,9061,616.0,-38.375,177.525,15.54618174033817,11.85018174033817
9579,9529,628.0,-38.475,177.425,15.761480219498935,11.993480219498935
9580,9530,748.0,-38.475,177.475,15.809520823343973,11.321520823343974
9581,9531,734.0,-38.475,177.525,15.9116552857447,11.5076552857447
9582,9730,857.0,-38.425,177.425,15.545215096360153,10.403215096360153
9583,9731,618.0,-38.425,177.475,15.599589347152687,11.891589347152687
9584,9732,732.0,-38.425,177.525,15.707425819324726,11.315425819324727
9585,9062,659.0,-38.375,177.575,15.710171111677482,11.756171111677482
9586,9063,306.0,-38.375,177.625,15.920771674416756,14.084771674416755
9587,9064,372.0,-38.375,177.675,16.16439091645816,13.93239091645816
9588,9065,405.0,-38.375,177.725,16.429589990172644,13.999589990172645
9589,9532,753.0,-38.475,177.575,16.064577041769553,11.546577041769552
9590,9533,478.0,-38.475,177.625,16.26225588291345,13.39425588291345
9591,9534,251.0,-38.475,177.675,16.496326300147302,14.990326300147302
9592,9535,183.0,-38.475,177.725,16.75752514550095,15.659525145500949
9593,9733,586.0,-38.425,177.575,15.86721511766882,12.35121511766882
9594,9734,515.0,-38.425,177.625,16.072332015421125,12.982332015421125
9595,9735,389.0,-38.425,177.675,16.31257341833816,13.978573418338161
9596,9736,79.0,-38.425,177.725,16.577487437998116,16.103487437998115
9597,9066,209.0,-38.375,177.775,16.707387314272637,15.453387314272637
9598,9067,100.0,-38.375,177.825,16.990296532800585,16.390296532800583
9599,9068,168.0,-38.375,177.875,17.271813680955802,16.263813680955803
9600,9069,230.0,-38.375,177.925,17.54635544028224,16.166355440282242
9601,9536,196.0,-38.475,177.775,17.03667528720598,15.86067528720598
9602,9537,101.0,-38.475,177.825,17.324927014353307,16.718927014353305
9603,9539,80.0,-38.475,177.875,17.6136783021866,17.1336783021866
9604,9544,136.0,-38.475,177.925,17.89466328907656,17.078663289076562
9605,9737,236.0,-38.425,177.775,16.85768578362331,15.44168578362331
9606,9738,82.0,-38.425,177.825,17.14478733048054,16.65278733048054
9607,9739,167.0,-38.425,177.875,17.431169779072206,16.429169779072208
9608,9740,158.0,-38.425,177.925,17.71000723203224,16.76200723203224
9609,9070,285.0,-38.375,177.975,17.809512428509606,16.099512428509605
9610,9071,241.0,-38.375,178.025,18.058412296139977,16.612412296139976
9611,9072,307.0,-38.375,178.075,18.291907129917945,16.449907129917946
9612,9545,196.0,-38.475,177.975,18.16068812946287,16.98468812946287
9613,9546,360.0,-38.475,178.025,18.407098759016662,16.247098759016662
9614,9547,179.0,-38.475,178.075,18.63286501084076,17.55886501084076
9615,9741,340.0,-38.425,177.975,17.97573456500868,15.93573456500868
9616,9742,441.0,-38.425,178.025,18.224770495884968,15.578770495884967
9617,9743,345.0,-38.425,178.075,18.455953104940363,16.385953104940363
9618,9073,190.0,-38.375,178.125,18.510390470441052,17.370390470441052
9619,9074,222.0,-38.375,178.175,18.715312174767405,17.383312174767404
9620,9075,186.0,-38.375,178.225,18.908631528108344,17.792631528108345
9621,9076,18.0,-38.375,178.275,19.092394748932747,18.984394748932747
9622,9548,185.0,-38.475,178.125,18.839947215091797,17.729947215091798
9623,9549,201.0,-38.475,178.175,19.031600100691776,17.825600100691776
9624,9550,41.0,-38.475,178.225,19.211097113197866,18.965097113197867
9625,9551,109.0,-38.475,178.275,19.381225152512798,18.727225152512798
9626,9744,210.0,-38.425,178.125,18.67022270296411,17.41022270296411
9627,9745,315.0,-38.425,178.175,18.869754478906543,16.979754478906543
9628,9746,67.0,-38.425,178.225,19.057115548560432,18.65511554856043
9629,9747,105.0,-38.425,178.275,19.23475095280537,18.60475095280537
9630,9748,66.0,-38.425,178.325,19.40476559704166,19.00876559704166
9631,9077,20.0,-38.325,174.725,17.323232671527876,17.203232671527875
9632,9078,292.0,-38.325,174.775,17.285202848751396,15.533202848751396
9633,9079,295.0,-38.325,174.825,17.215056753408135,15.445056753408135
9634,9080,222.0,-38.325,174.875,17.119138070824192,15.787138070824192
9635,9159,144.0,-38.275,174.725,17.584866622973095,16.720866622973094
9636,9196,63.0,-38.275,174.775,17.507983195569977,17.129983195569977
9637,9217,20.0,-38.175,174.725,18.041213349366444,17.921213349366443
9638,9218,34.0,-38.175,174.775,17.881082836462156,17.677082836462155
9639,9219,174.0,-38.175,174.825,17.67864389227907,16.63464389227907
9640,9220,164.0,-38.175,174.875,17.446875424471727,16.46287542447173
9641,9273,121.0,-38.275,174.825,17.393131325530703,16.667131325530704
9642,9276,239.0,-38.275,174.875,17.250407029854614,15.816407029854615
9643,9950,42.0,-38.225,174.725,17.82938367859515,17.57738367859515
9644,9951,128.0,-38.225,174.775,17.710688890802885,16.942688890802884
9645,9952,100.0,-38.225,174.825,17.549896601292858,16.949896601292856
9646,9953,273.0,-38.225,174.875,17.36046292231549,15.722462922315492
9647,9081,265.0,-38.325,174.925,17.00345386419758,15.413453864197582
9648,9082,349.0,-38.325,174.975,16.872776813051132,14.778776813051133
9649,9083,230.0,-38.325,175.025,16.730408176148558,15.350408176148559
9650,9221,239.0,-38.175,174.925,17.1940804193664,15.760080419366401
9651,9222,408.0,-38.175,174.975,16.926380280720878,14.478380280720877
9652,9223,301.0,-38.175,175.025,16.64850409093924,14.842504090939242
9653,9279,195.0,-38.275,174.925,17.087671770445922,15.917671770445923
9654,9282,301.0,-38.275,174.975,16.910576936703364,15.104576936703365
9655,9290,277.0,-38.275,175.025,16.722899251950366,15.060899251950367
9656,9954,383.0,-38.225,174.925,17.150875415017254,14.852875415017254
9657,9955,529.0,-38.225,174.975,16.926992083897858,13.752992083897858
9658,9956,298.0,-38.225,175.025,16.692854505801733,14.904854505801733
9659,9084,168.0,-38.325,175.075,16.577729942653605,15.569729942653606
9660,9085,69.0,-38.325,175.125,16.4125107358268,15.9985107358268
9661,9086,101.0,-38.325,175.175,16.219389956056148,15.613389956056148
9662,9087,188.0,-38.325,175.225,16.000874581989592,14.872874581989592
9663,9224,162.0,-38.175,175.075,16.364263035792646,15.392263035792647
9664,9225,177.0,-38.175,175.125,16.077442925063224,15.015442925063224
9665,9226,76.0,-38.175,175.175,15.793820903383676,15.337820903383676
9666,9227,59.0,-38.175,175.225,15.523469940188988,15.16946994018899
9667,9298,113.0,-38.275,175.075,16.526220811106214,15.848220811106213
9668,9467,54.0,-38.275,175.125,16.318418788561758,15.994418788561758
9669,9543,60.0,-38.275,175.175,16.093504003433736,15.733504003433737
9670,9583,111.0,-38.275,175.225,15.857424584120963,15.191424584120963
9671,9957,173.0,-38.225,175.075,16.45075681848175,15.41275681848175
9672,9958,54.0,-38.225,175.125,16.20134966079422,15.877349660794222
9673,9959,61.0,-38.225,175.175,15.946096976971603,15.580096976971603
9674,9960,42.0,-38.225,175.225,15.693155224013026,15.441155224013025
9675,9088,290.0,-38.325,175.275,15.786241638673346,14.046241638673346
9676,9089,377.0,-38.325,175.325,15.58933756186434,13.32733756186434
9677,9090,265.0,-38.325,175.375,15.418122615311404,13.828122615311404
9678,9228,62.0,-38.175,175.275,15.280333491402416,14.908333491402416
9679,9229,91.0,-38.175,175.325,15.078788796146,14.532788796146
9680,9230,100.0,-38.175,175.375,14.930306963645307,14.330306963645308
9681,9588,129.0,-38.275,175.275,15.630114348456118,14.856114348456117
9682,9593,319.0,-38.275,175.325,15.427179862447701,13.513179862447702
9683,9598,185.0,-38.275,175.375,15.257940720200168,14.147940720200168
9684,9961,80.0,-38.225,175.275,15.457474145206106,14.977474145206106
9685,9962,81.0,-38.225,175.325,15.253848087520964,14.767848087520964
9686,9963,130.0,-38.225,175.375,15.09273342382221,14.31273342382221
9687,9091,426.0,-38.325,175.425,15.27631039138305,12.72031039138305
9688,9092,543.0,-38.325,175.475,15.163983217150417,11.905983217150418
9689,9093,576.0,-38.325,175.525,15.078426813227452,11.622426813227452
9690,9094,518.0,-38.325,175.575,15.015271257074346,11.907271257074346
9691,9231,110.0,-38.175,175.425,14.840269390132562,14.180269390132562
9692,9232,160.0,-38.175,175.475,14.80428272088102,13.844282720881019
9693,9233,132.0,-38.175,175.525,14.811335869630057,14.019335869630057
9694,9234,200.0,-38.175,175.575,14.849447414541828,13.649447414541829
9695,9603,240.0,-38.275,175.425,15.126386888554407,13.686386888554408
9696,9692,333.0,-38.275,175.475,15.031693501096015,13.033693501096016
9697,9710,415.0,-38.275,175.525,14.969396918042548,12.479396918042548
9698,9714,437.0,-38.275,175.575,14.93313607089749,12.31113607089749
9699,9964,176.0,-38.225,175.425,14.978625352175186,13.922625352175185
9700,9965,273.0,-38.225,175.475,14.909422737782734,13.271422737782734
9701,9966,235.0,-38.225,175.525,14.878141056296954,13.468141056296954
9702,9967,261.0,-38.225,175.575,14.875875092678143,13.309875092678144
9703,9095,392.0,-38.325,175.625,14.969659645635147,12.617659645635147
9704,9096,197.0,-38.325,175.675,14.937236312931418,13.755236312931418
9705,9097,213.0,-38.325,175.725,14.914918165008203,13.636918165008202
9706,9098,331.0,-38.325,175.775,14.901484453867852,12.915484453867851
9707,9235,233.0,-38.175,175.625,14.907671228589606,13.509671228589607
9708,9236,154.0,-38.175,175.675,14.976676332444185,14.052676332444186
9709,9237,260.0,-38.175,175.725,15.048988851478498,13.488988851478497
9710,9238,260.0,-38.175,175.775,15.11911191004674,13.55911191004674
9711,9718,300.0,-38.275,175.625,14.916207079711967,13.116207079711966
9712,9722,225.0,-38.275,175.675,14.912636597618075,13.562636597618075
9713,9726,283.0,-38.275,175.725,14.91788362693842,13.219883626938419
9714,9801,424.0,-38.275,175.775,14.929321353904015,12.385321353904015
9715,9968,342.0,-38.225,175.625,14.893820715692527,12.841820715692528
9716,9969,117.0,-38.225,175.675,14.924283513350929,14.222283513350929
9717,9970,320.0,-38.225,175.725,14.961206399275397,13.041206399275397
9718,9971,353.0,-38.225,175.775,15.000494845807225,12.882494845807225
9719,9021,340.0,-38.225,175.875,15.081101507583298,13.0411015075833
9720,9024,387.0,-38.225,175.925,15.126301483681345,12.804301483681346
9721,9099,327.0,-38.325,175.825,14.898014061116555,12.936014061116555
9722,9100,345.0,-38.325,175.875,14.90817237353167,12.83817237353167
9723,9101,620.0,-38.325,175.925,14.938328826180623,11.218328826180624
9724,9239,280.0,-38.175,175.825,15.183645695045016,13.503645695045016
9725,9240,297.0,-38.175,175.875,15.24149619534819,13.45949619534819
9726,9241,369.0,-38.175,175.925,15.29422232629804,13.08022232629804
9727,9804,364.0,-38.275,175.825,14.946590352607927,12.762590352607926
9728,9807,377.0,-38.275,175.875,14.971865529800198,12.709865529800197
9729,9810,421.0,-38.275,175.925,15.01004956120778,12.48404956120778
9730,9972,348.0,-38.225,175.825,15.040267674116876,12.952267674116875
9731,9026,500.0,-38.225,175.975,15.182204799389183,12.182204799389183
9732,9028,549.0,-38.225,176.025,15.258509590187714,11.964509590187713
9733,9030,632.0,-38.225,176.075,15.368626379695343,11.576626379695343
9734,9035,654.0,-38.225,176.125,15.530076650295996,11.606076650295996
9735,9102,404.0,-38.325,175.975,14.997482057119669,12.57348205711967
9736,9103,296.0,-38.325,176.025,15.09698646263223,13.32098646263223
9737,9104,298.0,-38.325,176.075,15.25010005673903,13.462100056739029
9738,9105,341.0,-38.325,176.125,15.471363707302771,13.425363707302772
9739,9242,414.0,-38.175,175.975,15.346527416607387,12.862527416607387
9740,9243,563.0,-38.175,176.025,15.40686050515069,12.02886050515069
9741,9244,659.0,-38.175,176.075,15.488075873717207,11.534075873717207
9742,9245,640.0,-38.175,176.125,15.608133488620297,11.768133488620297
9743,9813,522.0,-38.275,175.975,15.068892271997356,11.936892271997356
9744,9816,517.0,-38.275,176.025,15.159037880459437,12.057037880459436
9745,9819,587.0,-38.275,176.075,15.29401321952082,11.77201321952082
9746,9822,462.0,-38.275,176.125,15.490160845924038,12.718160845924038
9747,9043,376.0,-38.225,176.175,15.764993399092418,13.508993399092418
9748,9106,341.0,-38.325,176.175,15.775692482557133,13.729692482557134
9749,9107,321.0,-38.325,176.225,16.176740145187978,14.250740145187978
9750,9108,359.0,-38.325,176.275,16.68373382520258,14.52973382520258
9751,9165,365.0,-38.225,176.225,16.10062305502015,13.910623055020151
9752,9167,400.0,-38.225,176.275,16.568299850758194,14.168299850758194
9753,9246,526.0,-38.175,176.175,15.790968317217448,12.63496831721745
9754,9247,410.0,-38.175,176.225,16.06809472418081,13.60809472418081
9755,9248,354.0,-38.175,176.275,16.482204944480145,14.358204944480145
9756,9825,380.0,-38.275,176.175,15.76640907600995,13.48640907600995
9757,9828,380.0,-38.275,176.225,16.14335087405925,13.863350874059252
9758,9831,420.0,-38.275,176.275,16.64007501502965,14.120075015029652
9759,9109,501.0,-38.325,176.325,17.296333692405824,14.290333692405824
9760,9110,407.0,-38.325,176.375,17.999126444647118,15.557126444647118
9761,9111,400.0,-38.325,176.425,18.75938355107928,16.359383551079283
9762,9112,465.0,-38.325,176.475,19.529589669171855,16.739589669171856
9763,9169,426.0,-38.225,176.325,17.19417984966276,14.63817984966276
9764,9171,525.0,-38.225,176.375,17.975910224836298,14.825910224836298
9765,9172,299.0,-38.225,176.425,18.871030088956104,17.077030088956104
9766,9173,531.0,-38.225,176.475,19.81482570044409,16.62882570044409
9767,9249,468.0,-38.175,176.325,17.086325616063732,14.278325616063732
9768,9250,388.0,-38.175,176.375,17.894581378227485,15.566581378227486
9769,9251,302.0,-38.175,176.425,18.844804171569194,17.032804171569193
9770,9252,530.0,-38.175,176.475,19.859379497622285,16.679379497622286
9771,9834,571.0,-38.275,176.325,17.266363340588214,13.840363340588214
9772,9837,481.0,-38.275,176.375,18.01166788154751,15.12566788154751
9773,9840,392.0,-38.275,176.425,18.840336526138344,16.488336526138344
9774,9843,360.0,-38.275,176.475,19.697601968466643,17.537601968466642
9775,9113,436.0,-38.325,176.525,20.25218364102693,17.636183641026932
9776,9114,393.0,-38.325,176.575,20.8641330813889,18.5061330813889
9777,9115,423.0,-38.325,176.625,21.30211472703286,18.764114727032858
9778,9174,900.0,-38.225,176.525,20.734829863380128,15.33482986338013
9779,9175,560.0,-38.225,176.575,21.55117397371214,18.19117397371214
9780,9176,356.0,-38.225,176.625,22.172886284691685,20.036886284691686
9781,9253,326.0,-38.175,176.525,20.864649699584334,18.908649699584334
9782,9254,143.0,-38.175,176.575,21.78137762408187,20.92337762408187
9783,9255,166.0,-38.175,176.625,22.51301588561182,21.517015885611823
9784,9901,478.0,-38.275,176.525,20.517521903487705,17.649521903487706
9785,9903,455.0,-38.275,176.575,21.226854912692488,18.496854912692488
9786,9905,440.0,-38.275,176.625,21.74777031551821,19.10777031551821
9787,9116,377.0,-38.325,176.675,21.510789793895583,19.248789793895583
9788,9117,305.0,-38.325,176.725,21.45502186612839,19.625021866128392
9789,9118,179.0,-38.325,176.775,21.13168106803596,20.057681068035958
9790,9119,261.0,-38.325,176.825,20.572835988693896,19.006835988693897
9791,9177,439.0,-38.225,176.675,22.500356405340426,19.866356405340426
9792,9178,396.0,-38.225,176.725,22.450360528430338,20.074360528430336
9793,9179,281.0,-38.225,176.775,22.007206761654743,20.321206761654743
9794,9180,154.0,-38.225,176.825,21.243763800611305,20.319763800611305
9795,9256,140.0,-38.175,176.675,22.93337846722534,22.09337846722534
9796,9257,338.0,-38.175,176.725,22.902273789319224,20.874273789319226
9797,9258,310.0,-38.175,176.775,22.37982568211919,20.51982568211919
9798,9259,168.0,-38.175,176.825,21.500821885831556,20.492821885831557
9799,9907,396.0,-38.275,176.675,22.005805010457152,19.62980501045715
9800,9909,275.0,-38.275,176.725,21.9484165495287,20.298416549528703
9801,9911,221.0,-38.275,176.775,21.568475475398827,20.242475475398827
9802,9913,259.0,-38.275,176.825,20.911563255034707,19.35756325503471
9803,9120,571.0,-38.325,176.875,19.837468412306407,16.41146841230641
9804,9121,608.0,-38.325,176.925,18.9987324441895,15.3507324441895
9805,9122,120.0,-38.325,176.975,18.134893796374854,17.414893796374855
9806,9123,262.0,-38.325,177.025,17.323864657051672,15.751864657051673
9807,9181,452.0,-38.225,176.875,20.274656268681156,17.562656268681156
9808,9182,575.0,-38.225,176.925,19.20530608802983,15.75530608802983
9809,9183,525.0,-38.225,176.975,18.122323360493283,14.972323360493283
9810,9184,504.0,-38.225,177.025,17.116714302253058,14.092714302253057
9811,9260,391.0,-38.175,176.875,20.440516187708454,18.094516187708454
9812,9261,258.0,-38.175,176.925,19.31758196122064,17.769581961220638
9813,9262,83.0,-38.175,176.975,18.19683794397679,17.698837943976788
9814,9263,163.0,-38.175,177.025,17.136473632817797,16.158473632817795
9815,9914,478.0,-38.275,176.875,20.05732775804836,17.18932775804836
9816,9916,574.0,-38.275,176.925,19.094845620998058,15.650845620998059
9817,9917,528.0,-38.275,176.975,18.112460559190822,14.944460559190823
9818,9919,301.0,-38.275,177.025,17.201135178320328,15.395135178320329
9819,9124,575.0,-38.325,177.075,16.633524993422725,13.183524993422726
9820,9125,252.0,-38.325,177.125,16.10389395961488,14.591893959614879
9821,9126,487.0,-38.325,177.175,15.735542869766505,12.813542869766504
9822,9185,237.0,-38.225,177.075,16.310614169663495,14.888614169663494
9823,9186,320.0,-38.225,177.125,15.798479809003766,13.878479809003766
9824,9187,326.0,-38.225,177.175,15.531241176336152,13.575241176336153
9825,9264,97.0,-38.175,177.075,16.27473033551496,15.692730335514959
9826,9265,145.0,-38.175,177.125,15.824779116844638,14.95477911684464
9827,9266,89.0,-38.175,177.175,15.638491562640866,15.104491562640865
9828,9920,368.0,-38.275,177.075,16.451025273043797,14.243025273043797
9829,9921,273.0,-38.275,177.125,15.916899239909526,14.278899239909526
9830,9923,531.0,-38.275,177.175,15.584444909198055,12.398444909198055
9831,9031,179.0,-38.175,177.275,15.539746731447849,14.46574673144785
9832,9036,385.0,-38.175,177.325,15.53309546478431,13.22309546478431
9833,9044,486.0,-38.175,177.375,15.534276717876537,12.618276717876537
9834,9127,798.0,-38.325,177.225,15.500217748270643,10.712217748270643
9835,9128,775.0,-38.325,177.275,15.362093412497643,10.712093412497644
9836,9129,158.0,-38.325,177.325,15.291494788617456,14.343494788617456
9837,9130,724.0,-38.325,177.375,15.269047690266461,10.92504769026646
9838,9188,634.0,-38.225,177.225,15.406159781593942,11.602159781593942
9839,9189,599.0,-38.225,177.275,15.354584624824156,11.760584624824157
9840,9190,519.0,-38.225,177.325,15.339631368347682,12.225631368347681
9841,9191,425.0,-38.225,177.375,15.344983616774016,12.794983616774015
9842,9267,461.0,-38.175,177.225,15.564640509386209,12.798640509386209
9843,9924,663.0,-38.275,177.225,15.397513273053619,11.419513273053619
9844,9926,184.0,-38.275,177.275,15.302144582928804,14.198144582928805
9845,9928,307.0,-38.275,177.325,15.261819176632343,13.419819176632343
9846,9930,386.0,-38.275,177.375,15.256442975846312,12.940442975846313
9847,9131,486.0,-38.325,177.425,15.285323004821521,12.36932300482152
9848,9132,588.0,-38.325,177.475,15.33986202550659,11.81186202550659
9849,9133,589.0,-38.325,177.525,15.44272575707646,11.90872575707646
9850,9146,170.0,-38.175,177.425,15.54649150314276,14.526491503142761
9851,9156,222.0,-38.175,177.475,15.580006208368559,14.248006208368558
9852,9192,490.0,-38.225,177.425,15.367909270409427,12.427909270409428
9853,9193,542.0,-38.225,177.475,15.414932786540703,12.162932786540704
9854,9198,488.0,-38.175,177.525,15.647055110940983,12.719055110940982
9855,9201,458.0,-38.225,177.525,15.50010769732171,12.75210769732171
9856,9931,572.0,-38.275,177.425,15.278343219987846,11.846343219987846
9857,9932,634.0,-38.275,177.475,15.32918869950231,11.52518869950231
9858,9933,506.0,-38.275,177.525,15.421147055791835,12.385147055791835
9859,9134,577.0,-38.325,177.575,15.607946103288668,12.145946103288669
9860,9135,899.0,-38.325,177.625,15.82052159614932,10.42652159614932
9861,9136,1011.0,-38.325,177.675,16.062222128459325,9.996222128459326
9862,9137,500.0,-38.325,177.725,16.322252390968515,13.322252390968515
9863,9202,629.0,-38.225,177.575,15.635985281250214,11.861985281250213
9864,9203,682.0,-38.225,177.625,15.814577883658785,11.722577883658786
9865,9204,566.0,-38.225,177.675,16.021714387856264,12.625714387856263
9866,9205,821.0,-38.225,177.725,16.24764021417741,11.321640214177409
9867,9285,411.0,-38.175,177.575,15.755268760635317,13.289268760635316
9868,9293,678.0,-38.175,177.625,15.902134909192682,11.834134909192683
9869,9468,581.0,-38.175,177.675,16.079150429068704,12.593150429068704
9870,9541,1035.0,-38.175,177.725,16.27779773293514,10.06779773293514
9871,9934,532.0,-38.275,177.575,15.58030521761657,12.388305217616569
9872,9935,770.0,-38.275,177.625,15.78398780446787,11.163987804467869
9873,9936,953.0,-38.275,177.675,16.0140795609841,10.2960795609841
9874,9937,498.0,-38.275,177.725,16.26119405687814,13.27319405687814
9875,9138,287.0,-38.325,177.775,16.59281048160483,14.87081048160483
9876,9139,247.0,-38.325,177.825,16.86750342639789,15.38550342639789
9877,9140,285.0,-38.325,177.875,17.140853498152865,15.430853498152864
9878,9141,248.0,-38.325,177.925,17.40824016327224,15.92024016327224
9879,9206,439.0,-38.225,177.775,16.485347342957084,13.851347342957084
9880,9207,583.0,-38.225,177.825,16.729266730806557,13.231266730806558
9881,9208,463.0,-38.225,177.875,16.974785972353857,14.196785972353856
9882,9209,870.0,-38.225,177.925,17.218116863985415,11.998116863985416
9883,9569,775.0,-38.175,177.775,16.491075527818793,11.841075527818795
9884,9570,908.0,-38.175,177.825,16.71329029802837,11.265290298028368
9885,9572,439.0,-38.175,177.875,16.939763040781145,14.305763040781144
9886,9574,460.0,-38.175,177.925,17.166686287768698,14.406686287768698
9887,9938,380.0,-38.275,177.775,16.51843590014414,14.238435900144141
9888,9939,344.0,-38.275,177.825,16.78013963030753,14.71613963030753
9889,9940,412.0,-38.275,177.875,17.04148915858832,14.56948915858832
9890,9941,424.0,-38.275,177.925,17.298463699743024,14.754463699743024
9891,9142,399.0,-38.325,177.975,17.666051481572595,15.272051481572595
9892,9143,200.0,-38.325,178.025,17.911882081213207,16.711882081213208
9893,9144,362.0,-38.325,178.075,18.14462163269127,15.972621632691268
9894,9210,627.0,-38.225,177.975,17.456304781024755,13.694304781024755
9895,9211,564.0,-38.225,178.025,17.687272591777855,14.303272591777855
9896,9212,431.0,-38.225,178.075,17.909830908584354,15.323830908584354
9897,9577,592.0,-38.175,177.975,17.39108340939947,13.839083409399471
9898,9580,491.0,-38.175,178.025,17.610806337322174,14.664806337322174
9899,9584,528.0,-38.175,178.075,17.824523943590975,14.656523943590976
9900,9942,379.0,-38.275,177.975,17.547923808914675,15.273923808914674
9901,9943,247.0,-38.275,178.025,17.787721378892456,16.305721378892457
9902,9944,370.0,-38.275,178.075,18.016741513863508,15.796741513863507
9903,9034,61.0,-38.325,178.175,18.571994245441147,18.205994245441147
9904,9040,237.0,-38.325,178.225,18.769060098482896,17.347060098482896
9905,9145,262.0,-38.325,178.125,18.364340259784967,16.792340259784968
9906,9149,19.0,-38.325,178.275,18.957203844843207,18.843203844843206
9907,9213,381.0,-38.225,178.125,18.1236167632278,15.837616763227802
9908,9214,457.0,-38.225,178.175,18.328954023717415,15.586954023717414
9909,9215,276.0,-38.225,178.225,18.52665349454628,16.870653494546282
9910,9216,83.0,-38.225,178.275,18.717783596078334,18.219783596078333
9911,9589,580.0,-38.175,178.125,18.031671117940732,14.551671117940732
9912,9594,287.0,-38.175,178.175,18.232344117544017,16.510344117544015
9913,9599,188.0,-38.175,178.225,18.42713810985515,17.29913810985515
9914,9604,121.0,-38.175,178.275,18.616931488399132,17.890931488399133
9915,9945,301.0,-38.275,178.125,18.234823961467555,16.428823961467554
9916,9946,333.0,-38.275,178.175,18.44256900519622,16.444569005196218
9917,9947,188.0,-38.275,178.225,18.641077335272257,17.513077335272257
9918,9948,71.0,-38.275,178.275,18.831684473427686,18.405684473427687
9919,9152,136.0,-38.325,178.325,19.138039985461546,18.322039985461547
9920,9694,117.0,-38.175,178.325,18.802641812832007,18.10064181283201
9921,9949,92.0,-38.275,178.325,19.015736257156732,18.463736257156732
9922,9697,113.0,-38.125,174.725,18.196444302330747,17.518444302330746
9923,9698,5.0,-38.125,174.775,18.010697994860493,17.980697994860492
9924,9699,20.0,-38.125,174.825,17.777346009204848,17.657346009204847
9925,9701,23.0,-38.125,174.875,17.511052050867875,17.373052050867873
9926,10904,30.0,-38.025,174.825,17.915738252452684,17.735738252452684
9927,10907,61.0,-38.025,174.875,17.59994067707339,17.23394067707339
9928,9702,84.0,-38.125,174.925,17.22134220891712,16.71734220891712
9929,9703,252.0,-38.125,174.975,16.915388506381532,15.403388506381532
9930,9704,334.0,-38.125,175.025,16.599143048248152,14.595143048248152
9931,9995,22.0,-38.075,174.925,17.239412118661676,17.107412118661674
9932,9996,181.0,-38.075,174.975,16.902002426460058,15.816002426460058
9933,9997,318.0,-38.075,175.025,16.55420857831905,14.64620857831905
9934,10775,85.0,-37.975,174.925,17.280070238360167,16.770070238360166
9935,10781,262.0,-37.975,174.975,16.90044739856421,15.328447398564212
9936,10785,338.0,-37.975,175.025,16.512843789349063,14.484843789349062
9937,10934,378.0,-38.025,174.925,17.256435496561608,14.988435496561607
9938,10935,91.0,-38.025,174.975,16.894558055524612,16.348558055524613
9939,10936,308.0,-38.025,175.025,16.522821863014542,14.674821863014543
9940,9706,217.0,-38.125,175.075,16.27815598968664,14.976155989686639
9941,9709,125.0,-38.125,175.125,15.958691524007008,15.208691524007008
9942,9713,111.0,-38.125,175.175,15.649293084229612,14.983293084229611
9943,9717,89.0,-38.125,175.225,15.362023969230904,14.828023969230903
9944,9998,161.0,-38.075,175.075,16.20309623519097,15.23709623519097
9945,9999,130.0,-38.075,175.125,15.856570333656236,15.076570333656237
9946,10000,40.0,-38.075,175.175,15.524881141548576,15.284881141548576
9947,10029,40.0,-38.075,175.225,15.222046931771729,14.982046931771729
9948,10790,495.0,-37.975,175.075,16.12634295697808,13.156342956978078
9949,10794,421.0,-37.975,175.125,15.749553316528363,13.223553316528363
9950,10798,39.0,-37.975,175.175,15.391574360871346,15.157574360871346
9951,10802,20.0,-37.975,175.225,15.065718274669052,14.945718274669053
9952,10937,504.0,-38.025,175.075,16.149397273259638,13.125397273259637
9953,10938,362.0,-38.025,175.125,15.782903178477682,13.610903178477681
9954,10939,139.0,-38.025,175.175,15.433947288734089,14.59994728873409
9955,10940,39.0,-38.025,175.225,15.11760512683668,14.88360512683668
9956,9721,51.0,-38.125,175.275,15.111908423686145,14.805908423686146
9957,9725,79.0,-38.125,175.325,14.914174751041173,14.440174751041173
9958,9793,76.0,-38.125,175.375,14.781369958738651,14.325369958738651
9959,10037,42.0,-38.075,175.275,14.965815203531747,14.713815203531746
9960,10046,40.0,-38.075,175.325,14.774620244837934,14.534620244837933
9961,10154,40.0,-38.075,175.375,14.662562080165117,14.422562080165116
9962,10806,60.0,-37.975,175.275,14.795932633656776,14.435932633656776
9963,10810,83.0,-37.975,175.325,14.61906358735905,14.121063587359052
9964,10814,61.0,-37.975,175.375,14.56456666566828,14.198566665668281
9965,10941,36.0,-38.025,175.275,14.855422313773488,14.639422313773489
9966,10942,53.0,-38.025,175.325,14.672791489297197,14.354791489297197
9967,10943,64.0,-38.025,175.375,14.588462201398215,14.204462201398215
9968,9796,209.0,-38.125,175.425,14.721603765190594,13.467603765190594
9969,9798,78.0,-38.125,175.475,14.725937850794253,14.257937850794253
9970,9800,171.0,-38.125,175.525,14.777239347063187,13.751239347063187
9971,9803,181.0,-38.125,175.575,14.860559857699627,13.774559857699627
9972,10163,82.0,-38.075,175.425,14.638005585151404,14.146005585151405
9973,10169,125.0,-38.075,175.475,14.686340767373622,13.936340767373622
9974,10178,169.0,-38.075,175.525,14.785007166012292,13.771007166012293
9975,10181,260.0,-38.075,175.575,14.915966221165945,13.355966221165945
9976,10818,80.0,-37.975,175.425,14.624649129174031,14.14464912917403
9977,10822,75.0,-37.975,175.475,14.766555259137021,14.316555259137022
9978,10823,153.0,-37.975,175.525,14.95931927419042,14.041319274190421
9979,10824,122.0,-37.975,175.575,15.18080769313201,14.44880769313201
9980,10944,67.0,-38.025,175.425,14.602982528141183,14.200982528141184
9981,10945,259.0,-38.025,175.475,14.696625259742177,13.142625259742177
9982,10946,325.0,-38.025,175.525,14.843250365923268,12.893250365923269
9983,10947,621.0,-38.025,175.575,15.02144550275898,11.29544550275898
9984,9806,111.0,-38.125,175.625,14.963025825375553,14.297025825375552
9985,9809,162.0,-38.125,175.675,15.073909189843107,14.101909189843107
9986,9812,205.0,-38.125,175.725,15.184558887539424,13.954558887539424
9987,9815,208.0,-38.125,175.775,15.28826036425562,14.040260364255621
9988,10190,119.0,-38.075,175.625,15.064513115044974,14.350513115044974
9989,10198,137.0,-38.075,175.675,15.218859775598503,14.396859775598504
9990,10299,140.0,-38.075,175.725,15.36955341101293,14.52955341101293
9991,10306,180.0,-38.075,175.775,15.508966093892013,14.428966093892013
9992,10825,108.0,-37.975,175.625,15.415443387631058,14.767443387631058
9993,10826,184.0,-37.975,175.675,15.651568911980576,14.547568911980576
9994,10827,154.0,-37.975,175.725,15.879832571743464,14.955832571743464
9995,10828,140.0,-37.975,175.775,16.092144682590515,15.252144682590515
9996,10948,232.0,-38.025,175.625,15.21517725979902,13.82317725979902
9997,10949,142.0,-38.025,175.675,15.41223229402658,14.56023229402658
9998,10950,247.0,-38.025,175.725,15.602901114437373,14.120901114437373
9999,10951,139.0,-38.025,175.775,15.779070195921122,14.945070195921122
10000,9818,240.0,-38.125,175.825,15.380180279816159,13.94018027981616
10001,9821,312.0,-38.125,175.875,15.457513580111481,13.585513580111481
10002,9824,272.0,-38.125,175.925,15.51990714488602,13.88790714488602
10003,10334,235.0,-38.075,175.825,15.631000672497066,14.221000672497066
10004,10340,249.0,-38.075,175.875,15.731128784388602,14.237128784388602
10005,10348,279.0,-38.075,175.925,15.806878235515796,14.132878235515797
10006,10829,111.0,-37.975,175.825,16.28085353570168,15.61485353570168
10007,10830,173.0,-37.975,175.875,16.438213744686436,15.400213744686436
10008,10831,240.0,-37.975,175.925,16.55664679964775,15.116646799647752
10009,10952,144.0,-38.025,175.825,15.933651963766351,15.06965196376635
10010,10953,261.0,-38.025,175.875,16.060427633011386,14.494427633011387
10011,10954,304.0,-38.025,175.925,16.154531326162214,14.330531326162214
10012,9827,427.0,-38.125,175.975,15.570171110475712,13.008171110475713
10013,9830,540.0,-38.125,176.025,15.615208794263708,12.375208794263708
10014,9833,594.0,-38.125,176.075,15.667042216339723,12.103042216339723
10015,9836,455.0,-38.125,176.125,15.743817432145079,13.013817432145078
10016,10434,486.0,-38.075,175.975,15.85881639345098,12.942816393450979
10017,10438,540.0,-38.075,176.025,15.891926740508097,12.651926740508097
10018,10443,572.0,-38.075,176.075,15.917174396262453,12.485174396262453
10019,10458,495.0,-38.075,176.125,15.953109817304721,12.98310981730472
10020,10832,495.0,-37.975,175.975,16.630370263690565,13.660370263690565
10021,10833,537.0,-37.975,176.025,16.65822012999888,13.436220129998881
10022,10834,537.0,-37.975,176.075,16.646556628671533,13.424556628671533
10023,10835,537.0,-37.975,176.125,16.611879738939933,13.389879738939934
10024,10955,468.0,-38.025,175.975,16.213751937041707,13.405751937041707
10025,10956,560.0,-38.025,176.025,16.24050477466153,12.880504774661532
10026,10957,560.0,-38.025,176.075,16.244069615097942,12.884069615097943
10027,10958,528.0,-38.025,176.125,16.2429495205115,13.074949520511502
10028,9839,451.0,-38.125,176.175,15.870756544956748,13.164756544956749
10029,9842,290.0,-38.125,176.225,16.081393051233135,14.341393051233135
10030,9894,282.0,-38.125,176.275,16.421535486910216,14.729535486910216
10031,10464,320.0,-38.075,176.175,16.027470099895254,14.107470099895254
10032,10556,282.0,-38.075,176.225,16.17894728876672,14.486947288766721
10033,10558,282.0,-38.075,176.275,16.461238696929286,14.769238696929285
10034,10836,469.0,-37.975,176.175,16.584271684129817,13.770271684129817
10035,10837,386.0,-37.975,176.225,16.611490638527357,14.295490638527358
10036,10838,315.0,-37.975,176.275,16.758368056804102,14.868368056804101
10037,10959,441.0,-38.025,176.175,16.267596094407963,13.621596094407963
10038,10960,426.0,-38.025,176.225,16.363410105112052,13.807410105112053
10039,10961,387.0,-38.025,176.275,16.592405828992923,14.270405828992924
10040,9895,337.0,-38.125,176.325,16.974036685690407,14.952036685690407
10041,9896,520.0,-38.125,176.375,17.79470946132915,14.674709461329147
10042,9897,464.0,-38.125,176.425,18.76846383562315,15.984463835623153
10043,9898,837.0,-38.125,176.475,19.814429797851517,14.792429797851518
10044,10559,286.0,-38.075,176.325,16.960328879818007,15.244328879818008
10045,10570,335.0,-38.075,176.375,17.72444829282449,15.71444829282449
10046,10576,398.0,-38.075,176.425,18.65614652737895,16.268146527378953
10047,10583,559.0,-38.075,176.475,19.671869089763277,16.317869089763278
10048,10839,279.0,-37.975,176.325,17.088887386284114,15.414887386284114
10049,10840,281.0,-37.975,176.375,17.62669257082871,15.940692570828709
10050,10841,280.0,-37.975,176.425,18.333053531618134,16.653053531618134
10051,10842,259.0,-37.975,176.475,19.130504518426278,17.57650451842628
10052,10962,360.0,-38.025,176.325,17.02310153754479,14.86310153754479
10053,10963,278.0,-38.025,176.375,17.679970542089904,16.011970542089905
10054,10964,278.0,-38.025,176.425,18.510930674388874,16.842930674388874
10055,10965,358.0,-38.025,176.475,19.43604970839533,17.28804970839533
10056,9899,262.0,-38.125,176.525,20.863960991276144,19.291960991276145
10057,9900,271.0,-38.125,176.575,21.84376976511976,20.21776976511976
10058,9902,185.0,-38.125,176.625,22.663988011668152,21.553988011668153
10059,10653,620.0,-38.075,176.525,20.700479421633645,16.980479421633646
10060,10655,439.0,-38.075,176.575,21.668795190741548,19.034795190741548
10061,10664,257.0,-38.075,176.625,22.492019828263437,20.950019828263436
10062,10843,261.0,-37.975,176.525,19.931225323274703,18.365225323274704
10063,10844,245.0,-37.975,176.575,20.643934350948257,19.173934350948258
10064,10845,263.0,-37.975,176.625,21.167054890345753,19.589054890345754
10065,10966,295.0,-38.025,176.525,20.374724411118223,18.604724411118223
10066,10967,317.0,-38.025,176.575,21.244157582198568,19.342157582198567
10067,10968,377.0,-38.025,176.625,21.948621563446068,19.686621563446067
10068,9904,166.0,-38.125,176.675,23.18,22.184
10069,9906,155.0,-38.125,176.725,23.18,22.25
10070,9908,185.0,-38.125,176.775,22.560003409354067,21.450003409354068
10071,9910,199.0,-38.125,176.825,21.565978631711005,20.371978631711006
10072,10030,302.0,-38.025,176.675,22.354705979510072,20.54270597951007
10073,10038,20.0,-38.025,176.725,22.25544789995547,22.13544789995547
10074,10048,20.0,-38.025,176.775,21.570780694349196,21.450780694349195
10075,10166,17.0,-38.025,176.825,20.607321282431258,20.505321282431257
10076,10669,77.0,-38.075,176.675,23.05298465609576,22.59098465609576
10077,10674,34.0,-38.075,176.725,23.09556654485732,22.89156654485732
10078,10679,58.0,-38.075,176.775,22.331626961561597,21.983626961561598
10079,10684,63.0,-38.075,176.825,21.291000269250617,20.913000269250617
10080,10846,481.0,-37.975,176.675,21.380313432997355,18.494313432997355
10081,10847,188.0,-37.975,176.725,21.167521673580268,20.039521673580268
10082,10848,14.0,-37.975,176.775,20.525870230123473,20.441870230123474
10083,10849,7.0,-37.975,176.825,19.64558982518065,19.60358982518065
10084,9912,257.0,-38.125,176.875,20.47132707937044,18.929327079370438
10085,9915,68.0,-38.125,176.925,19.396257969606268,18.988257969606266
10086,9918,55.0,-38.125,176.975,18.36635703774391,18.03635703774391
10087,9922,74.0,-38.125,177.025,17.384340607126433,16.940340607126434
10088,10171,191.0,-38.025,176.875,19.71083888052999,18.56483888052999
10089,10184,147.0,-38.025,176.925,19.118420695298482,18.23642069529848
10090,10193,23.0,-38.025,176.975,18.76920618515078,18.631206185150777
10091,10202,318.0,-38.025,177.025,18.334459564101053,16.42645956410105
10092,10689,214.0,-38.075,176.875,20.257453522648575,18.973453522648576
10093,10694,74.0,-38.075,176.925,19.365564251809246,18.921564251809247
10094,10699,20.0,-38.075,176.975,18.592835146267134,18.472835146267133
10095,10778,28.0,-38.075,177.025,17.84776760484874,17.67976760484874
10096,10850,10.0,-37.975,176.875,18.843208994136603,18.783208994136604
10097,10851,10.0,-37.975,176.925,18.537994824866473,18.477994824866474
10098,10852,8.0,-37.975,176.975,18.782852326195098,18.7348523261951
10099,10853,99.0,-37.975,177.025,18.65215799105499,18.05815799105499
10100,9925,80.0,-38.125,177.075,16.5590242614644,16.0790242614644
10101,9927,40.0,-38.125,177.125,16.1391908797591,15.899190879759098
10102,9929,153.0,-38.125,177.175,15.96444544035603,15.046445440356031
10103,10297,60.0,-38.025,177.075,17.790818133647008,17.43081813364701
10104,10303,38.0,-38.025,177.175,17.012202095647808,16.784202095647807
10105,10782,160.0,-38.075,177.075,17.176766503493127,16.216766503493126
10106,10786,140.0,-38.075,177.125,16.71997484131407,15.87997484131407
10107,10789,95.0,-38.075,177.175,16.470933433618484,15.900933433618484
10108,9973,617.0,-38.125,177.225,15.890749695640352,12.188749695640352
10109,9974,202.0,-38.125,177.275,15.857626831772905,14.645626831772905
10110,9975,84.0,-38.125,177.325,15.832850134675482,15.328850134675482
10111,9976,290.0,-38.125,177.375,15.808843756447459,14.068843756447459
10112,10320,63.0,-38.025,177.225,16.827000548169053,16.449000548169053
10113,10332,17.0,-38.025,177.275,16.71228117046485,16.610281170464848
10114,10336,20.0,-38.025,177.325,16.591512422996402,16.4715124229964
10115,10344,182.0,-38.025,177.375,16.470943416637056,15.378943416637055
10116,10793,343.0,-38.075,177.225,16.345105121976303,14.287105121976303
10117,10797,20.0,-38.075,177.275,16.272927840629563,16.152927840629562
10118,10801,87.0,-38.075,177.325,16.205610913124474,15.683610913124474
10119,10805,218.0,-38.075,177.375,16.136729997052953,14.828729997052953
10120,9977,109.0,-38.125,177.425,15.794282307977483,15.140282307977483
10121,9978,581.0,-38.125,177.475,15.801591117127828,12.315591117127827
10122,9979,686.0,-38.125,177.525,15.841052267204304,11.725052267204305
10123,10446,52.0,-38.025,177.425,16.376039109657995,16.064039109657994
10124,10449,264.0,-38.025,177.475,16.31496743441403,14.73096743441403
10125,10451,410.0,-38.025,177.525,16.291260209553457,13.831260209553458
10126,10809,380.0,-38.075,177.425,16.082447844354647,13.802447844354647
10127,10813,182.0,-38.075,177.475,16.055234183013454,14.963234183013453
10128,10817,515.0,-38.075,177.525,16.06236538560961,12.97236538560961
10129,10854,94.0,-37.975,177.475,16.557578707301673,15.993578707301673
10130,10855,318.0,-37.975,177.525,16.510299221569312,14.602299221569313
10131,9980,406.0,-38.125,177.575,15.917960901078459,13.481960901078459
10132,9981,615.0,-38.125,177.625,16.03132335115015,12.34132335115015
10133,9982,424.0,-38.125,177.675,16.175689407789832,13.631689407789832
10134,9983,442.0,-38.125,177.725,16.34419903453454,13.692199034534541
10135,10457,402.0,-38.025,177.575,16.305577784143225,13.893577784143226
10136,10465,354.0,-38.025,177.625,16.356063652215653,14.232063652215652
10137,10563,205.0,-38.025,177.675,16.438888988850067,15.208888988850067
10138,10568,987.0,-38.025,177.725,16.54909280836364,10.627092808363638
10139,10821,397.0,-38.075,177.575,16.106744419042116,13.724744419042116
10140,10856,276.0,-37.975,177.575,16.50053554399301,14.84453554399301
10141,10857,448.0,-37.975,177.625,16.526302716594273,13.838302716594272
10142,10858,836.0,-37.975,177.675,16.584194509032386,11.568194509032388
10143,10859,745.0,-37.975,177.725,16.66990889735007,12.19990889735007
10144,10878,518.0,-38.075,177.625,16.187172236257993,13.079172236257993
10145,10879,484.0,-38.075,177.675,16.299396975662148,13.395396975662148
10146,10880,591.0,-38.075,177.725,16.437713994110254,12.891713994110255
10147,9984,360.0,-38.125,177.775,16.530334456057062,14.370334456057062
10148,9985,586.0,-38.125,177.825,16.72843221944231,13.212432219442311
10149,9986,762.0,-38.125,177.875,16.933725623485316,12.361725623485317
10150,9987,687.0,-38.125,177.925,17.142298882502473,13.020298882502473
10151,10573,629.0,-38.025,177.775,16.681381709504876,12.907381709504875
10152,10579,695.0,-38.025,177.825,16.830670887777615,12.660670887777615
10153,10658,1175.0,-38.025,177.875,16.992371734849712,9.942371734849711
10154,10660,831.0,-38.025,177.925,17.16251941138762,12.17651941138762
10155,10860,439.0,-37.975,177.775,16.778776470056982,14.144776470056982
10156,10861,881.0,-37.975,177.825,16.906178200630166,11.620178200630164
10157,10862,564.0,-37.975,177.875,17.04781807672498,13.66381807672498
10158,10863,1058.0,-37.975,177.925,17.199877060803374,10.851877060803375
10159,10881,1031.0,-38.075,177.775,16.596227555949554,10.410227555949554
10160,10882,1070.0,-38.075,177.825,16.76949705220477,10.349497052204772
10161,10883,1033.0,-38.075,177.875,16.952776033245755,10.754776033245754
10162,10884,777.0,-38.075,177.925,17.142075071306863,12.480075071306864
10163,9988,558.0,-38.125,177.975,17.35105324367578,14.00305324367578
10164,9989,565.0,-38.125,178.025,17.557689468269473,14.167689468269472
10165,9990,340.0,-38.125,178.075,17.760689438435747,15.720689438435748
10166,10665,635.0,-38.025,177.975,17.337821067538698,13.5278210675387
10167,10670,627.0,-38.025,178.025,17.515671159874728,13.753671159874727
10168,10675,368.0,-38.025,178.075,17.69415707477583,15.48615707477583
10169,10864,989.0,-37.975,177.975,17.359090922856467,11.425090922856466
10170,10865,931.0,-37.975,178.025,17.52278715394732,11.93678715394732
10171,10866,869.0,-37.975,178.075,17.68890584969131,12.47490584969131
10172,10887,594.0,-38.075,177.975,17.334168436768323,13.770168436768323
10173,10890,596.0,-38.075,178.025,17.52658751067611,13.950587510676108
10174,10892,428.0,-38.075,178.075,17.717610680511825,15.149610680511826
10175,9991,536.0,-38.125,178.125,17.9592795204735,14.7432795204735
10176,9992,222.0,-38.125,178.175,18.153360038003484,16.821360038003483
10177,9993,154.0,-38.125,178.225,18.343379794242992,17.419379794242992
10178,9994,175.0,-38.125,178.275,18.530125980287266,17.480125980287266
10179,10680,495.0,-38.025,178.125,17.872068476111963,14.902068476111962
10180,10685,340.0,-38.025,178.175,18.04892047601834,16.00892047601834
10181,10690,287.0,-38.025,178.225,18.224986732831894,16.502986732831893
10182,10695,202.0,-38.025,178.275,18.40125599093517,17.18925599093517
10183,10867,345.0,-37.975,178.125,17.856024915760372,15.786024915760372
10184,10868,314.0,-37.975,178.175,18.023414356442117,16.139414356442117
10185,10869,265.0,-37.975,178.225,18.19116103730812,16.60116103730812
10186,10870,279.0,-37.975,178.275,18.36040780620897,16.68640780620897
10187,10894,338.0,-38.075,178.125,17.90624877893879,15.878248778938788
10188,10896,432.0,-38.075,178.175,18.092218810953,15.500218810953
10189,10898,332.0,-38.075,178.225,18.275879333375087,16.283879333375086
10190,10900,212.0,-38.075,178.275,18.458053090866088,17.18605309086609
10191,10700,98.0,-38.025,178.325,18.57898517788999,17.99098517788999
10192,10871,329.0,-37.975,178.325,18.533295135656772,16.55929513565677
10193,10902,314.0,-38.075,178.325,18.639631630395343,16.755631630395342
10194,10206,84.0,-37.825,174.825,18.20084646484611,17.696846464846107
10195,10815,255.0,-37.875,174.775,18.44884628847649,16.918846288476487
10196,10819,255.0,-37.875,174.825,18.117295200921944,16.587295200921943
10197,10872,21.0,-37.925,174.825,18.04282383156624,17.916823831566237
10198,10873,90.0,-37.925,174.875,17.692093688848217,17.15209368884822
10199,10886,134.0,-37.875,174.875,17.752842548467925,16.948842548467926
10200,10207,51.0,-37.825,174.925,17.430415393599105,17.124415393599104
10201,10208,21.0,-37.825,174.975,17.032260374506222,16.90626037450622
10202,10209,60.0,-37.825,175.025,16.643097671260875,16.283097671260876
10203,10874,230.0,-37.925,174.925,17.31587782569568,15.93587782569568
10204,10875,217.0,-37.925,174.975,16.92477223217611,15.62277223217611
10205,10876,137.0,-37.925,175.025,16.52945251798792,15.707452517987921
10206,10888,99.0,-37.875,174.925,17.36635307225697,16.77235307225697
10207,10889,414.0,-37.875,174.975,16.969362159402408,14.485362159402408
10208,10891,92.0,-37.875,175.025,16.5738391652294,16.0218391652294
10209,10019,60.0,-37.925,175.125,15.766458882504594,15.406458882504594
10210,10023,20.0,-37.925,175.175,15.413798604111435,15.293798604111435
10211,10026,39.0,-37.925,175.225,15.089374318239607,14.855374318239607
10212,10210,130.0,-37.825,175.075,16.27749045093333,15.497490450933329
10213,10211,38.0,-37.825,175.125,15.954485111587019,15.726485111587019
10214,10212,42.0,-37.825,175.175,15.676259939381453,15.424259939381452
10215,10213,41.0,-37.825,175.225,15.441925869542501,15.195925869542501
10216,10877,169.0,-37.925,175.075,16.140376287520667,15.126376287520667
10217,10893,143.0,-37.875,175.075,16.192554117938926,15.334554117938925
10218,10895,40.0,-37.875,175.125,15.837226927836127,15.597226927836127
10219,10897,20.0,-37.875,175.175,15.511483462556498,15.391483462556499
10220,10899,37.0,-37.875,175.225,15.214637802200741,14.992637802200742
10221,10033,41.0,-37.925,175.275,14.811996452886888,14.565996452886887
10222,10042,60.0,-37.925,175.325,14.632298890871425,14.272298890871426
10223,10052,62.0,-37.925,175.375,14.610981422662007,14.238981422662008
10224,10214,50.0,-37.825,175.275,15.25339042815267,14.95339042815267
10225,10215,40.0,-37.825,175.325,15.1198041394764,14.8798041394764
10226,10216,48.0,-37.825,175.375,15.114445604976027,14.826445604976026
10227,10901,60.0,-37.875,175.275,14.950202667692793,14.590202667692793
10228,10903,44.0,-37.875,175.325,14.756297662875113,14.492297662875114
10229,10905,48.0,-37.875,175.375,14.77410361404327,14.48610361404327
10230,10156,60.0,-37.925,175.425,14.721594322543751,14.361594322543752
10231,10161,71.0,-37.925,175.475,14.908234994535633,14.482234994535633
10232,10167,89.0,-37.925,175.525,15.13888572943597,14.604885729435969
10233,10174,105.0,-37.925,175.575,15.394620797088464,14.764620797088464
10234,10217,56.0,-37.825,175.425,15.233856802511582,14.897856802511582
10235,10218,71.0,-37.825,175.475,15.430072172980545,15.004072172980544
10236,10219,282.0,-37.825,175.525,15.677338418877298,13.985338418877298
10237,10220,197.0,-37.825,175.575,15.957336833742374,14.775336833742374
10238,10908,63.0,-37.875,175.425,14.92191736663699,14.54391736663699
10239,10969,71.0,-37.875,175.475,15.131955279505746,14.705955279505746
10240,10970,88.0,-37.875,175.525,15.382234601864184,14.854234601864183
10241,10971,118.0,-37.875,175.575,15.657867764463845,14.949867764463844
10242,10186,171.0,-37.925,175.625,15.6619763402432,14.6359763402432
10243,10194,101.0,-37.925,175.675,15.930375388531502,15.324375388531502
10244,10203,100.0,-37.925,175.725,16.191123771155617,15.591123771155617
10245,10221,185.0,-37.825,175.625,16.255069189203823,15.145069189203824
10246,10222,179.0,-37.825,175.675,16.558230275860296,15.484230275860297
10247,10223,80.0,-37.825,175.725,16.85764591145471,16.37764591145471
10248,10224,69.0,-37.825,175.775,17.147533601571922,16.73353360157192
10249,10301,80.0,-37.925,175.775,16.43663773370281,15.95663773370281
10250,10972,314.0,-37.875,175.625,15.9464772615529,14.0624772615529
10251,10973,179.0,-37.875,175.675,16.237638524402428,15.163638524402428
10252,10974,82.0,-37.875,175.725,16.5229212565946,16.0309212565946
10253,10975,78.0,-37.875,175.775,16.795591036255246,16.327591036255246
10254,10225,73.0,-37.825,175.825,17.424279062915048,16.98627906291505
10255,10226,125.0,-37.825,175.875,17.682774592201895,16.932774592201895
10256,10227,565.0,-37.825,175.925,17.910138765273587,14.520138765273586
10257,10304,100.0,-37.925,175.825,16.659388493717415,16.059388493717414
10258,10316,107.0,-37.925,175.875,16.85063988849106,16.20863988849106
10259,10326,394.0,-37.925,175.925,16.999891372280217,14.635891372280216
10260,10976,70.0,-37.875,175.825,17.049343039064297,16.629343039064295
10261,10977,67.0,-37.875,175.875,17.2758542896363,16.8738542896363
10262,10978,343.0,-37.875,175.925,17.462118981618914,15.404118981618915
10263,10228,296.0,-37.825,175.975,18.080667665231886,16.304667665231886
10264,10229,180.0,-37.825,176.025,18.17270845827443,17.09270845827443
10265,10230,224.0,-37.825,176.075,18.188043307066437,16.844043307066435
10266,10231,161.0,-37.825,176.125,18.126461387201743,17.160461387201742
10267,10330,458.0,-37.925,175.975,17.096678065733613,14.348678065733614
10268,10335,444.0,-37.925,176.025,17.135029793897957,14.471029793897957
10269,10343,463.0,-37.925,176.075,17.11721687317913,14.339216873179131
10270,10440,486.0,-37.925,176.125,17.055007769752592,14.139007769752592
10271,10979,416.0,-37.875,175.975,17.591307859324843,15.095307859324842
10272,10980,322.0,-37.875,176.025,17.6512291951276,15.719229195127598
10273,10981,346.0,-37.875,176.075,17.640758230574647,15.564758230574647
10274,10982,346.0,-37.875,176.125,17.56527745941912,15.489277459419121
10275,10232,241.0,-37.825,176.175,17.981112529787424,16.535112529787423
10276,10233,346.0,-37.825,176.225,17.762784480379196,15.686784480379195
10277,10234,160.0,-37.825,176.275,17.529065584651107,16.569065584651106
10278,10454,394.0,-37.925,176.175,16.97270745305741,14.60870745305741
10279,10461,346.0,-37.925,176.225,16.914128266251282,14.838128266251282
10280,10468,250.0,-37.925,176.275,16.94751573130725,15.447515731307249
10281,10983,368.0,-37.875,176.175,17.436933216899888,15.228933216899888
10282,10984,441.0,-37.875,176.225,17.287047223941045,14.641047223941044
10283,10985,292.0,-37.875,176.275,17.18275575158259,15.43075575158259
10284,10235,75.0,-37.825,176.325,17.414846817656326,16.964846817656326
10285,10236,40.0,-37.825,176.375,17.6057686534632,17.365768653463203
10286,10237,20.0,-37.825,176.425,17.933745378839376,17.813745378839375
10287,10238,16.0,-37.825,176.475,18.298667162546735,18.202667162546735
10288,10557,171.0,-37.925,176.325,17.151993924914677,16.125993924914678
10289,10560,216.0,-37.925,176.375,17.565326273980645,16.269326273980646
10290,10566,201.0,-37.925,176.425,18.143916981645816,16.937916981645817
10291,10571,162.0,-37.925,176.475,18.80069046225799,17.82869046225799
10292,10986,235.0,-37.875,176.325,17.237712661567457,15.827712661567457
10293,10987,78.0,-37.875,176.375,17.532721387447054,17.064721387447054
10294,10988,61.0,-37.875,176.425,17.99066131175823,17.62466131175823
10295,10989,72.0,-37.875,176.475,18.505379189422456,18.073379189422457
10296,10239,20.0,-37.825,176.525,18.63035735820813,18.51035735820813
10297,10240,20.0,-37.825,176.575,18.866541145105657,18.746541145105656
10298,10577,175.0,-37.925,176.525,19.44429895722078,18.39429895722078
10299,10582,159.0,-37.925,176.575,19.98499607505346,19.03099607505346
10300,10652,85.0,-37.925,176.625,20.331170908762033,19.82117090876203
10301,10990,78.0,-37.875,176.525,18.991239105194836,18.523239105194836
10302,10991,101.0,-37.875,176.575,19.37060350950651,18.764603509506507
10303,10992,104.0,-37.875,176.625,19.570717736110964,18.946717736110966
10304,10654,206.0,-37.925,176.675,20.393198668620244,19.157198668620243
10305,10661,174.0,-37.925,176.725,20.110347105272922,19.06634710527292
10306,10666,8.0,-37.925,176.775,19.502384390050793,19.454384390050794
10307,10671,5.0,-37.925,176.825,18.70081142489471,18.67081142489471
10308,10993,99.0,-37.875,176.675,19.53150484789512,18.93750484789512
10309,10676,6.0,-37.925,176.875,17.940343100111022,17.90434310011102
10310,10681,4.0,-37.925,176.925,17.67911333803295,17.655113338032947
10311,10241,80.0,-37.825,177.625,16.968998678937623,16.488998678937623
10312,10242,391.0,-37.825,177.675,16.98596158717737,14.639961587177371
10313,10243,179.0,-37.825,177.725,17.026704412944127,15.952704412944128
10314,10686,139.0,-37.925,177.575,16.681131143127004,15.847131143127005
10315,10691,264.0,-37.925,177.625,16.68879700811658,15.10479700811658
10316,10696,187.0,-37.925,177.675,16.72729786143327,15.605297861433272
10317,10701,145.0,-37.925,177.725,16.79310881542051,15.92310881542051
10318,10994,189.0,-37.875,177.625,16.83744000529441,15.70344000529441
10319,10995,573.0,-37.875,177.675,16.86241466132742,13.42441466132742
10320,10996,383.0,-37.875,177.725,16.913283765276447,14.615283765276446
10321,10244,894.0,-37.825,177.775,17.088909699687974,11.724909699687974
10322,10245,811.0,-37.825,177.825,17.16991224166577,12.30391224166577
10323,10246,712.0,-37.825,177.875,17.26693024186625,12.994930241866248
10324,10247,276.0,-37.825,177.925,17.37723748325834,15.72123748325834
10325,10769,896.0,-37.925,177.775,16.88227176272494,11.50627176272494
10326,10771,241.0,-37.925,177.825,16.990741906278345,15.544741906278345
10327,10773,363.0,-37.925,177.875,17.114639255060865,14.936639255060864
10328,10776,740.0,-37.925,177.925,17.250412285375205,12.810412285375204
10329,10997,339.0,-37.875,177.775,16.986891137837574,14.952891137837575
10330,10998,575.0,-37.875,177.825,17.07985731007693,13.629857310076932
10331,10999,581.0,-37.875,177.875,17.188819132066783,13.702819132066782
10332,11000,720.0,-37.875,177.925,17.310598929292155,12.990598929292155
10333,10040,738.0,-37.875,177.975,17.442316328227207,13.014316328227206
10334,10051,560.0,-37.875,178.025,17.581459519190048,14.221459519190049
10335,10157,491.0,-37.875,178.075,17.725933884580627,14.779933884580627
10336,10248,656.0,-37.825,177.975,17.498285500036218,13.562285500036218
10337,10249,694.0,-37.825,178.025,17.62778817273056,13.463788172730561
10338,10250,616.0,-37.825,178.075,17.763784104309252,14.067784104309252
10339,10779,1115.0,-37.925,177.975,17.394935443855957,10.704935443855955
10340,10783,1212.0,-37.925,178.025,17.5455643730229,10.2735643730229
10341,10787,1277.0,-37.925,178.075,17.70017018872113,10.038170188721132
10342,10160,469.0,-37.875,178.125,17.87410811902464,15.06010811902464
10343,10175,218.0,-37.875,178.175,18.024885564106626,16.716885564106626
10344,10183,116.0,-37.875,178.225,18.177852772090773,17.48185277209077
10345,10195,72.0,-37.875,178.275,18.333665177842704,17.901665177842705
10346,10251,496.0,-37.825,178.125,17.904697279670927,14.928697279670928
10347,10252,764.0,-37.825,178.175,18.04942852082877,13.46542852082877
10348,10253,415.0,-37.825,178.225,18.197535706217423,15.707535706217422
10349,10254,142.0,-37.825,178.275,18.349578821582327,17.497578821582326
10350,10791,869.0,-37.925,178.125,17.85717310687869,12.643173106878692
10351,10795,329.0,-37.925,178.175,18.015600969803018,16.041600969803017
10352,10799,104.0,-37.925,178.225,18.1752216013615,17.5512216013615
10353,10803,112.0,-37.925,178.275,18.33690969143254,17.664909691432538
10354,10204,50.0,-37.875,178.325,18.495524857957207,18.195524857957206
10355,10205,173.0,-37.875,178.375,18.666113549347756,17.628113549347756
10356,10255,93.0,-37.825,178.325,18.507250583576933,17.949250583576934
10357,10256,33.0,-37.825,178.375,18.671088681143374,18.473088681143373
10358,10257,200.0,-37.825,178.425,18.83860945235392,17.638609452353922
10359,10807,462.0,-37.925,178.325,18.50398920518228,15.731989205182279
10360,10811,69.0,-37.925,178.375,18.67903461884407,18.26503461884407
10361,10258,103.0,-37.775,174.875,17.902915213239794,17.284915213239795
10362,10300,103.0,-37.725,174.825,18.384577911865563,17.766577911865564
10363,10305,79.0,-37.725,174.875,17.982584062584465,17.508584062584465
10364,10722,64.0,-37.675,174.825,18.474521345136964,18.090521345136963
10365,10723,44.0,-37.675,174.875,18.055113985836215,17.791113985836216
10366,10764,95.0,-37.625,174.825,18.554329098555172,17.984329098555172
10367,10765,22.0,-37.625,174.875,18.111463398466185,17.979463398466184
10368,10001,84.0,-37.625,175.025,16.923618188313412,16.41961818831341
10369,10259,22.0,-37.775,174.975,17.106907034475626,16.974907034475624
10370,10260,161.0,-37.775,175.025,16.729681498551145,15.763681498551145
10371,10333,80.0,-37.725,174.925,17.575776467637297,17.095776467637297
10372,10341,38.0,-37.725,174.975,17.181566541559732,16.95356654155973
10373,10349,104.0,-37.725,175.025,16.817075787223985,16.193075787223986
10374,10724,117.0,-37.675,174.925,17.637693952388872,16.935693952388874
10375,10725,116.0,-37.675,174.975,17.24210887307072,16.546108873070718
10376,10726,209.0,-37.675,175.025,16.886404935261453,15.632404935261453
10377,10766,109.0,-37.625,174.925,17.67776382213833,17.02376382213833
10378,10767,117.0,-37.625,174.975,17.27564831708878,16.573648317088782
10379,10002,97.0,-37.625,175.075,16.635259390339343,16.053259390339342
10380,10003,113.0,-37.625,175.125,16.418541751305384,15.740541751305383
10381,10004,18.0,-37.625,175.175,16.275225138078895,16.167225138078894
10382,10005,20.0,-37.625,175.225,16.20062028232951,16.08062028232951
10383,10261,81.0,-37.775,175.075,16.387999461633626,15.901999461633626
10384,10262,26.0,-37.775,175.125,16.09978046022752,15.94378046022752
10385,10263,23.0,-37.775,175.175,15.871701773572568,15.733701773572568
10386,10264,41.0,-37.775,175.225,15.707475421766503,15.461475421766503
10387,10445,209.0,-37.725,175.075,16.49887403633693,15.24487403633693
10388,10447,20.0,-37.725,175.125,16.241090770357914,16.121090770357913
10389,10448,40.0,-37.725,175.175,16.051547015807955,15.811547015807955
10390,10450,24.0,-37.725,175.225,15.932440404862973,15.788440404862973
10391,10727,131.0,-37.675,175.075,16.585844746559815,15.799844746559815
10392,10728,191.0,-37.675,175.125,16.35146117731165,15.205461177311648
10393,10729,27.0,-37.675,175.175,16.188319270773718,16.02631927077372
10394,10730,33.0,-37.675,175.225,16.094400423096886,15.896400423096885
10395,10006,33.0,-37.625,175.275,16.184437411247018,15.986437411247017
10396,10007,30.0,-37.625,175.325,16.21528421331368,16.03528421331368
10397,10008,31.0,-37.625,175.375,16.28884781425677,16.10284781425677
10398,10265,20.0,-37.775,175.275,15.613307706763408,15.493307706763408
10399,10266,49.0,-37.775,175.325,15.561270277686162,15.267270277686162
10400,10267,41.0,-37.775,175.375,15.524441586569083,15.278441586569082
10401,10456,40.0,-37.725,175.275,15.877145886202015,15.637145886202015
10402,10463,40.0,-37.725,175.325,15.8557787210284,15.6157787210284
10403,10555,45.0,-37.725,175.375,15.85938685401652,15.58938685401652
10404,10731,32.0,-37.675,175.275,16.0587927907618,15.8667927907618
10405,10732,30.0,-37.675,175.325,16.06426163341621,15.884261633416209
10406,10733,40.0,-37.675,175.375,16.107120616570683,15.867120616570682
10407,10009,38.0,-37.625,175.425,16.409415991101014,16.181415991101012
10408,10010,30.0,-37.625,175.475,16.581237913029327,16.401237913029327
10409,10011,37.0,-37.625,175.525,16.80215183880955,16.58015183880955
10410,10012,20.0,-37.625,175.575,17.06330593175062,16.94330593175062
10411,10268,52.0,-37.775,175.425,15.597884959180192,15.285884959180192
10412,10269,158.0,-37.775,175.475,15.76493340055913,14.81693340055913
10413,10270,164.0,-37.775,175.525,15.99721065547692,15.01321065547692
10414,10271,156.0,-37.775,175.575,16.271662136618943,15.335662136618943
10415,10562,47.0,-37.725,175.425,15.932710862211934,15.650710862211934
10416,10565,86.0,-37.725,175.475,16.087199186627913,15.571199186627913
10417,10569,60.0,-37.725,175.525,16.30821705406197,15.94821705406197
10418,10575,48.0,-37.725,175.575,16.575617174387844,16.287617174387844
10419,10734,46.0,-37.675,175.425,16.20349559979877,15.927495599798771
10420,10735,42.0,-37.675,175.475,16.363531009417784,16.111531009417785
10421,10736,53.0,-37.675,175.525,16.582274065533056,16.264274065533055
10422,10737,33.0,-37.675,175.575,16.845746951931687,16.647746951931687
10423,10013,24.0,-37.625,175.625,17.3494655469558,17.2054655469558
10424,10014,31.0,-37.625,175.675,17.636456660035037,17.450456660035037
10425,10015,30.0,-37.625,175.725,17.89098500113323,17.71098500113323
10426,10016,20.0,-37.625,175.775,18.09679621728992,17.97679621728992
10427,10272,62.0,-37.775,175.625,16.569329896939053,16.197329896939053
10428,10273,78.0,-37.775,175.675,16.874616453480485,16.406616453480485
10429,10274,79.0,-37.775,175.725,17.176356332311116,16.702356332311115
10430,10275,52.0,-37.775,175.775,17.469364508931903,17.157364508931902
10431,10581,40.0,-37.725,175.625,16.869072495720502,16.629072495720504
10432,10656,57.0,-37.725,175.675,17.16951485624668,16.82751485624668
10433,10659,42.0,-37.725,175.725,17.462176588242073,17.210176588242074
10434,10663,47.0,-37.725,175.775,17.741355436008234,17.459355436008234
10435,10738,43.0,-37.675,175.625,17.13509550994422,16.877095509944223
10436,10739,30.0,-37.675,175.675,17.427964329716815,17.247964329716815
10437,10740,32.0,-37.675,175.725,17.703030667398707,17.511030667398707
10438,10741,31.0,-37.675,175.775,17.95182885984468,17.76582885984468
10439,10017,449.0,-37.625,175.825,18.275412831533686,15.581412831533687
10440,10018,232.0,-37.625,175.875,18.456066172399915,17.064066172399915
10441,10020,42.0,-37.625,175.925,18.664895360398077,18.41289536039808
10442,10276,47.0,-37.775,175.825,17.75391484591364,17.47191484591364
10443,10277,154.0,-37.775,175.875,18.0313802396513,17.1073802396513
10444,10278,482.0,-37.775,175.925,18.295582616319734,15.403582616319735
10445,10668,40.0,-37.725,175.825,18.01167205205911,17.771672052059113
10446,10673,480.0,-37.725,175.875,18.2821622675865,15.402162267586501
10447,10678,440.0,-37.725,175.925,18.55488474309459,15.91488474309459
10448,10742,58.0,-37.675,175.825,18.184557935327575,17.836557935327576
10449,10743,690.0,-37.675,175.875,18.41935458181797,14.27935458181797
10450,10744,243.0,-37.675,175.925,18.66851215668703,17.21051215668703
10451,10279,460.0,-37.775,175.975,18.51426138147781,15.754261381477809
10452,10280,215.0,-37.775,176.025,18.64384616275038,17.35384616275038
10453,10281,50.0,-37.775,176.075,18.708308368618418,18.408308368618417
10454,10282,80.0,-37.775,176.125,18.700133744076084,18.220133744076083
10455,10683,301.0,-37.725,175.975,18.804064069679953,16.998064069679952
10456,10688,210.0,-37.725,176.025,18.989989979909296,17.729989979909295
10457,10693,122.0,-37.725,176.075,19.131248141008655,18.399248141008655
10458,10698,37.0,-37.725,176.125,19.214831893466,18.992831893465997
10459,10745,121.0,-37.675,175.975,18.925929703251313,18.199929703251314
10460,10746,24.0,-37.675,176.025,19.171940166148488,19.02794016614849
10461,10747,20.0,-37.675,176.075,19.392885829605802,19.2728858296058
10462,10748,3.0,-37.675,176.125,19.56634181715617,19.54834181715617
10463,10283,163.0,-37.775,176.175,18.585724299849062,17.60772429984906
10464,10284,286.0,-37.775,176.225,18.347053309104012,16.63105330910401
10465,10285,21.0,-37.775,176.275,18.04823353111715,17.922233531117147
10466,10703,19.0,-37.725,176.225,18.96085450861483,18.84685450861483
10467,10704,56.0,-37.725,176.275,18.62244346235184,18.28644346235184
10468,10749,9.0,-37.675,176.225,19.442823952111212,19.388823952111213
10469,10021,45.0,-37.625,176.425,18.531235094323165,18.261235094323165
10470,10286,15.0,-37.775,176.325,17.84287513264462,17.752875132644622
10471,10287,7.0,-37.775,176.375,17.853570511915677,17.811570511915676
10472,10288,6.0,-37.775,176.425,18.006229886700567,17.970229886700565
10473,10705,9.0,-37.725,176.325,18.337582373962505,18.283582373962506
10474,10289,389.0,-37.775,177.725,17.13116727712577,14.79716727712577
10475,10706,171.0,-37.725,177.725,17.22572386478123,16.19972386478123
10476,10022,55.0,-37.625,177.925,17.658805988392032,17.328805988392034
10477,10290,480.0,-37.775,177.775,17.185793872305112,14.305793872305113
10478,10291,292.0,-37.775,177.825,17.258191391155833,15.506191391155832
10479,10292,552.0,-37.775,177.875,17.34617927379213,14.034179273792132
10480,10293,192.0,-37.775,177.925,17.447522833806943,16.29552283380694
10481,10707,298.0,-37.725,177.775,17.276044617909065,15.488044617909065
10482,10708,703.0,-37.725,177.825,17.34280348142829,13.124803481428291
10483,10709,399.0,-37.725,177.875,17.424397056382986,15.030397056382986
10484,10710,289.0,-37.725,177.925,17.519082755554336,15.785082755554336
10485,10750,96.0,-37.675,177.825,17.42256610821005,16.846566108210048
10486,10751,22.0,-37.675,177.875,17.499995588660113,17.36799558866011
10487,10752,234.0,-37.675,177.925,17.589997794400915,16.185997794400915
10488,10025,350.0,-37.625,177.975,17.756551751084316,15.656551751084317
10489,10028,213.0,-37.625,178.025,17.86407568519371,16.586075685193713
10490,10035,242.0,-37.625,178.075,17.980308576229618,16.52830857622962
10491,10294,377.0,-37.775,177.975,17.560060476188937,15.298060476188937
10492,10295,837.0,-37.775,178.025,17.68179633506952,12.659796335069522
10493,10296,1099.0,-37.775,178.075,17.81096949780158,11.216969497801578
10494,10711,357.0,-37.725,177.975,17.625104446209207,15.483104446209207
10495,10712,211.0,-37.725,178.025,17.740786213814772,16.474786213814774
10496,10713,391.0,-37.725,178.075,17.864599092543358,15.518599092543358
10497,10753,367.0,-37.675,177.975,17.69120671183873,15.489206711838731
10498,10754,328.0,-37.675,178.025,17.802264110160195,15.834264110160195
10499,10755,185.0,-37.675,178.075,17.921878632642347,16.811878632642347
10500,10031,1036.0,-37.775,178.125,17.94611504624072,11.730115046240721
10501,10039,752.0,-37.775,178.175,18.086138757571007,13.574138757571006
10502,10045,171.0,-37.625,178.125,18.104193815747294,17.078193815747294
10503,10049,397.0,-37.775,178.225,18.230427959311783,15.848427959311783
10504,10155,167.0,-37.775,178.275,18.37895416212268,17.376954162122683
10505,10165,659.0,-37.625,178.175,18.23463993569885,14.28063993569885
10506,10172,341.0,-37.625,178.225,18.370366407287293,16.324366407287293
10507,10185,498.0,-37.625,178.275,18.509558862399444,15.521558862399445
10508,10714,770.0,-37.725,178.125,17.995205206345418,13.375205206345417
10509,10715,262.0,-37.725,178.175,18.131481314110715,16.559481314110716
10510,10716,619.0,-37.725,178.225,18.27251815788668,14.55851815788668
10511,10717,176.0,-37.725,178.275,18.417585243588746,17.361585243588745
10512,10756,415.0,-37.675,178.125,18.04884950570431,15.55884950570431
10513,10757,446.0,-37.675,178.175,18.18203940253352,15.506039402533519
10514,10758,334.0,-37.675,178.225,18.320270925219575,16.316270925219573
10515,10759,67.0,-37.675,178.275,18.462165808839018,18.060165808839017
10516,10162,139.0,-37.775,178.325,18.53204444600351,17.69804444600351
10517,10170,144.0,-37.775,178.375,18.68946828731896,17.82546828731896
10518,10179,45.0,-37.775,178.425,18.84994697527145,18.57994697527145
10519,10192,9.0,-37.625,178.325,18.649568500181886,18.595568500181887
10520,10718,149.0,-37.725,178.325,18.56605758846763,17.67205758846763
10521,10719,106.0,-37.725,178.375,18.71733161245902,18.08133161245902
10522,10720,235.0,-37.725,178.425,18.87077410451093,17.46077410451093
10523,10760,72.0,-37.675,178.325,18.60621390801043,18.174213908010433
10524,10761,121.0,-37.675,178.375,18.751484952017563,18.025484952017564
10525,10762,204.0,-37.675,178.425,18.89799037519606,17.67399037519606
10526,10199,9.0,-37.775,178.475,19.011958396381488,18.95795839638149
10527,10721,175.0,-37.725,178.475,19.02573672307335,17.97573672307335
10528,10763,211.0,-37.675,178.475,19.0459234471964,17.779923447196403
10529,10201,58.0,-37.575,174.775,19.078346284572035,18.730346284572036
10530,10309,189.0,-37.575,174.825,18.616512439536564,17.482512439536563
10531,10311,101.0,-37.575,174.875,18.14231611555806,17.53631611555806
10532,10774,21.0,-37.525,174.775,19.158919379598956,19.032919379598955
10533,10777,193.0,-37.525,174.825,18.652852512030222,17.49485251203022
10534,10780,135.0,-37.525,174.875,18.1381379869008,17.328137986900803
10535,10920,75.0,-37.475,174.775,19.21635275063454,18.766352750634542
10536,10921,20.0,-37.475,174.825,18.65366920678389,18.533669206783888
10537,10922,80.0,-37.475,174.875,18.088960306933586,17.608960306933586
10538,10313,61.0,-37.575,174.925,17.685637647919975,17.319637647919976
10539,10315,67.0,-37.575,174.975,17.271807008041833,16.869807008041832
10540,10318,197.0,-37.575,175.025,16.919480677757747,15.737480677757747
10541,10784,105.0,-37.525,174.925,17.651956292783325,17.021956292783326
10542,10788,53.0,-37.525,174.975,17.222753882749203,16.9047538827492
10543,10792,28.0,-37.525,175.025,16.868698914531706,16.700698914531706
10544,10923,144.0,-37.475,174.925,17.568604574278652,16.70460457427865
10545,10924,79.0,-37.475,174.975,17.12348958948951,16.64948958948951
10546,10925,20.0,-37.475,175.025,16.769812539672785,16.649812539672784
10547,10328,61.0,-37.575,175.075,16.64023900594657,16.27423900594657
10548,10339,11.0,-37.575,175.125,16.43892187970232,16.37292187970232
10549,10347,112.0,-37.575,175.175,16.314198335568108,15.642198335568107
10550,10436,20.0,-37.575,175.225,16.25946681552523,16.13946681552523
10551,10796,25.0,-37.525,175.075,16.598671069714328,16.44867106971433
10552,10800,20.0,-37.525,175.125,16.413994879873826,16.293994879873825
10553,10804,21.0,-37.525,175.175,16.310130427816148,16.184130427816147
10554,10808,102.0,-37.525,175.225,16.278320951910246,15.666320951910246
10555,10926,19.0,-37.475,175.075,16.512500515194006,16.398500515194005
10556,10927,14.0,-37.475,175.125,16.348639765043117,16.264639765043118
10557,10928,10.0,-37.475,175.175,16.270091646661058,16.21009164666106
10558,10929,17.0,-37.475,175.225,16.26547616865537,16.163476168655368
10559,10444,12.0,-37.575,175.275,16.264687438911096,16.192687438911097
10560,10453,20.0,-37.575,175.325,16.319785706774383,16.19978570677438
10561,10460,41.0,-37.575,175.375,16.418440273114356,16.172440273114358
10562,10812,28.0,-37.525,175.275,16.307536244986295,16.139536244986296
10563,10816,20.0,-37.525,175.325,16.38681850752255,16.266818507522547
10564,10820,24.0,-37.525,175.375,16.507326194509915,16.363326194509916
10565,10930,40.0,-37.475,175.275,16.321901236935446,16.081901236935447
10566,10931,156.0,-37.475,175.325,16.426550629775193,15.490550629775193
10567,10932,442.0,-37.475,175.375,16.56787246386739,13.91587246386739
10568,10043,76.0,-37.475,175.475,16.922881323031106,16.466881323031107
10569,10053,9.0,-37.475,175.525,17.12170236802376,17.067702368023763
10570,10054,11.0,-37.475,175.575,17.32766402812922,17.26166402812922
10571,10467,58.0,-37.575,175.425,16.55879709729288,16.210797097292883
10572,10554,74.0,-37.575,175.475,16.740392813954713,16.296392813954714
10573,10561,11.0,-37.575,175.525,16.96096876790216,16.89496876790216
10574,10574,12.0,-37.575,175.575,17.215185506740454,17.143185506740455
10575,10885,30.0,-37.525,175.425,16.662917604660834,16.482917604660834
10576,10906,120.0,-37.525,175.475,16.849195949336718,16.12919594933672
10577,10909,11.0,-37.525,175.525,17.062304223954015,16.996304223954017
10578,10910,11.0,-37.525,175.575,17.29826236646477,17.23226236646477
10579,10933,199.0,-37.475,175.425,16.73604844158126,15.542048441581262
10580,10055,11.0,-37.475,175.625,17.53766349622765,17.471663496227652
10581,10056,20.0,-37.475,175.675,17.746269119278622,17.62626911927862
10582,10057,336.0,-37.475,175.725,17.934102586609697,15.918102586609697
10583,10058,230.0,-37.475,175.775,18.082212957860065,16.702212957860066
10584,10580,16.0,-37.575,175.625,17.493294911866542,17.397294911866542
10585,10657,20.0,-37.575,175.675,17.77574345618268,17.65574345618268
10586,10662,20.0,-37.575,175.725,18.01472158458455,17.89472158458455
10587,10667,85.0,-37.575,175.775,18.171243687121205,17.661243687121203
10588,10911,12.0,-37.525,175.625,17.55161733715613,17.47961733715613
10589,10912,11.0,-37.525,175.675,17.809239222387077,17.74323922238708
10590,10913,290.0,-37.525,175.725,18.026817631707672,16.286817631707674
10591,10914,495.0,-37.525,175.775,18.16097205737333,15.190972057373328
10592,10059,352.0,-37.475,175.825,18.204444198279816,16.092444198279814
10593,10060,189.0,-37.475,175.875,18.326338997921994,17.192338997921993
10594,10061,58.0,-37.475,175.925,18.477890922365987,18.129890922365988
10595,10672,608.0,-37.575,175.825,18.296890171288396,14.648890171288397
10596,10677,102.0,-37.575,175.875,18.424645031856926,17.812645031856928
10597,10682,,-37.575,175.925,18.58382431197515,
10598,10915,679.0,-37.525,175.825,18.266174298163605,14.192174298163605
10599,10916,337.0,-37.525,175.875,18.37300094911643,16.351000949116433
10600,10917,40.0,-37.525,175.925,18.51033451897547,18.27033451897547
10601,10687,1.0,-37.575,176.075,19.422894491456645,19.416894491456645
10602,10918,10.0,-37.525,176.025,19.034155746742726,18.974155746742728
10603,10919,15.0,-37.525,177.175,17.249136095948415,17.159136095948416
10604,10692,23.0,-37.575,178.025,17.92451516349547,17.78651516349547
10605,10697,21.0,-37.575,178.075,18.037850070049444,17.911850070049443
10606,10702,79.0,-37.575,178.125,18.158839256031115,17.684839256031115
10607,10768,111.0,-37.575,178.175,18.286458768790453,17.620458768790453
10608,10770,69.0,-37.575,178.225,18.41946597911283,18.005465979112827
10609,10772,86.0,-37.575,178.275,18.556077996051954,18.040077996051956
10610,10137,121.0,-37.275,174.675,20.190841707173604,19.464841707173605
10611,10062,124.0,-37.425,174.725,19.806384111396255,19.062384111396256
10612,10063,249.0,-37.425,174.775,19.239833032470415,17.745833032470415
10613,10064,160.0,-37.425,174.825,18.60659083088285,17.64659083088285
10614,10065,79.0,-37.425,174.875,17.98478777377386,17.51078777377386
10615,10087,20.0,-37.375,174.725,19.853249618095106,19.733249618095105
10616,10088,107.0,-37.375,174.775,19.209209446486057,18.567209446486057
10617,10089,169.0,-37.375,174.825,18.49695295964193,17.48295295964193
10618,10090,118.0,-37.375,174.875,17.81898394520522,17.11098394520522
10619,10112,30.0,-37.325,174.725,19.799084398223386,19.619084398223386
10620,10113,16.0,-37.325,174.775,19.09514693303754,18.99914693303754
10621,10114,20.0,-37.325,174.825,18.320215353749518,18.200215353749517
10622,10115,119.0,-37.325,174.875,17.598370923838957,16.884370923838958
10623,10138,20.0,-37.275,174.725,19.659407862292937,19.539407862292936
10624,10139,20.0,-37.275,174.775,18.9326517075815,18.812651707581498
10625,10140,17.0,-37.275,174.825,18.114593586588853,18.012593586588853
10626,10141,16.0,-37.275,174.875,17.35900133964151,17.26300133964151
10627,10066,78.0,-37.425,174.925,17.430034503731804,16.962034503731804
10628,10067,36.0,-37.425,174.975,16.973281802799647,16.757281802799646
10629,10068,33.0,-37.425,175.025,16.62624666624106,16.42824666624106
10630,10091,43.0,-37.375,174.925,17.237084543067795,16.979084543067795
10631,10092,121.0,-37.375,174.975,16.778888695543174,16.052888695543174
10632,10093,20.0,-37.375,175.025,16.448527680015104,16.328527680015103
10633,10116,156.0,-37.325,174.925,17.004443606027962,16.068443606027962
10634,10117,158.0,-37.325,174.975,16.559608225628835,15.611608225628835
10635,10118,66.0,-37.325,175.025,16.25703567250548,15.86103567250548
10636,10142,17.0,-37.275,174.925,16.771232544416307,16.669232544416307
10637,10143,121.0,-37.275,174.975,16.35260466512318,15.626604665123182
10638,10144,20.0,-37.275,175.025,16.083395501796986,15.963395501796986
10639,10069,20.0,-37.425,175.075,16.388270335361995,16.268270335361994
10640,10070,19.0,-37.425,175.125,16.25147235854547,16.13747235854547
10641,10071,7.0,-37.425,175.175,16.203842446203453,16.16184244620345
10642,10072,46.0,-37.425,175.225,16.231158195639182,15.955158195639182
10643,10094,25.0,-37.375,175.075,16.238420800378663,16.088420800378664
10644,10095,22.0,-37.375,175.125,16.135586069003693,16.003586069003692
10645,10096,11.0,-37.375,175.175,16.12432807842015,16.05832807842015
10646,10097,22.0,-37.375,175.225,16.187758438471064,16.055758438471063
10647,10119,20.0,-37.325,175.075,16.08251612631102,15.962516126311021
10648,10120,15.0,-37.325,175.125,16.019018708425392,15.929018708425392
10649,10121,21.0,-37.325,175.175,16.047766646312084,15.921766646312085
10650,10122,47.0,-37.325,175.225,16.149568412204644,15.867568412204644
10651,10145,32.0,-37.275,175.075,15.947089636248165,15.755089636248165
10652,10146,20.0,-37.275,175.125,15.924282014057098,15.8042820140571
10653,10147,38.0,-37.275,175.175,15.99315880290851,15.76515880290851
10654,10148,51.0,-37.275,175.225,16.132207878735244,15.826207878735245
10655,10073,128.0,-37.425,175.275,16.318361065578756,15.550361065578755
10656,10074,154.0,-37.425,175.325,16.45057127880682,15.52657127880682
10657,10075,226.0,-37.425,175.375,16.613706213246587,15.257706213246587
10658,10098,32.0,-37.375,175.275,16.308843641796557,16.116843641796557
10659,10099,98.0,-37.375,175.325,16.47099901407637,15.88299901407637
10660,10100,272.0,-37.375,175.375,16.658236498698898,15.026236498698898
10661,10123,75.0,-37.325,175.275,16.30587070017191,15.85587070017191
10662,10124,115.0,-37.325,175.325,16.4991082366887,15.809108236688699
10663,10125,102.0,-37.325,175.375,16.712417293268118,16.10041729326812
10664,10149,127.0,-37.275,175.275,16.321763715972338,15.559763715972338
10665,10150,137.0,-37.275,175.325,16.544131410713817,15.722131410713818
10666,10151,19.0,-37.275,175.375,16.78282705183483,16.66882705183483
10667,10036,7.0,-37.275,175.425,17.021339100765545,16.979339100765543
10668,10047,3.0,-37.275,175.475,17.241810619149874,17.223810619149873
10669,10076,337.0,-37.425,175.425,16.79472417132365,14.77272417132365
10670,10077,20.0,-37.425,175.475,16.98178337903755,16.86178337903755
10671,10078,10.0,-37.425,175.525,17.16481181754807,17.10481181754807
10672,10079,9.0,-37.425,175.575,17.336859216038647,17.28285921603865
10673,10101,40.0,-37.375,175.425,16.855055899377476,16.615055899377477
10674,10102,7.0,-37.375,175.475,17.046565364986236,17.004565364986234
10675,10103,8.0,-37.375,175.525,17.219595745500555,17.171595745500557
10676,10104,7.0,-37.375,175.575,17.36538250871672,17.32338250871672
10677,10126,9.0,-37.325,175.425,16.92902031364156,16.87502031364156
10678,10127,6.0,-37.325,175.475,17.131926609396032,17.09592660939603
10679,10128,4.0,-37.325,175.525,17.30535291565866,17.28135291565866
10680,10129,8.0,-37.325,175.575,17.439708368038737,17.39170836803874
10681,10158,7.0,-37.275,175.525,17.4252634796203,17.383263479620297
10682,10176,7.0,-37.275,175.575,17.5585735935274,17.516573593527397
10683,10080,12.0,-37.425,175.625,17.496661680288526,17.424661680288526
10684,10081,21.0,-37.425,175.675,17.654155227403862,17.52815522740386
10685,10082,158.0,-37.425,175.725,17.82383428639787,16.87583428639787
10686,10083,144.0,-37.425,175.775,17.988068895464494,17.124068895464493
10687,10105,7.0,-37.375,175.625,17.48377603609606,17.44177603609606
10688,10106,20.0,-37.375,175.675,17.59227245747843,17.47227245747843
10689,10107,391.0,-37.375,175.725,17.7507509424031,15.404750942403101
10690,10108,128.0,-37.375,175.775,17.921869961687662,17.15386996168766
10691,10130,5.0,-37.325,175.625,17.539600173317922,17.50960017331792
10692,10131,14.0,-37.325,175.675,17.632377156445727,17.548377156445728
10693,10132,361.0,-37.325,175.725,17.757914663571682,15.591914663571682
10694,10133,452.0,-37.325,175.775,17.90567870535142,15.19367870535142
10695,10180,10.0,-37.275,175.625,17.64904340359226,17.58904340359226
10696,10197,141.0,-37.275,175.675,17.72590096910608,16.879900969106078
10697,10302,95.0,-37.275,175.725,17.817731615500634,17.247731615500633
10698,10317,551.0,-37.275,175.775,17.9294634045782,14.623463404578201
10699,10084,106.0,-37.425,175.825,18.13573706000625,17.49973706000625
10700,10085,104.0,-37.425,175.875,18.28011471708396,17.656114717083963
10701,10086,20.0,-37.425,175.925,18.441922288260685,18.321922288260684
10702,10109,248.0,-37.375,175.825,18.081867399710063,16.593867399710064
10703,10110,135.0,-37.375,175.875,18.23703703864885,17.42703703864885
10704,10111,202.0,-37.375,175.925,18.399207936285165,17.187207936285166
10705,10134,282.0,-37.325,175.825,18.055073104220355,16.363073104220355
10706,10135,218.0,-37.325,175.875,18.203843516123925,16.895843516123925
10707,10136,92.0,-37.325,175.925,18.35565807606872,17.80365807606872
10708,10327,111.0,-37.275,175.825,18.05270110044694,17.38670110044694
10709,10337,66.0,-37.275,175.875,18.181978557598086,17.785978557598085
10710,10345,79.0,-37.275,176.275,18.81575451509343,18.34175451509343
10711,10439,81.0,-37.225,174.625,20.436693885027125,19.950693885027125
10712,10442,45.0,-37.225,174.675,20.106880171598277,19.836880171598278
10713,10490,118.0,-37.175,174.625,20.3575856188736,19.6495856188736
10714,10491,41.0,-37.175,174.675,20.075748248544187,19.82974824854419
10715,10512,134.0,-37.125,174.575,20.308409069328263,19.504409069328265
10716,10513,62.0,-37.125,174.625,20.270483388571847,19.898483388571847
10717,10455,80.0,-37.225,174.775,18.838096434837098,18.358096434837098
10718,10462,60.0,-37.225,174.825,17.98147156377763,17.621471563777632
10719,10469,120.0,-37.225,174.875,17.182994771917038,16.46299477191704
10720,10492,11.0,-37.175,174.725,19.59485447062616,19.52885447062616
10721,10493,22.0,-37.175,174.775,18.907910111766796,18.775910111766795
10722,10494,34.0,-37.175,174.825,18.06970699094927,17.86570699094927
10723,10495,47.0,-37.175,174.875,17.250722912416677,16.968722912416677
10724,10514,20.0,-37.125,174.775,19.15205473187234,19.03205473187234
10725,10515,23.0,-37.125,174.825,18.381870194543808,18.243870194543806
10726,10516,20.0,-37.125,174.875,17.543789726040814,17.423789726040813
10727,10470,60.0,-37.225,174.925,16.61315167405246,16.25315167405246
10728,10471,116.0,-37.225,174.975,16.21249131958939,15.51649131958939
10729,10472,73.0,-37.225,175.025,15.9666989178304,15.528698917830399
10730,10496,78.0,-37.175,174.925,16.625389291297324,16.157389291297324
10731,10497,96.0,-37.175,174.975,16.189713746801317,15.613713746801317
10732,10498,192.0,-37.175,175.025,15.941871870039904,14.789871870039905
10733,10517,24.0,-37.125,174.925,16.81053743249322,16.66653743249322
10734,10518,29.0,-37.125,174.975,16.295291752416233,16.121291752416234
10735,10519,228.0,-37.125,175.025,16.030714345997694,14.662714345997694
10736,10473,18.0,-37.225,175.075,15.862732968663295,15.754732968663294
10737,10474,19.0,-37.225,175.125,15.876647733467507,15.762647733467507
10738,10475,21.0,-37.225,175.175,15.981247941743277,15.855247941743277
10739,10476,71.0,-37.225,175.225,16.151910876938018,15.725910876938018
10740,10499,194.0,-37.175,175.075,15.85915252374707,14.69515252374707
10741,10500,157.0,-37.175,175.125,15.901935114065054,14.959935114065054
10742,10501,132.0,-37.175,175.175,16.033224179985154,15.241224179985155
10743,10502,107.0,-37.175,175.225,16.224737581506815,15.582737581506816
10744,10520,185.0,-37.125,175.075,15.963473201049055,14.853473201049056
10745,10521,115.0,-37.125,175.125,16.025355169783325,15.335355169783325
10746,10522,201.0,-37.125,175.175,16.169285013247645,14.963285013247646
10747,10523,174.0,-37.125,175.225,16.36544116017194,15.32144116017194
10748,10477,119.0,-37.225,175.275,16.368125861738918,15.654125861738917
10749,10478,88.0,-37.225,175.325,16.61283970968634,16.084839709686342
10750,10479,3.0,-37.225,175.375,16.87106923121155,16.85306923121155
10751,10503,22.0,-37.175,175.275,16.455681078426096,16.323681078426095
10752,10524,17.0,-37.125,175.275,16.594084244621627,16.492084244621626
10753,10480,3.0,-37.225,175.425,17.12818431213782,17.110184312137818
10754,10481,2.0,-37.225,175.475,17.367538045403307,17.355538045403307
10755,10482,3.0,-37.225,175.525,17.566789687714845,17.548789687714844
10756,10483,8.0,-37.225,175.575,17.70073184237208,17.65273184237208
10757,10504,4.0,-37.175,175.525,17.701030163487303,17.677030163487302
10758,10505,59.0,-37.175,175.575,17.83196592838067,17.47796592838067
10759,10525,365.0,-37.125,175.575,17.89524437943328,15.70524437943328
10760,10484,17.0,-37.225,175.625,17.775612792972424,17.673612792972424
10761,10485,202.0,-37.225,175.675,17.829343632778546,16.617343632778546
10762,10486,338.0,-37.225,175.725,17.890371544258414,15.862371544258414
10763,10487,242.0,-37.225,175.775,17.96860781817486,16.51660781817486
10764,10506,335.0,-37.175,175.625,17.883417117356657,15.873417117356658
10765,10507,601.0,-37.175,175.675,17.914618606442673,14.308618606442673
10766,10508,304.0,-37.175,175.725,17.95110719787408,16.127107197874082
10767,10509,152.0,-37.175,175.775,18.00292831054594,17.09092831054594
10768,10526,45.0,-37.125,175.625,17.941686716781078,17.67168671678108
10769,10527,515.0,-37.125,175.675,17.963399731616846,14.873399731616846
10770,10528,265.0,-37.125,175.725,17.98602704210498,16.39602704210498
10771,10529,233.0,-37.125,175.775,18.020666698603236,16.622666698603236
10772,10488,55.0,-37.225,175.825,18.06235850765006,17.732358507650062
10773,10489,11.0,-37.225,175.875,18.16694703559915,18.10094703559915
10774,10510,121.0,-37.175,175.825,18.071051517881642,17.345051517881643
10775,10511,100.0,-37.175,175.875,18.152153048391483,17.55215304839148
10776,10530,175.0,-37.125,175.825,18.07010332167556,17.02010332167556
10777,10308,132.0,-36.975,174.475,18.538333506186063,17.746333506186062
10778,10310,356.0,-36.975,174.525,18.85430128239932,16.71830128239932
10779,10359,241.0,-36.925,174.475,17.848755648848055,16.402755648848053
10780,10360,311.0,-36.925,174.525,18.1465457696022,16.2805457696022
10781,10549,43.0,-37.025,174.525,19.454832699726467,19.196832699726468
10782,10312,212.0,-36.975,174.575,19.20105442147269,17.929054421472692
10783,10361,233.0,-36.925,174.575,18.58378065258057,17.185780652580572
10784,10362,63.0,-36.925,174.625,19.112469230133684,18.734469230133683
10785,10363,60.0,-36.925,174.675,19.274240166840173,18.914240166840173
10786,10531,143.0,-37.075,174.575,20.074461494079515,19.216461494079514
10787,10532,93.0,-37.075,174.625,20.12710045961103,19.56910045961103
10788,10314,19.0,-36.975,174.775,19.93588202909632,19.82188202909632
10789,10321,19.0,-36.975,174.825,19.556977480873684,19.442977480873683
10790,10322,19.0,-36.975,174.875,18.90205810901807,18.78805810901807
10791,10364,45.0,-36.925,174.725,19.27083525780199,19.00083525780199
10792,10365,6.0,-36.925,174.825,19.699048905715244,19.663048905715243
10793,10366,1.0,-36.925,174.875,19.36913836666372,19.36313836666372
10794,10550,21.0,-37.025,174.875,18.427844371764877,18.301844371764876
10795,10323,40.0,-36.975,174.925,18.199721928815052,17.959721928815053
10796,10324,109.0,-36.975,174.975,17.640760461704303,16.986760461704304
10797,10325,120.0,-36.975,175.025,17.32711996292528,16.60711996292528
10798,10367,40.0,-36.925,174.925,18.875419517100454,18.635419517100456
10799,10368,27.0,-36.925,174.975,18.411382447095093,18.249382447095094
10800,10369,86.0,-36.925,175.025,18.075624602042808,17.55962460204281
10801,10533,19.0,-37.075,174.925,17.116782958554722,17.00278295855472
10802,10534,38.0,-37.075,174.975,16.520153749448582,16.29215374944858
10803,10535,210.0,-37.075,175.025,16.258240808390838,14.998240808390838
10804,10551,20.0,-37.025,174.925,17.571993241715063,17.451993241715062
10805,10552,40.0,-37.025,174.975,16.937175860847674,16.697175860847675
10806,10553,26.0,-37.025,175.025,16.684567884750322,16.528567884750323
10807,10024,29.0,-37.025,175.075,16.616847580957256,16.442847580957256
10808,10027,336.0,-37.025,175.125,16.65228026746172,14.63628026746172
10809,10034,369.0,-37.025,175.175,16.750861016629642,14.536861016629642
10810,10044,518.0,-37.025,175.225,16.888598276977064,13.780598276977063
10811,10329,27.0,-36.975,175.075,17.19173772344311,17.029737723443112
10812,10342,101.0,-36.975,175.125,17.16148447402793,16.555484474027928
10813,10350,137.0,-36.975,175.175,17.195377277751504,16.373377277751505
10814,10351,47.0,-36.975,175.225,17.269137287756166,16.987137287756166
10815,10536,121.0,-37.075,175.075,16.205800953451217,15.479800953451218
10816,10537,345.0,-37.075,175.125,16.27052569980242,14.20052569980242
10817,10538,232.0,-37.075,175.175,16.406013089095723,15.014013089095723
10818,10539,402.0,-37.075,175.225,16.585301420419455,14.173301420419456
10819,10153,114.0,-37.025,175.275,17.049573256765143,16.365573256765142
10820,10540,77.0,-37.075,175.275,16.790925176279416,16.328925176279416
10821,10164,49.0,-37.025,175.525,17.82455158560242,17.53055158560242
10822,10168,578.0,-37.025,175.575,17.900539862781443,14.432539862781443
10823,10352,154.0,-36.975,175.525,17.857707801937977,16.933707801937977
10824,10353,491.0,-36.975,175.575,17.902177345897144,14.956177345897144
10825,10370,176.0,-36.925,175.475,17.889041441550944,16.833041441550943
10826,10371,122.0,-36.925,175.525,17.910946773170508,17.17894677317051
10827,10372,396.0,-36.925,175.575,17.919500916310426,15.543500916310427
10828,10541,122.0,-37.075,175.525,17.802795793907535,17.070795793907536
10829,10542,536.0,-37.075,175.575,17.90421231930759,14.688212319307588
10830,10177,311.0,-37.025,175.625,17.941070193728592,16.075070193728592
10831,10182,574.0,-37.025,175.675,17.961461792025148,14.517461792025149
10832,10189,488.0,-37.025,175.725,17.977760539630253,15.049760539630253
10833,10196,218.0,-37.025,175.775,18.00000880020707,16.69200880020707
10834,10354,399.0,-36.975,175.625,17.925520047474492,15.531520047474492
10835,10355,339.0,-36.975,175.675,17.93845928425708,15.90445928425708
10836,10356,275.0,-36.975,175.725,17.952144977254648,16.30214497725465
10837,10357,172.0,-36.975,175.775,17.972900985565502,16.940900985565502
10838,10373,252.0,-36.925,175.625,17.918849455118107,16.406849455118106
10839,10374,100.0,-36.925,175.675,17.91846856072243,17.31846856072243
10840,10375,49.0,-36.925,175.725,17.927299568690614,17.633299568690614
10841,10376,58.0,-36.925,175.775,17.94685123153795,17.59885123153795
10842,10543,254.0,-37.075,175.625,17.952813973440243,16.428813973440242
10843,10544,284.0,-37.075,175.675,17.97478171394141,16.27078171394141
10844,10545,150.0,-37.075,175.725,17.99266472616182,17.09266472616182
10845,10546,19.0,-37.075,175.775,18.018508328206735,17.904508328206735
10846,10298,18.0,-37.025,175.825,18.031940574903274,17.923940574903273
10847,10358,133.0,-36.975,175.825,18.002146199384697,17.204146199384695
10848,10377,146.0,-36.925,175.825,17.97454645820926,17.09854645820926
10849,10547,146.0,-37.075,175.825,18.05642408055064,17.18042408055064
10850,10548,70.0,-37.075,175.875,18.105643363866875,17.685643363866873
10851,10378,102.0,-36.875,174.475,17.16351107940318,16.55151107940318
10852,10379,116.0,-36.875,174.525,17.390024400589027,16.694024400589026
10853,10394,80.0,-36.825,174.475,16.593862890687888,16.113862890687887
10854,10395,101.0,-36.825,174.525,16.773935027163134,16.167935027163132
10855,10406,95.0,-36.775,174.425,16.099775622460584,15.529775622460583
10856,10407,62.0,-36.775,174.475,16.210073827020096,15.838073827020096
10857,10408,31.0,-36.775,174.525,16.43198816604763,16.24598816604763
10858,10423,21.0,-36.725,174.375,15.789142819503468,15.663142819503468
10859,10424,41.0,-36.725,174.425,15.845358645548913,15.599358645548913
10860,10425,160.0,-36.725,174.475,15.991040439571407,15.031040439571406
10861,10426,87.0,-36.725,174.525,16.277730103490285,15.755730103490285
10862,10032,153.0,-36.725,174.575,16.77632912720037,15.85832912720037
10863,10041,34.0,-36.725,174.625,17.53638714841145,17.33238714841145
10864,10050,70.0,-36.725,174.675,18.48741225717822,18.06741225717822
10865,10380,96.0,-36.875,174.575,17.785461380937704,17.209461380937704
10866,10381,21.0,-36.875,174.625,18.684807455872033,18.55880745587203
10867,10396,79.0,-36.825,174.575,17.099450251957023,16.625450251957023
10868,10397,20.0,-36.825,174.625,17.83583269101746,17.715832691017457
10869,10409,40.0,-36.775,174.575,16.85760399691935,16.617603996919353
10870,10410,,-36.775,174.625,17.625482120813103,
10871,10411,30.0,-36.775,174.675,18.652300813517286,18.472300813517286
10872,10152,84.0,-36.725,174.725,19.443997540771306,18.939997540771305
10873,10382,23.0,-36.875,174.725,19.339089131613946,19.201089131613944
10874,10383,66.0,-36.875,174.775,20.000035784941247,19.604035784941246
10875,10384,38.0,-36.875,174.825,20.091587894563418,19.863587894563416
10876,10385,20.0,-36.875,174.875,19.89196048958729,19.77196048958729
10877,10412,56.0,-36.775,174.725,19.62033438907565,19.284334389075653
10878,10413,5.0,-36.775,174.775,20.329549103717,20.299549103717
10879,10414,38.0,-36.775,174.875,20.769317446530295,20.541317446530293
10880,10415,70.0,-36.775,174.925,20.666125051891868,20.246125051891866
10881,10386,22.0,-36.875,175.175,18.269972796641923,18.13797279664192
10882,10398,25.0,-36.825,175.075,19.26020319262352,19.110203192623523
10883,10399,42.0,-36.825,175.125,19.022323142057758,18.77032314205776
10884,10416,41.0,-36.775,175.125,19.60133326399591,19.355333263995913
10885,10417,56.0,-36.775,175.175,19.35164504216391,19.01564504216391
10886,10159,95.0,-36.725,175.475,18.52038749669191,17.95038749669191
10887,10173,392.0,-36.725,175.525,18.37787615059642,16.02587615059642
10888,10187,200.0,-36.725,175.575,18.26364482687859,17.06364482687859
10889,10387,81.0,-36.875,175.425,18.03856386721327,17.55256386721327
10890,10388,85.0,-36.875,175.475,18.014867615274852,17.50486761527485
10891,10389,190.0,-36.875,175.525,17.98892447453727,16.84892447453727
10892,10390,459.0,-36.875,175.575,17.960241791913177,15.206241791913177
10893,10400,136.0,-36.825,175.475,18.16409874132478,17.34809874132478
10894,10401,244.0,-36.825,175.525,18.09347044850074,16.62947044850074
10895,10402,311.0,-36.825,175.575,18.030805330900876,16.164805330900876
10896,10418,215.0,-36.775,175.525,18.223514975281432,16.933514975281433
10897,10419,207.0,-36.775,175.575,18.133338556232047,16.891338556232046
10898,10188,82.0,-36.725,175.775,18.029390335426797,17.537390335426796
10899,10391,54.0,-36.875,175.625,17.931591128795844,17.607591128795843
10900,10392,40.0,-36.875,175.725,17.915112275969477,17.67511227596948
10901,10393,37.0,-36.875,175.775,17.93239816863661,17.71039816863661
10902,10403,341.0,-36.825,175.625,17.976106626945693,15.930106626945694
10903,10404,12.0,-36.825,175.675,17.93668830597744,17.86468830597744
10904,10405,80.0,-36.825,175.775,17.93958179551464,17.45958179551464
10905,10420,106.0,-36.775,175.625,18.059250543919916,17.423250543919917
10906,10421,107.0,-36.775,175.675,18.006072171436244,17.364072171436245
10907,10422,60.0,-36.775,175.725,17.97966939017897,17.61966939017897
10908,10191,13.0,-36.675,174.325,15.619690652946701,15.541690652946702
10909,10431,160.0,-36.625,174.325,15.535430091164017,14.575430091164016
10910,10572,81.0,-36.575,174.275,15.559076162599013,15.073076162599012
10911,10578,37.0,-36.575,174.325,15.52769004001857,15.30569004001857
10912,10200,52.0,-36.675,174.375,15.62585272780052,15.313852727800521
10913,10307,8.0,-36.675,174.425,15.700661585005037,15.652661585005037
10914,10319,70.0,-36.675,174.475,15.878834369809738,15.458834369809738
10915,10331,63.0,-36.675,174.525,16.205470419476114,15.827470419476114
10916,10432,39.0,-36.625,174.475,15.830429915259629,15.596429915259629
10917,10433,39.0,-36.625,174.525,16.164720834671243,15.930720834671243
10918,10584,19.0,-36.575,174.375,15.546809490309897,15.432809490309896
10919,10585,39.0,-36.575,174.475,15.827691323207546,15.593691323207546
10920,10586,88.0,-36.575,174.525,16.143240390940264,15.615240390940263
10921,10338,93.0,-36.675,174.575,16.726306312330053,16.168306312330053
10922,10346,50.0,-36.675,174.625,17.4569995842985,17.1569995842985
10923,10427,68.0,-36.675,174.675,18.344721406755525,17.936721406755524
10924,10435,59.0,-36.625,174.575,16.671194500720958,16.31719450072096
10925,10437,60.0,-36.625,174.625,17.357712145176265,16.997712145176266
10926,10441,33.0,-36.625,174.675,18.190270573561065,17.992270573561065
10927,10587,113.0,-36.575,174.575,16.609093920612395,15.931093920612394
10928,10588,58.0,-36.575,174.625,17.236983760517433,16.888983760517434
10929,10589,56.0,-36.575,174.675,18.013322231993698,17.6773222319937
10930,10428,,-36.675,174.725,19.27303892577038,
10931,10452,44.0,-36.625,174.725,19.092014305819248,18.82801430581925
10932,10429,152.0,-36.675,175.475,18.719655856342797,17.807655856342798
10933,10430,245.0,-36.675,175.525,18.55122627212768,17.08122627212768
10934,10459,14.0,-36.625,175.475,18.912837865525944,18.828837865525944
10935,10466,295.0,-36.625,175.525,18.724677168786002,16.954677168786002
10936,10564,187.0,-36.625,175.575,18.56537352471969,17.44337352471969
10937,10590,140.0,-36.575,175.425,19.315252197253358,18.475252197253358
10938,10591,79.0,-36.575,175.475,19.087179341748197,18.613179341748197
10939,10567,102.0,-36.625,175.825,18.13686684719687,17.524866847196872
10940,10618,10.0,-36.375,174.075,16.363797561520187,16.303797561520188
10941,10619,101.0,-36.375,174.125,16.294227823758774,15.688227823758774
10942,10592,64.0,-36.525,174.225,15.67660375405012,15.29260375405012
10943,10593,44.0,-36.525,174.275,15.61649034758193,15.35249034758193
10944,10602,16.0,-36.475,174.175,15.864872894670953,15.768872894670952
10945,10603,120.0,-36.475,174.225,15.790783400138025,15.070783400138025
10946,10620,10.0,-36.375,174.275,16.146967425705952,16.086967425705954
10947,10621,28.0,-36.375,174.325,16.142896425004437,15.974896425004438
10948,10594,,-36.525,174.425,15.698246027858659,
10949,10595,153.0,-36.525,174.475,15.871744929121633,14.953744929121633
10950,10596,54.0,-36.525,174.525,16.152157334058757,15.828157334058757
10951,10604,13.0,-36.475,174.425,15.820053892355645,15.742053892355646
10952,10605,257.0,-36.475,174.475,15.97454210091837,14.43254210091837
10953,10606,100.0,-36.475,174.525,16.2170101073134,15.6170101073134
10954,10611,59.0,-36.425,174.475,16.148418254333592,15.794418254333593
10955,10612,190.0,-36.425,174.525,16.36476600423157,15.224766004231569
10956,10622,59.0,-36.375,174.375,16.176129226223566,15.822129226223566
10957,10623,49.0,-36.375,174.475,16.3953628239924,16.1013628239924
10958,10624,98.0,-36.375,174.525,16.603474162291604,16.015474162291603
10959,10597,75.0,-36.525,174.575,16.559612251921862,16.109612251921863
10960,10598,119.0,-36.525,174.625,17.113450240224665,16.399450240224667
10961,10599,30.0,-36.525,174.675,17.826545736044864,17.646545736044864
10962,10607,64.0,-36.475,174.575,16.562256170445835,16.178256170445835
10963,10608,140.0,-36.475,174.625,17.031042494600115,16.191042494600115
10964,10609,67.0,-36.475,174.675,17.670210396481707,17.268210396481706
10965,10613,98.0,-36.425,174.575,16.66772709131328,16.07972709131328
10966,10614,97.0,-36.425,174.625,17.07486256773882,16.49286256773882
10967,10615,72.0,-36.425,174.675,17.643320100030905,17.211320100030907
10968,10625,160.0,-36.375,174.575,16.89542402482948,15.93542402482948
10969,10626,142.0,-36.375,174.625,17.2948711089648,16.4428711089648
10970,10627,47.0,-36.375,174.675,17.842977428796075,17.560977428796075
10971,10616,22.0,-36.425,174.725,18.431559558417575,18.299559558417574
10972,10617,50.0,-36.425,174.875,20.564139611764404,20.264139611764403
10973,10628,36.0,-36.375,174.775,19.270332411380878,19.054332411380877
10974,10629,45.0,-36.375,174.825,19.92627032409473,19.65627032409473
10975,10600,798.0,-36.525,175.375,19.722650214118403,14.934650214118403
10976,10610,183.0,-36.475,175.375,19.83363713671133,18.735637136711333
10977,10601,247.0,-36.525,175.425,19.468067386813345,17.986067386813346
10978,11005,8.0,-36.225,173.975,17.12669187715437,17.078691877154373
10979,10630,8.0,-36.325,174.025,16.63515362387261,16.587153623872613
10980,10631,73.0,-36.325,174.075,16.578980097361637,16.140980097361638
10981,10632,43.0,-36.325,174.125,16.52394616112906,16.26594616112906
10982,10643,89.0,-36.275,174.025,16.861381862543567,16.327381862543568
10983,10644,89.0,-36.275,174.075,16.820992964860125,16.286992964860126
10984,10645,60.0,-36.275,174.125,16.78226604612246,16.42226604612246
10985,11006,86.0,-36.225,174.025,17.105239489939777,16.58923948993978
10986,11007,57.0,-36.225,174.075,17.081875861938897,16.7398758619389
10987,10633,3.0,-36.325,174.275,16.420228210008645,16.402228210008644
10988,10646,55.0,-36.275,174.325,16.749016731273514,16.419016731273516
10989,11008,80.0,-36.225,174.225,17.042901245615212,16.562901245615212
10990,11009,95.0,-36.225,174.275,17.056320422339923,16.486320422339922
10991,10634,55.0,-36.325,174.375,16.47195924164771,16.14195924164771
10992,10635,58.0,-36.325,174.425,16.55984398515284,16.21184398515284
10993,10636,40.0,-36.325,174.475,16.702899917117975,16.462899917117976
10994,10637,56.0,-36.325,174.525,16.91355518492128,16.57755518492128
10995,10647,10.0,-36.275,174.375,16.803962815871273,16.743962815871274
10996,10648,20.0,-36.275,174.475,17.04960315166136,16.929603151661357
10997,10649,40.0,-36.275,174.525,17.262605807869477,17.02260580786948
10998,11010,64.0,-36.225,174.375,17.158448641685027,16.774448641685026
10999,11011,38.0,-36.225,174.425,17.26239027180054,17.03439027180054
11000,11012,,-36.225,174.475,17.413576449014727,
11001,11013,40.0,-36.225,174.525,17.622017096298805,17.382017096298807
11002,10638,63.0,-36.325,174.575,17.207488542648207,16.829488542648207
11003,10639,182.0,-36.325,174.625,17.604781049480152,16.512781049480154
11004,10640,182.0,-36.325,174.675,18.12173857486232,17.02973857486232
11005,10650,41.0,-36.275,174.575,17.553097825722944,17.307097825722945
11006,10651,187.0,-36.275,174.625,17.933496276440565,16.811496276440565
11007,11001,96.0,-36.275,174.675,18.40660096708234,17.83060096708234
11008,11014,107.0,-36.225,174.575,17.897191466301592,17.255191466301593
11009,11016,80.0,-36.225,174.625,18.244738221610532,17.764738221610532
11010,11017,139.0,-36.225,174.675,18.660070603998975,17.826070603998975
11011,10641,28.0,-36.325,174.725,18.739033884285163,18.571033884285164
11012,11002,91.0,-36.275,174.725,18.950583880192426,18.404583880192426
11013,11003,284.0,-36.275,174.775,19.50907418852148,17.80507418852148
11014,11018,67.0,-36.225,175.075,20.546046433530137,20.144046433530136
11015,11020,61.0,-36.225,175.375,19.793892062245504,19.427892062245505
11016,10642,191.0,-36.325,175.525,19.315846110219354,18.169846110219353
11017,11004,38.0,-36.275,175.475,19.496156930877987,19.268156930877986
11018,11022,112.0,-36.225,175.425,19.62757180240078,18.95557180240078
11019,11023,33.0,-36.225,175.475,19.462766785878557,19.264766785878557
11020,11024,40.0,-36.175,173.975,17.363078104326632,17.123078104326634
11021,11038,68.0,-36.125,173.925,17.583052842819598,17.175052842819596
11022,11039,20.0,-36.125,173.975,17.600126098492183,17.480126098492182
11023,11052,81.0,-36.075,173.875,17.754489382603424,17.268489382603423
11024,11053,20.0,-36.075,173.925,17.795937566850625,17.675937566850624
11025,11054,16.0,-36.075,173.975,17.828778727343888,17.732778727343888
11026,11068,82.0,-36.025,173.825,17.86398031290264,17.37198031290264
11027,11069,20.0,-36.025,173.875,17.93586840602984,17.81586840602984
11028,11070,20.0,-36.025,173.925,17.99112048425559,17.871120484255588
11029,11071,117.0,-36.025,173.975,18.03915553879051,17.337155538790512
11030,11025,18.0,-36.175,174.025,17.35864589209814,17.250645892098138
11031,11040,2.0,-36.125,174.025,17.612911362755767,17.600911362755767
11032,11041,9.0,-36.125,174.075,17.62569696254286,17.571696962542863
11033,11042,60.0,-36.125,174.125,17.642110391088863,17.282110391088864
11034,11055,19.0,-36.075,174.025,17.858826189501997,17.744826189501996
11035,11056,96.0,-36.075,174.075,17.89050409234369,17.31450409234369
11036,11057,89.0,-36.075,174.125,17.926853403021596,17.392853403021597
11037,11072,36.0,-36.025,174.025,18.086918078679446,17.870918078679445
11038,11073,31.0,-36.025,174.075,18.138458443729178,17.952458443729178
11039,11074,41.0,-36.025,174.125,18.19587427841725,17.94987427841725
11040,11026,124.0,-36.175,174.175,17.354318014775345,16.610318014775345
11041,11027,39.0,-36.175,174.325,17.44755506000729,17.213555060007288
11042,11043,28.0,-36.125,174.175,17.66522771410746,17.49722771410746
11043,11044,29.0,-36.125,174.225,17.697867658183895,17.523867658183896
11044,11045,20.0,-36.125,174.275,17.742966452182372,17.62296645218237
11045,11046,43.0,-36.125,174.325,17.803978304023985,17.545978304023986
11046,11058,81.0,-36.075,174.175,17.969899305377112,17.48389930537711
11047,11059,107.0,-36.075,174.225,18.021057941576146,17.379057941576146
11048,11060,80.0,-36.075,174.275,18.081585803121925,17.601585803121925
11049,11061,59.0,-36.075,174.325,18.153098047183448,17.79909804718345
11050,11075,79.0,-36.025,174.175,18.259912018605974,17.785912018605973
11051,11076,51.0,-36.025,174.225,18.330370433846838,18.024370433846837
11052,11077,40.0,-36.025,174.275,18.406537013277557,18.16653701327756
11053,11078,108.0,-36.025,174.325,18.487831548023678,17.839831548023678
11054,11028,32.0,-36.175,174.375,17.522491876545246,17.330491876545246
11055,11029,51.0,-36.175,174.425,17.629946764627675,17.323946764627674
11056,11030,70.0,-36.175,174.475,17.777502086319146,17.357502086319144
11057,11031,91.0,-36.175,174.525,17.972672911155314,17.426672911155315
11058,11047,83.0,-36.125,174.425,17.9918640416563,17.4938640416563
11059,11048,59.0,-36.125,174.475,18.129725060905912,17.775725060905913
11060,11049,69.0,-36.125,174.525,18.304049333575676,17.890049333575675
11061,11062,140.0,-36.075,174.375,18.238065664303576,17.398065664303576
11062,11063,245.0,-36.075,174.425,18.340029569199032,16.870029569199033
11063,11064,244.0,-36.075,174.475,18.463208120123454,16.999208120123456
11064,11065,124.0,-36.075,174.525,18.611350920953555,17.867350920953555
11065,11079,58.0,-36.025,174.375,18.574634854541728,18.22663485454173
11066,11080,20.0,-36.025,174.425,18.668889149012102,18.5488891490121
11067,11081,37.0,-36.025,174.475,18.773838569828513,18.55183856982851
11068,11032,100.0,-36.175,174.575,18.22116775743234,17.62116775743234
11069,11033,40.0,-36.175,174.625,18.52380075470137,18.28380075470137
11070,11050,11.0,-36.125,174.575,18.517799586750698,18.4517995867507
11071,11066,21.0,-36.075,174.575,18.785988712599647,18.659988712599645
11072,11034,96.0,-36.175,175.325,19.835063028564036,19.259063028564036
11073,11035,164.0,-36.175,175.375,19.697586953545397,18.7135869535454
11074,11051,79.0,-36.125,175.375,19.58171715689241,19.10771715689241
11075,11067,442.0,-36.075,175.375,19.456594308398053,16.804594308398052
11076,11036,432.0,-36.175,175.425,19.553194572450593,16.961194572450594
11077,11037,21.0,-36.175,175.475,19.408571927719095,19.282571927719093
11078,11369,,-35.825,173.625,17.60519276656123,
11079,11082,59.0,-35.975,173.775,17.8894964020692,17.5354964020692
11080,11097,55.0,-35.925,173.725,17.829636930500783,17.499636930500785
11081,11098,54.0,-35.925,173.775,17.966058216103193,17.64205821610319
11082,11112,57.0,-35.875,173.725,17.85909911487761,17.51709911487761
11083,11113,51.0,-35.875,173.775,17.998085938867007,17.692085938867006
11084,11370,44.0,-35.825,173.675,17.72743998957776,17.46343998957776
11085,11371,70.0,-35.825,173.725,17.85935708640136,17.43935708640136
11086,11372,20.0,-35.825,173.775,17.997407666080107,17.877407666080106
11087,11083,20.0,-35.975,173.825,18.003264467630288,17.883264467630287
11088,11084,19.0,-35.975,173.875,18.089143006645827,17.975143006645826
11089,11085,37.0,-35.975,173.925,18.156865573942923,17.934865573942922
11090,11086,56.0,-35.975,173.975,18.221060270157977,17.88506027015798
11091,11099,20.0,-35.925,173.825,18.095061026318945,17.975061026318944
11092,11100,20.0,-35.925,173.875,18.196178421812874,18.076178421812873
11093,11101,32.0,-35.925,173.925,18.281524201369393,18.089524201369393
11094,11102,70.0,-35.925,173.975,18.36609632792897,17.94609632792897
11095,11114,45.0,-35.875,173.825,18.131964422505916,17.861964422505917
11096,11115,21.0,-35.875,173.875,18.251842941808718,18.125842941808717
11097,11116,16.0,-35.875,173.925,18.361724460055484,18.265724460055484
11098,11117,82.0,-35.875,173.975,18.471133612774793,17.979133612774792
11099,11373,142.0,-35.825,173.825,18.136178168493643,17.284178168493643
11100,11374,61.0,-35.825,173.875,18.271503548139663,17.905503548139663
11101,11375,20.0,-35.825,173.925,18.404415315930237,18.284415315930236
11102,11376,312.0,-35.825,173.975,18.539192894018925,16.667192894018925
11103,11087,27.0,-35.975,174.025,18.288183388167454,18.126183388167455
11104,11088,53.0,-35.975,174.075,18.36123633830175,18.04323633830175
11105,11089,35.0,-35.975,174.125,18.44120852064043,18.23120852064043
11106,11103,82.0,-35.925,174.025,18.455555780510622,17.96355578051062
11107,11104,80.0,-35.925,174.075,18.55217284319042,18.07217284319042
11108,11105,80.0,-35.925,174.125,18.65615873657407,18.17615873657407
11109,11118,20.0,-35.875,174.025,18.58560917134855,18.46560917134855
11110,11119,98.0,-35.875,174.075,18.707233049686693,18.11923304968669
11111,11120,178.0,-35.875,174.125,18.835848108781647,17.767848108781646
11112,11377,16.0,-35.825,174.025,18.67919156980315,18.58319156980315
11113,11378,119.0,-35.825,174.075,18.825614865252646,18.111614865252648
11114,11379,40.0,-35.825,174.125,18.977812812208867,18.73781281220887
11115,11090,57.0,-35.975,174.175,18.527572600860367,18.185572600860368
11116,11091,56.0,-35.975,174.225,18.618502287494266,18.282502287494268
11117,11092,57.0,-35.975,174.275,18.711141469268114,18.369141469268115
11118,11093,141.0,-35.975,174.325,18.802307668065623,17.956307668065623
11119,11106,104.0,-35.925,174.175,18.766048775307354,18.142048775307355
11120,11107,158.0,-35.925,174.225,18.878698986251038,17.930698986251038
11121,11108,101.0,-35.925,174.275,18.989185798758626,18.383185798758625
11122,11109,202.0,-35.925,174.325,19.09124459918894,17.87924459918894
11123,11121,298.0,-35.875,174.175,18.969513434953114,17.181513434953114
11124,11122,60.0,-35.875,174.225,19.104378336627633,18.744378336627634
11125,11123,100.0,-35.875,174.275,19.23405782271766,18.634057822717658
11126,11124,95.0,-35.875,174.325,19.34895214521748,18.77895214521748
11127,11380,126.0,-35.825,174.175,19.13357118587919,18.37757118587919
11128,11381,109.0,-35.825,174.225,19.28894949959431,18.63494949959431
11129,11382,121.0,-35.825,174.275,19.437387848203798,18.7113878482038
11130,11383,57.0,-35.825,174.325,19.56734295633214,19.225342956332142
11131,11094,46.0,-35.975,174.375,18.88989117147139,18.61389117147139
11132,11095,19.0,-35.975,174.425,18.974353583111224,18.860353583111223
11133,11096,,-35.975,174.475,19.058803116067793,
11134,11110,141.0,-35.925,174.375,19.179415792743384,18.333415792743384
11135,11111,85.0,-35.925,174.425,19.25264605171833,18.742646051718328
11136,11125,42.0,-35.875,174.375,19.438323658818263,19.186323658818264
11137,11126,20.0,-35.875,174.425,19.49897019380296,19.37897019380296
11138,11384,8.0,-35.825,174.525,19.72758728608278,19.679587286082782
11139,11385,42.0,-35.775,173.625,17.59889778035904,17.34689778035904
11140,11401,370.0,-35.725,173.575,17.493753677339555,15.273753677339554
11141,11402,147.0,-35.725,173.625,17.584867887631844,16.702867887631843
11142,11420,76.0,-35.675,173.525,17.42515662894948,16.96915662894948
11143,11421,215.0,-35.675,173.575,17.492566217286367,16.202566217286368
11144,11422,398.0,-35.675,173.625,17.570637564944263,15.182637564944264
11145,11386,191.0,-35.775,173.675,17.713202439239467,16.567202439239466
11146,11387,70.0,-35.775,173.725,17.839097405001667,17.419097405001665
11147,11388,280.0,-35.775,173.775,17.974928559942782,16.294928559942782
11148,11403,167.0,-35.725,173.675,17.68876866368555,16.68676866368555
11149,11404,599.0,-35.725,173.725,17.806689511640798,14.212689511640798
11150,11405,480.0,-35.725,173.775,17.939056382228955,15.059056382228956
11151,11423,469.0,-35.675,173.675,17.662195357455857,14.848195357455857
11152,11424,516.0,-35.675,173.725,17.770280888573325,14.674280888573325
11153,11425,362.0,-35.675,173.775,17.897585563294342,15.725585563294342
11154,11389,156.0,-35.775,173.825,18.11803736407819,17.18203736407819
11155,11390,101.0,-35.775,173.875,18.266177200002858,17.660177200002856
11156,11391,305.0,-35.775,173.925,18.41886039684323,16.58886039684323
11157,11392,100.0,-35.775,173.975,18.57686484867554,17.97686484867554
11158,11406,331.0,-35.725,173.825,18.085312399371105,16.099312399371104
11159,11407,168.0,-35.725,173.875,18.244130857010532,17.236130857010533
11160,11408,61.0,-35.725,173.925,18.413791208646217,18.047791208646217
11161,11409,69.0,-35.725,173.975,18.592298987739923,18.17829898773992
11162,11426,101.0,-35.675,173.825,18.045539135420768,17.439539135420766
11163,11427,51.0,-35.675,173.875,18.213421386924892,17.90742138692489
11164,11428,364.0,-35.675,173.925,18.39813333911661,16.21413333911661
11165,11429,140.0,-35.675,173.975,18.594866788513173,17.754866788513173
11166,11393,72.0,-35.775,174.025,18.740721261483486,18.308721261483488
11167,11394,56.0,-35.775,174.075,18.909895412778496,18.573895412778498
11168,11395,100.0,-35.775,174.125,19.082724591844453,18.482724591844452
11169,11410,55.0,-35.725,174.025,18.77728330313039,18.44728330313039
11170,11411,61.0,-35.725,174.075,18.965955568000936,18.599955568000937
11171,11412,69.0,-35.725,174.125,19.155132450969177,18.741132450969175
11172,11430,96.0,-35.675,174.025,18.79816887447123,18.22216887447123
11173,11431,99.0,-35.675,174.075,19.002730888800215,18.408730888800214
11174,11432,100.0,-35.675,174.125,19.20362808131722,18.60362808131722
11175,11396,150.0,-35.775,174.175,19.256479047624453,18.356479047624454
11176,11397,74.0,-35.775,174.225,19.42714385392901,18.98314385392901
11177,11398,25.0,-35.775,174.275,19.588630386617297,19.438630386617298
11178,11413,147.0,-35.725,174.175,19.341123849968426,18.459123849968424
11179,11414,218.0,-35.725,174.225,19.51928771227358,18.21128771227358
11180,11415,343.0,-35.725,174.275,19.682953995692515,17.624953995692515
11181,11416,20.0,-35.725,174.325,19.820782160162707,19.700782160162706
11182,11433,173.0,-35.675,174.175,19.396063896056148,18.358063896056148
11183,11434,160.0,-35.675,174.225,19.574708672133056,18.614708672133055
11184,11435,180.0,-35.675,174.275,19.732624349851903,18.652624349851905
11185,11436,80.0,-35.675,174.325,19.86001856636176,19.38001856636176
11186,11399,63.0,-35.775,174.425,19.858517787233723,19.480517787233723
11187,11400,127.0,-35.775,174.525,19.848349663116096,19.086349663116096
11188,11417,35.0,-35.725,174.375,19.91205995670134,19.70205995670134
11189,11418,214.0,-35.725,174.425,19.947461704492525,18.663461704492526
11190,11419,45.0,-35.725,174.475,19.948280997488837,19.678280997488837
11191,11437,99.0,-35.675,174.375,19.94574458471834,19.35174458471834
11192,11438,93.0,-35.675,174.425,19.987090453509154,19.429090453509154
11193,11439,99.0,-35.675,174.475,19.9941234686612,19.4001234686612
11194,11138,22.0,-35.475,173.325,17.531558887871142,17.39955888787114
11195,11139,3.0,-35.475,173.375,17.556684143251914,17.538684143251913
11196,11140,47.0,-35.475,173.425,17.581263199088426,17.299263199088426
11197,11462,19.0,-35.575,173.425,17.41201888050273,17.298018880502728
11198,11484,228.0,-35.525,173.425,17.486173837129172,16.118173837129174
11199,11141,93.0,-35.475,173.475,17.605786995904054,17.047786995904055
11200,11142,51.0,-35.475,173.525,17.63106282626177,17.325062826261767
11201,11143,116.0,-35.475,173.575,17.658424184184696,16.962424184184695
11202,11144,60.0,-35.475,173.625,17.690115277779114,17.330115277779115
11203,11440,152.0,-35.625,173.475,17.398487149519497,16.486487149519498
11204,11441,301.0,-35.625,173.525,17.446049312011382,15.640049312011383
11205,11442,354.0,-35.625,173.575,17.500444454239187,15.376444454239186
11206,11443,558.0,-35.625,173.625,17.564535761670413,14.216535761670414
11207,11463,314.0,-35.575,173.475,17.446032674872185,15.562032674872185
11208,11464,167.0,-35.575,173.525,17.48318286169524,16.481182861695242
11209,11465,289.0,-35.575,173.575,17.525420037174626,15.791420037174627
11210,11466,539.0,-35.575,173.625,17.575767382289996,14.341767382289996
11211,11485,354.0,-35.525,173.475,17.51377789941398,15.38977789941398
11212,11486,616.0,-35.525,173.525,17.54304382810733,13.84704382810733
11213,11487,319.0,-35.525,173.575,17.57563573207699,15.66163573207699
11214,11488,628.0,-35.525,173.625,17.6143150702228,13.8463150702228
11215,11145,20.0,-35.475,173.675,17.730019752860244,17.610019752860243
11216,11146,60.0,-35.475,173.725,17.785147761636836,17.425147761636836
11217,11147,65.0,-35.475,173.775,17.868952139837347,17.478952139837347
11218,11444,516.0,-35.625,173.675,17.642238866981643,14.546238866981643
11219,11445,207.0,-35.625,173.725,17.738530941158388,16.496530941158387
11220,11446,161.0,-35.625,173.775,17.858781419308798,16.892781419308797
11221,11467,571.0,-35.575,173.675,17.638857439360436,14.212857439360436
11222,11468,355.0,-35.575,173.725,17.721454765201997,15.591454765201998
11223,11469,192.0,-35.575,173.775,17.832214104373634,16.680214104373633
11224,11489,301.0,-35.525,173.675,17.663708398627932,15.857708398627933
11225,11490,107.0,-35.525,173.725,17.731532911740942,17.089532911740942
11226,11491,323.0,-35.525,173.775,17.82991969163777,15.891919691637769
11227,11015,125.0,-35.525,173.825,17.973471754872662,17.223471754872662
11228,11019,230.0,-35.525,173.875,18.167321773855292,16.787321773855293
11229,11127,155.0,-35.525,173.925,18.397573585170903,17.467573585170904
11230,11128,88.0,-35.525,173.975,18.643015401934463,18.115015401934464
11231,11148,97.0,-35.475,173.825,18.006388291159965,17.424388291159964
11232,11149,140.0,-35.475,173.875,18.213635033138416,17.373635033138417
11233,11150,131.0,-35.475,173.925,18.462337213650244,17.676337213650243
11234,11151,125.0,-35.475,173.975,18.720500812758473,17.970500812758473
11235,11447,63.0,-35.625,173.825,18.006918486262293,17.628918486262293
11236,11448,171.0,-35.625,173.875,18.182944961932662,17.156944961932663
11237,11449,333.0,-35.625,173.925,18.381886083203426,16.383886083203425
11238,11450,231.0,-35.625,173.975,18.59542921994398,17.20942921994398
11239,11470,99.0,-35.575,173.825,17.978977198910798,17.384977198910796
11240,11471,226.0,-35.575,173.875,18.1631903631187,16.8071903631187
11241,11472,141.0,-35.575,173.925,18.376860974338342,17.530860974338342
11242,11473,81.0,-35.575,173.975,18.606627729091997,18.120627729091996
11243,11129,175.0,-35.525,174.025,18.886715306189217,17.836715306189216
11244,11130,79.0,-35.525,174.075,19.11747475575612,18.64347475575612
11245,11131,128.0,-35.525,174.125,19.328148014285034,18.560148014285033
11246,11152,141.0,-35.475,174.025,18.969548338576715,18.123548338576715
11247,11153,81.0,-35.475,174.075,19.199111813104537,18.713111813104536
11248,11154,158.0,-35.475,174.125,19.40341297993473,18.455412979934728
11249,11451,40.0,-35.625,174.025,18.81463112536585,18.57463112536585
11250,11452,73.0,-35.625,174.075,19.03162048399645,18.59362048399645
11251,11453,122.0,-35.625,174.125,19.239930264451687,18.507930264451687
11252,11474,107.0,-35.575,174.025,18.83954001416896,18.19754001416896
11253,11475,243.0,-35.575,174.075,19.06550985758986,17.60750985758986
11254,11476,120.0,-35.575,174.125,19.277188803636818,18.55718880363682
11255,11132,136.0,-35.525,174.175,19.513999338461872,18.697999338461873
11256,11133,97.0,-35.525,174.225,19.671639588928883,19.089639588928883
11257,11134,126.0,-35.525,174.275,19.798669135747332,19.04266913574733
11258,11135,100.0,-35.525,174.325,19.894144679239616,19.294144679239615
11259,11155,203.0,-35.475,174.175,19.579182437551935,18.361182437551935
11260,11156,268.0,-35.475,174.225,19.724521845419076,18.116521845419076
11261,11157,246.0,-35.475,174.275,19.83854612778123,18.36254612778123
11262,11158,157.0,-35.475,174.325,19.92173374589038,18.97973374589038
11263,11454,120.0,-35.625,174.175,19.434026978462498,18.7140269784625
11264,11455,121.0,-35.625,174.225,19.60854996128728,18.882549961287282
11265,11456,126.0,-35.625,174.275,19.75762138061691,19.00162138061691
11266,11457,140.0,-35.625,174.325,19.8748588852759,19.0348588852759
11267,11477,122.0,-35.575,174.175,19.469029529582258,18.73702952958226
11268,11478,97.0,-35.575,174.225,19.63639692554898,19.05439692554898
11269,11479,152.0,-35.575,174.275,19.775142408467218,18.86314240846722
11270,11480,148.0,-35.575,174.325,19.88202735673076,18.994027356730758
11271,11136,120.0,-35.525,174.375,19.95983098855686,19.23983098855686
11272,11137,43.0,-35.525,174.425,20.001110262981456,19.743110262981457
11273,11159,242.0,-35.475,174.375,19.97702731460231,18.525027314602312
11274,11160,41.0,-35.475,174.425,20.012452002563805,19.766452002563806
11275,11458,253.0,-35.625,174.375,19.955357346103483,18.437357346103482
11276,11459,154.0,-35.625,174.425,19.99941278809638,19.07541278809638
11277,11460,56.0,-35.625,174.475,20.013058842256214,19.677058842256216
11278,11461,46.0,-35.625,174.525,20.003789648530073,19.727789648530074
11279,11481,203.0,-35.575,174.375,19.95615125826953,18.73815125826953
11280,11482,221.0,-35.575,174.425,20.000177280895514,18.674177280895513
11281,11483,75.0,-35.575,174.475,20.019003210620212,19.569003210620213
11282,11203,37.0,-35.325,173.175,17.822516525990068,17.600516525990066
11283,11204,16.0,-35.325,173.225,17.85795145204611,17.76195145204611
11284,11161,59.0,-35.425,173.275,17.62069521207559,17.26669521207559
11285,11162,205.0,-35.425,173.325,17.647525941916683,16.417525941916683
11286,11163,19.0,-35.425,173.375,17.673504715608942,17.55950471560894
11287,11182,359.0,-35.375,173.275,17.75014860772717,15.59614860772717
11288,11183,401.0,-35.375,173.325,17.78005498519451,15.374054985194512
11289,11184,30.0,-35.375,173.375,17.809559818866546,17.629559818866547
11290,11185,36.0,-35.375,173.425,17.83915986766624,17.62315986766624
11291,11205,54.0,-35.325,173.275,17.89300415368416,17.56900415368416
11292,11206,94.0,-35.325,173.325,17.927958952555855,17.363958952555855
11293,11207,82.0,-35.325,173.375,17.963350076546703,17.471350076546702
11294,11208,106.0,-35.325,173.425,17.999972765706843,17.363972765706844
11295,11164,61.0,-35.425,173.475,17.72438027566932,17.35838027566932
11296,11165,,-35.425,173.525,17.750570501717448,
11297,11166,19.0,-35.425,173.575,17.778740596564603,17.664740596564602
11298,11167,34.0,-35.425,173.625,17.810832982217107,17.606832982217107
11299,11186,45.0,-35.375,173.525,17.901821026292964,17.631821026292965
11300,11187,123.0,-35.375,173.575,17.93737940885694,17.19937940885694
11301,11188,188.0,-35.375,173.625,17.97847346987328,16.85047346987328
11302,11209,115.0,-35.325,173.475,18.038906741661776,17.348906741661775
11303,11210,,-35.325,173.525,18.0816074713166,
11304,11211,10.0,-35.325,173.625,18.187271846187286,18.127271846187288
11305,11168,118.0,-35.425,173.675,17.85006503443583,17.14206503443583
11306,11169,126.0,-35.425,173.725,17.902063386512964,17.146063386512964
11307,11170,157.0,-35.425,173.775,17.977681255315474,17.035681255315474
11308,11189,175.0,-35.375,173.675,18.028629107380766,16.978629107380765
11309,11190,128.0,-35.375,173.725,18.093879221265524,17.325879221265524
11310,11191,247.0,-35.375,173.775,18.185945058745347,16.703945058745347
11311,11212,146.0,-35.325,173.675,18.257511419898947,17.381511419898946
11312,11213,129.0,-35.325,173.725,18.34765729972787,17.57365729972787
11313,11214,248.0,-35.325,173.775,18.468481958936536,16.980481958936537
11314,11171,162.0,-35.425,173.825,18.105266806627696,17.133266806627695
11315,11172,217.0,-35.425,173.875,18.331139934636667,17.029139934636667
11316,11173,134.0,-35.425,173.925,18.59222717931152,17.788227179311523
11317,11174,58.0,-35.425,173.975,18.85348601602709,18.505486016027092
11318,11192,279.0,-35.375,173.825,18.330691816190665,16.656691816190666
11319,11193,192.0,-35.375,173.875,18.54848114043125,17.39648114043125
11320,11194,156.0,-35.375,173.925,18.799799010361312,17.863799010361312
11321,11195,121.0,-35.375,173.975,19.04835091211862,18.322350912118623
11322,11215,202.0,-35.325,173.825,18.63330125099492,17.42130125099492
11323,11216,203.0,-35.325,173.875,18.843047870284863,17.625047870284863
11324,11217,80.0,-35.325,173.925,19.074000766551762,18.594000766551762
11325,11218,73.0,-35.325,173.975,19.297923474938216,18.859923474938217
11326,11175,93.0,-35.425,174.025,19.098350502004905,18.540350502004905
11327,11176,39.0,-35.425,174.075,19.31841452964909,19.084414529649088
11328,11177,146.0,-35.425,174.125,19.50979761756207,18.63379761756207
11329,11196,86.0,-35.375,174.025,19.276658828346626,18.760658828346628
11330,11197,17.0,-35.375,174.075,19.47754933464239,19.37554933464239
11331,11198,21.0,-35.375,174.125,19.648947507930643,19.522947507930642
11332,11219,80.0,-35.325,174.025,19.49860235030792,19.01860235030792
11333,11220,24.0,-35.325,174.075,19.67147612395638,19.527476123956383
11334,11221,18.0,-35.325,174.125,19.816721688661346,19.708721688661345
11335,11178,168.0,-35.425,174.175,19.67092355895511,18.66292355895511
11336,11179,159.0,-35.425,174.225,19.801357109839955,18.847357109839955
11337,11180,302.0,-35.425,174.275,19.90148945717374,18.089489457173737
11338,11181,41.0,-35.425,174.325,19.972846512668184,19.726846512668185
11339,11199,31.0,-35.375,174.175,19.790801632691,19.604801632691
11340,11200,130.0,-35.375,174.225,19.903831638215706,19.123831638215705
11341,11201,182.0,-35.375,174.275,19.989365527962946,18.897365527962947
11342,11202,20.0,-35.375,174.325,20.04975499644206,19.92975499644206
11343,11222,56.0,-35.325,174.175,19.935491848644233,19.599491848644234
11344,11223,30.0,-35.325,174.225,20.029105625026205,19.849105625026205
11345,11224,87.0,-35.325,174.275,20.09924283642613,19.57724283642613
11346,11225,19.0,-35.325,174.325,20.148395394686304,20.034395394686303
11347,11263,93.0,-35.175,173.075,18.171828008465127,17.613828008465127
11348,11226,226.0,-35.275,173.175,17.96609951645587,16.61009951645587
11349,11227,89.0,-35.275,173.225,18.006707206710416,17.472707206710417
11350,11245,26.0,-35.225,173.125,18.071304297000097,17.915304297000098
11351,11246,272.0,-35.225,173.175,18.117218727282307,16.485218727282305
11352,11247,324.0,-35.225,173.225,18.163904809782252,16.219904809782253
11353,11264,19.0,-35.175,173.175,18.273939225020513,18.159939225020512
11354,11265,283.0,-35.175,173.225,18.32724016883003,16.62924016883003
11355,11282,20.0,-35.125,173.175,18.4341340205483,18.3141340205483
11356,11283,8.0,-35.125,173.225,18.494005732542064,18.446005732542066
11357,11021,74.0,-35.225,173.275,18.2115141266695,17.7675141266695
11358,11228,40.0,-35.275,173.275,18.04756008078766,17.807560080787663
11359,11229,79.0,-35.275,173.325,18.089101518051393,17.615101518051393
11360,11230,112.0,-35.275,173.375,18.13215741078966,17.46015741078966
11361,11231,132.0,-35.275,173.425,18.177892894747856,17.385892894747855
11362,11248,64.0,-35.225,173.325,18.260610595818434,17.876610595818434
11363,11249,412.0,-35.225,173.375,18.312373783104704,15.840373783104704
11364,11250,533.0,-35.225,173.425,18.36834490676665,15.170344906766651
11365,11266,278.0,-35.175,173.275,18.382126729524316,16.714126729524317
11366,11267,71.0,-35.175,173.325,18.43912724054644,18.013127240546442
11367,11268,131.0,-35.175,173.375,18.499922463268376,17.713922463268375
11368,11269,209.0,-35.175,173.425,18.56632262027597,17.312322620275967
11369,11284,20.0,-35.125,173.275,18.556191141236923,18.43619114123692
11370,11285,43.0,-35.125,173.325,18.621065461506078,18.36306546150608
11371,11286,92.0,-35.125,173.375,18.69073644202217,18.13873644202217
11372,11287,122.0,-35.125,173.425,18.76703097984864,18.035030979848642
11373,11232,43.0,-35.275,173.475,18.227800300888703,17.969800300888704
11374,11233,49.0,-35.275,173.575,18.34846521593863,18.05446521593863
11375,11234,216.0,-35.275,173.625,18.425269629118702,17.129269629118703
11376,11251,331.0,-35.225,173.475,18.430352419354676,16.444352419354676
11377,11252,39.0,-35.225,173.525,18.500646815178698,18.266646815178696
11378,11253,189.0,-35.225,173.575,18.58208045766696,17.44808045766696
11379,11254,265.0,-35.225,173.625,18.6782813517475,17.0882813517475
11380,11270,288.0,-35.175,173.475,18.640302062663977,16.912302062663976
11381,11271,401.0,-35.175,173.525,18.724192336616397,16.3181923366164
11382,11272,189.0,-35.175,173.575,18.8207901317528,17.6867901317528
11383,11273,125.0,-35.175,173.625,18.933377427478263,18.183377427478263
11384,11288,135.0,-35.125,173.475,18.851885763759128,18.04188576375913
11385,11289,214.0,-35.125,173.525,18.947482866378778,17.66348286637878
11386,11290,314.0,-35.125,173.575,19.056259141039845,17.172259141039845
11387,11291,121.0,-35.125,173.625,19.180789339914554,18.454789339914555
11388,11235,188.0,-35.275,173.675,18.519001444537935,17.391001444537935
11389,11236,56.0,-35.275,173.725,18.636015309171853,18.300015309171854
11390,11237,254.0,-35.275,173.775,18.78356041617917,17.25956041617917
11391,11255,263.0,-35.225,173.675,18.7937261191546,17.2157261191546
11392,11256,284.0,-35.225,173.725,18.93341981111007,17.22941981111007
11393,11257,350.0,-35.225,173.775,19.101500036635116,17.001500036635115
11394,11274,243.0,-35.175,173.675,19.065546670337426,17.607546670337427
11395,11275,122.0,-35.175,173.725,19.22059695538337,18.488596955383372
11396,11276,293.0,-35.175,173.775,19.400147084372293,17.642147084372294
11397,11292,80.0,-35.125,173.675,19.323446901174975,18.843446901174975
11398,11293,150.0,-35.125,173.725,19.485682132253714,18.585682132253716
11399,11294,171.0,-35.125,173.775,19.666719406643097,18.640719406643097
11400,11238,327.0,-35.275,173.825,18.965765784987525,17.003765784987525
11401,11239,200.0,-35.275,173.875,19.17497724182249,17.97497724182249
11402,11240,88.0,-35.275,173.925,19.388822098662786,18.860822098662787
11403,11241,60.0,-35.275,173.975,19.583600735941218,19.22360073594122
11404,11258,295.0,-35.225,173.825,19.297793603811442,17.527793603811443
11405,11259,178.0,-35.225,173.875,19.512093218027076,18.444093218027074
11406,11260,77.0,-35.225,173.925,19.716843087368034,19.254843087368034
11407,11261,41.0,-35.225,173.975,19.878667623754154,19.632667623754156
11408,11277,228.0,-35.175,173.825,19.601668588451503,18.233668588451504
11409,11278,162.0,-35.175,173.875,19.814789671752806,18.842789671752804
11410,11279,88.0,-35.175,173.925,20.012378309676933,19.484378309676934
11411,11280,18.0,-35.175,173.975,20.14452223633816,20.03652223633816
11412,11295,265.0,-35.125,173.825,19.86146463102159,18.27146463102159
11413,11296,200.0,-35.125,173.875,20.057203392168958,18.85720339216896
11414,11297,100.0,-35.125,173.925,20.22927947280914,19.629279472809138
11415,11298,40.0,-35.125,173.975,20.354658020945863,20.114658020945864
11416,11242,81.0,-35.275,174.025,19.749130398777197,19.263130398777196
11417,11262,19.0,-35.225,174.025,20.005681972645107,19.891681972645106
11418,11281,46.0,-35.175,174.075,20.32110609775191,20.04510609775191
11419,11299,40.0,-35.125,174.025,20.44265173941494,20.202651739414943
11420,11300,71.0,-35.125,174.075,20.50818237034946,20.08218237034946
11421,11243,53.0,-35.275,174.225,20.17099366972434,19.852993669724338
11422,11244,77.0,-35.275,174.275,20.22529300530732,19.76329300530732
11423,11301,10.0,-35.075,173.225,18.661753646500074,18.601753646500075
11424,11315,22.0,-35.025,173.175,18.757862518830734,18.625862518830733
11425,11316,13.0,-35.025,173.225,18.829206033467926,18.751206033467927
11426,11329,40.0,-34.975,173.175,18.918893662688788,18.67889366268879
11427,11302,35.0,-35.075,173.275,18.730642636450284,18.520642636450283
11428,11303,87.0,-35.075,173.325,18.803295490277378,18.28129549027738
11429,11304,79.0,-35.075,173.375,18.88129631879019,18.40729631879019
11430,11305,40.0,-35.075,173.425,18.96640390212815,18.72640390212815
11431,11317,2.0,-35.025,173.275,18.90422380282689,18.89222380282689
11432,11318,19.0,-35.025,173.325,18.983720636537328,18.869720636537327
11433,11319,60.0,-35.025,173.375,19.06894532343722,18.70894532343722
11434,11320,20.0,-35.025,173.425,19.161366647625982,19.04136664762598
11435,11330,6.0,-34.975,173.375,19.25177955248364,19.21577955248364
11436,11306,41.0,-35.075,173.475,19.06041168667616,18.814411686676163
11437,11307,100.0,-35.075,173.525,19.16519125641753,18.565191256417528
11438,11308,190.0,-35.075,173.575,19.28263094109934,18.14263094109934
11439,11309,102.0,-35.075,173.625,19.414431030087144,18.802431030087146
11440,11321,107.0,-35.025,173.525,19.37377026019567,18.73177026019567
11441,11322,114.0,-35.025,173.575,19.4964769625567,18.812476962556698
11442,11323,86.0,-35.025,173.625,19.631452806359448,19.11545280635945
11443,11331,48.0,-34.975,173.575,19.696320225119052,19.408320225119052
11444,11332,217.0,-34.975,173.625,19.831312523103406,18.529312523103407
11445,11310,70.0,-35.075,173.675,19.561688131347182,19.14168813134718
11446,11311,20.0,-35.075,173.775,19.899216091818744,19.779216091818743
11447,11324,144.0,-35.025,173.675,19.77870205468571,18.91470205468571
11448,11325,236.0,-35.025,173.725,19.93678384101804,18.52078384101804
11449,11326,10.0,-35.025,173.775,20.102030306217785,20.042030306217786
11450,11333,144.0,-34.975,173.675,19.975443608445858,19.111443608445857
11451,11312,257.0,-35.075,173.825,20.080181080336843,18.53818108033684
11452,11313,160.0,-35.075,173.875,20.254971997441316,19.294971997441316
11453,11314,133.0,-35.075,173.925,20.407099617106724,19.609099617106722
11454,11327,140.0,-35.025,173.825,20.26778920984725,19.42778920984725
11455,11328,23.0,-35.025,173.875,20.424350465449606,20.286350465449605
11456,11337,16.0,-34.875,173.075,19.077283897298912,18.981283897298912
11457,11342,6.0,-34.825,173.025,19.147988614811766,19.111988614811764
11458,11343,40.0,-34.825,173.075,19.22444104276201,18.98444104276201
11459,11345,58.0,-34.775,173.025,19.28996983471916,18.94196983471916
11460,11346,22.0,-34.775,173.075,19.368746775483487,19.236746775483486
11461,11334,40.0,-34.925,173.125,19.001215067770318,18.76121506777032
11462,11335,20.0,-34.925,173.175,19.077985508514757,18.957985508514756
11463,11336,9.0,-34.925,173.225,19.158514022867166,19.104514022867168
11464,11338,40.0,-34.875,173.125,19.15405804623606,18.91405804623606
11465,11339,10.0,-34.875,173.175,19.234272755973507,19.174272755973508
11466,11344,17.0,-34.825,173.125,19.30403407465019,19.20203407465019
11467,11347,7.0,-34.775,173.125,19.450621821881214,19.408621821881212
11468,11340,10.0,-34.875,173.325,19.499734531287686,19.439734531287687
11469,11341,9.0,-34.875,173.375,19.598212089425942,19.544212089425944
11470,11354,50.0,-34.625,172.875,19.46363963216936,19.16363963216936
11471,11357,80.0,-34.575,172.825,19.515462414307876,19.035462414307876
11472,11358,59.0,-34.575,172.875,19.590170574250806,19.236170574250806
11473,11348,78.0,-34.725,172.975,19.35132225491725,18.88332225491725
11474,11349,58.0,-34.725,173.025,19.429161967503205,19.081161967503206
11475,11350,20.0,-34.725,173.075,19.50980369529043,19.38980369529043
11476,11351,121.0,-34.675,172.925,19.409056932188832,18.683056932188833
11477,11352,51.0,-34.675,172.975,19.485886421120085,19.179886421120084
11478,11353,13.0,-34.675,173.025,19.565259190707366,19.487259190707366
11479,11355,59.0,-34.625,172.925,19.53941804002352,19.18541804002352
11480,11356,13.0,-34.625,172.975,19.617513651520312,19.539513651520313
11481,11361,22.0,-34.475,172.675,19.541279877026682,19.40927987702668
11482,11362,33.0,-34.475,172.725,19.61211094518967,19.41411094518967
11483,11359,35.0,-34.525,172.775,19.56485802444513,19.35485802444513
11484,11360,44.0,-34.525,172.825,19.63849149339694,19.374491493396942
11485,11363,124.0,-34.475,172.775,19.684675274593246,18.940675274593247
11486,11364,50.0,-34.475,172.825,19.759033516880663,19.459033516880663
11487,11365,67.0,-34.475,172.875,19.835241978443264,19.433241978443263
11488,11368,142.0,-34.425,172.875,19.953624164440953,19.101624164440953
11489,11366,,-34.475,172.925,19.913350046028427,
11490,11367,100.0,-34.475,172.975,19.993396936895806,19.393396936895805
