Unnamed: 0,OID_,Elevation,Latitude,Longitude,Interpolated_Tmean(C),Adjusted_Tmean(C)
0,148,72.0,-47.275,167.475,10.012,9.58
1,153,244.0,-47.275,167.525,10.012,8.548
2,156,49.0,-47.225,167.475,10.012,9.718
3,165,326.0,-47.225,167.525,10.012,8.056000000000001
4,174,36.0,-47.225,167.575,10.012,9.796000000000001
5,183,127.0,-47.175,167.575,10.012,9.25
6,272,179.0,-47.175,167.625,10.012,8.938
7,278,24.0,-47.175,167.675,10.012,9.868
8,285,104.0,-47.175,167.725,10.012,9.388
9,403,141.0,-47.125,167.625,10.012,9.166
10,405,259.0,-47.125,167.675,10.012,8.458
11,413,184.0,-47.125,167.725,10.012,8.908000000000001
12,293,124.0,-47.175,167.775,10.012,9.268
13,301,165.0,-47.175,167.825,10.012,9.022
14,309,0.0,-47.175,167.875,10.012,10.012
15,415,252.0,-47.125,167.775,10.012,8.5
16,418,256.0,-47.125,167.825,10.012,8.476
17,422,293.0,-47.125,167.875,10.012,8.254000000000001
18,425,75.0,-47.125,167.925,10.012,9.562000000000001
19,430,119.0,-47.125,167.975,10.012,9.298
20,436,61.0,-47.125,168.025,10.012,9.646
21,449,204.0,-47.075,167.625,10.012,8.788
22,456,363.0,-47.075,167.675,10.012,7.8340000000000005
23,549,158.0,-47.075,167.725,10.012,9.064
24,667,380.0,-47.025,167.725,10.012,7.732000000000001
25,906,112.0,-46.975,167.725,10.012,9.34
26,556,176.0,-47.075,167.775,10.012,8.956
27,562,506.0,-47.075,167.825,10.012,6.976000000000001
28,568,258.0,-47.075,167.875,10.012,8.464
29,672,192.0,-47.025,167.775,10.012,8.860000000000001
30,677,419.0,-47.025,167.825,10.012,7.498
31,682,402.0,-47.025,167.875,10.012,7.600000000000001
32,944,100.0,-46.975,167.775,10.012,9.412
33,945,218.0,-46.975,167.825,10.012,8.704
34,946,59.0,-46.975,167.875,10.012,9.658000000000001
35,950,15.0,-46.925,167.775,10.012,9.922
36,951,60.0,-46.925,167.825,10.012,9.652000000000001
37,952,262.0,-46.925,167.875,10.012,8.440000000000001
38,574,183.0,-47.075,167.925,10.012,8.914
39,580,36.0,-47.075,167.975,10.012,9.796000000000001
40,652,61.0,-47.075,168.025,10.012,9.646
41,656,65.0,-47.075,168.075,10.012,9.622
42,687,299.0,-47.025,167.925,10.012,8.218
43,692,278.0,-47.025,167.975,10.012,8.344000000000001
44,697,165.0,-47.025,168.025,10.012,9.022
45,702,107.0,-47.025,168.075,10.012,9.370000000000001
46,947,462.0,-46.975,167.975,10.012,7.24
47,948,252.0,-46.975,168.025,10.012,8.5
48,949,156.0,-46.975,168.075,10.012,9.076
49,953,274.0,-46.925,167.925,10.012,8.368
50,954,34.0,-46.925,167.975,10.012,9.808
51,662,63.0,-47.075,168.125,10.111733342462685,9.733733342462685
52,767,140.0,-47.025,168.125,10.084283114410937,9.244283114410937
53,858,121.0,-47.025,168.175,10.348081487434683,9.622081487434684
54,968,161.0,-46.775,167.625,10.019059335696511,9.053059335696512
55,969,177.0,-46.775,167.725,10.012,8.950000000000001
56,955,228.0,-46.875,167.775,10.012,8.644
57,956,54.0,-46.875,167.825,10.012,9.688
58,957,20.0,-46.875,167.875,10.012,9.892000000000001
59,962,70.0,-46.825,167.775,10.012,9.592
60,963,19.0,-46.825,167.825,10.012,9.898
61,964,16.0,-46.825,167.875,10.012,9.916
62,970,38.0,-46.775,167.775,10.012,9.784
63,971,39.0,-46.775,167.825,10.012,9.778
64,972,96.0,-46.775,167.875,10.012,9.436
65,958,20.0,-46.875,167.925,10.012,9.892000000000001
66,959,304.0,-46.875,167.975,10.012,8.188
67,960,121.0,-46.875,168.025,10.012,9.286000000000001
68,961,112.0,-46.875,168.075,10.012,9.34
69,965,26.0,-46.825,167.925,10.012,9.856
70,966,263.0,-46.825,167.975,10.012,8.434000000000001
71,967,230.0,-46.825,168.025,10.012,8.632000000000001
72,973,238.0,-46.775,167.925,10.012,8.584
73,974,164.0,-46.775,167.975,10.012,9.028
74,975,72.0,-46.725,167.725,10.012,9.58
75,976,218.0,-46.725,167.775,10.012,8.704
76,977,149.0,-46.725,167.825,10.012,9.118
77,978,403.0,-46.725,167.875,10.012,7.594
78,979,444.0,-46.725,167.925,10.012,7.348000000000001
79,989,8.0,-46.575,168.525,13.055583854147699,13.007583854147699
80,990,7.0,-46.575,168.575,13.180107434542151,13.138107434542151
81,991,1.0,-46.575,168.625,13.270588691608282,13.264588691608282
82,992,0.0,-46.575,168.675,13.327171078446554,13.327171078446554
83,993,8.0,-46.575,168.775,13.34488502383465,13.29688502383465
84,980,20.0,-46.625,168.875,13.28021639570943,13.160216395709432
85,981,122.0,-46.625,168.925,13.206214089499554,12.474214089499554
86,982,94.0,-46.625,168.975,13.120605536882067,12.556605536882067
87,994,19.0,-46.575,168.825,13.311480538191972,13.197480538191972
88,995,39.0,-46.575,168.875,13.2545281315397,13.0205281315397
89,996,51.0,-46.575,168.925,13.177962279820349,12.87196227982035
90,997,194.0,-46.575,168.975,13.086014267493738,11.922014267493738
91,983,20.0,-46.625,169.025,13.027561506663915,12.907561506663916
92,984,141.0,-46.625,169.075,12.931807688204572,12.085807688204572
93,985,61.0,-46.625,169.125,12.838736496545607,12.472736496545608
94,998,276.0,-46.575,169.025,12.98324568651151,11.327245686511509
95,999,243.0,-46.575,169.075,12.87464679669938,11.41664679669938
96,1000,71.0,-46.575,169.125,12.765792218589922,12.339792218589922
97,29,116.0,-46.575,169.175,12.663054571225075,11.967054571225075
98,32,222.0,-46.575,169.225,12.573889712512027,11.241889712512027
99,35,45.0,-46.575,169.275,12.507236139063025,12.237236139063025
100,38,167.0,-46.575,169.325,12.474149384710472,11.472149384710471
101,986,25.0,-46.625,169.175,12.754578833992127,12.604578833992127
102,987,106.0,-46.625,169.225,12.68665416559088,12.050654165590881
103,988,60.0,-46.625,169.325,12.636817067977972,12.276817067977973
104,41,158.0,-46.575,169.375,12.489060882129706,11.541060882129706
105,43,20.0,-46.575,169.425,12.57351267154445,12.45351267154445
106,46,0.0,-46.575,169.475,12.774934843997471,12.774934843997471
107,48,16.0,-46.525,168.275,10.780905964871636,10.684905964871636
108,51,5.0,-46.525,168.325,11.235014129284536,11.205014129284537
109,54,11.0,-46.525,168.375,11.75107756323996,11.68507756323996
110,57,10.0,-46.525,168.425,12.19204563801759,12.132045638017589
111,564,13.0,-46.475,168.275,10.298324121453334,10.220324121453334
112,570,1.0,-46.475,168.375,11.112537772220094,11.106537772220094
113,576,11.0,-46.475,168.425,11.67867226927774,11.61267226927774
114,793,10.0,-46.425,168.275,10.036053324933164,9.976053324933163
115,795,0.0,-46.425,168.325,10.184736110531958,10.184736110531958
116,797,20.0,-46.425,168.375,10.726975200785091,10.606975200785092
117,799,27.0,-46.425,168.425,11.37615940667456,11.21415940667456
118,60,12.0,-46.525,168.475,12.533287292229943,12.461287292229944
119,152,13.0,-46.525,168.525,12.800271361600608,12.722271361600608
120,157,10.0,-46.525,168.575,13.00461818947224,12.944618189472239
121,582,10.0,-46.475,168.475,12.167231904517394,12.107231904517393
122,650,21.0,-46.475,168.525,12.551846841495717,12.425846841495717
123,657,20.0,-46.475,168.575,12.84105393322534,12.72105393322534
124,801,30.0,-46.425,168.475,11.948074835439911,11.768074835439911
125,803,32.0,-46.425,168.525,12.404345371585805,12.212345371585805
126,805,40.0,-46.425,168.575,12.748669288674137,12.508669288674136
127,166,20.0,-46.525,168.625,13.152552813116927,13.032552813116927
128,175,10.0,-46.525,168.675,13.24953875358915,13.189538753589149
129,184,10.0,-46.525,168.725,13.301085339131532,13.241085339131532
130,267,22.0,-46.525,168.775,13.312702181225177,13.180702181225177
131,665,30.0,-46.475,168.625,13.04830436129123,12.86830436129123
132,670,25.0,-46.475,168.675,13.18607148330193,13.03607148330193
133,675,10.0,-46.475,168.725,13.265113306319108,13.205113306319108
134,680,41.0,-46.475,168.775,13.294621517532505,13.048621517532505
135,807,39.0,-46.425,168.625,12.995911166624865,12.761911166624865
136,809,48.0,-46.425,168.675,13.161758968228241,12.873758968228241
137,811,43.0,-46.425,168.725,13.259983772557462,13.001983772557463
138,813,13.0,-46.425,168.775,13.302101217588643,13.224101217588643
139,271,25.0,-46.525,168.825,13.289775098994141,13.139775098994141
140,276,43.0,-46.525,168.875,13.237512453837553,12.979512453837554
141,282,101.0,-46.525,168.925,13.16096909288899,12.55496909288899
142,290,197.0,-46.525,168.975,13.065132577437907,11.883132577437907
143,685,61.0,-46.475,168.825,13.282505022652913,12.916505022652913
144,690,60.0,-46.475,168.875,13.23567576057394,12.875675760573941
145,695,171.0,-46.475,168.925,13.160317059489898,12.134317059489899
146,700,258.0,-46.475,168.975,13.062140500551322,11.514140500551322
147,815,79.0,-46.425,168.825,13.297678850212833,12.823678850212833
148,817,99.0,-46.425,168.875,13.254758490627864,12.660758490627865
149,820,122.0,-46.425,168.925,13.180254680628423,12.448254680628423
150,822,367.0,-46.425,168.975,13.080311740748584,10.878311740748584
151,298,89.0,-46.525,169.025,12.955060220469022,12.421060220469021
152,306,82.0,-46.525,169.075,12.836062730028061,12.344062730028062
153,416,59.0,-46.525,169.125,12.713936671760166,12.359936671760167
154,769,441.0,-46.475,169.025,12.946645290561719,10.300645290561718
155,770,336.0,-46.475,169.075,12.819397052720888,10.803397052720888
156,771,310.0,-46.475,169.125,12.686344109039055,10.826344109039056
157,859,88.0,-46.425,169.025,12.960638273973018,12.432638273973017
158,860,116.0,-46.425,169.075,12.826846865384141,12.130846865384141
159,862,116.0,-46.425,169.125,12.684825820469996,11.988825820469996
160,419,100.0,-46.525,169.175,12.595255238760728,11.995255238760729
161,421,237.0,-46.525,169.225,12.487741282471688,11.065741282471688
162,424,404.0,-46.525,169.275,12.400784121098695,9.976784121098696
163,427,301.0,-46.525,169.325,12.346269404166378,10.540269404166379
164,772,284.0,-46.475,169.175,12.554191685805563,10.850191685805562
165,773,237.0,-46.475,169.225,12.430863562651211,11.00886356265121
166,774,123.0,-46.475,169.275,12.326105931249913,11.588105931249913
167,776,504.0,-46.475,169.325,12.252331863710424,9.228331863710423
168,863,432.0,-46.425,169.175,12.541164090915117,9.949164090915117
169,865,253.0,-46.425,169.225,12.403641373297432,10.885641373297432
170,867,408.0,-46.425,169.275,12.281777800497366,9.833777800497366
171,869,458.0,-46.425,169.325,12.187374394445214,9.439374394445215
172,435,73.0,-46.525,169.375,12.34023464168422,11.902234641684219
173,440,20.0,-46.525,169.425,12.40669947542483,12.28669947542483
174,443,20.0,-46.525,169.475,12.576304976653773,12.456304976653774
175,778,316.0,-46.475,169.375,12.22574703983264,10.32974703983264
176,780,317.0,-46.475,169.425,12.266685899114236,10.364685899114237
177,782,286.0,-46.475,169.475,12.393865466685384,10.677865466685384
178,871,425.0,-46.425,169.375,12.13471977750305,9.58471977750305
179,873,375.0,-46.425,169.425,12.139445137334405,9.889445137334405
180,875,342.0,-46.425,169.475,12.214715867216,10.162715867216
181,450,131.0,-46.525,169.525,12.849079247724148,12.063079247724149
182,457,60.0,-46.525,169.575,13.203590696357423,12.843590696357424
183,546,202.0,-46.525,169.625,13.62459141438012,12.41259141438012
184,552,99.0,-46.525,169.675,14.096046114340425,13.502046114340425
185,784,324.0,-46.475,169.525,12.612205908153555,10.668205908153556
186,785,58.0,-46.475,169.575,12.915081469560391,12.56708146956039
187,787,13.0,-46.475,169.625,13.295178322616266,13.217178322616267
188,789,20.0,-46.475,169.675,13.744546418005484,13.624546418005485
189,877,382.0,-46.425,169.525,12.366990684487973,10.074990684487974
190,879,59.0,-46.425,169.575,12.597154850358493,12.243154850358493
191,881,20.0,-46.425,169.625,12.905462147842627,12.785462147842628
192,883,63.0,-46.425,169.675,13.292893610079773,12.914893610079773
193,791,8.0,-46.475,169.725,14.245175031275721,14.197175031275721
194,938,107.0,-46.425,169.725,13.75308580044657,13.11108580044657
195,939,85.0,-46.425,169.775,14.247682113942574,13.737682113942574
196,21,24.0,-46.225,166.975,10.78748639850528,10.64348639850528
197,22,20.0,-46.225,167.025,10.791722462599864,10.671722462599865
198,23,95.0,-46.225,167.075,10.787664772942662,10.217664772942662
199,24,96.0,-46.225,167.125,10.775327112351079,10.199327112351078
200,26,140.0,-46.225,167.175,10.754912048549158,9.914912048549159
201,27,73.0,-46.225,167.225,10.726851360173896,10.288851360173895
202,31,78.0,-46.225,167.275,10.69184520712588,10.22384520712588
203,34,239.0,-46.225,167.325,10.650898166088155,9.216898166088155
204,37,49.0,-46.225,167.675,10.357681120251073,10.063681120251072
205,42,169.0,-46.225,167.725,10.348743230046239,9.33474323004624
206,572,37.0,-46.325,167.725,10.193706050689798,9.971706050689798
207,625,0.0,-46.275,167.725,10.269713979156222,10.269713979156222
208,47,99.0,-46.225,167.775,10.358716522605391,9.764716522605392
209,50,513.0,-46.225,167.825,10.391376569576096,7.313376569576096
210,53,419.0,-46.225,167.875,10.450258698809193,7.936258698809193
211,578,20.0,-46.325,167.775,10.173101781110745,10.053101781110746
212,584,23.0,-46.325,167.825,10.165785234043142,10.027785234043142
213,585,205.0,-46.325,167.875,10.173621643858496,8.943621643858496
214,626,96.0,-46.275,167.775,10.26424299358041,9.68824299358041
215,627,583.0,-46.275,167.825,10.276456703664735,6.778456703664736
216,628,180.0,-46.275,167.875,10.308916555193719,9.228916555193718
217,940,42.0,-46.375,167.775,10.090886979014613,9.838886979014612
218,941,36.0,-46.375,167.875,10.054580960946623,9.838580960946624
219,56,60.0,-46.225,167.925,10.538517882232554,10.178517882232555
220,59,95.0,-46.225,167.975,10.658865318109747,10.088865318109747
221,62,59.0,-46.225,168.025,10.813636457110988,10.459636457110989
222,63,39.0,-46.225,168.075,11.005019130563596,10.771019130563596
223,586,39.0,-46.325,167.925,10.197538108477602,9.963538108477602
224,587,23.0,-46.325,167.975,10.237207242200384,10.099207242200384
225,588,9.0,-46.325,168.025,10.29085269686766,10.23685269686766
226,589,11.0,-46.325,168.075,10.355355364852585,10.289355364852584
227,629,80.0,-46.275,167.925,10.363521188963205,9.883521188963204
228,630,22.0,-46.275,167.975,10.441342220001388,10.309342220001389
229,631,40.0,-46.275,168.025,10.54261015020893,10.30261015020893
230,632,20.0,-46.275,168.075,10.666972635750426,10.546972635750427
231,942,0.0,-46.375,167.975,10.066376427799696,10.066376427799696
232,64,47.0,-46.225,168.125,11.23533393733669,10.95333393733669
233,65,39.0,-46.225,168.175,11.506784566649003,11.272784566649003
234,66,47.0,-46.225,168.225,11.81872207520064,11.53672207520064
235,129,3.0,-46.375,168.225,10.163868508243468,10.145868508243467
236,590,9.0,-46.325,168.125,10.42706252541393,10.37306252541393
237,591,11.0,-46.325,168.175,10.504245204938343,10.438245204938342
238,592,15.0,-46.325,168.225,10.593333074211841,10.503333074211842
239,633,40.0,-46.275,168.125,10.81418682259391,10.57418682259391
240,634,23.0,-46.275,168.175,10.985366714652628,10.847366714652628
241,635,30.0,-46.275,168.225,11.184470056119608,11.004470056119608
242,943,2.0,-46.375,168.175,10.151395349705126,10.139395349705126
243,67,34.0,-46.225,168.275,12.157560908788582,11.953560908788582
244,68,39.0,-46.225,168.325,12.477648538188078,12.243648538188078
245,69,40.0,-46.225,168.375,12.728780202916823,12.488780202916823
246,70,95.0,-46.225,168.425,12.933815567026613,12.363815567026613
247,130,4.0,-46.375,168.275,10.202169535827124,10.178169535827125
248,131,10.0,-46.375,168.325,10.375273636775091,10.31527363677509
249,132,11.0,-46.375,168.375,10.831290265370626,10.765290265370625
250,133,21.0,-46.375,168.425,11.418266568158288,11.292266568158288
251,593,10.0,-46.325,168.275,10.72205113930977,10.662051139309769
252,594,9.0,-46.325,168.325,10.950503780564759,10.896503780564759
253,595,20.0,-46.325,168.375,11.321096950705396,11.201096950705397
254,596,20.0,-46.325,168.425,11.775206346763298,11.655206346763299
255,636,13.0,-46.275,168.275,11.418203812820138,11.340203812820139
256,637,26.0,-46.275,168.325,11.69110498795635,11.53510498795635
257,638,27.0,-46.275,168.375,11.998307516536443,11.836307516536442
258,639,23.0,-46.275,168.425,12.322678689350141,12.184678689350141
259,71,37.0,-46.225,168.475,13.122856827016221,12.900856827016222
260,72,37.0,-46.225,168.525,13.29599774433882,13.07399774433882
261,73,69.0,-46.225,168.575,13.443422907061176,13.029422907061177
262,134,24.0,-46.375,168.475,11.96658552030567,11.82258552030567
263,135,31.0,-46.375,168.525,12.419456532486947,12.233456532486947
264,136,41.0,-46.375,168.575,12.768529596331064,12.522529596331063
265,597,39.0,-46.325,168.475,12.220317434170283,11.986317434170283
266,598,44.0,-46.325,168.525,12.604079630691558,12.340079630691559
267,599,53.0,-46.325,168.575,12.909199329238618,12.591199329238618
268,640,41.0,-46.275,168.475,12.637505812657764,12.391505812657764
269,641,58.0,-46.275,168.525,12.917725270410301,12.5697252704103
270,642,83.0,-46.275,168.575,13.148050353047438,12.650050353047439
271,74,92.0,-46.225,168.625,13.55698543379549,13.00498543379549
272,75,102.0,-46.225,168.675,13.632699430570938,13.020699430570938
273,76,120.0,-46.225,168.725,13.6700822385028,12.9500822385028
274,77,122.0,-46.225,168.775,13.670930420281366,12.938930420281366
275,137,56.0,-46.375,168.625,13.022552196576726,12.686552196576725
276,138,60.0,-46.375,168.675,13.194673348974902,12.834673348974903
277,151,39.0,-46.375,168.725,13.297819981293287,13.063819981293287
278,154,21.0,-46.375,168.775,13.34335027859197,13.21735027859197
279,600,60.0,-46.325,168.625,13.135734144540038,12.775734144540039
280,601,67.0,-46.325,168.675,13.29063955147285,12.888639551472851
281,602,66.0,-46.325,168.725,13.38286633437383,12.986866334373829
282,603,33.0,-46.325,168.775,13.421315355226398,13.223315355226397
283,643,60.0,-46.275,168.625,13.32275104164728,12.96275104164728
284,644,61.0,-46.275,168.675,13.442359277309151,13.076359277309152
285,645,80.0,-46.275,168.725,13.510721240425482,13.030721240425482
286,646,54.0,-46.275,168.775,13.533103301160736,13.209103301160736
287,1,205.0,-46.275,168.975,13.271877608291106,12.041877608291106
288,78,41.0,-46.225,168.825,13.638297908735694,13.392297908735694
289,79,208.0,-46.225,168.875,13.575790130300447,12.327790130300448
290,80,302.0,-46.225,168.925,13.487110799178481,11.675110799178482
291,81,179.0,-46.225,168.975,13.37578143097926,12.30178143097926
292,162,68.0,-46.375,168.825,13.340901989431586,12.932901989431587
293,171,101.0,-46.375,168.875,13.298618177388562,12.692618177388562
294,180,63.0,-46.375,168.925,13.223461293790024,12.845461293790024
295,274,101.0,-46.375,168.975,13.121531942277215,12.515531942277216
296,604,22.0,-46.325,168.825,13.414106792974053,13.282106792974053
297,605,41.0,-46.325,168.875,13.368412316136528,13.122412316136527
298,606,60.0,-46.325,168.925,13.29051449187682,12.93051449187682
299,607,106.0,-46.325,168.975,13.185958361107623,12.549958361107624
300,647,35.0,-46.275,168.825,13.515140846255235,13.305140846255235
301,648,84.0,-46.275,168.875,13.462309209920932,12.958309209920932
302,649,219.0,-46.275,168.925,13.37968646781519,12.06568646781519
303,2,258.0,-46.275,169.025,13.14304189858376,11.59504189858376
304,3,230.0,-46.275,169.075,12.99701359984465,11.61701359984465
305,4,285.0,-46.275,169.125,12.837534800826688,11.127534800826687
306,82,409.0,-46.225,169.025,13.244982379605062,10.790982379605062
307,83,284.0,-46.225,169.075,13.097505333847948,11.393505333847948
308,84,225.0,-46.225,169.125,12.935852607828565,11.585852607828565
309,280,128.0,-46.375,169.025,12.998385485901963,12.230385485901962
310,288,307.0,-46.375,169.075,12.859366302756825,11.017366302756825
311,296,120.0,-46.375,169.125,12.709983630338684,11.989983630338683
312,608,399.0,-46.325,169.025,13.059754121641163,10.665754121641163
313,609,474.0,-46.325,169.075,12.916633154265583,10.072633154265583
314,610,625.0,-46.325,169.125,12.761374412104487,9.011374412104487
315,5,382.0,-46.275,169.175,12.668619142641546,10.376619142641546
316,6,232.0,-46.275,169.225,12.495013884967193,11.103013884967194
317,7,258.0,-46.275,169.275,12.322614995166077,10.774614995166077
318,8,345.0,-46.275,169.325,12.15857342464733,10.088573424647329
319,85,377.0,-46.225,169.175,12.76255121640861,10.50055121640861
320,86,200.0,-46.225,169.225,12.580715703879832,11.380715703879833
321,87,222.0,-46.225,169.275,12.394720362746739,11.062720362746738
322,88,256.0,-46.225,169.325,12.210584482527338,10.674584482527338
323,304,211.0,-46.375,169.175,12.556340937037021,11.290340937037021
324,409,378.0,-46.375,169.225,12.405600589729147,10.137600589729146
325,428,488.0,-46.375,169.275,12.26641086715972,9.33841086715972
326,441,263.0,-46.375,169.325,12.149127253665938,10.571127253665939
327,611,293.0,-46.325,169.175,12.59920650802087,10.841206508020871
328,612,212.0,-46.325,169.225,12.436245695775142,11.164245695775142
329,613,243.0,-46.325,169.275,12.279850700331735,10.821850700331735
330,614,419.0,-46.325,169.325,12.138686714199139,9.62468671419914
331,9,318.0,-46.275,169.375,12.010847452183953,10.102847452183953
332,10,292.0,-46.275,169.425,11.8871996870148,10.135199687014799
333,11,507.0,-46.275,169.475,11.79401183090522,8.75201183090522
334,89,296.0,-46.225,169.375,12.03564719602582,10.25964719602582
335,90,118.0,-46.225,169.425,11.877541370980907,11.169541370980907
336,91,97.0,-46.225,169.475,11.743026028212626,11.161026028212625
337,444,218.0,-46.375,169.375,12.065504243655596,10.757504243655596
338,451,662.0,-46.375,169.425,12.027420715050539,8.05542071505054
339,458,112.0,-46.375,169.475,12.044665042543784,11.372665042543783
340,615,339.0,-46.325,169.375,12.022255349409534,9.988255349409535
341,616,406.0,-46.325,169.425,11.939776320752571,9.503776320752571
342,617,402.0,-46.325,169.475,11.898724378101178,9.48672437810118
343,12,328.0,-46.275,169.525,11.73554717603838,9.76754717603838
344,13,115.0,-46.275,169.575,11.71425665928109,11.024256659281091
345,14,40.0,-46.275,169.625,11.732643434632337,11.492643434632337
346,15,36.0,-46.275,169.675,11.798149191978155,11.582149191978155
347,92,60.0,-46.225,169.525,11.63740992359817,11.27740992359817
348,93,60.0,-46.225,169.575,11.56517370659276,11.20517370659276
349,94,61.0,-46.225,169.625,11.532537228340516,11.166537228340516
350,95,83.0,-46.225,169.675,11.554123385576531,11.056123385576532
351,544,295.0,-46.375,169.525,12.123254239239031,10.353254239239032
352,547,452.0,-46.375,169.575,12.266334106680006,9.554334106680006
353,550,200.0,-46.375,169.625,12.477523415742326,11.277523415742326
354,553,100.0,-46.375,169.675,12.76427337914356,12.16427337914356
355,618,304.0,-46.325,169.525,11.903887870837934,10.079887870837934
356,619,124.0,-46.325,169.575,11.957900692723342,11.213900692723342
357,620,195.0,-46.325,169.625,12.063720682694111,10.893720682694111
358,621,40.0,-46.325,169.675,12.230144376997487,11.990144376997486
359,16,36.0,-46.275,169.725,11.93953857269662,11.72353857269662
360,17,7.0,-46.275,169.775,12.275186327984557,12.233186327984557
361,18,10.0,-46.275,169.825,12.698239600576926,12.638239600576926
362,96,18.0,-46.225,169.725,11.66990399241331,11.56190399241331
363,97,81.0,-46.225,169.775,11.939300045953132,11.453300045953132
364,98,1.0,-46.225,169.825,12.305405761682778,12.299405761682777
365,560,146.0,-46.375,169.725,13.134529484348604,12.258529484348605
366,566,20.0,-46.375,169.775,13.566105729187257,13.446105729187257
367,622,19.0,-46.325,169.725,12.484548372216523,12.370548372216522
368,623,12.0,-46.325,169.775,12.859749877330614,12.787749877330615
369,624,5.0,-46.325,169.825,13.276487628696486,13.246487628696487
370,19,74.0,-46.275,169.875,13.08187820726016,12.63787820726016
371,20,44.0,-46.275,169.925,13.390627557135304,13.126627557135304
372,99,99.0,-46.225,169.875,12.66833565349225,12.07433565349225
373,100,111.0,-46.225,169.925,12.980214184193756,12.314214184193755
374,101,68.0,-46.225,169.975,13.22588507772889,12.81788507772889
375,102,17.0,-46.225,170.025,13.406497372110607,13.304497372110607
376,314,198.0,-46.075,166.575,10.648747340077534,9.460747340077534
377,384,239.0,-46.025,166.625,10.765837882558117,9.331837882558117
378,710,82.0,-46.125,166.625,10.661921337217791,10.169921337217792
379,103,44.0,-46.175,166.675,10.662032383814221,10.398032383814222
380,104,298.0,-46.175,166.725,10.712258574116277,8.924258574116276
381,105,209.0,-46.175,166.775,10.755995871906634,9.501995871906635
382,106,406.0,-46.175,166.825,10.79276806715643,8.35676806715643
383,315,504.0,-46.075,166.775,10.880477885250002,7.856477885250002
384,316,600.0,-46.075,166.825,10.921972183859907,7.3219721838599074
385,385,500.0,-46.025,166.675,10.82992254346027,7.82992254346027
386,386,11.0,-46.025,166.775,10.939785240130732,10.873785240130731
387,387,312.0,-46.025,166.825,10.98433643867611,9.11233643867611
388,711,298.0,-46.125,166.725,10.773044164088788,8.985044164088787
389,712,502.0,-46.125,166.775,10.819031060585985,7.807031060585985
390,713,236.0,-46.125,166.825,10.857932507235091,9.44193250723509
391,107,251.0,-46.175,166.875,10.822103457147023,9.316103457147022
392,108,280.0,-46.175,166.925,10.843554168881383,9.163554168881383
393,109,439.0,-46.175,166.975,10.856722000724403,8.222722000724403
394,317,554.0,-46.075,166.875,10.955715275165858,7.631715275165858
395,318,854.0,-46.075,166.925,10.981099829165032,5.8570998291650325
396,319,183.0,-46.075,166.975,10.99754697282333,9.899546972823329
397,388,696.0,-46.025,166.875,11.02108032029355,6.845080320293549
398,389,939.0,-46.025,166.925,11.049320788413752,5.4153207884137515
399,390,578.0,-46.025,166.975,11.068368655804079,7.600368655804079
400,714,546.0,-46.125,166.875,10.88921062866575,7.613210628665751
401,715,587.0,-46.125,166.925,10.91234151495155,7.390341514951549
402,716,57.0,-46.125,166.975,10.926843531633494,10.584843531633494
403,110,418.0,-46.175,167.025,10.86129147259635,8.35329147259635
404,111,175.0,-46.175,167.075,10.857070192229003,9.807070192229002
405,112,227.0,-46.175,167.125,10.844035758520477,9.482035758520476
406,113,481.0,-46.175,167.175,10.822387343010632,7.936387343010633
407,320,899.0,-46.075,167.025,11.004547748656478,5.610547748656478
408,321,687.0,-46.075,167.075,11.001718368206639,6.879718368206639
409,322,750.0,-46.075,167.125,10.988869337947108,6.488869337947108
410,323,363.0,-46.075,167.175,10.966085967433173,8.788085967433172
411,391,427.0,-46.025,167.025,11.077584594808286,8.515584594808287
412,392,367.0,-46.025,167.075,11.07644023586181,8.87444023586181
413,393,30.0,-46.025,167.125,11.064598985365592,10.884598985365592
414,394,671.0,-46.025,167.175,11.042014562728582,7.016014562728582
415,717,718.0,-46.125,167.025,10.932315173035022,6.624315173035022
416,718,584.0,-46.125,167.075,10.92848312787828,7.424483127878281
417,719,30.0,-46.125,167.125,10.915259982575662,10.735259982575663
418,720,214.0,-46.125,167.175,10.892809270211728,9.608809270211728
419,114,100.0,-46.175,167.225,10.792599012027495,10.192599012027495
420,115,223.0,-46.175,167.275,10.755471152893733,9.417471152893734
421,116,396.0,-46.175,167.325,10.712176311470103,8.336176311470103
422,324,489.0,-46.075,167.225,10.933814548508963,7.999814548508963
423,325,179.0,-46.075,167.275,10.89294557532412,9.81894557532412
424,326,408.0,-46.075,167.325,10.844884202408139,8.396884202408138
425,395,735.0,-46.025,167.225,11.009039996744832,6.599039996744833
426,396,378.0,-46.025,167.275,10.96653433321626,8.698534333216259
427,397,189.0,-46.025,167.325,10.915951309289085,9.781951309289084
428,721,322.0,-46.125,167.225,10.861613658780698,8.929613658780697
429,722,228.0,-46.125,167.275,10.82254055843805,9.45454055843805
430,723,801.0,-46.125,167.325,10.776899014948867,5.970899014948867
431,25,170.0,-46.025,167.475,10.740133132028859,9.72013313202886
432,28,177.0,-46.025,167.525,10.684908764465945,9.622908764465945
433,117,57.0,-46.175,167.375,10.664296423143242,10.322296423143241
434,327,230.0,-46.075,167.375,10.791599718184443,9.411599718184444
435,328,451.0,-46.075,167.425,10.735650037619052,8.029650037619053
436,329,119.0,-46.075,167.475,10.680182347918162,9.966182347918162
437,330,174.0,-46.075,167.525,10.628914723260095,9.584914723260095
438,398,197.0,-46.025,167.375,10.859396385407308,9.677396385407308
439,399,289.0,-46.025,167.425,10.79964605733403,9.06564605733403
440,724,198.0,-46.125,167.375,10.726482803031104,9.538482803031103
441,725,136.0,-46.125,167.425,10.67359690158628,9.857596901586279
442,726,91.0,-46.125,167.475,10.62106702858,10.075067028580001
443,727,158.0,-46.125,167.525,10.57223348034313,9.624233480343129
444,30,404.0,-46.025,167.575,10.63859317341121,8.21459317341121
445,33,196.0,-46.025,167.625,10.606322164210724,9.430322164210724
446,36,140.0,-46.025,167.675,10.593688243883662,9.753688243883662
447,39,69.0,-46.025,167.725,10.606665684172185,10.192665684172185
448,118,41.0,-46.175,167.575,10.474054811900714,10.228054811900714
449,119,17.0,-46.175,167.625,10.44248886682908,10.34048886682908
450,120,30.0,-46.175,167.675,10.42501902623917,10.24501902623917
451,121,141.0,-46.175,167.725,10.42605264732265,9.580052647322649
452,331,160.0,-46.075,167.575,10.586104099551449,9.626104099551448
453,332,200.0,-46.075,167.625,10.556503420608351,9.356503420608352
454,333,144.0,-46.075,167.675,10.545306239597267,9.681306239597266
455,334,48.0,-46.075,167.725,10.558072124258615,10.270072124258615
456,728,128.0,-46.125,167.575,10.530930398759665,9.762930398759664
457,729,75.0,-46.125,167.625,10.501449993054848,10.051449993054849
458,730,31.0,-46.125,167.675,10.488489089679206,10.302489089679206
459,731,96.0,-46.125,167.725,10.49707394579309,9.92107394579309
460,40,156.0,-46.025,167.775,10.651499589090236,9.715499589090236
461,44,80.0,-46.025,167.825,10.734530034038471,10.25453003403847
462,45,141.0,-46.025,167.875,10.861913808766985,10.015913808766985
463,122,415.0,-46.175,167.775,10.450164066976868,7.960164066976867
464,123,706.0,-46.175,167.825,10.501964775583474,6.265964775583474
465,124,273.0,-46.175,167.875,10.585967479477404,8.947967479477404
466,335,90.0,-46.075,167.775,10.600621946767205,10.060621946767206
467,336,97.0,-46.075,167.825,10.67888889319147,10.096888893191469
468,337,119.0,-46.075,167.875,10.798708421702031,10.08470842170203
469,732,205.0,-46.125,167.775,10.532459456531797,9.302459456531796
470,733,471.0,-46.125,167.825,10.600001016660826,7.774001016660826
471,734,577.0,-46.125,167.875,10.705000740563264,7.243000740563264
472,49,244.0,-46.025,167.925,11.039198824204504,9.575198824204504
473,52,113.0,-46.025,167.975,11.270699690910988,10.592699690910987
474,55,120.0,-46.025,168.025,11.558612548920792,10.838612548920791
475,58,112.0,-46.025,168.075,11.901779429696035,11.229779429696034
476,125,134.0,-46.175,167.925,10.706468068325194,9.902468068325193
477,126,196.0,-46.175,167.975,10.86747332874802,9.69147332874802
478,144,46.0,-46.175,168.025,11.072687564068474,10.796687564068474
479,161,60.0,-46.175,168.075,11.325505577551667,10.965505577551667
480,338,74.0,-46.075,167.925,10.965526697895257,10.521526697895256
481,339,72.0,-46.075,167.975,11.183996870619012,10.751996870619012
482,340,80.0,-46.075,168.025,11.457402977306629,10.977402977306628
483,341,79.0,-46.075,168.075,11.786776721128263,11.312776721128262
484,735,140.0,-46.125,167.925,10.852531946467934,10.012531946467934
485,736,60.0,-46.125,167.975,11.047240223037079,10.68724022303708
486,737,60.0,-46.125,168.025,11.293090742867207,10.933090742867208
487,738,64.0,-46.125,168.075,11.592949199781287,11.208949199781287
488,61,108.0,-46.025,168.125,12.293952747044386,11.645952747044387
489,139,106.0,-46.025,168.175,12.72135515284026,12.085355152840261
490,141,100.0,-46.025,168.225,13.159560474974569,12.55956047497457
491,170,60.0,-46.175,168.125,11.628769273258513,11.268769273258513
492,179,59.0,-46.175,168.175,11.983577746839728,11.629577746839729
493,268,53.0,-46.175,168.225,12.385394864046248,12.067394864046248
494,342,84.0,-46.075,168.125,12.169412428862415,11.665412428862416
495,343,81.0,-46.075,168.175,12.596188063704176,12.110188063704175
496,344,79.0,-46.075,168.225,13.046632907149615,12.572632907149615
497,739,63.0,-46.125,168.125,11.947693247988354,11.569693247988354
498,740,62.0,-46.125,168.175,12.35416062947479,11.98216062947479
499,741,59.0,-46.125,168.225,12.800444342603441,12.446444342603442
500,142,98.0,-46.025,168.275,13.571381268498953,12.983381268498954
501,143,87.0,-46.025,168.325,13.912746608140878,13.390746608140878
502,147,85.0,-46.025,168.375,14.155141843279125,13.645141843279125
503,160,259.0,-46.025,168.425,14.30468583086622,12.75068583086622
504,283,36.0,-46.175,168.275,12.813161864032736,12.597161864032737
505,291,43.0,-46.175,168.325,13.193252983066486,12.935252983066487
506,299,56.0,-46.175,168.375,13.384417417371878,13.048417417371878
507,307,151.0,-46.175,168.425,13.492487896437524,12.586487896437523
508,345,72.0,-46.075,168.275,13.480595771281514,13.048595771281514
509,346,68.0,-46.075,168.325,13.833055298309773,13.425055298309774
510,347,70.0,-46.075,168.375,14.053565018053632,13.633565018053632
511,348,75.0,-46.075,168.425,14.167036047525471,13.717036047525472
512,742,54.0,-46.125,168.275,13.254820678237593,12.930820678237593
513,743,56.0,-46.125,168.325,13.634612098074285,13.298612098074285
514,744,138.0,-46.125,168.375,13.825783850334119,12.99778385033412
515,745,65.0,-46.125,168.425,13.90929595840862,13.51929595840862
516,169,345.0,-46.025,168.475,14.387529556639493,12.317529556639492
517,178,391.0,-46.025,168.525,14.427039666246856,12.081039666246856
518,187,361.0,-46.025,168.575,14.43713144294452,12.271131442944519
519,349,119.0,-46.075,168.475,14.223293195391307,13.509293195391306
520,350,121.0,-46.075,168.525,14.250759120710427,13.524759120710428
521,351,372.0,-46.075,168.575,14.260215352551313,12.028215352551314
522,400,60.0,-46.175,168.475,13.585648438078351,13.225648438078352
523,401,41.0,-46.175,168.525,13.673188340297202,13.427188340297201
524,406,101.0,-46.175,168.575,13.749563693098025,13.143563693098026
525,746,64.0,-46.125,168.475,13.960258746752515,13.576258746752515
526,747,72.0,-46.125,168.525,13.999466810229933,13.567466810229933
527,748,122.0,-46.125,168.575,14.029101721418556,13.297101721418557
528,188,323.0,-46.025,168.625,14.424546010006452,12.486546010006451
529,189,218.0,-46.025,168.675,14.392190574901178,13.084190574901179
530,190,169.0,-46.025,168.725,14.341441074822797,13.327441074822797
531,191,140.0,-46.025,168.775,14.273381467850413,13.433381467850413
532,352,579.0,-46.075,168.625,14.254010256408947,10.780010256408946
533,353,481.0,-46.075,168.675,14.231463063886622,11.345463063886623
534,354,356.0,-46.075,168.725,14.191475788014941,12.055475788014942
535,355,291.0,-46.075,168.775,14.13357915339293,12.38757915339293
536,410,151.0,-46.175,168.625,13.807117272954201,12.9011172729542
537,429,83.0,-46.175,168.675,13.840229879890103,13.342229879890104
538,437,80.0,-46.175,168.725,13.84606923503452,13.36606923503452
539,445,120.0,-46.175,168.775,13.824140118813375,13.104140118813374
540,749,173.0,-46.125,168.625,14.045593435672345,13.007593435672344
541,750,431.0,-46.125,168.675,14.044793153385399,11.458793153385399
542,751,159.0,-46.125,168.725,14.023846749245422,13.069846749245421
543,752,109.0,-46.125,168.775,13.981567249080399,13.3275672490804
544,192,439.0,-46.025,168.825,14.189325993444072,11.555325993444072
545,193,103.0,-46.025,168.875,14.090930168284103,13.472930168284103
546,194,96.0,-46.025,168.925,13.980091268429533,13.404091268429532
547,195,133.0,-46.025,168.975,13.858744107725215,13.060744107725215
548,356,156.0,-46.075,168.825,14.058177161205094,13.122177161205094
549,357,173.0,-46.075,168.875,13.966421420744155,12.928421420744154
550,358,84.0,-46.075,168.925,13.859935529515496,13.355935529515497
551,359,90.0,-46.075,168.975,13.74048119498184,13.20048119498184
552,452,118.0,-46.175,168.825,13.77556680541602,13.06756680541602
553,459,57.0,-46.175,168.875,13.702435879851691,13.360435879851691
554,543,120.0,-46.175,168.925,13.607273960864404,12.887273960864404
555,548,217.0,-46.175,168.975,13.492646412094473,12.190646412094473
556,753,123.0,-46.125,168.825,13.918197515740758,13.180197515740758
557,754,122.0,-46.125,168.875,13.834983743116027,13.102983743116027
558,755,69.0,-46.125,168.925,13.733731016371166,13.319731016371167
559,756,220.0,-46.125,168.975,13.616388877053396,12.296388877053396
560,196,116.0,-46.025,169.025,13.728578598471358,13.032578598471359
561,197,139.0,-46.025,169.075,13.590627448036685,12.756627448036685
562,198,180.0,-46.025,169.125,13.444569476196193,12.364569476196193
563,360,142.0,-46.075,169.025,13.609578059244086,12.757578059244086
564,361,158.0,-46.075,169.075,13.468037737591658,12.520037737591657
565,362,173.0,-46.075,169.125,13.315357964587747,12.277357964587747
566,551,212.0,-46.175,169.025,13.360847388074035,12.088847388074035
567,554,209.0,-46.175,169.075,13.213674549711868,11.959674549711869
568,558,188.0,-46.175,169.125,13.052342189475894,11.924342189475894
569,757,372.0,-46.125,169.025,13.484660467496724,11.252660467496725
570,758,148.0,-46.125,169.075,13.339619618665893,12.451619618665893
571,759,221.0,-46.125,169.125,13.181371195518295,11.855371195518295
572,199,242.0,-46.025,169.175,13.287448314687936,11.835448314687936
573,200,114.0,-46.025,169.225,13.111726321745664,12.427726321745665
574,201,323.0,-46.025,169.275,12.907080573175335,10.969080573175335
575,202,176.0,-46.025,169.325,12.676642122023623,11.620642122023622
576,363,188.0,-46.075,169.175,13.14905749517493,12.02105749517493
577,364,185.0,-46.075,169.225,12.964745601420873,11.854745601420873
578,365,125.0,-46.075,169.275,12.759248590838979,12.009248590838979
579,366,154.0,-46.075,169.325,12.536953828661353,11.612953828661354
580,563,180.0,-46.175,169.175,12.877685177445528,11.797685177445528
581,569,325.0,-46.175,169.225,12.6908687538089,10.7408687538089
582,575,369.0,-46.175,169.275,12.494598559802398,10.280598559802398
583,581,137.0,-46.175,169.325,12.294169277374749,11.47216927737475
584,760,140.0,-46.125,169.175,13.008966393754235,12.168966393754236
585,761,152.0,-46.125,169.225,12.821124839276308,11.90912483927631
586,762,123.0,-46.125,169.275,12.618348964417237,11.880348964417237
587,763,117.0,-46.125,169.325,12.405489273383864,11.703489273383864
588,203,117.0,-46.025,169.375,12.44126866167062,11.73926866167062
589,204,100.0,-46.025,169.425,12.221113849707763,11.621113849707763
590,205,80.0,-46.025,169.475,12.030191069294233,11.550191069294232
591,367,100.0,-46.075,169.375,12.310867897060234,11.710867897060234
592,368,40.0,-46.075,169.425,12.09622471005423,11.85622471005423
593,369,66.0,-46.075,169.475,11.906048422359163,11.510048422359162
594,658,120.0,-46.175,169.375,12.097338812527596,11.377338812527595
595,660,116.0,-46.175,169.425,11.912945350646623,11.216945350646624
596,664,79.0,-46.175,169.475,11.749397356979898,11.275397356979898
597,764,132.0,-46.125,169.375,12.191955283095012,11.399955283095013
598,765,70.0,-46.125,169.425,11.989094219228718,11.569094219228719
599,766,40.0,-46.125,169.475,11.807660255450173,11.567660255450173
600,128,45.0,-46.125,169.525,11.65721470641438,11.38721470641438
601,149,40.0,-46.125,169.575,11.547230972035322,11.307230972035322
602,155,112.0,-46.125,169.625,11.489131298163556,10.817131298163556
603,163,141.0,-46.125,169.675,11.497776167321717,10.651776167321717
604,206,54.0,-46.025,169.525,11.878446013652137,11.554446013652138
605,207,117.0,-46.025,169.575,11.77377553167753,11.07177553167753
606,208,257.0,-46.025,169.625,11.723011480615241,10.181011480615242
607,209,243.0,-46.025,169.675,11.731417827788391,10.273417827788391
608,370,20.0,-46.075,169.525,11.750915198557777,11.630915198557778
609,371,84.0,-46.075,169.575,11.640321805680287,11.136321805680288
610,372,80.0,-46.075,169.625,11.5839773020125,11.103977302012499
611,373,206.0,-46.075,169.675,11.591642754952773,10.355642754952772
612,669,60.0,-46.175,169.525,11.614163597856532,11.254163597856532
613,674,101.0,-46.175,169.575,11.514776473530219,10.908776473530219
614,679,67.0,-46.175,169.625,11.461672312332666,11.059672312332667
615,684,62.0,-46.175,169.675,11.47302944076364,11.10102944076364
616,172,226.0,-46.125,169.725,11.588334501066129,10.232334501066129
617,181,205.0,-46.125,169.775,11.763626459811348,10.533626459811348
618,210,145.0,-46.025,169.725,11.800346189993434,10.930346189993434
619,211,141.0,-46.025,169.775,11.92381744508748,11.07781744508748
620,212,287.0,-46.025,169.825,12.086466379652848,10.364466379652848
621,275,126.0,-46.125,169.825,12.001386594420183,11.245386594420182
622,374,269.0,-46.075,169.725,11.669791924286983,10.055791924286982
623,375,365.0,-46.075,169.775,11.8150402597239,9.625040259723901
624,376,121.0,-46.075,169.825,12.009485207032412,11.283485207032413
625,689,161.0,-46.175,169.725,11.577368472295348,10.611368472295348
626,694,86.0,-46.175,169.775,11.792937403486576,11.276937403486576
627,699,20.0,-46.175,169.825,12.088002101358143,11.968002101358143
628,213,237.0,-46.025,169.875,12.265032267721836,10.843032267721835
629,214,310.0,-46.025,169.925,12.43295338752796,10.57295338752796
630,215,202.0,-46.025,169.975,12.566678413189948,11.354678413189948
631,216,80.0,-46.025,170.025,12.653089650702896,12.173089650702895
632,279,25.0,-46.125,169.875,12.261957396229263,12.111957396229263
633,287,20.0,-46.125,169.925,12.507767845701892,12.387767845701893
634,295,20.0,-46.125,169.975,12.71409724021214,12.594097240212141
635,303,122.0,-46.125,170.025,12.870386283553671,12.138386283553672
636,377,153.0,-46.075,169.875,12.22419973553042,11.30619973553042
637,378,140.0,-46.075,169.925,12.428634974639863,11.588634974639863
638,379,40.0,-46.075,169.975,12.599076130893081,12.359076130893081
639,380,96.0,-46.075,170.025,12.723386446887162,12.147386446887161
640,704,47.0,-46.175,169.875,12.401467365081771,12.119467365081771
641,705,241.0,-46.175,169.925,12.687031181179918,11.241031181179919
642,706,69.0,-46.175,169.975,12.921472894406179,12.50747289440618
643,707,136.0,-46.175,170.025,13.098426450349507,12.282426450349506
644,217,0.0,-46.025,170.075,12.693655233524623,12.693655233524623
645,218,124.0,-46.025,170.125,12.701136872710777,11.957136872710777
646,219,84.0,-46.025,170.175,12.694083562048036,12.190083562048036
647,220,20.0,-46.025,170.225,12.690326968804584,12.570326968804585
648,311,396.0,-46.125,170.075,12.977708639780758,10.601708639780759
649,312,118.0,-46.125,170.125,13.044948831229704,12.336948831229703
650,313,46.0,-46.125,170.175,13.084583301679231,12.808583301679231
651,381,163.0,-46.075,170.075,12.801798549684463,11.823798549684463
652,382,180.0,-46.075,170.125,12.844077298563207,11.764077298563206
653,383,21.0,-46.075,170.175,12.86477258389641,12.738772583896411
654,708,92.0,-46.175,170.075,13.221992511796998,12.669992511796998
655,709,58.0,-46.175,170.125,13.301989255356602,12.953989255356602
656,221,154.0,-45.975,166.475,10.581792955606943,9.657792955606944
657,222,133.0,-45.975,166.525,10.663108010659926,9.865108010659926
658,223,0.0,-45.975,166.575,10.74017393295071,10.74017393295071
659,289,140.0,-45.875,166.475,10.644744717108551,9.804744717108552
660,297,354.0,-45.875,166.525,10.731183549563866,8.607183549563866
661,305,111.0,-45.875,166.575,10.813854180654744,10.147854180654743
662,408,655.0,-45.875,166.625,10.892340087593766,6.962340087593766
663,471,161.0,-45.925,166.475,10.615771932556527,9.649771932556527
664,472,364.0,-45.925,166.525,10.699664652667707,8.515664652667706
665,473,504.0,-45.925,166.575,10.7795331433299,7.7555331433299
666,474,307.0,-45.925,166.625,10.854944281105418,9.012944281105417
667,224,100.0,-45.975,166.775,10.996280418825336,10.396280418825336
668,411,170.0,-45.875,166.675,10.966162332217209,9.94616233221721
669,417,155.0,-45.875,166.725,11.034769867925206,10.104769867925206
670,420,669.0,-45.875,166.775,11.097528915823204,7.083528915823204
671,423,623.0,-45.875,166.825,11.15371200160007,7.41571200160007
672,475,201.0,-45.925,166.675,10.92540543677751,9.71940543677751
673,476,342.0,-45.925,166.725,10.990357282775221,8.938357282775222
674,477,141.0,-45.925,166.775,11.049166903045261,10.203166903045261
675,478,621.0,-45.925,166.825,11.1011222594243,7.375122259424301
676,225,774.0,-45.975,166.925,11.11632085655583,6.472320856555831
677,226,850.0,-45.975,166.975,11.138659903459484,6.038659903459484
678,426,714.0,-45.875,166.875,11.202487988572102,6.918487988572102
679,433,655.0,-45.875,166.925,11.242915809794795,7.312915809794795
680,439,378.0,-45.875,166.975,11.273946924484335,9.005946924484334
681,479,551.0,-45.925,166.875,11.145429897966096,7.839429897966097
682,480,415.0,-45.925,166.925,11.18121902117855,8.691219021178549
683,481,843.0,-45.925,166.975,11.207556881912751,6.149556881912751
684,227,773.0,-45.975,167.025,11.150834466097876,6.5128344660978765
685,228,1189.0,-45.975,167.075,11.152134874719195,4.018134874719195
686,229,411.0,-45.975,167.125,11.142025121866027,8.676025121866026
687,230,785.0,-45.975,167.175,11.120262330077821,6.410262330077821
688,446,939.0,-45.875,167.025,11.294445133244153,5.660445133244153
689,453,649.0,-45.875,167.075,11.3032371980662,7.409237198066199
690,460,1006.0,-45.875,167.125,11.299212024692679,5.263212024692678
691,482,393.0,-45.925,167.025,11.223482730449177,8.865482730449177
692,483,167.0,-45.925,167.075,11.228069681150373,10.226069681150372
693,484,1042.0,-45.925,167.125,11.220524241332896,4.968524241332896
694,485,401.0,-45.925,167.175,11.200328943843488,8.794328943843489
695,545,155.0,-45.875,167.175,11.281485205166973,10.351485205166973
696,231,539.0,-45.975,167.225,11.087035778036807,7.853035778036807
697,232,949.0,-45.975,167.275,11.04310702168732,5.3491070216873196
698,233,155.0,-45.975,167.325,10.98992540242034,10.05992540242034
699,486,474.0,-45.925,167.225,11.167421569989529,8.323421569989529
700,487,155.0,-45.925,167.275,11.122385431750445,10.192385431750445
701,488,871.0,-45.925,167.325,11.066607898712391,5.840607898712391
702,555,795.0,-45.875,167.225,11.249631187645718,6.479631187645719
703,559,1061.0,-45.875,167.275,11.203951735369628,4.837951735369629
704,565,845.0,-45.875,167.325,11.145708676514914,6.075708676514915
705,234,307.0,-45.975,167.375,10.929695309518138,9.087695309518137
706,235,305.0,-45.975,167.425,10.86538497399306,9.03538497399306
707,236,143.0,-45.975,167.475,10.800685123569565,9.942685123569564
708,237,130.0,-45.975,167.525,10.739939040504396,9.959939040504397
709,489,939.0,-45.925,167.375,11.002363881038036,5.368363881038036
710,490,499.0,-45.925,167.425,10.93280517301173,7.93880517301173
711,491,318.0,-45.925,167.475,10.86187312041875,8.95387312041875
712,492,529.0,-45.925,167.525,10.794176680909004,7.620176680909005
713,571,198.0,-45.875,167.375,11.077236920420546,9.889236920420545
714,577,208.0,-45.875,167.425,11.001898451155284,9.753898451155285
715,583,757.0,-45.875,167.475,10.923914416169282,6.381914416169282
716,651,519.0,-45.875,167.525,10.848159083194332,7.734159083194331
717,238,160.0,-45.975,167.575,10.688066827016883,9.728066827016882
718,239,118.0,-45.975,167.625,10.650497388414806,9.942497388414806
719,240,64.0,-45.975,167.675,10.63310750812525,10.249107508125249
720,241,95.0,-45.975,167.725,10.642152834188892,10.072152834188891
721,493,286.0,-45.925,167.575,10.734877310082084,9.018877310082084
722,494,183.0,-45.925,167.625,10.689603015838657,9.591603015838656
723,495,80.0,-45.925,167.675,10.664390732708853,10.184390732708852
724,496,127.0,-45.925,167.725,10.665636758843902,9.903636758843902
725,654,462.0,-45.875,167.575,10.77998874153127,8.00798874153127
726,659,134.0,-45.875,167.625,10.725136850727722,9.921136850727722
727,661,222.0,-45.875,167.675,10.689669379178667,9.357669379178667
728,666,168.0,-45.875,167.725,10.679972797370283,9.671972797370284
729,242,134.0,-45.975,167.775,10.68416161852656,9.880161618526559
730,243,153.0,-45.975,167.825,10.765747683792142,9.847747683792143
731,244,330.0,-45.975,167.875,10.893284411286004,8.913284411286003
732,497,204.0,-45.925,167.775,10.700018502189778,9.476018502189778
733,498,140.0,-45.925,167.825,10.774332668690477,9.934332668690477
734,499,142.0,-45.925,167.875,10.895172958902549,10.043172958902549
735,671,206.0,-45.875,167.775,10.702733851852827,9.466733851852826
736,676,286.0,-45.875,167.825,10.76485280302586,9.048852803025861
737,681,397.0,-45.875,167.875,10.873201640031766,8.491201640031766
738,245,306.0,-45.975,167.925,11.072370591544313,9.236370591544313
739,246,158.0,-45.975,167.975,11.307020986394491,10.35902098639449
740,247,156.0,-45.975,168.025,11.598540398234036,10.662540398234036
741,248,161.0,-45.975,168.075,11.94409328646725,10.978093286467251
742,500,154.0,-45.925,167.925,11.068350293819094,10.144350293819095
743,501,199.0,-45.925,167.975,11.29796155972872,10.10396155972872
744,502,309.0,-45.925,168.025,11.585075597395189,9.73107559739519
745,503,219.0,-45.925,168.075,11.926157452195184,10.612157452195184
746,686,367.0,-45.875,167.925,11.034097343479516,8.832097343479516
747,691,288.0,-45.875,167.975,11.252335055818548,9.524335055818549
748,696,405.0,-45.875,168.025,11.52969243179541,9.099692431795411
749,701,322.0,-45.875,168.075,11.863075672532432,9.931075672532431
750,249,133.0,-45.975,168.125,12.335058018827112,11.537058018827112
751,250,232.0,-45.975,168.175,12.755397358792834,11.363397358792835
752,251,259.0,-45.975,168.225,13.180697144416627,11.626697144416626
753,504,166.0,-45.925,168.125,12.311570584832225,11.315570584832225
754,505,301.0,-45.925,168.175,12.724705117288977,10.918705117288978
755,506,532.0,-45.925,168.225,13.14245262107579,9.95045262107579
756,768,195.0,-45.875,168.125,12.24290641763946,11.07290641763946
757,775,291.0,-45.875,168.175,12.652634484868031,10.90663448486803
758,777,519.0,-45.875,168.225,13.070049549743999,9.956049549743998
759,252,206.0,-45.975,168.275,13.579591104702558,12.343591104702558
760,253,99.0,-45.975,168.325,13.920389417849947,13.326389417849947
761,254,169.0,-45.975,168.375,14.18271709419787,13.16871709419787
762,255,379.0,-45.975,168.425,14.365033739479259,12.091033739479258
763,507,181.0,-45.925,168.275,13.537884198100073,12.451884198100073
764,508,112.0,-45.925,168.325,13.885601107525872,13.213601107525871
765,509,242.0,-45.925,168.375,14.168272396811517,12.716272396811517
766,510,343.0,-45.925,168.425,14.38036046497291,12.32236046497291
767,779,146.0,-45.875,168.275,13.47045726273791,12.59445726273791
768,781,132.0,-45.875,168.325,13.83109167573275,13.03909167573275
769,783,138.0,-45.875,168.375,14.135370620526373,13.307370620526374
770,786,281.0,-45.875,168.425,14.375169767561601,12.689169767561602
771,256,162.0,-45.975,168.475,14.479690522508463,13.507690522508463
772,257,458.0,-45.975,168.525,14.54235729863285,11.794357298632852
773,258,593.0,-45.975,168.575,14.565702585619874,11.007702585619874
774,511,268.0,-45.925,168.475,14.52632469998207,12.918324699982069
775,512,478.0,-45.925,168.525,14.615529450384201,11.747529450384201
776,513,157.0,-45.925,168.575,14.657904665044043,13.715904665044043
777,788,385.0,-45.875,168.475,14.550186409964226,12.240186409964226
778,790,150.0,-45.875,168.525,14.66531360335648,13.76531360335648
779,792,156.0,-45.875,168.575,14.727823487308342,13.791823487308342
780,259,362.0,-45.975,168.625,14.558241867896868,12.386241867896867
781,260,231.0,-45.975,168.675,14.525402982049854,13.139402982049855
782,261,144.0,-45.975,168.725,14.470860384462867,13.606860384462866
783,262,120.0,-45.975,168.775,14.397489256458357,13.677489256458356
784,514,139.0,-45.925,168.625,14.661947486078134,13.827947486078134
785,515,180.0,-45.925,168.675,14.634426191041712,13.554426191041712
786,516,143.0,-45.925,168.725,14.580765496677486,13.722765496677486
787,517,119.0,-45.925,168.775,14.505501163686858,13.791501163686858
788,794,180.0,-45.875,168.625,14.745473563671112,13.665473563671112
789,796,160.0,-45.875,168.675,14.725619540840853,13.765619540840852
790,798,137.0,-45.875,168.725,14.674943090154557,13.852943090154557
791,800,131.0,-45.875,168.775,14.599415688498993,13.813415688498994
792,150,141.0,-45.975,168.925,14.089934356699814,13.243934356699814
793,158,154.0,-45.975,168.975,13.966308815739467,13.042308815739467
794,263,98.0,-45.975,168.825,14.307883005938493,13.719883005938494
795,264,118.0,-45.975,168.875,14.204552059818525,13.496552059818525
796,518,161.0,-45.925,168.825,14.41258152523369,13.446581525233691
797,519,140.0,-45.925,168.875,14.305498696558061,13.465498696558061
798,520,221.0,-45.925,168.925,14.187306467618328,12.861306467618327
799,521,155.0,-45.925,168.975,14.06058756847051,13.13058756847051
800,802,164.0,-45.875,168.825,14.504288647862268,13.520288647862268
801,804,159.0,-45.875,168.875,14.394043757478357,13.440043757478357
802,806,316.0,-45.875,168.925,14.272318575865938,12.376318575865938
803,808,230.0,-45.875,168.975,14.141846103753778,12.76184610375378
804,167,118.0,-45.975,169.025,13.835647250554757,13.127647250554757
805,176,179.0,-45.975,169.075,13.699368365705595,12.625368365705596
806,185,142.0,-45.975,169.125,13.557841549612931,12.70584154961293
807,522,151.0,-45.925,169.025,13.92740239451814,13.02140239451814
808,523,220.0,-45.925,169.075,13.78918990380771,12.46918990380771
809,524,177.0,-45.925,169.125,13.646475245288457,12.584475245288457
810,810,317.0,-45.875,169.025,14.004433969414094,12.102433969414095
811,812,360.0,-45.875,169.075,13.860952044342412,11.700952044342412
812,814,235.0,-45.875,169.125,13.71116926013201,12.30116926013201
813,273,186.0,-45.975,169.175,13.409211130128824,12.293211130128824
814,277,120.0,-45.975,169.225,13.245996608427959,12.525996608427958
815,284,243.0,-45.975,169.275,13.04573901979893,11.58773901979893
816,292,433.0,-45.975,169.325,12.806821715988917,10.208821715988918
817,525,160.0,-45.925,169.175,13.497961312328698,12.537961312328697
818,526,221.0,-45.925,169.225,13.337483202223666,12.011483202223666
819,527,181.0,-45.925,169.275,13.140974465437466,12.054974465437466
820,528,525.0,-45.925,169.325,12.905634790920885,9.755634790920885
821,816,156.0,-45.875,169.175,13.553001727996161,12.617001727996161
822,818,160.0,-45.875,169.225,13.380447776857181,12.42044777685718
823,819,187.0,-45.875,169.275,13.183893358145724,12.061893358145724
824,821,240.0,-45.875,169.325,12.969406833130051,11.529406833130052
825,300,468.0,-45.975,169.375,12.567434115379001,9.759434115379001
826,308,228.0,-45.975,169.425,12.349857589942985,10.981857589942985
827,402,78.0,-45.975,169.475,12.166601217511925,11.698601217511925
828,529,732.0,-45.925,169.375,12.675533911155071,8.283533911155072
829,530,520.0,-45.925,169.425,12.472004234354245,9.352004234354244
830,531,264.0,-45.925,169.475,12.305878130195197,10.721878130195197
831,823,545.0,-45.875,169.375,12.76304625213379,9.49304625213379
832,825,504.0,-45.875,169.425,12.585087475556065,9.561087475556064
833,826,161.0,-45.875,169.475,12.445216256455751,11.479216256455752
834,407,138.0,-45.975,169.525,12.025550413760357,11.197550413760357
835,412,216.0,-45.975,169.575,11.932118101220112,10.636118101220113
836,432,157.0,-45.975,169.625,11.890113148954697,10.948113148954697
837,434,320.0,-45.975,169.675,11.90139130553871,9.98139130553871
838,532,206.0,-45.925,169.525,12.18275855090178,10.94675855090178
839,533,238.0,-45.925,169.575,12.10544967581518,10.67744967581518
840,534,201.0,-45.925,169.625,12.075093090010341,10.869093090010342
841,535,159.0,-45.925,169.675,12.091148516556132,11.137148516556131
842,827,282.0,-45.875,169.525,12.346660595285357,10.654660595285357
843,828,236.0,-45.875,169.575,12.289638328744331,10.873638328744331
844,829,176.0,-45.875,169.625,12.2730879909941,11.217087990994099
845,830,211.0,-45.875,169.675,12.294910988144693,11.028910988144693
846,438,232.0,-45.975,169.725,11.964402237397735,10.572402237397736
847,448,167.0,-45.975,169.775,12.072310902847676,11.070310902847675
848,455,190.0,-45.975,169.825,12.211835420574062,11.071835420574061
849,536,198.0,-45.925,169.725,12.15052896788984,10.96252896788984
850,537,241.0,-45.925,169.775,12.24646965721331,10.800469657213311
851,538,354.0,-45.925,169.825,12.367753984537558,10.243753984537557
852,831,464.0,-45.875,169.725,12.351343040762004,9.567343040762005
853,832,476.0,-45.875,169.775,12.436086697722203,9.580086697722203
854,833,379.0,-45.875,169.825,12.53964628072572,10.265646280725718
855,462,474.0,-45.975,169.875,12.363507426300202,9.519507426300203
856,463,448.0,-45.975,169.925,12.5029695208068,9.8149695208068
857,464,388.0,-45.975,169.975,12.604167493613204,10.276167493613205
858,465,232.0,-45.975,170.025,12.651073333297973,11.259073333297973
859,539,303.0,-45.925,169.875,12.49847830714134,10.68047830714134
860,540,584.0,-45.925,169.925,12.617408575693844,9.113408575693844
861,541,453.0,-45.925,169.975,12.694217927346472,9.976217927346472
862,542,86.0,-45.925,170.025,12.702513754775282,12.186513754775282
863,834,426.0,-45.875,169.875,12.64892443230201,10.092924432302011
864,835,400.0,-45.875,169.925,12.746367678817478,10.346367678817478
865,836,400.0,-45.875,169.975,12.80384182256239,10.40384182256239
866,837,520.0,-45.875,170.025,12.780340966157382,9.660340966157381
867,127,110.0,-45.925,170.075,12.660513379785698,12.000513379785698
868,146,26.0,-45.925,170.125,12.592475203578942,12.436475203578942
869,164,1.0,-45.925,170.175,12.51946582434175,12.51346582434175
870,173,3.0,-45.925,170.225,12.477078208627063,12.459078208627062
871,466,32.0,-45.975,170.075,12.649343141849386,12.457343141849385
872,467,2.0,-45.975,170.125,12.616725533633144,12.604725533633143
873,468,17.0,-45.975,170.175,12.575515639953665,12.473515639953664
874,469,159.0,-45.975,170.225,12.552357755906996,11.598357755906996
875,838,658.0,-45.875,170.075,12.711937808213406,8.763937808213406
876,839,860.0,-45.875,170.125,12.62424804600596,7.46424804600596
877,840,31.0,-45.875,170.175,12.538299370193272,12.352299370193272
878,841,7.0,-45.875,170.225,12.476967937167501,12.434967937167501
879,182,153.0,-45.925,170.275,12.466117989999475,11.548117989999476
880,265,115.0,-45.925,170.325,12.466966652107658,11.776966652107658
881,270,84.0,-45.925,170.375,12.475244085726445,11.971244085726445
882,470,42.0,-45.975,170.275,12.551943482932984,12.299943482932983
883,842,14.0,-45.875,170.275,12.44373557002109,12.35973557002109
884,843,20.0,-45.875,170.325,12.427335816551931,12.307335816551932
885,844,32.0,-45.875,170.375,12.422044210950844,12.230044210950844
886,281,52.0,-45.925,170.425,12.490773115961929,12.17877311596193
887,845,201.0,-45.875,170.425,12.426936588351964,11.220936588351965
888,846,156.0,-45.875,170.475,12.444485650790739,11.508485650790739
889,847,292.0,-45.875,170.625,12.616829623279045,10.864829623279045
890,848,117.0,-45.875,170.725,12.757801354513504,12.055801354513504
891,849,356.0,-45.825,166.525,10.757109779049642,8.621109779049643
892,850,656.0,-45.825,166.625,10.924022221850464,6.988022221850464
893,1200,249.0,-45.675,166.525,10.796053051104536,9.302053051104537
894,1201,241.0,-45.675,166.575,10.888328723667655,9.442328723667655
895,1202,445.0,-45.675,166.625,10.977677454357035,8.307677454357036
896,1955,52.0,-45.725,166.475,10.69683436313062,10.38483436313062
897,1956,412.0,-45.725,166.625,10.9673672846111,8.4953672846111
898,851,397.0,-45.825,166.675,11.001201596169267,8.619201596169267
899,852,530.0,-45.825,166.725,11.07351543524419,7.89351543524419
900,853,240.0,-45.825,166.775,11.140345789695857,9.700345789695858
901,854,1139.0,-45.825,166.825,11.20097005457501,4.366970054575009
902,912,85.0,-45.775,166.675,11.029688877461012,10.519688877461013
903,913,433.0,-45.775,166.775,11.176519596396247,8.578519596396248
904,914,398.0,-45.775,166.825,11.241646717040567,8.853646717040567
905,1203,328.0,-45.675,166.675,11.063760866847588,9.095760866847588
906,1204,477.0,-45.675,166.775,11.224441572645446,8.362441572645446
907,1205,682.0,-45.675,166.825,11.297971016727388,7.205971016727388
908,1957,472.0,-45.725,166.675,11.050799406599253,8.218799406599253
909,855,733.0,-45.825,166.875,11.254543026909232,6.8565430269092325
910,856,1088.0,-45.825,166.925,11.300078664906323,4.7720786649063225
911,857,913.0,-45.825,166.975,11.33643543231301,5.8584354323130094
912,915,757.0,-45.775,166.875,11.30018614657456,6.758186146574561
913,916,669.0,-45.775,166.925,11.351142663828796,7.3371426638287955
914,917,700.0,-45.775,166.975,11.39332250301959,7.19332250301959
915,1206,375.0,-45.675,166.875,11.366047644231003,9.116047644231003
916,1207,414.0,-45.675,166.925,11.427780358062591,8.943780358062591
917,1208,218.0,-45.675,166.975,11.482044912758283,10.174044912758283
918,1958,455.0,-45.725,166.975,11.442606719530886,8.712606719530886
919,140,939.0,-45.825,167.025,11.362313693767646,5.728313693767646
920,145,601.0,-45.825,167.075,11.37628155449056,7.770281554490561
921,159,1144.0,-45.825,167.125,11.37685682871961,4.5128568287196105
922,168,363.0,-45.825,167.175,11.362682227831101,9.1846822278311
923,918,691.0,-45.775,167.025,11.425301191135077,7.279301191135077
924,919,824.0,-45.775,167.075,11.445407957216958,6.501407957216958
925,920,973.0,-45.775,167.125,11.451761336560594,5.613761336560594
926,921,825.0,-45.775,167.175,11.442421159008518,6.492421159008518
927,1209,828.0,-45.675,167.025,11.527398905309383,6.559398905309384
928,1210,402.0,-45.675,167.075,11.561961130326381,9.149961130326382
929,1211,462.0,-45.675,167.125,11.583253230463015,8.811253230463015
930,1212,1534.0,-45.675,167.175,11.588054048683261,2.3840540486832626
931,1959,1038.0,-45.725,167.025,11.481200982088922,5.253200982088921
932,1960,1112.0,-45.725,167.075,11.508283571864013,4.836283571864013
933,1961,961.0,-45.725,167.125,11.521605499030557,5.755605499030557
934,1962,900.0,-45.725,167.175,11.518564643600257,6.118564643600258
935,177,968.0,-45.825,167.225,11.332821651129052,5.524821651129052
936,186,747.0,-45.825,167.275,11.287152469798457,6.805152469798458
937,266,772.0,-45.825,167.325,11.226734769006725,6.594734769006726
938,922,1441.0,-45.775,167.225,11.415742924116785,2.7697429241167857
939,923,907.0,-45.775,167.275,11.37096197574283,5.92896197574283
940,924,607.0,-45.775,167.325,11.308828943234403,7.666828943234403
941,1213,933.0,-45.675,167.225,11.572518400789704,5.974518400789704
942,1214,740.0,-45.675,167.275,11.533223701320821,7.093223701320821
943,1215,451.0,-45.675,167.325,11.46950995948282,8.763509959482821
944,1963,1133.0,-45.725,167.225,11.496550724143162,4.698550724143162
945,1964,1383.0,-45.725,167.275,11.45379308477277,3.1557930847727693
946,1965,436.0,-45.725,167.325,11.390543524903478,8.774543524903478
947,269,945.0,-45.825,167.375,11.153984173346544,5.483984173346545
948,286,845.0,-45.825,167.425,11.072559120715596,6.002559120715596
949,294,240.0,-45.825,167.475,10.987046830443433,9.547046830443433
950,302,372.0,-45.825,167.525,10.902622399065876,8.670622399065877
951,925,749.0,-45.775,167.375,11.231915410724469,6.737915410724469
952,926,1133.0,-45.775,167.425,11.144364076055354,4.3463640760553535
953,927,430.0,-45.775,167.475,11.051295647281222,8.471295647281222
954,928,265.0,-45.775,167.525,10.958258148602908,9.368258148602909
955,1216,1168.0,-45.675,167.375,11.3850387094717,4.377038709471701
956,1217,1423.0,-45.675,167.425,11.286341348546557,2.748341348546557
957,1218,932.0,-45.675,167.475,11.180458531423938,5.588458531423938
958,1219,1235.0,-45.675,167.525,11.073851193010341,3.663851193010342
959,1966,1017.0,-45.725,167.375,11.309709518041927,5.207709518041928
960,1967,1419.0,-45.725,167.425,11.21628429600969,2.7022842960096902
961,1968,391.0,-45.725,167.475,11.116187434003223,8.770187434003223
962,1969,727.0,-45.725,167.525,11.01542180904653,6.65342180904653
963,310,307.0,-45.825,167.575,10.824805220821872,8.982805220821872
964,404,134.0,-45.825,167.625,10.759342237084638,9.955342237084638
965,414,288.0,-45.825,167.675,10.712191367230844,8.984191367230844
966,431,239.0,-45.825,167.725,10.689564785105176,9.255564785105177
967,929,164.0,-45.775,167.575,10.870910267840372,9.886910267840372
968,930,120.0,-45.775,167.625,10.794920478918357,10.074920478918356
969,931,264.0,-45.775,167.675,10.736001316661714,9.152001316661714
970,932,413.0,-45.775,167.725,10.700018811156042,8.222018811156042
971,1220,400.0,-45.675,167.575,10.9722782940662,8.5722782940662
972,1221,266.0,-45.675,167.625,10.880969107965939,9.284969107965939
973,1222,203.0,-45.675,167.675,10.804834716254845,9.586834716254845
974,1223,300.0,-45.675,167.725,10.74868098058505,8.94868098058505
975,1970,232.0,-45.725,167.575,10.919745236053132,9.527745236053132
976,1971,265.0,-45.725,167.625,10.834652936755447,9.244652936755447
977,1972,403.0,-45.725,167.675,10.765491702506552,8.347491702506552
978,1973,409.0,-45.725,167.725,10.717632436630083,8.263632436630083
979,442,377.0,-45.825,167.775,10.697992584813619,8.435992584813619
980,447,596.0,-45.825,167.825,10.74435944261495,7.16835944261495
981,454,561.0,-45.825,167.875,10.835833450371865,7.4698334503718655
982,933,721.0,-45.775,167.775,10.693147437326843,6.367147437326843
983,934,957.0,-45.775,167.825,10.722053241916,4.980053241916001
984,935,777.0,-45.775,167.875,10.794066927453969,6.132066927453969
985,1224,978.0,-45.675,167.775,10.717454118363094,4.849454118363094
986,1225,1002.0,-45.675,167.825,10.716582630557241,4.704582630557241
987,1226,962.0,-45.675,167.875,10.752522238908568,4.980522238908569
988,1974,801.0,-45.725,167.775,10.696694108162774,5.890694108162774
989,1975,1078.0,-45.725,167.825,10.708845603221562,4.240845603221563
990,1976,1328.0,-45.725,167.875,10.761223927082028,2.793223927082029
991,461,576.0,-45.825,167.925,10.97953311400488,7.523533114004881
992,557,532.0,-45.825,167.975,11.181673268758459,7.989673268758459
993,561,518.0,-45.825,168.025,11.445897727477131,8.33789772747713
994,567,468.0,-45.825,168.075,11.770828635577345,8.962828635577345
995,936,602.0,-45.775,167.925,10.917219557304634,7.305219557304634
996,937,603.0,-45.775,167.975,11.099790090636816,7.4817900906368155
997,1002,485.0,-45.775,168.025,11.348663867713185,8.438663867713185
998,1010,592.0,-45.775,168.075,11.66585543891415,8.11385543891415
999,1227,714.0,-45.675,167.925,10.833681520074606,6.549681520074606
1000,1228,524.0,-45.675,167.975,10.971943923155777,7.827943923155777
1001,1229,760.0,-45.675,168.025,11.18432766245678,6.624327662456781
1002,1230,376.0,-45.675,168.075,11.489739561919123,9.233739561919123
1003,1977,806.0,-45.725,167.925,10.86246697048773,6.02646697048773
1004,1978,460.0,-45.725,167.975,11.023113983275834,8.263113983275835
1005,1979,556.0,-45.725,168.025,11.254775997134857,7.918775997134857
1006,1980,376.0,-45.725,168.075,11.565559410810238,9.309559410810238
1007,573,258.0,-45.825,168.125,12.147732885350706,10.599732885350706
1008,579,393.0,-45.825,168.175,12.559923385590082,10.201923385590081
1009,653,380.0,-45.825,168.225,12.984800824604463,10.704800824604463
1010,1011,369.0,-45.775,168.125,12.044248148973566,9.830248148973565
1011,1013,255.0,-45.775,168.175,12.466108032298507,10.936108032298508
1012,1014,260.0,-45.775,168.225,12.906460060650716,11.346460060650715
1013,1231,359.0,-45.675,168.125,11.890327648172388,9.736327648172388
1014,1232,341.0,-45.675,168.175,12.357581327203661,10.311581327203662
1015,1233,296.0,-45.675,168.225,12.851252408261644,11.075252408261644
1016,1981,334.0,-45.725,168.125,11.951284339360427,9.947284339360428
1017,1982,288.0,-45.725,168.175,12.39118461185717,10.66318461185717
1018,1983,310.0,-45.725,168.225,12.85490047375788,10.99490047375788
1019,655,194.0,-45.825,168.275,13.397755183512345,12.233755183512345
1020,663,230.0,-45.825,168.325,13.776356335700257,12.396356335700258
1021,668,154.0,-45.825,168.375,14.10358867177274,13.179588671772741
1022,673,221.0,-45.825,168.425,14.369410929153673,13.043410929153673
1023,1016,445.0,-45.775,168.275,13.338742303545587,10.668742303545587
1024,1018,268.0,-45.775,168.325,13.73938640821143,12.13138640821143
1025,1021,342.0,-45.775,168.375,14.090396119252546,12.038396119252546
1026,1023,180.0,-45.775,168.425,14.380285801162245,13.300285801162245
1027,1234,276.0,-45.675,168.275,13.3365318212891,11.6805318212891
1028,1235,255.0,-45.675,168.325,13.786775008149561,12.256775008149562
1029,1236,232.0,-45.675,168.375,14.18257936523878,12.79057936523878
1030,1237,225.0,-45.675,168.425,14.510968884074828,13.160968884074828
1031,1984,337.0,-45.725,168.275,13.312096779351123,11.290096779351122
1032,1985,333.0,-45.725,168.325,13.73740449376055,11.739404493760551
1033,1986,268.0,-45.725,168.375,14.111864702717867,12.503864702717866
1034,1987,200.0,-45.725,168.425,14.423027457145508,13.223027457145509
1035,678,168.0,-45.825,168.475,14.570508214761503,13.562508214761504
1036,683,157.0,-45.825,168.525,14.70878303083009,13.76678303083009
1037,688,216.0,-45.825,168.575,14.78947421904013,13.493474219040131
1038,1025,188.0,-45.775,168.475,14.603826535239932,13.475826535239932
1039,1029,262.0,-45.775,168.525,14.761028139997507,13.189028139997507
1040,1033,229.0,-45.775,168.575,14.85580849192047,13.48180849192047
1041,1238,733.0,-45.675,168.475,14.76483642339008,10.36683642339008
1042,1239,385.0,-45.675,168.525,14.942413738477626,12.632413738477625
1043,1240,559.0,-45.675,168.575,15.046643971421872,11.692643971421873
1044,1988,357.0,-45.725,168.475,14.664502241415903,12.522502241415904
1045,1989,363.0,-45.725,168.525,14.835182619703119,12.657182619703118
1046,1990,264.0,-45.725,168.575,14.938283490817412,13.354283490817412
1047,693,176.0,-45.825,168.625,14.819573579530697,13.763573579530696
1048,698,153.0,-45.825,168.675,14.806753843236947,13.888753843236948
1049,703,145.0,-45.825,168.725,14.758708048597327,13.888708048597328
1050,824,148.0,-45.825,168.775,14.682717224073713,13.794717224073713
1051,1037,178.0,-45.775,168.625,14.894705378392246,13.826705378392246
1052,1041,197.0,-45.775,168.675,14.885793431967613,13.703793431967613
1053,1045,188.0,-45.775,168.725,14.83780663050129,13.70980663050129
1054,1049,180.0,-45.775,168.775,14.759401138871908,13.679401138871908
1055,1241,256.0,-45.675,168.625,15.084409586619586,13.548409586619586
1056,1242,685.0,-45.675,168.675,15.065597023785813,10.955597023785813
1057,1243,636.0,-45.675,168.725,15.00199793826323,11.185997938263231
1058,1244,527.0,-45.675,168.775,14.906081014429219,11.74408101442922
1059,1991,240.0,-45.725,168.625,14.980312588930246,13.540312588930247
1060,1992,189.0,-45.725,168.675,14.97004571747675,13.83604571747675
1061,1993,261.0,-45.725,168.725,14.917521667914116,13.351521667914117
1062,1994,199.0,-45.725,168.775,14.833054760456434,13.639054760456435
1063,861,193.0,-45.825,168.825,14.58531343312643,13.42731343312643
1064,864,240.0,-45.825,168.875,14.471985708514694,13.031985708514695
1065,866,331.0,-45.825,168.925,14.34693696940667,12.36093696940667
1066,868,346.0,-45.825,168.975,14.212928883629502,12.136928883629501
1067,1053,507.0,-45.775,168.825,14.658505548213725,11.616505548213725
1068,1057,380.0,-45.775,168.875,14.541748907489819,12.26174890748982
1069,1161,700.0,-45.775,168.925,14.413997241208563,10.213997241208563
1070,1170,384.0,-45.775,168.975,14.278054316208,11.974054316207999
1071,1245,277.0,-45.675,168.825,14.789713364632917,13.127713364632918
1072,1246,180.0,-45.675,168.875,14.662945641670376,13.582945641670376
1073,1247,329.0,-45.675,168.925,14.532986150763463,12.558986150763463
1074,1248,408.0,-45.675,168.975,14.403483518384746,11.955483518384746
1075,1995,225.0,-45.725,168.825,14.726280402639532,13.376280402639532
1076,1996,189.0,-45.725,168.875,14.605279956100276,13.471279956100275
1077,1997,371.0,-45.725,168.925,14.47585622414772,12.24985622414772
1078,1998,680.0,-45.725,168.975,14.341046315690619,10.261046315690619
1079,870,589.0,-45.825,169.025,14.071251169865718,10.53725116986572
1080,872,235.0,-45.825,169.075,13.921824459263007,12.511824459263007
1081,874,217.0,-45.825,169.125,13.763396980590187,12.461396980590187
1082,1028,328.0,-45.725,169.125,13.893735297868261,11.925735297868261
1083,1179,604.0,-45.775,169.025,14.134595716415788,10.51059571641579
1084,1249,1009.0,-45.675,169.025,14.274240122103947,8.220240122103949
1085,1250,650.0,-45.675,169.075,14.141517094627488,10.241517094627488
1086,1251,506.0,-45.675,169.125,13.99917636225291,10.963176362252911
1087,1271,615.0,-45.775,169.075,13.982419954729266,10.292419954729267
1088,1272,310.0,-45.775,169.125,13.819145454384852,11.959145454384853
1089,1999,698.0,-45.725,169.025,14.20097577747947,10.012975777479472
1090,2000,718.0,-45.725,169.075,14.053196616165224,9.745196616165224
1091,876,491.0,-45.825,169.175,13.59380123115261,10.647801231152611
1092,878,302.0,-45.825,169.225,13.410756608878728,11.598756608878729
1093,880,221.0,-45.825,169.275,13.215487636058242,11.889487636058242
1094,882,227.0,-45.825,169.325,13.019261544017354,11.657261544017354
1095,1032,523.0,-45.725,169.175,13.719217199424747,10.581217199424747
1096,1035,589.0,-45.725,169.225,13.530542223292287,9.996542223292288
1097,1039,516.0,-45.725,169.275,13.338138966544648,10.242138966544648
1098,1043,370.0,-45.725,169.325,13.165875351653085,10.945875351653084
1099,1252,603.0,-45.675,169.175,13.841013433309854,10.223013433309854
1100,1253,586.0,-45.675,169.225,13.664731125929393,10.148731125929393
1101,1254,309.0,-45.675,169.275,13.478250334359473,11.624250334359473
1102,1255,269.0,-45.675,169.325,13.310100647169747,11.696100647169747
1103,1273,240.0,-45.775,169.175,13.642622311541345,12.202622311541345
1104,1275,424.0,-45.775,169.225,13.453581320150988,10.909581320150988
1105,1292,337.0,-45.775,169.275,13.259664963974501,11.2376649639745
1106,1300,279.0,-45.775,169.325,13.077690976948361,11.403690976948361
1107,884,287.0,-45.825,169.375,12.841136104150792,11.119136104150792
1108,885,394.0,-45.825,169.425,12.695977214578306,10.331977214578306
1109,886,293.0,-45.825,169.475,12.589253282436403,10.831253282436403
1110,1047,499.0,-45.725,169.375,13.041928794031264,10.047928794031264
1111,1051,493.0,-45.725,169.425,12.97272968494508,10.01472968494508
1112,1055,60.0,-45.725,169.475,12.942359936627327,12.582359936627327
1113,1256,339.0,-45.675,169.375,13.21155975246802,11.17755975246802
1114,1257,81.0,-45.675,169.425,13.185224818938877,12.699224818938877
1115,1258,353.0,-45.675,169.475,13.189850579990889,11.071850579990889
1116,1409,340.0,-45.775,169.375,12.927319098918815,10.887319098918816
1117,1411,343.0,-45.775,169.425,12.818658652395243,10.760658652395243
1118,1413,162.0,-45.775,169.475,12.749313267879188,11.777313267879189
1119,887,43.0,-45.825,169.525,12.52020616515074,12.26220616515074
1120,888,141.0,-45.825,169.575,12.486076464439975,11.640076464439975
1121,889,374.0,-45.825,169.625,12.484034864377463,10.240034864377463
1122,890,513.0,-45.825,169.675,12.511183275768417,9.433183275768418
1123,1059,377.0,-45.725,169.525,12.935174293685122,10.673174293685122
1124,1158,460.0,-45.725,169.575,12.942901457136031,10.182901457136031
1125,1165,705.0,-45.725,169.625,12.962088667569333,8.732088667569332
1126,1174,960.0,-45.725,169.675,12.991055822436465,7.231055822436465
1127,1259,400.0,-45.675,169.525,13.20423200976802,10.80423200976802
1128,1260,615.0,-45.675,169.575,13.221604819278582,9.531604819278582
1129,1261,929.0,-45.675,169.625,13.240801075211493,7.666801075211494
1130,1262,1140.0,-45.675,169.675,13.262068692478351,6.422068692478351
1131,1416,209.0,-45.775,169.525,12.712055764408433,11.458055764408433
1132,1419,559.0,-45.775,169.575,12.700816536220373,9.346816536220373
1133,1438,520.0,-45.775,169.625,12.711717865808168,9.591717865808167
1134,1443,686.0,-45.775,169.675,12.741943513683509,8.62594351368351
1135,891,542.0,-45.825,169.725,12.563721463637194,9.311721463637195
1136,892,497.0,-45.825,169.775,12.63598976477806,9.65398976477806
1137,893,388.0,-45.825,169.825,12.719671923070564,10.391671923070565
1138,1183,1076.0,-45.725,169.725,13.027844550466398,6.571844550466398
1139,1184,985.0,-45.725,169.775,13.068971555258031,7.158971555258032
1140,1185,882.0,-45.725,169.825,13.108748512560851,7.816748512560851
1141,1263,1011.0,-45.675,169.725,13.284985652004252,7.218985652004252
1142,1264,1080.0,-45.675,169.775,13.307447134327958,6.827447134327958
1143,1265,944.0,-45.675,169.825,13.325327424405259,7.661327424405259
1144,1450,779.0,-45.775,169.725,12.788301387248794,8.114301387248794
1145,1555,878.0,-45.775,169.775,12.846043901343364,7.5780439013433645
1146,1558,878.0,-45.775,169.825,12.908005317789502,7.640005317789503
1147,894,396.0,-45.825,169.875,12.803040577855427,10.427040577855427
1148,895,421.0,-45.825,169.925,12.869532428288949,10.343532428288949
1149,896,469.0,-45.825,169.975,12.895410487995832,10.081410487995832
1150,897,435.0,-45.825,170.025,12.863295483562979,10.25329548356298
1151,1186,604.0,-45.725,169.875,13.139111320328084,9.515111320328085
1152,1187,653.0,-45.725,169.925,13.150305103088613,9.232305103088613
1153,1188,520.0,-45.725,169.975,13.133393389492994,10.013393389492993
1154,1189,526.0,-45.725,170.025,13.084788550593657,9.928788550593659
1155,1266,600.0,-45.675,169.875,13.332731270522345,9.732731270522345
1156,1267,487.0,-45.675,169.925,13.322996784801944,10.400996784801944
1157,1268,455.0,-45.675,169.975,13.290645178989507,10.560645178989507
1158,1269,387.0,-45.675,170.025,13.233789335848996,10.911789335848997
1159,1562,658.0,-45.775,169.875,12.963955325816642,9.015955325816641
1160,1568,553.0,-45.775,169.925,13.0002995065297,9.6822995065297
1161,1666,441.0,-45.775,169.975,13.002104662227794,10.356104662227793
1162,1669,341.0,-45.775,170.025,12.961840974880033,10.915840974880034
1163,898,515.0,-45.825,170.075,12.788740545554901,9.698740545554902
1164,899,497.0,-45.825,170.125,12.69557592732599,9.71357592732599
1165,900,295.0,-45.825,170.175,12.603586848956184,10.833586848956184
1166,901,225.0,-45.825,170.225,12.528080648669857,11.178080648669857
1167,1143,416.0,-45.675,170.125,13.062229119736003,10.566229119736002
1168,1145,359.0,-45.675,170.175,12.962461083108792,10.808461083108792
1169,1149,320.0,-45.675,170.225,12.863426721698488,10.943426721698488
1170,1190,520.0,-45.725,170.075,13.009109205260756,9.889109205260755
1171,1191,520.0,-45.725,170.125,12.916783852037042,9.796783852037041
1172,1192,501.0,-45.725,170.175,12.819441076848307,9.813441076848306
1173,1193,388.0,-45.725,170.225,12.726585430878913,10.398585430878914
1174,1270,514.0,-45.675,170.075,13.155392459753784,10.071392459753785
1175,1673,429.0,-45.775,170.075,12.887204795813886,10.313204795813887
1176,1678,472.0,-45.775,170.125,12.79433339316165,9.96233339316165
1177,1683,409.0,-45.775,170.175,12.699179673567414,10.245179673567414
1178,1689,387.0,-45.775,170.225,12.613708305056207,10.291708305056208
1179,902,52.0,-45.825,170.275,12.474058194973622,12.162058194973623
1180,903,138.0,-45.825,170.325,12.438094349228777,11.610094349228778
1181,904,147.0,-45.825,170.375,12.4165498563234,11.5345498563234
1182,1168,299.0,-45.675,170.275,12.770451930933632,10.976451930933631
1183,1177,382.0,-45.675,170.325,12.686813321517548,10.394813321517548
1184,1194,341.0,-45.725,170.275,12.644072312192293,10.598072312192294
1185,1195,358.0,-45.725,170.325,12.574497222987702,10.426497222987702
1186,1196,400.0,-45.725,170.375,12.518871335880249,10.118871335880248
1187,1279,437.0,-45.675,170.375,12.614475368027342,9.992475368027343
1188,1697,406.0,-45.775,170.275,12.543711073813029,10.107711073813029
1189,1700,53.0,-45.775,170.325,12.48985269163677,12.17185269163677
1190,1704,202.0,-45.775,170.375,12.451263491806458,11.239263491806458
1191,905,199.0,-45.825,170.425,12.408690900570946,11.214690900570947
1192,907,544.0,-45.825,170.475,12.416834934076178,9.152834934076179
1193,908,362.0,-45.825,170.525,12.445297057391144,10.273297057391144
1194,909,274.0,-45.825,170.575,12.494858666977962,10.850858666977961
1195,1197,376.0,-45.725,170.425,12.478155648481334,10.222155648481333
1196,1198,420.0,-45.725,170.475,12.453806253004586,9.933806253004587
1197,1199,202.0,-45.725,170.525,12.447231130703585,11.235231130703585
1198,1282,327.0,-45.675,170.425,12.554919402275118,10.592919402275118
1199,1284,364.0,-45.675,170.475,12.509546462621074,10.325546462621073
1200,1288,259.0,-45.675,170.525,12.479524035428767,10.925524035428767
1201,1296,251.0,-45.675,170.575,12.465275670445408,10.959275670445408
1202,1709,379.0,-45.775,170.425,12.428083247417817,10.154083247417816
1203,1713,456.0,-45.775,170.475,12.422061288991245,9.686061288991244
1204,1718,230.0,-45.775,170.525,12.43545588075358,11.05545588075358
1205,1867,198.0,-45.775,170.575,12.468438949465053,11.280438949465053
1206,910,96.0,-45.825,170.675,12.628998075102572,12.052998075102572
1207,911,13.0,-45.825,170.725,12.691871726769023,12.613871726769023
1208,1304,143.0,-45.675,170.625,12.465885076235281,11.60788507623528
1209,1950,123.0,-45.775,170.625,12.517536689076223,11.779536689076224
1210,1954,174.0,-45.775,170.675,12.576168506930117,11.532168506930116
1211,1408,410.0,-45.625,166.625,10.979641566053033,8.519641566053034
1212,1421,350.0,-45.625,166.675,11.067901317612268,8.967901317612268
1213,1437,417.0,-45.625,166.775,11.234089543955633,8.732089543955635
1214,1444,706.0,-45.625,166.825,11.311073030461557,7.075073030461557
1215,1617,588.0,-45.525,166.725,11.135867594275624,7.607867594275623
1216,1618,596.0,-45.525,166.775,11.220803801086731,7.644803801086731
1217,1619,858.0,-45.525,166.825,11.302204273582902,6.154204273582902
1218,1933,267.0,-45.575,166.725,11.149563731567468,9.547563731567468
1219,1934,602.0,-45.575,166.825,11.312713750521652,7.700713750521652
1220,1451,421.0,-45.625,166.875,11.383171614375897,8.857171614375897
1221,1549,244.0,-45.625,166.925,11.449587590817828,9.985587590817827
1222,1553,893.0,-45.625,166.975,11.509305704385042,6.1513057043850425
1223,1620,978.0,-45.525,166.975,11.519273019366665,5.651273019366665
1224,1935,341.0,-45.575,166.875,11.38796962442575,9.34196962442575
1225,1936,252.0,-45.575,166.925,11.458114107081201,9.9461141070812
1226,1937,674.0,-45.575,166.975,11.522244418680202,7.478244418680203
1227,1565,1158.0,-45.625,167.025,11.56100429984508,4.613004299845081
1228,1571,685.0,-45.625,167.075,11.602913596027065,7.492913596027066
1229,1621,338.0,-45.525,167.025,11.579738370957784,9.551738370957784
1230,1622,1029.0,-45.525,167.075,11.632131752121495,5.458131752121496
1231,1623,1046.0,-45.525,167.125,11.674451289145509,5.398451289145508
1232,1624,875.0,-45.525,167.175,11.703769184212433,6.453769184212433
1233,1646,622.0,-45.625,167.125,11.632580492499983,7.900580492499984
1234,1648,800.0,-45.625,167.175,11.646480069408426,6.846480069408426
1235,1938,1236.0,-45.575,167.025,11.579186134185875,4.163186134185875
1236,1939,764.0,-45.575,167.075,11.627365948515944,7.0433659485159446
1237,1940,1124.0,-45.575,167.125,11.664586720464285,4.920586720464286
1238,1941,335.0,-45.575,167.175,11.687577256874647,9.677577256874647
1239,1120,838.0,-45.575,167.225,11.690929620526731,6.6629296205267305
1240,1144,1140.0,-45.575,167.275,11.664832677139202,4.824832677139202
1241,1148,1229.0,-45.575,167.325,11.601190740475431,4.227190740475432
1242,1625,767.0,-45.525,167.225,11.715360791189596,7.113360791189597
1243,1626,181.0,-45.525,167.275,11.69925502242404,10.61325502242404
1244,1627,459.0,-45.525,167.325,11.635909544856986,8.881909544856986
1245,1650,740.0,-45.625,167.225,11.639524201949826,7.199524201949825
1246,1653,362.0,-45.625,167.275,11.605548573395936,9.433548573395935
1247,1656,873.0,-45.625,167.325,11.541885828482918,6.303885828482918
1248,1163,265.0,-45.575,167.375,11.510706991888583,9.920706991888583
1249,1172,1169.0,-45.575,167.425,11.406540262658382,4.3925402626583825
1250,1181,642.0,-45.575,167.475,11.297354624897707,7.445354624897707
1251,1276,179.0,-45.575,167.525,11.189584965992253,10.115584965992253
1252,1628,1166.0,-45.525,167.375,11.547314205556177,4.551314205556177
1253,1629,179.0,-45.525,167.425,11.44722581669339,10.37322581669339
1254,1630,179.0,-45.525,167.475,11.343727085186401,10.269727085186402
1255,1631,179.0,-45.525,167.525,11.243019182933494,10.169019182933495
1256,1661,561.0,-45.625,167.375,11.45404108351795,8.08804108351795
1257,1665,1025.0,-45.625,167.425,11.351280348433647,5.201280348433648
1258,1670,993.0,-45.625,167.475,11.241870851750718,5.283870851750719
1259,1674,438.0,-45.625,167.525,11.132495266676415,8.504495266676415
1260,1287,205.0,-45.575,167.575,11.08853859663941,9.85853859663941
1261,1294,201.0,-45.575,167.625,10.99886801710818,9.79286801710818
1262,1302,209.0,-45.575,167.675,10.924828162591439,9.67082816259144
1263,1403,233.0,-45.575,167.725,10.870465394196799,9.4724653941968
1264,1632,179.0,-45.525,167.575,11.150328067713417,10.076328067713417
1265,1633,200.0,-45.525,167.625,11.070296055229846,9.870296055229847
1266,1634,220.0,-45.525,167.675,11.007209891686216,9.687209891686216
1267,1635,277.0,-45.525,167.725,10.965182928688591,9.303182928688592
1268,1679,257.0,-45.625,167.575,11.028743408387527,9.486743408387527
1269,1684,682.0,-45.625,167.625,10.935523643158376,6.843523643158377
1270,1691,230.0,-45.625,167.675,10.857338255504146,9.477338255504147
1271,1696,243.0,-45.625,167.725,10.798498154326808,9.340498154326808
1272,1406,371.0,-45.575,167.775,10.83981350788963,8.613813507889631
1273,1410,375.0,-45.575,167.825,10.837163302436238,8.587163302436238
1274,1412,390.0,-45.575,167.875,10.867500949942041,8.527500949942041
1275,1636,260.0,-45.525,167.775,10.948358898982406,9.388358898982405
1276,1637,279.0,-45.525,167.825,10.961205976316705,9.287205976316706
1277,1638,305.0,-45.525,167.875,11.009009310771944,9.179009310771944
1278,1701,538.0,-45.625,167.775,10.763346160965739,7.535346160965739
1279,1706,1023.0,-45.625,167.825,10.756563256058143,4.6185632560581436
1280,1710,950.0,-45.625,167.875,10.783673114638077,5.083673114638077
1281,1415,501.0,-45.575,167.925,10.937299480807269,7.931299480807269
1282,1417,523.0,-45.575,167.975,11.056115363462595,7.918115363462595
1283,1423,622.0,-45.575,168.025,11.240509569790447,7.508509569790448
1284,1431,531.0,-45.575,168.075,11.532039743062342,8.346039743062342
1285,1639,424.0,-45.525,167.925,11.09878567722626,8.55478567722626
1286,1640,365.0,-45.525,167.975,11.241196622722782,9.051196622722783
1287,1641,678.0,-45.525,168.025,11.455289105622796,7.387289105622797
1288,1642,573.0,-45.525,168.075,11.779014736937825,8.341014736937824
1289,1715,1115.0,-45.625,167.925,10.85197990166489,4.16197990166489
1290,1719,658.0,-45.625,167.975,10.972524739365326,7.024524739365326
1291,1866,1030.0,-45.625,168.025,11.164698743174085,4.984698743174085
1292,1869,410.0,-45.625,168.075,11.463963112590136,9.003963112590137
1293,1434,379.0,-45.575,168.125,11.992616380011896,9.718616380011895
1294,1439,463.0,-45.575,168.175,12.524886915140087,9.746886915140086
1295,1446,928.0,-45.575,168.225,13.074044331093319,7.506044331093319
1296,1643,419.0,-45.525,168.125,12.236561409619753,9.722561409619754
1297,1644,471.0,-45.525,168.175,12.771833626014995,9.945833626014995
1298,1645,695.0,-45.525,168.225,13.32849975177669,9.15849975177669
1299,1871,390.0,-45.625,168.125,11.889707193215145,9.549707193215145
1300,1873,331.0,-45.625,168.175,12.392228827171493,10.406228827171493
1301,1875,332.0,-45.625,168.225,12.917756457492942,10.925756457492943
1302,1118,783.0,-45.525,168.275,13.868889455494354,9.170889455494354
1303,1154,660.0,-45.525,168.325,14.364708875669749,10.40470887566975
1304,1157,883.0,-45.525,168.375,14.793811318551889,9.495811318551889
1305,1160,531.0,-45.525,168.425,15.13945182855241,11.95345182855241
1306,1532,508.0,-45.575,168.275,13.60551296583435,10.55751296583435
1307,1534,565.0,-45.575,168.325,14.09327353684057,10.70327353684057
1308,1548,339.0,-45.575,168.375,14.517360986414133,12.483360986414134
1309,1551,299.0,-45.575,168.425,14.86326273859595,13.069262738595949
1310,1877,281.0,-45.625,168.275,13.42977556886035,11.74377556886035
1311,1879,255.0,-45.625,168.325,13.901930747801089,12.37193074780109
1312,1881,259.0,-45.625,168.375,14.314845500775846,12.760845500775845
1313,1883,248.0,-45.625,168.425,14.655091860098764,13.167091860098765
1314,1169,510.0,-45.525,168.475,15.390514092330704,12.330514092330706
1315,1178,420.0,-45.525,168.525,15.542148386884946,13.022148386884947
1316,1280,282.0,-45.525,168.575,15.596439021101105,13.904439021101105
1317,1561,338.0,-45.575,168.475,15.121968831910635,13.093968831910635
1318,1567,1008.0,-45.575,168.525,15.290221499511972,9.242221499511972
1319,1573,941.0,-45.575,168.575,15.370684579553199,9.724684579553198
1320,1885,326.0,-45.625,168.475,14.914863425743533,12.958863425743534
1321,1887,746.0,-45.625,168.525,15.091810008132597,10.615810008132598
1322,1889,595.0,-45.625,168.575,15.188785155347432,11.618785155347432
1323,1286,611.0,-45.525,168.625,15.56270010425942,11.89670010425942
1324,1293,518.0,-45.525,168.675,15.456996930806781,12.34899693080678
1325,1301,682.0,-45.525,168.725,15.300640216693864,11.208640216693865
1326,1396,816.0,-45.525,168.775,15.117727571923751,10.22172757192375
1327,1574,420.0,-45.575,168.625,15.371787522046361,12.851787522046362
1328,1575,796.0,-45.575,168.675,15.307035072124563,10.531035072124563
1329,1576,1120.0,-45.575,168.725,15.19367929652799,8.47367929652799
1330,1577,775.0,-45.575,168.775,15.050829655054258,10.40082965505426
1331,1891,952.0,-45.625,168.625,15.213356254680548,9.501356254680548
1332,1893,504.0,-45.625,168.675,15.17697804819909,12.152978048199088
1333,1894,439.0,-45.625,168.725,15.093795563938329,12.459795563938329
1334,1895,438.0,-45.625,168.775,14.979135336732725,12.351135336732725
1335,1397,1025.0,-45.525,168.825,14.932176131871529,8.78217613187153
1336,1398,1032.0,-45.525,168.875,14.764877558453009,8.572877558453008
1337,1399,1034.0,-45.525,168.925,14.631485615725978,8.427485615725978
1338,1400,1188.0,-45.525,168.975,14.541012805973878,7.413012805973878
1339,1578,934.0,-45.575,168.825,14.897262611368205,9.293262611368206
1340,1579,549.0,-45.575,168.875,14.749287460232154,11.455287460232153
1341,1580,258.0,-45.575,168.925,14.618979126244085,13.070979126244085
1342,1581,409.0,-45.575,168.975,14.512946685325005,12.058946685325004
1343,1896,862.0,-45.625,168.825,14.84783818712458,9.67583818712458
1344,1897,277.0,-45.625,168.875,14.712640500394627,13.050640500394628
1345,1898,199.0,-45.625,168.925,14.58280220159213,13.388802201592132
1346,1899,401.0,-45.625,168.975,14.463129543335526,12.057129543335527
1347,1401,631.0,-45.525,169.025,14.495108294475358,10.709108294475358
1348,1402,631.0,-45.525,169.075,14.487830223224591,10.701830223224592
1349,1405,1017.0,-45.525,169.125,14.506009724456817,8.404009724456817
1350,1582,378.0,-45.575,169.025,14.431682432361413,12.163682432361412
1351,1583,1040.0,-45.575,169.075,14.369541140084038,8.129541140084038
1352,1584,1094.0,-45.575,169.125,14.315579776681261,7.751579776681262
1353,1900,867.0,-45.625,169.025,14.353503328064107,9.151503328064107
1354,1901,1213.0,-45.625,169.075,14.249050382568385,6.971050382568384
1355,1902,743.0,-45.625,169.125,14.141200684491196,9.683200684491197
1356,1420,790.0,-45.525,169.175,14.530911643771105,9.790911643771105
1357,1435,976.0,-45.525,169.225,14.542592572848662,8.686592572848662
1358,1440,428.0,-45.525,169.275,14.528255655095563,11.960255655095564
1359,1447,135.0,-45.525,169.325,14.492259832535638,13.682259832535637
1360,1585,696.0,-45.575,169.175,14.255798724159831,10.079798724159831
1361,1586,1046.0,-45.575,169.225,14.177630952690379,7.901630952690378
1362,1587,867.0,-45.575,169.275,14.07779972856224,8.87579972856224
1363,1588,145.0,-45.575,169.325,13.97564549872186,13.105645498721861
1364,1903,403.0,-45.625,169.175,14.02000323862012,11.60200323862012
1365,1904,813.0,-45.625,169.225,13.87814008204441,9.00014008204441
1366,1905,638.0,-45.625,169.275,13.71718312651501,9.889183126515011
1367,1906,183.0,-45.625,169.325,13.558562068341416,12.460562068341416
1368,1453,473.0,-45.525,169.375,14.45329493135796,11.615294931357958
1369,1454,556.0,-45.525,169.425,14.41877453654888,11.08277453654888
1370,1455,630.0,-45.525,169.475,14.381231634688447,10.601231634688448
1371,1589,342.0,-45.575,169.375,13.9202305302897,11.8682305302897
1372,1590,531.0,-45.575,169.425,13.91390748428239,10.72790748428239
1373,1591,652.0,-45.575,169.475,13.916821611870546,10.004821611870547
1374,1907,80.0,-45.625,169.375,13.48450737039093,13.004507370390929
1375,1908,242.0,-45.625,169.425,13.492099060691544,12.040099060691544
1376,1909,465.0,-45.625,169.475,13.512690691524767,10.722690691524768
1377,1456,842.0,-45.525,169.525,14.336965796886943,9.284965796886944
1378,1457,893.0,-45.525,169.575,14.288406096820836,8.930406096820835
1379,1458,690.0,-45.525,169.625,14.239483425626531,10.09948342562653
1380,1459,794.0,-45.525,169.675,14.192892738748924,9.428892738748925
1381,1592,764.0,-45.575,169.525,13.913438824485638,9.329438824485639
1382,1593,733.0,-45.575,169.575,13.902472957459395,9.504472957459395
1383,1594,757.0,-45.575,169.625,13.886746689400752,9.344746689400752
1384,1595,735.0,-45.575,169.675,13.869036215633969,9.459036215633969
1385,1910,660.0,-45.625,169.525,13.530377008282812,9.570377008282813
1386,1911,908.0,-45.625,169.575,13.542389808979351,8.09438980897935
1387,1912,894.0,-45.625,169.625,13.550227148953127,8.186227148953126
1388,1913,1071.0,-45.625,169.675,13.555898011196405,7.1298980111964045
1389,1460,659.0,-45.525,169.725,14.149299365191837,10.195299365191836
1390,1461,764.0,-45.525,169.775,14.107462586311158,9.523462586311158
1391,1462,859.0,-45.525,169.825,14.064725194592029,8.910725194592029
1392,1596,737.0,-45.575,169.725,13.85052917075518,9.42852917075518
1393,1597,795.0,-45.575,169.775,13.830482162447879,9.06048216244788
1394,1598,922.0,-45.575,169.825,13.806474332101061,8.274474332101061
1395,1914,959.0,-45.625,169.725,13.56019961994025,7.80619961994025
1396,1915,984.0,-45.625,169.775,13.562065528851235,7.658065528851235
1397,1916,996.0,-45.625,169.825,13.558564069549902,7.582564069549902
1398,1463,969.0,-45.525,169.875,14.01766296158894,8.20366296158894
1399,1464,822.0,-45.525,169.925,13.96281327806355,9.03081327806355
1400,1465,941.0,-45.525,169.975,13.89739442721475,8.251394427214748
1401,1466,972.0,-45.525,170.025,13.819871563464403,7.987871563464403
1402,1599,915.0,-45.575,169.875,13.775018807937158,8.285018807937158
1403,1600,811.0,-45.575,169.925,13.73243263218319,8.86643263218319
1404,1601,709.0,-45.575,169.975,13.675835140311392,9.421835140311392
1405,1602,397.0,-45.575,170.025,13.604010316717904,11.222010316717904
1406,1917,784.0,-45.625,169.875,13.54539845061663,8.84139845061663
1407,1918,539.0,-45.625,169.925,13.517895300974487,10.283895300974487
1408,1919,507.0,-45.625,169.975,13.472399493708508,10.430399493708508
1409,1920,463.0,-45.625,170.025,13.407658633572282,10.629658633572282
1410,1467,246.0,-45.525,170.075,13.730213089627796,12.254213089627797
1411,1468,199.0,-45.525,170.125,13.629769302147906,12.435769302147907
1412,1469,218.0,-45.525,170.175,13.520854836970102,12.212854836970102
1413,1470,391.0,-45.525,170.225,13.40622161430656,11.06022161430656
1414,1603,241.0,-45.575,170.075,13.517798394532292,12.071798394532292
1415,1604,195.0,-45.575,170.125,13.419848585646832,12.249848585646832
1416,1605,256.0,-45.575,170.175,13.313891561076161,11.777891561076162
1417,1606,303.0,-45.575,170.225,13.20389708635048,11.38589708635048
1418,1921,441.0,-45.625,170.075,13.325476946687559,10.679476946687558
1419,1922,380.0,-45.625,170.125,13.23021542292554,10.95021542292554
1420,1923,290.0,-45.625,170.175,13.127484188269591,11.38748418826959
1421,1924,249.0,-45.625,170.225,13.022772890821216,11.528772890821216
1422,1471,335.0,-45.525,170.275,13.288607484122622,11.278607484122622
1423,1472,365.0,-45.525,170.325,13.1704632727633,10.9804632727633
1424,1473,571.0,-45.525,170.375,13.053862223154283,9.627862223154283
1425,1607,260.0,-45.575,170.275,13.093441406977945,11.533441406977945
1426,1608,446.0,-45.575,170.325,12.985424069222063,10.309424069222063
1427,1609,622.0,-45.575,170.375,12.882085545701557,9.150085545701558
1428,1925,323.0,-45.625,170.275,12.920569018664537,10.982569018664536
1429,1926,404.0,-45.625,170.325,12.82412786410714,10.40012786410714
1430,1927,587.0,-45.625,170.375,12.735728180021397,9.213728180021397
1431,1474,634.0,-45.525,170.425,12.940535120433196,9.136535120433196
1432,1475,413.0,-45.525,170.475,12.831976277055219,10.353976277055219
1433,1476,424.0,-45.525,170.525,12.729625232328544,10.185625232328544
1434,1477,306.0,-45.525,170.575,12.63523276943306,10.79923276943306
1435,1610,482.0,-45.575,170.425,12.785174274074961,9.893174274074962
1436,1611,521.0,-45.575,170.475,12.696128418247099,9.5701284182471
1437,1612,223.0,-45.575,170.525,12.616247147932881,11.278247147932882
1438,1613,258.0,-45.575,170.575,12.546969103976153,10.998969103976153
1439,1928,412.0,-45.625,170.425,12.657079303491628,10.185079303491628
1440,1929,320.0,-45.625,170.475,12.589599890183308,10.669599890183308
1441,1930,299.0,-45.625,170.525,12.534486267555621,10.740486267555621
1442,1931,21.0,-45.625,170.575,12.49267989177315,12.36667989177315
1443,1478,192.0,-45.525,170.625,12.55169519528863,11.399695195288631
1444,1479,49.0,-45.525,170.675,12.485065213622875,12.191065213622874
1445,1480,156.0,-45.525,170.725,12.447802753784345,11.511802753784345
1446,1614,173.0,-45.575,170.625,12.49048240655975,11.45248240655975
1447,1615,125.0,-45.575,170.675,12.450690624580602,11.700690624580602
1448,1616,47.0,-45.575,170.725,12.432746329941438,12.150746329941438
1449,1932,20.0,-45.625,170.625,12.464875887089875,12.344875887089875
1450,1070,607.0,-45.425,166.775,11.162163788772887,7.520163788772887
1451,1071,826.0,-45.425,166.825,11.244065234233858,6.2880652342338585
1452,1422,601.0,-45.375,166.825,11.197190825507278,7.591190825507278
1453,1481,178.0,-45.475,166.725,11.111617134447442,10.043617134447443
1454,1482,667.0,-45.475,166.775,11.197124746744521,7.195124746744521
1455,1483,625.0,-45.475,166.825,11.279265799210407,7.529265799210407
1456,1773,728.0,-45.325,166.825,11.139576926507289,6.771576926507288
1457,1072,1130.0,-45.425,166.975,11.463908812176669,4.683908812176669
1458,1436,520.0,-45.375,166.875,11.274076668341877,8.154076668341876
1459,1445,756.0,-45.375,166.925,11.346370588900754,6.810370588900755
1460,1452,81.0,-45.375,166.975,11.41317100948072,10.92717100948072
1461,1484,290.0,-45.475,166.875,11.357534396462142,9.617534396462142
1462,1485,840.0,-45.475,166.925,11.431289754866157,6.391289754866157
1463,1486,628.0,-45.475,166.975,11.49970563716488,7.73170563716488
1464,1774,782.0,-45.325,166.875,11.214524725888623,6.522524725888623
1465,1775,349.0,-45.325,166.925,11.284757771616569,9.19075777161657
1466,1073,356.0,-45.425,167.025,11.52560247736983,9.38960247736983
1467,1074,986.0,-45.425,167.075,11.579198165447451,5.663198165447452
1468,1075,167.0,-45.425,167.175,11.652057002997026,10.650057002997025
1469,1487,81.0,-45.475,167.025,11.561692714865785,11.075692714865784
1470,1488,1073.0,-45.475,167.125,11.659851179138059,5.221851179138059
1471,1489,218.0,-45.475,167.175,11.690774301649071,10.382774301649071
1472,1531,310.0,-45.375,167.125,11.566439686226659,9.706439686226659
1473,1535,528.0,-45.375,167.175,11.594419836910674,8.426419836910675
1474,1776,180.0,-45.325,167.025,11.40721948078135,10.32721948078135
1475,1777,319.0,-45.325,167.075,11.456803087494336,9.542803087494336
1476,1778,1175.0,-45.325,167.125,11.496267334383447,4.446267334383447
1477,1076,872.0,-45.425,167.225,11.66318490463891,6.4311849046389105
1478,1078,513.0,-45.425,167.275,11.649943437601905,8.571943437601906
1479,1079,521.0,-45.425,167.325,11.60996722857817,8.483967228578171
1480,1490,959.0,-45.475,167.225,11.703260997775942,5.9492609977759425
1481,1491,1117.0,-45.475,167.275,11.687640596734127,4.985640596734127
1482,1492,877.0,-45.475,167.325,11.635972086398397,6.373972086398397
1483,1537,1091.0,-45.375,167.225,11.605557720467914,5.059557720467914
1484,1539,1012.0,-45.375,167.275,11.596830031601712,5.524830031601713
1485,1541,249.0,-45.375,167.325,11.568012521136552,10.074012521136552
1486,1779,910.0,-45.325,167.225,11.536171851301333,6.076171851301333
1487,1780,362.0,-45.325,167.275,11.53320797428023,9.36120797428023
1488,1781,1023.0,-45.325,167.325,11.515349789959146,5.377349789959146
1489,1020,1060.0,-45.325,167.475,11.416909044404747,5.0569090444047475
1490,1026,204.0,-45.325,167.525,11.390277691272786,10.166277691272786
1491,1080,581.0,-45.425,167.375,11.549092428875156,8.063092428875155
1492,1081,1052.0,-45.425,167.425,11.476947900489904,5.164947900489905
1493,1082,1104.0,-45.425,167.475,11.402199159841985,4.778199159841985
1494,1083,904.0,-45.425,167.525,11.331967699574307,5.907967699574307
1495,1493,179.0,-45.475,167.375,11.55912901321426,10.48512901321426
1496,1494,1018.0,-45.475,167.425,11.470458191703074,5.362458191703074
1497,1495,275.0,-45.475,167.475,11.378831969748717,9.728831969748716
1498,1496,258.0,-45.475,167.525,11.290917772508692,9.742917772508692
1499,1544,734.0,-45.375,167.375,11.523240837646881,7.119240837646881
1500,1547,1341.0,-45.375,167.425,11.469560707831988,3.4235607078319887
1501,1554,1034.0,-45.375,167.475,11.414569145446876,5.210569145446876
1502,1559,1049.0,-45.375,167.525,11.365327318082564,5.071327318082564
1503,1782,1499.0,-45.325,167.375,11.486099551810184,2.4920995518101847
1504,1783,474.0,-45.325,167.425,11.45108735820395,8.60708735820395
1505,1030,810.0,-45.325,167.575,11.37768549649627,6.51768549649627
1506,1034,1054.0,-45.325,167.625,11.385369385388913,5.061369385388914
1507,1038,962.0,-45.325,167.675,11.41939577224548,5.64739577224548
1508,1042,257.0,-45.325,167.725,11.485779771901434,9.943779771901434
1509,1084,1267.0,-45.425,167.575,11.272330266685458,3.6703302666854585
1510,1085,636.0,-45.425,167.625,11.22874186502304,7.4127418650230394
1511,1086,259.0,-45.425,167.675,11.2063287870551,9.6523287870551
1512,1087,221.0,-45.425,167.725,11.210129109327681,9.88412910932768
1513,1497,200.0,-45.475,167.575,11.212285878777038,10.012285878777039
1514,1498,232.0,-45.475,167.625,11.14789209025912,9.75589209025912
1515,1499,324.0,-45.475,167.675,11.102351154462667,9.158351154462668
1516,1500,280.0,-45.475,167.725,11.080152439157246,9.400152439157246
1517,1564,1206.0,-45.375,167.575,11.32824023521971,4.09224023521971
1518,1570,625.0,-45.375,167.625,11.309230815590126,7.559230815590126
1519,1657,260.0,-45.375,167.675,11.31395154443453,9.75395154443453
1520,1660,204.0,-45.375,167.725,11.347990725946147,10.123990725946147
1521,1046,219.0,-45.325,167.775,11.590607622259995,10.276607622259995
1522,1050,293.0,-45.325,167.825,11.740138443739852,9.982138443739853
1523,1054,358.0,-45.325,167.875,11.9408286169637,9.7928286169637
1524,1088,324.0,-45.425,167.775,11.245349652366713,9.301349652366714
1525,1089,380.0,-45.425,167.825,11.317702752014156,9.037702752014157
1526,1090,393.0,-45.425,167.875,11.433885743725114,9.075885743725113
1527,1501,348.0,-45.475,167.775,11.085900273988955,8.997900273988954
1528,1502,361.0,-45.475,167.825,11.124657535372535,8.958657535372534
1529,1503,371.0,-45.475,167.875,11.202506258385256,8.976506258385257
1530,1664,285.0,-45.375,167.775,11.417088484071428,9.707088484071427
1531,1675,338.0,-45.375,167.825,11.52738194874837,9.49938194874837
1532,1680,390.0,-45.375,167.875,11.685669802624034,9.345669802624034
1533,1058,440.0,-45.325,167.925,12.199138819123618,9.559138819123618
1534,1091,529.0,-45.425,167.925,11.60223028837936,8.42823028837936
1535,1092,515.0,-45.425,167.975,11.833314540504944,8.743314540504944
1536,1093,561.0,-45.425,168.025,12.13940856550471,8.77340856550471
1537,1094,461.0,-45.425,168.075,12.529760778095806,9.763760778095806
1538,1146,703.0,-45.325,167.975,12.520849023596384,8.302849023596384
1539,1150,523.0,-45.325,168.025,12.9095184012549,9.7715184012549
1540,1164,817.0,-45.325,168.075,13.364004043396562,8.462004043396561
1541,1504,420.0,-45.475,167.925,11.327520436287159,8.80752043628716
1542,1505,465.0,-45.475,167.975,11.511445383221144,8.721445383221145
1543,1506,538.0,-45.475,168.025,11.771893017808907,8.543893017808907
1544,1507,439.0,-45.475,168.075,12.129907565074973,9.495907565074972
1545,1687,393.0,-45.375,167.925,11.899588431610027,9.541588431610027
1546,1692,464.0,-45.375,167.975,12.177339093192131,9.393339093192132
1547,1695,625.0,-45.375,168.025,12.526160156543483,8.776160156543483
1548,1702,691.0,-45.375,168.075,12.948643669908051,8.80264366990805
1549,1095,520.0,-45.425,168.125,13.000499403598951,9.88049940359895
1550,1096,934.0,-45.425,168.175,13.529133433956304,7.9251334339563035
1551,1097,1360.0,-45.425,168.225,14.082053539372282,5.922053539372282
1552,1173,913.0,-45.325,168.125,13.875872546923347,8.397872546923345
1553,1182,617.0,-45.325,168.175,14.428343411360402,10.726343411360402
1554,1274,610.0,-45.325,168.225,14.99756596989755,11.33756596989755
1555,1508,533.0,-45.475,168.125,12.588939600551385,9.390939600551384
1556,1509,1092.0,-45.475,168.175,13.117572611343348,6.565572611343349
1557,1510,798.0,-45.475,168.225,13.671905937677366,8.883905937677365
1558,1707,978.0,-45.375,168.125,13.437815047931508,7.569815047931509
1559,1712,855.0,-45.375,168.175,13.974959022554685,8.844959022554686
1560,1717,677.0,-45.375,168.225,14.532588957430562,10.470588957430563
1561,1098,1336.0,-45.425,168.275,14.624416715203552,6.608416715203552
1562,1099,1203.0,-45.425,168.325,15.124389817588963,7.9063898175889635
1563,1100,1071.0,-45.425,168.375,15.554036895584431,9.128036895584431
1564,1101,959.0,-45.425,168.425,15.889720610386576,10.135720610386576
1565,1295,1473.0,-45.325,168.275,15.555166161997477,6.717166161997477
1566,1303,1823.0,-45.325,168.325,16.07050806110783,5.1325080611078295
1567,1404,1123.0,-45.325,168.375,16.512132998512243,9.774132998512243
1568,1424,1265.0,-45.325,168.425,16.84882661300071,9.25882661300071
1569,1511,1215.0,-45.475,168.275,14.21377738773299,6.923777387732989
1570,1512,1144.0,-45.475,168.325,14.712220567424083,7.848220567424083
1571,1513,903.0,-45.475,168.375,15.142027549314662,9.724027549314663
1572,1514,860.0,-45.475,168.425,15.48324035468977,10.32324035468977
1573,1721,873.0,-45.375,168.275,15.079475950362394,9.841475950362394
1574,1722,1198.0,-45.375,168.325,15.584168414279702,8.396168414279703
1575,1723,1238.0,-45.375,168.375,16.01668224205787,8.588682242057867
1576,1724,958.0,-45.375,168.425,16.34956654245616,10.601566542456158
1577,1102,1222.0,-45.425,168.475,16.113100255577592,8.781100255577591
1578,1103,799.0,-45.425,168.525,16.21296242736571,11.41896242736571
1579,1104,475.0,-45.425,168.575,16.187658906070283,13.337658906070283
1580,1432,1576.0,-45.325,168.475,17.051210256686318,7.595210256686318
1581,1441,1331.0,-45.325,168.525,17.094939286951558,9.108939286951557
1582,1448,660.0,-45.325,168.575,16.966462822631,13.006462822631002
1583,1515,378.0,-45.475,168.475,15.721616658876883,13.453616658876882
1584,1516,616.0,-45.475,168.525,15.849750132634654,12.153750132634654
1585,1517,457.0,-45.475,168.575,15.868437798009836,13.126437798009835
1586,1725,676.0,-45.375,168.475,16.559425281724543,12.503425281724542
1587,1726,802.0,-45.375,168.525,16.62957406131318,11.817574061313179
1588,1727,400.0,-45.375,168.575,16.554001409371267,14.154001409371267
1589,1105,653.0,-45.425,168.625,16.047389015264343,12.129389015264344
1590,1106,350.0,-45.425,168.675,15.815038971486501,13.715038971486502
1591,1107,625.0,-45.425,168.725,15.52430609689327,11.77430609689327
1592,1108,1151.0,-45.425,168.775,15.214865936228307,8.308865936228308
1593,1518,422.0,-45.475,168.625,15.787699777050875,13.255699777050875
1594,1519,313.0,-45.475,168.675,15.626716919927276,13.748716919927276
1595,1520,670.0,-45.475,168.725,15.412114107180969,11.39211410718097
1596,1521,703.0,-45.475,168.775,15.17460401574499,10.95660401574499
1597,1536,914.0,-45.325,168.625,16.671100384221063,11.187100384221063
1598,1540,639.0,-45.325,168.675,16.24017082536011,12.40617082536011
1599,1543,308.0,-45.325,168.725,15.730803251470206,13.882803251470207
1600,1546,990.0,-45.325,168.775,15.214224183742772,9.27422418374277
1601,1728,795.0,-45.375,168.625,16.341843353919103,11.571843353919103
1602,1729,354.0,-45.375,168.675,16.02020167687442,13.896201676874421
1603,1730,1184.0,-45.375,168.725,15.632457563828211,8.528457563828212
1604,1731,1547.0,-45.375,168.775,15.230928532851976,5.948928532851976
1605,1109,1378.0,-45.425,168.825,14.925979390682187,6.657979390682188
1606,1110,1336.0,-45.425,168.875,14.690864631309523,6.674864631309523
1607,1111,1470.0,-45.425,168.925,14.533498825883726,5.713498825883727
1608,1112,1520.0,-45.425,168.975,14.467889173902222,5.347889173902223
1609,1522,989.0,-45.475,168.825,14.944766568514751,9.01076656851475
1610,1523,1433.0,-45.475,168.875,14.749140766289202,6.151140766289203
1611,1524,1291.0,-45.475,168.925,14.607524010774796,6.861524010774796
1612,1525,1069.0,-45.475,168.975,14.531635887309676,8.117635887309676
1613,1552,1505.0,-45.325,168.825,14.757356506423093,5.727356506423094
1614,1556,852.0,-45.325,168.875,14.408870842802571,9.296870842802573
1615,1560,1284.0,-45.325,168.925,14.196053176972782,6.4920531769727825
1616,1566,1565.0,-45.325,168.975,14.129794551306986,4.739794551306986
1617,1732,884.0,-45.375,168.825,14.866451015812345,9.562451015812346
1618,1733,1283.0,-45.375,168.875,14.57978352009377,6.88178352009377
1619,1734,1371.0,-45.375,168.925,14.398051769589074,6.172051769589073
1620,1735,1779.0,-45.375,168.975,14.335739757472766,3.661739757472766
1621,1113,1268.0,-45.425,169.025,14.498565710906405,6.890565710906405
1622,1114,1009.0,-45.425,169.075,14.62071825901512,8.566718259015122
1623,1115,1169.0,-45.425,169.125,14.818834209087072,7.804834209087073
1624,1526,1094.0,-45.475,169.025,14.524646654579556,7.9606466545795564
1625,1527,698.0,-45.475,169.075,14.580876115272986,10.392876115272987
1626,1528,923.0,-45.475,169.125,14.685329534171615,9.147329534171615
1627,1572,1519.0,-45.325,169.025,14.211474908166565,5.097474908166566
1628,1649,1478.0,-45.325,169.075,14.437244928602013,5.569244928602014
1629,1652,1444.0,-45.325,169.125,14.79752928938251,6.13352928938251
1630,1736,1343.0,-45.375,169.025,14.397427890013205,6.339427890013205
1631,1737,1221.0,-45.375,169.075,14.579404074247577,7.253404074247577
1632,1738,1270.0,-45.375,169.125,14.868103927699849,7.24810392769985
1633,1001,595.0,-45.475,169.275,15.017557297091116,11.447557297091116
1634,1003,131.0,-45.475,169.325,15.04486944427481,14.25886944427481
1635,1116,1416.0,-45.425,169.175,15.063736305237398,6.567736305237398
1636,1117,1362.0,-45.425,169.225,15.310248036155826,7.138248036155828
1637,1122,500.0,-45.425,169.275,15.502171312313294,12.502171312313294
1638,1123,317.0,-45.425,169.325,15.592671299673384,13.690671299673385
1639,1529,1054.0,-45.475,169.175,14.81366333940241,8.489663339402412
1640,1530,1201.0,-45.475,169.225,14.934594657242997,7.728594657242997
1641,1654,1346.0,-45.325,169.175,15.270159806808806,7.1941598068088055
1642,1658,1406.0,-45.325,169.225,15.802677664207295,7.366677664207295
1643,1662,658.0,-45.325,169.275,16.277236858630204,12.329236858630203
1644,1667,435.0,-45.325,169.325,16.511660368574667,13.901660368574667
1645,1739,1523.0,-45.375,169.175,15.234005136066116,6.0960051360661165
1646,1740,1317.0,-45.375,169.225,15.621017149445834,7.719017149445834
1647,1741,312.0,-45.375,169.275,15.940091178898001,14.068091178898001
1648,1742,374.0,-45.375,169.325,16.09726544180012,13.853265441800119
1649,1004,407.0,-45.475,169.375,15.018617439913214,12.576617439913214
1650,1005,735.0,-45.475,169.425,14.953586219882709,10.543586219882709
1651,1006,884.0,-45.475,169.475,14.866407095309114,9.562407095309116
1652,1124,486.0,-45.425,169.375,15.571551143264514,12.655551143264514
1653,1125,905.0,-45.425,169.425,15.468625843772315,10.038625843772316
1654,1126,818.0,-45.425,169.475,15.326907287744689,10.41890728774469
1655,1671,582.0,-45.325,169.375,16.442309985432075,12.950309985432074
1656,1676,540.0,-45.325,169.425,16.22088812859147,12.980888128591468
1657,1681,536.0,-45.325,169.475,15.980777951990603,12.764777951990602
1658,1743,651.0,-45.375,169.375,16.066562521038577,12.160562521038578
1659,1744,663.0,-45.375,169.425,15.91207557497546,11.934075574975461
1660,1745,773.0,-45.375,169.475,15.71469686254568,11.07669686254568
1661,1007,871.0,-45.475,169.525,14.771028505099821,9.545028505099822
1662,1008,860.0,-45.475,169.575,14.677399519336177,9.517399519336177
1663,1009,785.0,-45.475,169.625,14.591223471361445,9.881223471361444
1664,1012,800.0,-45.475,169.675,14.51457635933184,9.71457635933184
1665,1127,852.0,-45.425,169.525,15.178759661634103,10.066759661634105
1666,1128,817.0,-45.425,169.575,15.041357782436535,10.139357782436534
1667,1129,743.0,-45.425,169.625,14.921238202601671,10.463238202601673
1668,1130,975.0,-45.425,169.675,14.818982065786258,8.968982065786259
1669,1685,680.0,-45.325,169.525,15.76614149712259,11.68614149712259
1670,1688,759.0,-45.325,169.575,15.586414730321849,11.03241473032185
1671,1693,733.0,-45.325,169.625,15.440175394716789,11.04217539471679
1672,1698,707.0,-45.325,169.675,15.32248660067853,11.08048660067853
1673,1746,765.0,-45.375,169.525,15.521768293678178,10.931768293678179
1674,1747,799.0,-45.375,169.575,15.351913430858986,10.557913430858985
1675,1748,802.0,-45.375,169.625,15.209272543870611,10.397272543870612
1676,1749,991.0,-45.375,169.675,15.091742298391182,9.145742298391182
1677,1015,728.0,-45.475,169.725,14.446846798600745,10.078846798600745
1678,1017,671.0,-45.475,169.775,14.385617639272823,10.359617639272823
1679,1019,553.0,-45.475,169.825,14.327407914373907,11.009407914373908
1680,1131,980.0,-45.425,169.725,14.732107736665057,8.852107736665058
1681,1132,871.0,-45.425,169.775,14.656646917763283,9.430646917763283
1682,1133,586.0,-45.425,169.825,14.588025876160827,11.072025876160827
1683,1703,916.0,-45.325,169.725,15.2273637404287,9.731363740428701
1684,1708,833.0,-45.325,169.775,15.148682789193117,10.150682789193116
1685,1714,993.0,-45.325,169.825,15.080564031246467,9.122564031246469
1686,1750,1103.0,-45.375,169.725,14.994744579613325,8.376744579613327
1687,1751,1077.0,-45.375,169.775,14.912862380340812,8.450862380340812
1688,1752,907.0,-45.375,169.825,14.840579427938792,9.398579427938792
1689,1022,674.0,-45.475,169.875,14.268315199951758,10.224315199951757
1690,1024,929.0,-45.475,169.925,14.204595824281569,8.63059582428157
1691,1027,1098.0,-45.475,169.975,14.133171116409358,7.545171116409358
1692,1031,1244.0,-45.475,170.025,14.052000828480232,6.588000828480232
1693,1134,591.0,-45.425,169.875,14.521627550537232,10.975627550537233
1694,1135,556.0,-45.425,169.925,14.45321025994781,11.117210259947809
1695,1136,893.0,-45.425,169.975,14.379238570385496,9.021238570385496
1696,1137,1227.0,-45.425,170.025,14.29711939310073,6.93511939310073
1697,1720,460.0,-45.325,169.875,15.017569615301909,12.25756961530191
1698,1753,502.0,-45.375,169.875,14.77266804840474,11.760668048404739
1699,1754,557.0,-45.375,169.925,14.704442039859714,11.362442039859713
1700,1755,567.0,-45.375,169.975,14.631947430345463,11.229947430345463
1701,1756,963.0,-45.375,170.025,14.552103987327428,8.774103987327427
1702,1784,389.0,-45.325,169.925,14.95483298281033,12.620832982810331
1703,1785,447.0,-45.325,169.975,14.888161902621505,12.206161902621504
1704,1786,925.0,-45.325,170.025,14.814129636928556,9.264129636928555
1705,1036,550.0,-45.475,170.075,13.96025499717507,10.66025499717507
1706,1040,233.0,-45.475,170.125,13.858256568550132,12.460256568550133
1707,1044,239.0,-45.475,170.175,13.747236662195064,12.313236662195065
1708,1048,539.0,-45.475,170.225,13.628997953157523,10.394997953157523
1709,1138,1403.0,-45.425,170.075,14.205317104017013,5.7873171040170135
1710,1139,614.0,-45.425,170.125,14.103334561281372,10.419334561281373
1711,1140,257.0,-45.425,170.175,13.99157590782852,12.44957590782852
1712,1141,319.0,-45.425,170.225,13.871133262466174,11.957133262466174
1713,1757,1190.0,-45.375,170.075,14.462790241654147,7.322790241654148
1714,1758,1192.0,-45.375,170.125,14.362863000656944,7.210863000656944
1715,1759,748.0,-45.375,170.175,14.252106327825459,9.76410632782546
1716,1760,248.0,-45.375,170.225,14.1311121006147,12.643112100614701
1717,1788,1065.0,-45.325,170.075,14.730160147562856,8.340160147562855
1718,1789,1146.0,-45.325,170.125,14.634604890117771,7.758604890117771
1719,1791,1142.0,-45.325,170.175,14.526788735107402,7.674788735107403
1720,1793,531.0,-45.325,170.225,14.406983283421141,11.220983283421141
1721,1052,456.0,-45.475,170.275,13.505590051645413,10.769590051645412
1722,1056,384.0,-45.475,170.325,13.379068651556736,11.075068651556736
1723,1060,501.0,-45.475,170.375,13.25136385388032,10.24536385388032
1724,1121,480.0,-45.425,170.325,13.610620488398126,10.730620488398127
1725,1142,624.0,-45.425,170.275,13.743551354651572,9.999551354651572
1726,1147,458.0,-45.425,170.375,13.474234151377459,10.72623415137746
1727,1761,387.0,-45.375,170.275,14.00110926599882,11.679109265998822
1728,1762,646.0,-45.375,170.325,13.8637792965892,9.987779296589201
1729,1763,450.0,-45.375,170.375,13.721106730925385,11.021106730925386
1730,1795,320.0,-45.325,170.275,14.276282951090252,12.356282951090252
1731,1797,533.0,-45.325,170.325,14.136416567547712,10.938416567547712
1732,1799,696.0,-45.325,170.375,13.989570788791752,9.813570788791752
1733,1061,539.0,-45.475,170.425,13.124249890446663,9.890249890446663
1734,1062,614.0,-45.475,170.475,12.999404839225463,9.315404839225463
1735,1063,444.0,-45.475,170.525,12.878577559109544,10.214577559109545
1736,1064,327.0,-45.475,170.575,12.763937946845545,10.801937946845545
1737,1151,596.0,-45.425,170.425,13.336332477731048,9.760332477731048
1738,1167,517.0,-45.425,170.475,13.198948136719991,10.096948136719991
1739,1176,475.0,-45.425,170.525,13.064387022954179,10.21438702295418
1740,1278,360.0,-45.425,170.575,12.935624584046309,10.775624584046309
1741,1764,520.0,-45.375,170.425,13.57530835988291,10.45530835988291
1742,1765,553.0,-45.375,170.475,13.428873895201832,10.110873895201832
1743,1766,484.0,-45.375,170.525,13.284752085572109,10.380752085572109
1744,1767,339.0,-45.375,170.575,13.14673593796033,11.11273593796033
1745,1801,599.0,-45.325,170.425,13.838293701934163,10.244293701934163
1746,1803,395.0,-45.325,170.475,13.685512870870298,11.315512870870297
1747,1805,261.0,-45.325,170.525,13.534676022653002,11.968676022653003
1748,1807,119.0,-45.325,170.575,13.389997020058217,12.675997020058217
1749,1065,174.0,-45.475,170.625,12.658800815741415,11.614800815741415
1750,1066,69.0,-45.475,170.675,12.569305260200053,12.155305260200054
1751,1067,15.0,-45.475,170.725,12.512165797656053,12.422165797656053
1752,1289,240.0,-45.425,170.625,12.817127039597835,11.377127039597836
1753,1297,59.0,-45.425,170.675,12.716697409923654,12.362697409923655
1754,1305,100.0,-45.425,170.725,12.64823426293151,12.04823426293151
1755,1768,61.0,-45.375,170.625,13.020109775286983,12.654109775286983
1756,1769,147.0,-45.375,170.675,12.912349511461798,12.030349511461798
1757,1770,385.0,-45.375,170.725,12.831900304256123,10.521900304256123
1758,1809,584.0,-45.325,170.625,13.256696425087284,9.752696425087285
1759,1811,449.0,-45.325,170.675,13.140810307348147,10.446810307348148
1760,1813,504.0,-45.325,170.725,13.047659713978646,10.023659713978645
1761,1068,20.0,-45.475,170.775,12.503118228982203,12.383118228982203
1762,1069,53.0,-45.475,170.825,12.515142472140724,12.197142472140724
1763,1407,188.0,-45.425,170.775,12.618456578420592,11.490456578420591
1764,1771,170.0,-45.375,170.775,12.781645285911509,11.76164528591151
1765,1772,40.0,-45.375,170.825,12.755539346981095,12.515539346981095
1766,1815,89.0,-45.325,170.775,12.978996846039081,12.44499684603908
1767,1821,5.0,-45.325,170.825,12.931953273015097,12.901953273015097
1768,1790,606.0,-45.225,166.925,11.13167914742371,7.495679147423711
1769,1823,307.0,-45.275,166.925,11.212592326366575,9.370592326366575
1770,1825,640.0,-45.275,166.975,11.274648331862409,7.434648331862409
1771,1320,155.0,-45.175,167.025,11.151604419981595,10.221604419981595
1772,1321,1107.0,-45.175,167.075,11.195976613118546,4.553976613118546
1773,1322,850.0,-45.175,167.175,11.2632043735357,6.1632043735357005
1774,1792,834.0,-45.225,167.025,11.244118606467964,6.240118606467965
1775,1794,1143.0,-45.225,167.075,11.289809315028833,4.431809315028834
1776,1796,678.0,-45.225,167.125,11.327220623876201,7.259220623876201
1777,1798,734.0,-45.225,167.175,11.355579369497718,6.951579369497718
1778,1826,638.0,-45.275,167.025,11.330025372764794,7.502025372764795
1779,1828,397.0,-45.275,167.075,11.377478975977283,8.995478975977283
1780,1830,826.0,-45.275,167.175,11.442947550356621,6.486947550356621
1781,1323,806.0,-45.175,167.225,11.286089460132644,6.450089460132643
1782,1324,1125.0,-45.175,167.275,11.302956836705562,4.552956836705562
1783,1325,179.0,-45.175,167.325,11.315855480439495,10.241855480439495
1784,1800,465.0,-45.225,167.225,11.374582148564514,8.584582148564515
1785,1802,1164.0,-45.225,167.275,11.384786987880943,4.400786987880943
1786,1804,1030.0,-45.225,167.325,11.387980153638637,5.207980153638636
1787,1832,914.0,-45.275,167.225,11.458446850156179,5.974446850156179
1788,1834,1240.0,-45.275,167.275,11.461932057107333,4.021932057107334
1789,1836,1366.0,-45.275,167.325,11.454802262160229,3.258802262160229
1790,1326,1191.0,-45.175,167.375,11.327943432610482,4.181943432610482
1791,1327,1182.0,-45.175,167.425,11.343428829219192,4.251428829219193
1792,1328,1350.0,-45.175,167.475,11.367381544958334,3.2673815449583348
1793,1329,1166.0,-45.175,167.525,11.40549565749825,4.40949565749825
1794,1806,795.0,-45.225,167.375,11.387343827605946,6.617343827605946
1795,1808,1170.0,-45.225,167.425,11.387334184197243,4.367334184197244
1796,1810,1208.0,-45.225,167.475,11.393352063169004,4.145352063169005
1797,1812,974.0,-45.225,167.525,11.411377655313117,5.567377655313117
1798,1868,938.0,-45.275,167.375,11.440320740832249,5.812320740832249
1799,1870,471.0,-45.275,167.425,11.423360253422288,8.597360253422288
1800,1872,1201.0,-45.275,167.475,11.40980105107883,4.20380105107883
1801,1874,1396.0,-45.275,167.525,11.405965177022154,3.029965177022154
1802,1330,1185.0,-45.175,167.575,11.46387078880798,4.353870788807981
1803,1331,353.0,-45.175,167.625,11.548837159818504,9.430837159818504
1804,1332,204.0,-45.175,167.675,11.666811099712504,10.442811099712504
1805,1333,343.0,-45.175,167.725,11.8241479935823,9.766147993582301
1806,1814,895.0,-45.225,167.575,11.447689032589551,6.077689032589552
1807,1816,1293.0,-45.225,167.625,11.508688034460647,3.750688034460648
1808,1817,782.0,-45.225,167.675,11.600799087085761,6.908799087085761
1809,1818,204.0,-45.225,167.725,11.730391582008451,10.506391582008451
1810,1876,1462.0,-45.275,167.575,11.418275526346406,2.6462755263464075
1811,1878,1071.0,-45.275,167.625,11.453116534394212,5.027116534394212
1812,1880,918.0,-45.275,167.675,11.516808234970085,6.008808234970085
1813,1882,204.0,-45.275,167.725,11.615621426026337,10.391621426026337
1814,1334,204.0,-45.175,167.775,12.026953560634865,10.802953560634865
1815,1335,225.0,-45.175,167.825,12.280814671656117,10.930814671656117
1816,1336,231.0,-45.175,167.875,12.590414864229388,11.204414864229388
1817,1819,204.0,-45.225,167.775,11.903678332440904,10.679678332440904
1818,1820,239.0,-45.225,167.825,12.126542580634123,10.692542580634123
1819,1822,361.0,-45.225,167.875,12.404238393617561,10.23823839361756
1820,1884,204.0,-45.275,167.775,11.755784706911072,10.531784706911072
1821,1886,375.0,-45.275,167.825,11.943437434048974,9.693437434048974
1822,1888,364.0,-45.275,167.875,12.18446111564117,10.00046111564117
1823,1337,297.0,-45.175,167.925,12.959010044796742,11.177010044796742
1824,1338,559.0,-45.175,167.975,13.387764296756359,10.03376429675636
1825,1339,1074.0,-45.175,168.025,13.874992663739249,7.430992663739249
1826,1340,898.0,-45.175,168.075,14.415422682475764,9.027422682475764
1827,1824,530.0,-45.225,167.925,12.740899343436467,9.560899343436468
1828,1827,583.0,-45.225,167.975,13.138798274056171,9.640798274056172
1829,1829,1026.0,-45.225,168.025,13.597361772801378,7.441361772801378
1830,1831,804.0,-45.225,168.075,14.112078886304516,9.288078886304518
1831,1890,400.0,-45.275,167.925,12.484078862456954,10.084078862456954
1832,1892,485.0,-45.275,167.975,12.84607369855803,9.93607369855803
1833,1942,707.0,-45.275,168.025,13.271517896733712,9.029517896733712
1834,1943,1051.0,-45.275,168.075,13.757137388616684,7.451137388616684
1835,1341,1137.0,-45.175,168.125,14.999633755272953,8.177633755272954
1836,1342,1101.0,-45.175,168.175,15.61380517714133,9.00780517714133
1837,1343,1014.0,-45.175,168.225,16.239775094159995,10.155775094159996
1838,1833,1358.0,-45.225,168.125,14.673598490931909,6.525598490931909
1839,1835,615.0,-45.225,168.175,15.267328469373751,11.577328469373752
1840,1837,839.0,-45.225,168.225,15.873626587184845,10.839626587184846
1841,1944,1284.0,-45.275,168.125,14.293831208764459,6.589831208764459
1842,1945,631.0,-45.275,168.175,14.86605439268169,11.08005439268169
1843,1946,991.0,-45.275,168.225,15.452352030028123,9.506352030028124
1844,1344,940.0,-45.175,168.275,16.8552402077039,11.2152402077039
1845,1345,459.0,-45.175,168.325,17.433803150401218,14.679803150401218
1846,1346,808.0,-45.175,168.375,17.944535715971142,13.096535715971143
1847,1347,1286.0,-45.175,168.425,18.35073133809783,10.634731338097831
1848,1838,912.0,-45.225,168.275,16.468339463084703,10.996339463084704
1849,1839,668.0,-45.225,168.325,17.023267327895155,13.015267327895156
1850,1840,1279.0,-45.225,168.375,17.506210770166945,9.832210770166945
1851,1841,1141.0,-45.225,168.425,17.88050933042541,11.034509330425411
1852,1947,679.0,-45.275,168.275,16.026597935939208,11.952597935939208
1853,1948,1040.0,-45.275,168.325,16.559198994465987,10.319198994465987
1854,1949,1296.0,-45.275,168.375,17.017855851809145,9.241855851809145
1855,1951,1236.0,-45.275,168.425,17.368026570838992,9.952026570838992
1856,1119,1445.0,-45.275,168.575,17.4227671057306,8.7527671057306
1857,1348,1468.0,-45.175,168.475,18.607571678003296,9.799571678003296
1858,1349,1634.0,-45.175,168.525,18.65890771886916,8.854907718869159
1859,1350,1283.0,-45.175,168.575,18.436130228685215,10.738130228685215
1860,1842,1294.0,-45.225,168.475,18.104424638382625,10.340424638382625
1861,1843,539.0,-45.225,168.525,18.131750465501682,14.897750465501682
1862,1844,1175.0,-45.225,168.575,17.91749575632275,10.86749575632275
1863,1952,943.0,-45.275,168.475,17.57381369950599,11.915813699505991
1864,1953,1463.0,-45.275,168.525,17.600739898742177,8.822739898742176
1865,1162,1308.0,-45.275,168.625,17.0355624405056,9.187562440505602
1866,1171,1585.0,-45.275,168.675,16.47280398644216,6.962803986442159
1867,1180,326.0,-45.275,168.725,15.811858468892751,13.855858468892752
1868,1281,464.0,-45.275,168.775,15.154423751868308,12.370423751868309
1869,1351,384.0,-45.175,168.625,17.87286478889291,15.568864788892911
1870,1352,786.0,-45.175,168.675,16.96671135039651,12.250711350396507
1871,1353,308.0,-45.175,168.725,15.869804364803713,14.021804364803714
1872,1354,974.0,-45.175,168.775,14.84289005312894,8.998890053128939
1873,1845,1310.0,-45.225,168.625,17.436095848170226,9.576095848170226
1874,1846,1316.0,-45.225,168.675,16.715823529739282,8.819823529739281
1875,1847,308.0,-45.225,168.725,15.864495377856656,14.016495377856657
1876,1848,938.0,-45.225,168.775,15.03749044353026,9.40949044353026
1877,1283,1754.0,-45.275,168.825,14.590950426005293,4.0669504260052936
1878,1285,1538.0,-45.275,168.875,14.176881469480577,4.948881469480577
1879,1290,835.0,-45.275,168.925,13.933179439336527,8.923179439336527
1880,1298,1396.0,-45.275,168.975,13.860067474015523,5.484067474015523
1881,1355,1895.0,-45.175,168.825,14.06602208680124,2.696022086801241
1882,1356,2071.0,-45.175,168.875,13.573751062474912,1.1477510624749119
1883,1357,1405.0,-45.175,168.925,13.327541728402139,4.897541728402139
1884,1358,754.0,-45.175,168.975,13.277559799229493,8.753559799229492
1885,1849,1493.0,-45.225,168.825,14.361096325679682,5.403096325679682
1886,1850,1690.0,-45.225,168.875,13.891391912853578,3.7513919128535793
1887,1851,1094.0,-45.225,168.925,13.630408205455751,7.066408205455752
1888,1852,709.0,-45.225,168.975,13.557874954683939,9.30387495468394
1889,1306,1404.0,-45.275,169.025,13.95029826730024,5.526298267300241
1890,1359,944.0,-45.175,169.025,13.384471658224356,7.720471658224357
1891,1360,1181.0,-45.175,169.075,13.624463863146957,6.538463863146957
1892,1361,632.0,-45.175,169.125,13.987037068465725,10.195037068465725
1893,1414,1712.0,-45.275,169.075,14.196360968679073,3.924360968679073
1894,1418,1320.0,-45.275,169.125,14.59083866867877,6.670838668678772
1895,1853,902.0,-45.225,169.025,13.651868551212829,8.23986855121283
1896,1854,1583.0,-45.225,169.075,13.897114186998806,4.399114186998807
1897,1855,1218.0,-45.225,169.125,14.283391674529412,6.975391674529412
1898,1362,583.0,-45.175,169.175,14.450188210146734,10.952188210146735
1899,1363,607.0,-45.175,169.225,14.908762015780667,11.266762015780667
1900,1364,642.0,-45.175,169.275,15.144578920691856,11.292578920691856
1901,1365,293.0,-45.175,169.325,15.328590286968392,13.570590286968393
1902,1425,1358.0,-45.275,169.175,15.120929030352272,6.972929030352272
1903,1426,1127.0,-45.275,169.225,15.758306911215186,8.996306911215186
1904,1427,565.0,-45.275,169.275,16.412011594642536,13.022011594642535
1905,1428,252.0,-45.275,169.325,16.758218087779824,15.246218087779823
1906,1856,778.0,-45.225,169.175,14.792979948208085,10.124979948208086
1907,1857,801.0,-45.225,169.225,15.38973139943846,10.58373139943846
1908,1858,480.0,-45.225,169.275,16.06493417308957,13.18493417308957
1909,1859,173.0,-45.225,169.325,16.598093871143647,15.560093871143646
1910,1366,280.0,-45.175,169.375,15.774675701046363,14.094675701046363
1911,1367,269.0,-45.175,169.425,15.899402774433838,14.285402774433837
1912,1368,180.0,-45.175,169.475,15.906825369063881,14.826825369063881
1913,1429,261.0,-45.275,169.375,16.595624568173662,15.029624568173663
1914,1430,368.0,-45.275,169.425,16.321945687610423,14.113945687610423
1915,1433,330.0,-45.275,169.475,16.087323208950693,14.107323208950692
1916,1860,169.0,-45.225,169.375,16.36957143402833,15.355571434028331
1917,1861,199.0,-45.225,169.425,16.181011984095676,14.987011984095677
1918,1862,225.0,-45.225,169.475,16.037882438555243,14.687882438555244
1919,1077,437.0,-45.225,169.675,15.651862753380556,13.029862753380556
1920,1369,292.0,-45.175,169.525,15.875065850399551,14.12306585039955
1921,1370,468.0,-45.175,169.575,15.83427698534797,13.02627698534797
1922,1371,622.0,-45.175,169.625,15.796774345057202,12.064774345057202
1923,1372,412.0,-45.175,169.675,15.76668904410326,13.29468904410326
1924,1442,361.0,-45.275,169.525,15.893201537415734,13.727201537415734
1925,1449,558.0,-45.275,169.575,15.735244694529683,12.387244694529684
1926,1533,618.0,-45.275,169.625,15.608485389893758,11.900485389893758
1927,1538,624.0,-45.275,169.675,15.507662259362405,11.763662259362405
1928,1863,344.0,-45.225,169.525,15.913979478835245,13.849979478835245
1929,1864,601.0,-45.225,169.575,15.80821989782271,12.20221989782271
1930,1865,450.0,-45.225,169.625,15.721265821906854,13.021265821906855
1931,1152,521.0,-45.225,169.725,15.59711996599799,12.47111996599799
1932,1153,619.0,-45.225,169.775,15.553221925161779,11.839221925161779
1933,1155,870.0,-45.225,169.825,15.515955411756295,10.295955411756296
1934,1373,447.0,-45.175,169.725,15.74417276083841,13.06217276083841
1935,1374,631.0,-45.175,169.775,15.727400005111122,11.941400005111122
1936,1375,1006.0,-45.175,169.825,15.713556941991556,9.677556941991554
1937,1542,739.0,-45.275,169.725,15.427265416830778,10.993265416830779
1938,1545,781.0,-45.275,169.775,15.361734595833695,10.675734595833696
1939,1550,844.0,-45.275,169.825,15.30566370044835,10.241663700448349
1940,1156,894.0,-45.225,169.875,15.481031835064641,10.11703183506464
1941,1159,439.0,-45.225,169.925,15.444274364694138,12.810274364694138
1942,1166,387.0,-45.225,169.975,15.401730249432148,13.07973024943215
1943,1175,375.0,-45.225,170.025,15.349759077042108,13.099759077042108
1944,1376,858.0,-45.175,169.875,15.699348419177113,10.551348419177113
1945,1377,471.0,-45.175,169.925,15.681266952000442,12.855266952000441
1946,1378,404.0,-45.175,169.975,15.655736409360543,13.231736409360543
1947,1379,381.0,-45.175,170.025,15.619191212652368,13.333191212652368
1948,1557,662.0,-45.275,169.875,15.25395427973126,11.281954279731261
1949,1563,401.0,-45.275,169.925,15.201923167420318,12.79592316742032
1950,1569,372.0,-45.275,169.975,15.145384758419823,12.913384758419824
1951,1647,417.0,-45.275,170.025,15.080732100337627,12.578732100337628
1952,1277,388.0,-45.225,170.075,15.285162791362382,12.957162791362382
1953,1291,419.0,-45.225,170.125,15.205446332562133,12.691446332562133
1954,1299,596.0,-45.225,170.175,15.109224583095056,11.533224583095055
1955,1307,584.0,-45.225,170.225,14.996538703591796,11.492538703591796
1956,1380,381.0,-45.175,170.075,15.568168481564499,13.282168481564499
1957,1381,368.0,-45.175,170.125,15.49960745649878,13.29160745649878
1958,1382,409.0,-45.175,170.175,15.411610338982427,12.957610338982427
1959,1383,362.0,-45.175,170.225,15.30426130835258,13.132261308352579
1960,1651,498.0,-45.275,170.075,15.005046662772656,12.017046662772657
1961,1655,735.0,-45.275,170.125,14.916259975318098,10.506259975318098
1962,1659,805.0,-45.275,170.175,14.813338462554384,9.983338462554384
1963,1663,746.0,-45.275,170.225,14.69638053671224,10.220380536712241
1964,1308,482.0,-45.225,170.275,14.868760763696628,11.976760763696628
1965,1309,542.0,-45.225,170.325,14.728174694027985,11.476174694027986
1966,1310,631.0,-45.225,170.375,14.57759681812604,10.79159681812604
1967,1384,379.0,-45.175,170.275,15.179450824158266,12.905450824158265
1968,1385,549.0,-45.175,170.325,15.039993490470806,11.745993490470806
1969,1386,620.0,-45.175,170.375,14.889063059075852,11.169063059075853
1970,1668,340.0,-45.275,170.275,14.56652179149387,12.52652179149387
1971,1672,425.0,-45.275,170.325,14.425689530078671,11.87568953007867
1972,1677,691.0,-45.275,170.375,14.27635642112,10.130356421119998
1973,1311,491.0,-45.225,170.425,14.420193413112429,11.47419341311243
1974,1312,503.0,-45.225,170.475,14.259440557449125,11.241440557449124
1975,1313,775.0,-45.225,170.525,14.099133897558204,9.449133897558205
1976,1314,852.0,-45.225,170.575,13.94336230654153,8.831362306541532
1977,1387,757.0,-45.175,170.425,14.730041001166683,10.188041001166683
1978,1388,1345.0,-45.175,170.475,14.566506492439657,6.496506492439659
1979,1389,1105.0,-45.175,170.525,14.402222894044826,7.772222894044826
1980,1390,744.0,-45.175,170.575,14.241059627587674,9.777059627587674
1981,1682,642.0,-45.275,170.425,14.121399997384287,10.269399997384287
1982,1686,381.0,-45.275,170.475,13.964083648228552,11.678083648228553
1983,1690,413.0,-45.275,170.525,13.808123628274188,11.330123628274189
1984,1694,606.0,-45.275,170.575,13.657771557627711,10.021771557627712
1985,1315,840.0,-45.225,170.625,13.796341909081093,8.756341909081094
1986,1316,567.0,-45.225,170.675,13.66199932062591,10.25999932062591
1987,1317,326.0,-45.225,170.725,13.543300617457135,11.587300617457135
1988,1391,492.0,-45.175,170.625,14.086804065402248,11.134804065402248
1989,1392,541.0,-45.175,170.675,13.942838263261365,10.696838263261364
1990,1393,237.0,-45.175,170.725,13.811727859239909,12.389727859239908
1991,1699,703.0,-45.275,170.625,13.517766849472537,9.299766849472537
1992,1705,339.0,-45.275,170.675,13.392892325122375,11.358892325122376
1993,1711,325.0,-45.275,170.725,13.286902484440361,11.336902484440362
1994,1318,98.0,-45.225,170.775,13.441599235069589,12.85359923506959
1995,1319,57.0,-45.225,170.825,13.356455128538073,13.014455128538073
1996,1394,52.0,-45.175,170.775,13.694878264330328,13.382878264330328
1997,1395,26.0,-45.175,170.825,13.592442131150165,13.436442131150164
1998,1716,56.0,-45.275,170.775,13.201210969957174,12.865210969957174
1999,1787,21.0,-45.275,170.825,13.134490059426753,13.008490059426753
2000,2062,20.0,-45.175,170.875,13.503524188621668,13.383524188621669
2001,2114,884.0,-45.125,167.025,11.054270293650916,5.7502702936509165
2002,2124,457.0,-45.125,167.075,11.097746244660811,8.35574624466081
2003,2228,437.0,-45.125,167.125,11.13533928396646,8.51333928396646
2004,2231,687.0,-45.125,167.175,11.167225961602526,7.045225961602526
2005,2530,375.0,-44.975,167.175,10.868212607398164,8.618212607398164
2006,2798,621.0,-45.025,167.125,10.932699467259226,7.206699467259226
2007,2981,864.0,-45.075,167.075,10.996567806636449,5.812567806636449
2008,2982,535.0,-45.075,167.125,11.034784108458553,7.824784108458553
2009,2983,907.0,-45.075,167.175,11.068768589320825,5.626768589320825
2010,2251,936.0,-45.125,167.225,11.194089252501726,5.5780892525017265
2011,2256,395.0,-45.125,167.275,11.217305428435793,8.847305428435792
2012,2264,913.0,-45.125,167.325,11.23909638490295,5.76109638490295
2013,2531,160.0,-44.975,167.225,10.905828427552478,9.945828427552478
2014,2532,1165.0,-44.975,167.275,10.944693453289801,3.954693453289801
2015,2533,411.0,-44.975,167.325,10.987142915313598,8.521142915313597
2016,2799,104.0,-45.025,167.225,11.003137505234918,10.379137505234917
2017,2800,530.0,-45.025,167.275,11.037433117133332,7.857433117133333
2018,2801,110.0,-45.025,167.325,11.07404391511227,10.41404391511227
2019,2984,1240.0,-45.075,167.225,11.09949596322258,3.6594959632225805
2020,2985,1047.0,-45.075,167.275,11.128560187731637,4.846560187731637
2021,2986,148.0,-45.075,167.325,11.15828243107535,10.27028243107535
2022,2272,221.0,-45.125,167.375,11.262603083741851,9.93660308374185
2023,2380,1383.0,-45.125,167.425,11.29185942580807,2.99385942580807
2024,2392,260.0,-45.125,167.475,11.331681612267857,9.771681612267857
2025,2490,749.0,-45.125,167.525,11.38751144395792,6.8935114439579195
2026,2534,651.0,-44.975,167.375,11.03610176302027,7.13010176302027
2027,2535,60.0,-44.975,167.475,11.168223175729509,10.808223175729509
2028,2536,474.0,-44.975,167.525,11.260136592507479,8.41613659250748
2029,2802,228.0,-45.025,167.375,11.116003951465245,9.748003951465245
2030,2803,426.0,-45.025,167.425,11.16702810866991,8.611028108669911
2031,2804,417.0,-45.025,167.475,11.231475917971693,8.729475917971694
2032,2805,822.0,-45.025,167.525,11.314285091953934,6.382285091953934
2033,2987,172.0,-45.075,167.375,11.191766958450899,10.159766958450898
2034,2988,897.0,-45.075,167.425,11.232893450302072,5.850893450302071
2035,2989,935.0,-45.075,167.475,11.286252147430787,5.676252147430787
2036,2990,1166.0,-45.075,167.525,11.357040290051373,4.361040290051373
2037,2494,737.0,-45.125,167.575,11.465249808330555,7.043249808330555
2038,2500,827.0,-45.125,167.625,11.571095919294748,6.609095919294749
2039,2506,1286.0,-45.125,167.675,11.71138403940131,3.9953840394013103
2040,2537,710.0,-44.975,167.575,11.3759650055581,7.115965005558101
2041,2538,1194.0,-44.975,167.625,11.521249100725981,4.357249100725982
2042,2539,704.0,-44.975,167.675,11.701832433071104,7.477832433071104
2043,2540,1015.0,-44.975,167.725,11.923693508520955,5.833693508520955
2044,2602,560.0,-45.125,167.725,11.892392455425579,8.53239245542558
2045,2806,1140.0,-45.025,167.575,11.420883171187597,4.5808831711875975
2046,2807,912.0,-45.025,167.625,11.557077880424913,6.0850778804249135
2047,2808,1574.0,-45.025,167.675,11.728913933678996,2.2849139336789968
2048,2809,490.0,-45.025,167.725,11.942469395740773,9.002469395740773
2049,2991,218.0,-45.075,167.575,11.450937860732665,10.142937860732665
2050,2992,1667.0,-45.075,167.625,11.57396914162382,1.5719691416238195
2051,2993,1104.0,-45.075,167.675,11.732340435759397,5.108340435759398
2052,2994,726.0,-45.075,167.725,11.932229881756939,7.576229881756939
2053,2541,1167.0,-44.975,167.775,12.192665724855033,5.190665724855033
2054,2542,830.0,-44.975,167.825,12.513979301264044,7.5339793012640435
2055,2543,473.0,-44.975,167.875,12.891578850219958,10.053578850219957
2056,2606,1174.0,-45.125,167.775,12.120092271390604,5.076092271390604
2057,2613,204.0,-45.125,167.825,12.399806401735987,11.175806401735986
2058,2615,260.0,-45.125,167.875,12.735762564014294,11.175762564014294
2059,2810,957.0,-45.025,167.775,12.203553227780503,6.461553227780503
2060,2811,922.0,-45.025,167.825,12.517266430440941,6.985266430440941
2061,2812,204.0,-45.025,167.875,12.887416288198438,11.663416288198437
2062,2995,973.0,-45.075,167.775,12.17949770107225,6.34149770107225
2063,2996,312.0,-45.075,167.825,12.479289658294874,10.607289658294874
2064,2997,528.0,-45.075,167.875,12.835528231255012,9.667528231255012
2065,2064,1262.0,-45.075,168.075,14.828331304292078,7.256331304292079
2066,2544,597.0,-44.975,167.925,13.327264146166272,9.74526414616627
2067,2545,1207.0,-44.975,167.975,13.81985973137489,6.5778597313748906
2068,2546,452.0,-44.975,168.025,14.36470537133573,11.652705371335731
2069,2547,1388.0,-44.975,168.075,14.953617810693686,6.6256178106936865
2070,2617,275.0,-45.125,167.925,13.130548027955228,11.480548027955228
2071,2622,738.0,-45.125,167.975,13.584504827100318,9.156504827100317
2072,2688,1135.0,-45.125,168.025,14.095134092916851,7.285134092916851
2073,2731,1026.0,-45.125,168.075,14.656595777560142,8.500595777560143
2074,2813,662.0,-45.025,167.925,13.315835114000947,9.343835114000948
2075,2814,1375.0,-45.025,167.975,13.80173009223654,5.551730092236539
2076,2815,882.0,-45.025,168.025,14.341218995003146,9.049218995003146
2077,2816,675.0,-45.025,168.075,14.927140328261885,10.877140328261884
2078,2998,947.0,-45.075,167.925,13.250324869557517,7.568324869557516
2079,2999,376.0,-45.075,167.975,13.723389162449166,11.467389162449166
2080,3000,933.0,-45.075,168.025,14.251531002053525,8.653531002053526
2081,2123,1378.0,-45.075,168.125,15.444004047458293,7.176004047458294
2082,2229,1692.0,-45.075,168.175,16.085414340428542,5.933414340428541
2083,2232,731.0,-45.075,168.225,16.73617171656224,12.35017171656224
2084,2548,1512.0,-44.975,168.125,15.575192657866864,6.503192657866865
2085,2549,1511.0,-44.975,168.175,16.215165372093907,7.149165372093908
2086,2550,496.0,-44.975,168.225,16.856611280760262,13.880611280760263
2087,2745,905.0,-45.125,168.125,15.25938235479407,9.82938235479407
2088,2746,1227.0,-45.125,168.175,15.89020133795566,8.528201337955661
2089,2747,822.0,-45.125,168.225,16.532023319479777,11.600023319479776
2090,2817,1637.0,-45.025,168.125,15.549103139012004,5.727103139012003
2091,2818,1477.0,-45.025,168.175,16.193654023867566,7.331654023867566
2092,2819,1196.0,-45.025,168.225,16.844426577634295,9.668426577634294
2093,2238,1001.0,-45.075,168.275,17.376683015478193,11.370683015478193
2094,2240,847.0,-45.075,168.325,17.984013223147485,12.902013223147485
2095,2245,756.0,-45.075,168.375,18.53134481604502,13.995344816045021
2096,2258,308.0,-45.075,168.425,18.986695357220015,17.138695357220016
2097,2551,777.0,-44.975,168.275,17.479878677040688,12.817878677040689
2098,2552,1708.0,-44.975,168.325,18.062182465058868,7.8141824650588685
2099,2553,308.0,-44.975,168.375,18.57671429417678,16.728714294176783
2100,2554,308.0,-44.975,168.425,18.990933895940543,17.142933895940544
2101,2748,843.0,-45.125,168.275,17.164160752290627,12.106160752290627
2102,2750,1670.0,-45.125,168.325,17.762162157770945,7.742162157770945
2103,2753,412.0,-45.125,168.375,18.297230754658813,15.825230754658813
2104,2757,537.0,-45.125,168.425,18.734743117398466,15.512743117398466
2105,2820,1338.0,-45.025,168.275,17.482161084772088,9.454161084772087
2106,2821,1051.0,-45.025,168.325,18.08448524789128,11.778485247891279
2107,2822,889.0,-45.025,168.375,18.625300877931295,13.291300877931295
2108,2823,308.0,-45.025,168.425,19.073495297998306,17.225495297998307
2109,2268,725.0,-45.075,168.475,19.31020557550073,14.960205575500732
2110,2276,308.0,-45.075,168.525,19.448279751217342,17.600279751217343
2111,2377,308.0,-45.075,168.575,19.31925652838254,17.47125652838254
2112,2555,724.0,-44.975,168.475,19.263267775444547,14.919267775444546
2113,2556,1464.0,-44.975,168.525,19.33629608315823,10.55229608315823
2114,2557,582.0,-44.975,168.575,19.121181765702204,15.629181765702203
2115,2761,379.0,-45.125,168.475,19.03111587735475,16.75711587735475
2116,2765,495.0,-45.125,168.525,19.12753063654236,16.15753063654236
2117,2769,923.0,-45.125,168.575,18.938159238692606,13.400159238692606
2118,2824,1532.0,-45.025,168.475,19.390386988670798,10.198386988670798
2119,2825,1035.0,-45.025,168.525,19.52446499146754,13.314464991467538
2120,2826,607.0,-45.025,168.575,19.399124503644998,15.757124503644999
2121,2390,308.0,-45.075,168.625,18.769815882173134,16.921815882173135
2122,2486,308.0,-45.075,168.675,17.473055864757043,15.625055864757044
2123,2493,400.0,-45.075,168.725,15.566825823290856,13.166825823290855
2124,2499,637.0,-45.075,168.775,14.144767132689594,10.322767132689595
2125,2558,954.0,-44.975,168.625,18.460804868809646,12.736804868809646
2126,2559,752.0,-44.975,168.675,17.123518456326565,12.611518456326564
2127,2560,414.0,-44.975,168.725,15.348890854860656,12.864890854860656
2128,2561,420.0,-44.975,168.775,14.082935505619389,11.56293550561939
2129,2773,1572.0,-45.125,168.625,18.337651291614748,8.905651291614747
2130,2778,665.0,-45.125,168.675,17.222516040710616,13.232516040710616
2131,2781,308.0,-45.125,168.725,15.792474272675463,13.944474272675464
2132,2785,1187.0,-45.125,168.775,14.544576688087545,7.422576688087546
2133,2827,879.0,-45.025,168.625,18.875360688616638,13.601360688616639
2134,2828,661.0,-45.025,168.675,17.51767858484527,13.55167858484527
2135,2829,308.0,-45.025,168.725,15.213833258414525,13.365833258414526
2136,2830,785.0,-45.025,168.775,13.858801694528665,9.148801694528665
2137,2505,1786.0,-45.075,168.825,13.397293403104413,2.681293403104414
2138,2562,459.0,-44.975,168.825,13.480931501966552,10.726931501966552
2139,2563,641.0,-44.975,168.875,13.27775058161933,9.43175058161933
2140,2564,1315.0,-44.975,168.925,13.336065171592054,5.446065171592054
2141,2565,1026.0,-44.975,168.975,13.589777649147436,7.433777649147436
2142,2614,1499.0,-45.075,168.875,13.056300373398699,4.062300373398699
2143,2618,960.0,-45.075,168.925,12.972016973930295,7.212016973930295
2144,2623,888.0,-45.075,168.975,13.064554313430563,7.736554313430562
2145,2789,2051.0,-45.125,168.825,13.721024105587276,1.4150241055872748
2146,2793,1433.0,-45.125,168.875,13.268640739057446,4.670640739057447
2147,2831,1000.0,-45.025,168.825,13.268956592888571,7.268956592888571
2148,2832,1126.0,-45.025,168.875,13.041094956977759,6.285094956977759
2149,2833,537.0,-45.025,168.925,13.052171128889313,9.830171128889313
2150,2834,325.0,-45.025,168.975,13.237974073883379,11.28797407388338
2151,2878,917.0,-45.125,168.925,13.084042395683355,7.582042395683355
2152,2941,962.0,-45.125,168.975,13.090078957131482,7.318078957131482
2153,2566,833.0,-44.975,169.025,14.008489139247104,9.010489139247102
2154,2567,973.0,-44.975,169.075,14.59232693289232,8.754326932892319
2155,2568,1198.0,-44.975,169.125,15.38688037294196,8.19888037294196
2156,2689,396.0,-45.075,169.025,13.284940172670758,10.908940172670759
2157,2691,782.0,-45.075,169.075,13.603926321316976,8.911926321316976
2158,2693,302.0,-45.075,169.125,14.020606805832358,12.208606805832359
2159,2835,466.0,-45.025,169.025,13.561982066516066,10.765982066516067
2160,2836,889.0,-45.025,169.075,14.00983871560311,8.67583871560311
2161,2837,605.0,-45.025,169.125,14.60086962809146,10.97086962809146
2162,2942,1196.0,-45.125,169.025,13.23551373234659,6.0595137323465895
2163,2943,1083.0,-45.125,169.075,13.4908429144416,6.9928429144416
2164,2944,719.0,-45.125,169.125,13.85435527516529,9.54035527516529
2165,2108,196.0,-45.025,169.225,17.105436344485497,15.929436344485497
2166,2118,595.0,-45.025,169.275,17.31065876901266,13.740658769012661
2167,2127,1283.0,-45.025,169.325,16.60548853702494,8.907488537024939
2168,2569,337.0,-44.975,169.175,16.505734484817367,14.483734484817367
2169,2570,302.0,-44.975,169.225,17.710566420428222,15.898566420428223
2170,2571,325.0,-44.975,169.275,17.455299176377594,15.505299176377594
2171,2572,734.0,-44.975,169.325,16.590523675084114,12.186523675084114
2172,2695,199.0,-45.075,169.175,14.632223011372844,13.438223011372845
2173,2697,201.0,-45.075,169.225,15.631029471987858,14.425029471987859
2174,2699,598.0,-45.075,169.275,16.15026006248081,12.56226006248081
2175,2701,1014.0,-45.075,169.325,16.013617402146338,9.929617402146338
2176,2838,316.0,-45.025,169.175,15.454743227004656,13.558743227004655
2177,2945,368.0,-45.125,169.175,14.354715339446557,12.146715339446557
2178,2946,602.0,-45.125,169.225,14.918592478876235,11.306592478876235
2179,2947,987.0,-45.125,169.275,15.22543819686689,9.303438196866889
2180,2948,355.0,-45.125,169.325,15.35833115708374,13.22833115708374
2181,2237,1455.0,-45.025,169.375,16.116127557615982,7.386127557615982
2182,2239,1427.0,-45.025,169.425,15.913180536110303,7.351180536110304
2183,2241,772.0,-45.025,169.475,15.868892037469777,11.236892037469778
2184,2573,1085.0,-44.975,169.375,16.159596540630446,9.649596540630446
2185,2574,1235.0,-44.975,169.425,15.992959511000663,8.582959511000663
2186,2575,850.0,-44.975,169.475,15.955828281934373,10.855828281934373
2187,2703,1157.0,-45.075,169.375,15.846634622910642,8.904634622910642
2188,2705,599.0,-45.075,169.425,15.797183319824398,12.203183319824399
2189,2706,359.0,-45.075,169.475,15.809644135486451,13.655644135486451
2190,2949,519.0,-45.125,169.375,15.588481069673435,12.474481069673434
2191,2950,399.0,-45.125,169.425,15.744324053041055,13.350324053041055
2192,2951,319.0,-45.125,169.475,15.81201394670643,13.89801394670643
2193,2247,431.0,-45.025,169.525,15.894628525682492,13.308628525682492
2194,2252,376.0,-45.025,169.575,15.948219044192228,13.692219044192228
2195,2255,380.0,-45.025,169.625,16.01176639525511,13.731766395255109
2196,2263,378.0,-45.025,169.675,16.07786805331125,13.809868053311249
2197,2576,813.0,-44.975,169.525,15.98485851220903,11.10685851220903
2198,2577,848.0,-44.975,169.575,16.04620453840471,10.958204538404708
2199,2578,489.0,-44.975,169.625,16.122157245175913,13.188157245175914
2200,2579,409.0,-44.975,169.675,16.203692454844713,13.749692454844713
2201,2708,323.0,-45.075,169.525,15.843600523716304,13.905600523716304
2202,2711,323.0,-45.075,169.575,15.883860529313097,13.945860529313096
2203,2713,356.0,-45.075,169.625,15.92564935523842,13.78964935523842
2204,2715,398.0,-45.075,169.675,15.967511292677955,13.579511292677955
2205,2952,269.0,-45.125,169.525,15.838518705859315,14.224518705859314
2206,2953,282.0,-45.125,169.575,15.850108290920616,14.158108290920616
2207,2954,460.0,-45.125,169.625,15.858192458021222,13.098192458021222
2208,2955,456.0,-45.125,169.675,15.867191860204912,13.131191860204911
2209,2271,358.0,-45.025,169.725,16.14321671052312,13.99521671052312
2210,2381,514.0,-45.025,169.775,16.205852225000854,13.121852225000854
2211,2385,549.0,-45.025,169.825,16.264018386340467,12.970018386340467
2212,2580,413.0,-44.975,169.725,16.28606568124087,13.80806568124087
2213,2581,402.0,-44.975,169.775,16.36639493072289,13.954394930722891
2214,2582,508.0,-44.975,169.825,16.44240226285183,13.394402262851829
2215,2716,521.0,-45.075,169.725,16.008669767266838,12.882669767266838
2216,2718,433.0,-45.075,169.775,16.048115467783646,13.450115467783647
2217,2720,436.0,-45.075,169.825,16.084343282476766,13.468343282476766
2218,2956,401.0,-45.125,169.725,15.878147186595015,13.472147186595016
2219,2957,437.0,-45.125,169.775,15.890295694975066,13.268295694975066
2220,2958,781.0,-45.125,169.825,15.901823257954675,11.215823257954675
2221,2391,470.0,-45.025,169.875,16.31570870145515,13.49570870145515
2222,2483,766.0,-45.025,169.925,16.358509331126697,11.762509331126697
2223,2487,557.0,-45.025,169.975,16.38957001619565,13.047570016195648
2224,2498,564.0,-45.025,170.025,16.40561661684478,13.021616616844781
2225,2583,691.0,-44.975,169.875,16.511778613567003,12.365778613567002
2226,2584,574.0,-44.975,169.925,16.57187364688434,13.127873646884343
2227,2585,570.0,-44.975,169.975,16.619554993521888,13.199554993521888
2228,2586,691.0,-44.975,170.025,16.651144694071263,12.505144694071262
2229,2722,862.0,-45.075,169.875,16.115328620246146,10.943328620246145
2230,2725,567.0,-45.075,169.925,16.138583877356723,12.736583877356724
2231,2727,479.0,-45.075,169.975,16.151227764581563,13.277227764581562
2232,2728,499.0,-45.075,170.025,16.150019453300047,13.156019453300047
2233,2959,791.0,-45.125,169.875,15.91026489782962,11.164264897829622
2234,2960,480.0,-45.125,169.925,15.912736189624411,13.032736189624412
2235,2961,422.0,-45.125,169.975,15.906064884300577,13.374064884300576
2236,2962,423.0,-45.125,170.025,15.886839878512546,13.348839878512546
2237,2504,640.0,-45.025,170.075,16.402907631782,12.562907631782
2238,2510,642.0,-45.025,170.125,16.376776609220542,12.524776609220542
2239,2511,586.0,-45.025,170.175,16.318752525388845,12.802752525388845
2240,2512,534.0,-45.025,170.225,16.230993325574673,13.026993325574672
2241,2587,884.0,-44.975,170.075,16.66231971938396,11.35831971938396
2242,2588,945.0,-44.975,170.125,16.647748795046937,10.977748795046939
2243,2589,721.0,-44.975,170.175,16.60183166594652,12.27583166594652
2244,2590,606.0,-44.975,170.225,16.52489827251702,12.888898272517022
2245,2730,509.0,-45.075,170.075,16.131258892797632,13.077258892797632
2246,2737,519.0,-45.075,170.125,16.090270173517638,12.976270173517637
2247,2739,499.0,-45.075,170.175,16.021717563911807,13.027717563911807
2248,2742,480.0,-45.075,170.225,15.926518525695428,13.04651852569543
2249,2963,438.0,-45.125,170.075,15.85138013192045,13.22338013192045
2250,2964,439.0,-45.125,170.125,15.79580556016299,13.161805560162989
2251,2965,417.0,-45.125,170.175,15.717183144006412,13.215183144006414
2252,2966,419.0,-45.125,170.225,15.615787205228116,13.101787205228117
2253,2109,817.0,-44.975,170.325,16.29519413234084,11.393194132340838
2254,2119,1223.0,-44.975,170.375,16.150248381629353,8.812248381629352
2255,2513,503.0,-45.025,170.275,16.119705547374906,13.101705547374905
2256,2514,848.0,-45.025,170.325,15.988524873682763,10.900524873682762
2257,2515,1069.0,-45.025,170.375,15.840945795731386,9.426945795731386
2258,2591,627.0,-44.975,170.275,16.42135854982189,12.659358549821889
2259,2749,469.0,-45.075,170.275,15.80951015597384,12.99551015597384
2260,2754,573.0,-45.075,170.325,15.674526775750564,12.236526775750564
2261,2758,1155.0,-45.075,170.375,15.525043685585842,8.595043685585843
2262,2967,441.0,-45.125,170.275,15.494543837674428,12.848543837674427
2263,2968,477.0,-45.125,170.325,15.35691825876711,12.49491825876711
2264,2969,674.0,-45.125,170.375,15.206348419131245,11.162348419131245
2265,2128,974.0,-44.975,170.425,15.990465258611948,10.146465258611947
2266,2227,653.0,-44.975,170.475,15.819816709758015,11.901816709758016
2267,2233,461.0,-44.975,170.525,15.64214813397848,12.87614813397848
2268,2248,300.0,-44.975,170.575,15.461025520475232,13.661025520475231
2269,2516,860.0,-45.025,170.425,15.680594467470655,10.520594467470655
2270,2517,669.0,-45.025,170.475,15.511191537836567,11.497191537836567
2271,2518,461.0,-45.025,170.525,15.336425910776597,12.570425910776597
2272,2519,519.0,-45.025,170.575,15.15980458285776,12.045804582857759
2273,2762,1352.0,-45.075,170.425,15.36458008842601,7.25258008842601
2274,2766,612.0,-45.075,170.475,15.196754835007596,11.524754835007595
2275,2770,734.0,-45.075,170.525,15.025214499793947,10.621214499793947
2276,2774,478.0,-45.075,170.575,14.853502951707924,11.985502951707923
2277,2970,1107.0,-45.125,170.425,15.046325101720868,8.404325101720868
2278,2971,814.0,-45.125,170.475,14.880453128935187,9.996453128935187
2279,2972,854.0,-45.125,170.525,14.712423815741204,9.588423815741205
2280,2973,570.0,-45.125,170.575,14.545910224769614,11.125910224769614
2281,2253,241.0,-44.975,170.625,15.279607773918542,13.833607773918542
2282,2261,243.0,-44.975,170.675,15.100552074276493,13.642552074276493
2283,2269,288.0,-44.975,170.725,14.925966529815923,13.197966529815924
2284,2520,406.0,-45.025,170.625,14.984503683852381,12.548503683852381
2285,2521,223.0,-45.025,170.675,14.813239070979762,13.475239070979763
2286,2522,179.0,-45.025,170.725,14.648183621073258,13.574183621073258
2287,2777,561.0,-45.075,170.625,14.68489794791094,11.31889794791094
2288,2782,358.0,-45.075,170.675,14.522237211363972,12.374237211363972
2289,2786,158.0,-45.075,170.725,14.367771311910474,13.419771311910473
2290,2974,472.0,-45.125,170.625,14.3843896886101,11.552389688610099
2291,2975,294.0,-45.125,170.675,14.230906512908405,12.466906512908405
2292,2976,217.0,-45.125,170.725,14.087822332890937,12.785822332890938
2293,2277,160.0,-44.975,170.775,14.75744310716982,13.79744310716982
2294,2278,216.0,-44.975,170.825,14.5962307012378,13.300230701237801
2295,2279,198.0,-44.975,170.875,14.44360076256271,13.25560076256271
2296,2280,240.0,-44.975,170.925,14.3010657006962,12.8610657006962
2297,2523,173.0,-45.025,170.775,14.49096774465579,13.45296774465579
2298,2524,119.0,-45.025,170.825,14.342785123939393,13.628785123939393
2299,2525,62.0,-45.025,170.875,14.204532419025782,13.832532419025782
2300,2526,141.0,-45.025,170.925,14.076671997216181,13.23067199721618
2301,2790,83.0,-45.075,170.775,14.223090352490544,13.725090352490545
2302,2794,108.0,-45.075,170.825,14.089144612051314,13.441144612051314
2303,2795,40.0,-45.075,170.875,13.96629749101703,13.72629749101703
2304,2796,80.0,-45.075,170.925,13.85426785533491,13.37426785533491
2305,2977,80.0,-45.125,170.775,13.956636909613735,13.476636909613735
2306,2978,33.0,-45.125,170.825,13.837948114916799,13.639948114916798
2307,2979,16.0,-45.125,170.875,13.731538571111741,13.635538571111741
2308,2980,40.0,-45.125,170.925,13.636504484529723,13.396504484529723
2309,2281,55.0,-44.975,170.975,14.1687752562284,13.8387752562284
2310,2282,43.0,-44.975,171.025,14.042854481434915,13.784854481434916
2311,2283,29.0,-44.975,171.075,13.918375737441238,13.744375737441239
2312,2527,158.0,-45.025,170.975,13.958469906297978,13.010469906297978
2313,2528,38.0,-45.025,171.025,13.847486306040082,13.619486306040082
2314,2529,20.0,-45.025,171.075,13.740918622832396,13.620918622832397
2315,2797,71.0,-45.075,170.975,13.751943418275914,13.325943418275914
2316,2284,850.0,-44.925,167.275,10.851199868542608,5.751199868542608
2317,2285,445.0,-44.925,167.325,10.898505085206125,8.228505085206125
2318,2361,553.0,-44.875,167.325,10.809208790509729,7.491208790509729
2319,2286,164.0,-44.925,167.425,11.018287441009306,10.034287441009306
2320,2287,529.0,-44.925,167.475,11.097882626476348,7.923882626476349
2321,2288,625.0,-44.925,167.525,11.196199393772986,7.446199393772986
2322,2362,575.0,-44.875,167.425,10.938143484585453,7.4881434845854535
2323,2363,503.0,-44.875,167.475,11.022317509938148,8.004317509938147
2324,2656,119.0,-44.825,167.425,10.856443068565568,10.142443068565568
2325,2657,622.0,-44.825,167.475,10.943747955010622,7.2117479550106225
2326,2724,532.0,-44.775,167.525,10.970576613704907,7.778576613704907
2327,2289,878.0,-44.925,167.575,11.318017283570953,6.050017283570953
2328,2290,1182.0,-44.925,167.625,11.468543496055645,4.376543496055645
2329,2291,878.0,-44.925,167.675,11.653356902868836,6.385356902868836
2330,2292,812.0,-44.925,167.725,11.87830788885185,7.006307888851851
2331,2364,618.0,-44.875,167.575,11.24976534266898,7.541765342668979
2332,2365,301.0,-44.875,167.625,11.402201431905269,9.59620143190527
2333,2366,1451.0,-44.875,167.675,11.587258906511124,2.8812589065111247
2334,2367,669.0,-44.875,167.725,11.810568953020265,7.796568953020265
2335,2658,733.0,-44.825,167.575,11.17465423604881,6.77665423604881
2336,2659,391.0,-44.825,167.625,11.32646899606334,8.98046899606334
2337,2660,1595.0,-44.825,167.675,11.508687471417943,1.9386874714179445
2338,2661,1418.0,-44.825,167.725,11.726550691499142,3.218550691499143
2339,2726,643.0,-44.775,167.575,11.096548733359668,7.238548733359669
2340,2729,723.0,-44.775,167.675,11.423825766891241,7.085825766891241
2341,2732,1218.0,-44.775,167.725,11.633921218846808,4.325921218846808
2342,2063,997.0,-44.875,167.775,12.078115234849975,6.096115234849974
2343,2120,1589.0,-44.875,167.825,12.395970701632905,2.861970701632904
2344,2129,950.0,-44.875,167.875,12.76953105040593,7.0695310504059306
2345,2293,241.0,-44.925,167.775,12.149313108369824,10.703313108369825
2346,2294,950.0,-44.925,167.825,12.471934653964126,6.771934653964126
2347,2295,720.0,-44.925,167.875,12.850604788342025,8.530604788342025
2348,2662,1302.0,-44.825,167.775,11.985937529752846,4.1739375297528465
2349,2663,1325.0,-44.825,167.825,12.293440577937872,4.343440577937873
2350,2664,1212.0,-44.825,167.875,12.655958993957029,5.383958993957029
2351,2733,1044.0,-44.775,167.775,11.881956163371797,5.617956163371797
2352,2735,664.0,-44.775,167.825,12.174622672857367,8.190622672857367
2353,2738,254.0,-44.775,167.875,12.52049940424331,10.996499404243309
2354,2230,1765.0,-44.875,167.925,13.20191503255046,2.6119150325504616
2355,2246,1618.0,-44.875,167.975,13.691856278848718,3.9838562788487177
2356,2260,1022.0,-44.875,168.025,14.232538292606478,8.100538292606476
2357,2267,1043.0,-44.875,168.075,14.81235213803302,8.554352138033021
2358,2296,211.0,-44.925,167.925,13.287464946013642,12.021464946013642
2359,2297,1040.0,-44.925,167.975,13.7811302979826,7.541130297982599
2360,2298,398.0,-44.925,168.025,14.326003562557162,11.938003562557162
2361,2299,1267.0,-44.925,168.075,14.912483587613679,7.310483587613679
2362,2665,1330.0,-44.825,167.925,13.078724330567638,5.098724330567638
2363,2666,940.0,-44.825,167.975,13.56129722003243,7.92129722003243
2364,2667,1240.0,-44.825,168.025,14.095025746617466,6.655025746617467
2365,2668,789.0,-44.825,168.075,14.665304345471668,9.931304345471668
2366,2743,1656.0,-44.775,167.925,12.928879947343376,2.9928799473433774
2367,2751,1614.0,-44.775,167.975,13.401935626301565,3.717935626301566
2368,2755,1295.0,-44.775,168.025,13.927501353929983,6.157501353929984
2369,2759,1420.0,-44.775,168.075,14.486308830149937,5.966308830149938
2370,2275,1140.0,-44.875,168.125,15.41653216049599,8.57653216049599
2371,2300,1398.0,-44.925,168.125,15.527708824869478,7.139708824869478
2372,2301,560.0,-44.925,168.175,16.15621151844971,12.79621151844971
2373,2302,1224.0,-44.925,168.225,16.78015792289807,9.43615792289807
2374,2368,1498.0,-44.875,168.175,16.028234469224117,7.040234469224117
2375,2369,1333.0,-44.875,168.225,16.628745675596292,8.630745675596293
2376,2669,913.0,-44.825,168.125,15.255095751403132,9.777095751403131
2377,2670,1029.0,-44.825,168.175,15.846369558479637,9.672369558479637
2378,2671,1141.0,-44.825,168.225,16.41998970604618,9.57398970604618
2379,2763,703.0,-44.775,168.125,15.059168032676098,10.841168032676098
2380,2767,1073.0,-44.775,168.175,15.627602690306958,9.189602690306959
2381,2771,1582.0,-44.775,168.225,16.172842287807725,6.680842287807726
2382,2303,1380.0,-44.925,168.275,17.379148242485826,9.099148242485827
2383,2304,407.0,-44.925,168.325,17.929596515736193,15.487596515736193
2384,2305,308.0,-44.925,168.375,18.40359631126921,16.555596311269213
2385,2306,326.0,-44.925,168.425,18.76698521526123,16.81098521526123
2386,2370,824.0,-44.875,168.275,17.19710609689355,12.25310609689355
2387,2371,1277.0,-44.875,168.325,17.70936198164418,10.04736198164418
2388,2372,308.0,-44.875,168.375,18.13747577398317,16.28947577398317
2389,2373,631.0,-44.875,168.425,18.44784122722922,14.66184122722922
2390,2672,2020.0,-44.825,168.275,16.955091315161553,4.835091315161554
2391,2673,664.0,-44.825,168.325,17.428342617480666,13.444342617480666
2392,2674,319.0,-44.825,168.375,17.813204078760464,15.899204078760464
2393,2675,911.0,-44.825,168.425,18.079357306749444,12.613357306749444
2394,2775,1478.0,-44.775,168.275,16.674958937932388,7.806958937932389
2395,2779,350.0,-44.775,168.325,17.112293891928857,15.012293891928858
2396,2783,943.0,-44.775,168.375,17.461209307963145,11.803209307963145
2397,2787,517.0,-44.775,168.425,17.69641023541044,14.59441023541044
2398,2307,1470.0,-44.925,168.475,18.976049891818548,10.15604989181855
2399,2308,781.0,-44.925,168.525,18.972087060377817,14.286087060377817
2400,2309,1193.0,-44.925,168.575,18.674378927666112,11.516378927666112
2401,2374,1733.0,-44.875,168.475,18.599505894322647,8.201505894322649
2402,2375,1083.0,-44.875,168.525,18.543116579938214,12.045116579938213
2403,2378,1484.0,-44.875,168.575,18.22495234683447,9.32095234683447
2404,2676,1763.0,-44.825,168.475,18.1928797345754,7.6148797345754
2405,2677,1522.0,-44.825,168.525,18.118761922276462,8.986761922276463
2406,2678,1171.0,-44.825,168.575,17.82927331306564,10.803273313065642
2407,2791,1112.0,-44.775,168.475,17.792462390949368,11.120462390949367
2408,2839,1692.0,-44.775,168.525,17.72768535668729,7.575685356687288
2409,2840,1484.0,-44.775,168.575,17.491967331559863,8.587967331559863
2410,2310,513.0,-44.925,168.625,17.985013388853986,14.907013388853986
2411,2311,815.0,-44.925,168.675,16.87139827221108,11.98139827221108
2412,2312,1259.0,-44.925,168.725,15.571332082850859,8.01733208285086
2413,2313,803.0,-44.925,168.775,14.525406797329197,9.707406797329197
2414,2383,1060.0,-44.875,168.625,17.60887199282297,11.24887199282297
2415,2389,492.0,-44.875,168.675,16.73323489143513,13.781234891435131
2416,2484,1218.0,-44.875,168.725,15.767957607080461,8.459957607080462
2417,2488,1351.0,-44.875,168.775,14.950938832116663,6.844938832116663
2418,2679,1353.0,-44.825,168.625,17.322959748926223,9.204959748926225
2419,2680,910.0,-44.825,168.675,16.65216560639965,11.192165606399648
2420,2681,594.0,-44.825,168.725,15.934296412189724,12.370296412189724
2421,2682,1643.0,-44.825,168.775,15.313593791797757,5.455593791797758
2422,2841,1557.0,-44.775,168.625,17.098798472972703,7.756798472972703
2423,2842,945.0,-44.775,168.675,16.59670574523625,10.926705745236251
2424,2843,878.0,-44.775,168.725,16.068233029989642,10.800233029989641
2425,2844,1504.0,-44.775,168.775,15.607868947321549,6.58386894732155
2426,2314,704.0,-44.925,168.825,13.926655207935255,9.702655207935255
2427,2315,818.0,-44.925,168.875,13.707939519910724,8.799939519910724
2428,2316,1504.0,-44.925,168.925,13.770655035972595,4.746655035972596
2429,2317,803.0,-44.925,168.975,14.050061904199538,9.232061904199538
2430,2492,691.0,-44.875,168.825,14.429035692475736,10.283035692475735
2431,2497,1528.0,-44.875,168.875,14.21700502782187,5.04900502782187
2432,2503,1192.0,-44.875,168.925,14.270133607002208,7.118133607002208
2433,2509,1064.0,-44.875,168.975,14.538898450438865,8.154898450438864
2434,2683,1161.0,-44.825,168.825,14.894813599879853,7.928813599879854
2435,2684,1265.0,-44.825,168.875,14.714399453703663,7.1243994537036635
2436,2685,870.0,-44.825,168.925,14.759989900921937,9.539989900921938
2437,2686,736.0,-44.825,168.975,14.998405901118531,10.58240590111853
2438,2845,1480.0,-44.775,168.825,15.290280248329509,6.410280248329508
2439,2846,726.0,-44.775,168.875,15.152231630447204,10.796231630447204
2440,2847,1238.0,-44.775,168.925,15.195480383845279,7.767480383845279
2441,2848,1431.0,-44.775,168.975,15.398549423363875,6.812549423363874
2442,2007,528.0,-44.825,169.075,15.879882532724878,12.711882532724879
2443,2110,1416.0,-44.825,169.125,16.397088104247814,7.901088104247814
2444,2318,1160.0,-44.925,169.025,14.511401627431042,7.551401627431042
2445,2319,1228.0,-44.925,169.075,15.141227957283263,7.773227957283264
2446,2320,1601.0,-44.925,169.125,15.930250242628972,6.324250242628972
2447,2592,574.0,-44.875,169.025,14.982931326245307,11.538931326245308
2448,2593,1487.0,-44.875,169.075,15.564019221405033,6.642019221405034
2449,2594,1601.0,-44.875,169.125,16.220474353583995,6.614474353583995
2450,2687,574.0,-44.825,169.025,15.388742305760388,11.94474230576039
2451,2849,1076.0,-44.775,169.025,15.724989385838853,9.268989385838854
2452,2850,423.0,-44.775,169.075,16.124479596022866,13.586479596022865
2453,2851,937.0,-44.775,169.125,16.530097337148618,10.908097337148618
2454,2113,1400.0,-44.825,169.175,16.830687213194324,8.430687213194323
2455,2121,1478.0,-44.825,169.225,17.064126652447158,8.196126652447159
2456,2130,1215.0,-44.825,169.275,17.059246215663734,9.769246215663735
2457,2234,580.0,-44.825,169.325,16.874948391399812,13.394948391399812
2458,2321,972.0,-44.925,169.175,16.790346988811507,10.958346988811506
2459,2322,391.0,-44.925,169.225,17.315216846371186,14.969216846371186
2460,2323,230.0,-44.925,169.275,16.95266899553826,15.572668995538262
2461,2324,222.0,-44.925,169.325,16.344897899063653,15.012897899063653
2462,2596,1785.0,-44.875,169.175,16.814863860752666,6.1048638607526655
2463,2597,1194.0,-44.875,169.225,17.110908929957077,9.946908929957077
2464,2598,588.0,-44.875,169.275,16.98535551210807,13.457355512108071
2465,2599,219.0,-44.875,169.325,16.642854975827504,15.328854975827504
2466,2852,1034.0,-44.775,169.175,16.86268960936286,10.65868960936286
2467,2853,788.0,-44.775,169.225,17.056741836451693,12.328741836451693
2468,2854,498.0,-44.775,169.275,17.091406446357723,14.103406446357724
2469,2855,320.0,-44.775,169.325,16.999665153663955,15.079665153663955
2470,2244,254.0,-44.825,169.375,16.661318377184216,15.137318377184215
2471,2259,302.0,-44.825,169.425,16.530146153076203,14.718146153076203
2472,2266,334.0,-44.825,169.475,16.476774810027564,14.472774810027564
2473,2325,344.0,-44.925,169.375,16.171305856478284,14.107305856478284
2474,2326,580.0,-44.925,169.425,16.09430181166681,12.61430181166681
2475,2327,528.0,-44.925,169.475,16.081572138617048,12.913572138617049
2476,2601,351.0,-44.875,169.375,16.393765971952234,14.287765971952235
2477,2603,258.0,-44.875,169.425,16.289204630607856,14.741204630607855
2478,2605,456.0,-44.875,169.475,16.262314633335336,13.526314633335335
2479,2856,693.0,-44.775,169.375,16.860776100540534,12.702776100540534
2480,2857,547.0,-44.775,169.425,16.74822422109719,13.466224221097189
2481,2858,445.0,-44.775,169.475,16.687134512350895,14.017134512350895
2482,2274,500.0,-44.825,169.525,16.47818493253726,13.47818493253726
2483,2328,994.0,-44.925,169.525,16.114911348573514,10.150911348573516
2484,2329,1226.0,-44.925,169.575,16.177651459816843,8.821651459816843
2485,2330,1152.0,-44.925,169.625,16.25739128270652,9.345391282706522
2486,2331,812.0,-44.925,169.675,16.345946342407842,11.473946342407842
2487,2379,673.0,-44.825,169.575,16.517252017074497,12.479252017074497
2488,2386,1254.0,-44.825,169.625,16.58209683666064,9.05809683666064
2489,2393,1403.0,-44.825,169.675,16.664259421711904,8.246259421711905
2490,2612,1111.0,-44.875,169.525,16.28415437838703,9.618154378387029
2491,2620,1360.0,-44.875,169.575,16.338338061221293,8.178338061221293
2492,2625,1037.0,-44.875,169.625,16.413506424360094,10.191506424360094
2493,2626,1466.0,-44.875,169.675,16.50159349241585,7.705593492415851
2494,2859,357.0,-44.775,169.525,16.674085616134107,14.532085616134108
2495,2860,779.0,-44.775,169.575,16.698909962171456,12.024909962171456
2496,2861,843.0,-44.775,169.625,16.751982515343116,11.693982515343116
2497,2862,883.0,-44.775,169.675,16.825545212908764,11.527545212908764
2498,2332,559.0,-44.925,169.725,16.438067594659515,13.084067594659516
2499,2333,489.0,-44.925,169.775,16.530160356065608,13.596160356065608
2500,2334,523.0,-44.925,169.825,16.619343006343115,13.481343006343115
2501,2485,1214.0,-44.825,169.725,16.75756011089834,9.47356011089834
2502,2491,736.0,-44.825,169.775,16.857287126375013,12.441287126375013
2503,2495,786.0,-44.825,169.825,16.959533008775907,12.243533008775906
2504,2627,761.0,-44.875,169.725,16.5968801190902,12.030880119090202
2505,2628,538.0,-44.875,169.775,16.695139386953088,13.467139386953088
2506,2629,589.0,-44.875,169.825,16.79290170359309,13.25890170359309
2507,2863,1040.0,-44.775,169.725,16.91355217753153,10.673552177531528
2508,2864,1409.0,-44.775,169.775,17.011218667888897,8.557218667888899
2509,2865,1150.0,-44.775,169.825,17.114523122887476,10.214523122887478
2510,2335,512.0,-44.925,169.875,16.70282709140156,13.63082709140156
2511,2336,649.0,-44.925,169.925,16.77752701047575,12.88352701047575
2512,2337,693.0,-44.925,169.975,16.839825491188094,12.681825491188095
2513,2338,836.0,-44.925,170.025,16.885453837821842,11.869453837821844
2514,2501,762.0,-44.825,169.875,17.06063085758069,12.488630857580691
2515,2508,613.0,-44.825,169.925,17.156675222329795,13.478675222329795
2516,2595,1132.0,-44.825,169.975,17.243137049445068,10.451137049445068
2517,2600,1423.0,-44.825,170.025,17.314634441572707,8.776634441572707
2518,2630,570.0,-44.875,169.875,16.886872645714902,13.466872645714902
2519,2631,713.0,-44.875,169.925,16.973493164186948,12.69549316418695
2520,2632,685.0,-44.875,169.975,17.04863080244104,12.93863080244104
2521,2633,1429.0,-44.875,170.025,17.107427823910257,8.533427823910257
2522,2866,884.0,-44.775,169.875,17.219709965051152,11.915709965051153
2523,2867,709.0,-44.775,169.925,17.322800828216714,13.068800828216714
2524,2868,1491.0,-44.775,169.975,17.41912806633627,8.47312806633627
2525,2869,1453.0,-44.775,170.025,17.50295083610399,8.784950836103992
2526,2339,1599.0,-44.925,170.075,16.90948784457578,7.315487844575779
2527,2340,1181.0,-44.925,170.125,16.90665705241554,9.82065705241554
2528,2341,1160.0,-44.925,170.175,16.87278573909134,9.91278573909134
2529,2342,1249.0,-44.925,170.225,16.80713235915755,9.31313235915755
2530,2604,1382.0,-44.825,170.075,17.36501076105924,9.073010761059239
2531,2608,1508.0,-44.825,170.125,17.387949351919815,8.339949351919815
2532,2610,1305.0,-44.825,170.175,17.3782246443443,9.5482246443443
2533,2616,1250.0,-44.825,170.225,17.33315847913036,9.833158479130361
2534,2634,1510.0,-44.875,170.075,17.144410394888837,8.084410394888838
2535,2635,1440.0,-44.875,170.125,17.154084500012686,8.514084500012686
2536,2636,1078.0,-44.875,170.175,17.132206406648038,10.664206406648038
2537,2637,1026.0,-44.875,170.225,17.077166906165075,10.921166906165077
2538,2870,1185.0,-44.775,170.075,17.567319180307095,10.457319180307096
2539,2871,1240.0,-44.775,170.125,17.604513219266664,10.164513219266665
2540,2872,983.0,-44.775,170.175,17.607441400032258,11.709441400032258
2541,2873,1062.0,-44.775,170.225,17.5718441735371,11.199844173537102
2542,2343,1096.0,-44.925,170.275,16.712142496035085,10.136142496035085
2543,2344,1052.0,-44.925,170.325,16.59154973117984,10.27954973117984
2544,2345,792.0,-44.925,170.375,16.449556258361554,11.697556258361555
2545,2621,952.0,-44.825,170.275,17.253367720579263,11.541367720579263
2546,2638,1081.0,-44.875,170.275,16.99027168189059,10.50427168189059
2547,2639,1280.0,-44.875,170.325,16.87492239898711,9.19492239898711
2548,2640,1304.0,-44.875,170.375,16.735638665180886,8.911638665180888
2549,2690,1507.0,-44.825,170.325,17.142304570268607,8.100304570268607
2550,2692,1047.0,-44.825,170.375,17.005038783696364,10.723038783696364
2551,2874,1403.0,-44.775,170.275,17.497915222571464,9.079915222571465
2552,2875,1411.0,-44.775,170.325,17.389827744540526,8.923827744540526
2553,2876,806.0,-44.775,170.375,17.253712547273608,12.417712547273608
2554,2009,363.0,-44.775,170.475,16.921755623508943,14.743755623508942
2555,2117,186.0,-44.775,170.525,16.736092706167256,15.620092706167256
2556,2125,251.0,-44.775,170.575,16.54267919740232,15.036679197402322
2557,2346,817.0,-44.925,170.425,16.290552197184297,11.388552197184296
2558,2347,730.0,-44.925,170.475,16.11888031732815,11.73888031732815
2559,2348,732.0,-44.925,170.525,15.938632489152951,11.546632489152952
2560,2349,383.0,-44.925,170.575,15.753503798143356,13.455503798143356
2561,2641,860.0,-44.875,170.425,16.57731221227732,11.41731221227732
2562,2642,1011.0,-44.875,170.475,16.40471159943263,10.338711599432632
2563,2643,300.0,-44.875,170.525,16.222202819175436,14.422202819175435
2564,2644,419.0,-44.875,170.575,16.03362413200375,13.519624132003752
2565,2694,940.0,-44.825,170.425,16.8470723542996,11.207072354299598
2566,2696,417.0,-44.825,170.475,16.673602332739392,14.171602332739393
2567,2698,359.0,-44.825,170.525,16.48921233532019,14.33521233532019
2568,2700,178.0,-44.825,170.575,16.29781635607651,15.22981635607651
2569,2877,486.0,-44.775,170.425,17.095840519410558,14.179840519410558
2570,2235,724.0,-44.775,170.625,16.344702228961978,12.000702228961977
2571,2242,328.0,-44.775,170.675,16.14486536711047,14.17686536711047
2572,2249,476.0,-44.775,170.725,15.945525392860873,13.089525392860873
2573,2350,242.0,-44.925,170.625,15.566698810856906,14.114698810856906
2574,2351,241.0,-44.925,170.675,15.380874955575564,13.934874955575564
2575,2352,180.0,-44.925,170.725,15.198116808518535,14.118116808518534
2576,2645,282.0,-44.875,170.625,15.84224782921956,14.150247829219559
2577,2646,183.0,-44.875,170.675,15.65077995948377,14.55277995948377
2578,2647,195.0,-44.875,170.725,15.461372179546743,14.291372179546743
2579,2702,153.0,-44.825,170.625,16.102708523743786,15.184708523743787
2580,2704,160.0,-44.825,170.675,15.906641134119127,14.946641134119126
2581,2707,560.0,-44.825,170.725,15.711902407972957,12.351902407972958
2582,2254,456.0,-44.775,170.775,15.748824588867137,13.012824588867137
2583,2265,233.0,-44.775,170.825,15.556837085154257,14.158837085154257
2584,2273,141.0,-44.775,170.875,15.371678033072385,14.525678033072385
2585,2353,196.0,-44.925,170.775,15.019955739015131,13.843955739015131
2586,2354,219.0,-44.925,170.825,14.847497841561562,13.533497841561562
2587,2355,89.0,-44.925,170.875,14.6818776664295,14.1478776664295
2588,2356,70.0,-44.925,170.925,14.525598411579267,14.105598411579267
2589,2376,129.0,-44.775,170.925,15.194948174947058,14.420948174947057
2590,2648,108.0,-44.875,170.775,15.275639056766522,14.627639056766522
2591,2649,92.0,-44.875,170.825,15.094700073765125,14.542700073765126
2592,2650,81.0,-44.875,170.875,14.919364097513608,14.433364097513607
2593,2651,78.0,-44.875,170.925,14.751230305351783,14.283230305351783
2594,2709,457.0,-44.825,170.775,15.520393448678078,12.778393448678077
2595,2710,210.0,-44.825,170.825,15.333731221486232,14.073731221486232
2596,2712,241.0,-44.825,170.875,15.15349295604392,13.70749295604392
2597,2714,215.0,-44.825,170.925,14.981971678134869,13.69197167813487
2598,2357,62.0,-44.925,170.975,14.38168763142312,14.00968763142312
2599,2358,36.0,-44.925,171.025,14.242795775295235,14.026795775295236
2600,2359,23.0,-44.925,171.075,14.099700774881057,13.961700774881058
2601,2360,21.0,-44.925,171.125,13.951826654636534,13.825826654636534
2602,2387,116.0,-44.775,170.975,15.023805579403415,14.327805579403416
2603,2394,229.0,-44.775,171.025,14.841305635709432,13.467305635709431
2604,2395,40.0,-44.775,171.075,14.617470409939415,14.377470409939415
2605,2396,10.0,-44.775,171.125,14.370111780997831,14.31011178099783
2606,2652,65.0,-44.875,170.975,14.598709198762663,14.208709198762662
2607,2653,55.0,-44.875,171.025,14.447119060947443,14.117119060947443
2608,2654,37.0,-44.875,171.075,14.28235835461237,14.06035835461237
2609,2655,27.0,-44.875,171.125,14.10656598440255,13.94456598440255
2610,2717,122.0,-44.825,170.975,14.81989350663207,14.08789350663207
2611,2719,180.0,-44.825,171.025,14.651714869134594,13.571714869134594
2612,2721,68.0,-44.825,171.075,14.459890531928977,14.051890531928978
2613,2723,19.0,-44.825,171.125,14.250368820343283,14.136368820343282
2614,2061,535.0,-44.625,167.725,11.384530760769849,8.17453076076985
2615,2397,0.0,-44.725,167.575,11.019308757109684,11.019308757109684
2616,2398,616.0,-44.725,167.625,11.166549978763214,7.470549978763215
2617,2399,657.0,-44.725,167.675,11.33920287269575,7.39720287269575
2618,2400,1187.0,-44.725,167.725,11.541235005381168,4.419235005381169
2619,2469,360.0,-44.675,167.625,11.091745596859255,8.931745596859255
2620,2470,435.0,-44.675,167.675,11.260620643486618,8.650620643486619
2621,2471,991.0,-44.675,167.725,11.456390744409873,5.510390744409873
2622,2065,16.0,-44.625,167.775,11.606498253764585,11.510498253764585
2623,2066,1404.0,-44.625,167.825,11.863227007066598,3.4392270070665987
2624,2401,1053.0,-44.725,167.775,11.777286482451018,5.459286482451018
2625,2402,89.0,-44.725,167.825,12.053305634151911,11.51930563415191
2626,2403,1247.0,-44.725,167.875,12.378207225905498,4.896207225905498
2627,2472,1176.0,-44.675,167.775,11.683085649376153,4.627085649376153
2628,2473,1159.0,-44.675,167.825,11.945810141929542,4.991810141929542
2629,2474,585.0,-44.675,167.875,12.25210702494951,8.74210702494951
2630,2067,1042.0,-44.625,167.925,12.521291999670211,6.2692919996702114
2631,2068,676.0,-44.625,167.975,12.948454496669001,8.892454496669
2632,2069,1833.0,-44.625,168.025,13.422937044117134,2.4249370441171347
2633,2070,1378.0,-44.625,168.075,13.919562337498064,5.651562337498065
2634,2404,318.0,-44.725,167.925,12.767290500749368,10.859290500749369
2635,2405,1191.0,-44.725,167.975,13.23073104172363,6.0847310417236296
2636,2406,1545.0,-44.725,168.025,13.747492011680151,4.477492011680152
2637,2407,2092.0,-44.725,168.075,14.292224813674693,1.7402248136746916
2638,2475,11.0,-44.675,167.925,12.618042841553688,12.552042841553687
2639,2476,384.0,-44.675,167.975,13.07227477368724,10.76827477368724
2640,2477,1703.0,-44.675,168.025,13.574646989873145,3.356646989873145
2641,2478,1473.0,-44.675,168.075,14.09943025278335,5.2614302527833505
2642,2071,310.0,-44.625,168.125,14.419555119093275,12.559555119093275
2643,2072,502.0,-44.625,168.175,14.906713532676804,11.894713532676803
2644,2073,829.0,-44.625,168.225,15.365768257790478,10.391768257790478
2645,2408,124.0,-44.725,168.125,14.845240439623012,14.101240439623012
2646,2409,1225.0,-44.725,168.175,15.388798934960505,8.038798934960505
2647,2410,706.0,-44.725,168.225,15.905259959079558,11.669259959079557
2648,2479,60.0,-44.675,168.125,14.628333532629767,14.268333532629768
2649,2480,1541.0,-44.675,168.175,15.144770886996412,5.898770886996411
2650,2481,2018.0,-44.675,168.225,15.632439044013154,3.524439044013155
2651,2001,392.0,-44.675,168.325,16.45524462008325,14.103244620083249
2652,2002,1580.0,-44.675,168.375,16.757275385942194,7.277275385942193
2653,2003,1491.0,-44.675,168.425,16.965936749009416,8.019936749009416
2654,2074,1204.0,-44.625,168.275,15.78188833897002,8.55788833897002
2655,2075,506.0,-44.625,168.325,16.140767247241456,13.104767247241456
2656,2076,1505.0,-44.625,168.375,16.42918372253189,7.399183722531889
2657,2077,1917.0,-44.625,168.425,16.636074763242505,5.134074763242504
2658,2411,618.0,-44.725,168.275,16.3762957991421,12.668295799142099
2659,2412,361.0,-44.725,168.325,16.782624738945742,14.616624738945742
2660,2413,396.0,-44.725,168.375,17.1042197211209,14.7282197211209
2661,2414,900.0,-44.725,168.425,17.3212101784884,11.921210178488401
2662,2482,607.0,-44.675,168.275,16.07483084499836,12.43283084499836
2663,2004,734.0,-44.675,168.475,17.069634224579204,12.665634224579204
2664,2005,1612.0,-44.675,168.525,17.06313186972693,7.39113186972693
2665,2006,1519.0,-44.675,168.575,16.95125995350827,7.837259953508271
2666,2078,652.0,-44.625,168.475,16.754168116225628,12.84216811622563
2667,2079,1632.0,-44.625,168.525,16.78209831530694,6.990098315306939
2668,2080,1753.0,-44.625,168.575,16.726633944534115,6.208633944534114
2669,2415,920.0,-44.725,168.475,17.41591754561523,11.89591754561523
2670,2416,1887.0,-44.725,168.525,17.37659414362861,6.0545941436286075
2671,2417,1705.0,-44.725,168.575,17.203139300618204,6.973139300618204
2672,2010,771.0,-44.675,168.625,16.752279575084685,12.126279575084686
2673,2011,560.0,-44.675,168.675,16.498852300312137,13.138852300312138
2674,2012,1121.0,-44.675,168.725,16.234512591239763,9.508512591239764
2675,2013,1118.0,-44.675,168.775,16.005478345337906,9.297478345337908
2676,2081,1188.0,-44.625,168.625,16.604214234554092,9.476214234554092
2677,2082,1477.0,-44.625,168.675,16.440685045119608,7.578685045119608
2678,2083,873.0,-44.625,168.725,16.268388224576483,11.030388224576484
2679,2084,820.0,-44.625,168.775,16.120828511731816,11.200828511731817
2680,2418,1159.0,-44.725,168.625,16.913751221843995,9.959751221843995
2681,2419,844.0,-44.725,168.675,16.549010055168765,11.485010055168765
2682,2420,543.0,-44.725,168.725,16.168301564393914,12.910301564393915
2683,2421,1055.0,-44.725,168.775,15.836675788639695,9.506675788639695
2684,2014,1788.0,-44.675,168.825,15.85072219306312,5.122722193063121
2685,2015,1080.0,-44.675,168.875,15.794533897729707,9.314533897729707
2686,2016,1345.0,-44.675,168.925,15.843806844379287,7.773806844379289
2687,2017,703.0,-44.675,168.975,15.989154080671142,11.771154080671142
2688,2085,1666.0,-44.625,168.825,16.026483054447453,6.030483054447453
2689,2086,1581.0,-44.625,168.875,16.003835647483356,6.517835647483356
2690,2087,310.0,-44.625,168.925,16.058922697600792,14.198922697600793
2691,2088,300.0,-44.625,168.975,16.185330742475344,14.385330742475343
2692,2422,1990.0,-44.725,168.825,15.60784353260533,3.66784353260533
2693,2423,794.0,-44.725,168.875,15.512744347724947,10.748744347724948
2694,2424,576.0,-44.725,168.925,15.557726181432372,12.101726181432372
2695,2425,1163.0,-44.725,168.975,15.728753279559896,8.750753279559895
2696,2018,297.0,-44.675,169.025,16.207631754718022,14.425631754718022
2697,2019,325.0,-44.675,169.075,16.465714699952514,14.515714699952515
2698,2020,279.0,-44.675,169.125,16.722556752167293,15.048556752167293
2699,2089,279.0,-44.625,169.025,16.365811629148084,14.691811629148084
2700,2090,279.0,-44.625,169.075,16.57482511915441,14.900825119154412
2701,2091,562.0,-44.625,169.125,16.78200115573418,13.410001155734179
2702,2426,1387.0,-44.725,169.025,15.996148397796787,7.674148397796788
2703,2427,1229.0,-44.725,169.075,16.31738353986293,8.943383539862932
2704,2428,416.0,-44.725,169.125,16.639108655479504,14.143108655479503
2705,2021,317.0,-44.675,169.175,16.93470946403977,15.03270946403977
2706,2022,335.0,-44.675,169.225,17.07517854172329,15.06517854172329
2707,2023,401.0,-44.675,169.275,17.139073139362154,14.733073139362155
2708,2024,514.0,-44.675,169.325,17.1385121611238,14.0545121611238
2709,2092,360.0,-44.625,169.175,16.957989826783887,14.797989826783887
2710,2093,569.0,-44.625,169.225,17.083689724240685,13.669689724240685
2711,2094,342.0,-44.625,169.275,17.154243333279737,15.102243333279738
2712,2095,616.0,-44.625,169.325,17.177010100902407,13.481010100902408
2713,2429,338.0,-44.725,169.175,16.901478236643015,14.873478236643015
2714,2430,358.0,-44.725,169.225,17.063983786909375,14.915983786909376
2715,2431,269.0,-44.725,169.275,17.11738272944058,15.503382729440577
2716,2432,363.0,-44.725,169.325,17.08153473235143,14.903534732351428
2717,2025,968.0,-44.675,169.375,17.099722243248834,11.291722243248834
2718,2026,767.0,-44.675,169.425,17.05192854050256,12.449928540502558
2719,2027,420.0,-44.675,169.475,17.016560847114306,14.496560847114306
2720,2096,1282.0,-44.625,169.375,17.168164244299987,9.476164244299987
2721,2097,1078.0,-44.625,169.425,17.14679939072812,10.67879939072812
2722,2098,761.0,-44.625,169.475,17.128980438123108,12.562980438123109
2723,2433,923.0,-44.725,169.375,17.000902558414964,11.462902558414964
2724,2434,713.0,-44.725,169.425,16.921383194756345,12.643383194756346
2725,2435,887.0,-44.725,169.475,16.869545570240007,11.547545570240008
2726,2028,669.0,-44.675,169.525,17.00415392740979,12.99015392740979
2727,2029,677.0,-44.675,169.575,17.01718090486247,12.955180904862472
2728,2030,1060.0,-44.675,169.625,17.05389307756559,10.69389307756559
2729,2031,962.0,-44.675,169.675,17.110930360402563,11.338930360402564
2730,2099,480.0,-44.625,169.525,17.124854334106203,14.244854334106204
2731,2100,923.0,-44.625,169.575,17.138981210882775,11.600981210882775
2732,2101,783.0,-44.625,169.625,17.172110789251747,12.474110789251746
2733,2102,1271.0,-44.625,169.675,17.222939347149804,9.596939347149803
2734,2436,759.0,-44.725,169.525,16.852821819702513,12.298821819702514
2735,2437,500.0,-44.725,169.575,16.86884754228231,13.86884754228231
2736,2438,558.0,-44.725,169.625,16.9121089088585,13.5641089088585
2737,2439,999.0,-44.725,169.675,16.976838393966318,10.982838393966318
2738,2032,1365.0,-44.675,169.725,17.1846543114807,8.9946543114807
2739,2033,1471.0,-44.675,169.775,17.27168054084177,8.44568054084177
2740,2034,1405.0,-44.675,169.825,17.368972462470992,8.938972462470993
2741,2103,1039.0,-44.625,169.725,17.289323196353507,11.055323196353507
2742,2104,1412.0,-44.625,169.775,17.368959885032382,8.896959885032382
2743,2105,944.0,-44.625,169.825,17.45968195752357,11.795681957523572
2744,2440,1034.0,-44.725,169.725,17.057941654507886,10.853941654507885
2745,2441,1639.0,-44.725,169.775,17.151116104942048,7.317116104942048
2746,2442,1052.0,-44.725,169.825,17.2526481988898,10.940648198889802
2747,2035,942.0,-44.675,169.875,17.47368125221692,11.82168125221692
2748,2036,1425.0,-44.675,169.925,17.582799738127505,9.032799738127506
2749,2037,1374.0,-44.675,169.975,17.692631728728884,9.448631728728884
2750,2038,1129.0,-44.675,170.025,17.79804263274127,11.024042632741272
2751,2106,747.0,-44.625,169.875,17.5594748139265,13.0774748139265
2752,2107,1494.0,-44.625,169.925,17.66626134564285,8.702261345642853
2753,2112,937.0,-44.625,169.975,17.77743344940245,12.155433449402452
2754,2116,782.0,-44.625,170.025,17.889059704277315,13.197059704277315
2755,2443,1020.0,-44.725,169.875,17.359063442025217,11.239063442025218
2756,2444,855.0,-44.725,169.925,17.466681591467932,12.336681591467933
2757,2445,1809.0,-44.725,169.975,17.571089469929575,6.717089469929576
2758,2446,1476.0,-44.725,170.025,17.666553827235475,8.810553827235475
2759,2039,881.0,-44.675,170.075,17.891450234150398,12.605450234150396
2760,2040,662.0,-44.675,170.125,17.96167205394886,13.98967205394886
2761,2041,819.0,-44.675,170.175,17.993993155294447,13.079993155294448
2762,2042,904.0,-44.675,170.225,17.976247770988266,12.552247770988266
2763,2126,616.0,-44.625,170.075,17.994627761479933,14.298627761479933
2764,2236,648.0,-44.625,170.125,18.08292970553157,14.19492970553157
2765,2243,403.0,-44.625,170.175,18.134311440240708,15.716311440240709
2766,2250,405.0,-44.625,170.225,18.12474954557547,15.694749545575469
2767,2447,1215.0,-44.725,170.075,17.745483437684015,10.455483437684016
2768,2448,881.0,-44.725,170.125,17.79833464967669,12.512334649676689
2769,2449,835.0,-44.725,170.175,17.81497268647945,12.80497268647945
2770,2450,1006.0,-44.725,170.225,17.78846657081158,11.752466570811578
2771,2043,973.0,-44.675,170.275,17.90914477292972,12.07114477292972
2772,2044,632.0,-44.675,170.325,17.80314360099146,14.011143600991462
2773,2045,240.0,-44.675,170.375,17.66856222403294,16.228562224032938
2774,2257,269.0,-44.625,170.275,18.058165367678157,16.444165367678156
2775,2262,269.0,-44.625,170.325,17.953765345388092,16.33976534538809
2776,2270,305.0,-44.625,170.375,17.82304999146436,15.993049991464359
2777,2451,1760.0,-44.725,170.275,17.718895551399328,7.158895551399327
2778,2452,941.0,-44.725,170.325,17.612360791754327,11.966360791754326
2779,2453,650.0,-44.725,170.375,17.4767891264637,13.5767891264637
2780,2046,644.0,-44.675,170.425,17.51277893187944,13.648778931879438
2781,2047,356.0,-44.675,170.475,17.340929319805582,15.204929319805583
2782,2048,272.0,-44.675,170.525,17.156780515404535,15.524780515404535
2783,2049,259.0,-44.675,170.575,16.96328267744684,15.409282677446841
2784,2382,912.0,-44.625,170.425,17.6723679923889,12.2003679923889
2785,2384,831.0,-44.625,170.475,17.505743732937844,12.519743732937844
2786,2388,477.0,-44.625,170.525,17.326083719090093,14.464083719090093
2787,2454,512.0,-44.725,170.425,17.319252677756594,14.247252677756595
2788,2455,208.0,-44.725,170.475,17.1453702297149,15.8973702297149
2789,2456,441.0,-44.725,170.525,16.95953062706394,14.31353062706394
2790,2457,566.0,-44.725,170.575,16.765237454441376,13.369237454441375
2791,2489,384.0,-44.625,170.575,17.135705872628023,14.831705872628023
2792,2050,356.0,-44.675,170.625,16.762878821216873,14.626878821216874
2793,2051,422.0,-44.675,170.675,16.55767017704784,14.02567017704784
2794,2052,612.0,-44.675,170.725,16.349492140943767,12.677492140943766
2795,2458,658.0,-44.725,170.625,16.56538597671897,12.617385976718971
2796,2459,655.0,-44.725,170.675,16.362459213109105,12.432459213109105
2797,2460,555.0,-44.725,170.725,16.15866788747371,12.828667887473712
2798,2496,310.0,-44.625,170.625,16.93656811697292,15.076568116972922
2799,2502,452.0,-44.625,170.675,16.730343655872275,14.018343655872275
2800,2507,718.0,-44.625,170.725,16.518399526234134,12.210399526234134
2801,2053,458.0,-44.675,170.775,16.139911511636456,13.391911511636456
2802,2054,504.0,-44.675,170.825,15.930091115806135,12.906091115806134
2803,2055,504.0,-44.675,170.875,15.72034885060566,12.69634885060566
2804,2056,939.0,-44.675,170.925,15.50905646996398,9.87505646996398
2805,2461,335.0,-44.725,170.775,15.95605216405238,13.94605216405238
2806,2462,272.0,-44.725,170.825,15.75651908540749,14.12451908540749
2807,2463,285.0,-44.725,170.875,15.561642757951631,13.85164275795163
2808,2464,329.0,-44.725,170.925,15.371668117018999,13.397668117018998
2809,2607,558.0,-44.625,170.775,16.301682538265595,12.953682538265596
2810,2609,461.0,-44.625,170.825,16.080468644038774,13.314468644038774
2811,2611,453.0,-44.625,170.875,15.853886634693481,13.135886634693481
2812,2619,833.0,-44.625,170.925,15.619149897596799,10.621149897596798
2813,2057,258.0,-44.675,170.975,15.290393186020083,13.742393186020083
2814,2058,109.0,-44.675,171.025,15.051356688432861,14.397356688432861
2815,2059,60.0,-44.675,171.075,14.7797692517197,14.4197692517197
2816,2060,19.0,-44.675,171.125,14.491086612310028,14.377086612310027
2817,2465,258.0,-44.725,170.975,15.182682828221004,13.634682828221004
2818,2466,88.0,-44.725,171.025,14.979798632266466,14.451798632266465
2819,2467,37.0,-44.725,171.075,14.726743905383046,14.504743905383046
2820,2468,10.0,-44.725,171.125,14.45073246175889,14.390732461758889
2821,2624,186.0,-44.625,170.975,15.370796642877394,14.254796642877395
2822,2734,109.0,-44.625,171.025,15.101795158581808,14.447795158581808
2823,2736,58.0,-44.625,171.075,14.810602782221395,14.462602782221394
2824,2740,18.0,-44.625,171.125,14.510135123869986,14.402135123869986
2825,2186,307.0,-44.475,167.875,12.007916966671473,10.165916966671473
2826,2741,170.0,-44.575,167.825,11.803366510619526,10.783366510619526
2827,2744,1600.0,-44.575,167.875,12.100950890075183,2.500950890075183
2828,2933,298.0,-44.525,167.875,12.051497787368135,10.263497787368134
2829,2187,393.0,-44.475,167.925,12.33152863192663,9.97352863192663
2830,2188,764.0,-44.475,167.975,12.689126612254768,8.105126612254768
2831,2189,1104.0,-44.475,168.025,13.073877765302313,6.449877765302314
2832,2190,99.0,-44.475,168.075,13.475300269608852,12.881300269608852
2833,2752,391.0,-44.575,167.925,12.44944283158111,10.10344283158111
2834,2756,1730.0,-44.575,167.975,12.850839715145412,2.470839715145411
2835,2760,1297.0,-44.575,168.025,13.292846025782637,5.510846025782637
2836,2764,475.0,-44.575,168.075,13.756705049236189,10.906705049236189
2837,2934,644.0,-44.525,167.925,12.387988076734473,8.523988076734472
2838,2935,1051.0,-44.525,167.975,12.766445373534225,6.460445373534225
2839,2936,1124.0,-44.525,168.025,13.17821419685788,6.43421419685788
2840,2937,17.0,-44.525,168.075,13.609571060922462,13.507571060922462
2841,3285,383.0,-44.425,167.925,12.277436331307399,9.979436331307399
2842,3286,267.0,-44.425,167.975,12.615947537880857,11.013947537880856
2843,3287,46.0,-44.425,168.025,12.976679679035442,12.700679679035442
2844,3288,773.0,-44.425,168.075,13.351311692982563,8.713311692982563
2845,2191,681.0,-44.475,168.125,13.88130103716685,9.795301037166851
2846,2192,389.0,-44.475,168.175,14.279709744208958,11.945709744208958
2847,2193,1155.0,-44.475,168.225,14.659056583695929,7.729056583695928
2848,2768,21.0,-44.575,168.125,14.22481249429984,14.09881249429984
2849,2772,1339.0,-44.575,168.175,14.681541463141912,6.647541463141911
2850,2776,1483.0,-44.575,168.225,15.112581494395272,6.214581494395272
2851,2938,906.0,-44.525,168.125,14.045669477025513,8.609669477025513
2852,2939,760.0,-44.525,168.175,14.47237282426795,9.912372824267951
2853,2940,1242.0,-44.525,168.225,14.876641398543143,7.424641398543143
2854,3289,310.0,-44.425,168.125,13.730026563367574,11.870026563367574
2855,3290,1380.0,-44.425,168.175,14.102613230294082,5.822613230294083
2856,3291,40.0,-44.425,168.225,14.459253469321993,14.219253469321993
2857,2008,1387.0,-44.525,168.275,15.246612185481354,6.9246121854813545
2858,2111,1643.0,-44.525,168.325,15.571815327886725,5.713815327886726
2859,2115,1119.0,-44.525,168.375,15.843632130374317,9.129632130374318
2860,2122,736.0,-44.525,168.425,16.05598998023197,11.63998998023197
2861,2194,650.0,-44.475,168.275,15.008973464311566,11.108973464311566
2862,2195,1285.0,-44.475,168.325,15.320538221814786,7.610538221814787
2863,2196,1183.0,-44.475,168.375,15.586702468091971,8.488702468091972
2864,2197,836.0,-44.475,168.425,15.802825947816018,10.78682594781602
2865,2780,1158.0,-44.575,168.275,15.504602259927196,8.556602259927196
2866,2784,1054.0,-44.575,168.325,15.845363325235667,9.521363325235669
2867,2788,1120.0,-44.575,168.375,16.12422674409754,9.404226744097542
2868,2792,1426.0,-44.575,168.425,16.333049632419716,7.7770496324197165
2869,3292,1140.0,-44.425,168.275,14.791050944826566,7.951050944826566
2870,3293,1057.0,-44.425,168.325,15.090448832372203,8.748448832372205
2871,3294,1758.0,-44.425,168.375,15.3516339972266,4.803633997226601
2872,3295,1172.0,-44.425,168.425,15.570954201204586,8.538954201204586
2873,2131,621.0,-44.525,168.475,16.206224825204117,12.480224825204118
2874,2132,1140.0,-44.525,168.525,16.295959320952534,9.455959320952534
2875,2133,1409.0,-44.525,168.575,16.33174463477917,7.877744634779171
2876,2198,1935.0,-44.475,168.475,15.96726365791983,4.3572636579198285
2877,2199,1260.0,-44.475,168.525,16.08188710777904,8.52188710777904
2878,2200,1874.0,-44.475,168.575,16.152366529931896,4.908366529931898
2879,2879,1379.0,-44.575,168.475,16.467408624856034,8.193408624856035
2880,2880,1471.0,-44.575,168.525,16.528003432409605,7.7020034324096045
2881,2881,1415.0,-44.575,168.575,16.521906231108005,8.031906231108005
2882,3296,735.0,-44.425,168.475,15.747314251813805,11.337314251813805
2883,3297,958.0,-44.425,168.525,15.882469982898328,10.134469982898327
2884,3298,1500.0,-44.425,168.575,15.981109188855044,6.981109188855044
2885,2134,1914.0,-44.525,168.625,16.325140182845644,4.841140182845644
2886,2135,1490.0,-44.525,168.675,16.29193324733933,7.35193324733933
2887,2136,1460.0,-44.525,168.725,16.250389627282857,7.490389627282857
2888,2137,1532.0,-44.525,168.775,16.218749502892024,7.026749502892024
2889,2201,1520.0,-44.475,168.625,16.188019651468494,7.068019651468495
2890,2202,741.0,-44.475,168.675,16.201077904130216,11.755077904130216
2891,2203,857.0,-44.475,168.725,16.205349435695098,11.063349435695098
2892,2204,1424.0,-44.475,168.775,16.21444202402199,7.670442024021991
2893,2882,1827.0,-44.575,168.625,16.46313108415052,5.5011310841505185
2894,2883,880.0,-44.575,168.675,16.371942685262184,11.091942685262183
2895,2884,1449.0,-44.575,168.725,16.272579892582144,7.578579892582145
2896,2885,1019.0,-44.575,168.775,16.1896527477802,10.0756527477802
2897,3299,1680.0,-44.425,168.625,16.05060784498346,5.97060784498346
2898,3300,750.0,-44.425,168.675,16.100391077503446,11.600391077503446
2899,3301,1754.0,-44.425,168.725,16.140912867704174,5.616912867704174
2900,3302,1822.0,-44.425,168.775,16.18237588768534,5.25037588768534
2901,2138,1693.0,-44.525,168.825,16.212492806225782,6.054492806225783
2902,2139,461.0,-44.525,168.875,16.242013047711225,13.476013047711225
2903,2140,693.0,-44.525,168.925,16.311192257489893,12.153192257489893
2904,2141,1783.0,-44.525,168.975,16.41707839112496,5.719078391124961
2905,2205,596.0,-44.475,168.825,16.239872658246895,12.663872658246895
2906,2206,1010.0,-44.475,168.875,16.289452579629142,10.229452579629143
2907,2207,1413.0,-44.475,168.925,16.366269078542246,7.888269078542246
2908,2208,1281.0,-44.475,168.975,16.468436448223656,8.782436448223656
2909,2886,1973.0,-44.575,168.825,16.144095502299024,4.306095502299025
2910,2887,604.0,-44.575,168.875,16.14978864126897,12.52578864126897
2911,2888,580.0,-44.575,168.925,16.211629096404067,12.731629096404067
2912,2889,905.0,-44.575,168.975,16.32521756028291,10.895217560282909
2913,3303,385.0,-44.425,168.825,16.233403530350188,13.923403530350187
2914,3304,1461.0,-44.425,168.875,16.299911300680833,7.533911300680833
2915,3305,1361.0,-44.425,168.925,16.384390773877385,8.218390773877386
2916,3306,1538.0,-44.425,168.975,16.485736150672892,7.257736150672892
2917,2142,993.0,-44.525,169.025,16.550623910559807,10.592623910559809
2918,2143,387.0,-44.525,169.075,16.69836184226733,14.376361842267332
2919,2144,279.0,-44.525,169.125,16.8449213502754,15.1709213502754
2920,2209,991.0,-44.475,169.025,16.589641240949277,10.643641240949277
2921,2210,1310.0,-44.475,169.075,16.720410683003138,8.860410683003138
2922,2211,279.0,-44.475,169.125,16.849959601153387,15.175959601153387
2923,2890,748.0,-44.575,169.025,16.477901711594313,11.989901711594314
2924,2891,279.0,-44.575,169.075,16.650884259157465,14.976884259157465
2925,2892,382.0,-44.575,169.125,16.822401842844556,14.530401842844556
2926,3307,937.0,-44.425,169.025,16.599646954156924,10.977646954156924
2927,3308,907.0,-44.425,169.075,16.719553366623586,11.277553366623586
2928,3309,281.0,-44.425,169.125,16.837926655978663,15.151926655978663
2929,2145,1228.0,-44.525,169.175,16.976166650041705,9.608166650041706
2930,2146,501.0,-44.525,169.225,17.082196787683642,14.076196787683642
2931,2147,348.0,-44.525,169.275,17.159037070174236,15.071037070174235
2932,2148,821.0,-44.525,169.325,17.208555114106275,12.282555114106275
2933,2212,639.0,-44.475,169.175,16.968330512579996,13.134330512579997
2934,2213,852.0,-44.475,169.225,17.06831968955521,11.956319689555212
2935,2214,348.0,-44.475,169.275,17.146616943340632,15.058616943340631
2936,2215,601.0,-44.475,169.325,17.203890289209085,13.597890289209085
2937,2893,1209.0,-44.575,169.175,16.972240931048873,9.718240931048873
2938,2894,700.0,-44.575,169.225,17.08671834442066,12.886718344420661
2939,2895,348.0,-44.575,169.275,17.161268284151447,15.073268284151446
2940,2896,449.0,-44.575,169.325,17.19986472481105,14.505864724811051
2941,3310,279.0,-44.425,169.175,16.947738197472063,15.273738197472063
2942,3311,810.0,-44.425,169.225,17.043741474306444,12.183741474306444
2943,3312,647.0,-44.425,169.275,17.123261018714402,13.241261018714402
2944,3313,403.0,-44.425,169.325,17.18632927420549,14.768329274205492
2945,2149,758.0,-44.525,169.375,17.23701267708384,12.68901267708384
2946,2150,800.0,-44.525,169.425,17.25286910549039,12.45286910549039
2947,2151,788.0,-44.525,169.475,17.26455569366226,12.53655569366226
2948,2216,1439.0,-44.475,169.375,17.243961380212568,8.609961380212567
2949,2217,1567.0,-44.475,169.425,17.27244764425268,7.87044764425268
2950,2218,1127.0,-44.475,169.475,17.295322522724746,10.533322522724745
2951,2897,1123.0,-44.575,169.375,17.212610215094173,10.474610215094174
2952,2898,1000.0,-44.575,169.425,17.212187664292287,11.212187664292287
2953,2899,1096.0,-44.575,169.475,17.210325255509815,10.634325255509815
2954,3314,348.0,-44.425,169.375,17.235228632445796,15.147228632445795
2955,3315,455.0,-44.425,169.425,17.273653010677663,14.543653010677662
2956,3316,1000.0,-44.425,169.475,17.305765343480743,11.305765343480743
2957,2152,813.0,-44.525,169.525,17.278900910867378,12.400900910867378
2958,2153,868.0,-44.525,169.575,17.30048802716192,12.09248802716192
2959,2154,1010.0,-44.525,169.625,17.3317737399193,11.2717737399193
2960,2155,893.0,-44.525,169.675,17.373604546533898,12.015604546533897
2961,2219,1556.0,-44.475,169.525,17.317791437817505,7.981791437817504
2962,2220,933.0,-44.475,169.575,17.343687388754915,11.745687388754916
2963,2221,1178.0,-44.475,169.625,17.375361054131645,10.307361054131645
2964,2222,1126.0,-44.475,169.675,17.413904014174477,10.657904014174477
2965,2900,1108.0,-44.575,169.525,17.21561514714267,10.567615147142671
2966,2901,779.0,-44.575,169.575,17.23304429037671,12.559044290376711
2967,2902,819.0,-44.575,169.625,17.264647655334556,12.350647655334557
2968,2903,961.0,-44.575,169.675,17.31052027369151,11.54452027369151
2969,3317,1511.0,-44.425,169.525,17.335398973780684,8.269398973780685
2970,3318,1433.0,-44.425,169.575,17.365550339847687,8.767550339847688
2971,3319,1087.0,-44.425,169.625,17.398187413753476,10.876187413753478
2972,3320,737.0,-44.425,169.675,17.434310255674063,13.012310255674063
2973,2156,683.0,-44.525,169.725,17.425825803220505,13.327825803220506
2974,2157,1334.0,-44.525,169.775,17.48781827998755,9.48381827998755
2975,2158,536.0,-44.525,169.825,17.558901926284307,14.342901926284306
2976,2223,643.0,-44.475,169.725,17.459528568419046,13.601528568419045
2977,2224,1135.0,-44.475,169.775,17.51198031163949,10.701980311639492
2978,2225,603.0,-44.475,169.825,17.57091925565328,13.95291925565328
2979,2904,1588.0,-44.575,169.725,17.369724508724175,7.841724508724175
2980,2905,1397.0,-44.575,169.775,17.44093735278875,9.058937352788751
2981,2906,741.0,-44.575,169.825,17.522836453121272,13.076836453121272
2982,3321,761.0,-44.425,169.725,17.474170410685474,12.908170410685475
2983,3322,939.0,-44.425,169.775,17.517571055010194,11.883571055010194
2984,3323,658.0,-44.425,169.825,17.564203079906292,13.616203079906292
2985,2159,497.0,-44.525,169.875,17.638585228589363,14.656585228589364
2986,2160,468.0,-44.525,169.925,17.726615631268942,14.918615631268942
2987,2161,898.0,-44.525,169.975,17.822707483515842,12.434707483515842
2988,2162,668.0,-44.525,170.025,17.925703641652944,13.917703641652945
2989,2226,710.0,-44.475,169.875,17.636236904436373,13.376236904436373
2990,2907,554.0,-44.575,169.875,17.61425418035651,14.290254180356511
2991,2908,844.0,-44.575,169.925,17.714096160649206,12.650096160649206
2992,2909,706.0,-44.575,169.975,17.820962478755973,13.584962478755973
2993,2910,1130.0,-44.575,170.025,17.932355200959137,11.152355200959136
2994,3042,450.0,-44.475,169.925,17.70825980939844,15.008259809398442
2995,3111,419.0,-44.475,169.975,17.787691423291108,15.273691423291108
2996,3113,400.0,-44.475,170.025,17.8749128713971,15.4749128713971
2997,3324,566.0,-44.425,169.875,17.61400260440132,14.21800260440132
2998,3325,570.0,-44.425,169.925,17.667525546596153,14.247525546596153
2999,3326,448.0,-44.425,169.975,17.726282126590377,15.038282126590376
3000,3331,771.0,-44.425,170.025,17.792709235523944,13.166709235523944
3001,2163,362.0,-44.525,170.075,18.031831237967708,15.859831237967708
3002,2164,628.0,-44.525,170.125,18.13165548988036,14.363655489880358
3003,2165,362.0,-44.525,170.175,18.204663820462883,16.032663820462883
3004,2166,537.0,-44.525,170.225,18.220268828998087,14.998268828998087
3005,2911,441.0,-44.575,170.075,18.043328459985787,15.397328459985786
3006,2912,531.0,-44.575,170.125,18.144321505606058,14.958321505606058
3007,2913,460.0,-44.575,170.175,18.216389379653265,15.456389379653265
3008,2914,406.0,-44.575,170.225,18.21428708860185,15.77828708860185
3009,3115,423.0,-44.475,170.075,17.967977576714475,15.429977576714474
3010,3117,1661.0,-44.475,170.125,18.058999279077398,8.092999279077398
3011,3119,706.0,-44.475,170.175,18.131383509535226,13.895383509535225
3012,3121,490.0,-44.475,170.225,18.166375150554813,15.226375150554814
3013,3332,1513.0,-44.425,170.075,17.86870758330042,8.79070758330042
3014,3333,1460.0,-44.425,170.125,17.951299219974317,9.191299219974317
3015,3334,904.0,-44.425,170.175,18.028435287444154,12.604435287444154
3016,3335,362.0,-44.425,170.225,18.08359255612595,15.91159255612595
3017,2167,1053.0,-44.525,170.275,18.18134066008497,11.86334066008497
3018,2168,669.0,-44.525,170.325,18.107011672778754,14.093011672778754
3019,2169,1444.0,-44.525,170.375,18.006227339588804,9.342227339588804
3020,2915,530.0,-44.575,170.275,18.15177136324928,14.971771363249282
3021,2916,662.0,-44.575,170.325,18.05595243915741,14.08395243915741
3022,2917,775.0,-44.575,170.375,17.93570893422293,13.285708934222932
3023,3123,683.0,-44.475,170.275,18.158738733356586,14.060738733356587
3024,3126,1530.0,-44.475,170.325,18.11462897992169,8.93462897992169
3025,3128,1384.0,-44.475,170.375,18.040295072365552,9.736295072365552
3026,3336,419.0,-44.425,170.275,18.10608572374622,15.59208572374622
3027,3337,1182.0,-44.425,170.325,18.093659651072812,11.001659651072814
3028,3338,800.0,-44.425,170.375,18.04821653138788,13.248216531387879
3029,2170,805.0,-44.525,170.425,17.883310536723002,13.053310536723002
3030,2171,873.0,-44.525,170.475,17.740948320526513,12.502948320526514
3031,2172,1684.0,-44.525,170.525,17.581208287898335,7.4772082878983355
3032,2173,659.0,-44.525,170.575,17.40588088086224,13.451880880862241
3033,2918,553.0,-44.575,170.425,17.795643068675417,14.477643068675418
3034,2919,1310.0,-44.575,170.475,17.638700220297324,9.778700220297324
3035,2920,1086.0,-44.575,170.525,17.467103626346216,10.951103626346217
3036,2921,527.0,-44.575,170.575,17.282720009156037,14.120720009156038
3037,3135,1280.0,-44.475,170.425,17.939826300091227,10.259826300091227
3038,3143,1163.0,-44.475,170.475,17.81608677165059,10.838086771650588
3039,3267,1674.0,-44.475,170.525,17.67140484227275,7.627404842272751
3040,3271,1163.0,-44.475,170.575,17.507847212982597,10.529847212982595
3041,3339,1149.0,-44.425,170.425,17.97258712236362,11.07858712236362
3042,3340,725.0,-44.425,170.475,17.86957284298842,13.519572842988419
3043,3341,920.0,-44.425,170.525,17.741832448693458,12.221832448693458
3044,3342,656.0,-44.425,170.575,17.591885394896963,13.655885394896963
3045,2174,525.0,-44.525,170.625,17.216546820753138,14.066546820753137
3046,2175,448.0,-44.525,170.675,17.014513011774397,14.326513011774397
3047,2176,503.0,-44.525,170.725,16.800674659461947,13.782674659461946
3048,2922,433.0,-44.575,170.625,17.087173551510205,14.489173551510206
3049,2923,471.0,-44.575,170.675,16.88182869674347,14.055828696743468
3050,2924,804.0,-44.575,170.725,16.667687833396485,11.843687833396487
3051,3272,563.0,-44.475,170.625,17.32725850479619,13.949258504796191
3052,3273,458.0,-44.475,170.675,17.131180909229442,14.383180909229443
3053,3274,624.0,-44.475,170.725,16.92071699889493,13.176716998894932
3054,3343,671.0,-44.425,170.625,17.422057789488463,13.396057789488463
3055,3344,546.0,-44.425,170.675,17.23437092221866,13.95837092221866
3056,3345,911.0,-44.425,170.725,17.030410934559768,11.564410934559769
3057,2177,665.0,-44.525,170.775,16.575329499159125,12.585329499159124
3058,2178,921.0,-44.525,170.825,16.337968900013948,10.811968900013948
3059,2179,502.0,-44.525,170.875,16.0871124703408,13.075112470340798
3060,2180,240.0,-44.525,170.925,15.820369013934396,14.380369013934397
3061,2925,732.0,-44.575,170.775,16.44521241194161,12.053212411941612
3062,2926,483.0,-44.575,170.825,16.21405842223612,13.316058422236122
3063,2927,708.0,-44.575,170.875,15.97273841543938,11.72473841543938
3064,2928,878.0,-44.575,170.925,15.718354174940032,10.450354174940031
3065,3275,849.0,-44.475,170.775,16.696376310792402,11.602376310792401
3066,3276,1054.0,-44.475,170.825,16.45794724552252,10.13394724552252
3067,3277,362.0,-44.475,170.875,16.20446444027766,14.03246444027766
3068,3278,216.0,-44.475,170.925,15.934399357123766,14.638399357123767
3069,3346,1011.0,-44.425,170.775,16.811220589952427,10.745220589952428
3070,3347,769.0,-44.425,170.825,16.577254044183064,11.963254044183063
3071,3348,325.0,-44.425,170.875,16.328444503218634,14.378444503218635
3072,3349,298.0,-44.425,170.925,16.0644465610967,14.276446561096702
3073,2181,233.0,-44.525,170.975,15.535103737944155,14.137103737944155
3074,2182,145.0,-44.525,171.025,15.23020616643771,14.360206166437711
3075,2183,96.0,-44.525,171.075,14.909049724592478,14.333049724592478
3076,2184,54.0,-44.525,171.125,14.582834440479928,14.258834440479928
3077,2929,282.0,-44.575,170.975,15.44692584022414,13.75492584022414
3078,2930,161.0,-44.575,171.025,15.15545450868376,14.189454508683761
3079,2931,109.0,-44.575,171.075,14.846466076676734,14.192466076676734
3080,2932,66.0,-44.575,171.125,14.53245401843742,14.13645401843742
3081,3279,307.0,-44.475,170.975,15.646258958280669,13.804258958280668
3082,3280,179.0,-44.475,171.025,15.339750773317064,14.265750773317064
3083,3281,88.0,-44.475,171.075,15.017525106770336,14.489525106770335
3084,3282,51.0,-44.475,171.125,14.687592720125394,14.381592720125395
3085,3350,188.0,-44.425,170.975,15.785103248963424,14.657103248963423
3086,3351,119.0,-44.425,171.025,15.491121140825271,14.77712114082527
3087,3352,78.0,-44.425,171.075,15.184857793188712,14.716857793188712
3088,3353,66.0,-44.425,171.125,14.871314595504373,14.475314595504372
3089,2185,18.0,-44.525,171.175,14.273353910997685,14.165353910997684
3090,3283,19.0,-44.475,171.175,14.3677248622771,14.2537248622771
3091,3284,8.0,-44.475,171.225,14.095059665232839,14.047059665232839
3092,3354,63.0,-44.425,171.175,14.560687238415994,14.182687238415994
3093,3355,32.0,-44.425,171.225,14.27917719433026,14.087177194330259
3094,3356,19.0,-44.375,168.025,12.884739166562213,12.770739166562212
3095,3357,678.0,-44.375,168.075,13.235634608543478,9.167634608543478
3096,3025,340.0,-44.275,168.125,13.337566033136682,11.297566033136683
3097,3027,875.0,-44.275,168.175,13.648329343253863,8.398329343253863
3098,3028,865.0,-44.275,168.225,13.950159840111155,8.760159840111154
3099,3358,740.0,-44.375,168.125,13.590051010018215,9.150051010018213
3100,3359,923.0,-44.375,168.175,13.939512623968767,8.401512623968767
3101,3360,304.0,-44.375,168.225,14.275754681701073,12.451754681701074
3102,3855,87.0,-44.325,168.125,13.45971822188585,12.93771822188585
3103,3856,37.0,-44.325,168.175,13.788655925702187,13.566655925702188
3104,3858,55.0,-44.325,168.225,14.106700856485986,13.776700856485986
3105,3029,309.0,-44.275,168.275,14.237781805320992,12.383781805320993
3106,3030,936.0,-44.275,168.325,14.506720724719344,8.890720724719344
3107,3032,649.0,-44.275,168.375,14.753582144112443,10.859582144112442
3108,3033,1132.0,-44.275,168.425,14.976265247518313,8.184265247518313
3109,3053,1043.0,-44.375,168.325,14.879636210243916,8.621636210243917
3110,3124,1497.0,-44.375,168.375,15.1360845258896,6.154084525889601
3111,3129,1050.0,-44.375,168.425,15.357633919658838,9.057633919658837
3112,3361,1202.0,-44.375,168.275,14.591250252429745,7.379250252429745
3113,3860,871.0,-44.325,168.275,14.407539422405534,9.181539422405535
3114,3861,749.0,-44.325,168.325,14.685833386669401,10.191833386669401
3115,3862,804.0,-44.325,168.375,14.937547529116273,10.113547529116275
3116,3863,1317.0,-44.325,168.425,15.160215716634411,7.258215716634412
3117,3034,1170.0,-44.275,168.475,15.174097773735411,8.154097773735412
3118,3035,1032.0,-44.275,168.525,15.34787229084759,9.15587229084759
3119,3036,670.0,-44.275,168.575,15.499762733918033,11.479762733918033
3120,3136,433.0,-44.375,168.475,15.543460032524308,12.94546003252431
3121,3145,1432.0,-44.375,168.525,15.695032522562542,7.1030325225625415
3122,3250,1699.0,-44.375,168.575,15.816092140608816,5.622092140608817
3123,3864,1239.0,-44.325,168.475,15.35312931741646,7.91912931741646
3124,3865,591.0,-44.325,168.525,15.517415992901078,11.971415992901079
3125,3866,218.0,-44.325,168.575,15.655970427702414,14.347970427702414
3126,3037,286.0,-44.275,168.625,15.63310761183675,13.91710761183675
3127,3038,795.0,-44.275,168.675,15.752062915678835,10.982062915678835
3128,3039,401.0,-44.275,168.725,15.861150889308192,13.455150889308193
3129,3040,662.0,-44.275,168.775,15.964754850167083,11.992754850167083
3130,3256,1001.0,-44.375,168.625,15.912386826981674,9.906386826981674
3131,3259,1298.0,-44.375,168.675,15.991137767356122,8.203137767356122
3132,3265,2256.0,-44.375,168.725,16.060261274760705,2.524261274760706
3133,3269,1653.0,-44.375,168.775,16.127436597569613,6.209436597569612
3134,3867,908.0,-44.325,168.625,15.773206190249766,10.325206190249766
3135,3868,724.0,-44.325,168.675,15.874621175287757,11.530621175287756
3136,3869,1872.0,-44.325,168.725,15.966204676733469,4.734204676733469
3137,3870,1077.0,-44.325,168.775,16.05375319327868,9.59175319327868
3138,3041,1175.0,-44.275,168.825,16.0666280680598,9.016628068059799
3139,3043,904.0,-44.275,168.875,16.169490290121757,10.745490290121758
3140,3044,840.0,-44.275,168.925,16.274776138467132,11.234776138467133
3141,3045,762.0,-44.275,168.975,16.38257672765758,11.81057672765758
3142,3366,1487.0,-44.375,168.825,16.199161723721772,7.277161723721774
3143,3372,1203.0,-44.375,168.875,16.27995918567467,9.06195918567467
3144,3379,1130.0,-44.375,168.925,16.371874403237598,9.591874403237597
3145,3386,1434.0,-44.375,168.975,16.474358248815406,7.870358248815407
3146,3871,1858.0,-44.325,168.825,16.14219241477258,4.9941924147725825
3147,3872,1339.0,-44.325,168.875,16.23501379819936,8.20101379819936
3148,3873,919.0,-44.325,168.925,16.333921293509775,10.819921293509775
3149,3874,1304.0,-44.325,168.975,16.438750431261724,8.614750431261726
3150,3046,1591.0,-44.275,169.025,16.49178390103043,6.945783901030431
3151,3047,1427.0,-44.275,169.075,16.60041105147684,8.03841105147684
3152,3048,750.0,-44.275,169.125,16.70603150886018,12.206031508860178
3153,3394,1627.0,-44.375,169.025,16.584559455077397,6.822559455077398
3154,3400,1419.0,-44.375,169.075,16.697983786958503,8.183983786958503
3155,3405,284.0,-44.375,169.125,16.80940937649575,15.10540937649575
3156,3875,1053.0,-44.325,169.025,16.547676064277766,10.229676064277767
3157,3876,1777.0,-44.325,169.075,16.657674735266482,5.995674735266483
3158,3877,962.0,-44.325,169.125,16.765159327260335,10.993159327260337
3159,3049,419.0,-44.275,169.175,16.806251521600643,14.292251521600644
3160,3052,884.0,-44.275,169.225,16.899127279029926,11.595127279029928
3161,3056,1473.0,-44.275,169.275,16.983449319857755,8.145449319857756
3162,3057,1359.0,-44.275,169.325,17.058851261012023,8.904851261012023
3163,3412,279.0,-44.375,169.175,16.913885218062205,15.239885218062206
3164,3419,1754.0,-44.375,169.225,17.007602808997035,6.483602808997036
3165,3426,1258.0,-44.375,169.275,17.088452469251934,9.540452469251933
3166,3433,1201.0,-44.375,169.325,17.156165827953373,9.950165827953374
3167,3878,279.0,-44.325,169.175,16.86666513455566,15.19266513455566
3168,3879,1432.0,-44.325,169.225,16.959450288733933,8.367450288733933
3169,3880,1305.0,-44.325,169.275,17.04189239483094,9.211892394830938
3170,3881,1838.0,-44.325,169.325,17.113617479539244,6.085617479539245
3171,3058,1346.0,-44.275,169.375,17.125742884833016,9.049742884833016
3172,3059,1157.0,-44.275,169.425,17.1851062393107,10.243106239310698
3173,3060,589.0,-44.275,169.475,17.238216653990094,13.704216653990095
3174,3440,649.0,-44.375,169.375,17.212066906446125,13.318066906446125
3175,3530,459.0,-44.375,169.425,17.258552834871807,14.504552834871808
3176,3536,1268.0,-44.375,169.475,17.298471753660124,9.690471753660123
3177,3882,891.0,-44.325,169.375,17.175368335156236,11.829368335156236
3178,3883,348.0,-44.325,169.425,17.22868069037213,15.140680690372129
3179,3884,1527.0,-44.325,169.475,17.27546882783645,8.11346882783645
3180,3061,1822.0,-44.275,169.525,17.28635447192937,6.354354471929373
3181,3062,1497.0,-44.275,169.575,17.330560999529553,8.348560999529553
3182,3063,1410.0,-44.275,169.625,17.37147144660412,8.91147144660412
3183,3064,1366.0,-44.275,169.675,17.40923745953478,9.21323745953478
3184,3538,1237.0,-44.375,169.525,17.334556017551222,9.912556017551223
3185,3543,1378.0,-44.375,169.575,17.369016675191233,9.101016675191234
3186,3549,787.0,-44.375,169.625,17.403337030875264,12.681337030875264
3187,3555,886.0,-44.375,169.675,17.438247733953176,12.122247733953177
3188,3885,1208.0,-44.325,169.525,17.317622331611346,10.069622331611347
3189,3886,1515.0,-44.325,169.575,17.35668946923397,8.26668946923397
3190,3887,745.0,-44.325,169.625,17.393684700815356,12.923684700815357
3191,3888,1048.0,-44.325,169.675,17.429023707285523,11.141023707285523
3192,3065,1590.0,-44.275,169.725,17.44353889602644,7.90353889602644
3193,3066,1158.0,-44.275,169.775,17.47368174690928,10.525681746909278
3194,3067,612.0,-44.275,169.825,17.498786964206374,13.826786964206374
3195,3561,984.0,-44.375,169.725,17.473839148064144,11.569839148064144
3196,3641,1066.0,-44.375,169.775,17.50976781177451,11.113767811774508
3197,3645,810.0,-44.375,169.825,17.545533388634794,12.685533388634795
3198,3889,1760.0,-44.325,169.725,17.462569387367694,6.902569387367693
3199,3890,1762.0,-44.325,169.775,17.49376897489128,6.921768974891281
3200,3891,713.0,-44.325,169.825,17.521873681951547,13.243873681951548
3201,3068,520.0,-44.275,169.875,17.518094695027685,14.398094695027684
3202,3069,520.0,-44.275,169.925,17.531448626643396,14.411448626643395
3203,3070,515.0,-44.275,169.975,17.540119759578374,14.450119759578374
3204,3071,479.0,-44.275,170.025,17.548419250786537,14.674419250786537
3205,3649,600.0,-44.375,169.875,17.580833932719543,13.980833932719543
3206,3655,580.0,-44.375,169.925,17.616053466656012,14.136053466656012
3207,3660,708.0,-44.375,169.975,17.65300534409471,13.405005344094707
3208,3665,677.0,-44.375,170.025,17.696069260506192,13.634069260506193
3209,3892,617.0,-44.325,169.875,17.54625785574899,13.84425785574899
3210,3893,583.0,-44.325,169.925,17.56690628915385,14.06890628915385
3211,3894,550.0,-44.325,169.975,17.58526517561404,14.28526517561404
3212,3895,495.0,-44.325,170.025,17.60603964960319,14.63603964960319
3213,3001,379.0,-44.325,170.175,17.816384664824,15.542384664823999
3214,3002,374.0,-44.325,170.225,17.91349368329975,15.669493683299748
3215,3072,458.0,-44.275,170.075,17.5679600781732,14.819960078173201
3216,3073,442.0,-44.275,170.125,17.63897930973326,14.98697930973326
3217,3074,436.0,-44.275,170.175,17.752124133956386,15.136124133956386
3218,3075,407.0,-44.275,170.225,17.860755392641295,15.418755392641295
3219,3670,896.0,-44.375,170.075,17.75293224370398,12.37693224370398
3220,3674,1503.0,-44.375,170.125,17.82946338696638,8.811463386966382
3221,3679,474.0,-44.375,170.175,17.91646768641658,15.072467686416582
3222,3684,362.0,-44.375,170.225,17.993085576890735,15.821085576890734
3223,3896,617.0,-44.325,170.075,17.64168157702079,13.93968157702079
3224,3897,923.0,-44.325,170.125,17.714568238530774,12.176568238530773
3225,3003,396.0,-44.325,170.275,17.986382672621403,15.610382672621403
3226,3004,417.0,-44.325,170.325,18.02641193535237,15.524411935352372
3227,3005,468.0,-44.325,170.375,18.030773660517298,15.222773660517298
3228,3076,418.0,-44.275,170.275,17.94706576844328,15.439065768443282
3229,3077,448.0,-44.275,170.325,18.002253832339193,15.314253832339192
3230,3078,759.0,-44.275,170.375,18.022443830923294,13.468443830923295
3231,3752,499.0,-44.375,170.275,18.043237745645456,15.049237745645456
3232,3753,436.0,-44.375,170.325,18.059844545059605,15.443844545059605
3233,3755,782.0,-44.375,170.375,18.041646429686807,13.349646429686807
3234,3006,767.0,-44.325,170.425,17.999766420121887,13.397766420121886
3235,3007,935.0,-44.325,170.475,17.935345958423568,12.325345958423569
3236,3008,1770.0,-44.325,170.525,17.840390864323126,7.220390864323127
3237,3009,890.0,-44.325,170.575,17.71826059781597,12.37826059781597
3238,3079,527.0,-44.275,170.425,18.006811373095843,14.844811373095844
3239,3080,741.0,-44.275,170.475,17.956590088972007,13.510590088972007
3240,3081,1111.0,-44.275,170.525,17.87448611758009,11.20848611758009
3241,3082,923.0,-44.275,170.575,17.7641518546734,12.2261518546734
3242,3758,768.0,-44.375,170.425,17.990053247485776,13.382053247485775
3243,3761,965.0,-44.375,170.475,17.907522418317967,12.117522418317968
3244,3765,1295.0,-44.375,170.525,17.79691295347584,10.02691295347584
3245,3770,820.0,-44.375,170.575,17.661204838732374,12.741204838732376
3246,3010,878.0,-44.325,170.625,17.572438305971446,12.304438305971445
3247,3011,813.0,-44.325,170.675,17.40623513367609,12.528235133676091
3248,3012,776.0,-44.325,170.725,17.22260031339829,12.56660031339829
3249,3083,1073.0,-44.275,170.625,17.62962446063466,11.19162446063466
3250,3084,754.0,-44.275,170.675,17.474848976708017,12.950848976708016
3251,3085,624.0,-44.275,170.725,17.303405934479088,13.559405934479088
3252,3774,809.0,-44.375,170.625,17.50330097619735,12.649300976197352
3253,3778,700.0,-44.375,170.675,17.325846454972634,13.125846454972635
3254,3782,1402.0,-44.375,170.725,17.13108528847806,8.719085288478063
3255,3013,542.0,-44.325,170.775,17.024069352148217,13.772069352148218
3256,3014,784.0,-44.325,170.825,16.81285983921407,12.10885983921407
3257,3015,305.0,-44.325,170.875,16.591118589516554,14.761118589516554
3258,3016,308.0,-44.325,170.925,16.36132684117183,14.513326841171832
3259,3086,432.0,-44.275,170.775,17.118463941798836,14.526463941798836
3260,3087,316.0,-44.275,170.825,16.92292279616231,15.02692279616231
3261,3088,266.0,-44.275,170.875,16.71971633645444,15.12371633645444
3262,3089,460.0,-44.275,170.925,16.512267483776668,13.752267483776668
3263,3786,726.0,-44.375,170.775,16.920789613446686,12.564789613446687
3264,3790,698.0,-44.375,170.825,16.696291235348326,12.508291235348327
3265,3794,303.0,-44.375,170.875,16.458642493525986,14.640642493525986
3266,3798,231.0,-44.375,170.925,16.20892880948668,14.82292880948668
3267,3017,271.0,-44.325,170.975,16.126865839003585,14.500865839003586
3268,3018,204.0,-44.325,171.025,15.892724659155647,14.668724659155647
3269,3019,157.0,-44.325,171.075,15.666295470451587,14.724295470451587
3270,3021,129.0,-44.325,171.125,15.458127205871278,14.684127205871278
3271,3090,159.0,-44.275,170.975,16.305106010819145,15.351106010819144
3272,3091,112.0,-44.275,171.025,16.1046633356018,15.432663335601799
3273,3092,96.0,-44.275,171.075,15.920220369909657,15.344220369909657
3274,3093,81.0,-44.275,171.125,15.764740410406375,15.278740410406375
3275,3802,149.0,-44.375,170.975,15.948730353804422,15.054730353804421
3276,3850,382.0,-44.375,171.025,15.680670516827377,13.388670516827377
3277,3851,205.0,-44.375,171.075,15.408921324866242,14.178921324866241
3278,3852,163.0,-44.375,171.125,15.139617515764257,14.161617515764258
3279,3022,60.0,-44.325,171.175,15.282157810877834,14.922157810877835
3280,3023,19.0,-44.325,171.225,15.152362626016838,15.038362626016838
3281,3024,7.0,-44.325,171.275,15.06075792368938,15.01875792368938
3282,3094,47.0,-44.275,171.175,15.654095480538672,15.372095480538672
3283,3095,31.0,-44.275,171.225,15.597988257766701,15.411988257766701
3284,3096,17.0,-44.275,171.275,15.556627525147633,15.454627525147632
3285,3853,97.0,-44.375,171.175,14.88204268199479,14.300042681994789
3286,3854,31.0,-44.375,171.225,14.656844235869357,14.470844235869357
3287,3097,7.0,-44.275,171.325,15.386812720164016,15.344812720164017
3288,3098,128.0,-44.225,168.175,13.516953932441538,12.748953932441538
3289,3099,617.0,-44.225,168.225,13.804292428772897,10.102292428772897
3290,3595,304.0,-44.175,168.225,13.667431320587639,11.843431320587639
3291,3100,251.0,-44.225,168.275,14.079927790706279,12.573927790706279
3292,3101,789.0,-44.225,168.325,14.340102588757873,9.606102588757873
3293,3102,478.0,-44.225,168.375,14.58194112314959,11.71394112314959
3294,3103,141.0,-44.225,168.425,14.803620228165528,13.957620228165528
3295,3539,128.0,-44.125,168.275,13.792695436422946,13.024695436422945
3296,3545,483.0,-44.125,168.325,14.036672038258985,11.138672038258985
3297,3551,80.0,-44.125,168.375,14.26792716451746,13.787927164517459
3298,3557,455.0,-44.125,168.425,14.48502862729947,11.75502862729947
3299,3596,351.0,-44.175,168.275,13.932112458031042,11.826112458031043
3300,3597,408.0,-44.175,168.325,14.18399727056385,11.73599727056385
3301,3598,957.0,-44.175,168.375,14.420630595835974,8.678630595835973
3302,3599,604.0,-44.175,168.425,14.64040627743816,11.016406277438161
3303,3948,0.0,-44.075,168.325,13.896645999324392,13.896645999324392
3304,3949,12.0,-44.075,168.375,14.122370319528272,14.050370319528273
3305,3950,14.0,-44.075,168.425,14.336151000330574,14.252151000330574
3306,3104,610.0,-44.225,168.475,15.004468394603464,11.344468394603464
3307,3105,1102.0,-44.225,168.525,15.18498034098593,8.572980340985932
3308,3106,1172.0,-44.225,168.575,15.346735971339513,8.314735971339513
3309,3563,993.0,-44.125,168.475,14.687282729675644,8.729282729675646
3310,3600,80.0,-44.175,168.475,14.842641694951453,14.362641694951453
3311,3601,811.0,-44.175,168.525,15.027582215887378,10.161582215887378
3312,3602,787.0,-44.175,168.575,15.196330076141749,10.474330076141749
3313,3648,55.0,-44.125,168.525,14.874734754979727,14.544734754979727
3314,3653,263.0,-44.125,168.575,15.048110222822288,13.470110222822289
3315,3951,12.0,-44.075,168.475,14.537288475417881,14.465288475417882
3316,3952,197.0,-44.075,168.525,14.725672787084477,13.543672787084477
3317,3953,621.0,-44.075,168.575,14.90173707062786,11.17573707062786
3318,3051,120.0,-44.225,168.775,15.863254431533278,15.143254431533277
3319,3107,425.0,-44.225,168.625,15.492219430961995,12.942219430961995
3320,3108,72.0,-44.225,168.675,15.624545860497165,15.192545860497164
3321,3109,1664.0,-44.225,168.725,15.747118591854814,5.7631185918548145
3322,3603,1018.0,-44.175,168.625,15.350698053764063,9.242698053764062
3323,3604,622.0,-44.175,168.675,15.492996871325886,11.760996871325887
3324,3605,321.0,-44.175,168.725,15.625775298394728,13.699775298394728
3325,3606,122.0,-44.175,168.775,15.751541228033602,15.019541228033603
3326,3658,832.0,-44.125,168.625,15.208699307477218,10.216699307477217
3327,3663,928.0,-44.125,168.675,15.358193063701037,9.790193063701038
3328,3668,39.0,-44.125,168.725,15.498486838143435,15.264486838143435
3329,3673,1610.0,-44.125,168.775,15.631472117092926,5.971472117092926
3330,3954,471.0,-44.075,168.625,15.066367947030813,12.240367947030812
3331,3955,20.0,-44.075,168.675,15.22078045141825,15.10078045141825
3332,3956,20.0,-44.075,168.725,15.366369715775363,15.246369715775364
3333,3957,654.0,-44.075,168.775,15.504555364357657,11.580555364357657
3334,3055,352.0,-44.075,168.875,15.763674705769517,13.651674705769517
3335,3132,1415.0,-44.225,168.825,15.975825106201228,7.4858251062012275
3336,3134,1311.0,-44.075,168.925,15.886418728885474,8.020418728885474
3337,3141,2259.0,-44.225,168.875,16.08696538709046,2.5329653870904583
3338,3142,1168.0,-44.075,168.975,16.00527946492366,8.997279464923661
3339,3246,1610.0,-44.225,168.925,16.197891222691396,6.537891222691396
3340,3251,1605.0,-44.225,168.975,16.30885515328555,6.678855153285548
3341,3607,1518.0,-44.175,168.825,15.872498051219736,6.7644980512197375
3342,3608,1484.0,-44.175,168.875,15.990331350680208,7.086331350680208
3343,3609,1057.0,-44.175,168.925,16.1060753348429,9.7640753348429
3344,3610,1553.0,-44.175,168.975,16.220077022648184,6.902077022648184
3345,3678,59.0,-44.125,168.825,15.758841504066368,15.404841504066368
3346,3683,272.0,-44.125,168.875,15.881931345298653,14.249931345298654
3347,3754,1060.0,-44.125,168.925,16.00162215626915,9.64162215626915
3348,3757,1433.0,-44.125,168.975,16.118308852310292,7.5203088523102934
3349,3958,1048.0,-44.075,168.825,15.63663651427487,9.348636514274869
3350,3257,465.0,-44.225,169.025,16.41924406142789,13.62924406142789
3351,3258,712.0,-44.075,169.025,16.120355400562403,11.848355400562403
3352,3260,1468.0,-44.225,169.075,16.527799889081507,7.719799889081507
3353,3329,1599.0,-44.225,169.125,16.632921800817712,7.038921800817713
3354,3330,721.0,-44.075,169.075,16.231501646354445,11.905501646354445
3355,3363,881.0,-44.075,169.125,16.33842857257696,11.052428572576957
3356,3611,1145.0,-44.175,169.025,16.332060765416827,9.462060765416828
3357,3612,1560.0,-44.175,169.075,16.44127897665021,7.081278976650211
3358,3613,1008.0,-44.175,169.125,16.546720135360374,10.498720135360374
3359,3760,1037.0,-44.125,169.025,16.231942066238844,10.009942066238844
3360,3763,778.0,-44.125,169.075,16.342130414224812,11.674130414224813
3361,3766,980.0,-44.125,169.125,16.44828364015848,10.56828364015848
3362,3364,1061.0,-44.225,169.175,16.732993142402847,10.366993142402848
3363,3369,300.0,-44.225,169.225,16.826672682291246,15.026672682291245
3364,3371,878.0,-44.075,169.175,16.440811896361993,11.172811896361992
3365,3375,1588.0,-44.225,169.275,16.913099135563243,7.385099135563243
3366,3378,1597.0,-44.075,169.225,16.53839510056423,6.9563951005642295
3367,3382,1161.0,-44.225,169.325,16.991979092432302,10.025979092432303
3368,3385,1064.0,-44.075,169.275,16.631067655151128,10.247067655151127
3369,3399,1207.0,-44.075,169.325,16.71890797825472,9.476907978254719
3370,3614,1571.0,-44.175,169.175,16.647335377987474,7.221335377987474
3371,3615,1084.0,-44.175,169.225,16.742242813576013,10.238242813576013
3372,3616,424.0,-44.175,169.275,16.830874988634605,14.286874988634604
3373,3617,889.0,-44.175,169.325,16.91304832523747,11.57904832523747
3374,3769,827.0,-44.125,169.175,16.549770154582802,11.587770154582802
3375,3773,786.0,-44.125,169.225,16.646061126579298,11.930061126579297
3376,3777,1317.0,-44.125,169.275,16.73683734300721,8.83483734300721
3377,3781,907.0,-44.125,169.325,16.822043607142405,11.380043607142404
3378,3389,1664.0,-44.225,169.375,17.063555286149494,7.079555286149494
3379,3393,1782.0,-44.225,169.425,17.128476858182694,6.436476858182694
3380,3404,721.0,-44.075,169.375,16.802187108041835,12.476187108041835
3381,3407,379.0,-44.225,169.475,17.18760950608703,14.913609506087028
3382,3411,1807.0,-44.075,169.425,16.881336000340525,6.0393360003405245
3383,3418,1581.0,-44.075,169.475,16.95688479783712,7.470884797837119
3384,3618,1443.0,-44.175,169.375,16.98895034135785,8.33095034135785
3385,3619,1575.0,-44.175,169.425,17.05905653476657,7.6090565347665695
3386,3620,1351.0,-44.175,169.475,17.12400014915329,9.01800014915329
3387,3785,1402.0,-44.125,169.375,16.90188633694197,8.489886336941971
3388,3789,1028.0,-44.125,169.425,16.976780576558667,10.808780576558668
3389,3793,1685.0,-44.125,169.475,17.047260546387406,6.937260546387405
3390,3414,1600.0,-44.225,169.525,17.24182837009721,7.64182837009721
3391,3421,1026.0,-44.225,169.575,17.291831573907984,11.135831573907986
3392,3425,1767.0,-44.075,169.525,17.029385530244326,6.427385530244326
3393,3428,792.0,-44.225,169.625,17.338001744443318,12.586001744443319
3394,3432,1450.0,-44.075,169.575,17.099330546538113,8.399330546538113
3395,3435,1577.0,-44.225,169.675,17.38033198287303,7.918331982873031
3396,3439,1251.0,-44.075,169.625,17.167078414480784,9.661078414480784
3397,3446,1781.0,-44.075,169.675,17.232798479075427,6.546798479075429
3398,3621,400.0,-44.175,169.525,17.18442285398487,14.78442285398487
3399,3622,1980.0,-44.175,169.575,17.240833182630013,5.360833182630012
3400,3623,1253.0,-44.175,169.625,17.2934948719776,9.775494871977601
3401,3624,1439.0,-44.175,169.675,17.342362432653317,8.708362432653317
3402,3797,743.0,-44.125,169.525,17.113871936744545,12.655871936744546
3403,3800,983.0,-44.125,169.575,17.17706463513605,11.279064635136049
3404,3898,1862.0,-44.125,169.625,17.237102936342126,6.065102936342125
3405,3900,1506.0,-44.125,169.675,17.29400877469743,8.258008774697432
3406,3442,1078.0,-44.225,169.725,17.418426206204458,10.950426206204458
3407,3447,1880.0,-44.075,169.725,17.296446511449176,6.0164465114491765
3408,3448,1287.0,-44.075,169.775,17.357788416935364,9.635788416935364
3409,3449,578.0,-44.075,169.825,17.416497094673105,13.948497094673105
3410,3534,1643.0,-44.225,169.775,17.45158452820033,7.59358452820033
3411,3542,520.0,-44.225,169.825,17.478994320641505,14.358994320641504
3412,3625,1683.0,-44.175,169.725,17.387079715073924,7.289079715073925
3413,3626,920.0,-44.175,169.775,17.42706172920589,11.90706172920589
3414,3627,520.0,-44.175,169.825,17.46169277235458,14.34169277235458
3415,3901,1120.0,-44.125,169.725,17.347554639403825,10.627554639403826
3416,3903,1300.0,-44.125,169.775,17.397328772669425,9.597328772669425
3417,3905,603.0,-44.125,169.825,17.442907103977632,13.824907103977631
3418,3450,556.0,-44.075,169.875,17.47235478942457,14.136354789424571
3419,3451,1468.0,-44.075,169.925,17.525581894864445,8.717581894864445
3420,3452,1799.0,-44.075,169.975,17.57723683916265,6.783236839162653
3421,3453,1618.0,-44.075,170.025,17.629420603407198,7.9214206034071974
3422,3548,520.0,-44.225,169.875,17.500070194873842,14.380070194873841
3423,3554,1530.0,-44.225,169.925,17.515033107280033,8.335033107280033
3424,3560,1101.0,-44.225,169.975,17.525933151104255,10.919933151104255
3425,3566,553.0,-44.225,170.025,17.53866345770075,14.22066345770075
3426,3628,572.0,-44.175,169.875,17.490697376561002,14.058697376561001
3427,3629,1732.0,-44.175,169.925,17.514777467629756,7.122777467629756
3428,3630,922.0,-44.175,169.975,17.536652803479228,12.004652803479228
3429,3631,666.0,-44.175,170.025,17.562571338770795,13.566571338770794
3430,3907,540.0,-44.125,169.875,17.48418157781998,14.244181577819981
3431,3909,1718.0,-44.125,169.925,17.52189831204305,7.2138983120430495
3432,3911,1473.0,-44.125,169.975,17.55839596869191,8.720395968691912
3433,3913,865.0,-44.125,170.025,17.598235003330046,12.408235003330045
3434,3454,994.0,-44.075,170.075,17.68473034656199,11.720730346561993
3435,3455,703.0,-44.075,170.125,17.744609455912723,13.526609455912723
3436,3456,524.0,-44.075,170.175,17.807593096484197,14.663593096484197
3437,3457,567.0,-44.075,170.225,17.86928983911639,14.467289839116392
3438,3567,492.0,-44.225,170.075,17.56738849931571,14.615388499315712
3439,3568,488.0,-44.225,170.125,17.635320947971195,14.707320947971194
3440,3569,458.0,-44.225,170.175,17.736806791333947,14.988806791333948
3441,3570,481.0,-44.225,170.225,17.84129739383934,14.955297393839341
3442,3632,568.0,-44.175,170.075,17.60325291576737,14.195252915767371
3443,3633,569.0,-44.175,170.125,17.668784501423943,14.254784501423943
3444,3634,556.0,-44.175,170.175,17.75552480891929,14.41952480891929
3445,3635,579.0,-44.175,170.225,17.847152408852708,14.373152408852707
3446,3915,703.0,-44.125,170.075,17.647591555141844,13.429591555141844
3447,3917,621.0,-44.125,170.125,17.7107178857259,13.9847178857259
3448,3918,524.0,-44.125,170.175,17.78517719299998,14.641177192999981
3449,3919,634.0,-44.125,170.225,17.862116498639807,14.058116498639807
3450,3458,679.0,-44.075,170.275,17.923968275645166,13.849968275645166
3451,3459,676.0,-44.075,170.325,17.965792932809563,13.909792932809562
3452,3460,673.0,-44.075,170.375,17.988660394883482,13.950660394883482
3453,3571,479.0,-44.225,170.275,17.9292848095065,15.055284809506498
3454,3572,476.0,-44.225,170.325,17.99033809802495,15.13433809802495
3455,3573,495.0,-44.225,170.375,18.018968008866068,15.048968008866067
3456,3636,607.0,-44.175,170.275,17.927926314863726,14.285926314863726
3457,3637,520.0,-44.175,170.325,17.98706919349206,14.86706919349206
3458,3638,524.0,-44.175,170.375,18.017692781300866,14.873692781300866
3459,3920,795.0,-44.125,170.275,17.931105728202965,13.161105728202966
3460,3921,600.0,-44.125,170.325,17.98324351500196,14.38324351500196
3461,3922,585.0,-44.125,170.375,18.0113519680599,14.501351968059899
3462,3050,559.0,-44.175,170.525,17.912417721323436,14.558417721323437
3463,3130,906.0,-44.175,170.575,17.817672339398996,12.381672339398996
3464,3461,647.0,-44.075,170.425,17.985078813318978,14.103078813318978
3465,3462,676.0,-44.075,170.475,17.94821983795555,13.892219837955547
3466,3463,674.0,-44.075,170.525,17.880802526604384,13.836802526604384
3467,3464,914.0,-44.075,170.575,17.791713179831277,12.307713179831277
3468,3574,505.0,-44.225,170.425,18.012845743083744,14.982845743083745
3469,3575,533.0,-44.225,170.475,17.97215835096722,14.77415835096722
3470,3576,605.0,-44.225,170.525,17.899288867542055,14.269288867542055
3471,3577,776.0,-44.225,170.575,17.79819300440431,13.142193004404312
3472,3639,547.0,-44.175,170.425,18.0157170752791,14.733717075279099
3473,3640,554.0,-44.175,170.475,17.979939932280104,14.655939932280104
3474,3923,582.0,-44.125,170.425,18.00957128078153,14.517571280781528
3475,3924,605.0,-44.125,170.475,17.974743570157443,14.344743570157444
3476,3925,598.0,-44.125,170.525,17.90885787737352,14.32085787737352
3477,3926,819.0,-44.125,170.575,17.81777588959085,12.903775889590849
3478,3139,1051.0,-44.175,170.625,17.701029532159737,11.395029532159736
3479,3148,780.0,-44.175,170.675,17.56744751095539,12.88744751095539
3480,3253,902.0,-44.175,170.725,17.421148747744155,12.009148747744156
3481,3465,688.0,-44.075,170.625,17.68800424708752,13.56000424708752
3482,3466,649.0,-44.075,170.675,17.574481987016043,13.680481987016043
3483,3467,625.0,-44.075,170.725,17.4545845369139,13.704584536913899
3484,3578,1075.0,-44.225,170.625,17.673483192920685,11.223483192920686
3485,3579,733.0,-44.225,170.675,17.52966644793196,13.13166644793196
3486,3580,489.0,-44.225,170.725,17.370778640419303,14.436778640419304
3487,3927,846.0,-44.125,170.625,17.707760843979486,12.631760843979485
3488,3928,656.0,-44.125,170.675,17.583976561189047,13.647976561189047
3489,3929,1184.0,-44.125,170.725,17.45046291306062,10.34646291306062
3490,3263,398.0,-44.175,170.775,17.26569020543684,14.87769020543684
3491,3328,311.0,-44.175,170.825,17.104189617144584,15.238189617144585
3492,3365,315.0,-44.175,170.875,16.93959333874227,15.04959333874227
3493,3368,291.0,-44.175,170.925,16.774939463939518,15.028939463939517
3494,3468,403.0,-44.075,170.775,17.330894066384644,14.912894066384645
3495,3469,315.0,-44.075,170.825,17.205401835148223,15.315401835148222
3496,3470,350.0,-44.075,170.875,17.07961879533832,14.97961879533832
3497,3471,342.0,-44.075,170.925,16.95454098272603,14.90254098272603
3498,3581,464.0,-44.225,170.775,17.20035675404506,14.416356754045061
3499,3582,319.0,-44.225,170.825,17.02161972439353,15.107619724393532
3500,3583,231.0,-44.225,170.875,16.837777084139816,15.451777084139817
3501,3584,299.0,-44.225,170.925,16.652433871204266,14.858433871204266
3502,3930,420.0,-44.125,170.775,17.310431186335336,14.790431186335336
3503,3931,318.0,-44.125,170.825,17.166537544573657,15.258537544573658
3504,3932,258.0,-44.125,170.875,17.021079426187498,15.473079426187498
3505,3933,491.0,-44.125,170.925,16.876089150646294,13.930089150646294
3506,3373,193.0,-44.175,170.975,16.613568029992166,15.455568029992167
3507,3380,197.0,-44.175,171.025,16.45917443039798,15.277174430397979
3508,3387,199.0,-44.175,171.075,16.315462786864373,15.121462786864374
3509,3398,200.0,-44.175,171.125,16.18485067423171,14.984850674231712
3510,3472,358.0,-44.075,170.975,16.830426212698512,14.682426212698513
3511,3473,484.0,-44.075,171.025,16.706305015650287,13.802305015650287
3512,3474,486.0,-44.075,171.075,16.579168840115017,13.663168840115016
3513,3475,245.0,-44.075,171.125,16.443007555142685,14.973007555142685
3514,3585,155.0,-44.225,170.975,16.470080001818133,15.540080001818133
3515,3586,113.0,-44.225,171.025,16.29663609374984,15.618636093749839
3516,3587,140.0,-44.225,171.075,16.139935644809157,15.299935644809157
3517,3588,79.0,-44.225,171.125,16.009699906935566,15.535699906935566
3518,3934,229.0,-44.125,170.975,16.733263238958898,15.359263238958897
3519,3935,241.0,-44.125,171.025,16.59359982406022,15.14759982406022
3520,3936,259.0,-44.125,171.075,16.456525327492272,14.902525327492272
3521,3937,151.0,-44.125,171.125,16.31823568949767,15.412235689497669
3522,3406,134.0,-44.175,171.175,16.06511616953503,15.26111616953503
3523,3413,61.0,-44.175,171.225,15.942618646608025,15.576618646608026
3524,3420,46.0,-44.175,171.275,15.788892539203516,15.512892539203516
3525,3476,161.0,-44.075,171.175,16.288772658204834,15.322772658204835
3526,3477,209.0,-44.075,171.225,16.108928945068328,14.854928945068329
3527,3478,128.0,-44.075,171.275,15.914916826863191,15.14691682686319
3528,3589,70.0,-44.225,171.175,15.915538968307374,15.495538968307374
3529,3590,46.0,-44.225,171.225,15.858369018809753,15.582369018809754
3530,3591,21.0,-44.225,171.275,15.796296854969114,15.670296854969115
3531,3938,142.0,-44.125,171.175,16.169311685742286,15.317311685742286
3532,3939,101.0,-44.125,171.225,15.993961909836798,15.387961909836799
3533,3940,83.0,-44.125,171.275,15.78267022298678,15.284670222986781
3534,3427,43.0,-44.175,171.325,15.61026638122712,15.352266381227121
3535,3434,36.0,-44.175,171.375,15.459658368272358,15.243658368272358
3536,3441,33.0,-44.175,171.425,15.339034922551946,15.141034922551945
3537,3479,117.0,-44.075,171.325,15.763357139570871,15.061357139570871
3538,3480,101.0,-44.075,171.375,15.683796925135539,15.077796925135539
3539,3481,85.0,-44.075,171.425,15.633117693207168,15.123117693207169
3540,3482,78.0,-44.075,171.475,15.590553520400135,15.122553520400135
3541,3535,21.0,-44.175,171.475,15.245633260965405,15.119633260965406
3542,3592,16.0,-44.225,171.325,15.603391899407143,15.507391899407143
3543,3593,10.0,-44.225,171.375,15.376997988612857,15.316997988612856
3544,3594,4.0,-44.225,171.425,15.201145912251377,15.177145912251378
3545,3941,76.0,-44.125,171.325,15.607264787562599,15.1512647875626
3546,3942,71.0,-44.125,171.375,15.53050080005778,15.10450080005778
3547,3943,59.0,-44.125,171.425,15.46587878146238,15.11187878146238
3548,3944,44.0,-44.125,171.475,15.407388178748079,15.14338817874808
3549,3483,63.0,-44.075,171.525,15.553950891000568,15.175950891000568
3550,3484,47.0,-44.075,171.575,15.52542171481764,15.24342171481764
3551,3485,30.0,-44.075,171.625,15.50784224500967,15.32784224500967
3552,3537,9.0,-44.175,171.525,15.178119484153285,15.124119484153285
3553,3945,35.0,-44.125,171.525,15.35911755757843,15.149117557578428
3554,3946,20.0,-44.125,171.575,15.324478636466665,15.204478636466666
3555,3947,3.0,-44.125,171.625,15.305989944848989,15.287989944848988
3556,3486,26.0,-44.075,171.675,15.50525544899574,15.34925544899574
3557,3487,20.0,-44.075,171.725,15.522952763116336,15.402952763116337
3558,3488,12.0,-44.025,168.375,13.982742066480569,13.91074206648057
3559,3489,200.0,-44.025,168.425,14.192668870600755,12.992668870600756
3560,3490,349.0,-44.025,168.475,14.391757428864366,12.297757428864367
3561,3491,341.0,-44.025,168.525,14.579780861458858,12.533780861458858
3562,3492,344.0,-44.025,168.575,14.756948476438993,12.692948476438993
3563,3493,41.0,-44.025,168.625,14.923837389505934,14.677837389505934
3564,3494,22.0,-44.025,168.675,15.081297763812472,14.949297763812472
3565,3495,20.0,-44.025,168.725,15.230341232032515,15.110341232032516
3566,3496,15.0,-44.025,168.775,15.372024472584599,15.282024472584599
3567,3497,21.0,-44.025,168.825,15.507340985204792,15.381340985204792
3568,3498,57.0,-44.025,168.875,15.63713342876872,15.29513342876872
3569,3499,1644.0,-44.025,168.925,15.762036322295899,5.898036322295898
3570,3500,218.0,-44.025,168.975,15.882454722450348,14.574454722450348
3571,3664,12.0,-43.975,168.825,15.372165136272088,15.300165136272089
3572,3669,17.0,-43.975,168.875,15.503622042990173,15.401622042990173
3573,3675,297.0,-43.975,168.925,15.629806146593182,13.847806146593182
3574,3680,977.0,-43.975,168.975,15.751101634115912,9.889101634115914
3575,3745,7.0,-43.925,168.925,15.490881929916213,15.448881929916213
3576,3746,14.0,-43.925,168.975,15.612342886422994,15.528342886422994
3577,3501,503.0,-44.025,169.025,15.998579267339665,12.980579267339664
3578,3502,664.0,-44.025,169.075,16.110432596993633,12.126432596993633
3579,3503,828.0,-44.025,169.125,16.217937580353464,11.249937580353464
3580,3685,703.0,-43.975,169.025,15.867751102574402,11.649751102574402
3581,3686,732.0,-43.975,169.075,15.979886751505546,11.587886751505547
3582,3687,845.0,-43.975,169.125,16.087577892205445,11.017577892205445
3583,3747,31.0,-43.925,169.025,15.72891071246704,15.542910712467041
3584,3748,29.0,-43.925,169.075,15.840783456602367,15.666783456602367
3585,3749,296.0,-43.925,169.125,15.948125751951011,14.172125751951011
3586,3054,153.0,-43.925,169.275,16.244949158775853,15.326949158775854
3587,3131,1234.0,-43.925,169.325,16.336511321991566,8.932511321991566
3588,3504,957.0,-44.025,169.175,16.32099485922663,10.57899485922663
3589,3505,1010.0,-44.025,169.225,16.419556526787346,10.359556526787348
3590,3506,1279.0,-44.025,169.275,16.51368436687335,8.83968436687335
3591,3507,383.0,-44.025,169.325,16.60358458747214,14.305584587472142
3592,3688,181.0,-43.975,169.175,16.190886199794477,15.104886199794477
3593,3689,365.0,-43.975,169.225,16.289919595234096,14.099919595234097
3594,3690,1090.0,-43.975,169.275,16.384876642478048,9.844876642478049
3595,3691,1047.0,-43.975,169.325,16.476075575657887,10.194075575657887
3596,3750,351.0,-43.925,169.175,16.051108723360812,13.945108723360812
3597,3751,1392.0,-43.925,169.225,16.14995014348824,7.79795014348824
3598,3140,1646.0,-43.925,169.375,16.42516154597979,6.549161545979791
3599,3149,608.0,-43.925,169.425,16.51154442584084,12.86354442584084
3600,3150,828.0,-43.925,169.475,16.59641270742577,11.62841270742577
3601,3508,347.0,-44.025,169.375,16.689615512179444,14.607615512179443
3602,3509,1299.0,-44.025,169.425,16.772269240245805,8.978269240245805
3603,3510,1258.0,-44.025,169.475,16.85213187953923,9.304131879539229
3604,3692,319.0,-43.975,169.375,16.563964989501983,14.649964989501983
3605,3693,100.0,-43.975,169.425,16.649116144661093,16.04911614466109
3606,3694,145.0,-43.975,169.475,16.732199099700665,15.862199099700666
3607,3151,423.0,-43.925,169.525,16.68060505342146,14.142605053421459
3608,3152,181.0,-43.925,169.575,16.76501331536565,15.67901331536565
3609,3153,357.0,-43.925,169.625,16.85053696014802,14.70853696014802
3610,3154,329.0,-43.925,169.675,16.93801776356122,14.96401776356122
3611,3511,837.0,-44.025,169.525,16.92982903480879,11.907829034808792
3612,3512,1774.0,-44.025,169.575,17.005963661315036,6.361963661315038
3613,3513,651.0,-44.025,169.625,17.081052584238932,13.175052584238934
3614,3514,1756.0,-44.025,169.675,17.15546668965544,6.619466689655441
3615,3695,1440.0,-43.975,169.525,16.813945991219953,8.173945991219952
3616,3696,1577.0,-43.975,169.575,16.895104495823034,7.433104495823034
3617,3697,2127.0,-43.975,169.625,16.97638281311083,4.2143828131108325
3618,3698,1601.0,-43.975,169.675,17.058384565418237,7.452384565418237
3619,3155,1451.0,-43.925,169.725,17.028141033413704,8.322141033413704
3620,3156,1272.0,-43.925,169.775,17.121280427702004,9.489280427702004
3621,3157,844.0,-43.925,169.825,17.217253620299743,12.153253620299743
3622,3515,1486.0,-44.025,169.725,17.229379069132847,8.313379069132848
3623,3516,1842.0,-44.025,169.775,17.30272646510275,6.250726465102749
3624,3517,604.0,-44.025,169.825,17.375193242973182,13.751193242973184
3625,3699,1029.0,-43.975,169.725,17.141528211563127,10.967528211563128
3626,3700,1814.0,-43.975,169.775,17.22594174752885,6.34194174752885
3627,3701,648.0,-43.975,169.825,17.31132193871599,13.423321938715992
3628,3158,1509.0,-43.925,169.875,17.314953736087773,8.260953736087773
3629,3159,1470.0,-43.925,169.925,17.411853303201497,8.591853303201498
3630,3160,1028.0,-43.925,169.975,17.503512180104735,11.335512180104736
3631,3161,2232.0,-43.925,170.025,17.58356672107766,4.19156672107766
3632,3518,1656.0,-44.025,169.875,17.44623361020058,7.510233610200581
3633,3519,586.0,-44.025,169.925,17.515152111373027,13.999152111373027
3634,3520,1886.0,-44.025,169.975,17.58124953659717,6.265249536597171
3635,3521,1860.0,-44.025,170.025,17.64398786466336,6.483987864663359
3636,3702,2355.0,-43.975,169.875,17.396754276313004,3.2667542763130033
3637,3703,1069.0,-43.975,169.925,17.480519658798585,11.066519658798585
3638,3704,1103.0,-43.975,169.975,17.559989620465785,10.941989620465787
3639,3705,2072.0,-43.975,170.025,17.631834815081675,5.199834815081676
3640,3162,1507.0,-43.925,170.075,17.645128843243583,8.603128843243583
3641,3163,565.0,-43.925,170.125,17.684020062937634,14.294020062937633
3642,3164,524.0,-43.925,170.175,17.701631930234726,14.557631930234725
3643,3165,887.0,-43.925,170.225,17.703984798004967,12.381984798004968
3644,3522,1579.0,-44.025,170.075,17.703044362046057,8.229044362046059
3645,3523,660.0,-44.025,170.125,17.75813209277112,13.798132092771121
3646,3524,524.0,-44.025,170.175,17.808678560642875,14.664678560642875
3647,3525,643.0,-44.025,170.225,17.853620860361843,13.995620860361843
3648,3706,1443.0,-43.975,170.075,17.692811064553098,9.034811064553098
3649,3707,754.0,-43.975,170.125,17.74102056576521,13.21702056576521
3650,3708,524.0,-43.975,170.175,17.776787640046678,14.632787640046677
3651,3709,670.0,-43.975,170.225,17.802205775515176,13.782205775515177
3652,3166,1079.0,-43.925,170.275,17.697763716612826,11.223763716612826
3653,3167,965.0,-43.925,170.325,17.686957754878676,11.896957754878677
3654,3168,962.0,-43.925,170.375,17.671306810778333,11.899306810778334
3655,3526,736.0,-44.025,170.275,17.891347102922737,13.475347102922736
3656,3527,799.0,-44.025,170.325,17.919510304782307,13.125510304782306
3657,3528,791.0,-44.025,170.375,17.93437967762293,13.18837967762293
3658,3710,823.0,-43.975,170.275,17.81958614604082,12.88158614604082
3659,3711,823.0,-43.975,170.325,17.829853365277813,12.891853365277814
3660,3712,842.0,-43.975,170.375,17.83129918968916,12.779299189689162
3661,3020,737.0,-44.025,170.475,17.8878151567842,13.465815156784199
3662,3138,825.0,-44.025,170.525,17.817553304121247,12.867553304121248
3663,3147,1087.0,-44.025,170.575,17.731432492786553,11.209432492786554
3664,3169,850.0,-43.925,170.425,17.645888021164865,12.545888021164865
3665,3170,774.0,-43.925,170.475,17.604384803671564,12.960384803671564
3666,3171,710.0,-43.925,170.525,17.54815629688528,13.288156296885282
3667,3172,894.0,-43.925,170.575,17.483898506216065,12.119898506216064
3668,3529,740.0,-44.025,170.425,17.928727232552774,13.488727232552773
3669,3713,831.0,-43.975,170.425,17.817530143693148,12.831530143693147
3670,3714,878.0,-43.975,170.475,17.774708283002838,12.506708283002837
3671,3715,759.0,-43.975,170.525,17.707957195700146,13.153957195700148
3672,3716,918.0,-43.975,170.575,17.62983924083528,12.121839240835282
3673,3173,1720.0,-43.925,170.625,17.416601999029808,7.09660199902981
3674,3174,1490.0,-43.925,170.675,17.349160151716205,8.409160151716206
3675,3175,1038.0,-43.925,170.725,17.283255524649576,11.055255524649574
3676,3249,926.0,-44.025,170.625,17.635742043676146,12.079742043676145
3677,3255,544.0,-44.025,170.675,17.534310691436986,14.270310691436986
3678,3261,434.0,-44.025,170.725,17.429763900065154,14.825763900065155
3679,3717,1217.0,-43.975,170.625,17.546057839332207,10.244057839332207
3680,3718,1146.0,-43.975,170.675,17.45981926755485,10.583819267554848
3681,3719,677.0,-43.975,170.725,17.373155954104732,13.311155954104732
3682,3176,964.0,-43.925,170.775,17.2198614994777,11.435861499477703
3683,3177,622.0,-43.925,170.825,17.159463333642634,13.427463333642635
3684,3178,575.0,-43.925,170.875,17.102126809040783,13.652126809040784
3685,3179,730.0,-43.925,170.925,17.04748391303292,12.667483913032921
3686,3327,423.0,-44.025,170.775,17.32397991605103,14.78597991605103
3687,3367,394.0,-44.025,170.825,17.218282929046836,14.854282929046835
3688,3374,395.0,-44.025,170.875,17.113487728209293,14.743487728209292
3689,3381,348.0,-44.025,170.925,17.009815441990213,14.921815441990212
3690,3720,534.0,-43.975,170.775,17.287396466846985,14.083396466846985
3691,3721,453.0,-43.975,170.825,17.20335170335602,14.48535170335602
3692,3722,394.0,-43.975,170.875,17.12135418751859,14.75735418751859
3693,3723,721.0,-43.975,170.925,17.041196144353307,12.715196144353307
3694,3180,618.0,-43.925,170.975,16.994688191429304,13.286688191429304
3695,3181,1136.0,-43.925,171.025,16.94240535427525,10.126405354275253
3696,3182,686.0,-43.925,171.075,16.888929537271906,12.772929537271906
3697,3183,610.0,-43.925,171.125,16.83249519738456,13.17249519738456
3698,3388,577.0,-44.025,170.975,16.90667020316323,13.44467020316323
3699,3397,599.0,-44.025,171.025,16.80227566412941,13.208275664129411
3700,3401,328.0,-44.025,171.075,16.69325415151252,14.72525415151252
3701,3408,295.0,-44.025,171.125,16.574493823231023,14.804493823231024
3702,3724,732.0,-43.975,170.975,16.961995002639014,12.569995002639015
3703,3725,1211.0,-43.975,171.025,16.882038749929052,9.616038749929054
3704,3726,916.0,-43.975,171.075,16.798732993978774,11.302732993978776
3705,3727,592.0,-43.975,171.125,16.708875045842433,13.156875045842433
3706,3184,447.0,-43.925,171.175,16.77159509954072,14.089595099540718
3707,3185,424.0,-43.925,171.225,16.703943894943222,14.159943894943222
3708,3186,250.0,-43.925,171.275,16.617243631168094,15.117243631168094
3709,3415,240.0,-44.025,171.175,16.44028730243008,15.00028730243008
3710,3422,189.0,-44.025,171.225,16.28887210664834,15.154872106648341
3711,3429,170.0,-44.025,171.275,16.13223669513536,15.112236695135362
3712,3728,524.0,-43.975,171.175,16.609469262526545,13.465469262526545
3713,3729,228.0,-43.975,171.225,16.49874140274187,15.13074140274187
3714,3730,206.0,-43.975,171.275,16.37775973672251,15.14175973672251
3715,3187,243.0,-43.925,171.325,16.510856225278985,15.052856225278985
3716,3188,217.0,-43.925,171.375,16.415320386695385,15.113320386695385
3717,3189,193.0,-43.925,171.425,16.339712594221055,15.181712594221056
3718,3190,170.0,-43.925,171.475,16.283866865123855,15.263866865123855
3719,3436,147.0,-44.025,171.325,15.999620136535668,15.117620136535669
3720,3443,137.0,-44.025,171.375,15.908774578398152,15.086774578398153
3721,3531,127.0,-44.025,171.425,15.848658380331472,15.086658380331471
3722,3544,108.0,-44.025,171.475,15.804673907536198,15.156673907536199
3723,3731,202.0,-43.975,171.325,16.25954970838211,15.04754970838211
3724,3732,186.0,-43.975,171.375,16.16307490610052,15.04707490610052
3725,3733,164.0,-43.975,171.425,16.092160395230167,15.108160395230167
3726,3734,138.0,-43.975,171.475,16.041229077229218,15.213229077229219
3727,3191,148.0,-43.925,171.525,16.24614524554636,15.358145245546359
3728,3192,129.0,-43.925,171.575,16.226076212180487,15.452076212180486
3729,3193,111.0,-43.925,171.625,16.223612480847805,15.557612480847805
3730,3550,90.0,-44.025,171.525,15.770386821481225,15.230386821481225
3731,3556,71.0,-44.025,171.575,15.744252109863737,15.318252109863737
3732,3562,57.0,-44.025,171.625,15.726554151457094,15.384554151457094
3733,3735,120.0,-43.975,171.525,16.00511704669043,15.285117046690429
3734,3736,98.0,-43.975,171.575,15.980969607931911,15.392969607931912
3735,3737,84.0,-43.975,171.625,15.966512649218203,15.462512649218203
3736,3194,97.0,-43.925,171.675,16.235689185086812,15.653689185086812
3737,3195,90.0,-43.925,171.725,16.249570284075162,15.709570284075163
3738,3196,82.0,-43.925,171.775,16.31137841529562,15.819378415295622
3739,3197,74.0,-43.925,171.825,16.335317816025054,15.891317816025053
3740,3642,48.0,-44.025,171.675,15.720027533432585,15.432027533432585
3741,3647,43.0,-44.025,171.725,15.733334427517548,15.475334427517549
3742,3650,35.0,-44.025,171.775,15.774384710006416,15.564384710006415
3743,3654,29.0,-44.025,171.825,15.831179721084482,15.657179721084482
3744,3738,71.0,-43.975,171.675,15.959247681079432,15.533247681079432
3745,3739,66.0,-43.975,171.725,15.966149743697315,15.570149743697314
3746,3740,52.0,-43.975,171.775,16.012933047270053,15.700933047270054
3747,3741,51.0,-43.975,171.825,16.069267514663807,15.763267514663807
3748,3198,67.0,-43.925,171.875,16.333411546023854,15.931411546023854
3749,3199,59.0,-43.925,171.925,16.335298522026278,15.981298522026279
3750,3200,47.0,-43.925,171.975,16.346589991451765,16.064589991451765
3751,3659,0.0,-44.025,171.875,15.886698987174896,15.886698987174896
3752,3742,40.0,-43.975,171.875,16.10717903575278,15.867179035752779
3753,3743,32.0,-43.975,171.925,16.136703475283866,15.944703475283866
3754,3744,22.0,-43.975,171.975,16.16712602730695,16.035126027306948
3755,3201,35.0,-43.925,172.025,16.36625270748482,16.156252707484818
3756,3202,21.0,-43.925,172.075,16.391966567272902,16.2659665672729
3757,3203,9.0,-43.875,169.025,15.583038239768939,15.529038239768939
3758,3204,567.0,-43.875,169.075,15.69402860676928,12.29202860676928
3759,3205,45.0,-43.875,169.125,15.8003925022349,15.5303925022349
3760,3423,19.0,-43.825,169.075,15.540541055524955,15.426541055524954
3761,3430,20.0,-43.825,169.125,15.645248107466614,15.525248107466615
3762,3206,1096.0,-43.875,169.175,15.902367289672839,9.326367289672838
3763,3207,273.0,-43.875,169.225,16.000239014363615,14.362239014363615
3764,3208,468.0,-43.875,169.275,16.09437008596433,13.286370085964329
3765,3209,895.0,-43.875,169.325,16.185221204534173,10.815221204534174
3766,3262,81.0,-43.775,169.175,15.581362139520934,15.095362139520933
3767,3268,694.0,-43.775,169.225,15.674754841456888,11.510754841456889
3768,3362,422.0,-43.775,169.275,15.764193130700733,13.232193130700733
3769,3377,345.0,-43.775,169.325,15.85013382852776,13.78013382852776
3770,3437,85.0,-43.825,169.175,15.745473257178674,15.235473257178674
3771,3444,541.0,-43.825,169.225,15.841532652906608,12.595532652906607
3772,3532,1072.0,-43.825,169.275,15.933814134128625,9.501814134128624
3773,3541,615.0,-43.825,169.325,16.022796183198807,12.332796183198807
3774,3984,6.0,-43.725,169.275,15.586668077856302,15.550668077856303
3775,3985,791.0,-43.725,169.325,15.668457975159981,10.922457975159983
3776,3210,1774.0,-43.875,169.375,16.273365685075987,5.629365685075989
3777,3211,883.0,-43.875,169.425,16.359495499302284,11.061495499302284
3778,3212,1857.0,-43.875,169.475,16.444419085557456,5.302419085557457
3779,3384,204.0,-43.775,169.375,15.93312709449674,14.70912709449674
3780,3390,1205.0,-43.775,169.425,16.013826340669766,8.783826340669766
3781,3392,633.0,-43.775,169.475,16.092994878534228,12.294994878534228
3782,3547,954.0,-43.825,169.375,16.10906237558811,10.38506237558811
3783,3553,1248.0,-43.825,169.425,16.19331071146007,8.705310711460072
3784,3559,623.0,-43.825,169.475,16.276357638693298,12.538357638693299
3785,3986,480.0,-43.725,169.375,15.746857524616644,12.866857524616645
3786,3987,68.0,-43.725,169.425,15.822423050471116,15.414423050471116
3787,3988,141.0,-43.725,169.475,15.895799557183636,15.049799557183636
3788,3213,1187.0,-43.875,169.525,16.52905092011497,9.407050920114969
3789,3214,913.0,-43.875,169.575,16.614391579452786,11.136391579452784
3790,3215,478.0,-43.875,169.625,16.7014940809604,13.833494080960401
3791,3216,1091.0,-43.875,169.675,16.79140700213611,10.245407002136112
3792,3395,83.0,-43.775,169.525,16.171508923420333,15.673508923420334
3793,3403,1120.0,-43.775,169.575,16.25035569202737,9.53035569202737
3794,3410,395.0,-43.775,169.625,16.330623307076166,13.960623307076165
3795,3417,1592.0,-43.775,169.675,16.413475491659483,6.861475491659483
3796,3565,362.0,-43.825,169.525,16.359136366067105,14.187136366067104
3797,3644,1165.0,-43.825,169.575,16.44268786466273,9.45268786466273
3798,3652,1850.0,-43.825,169.625,16.528140270573203,5.428140270573204
3799,3657,2223.0,-43.825,169.675,16.6166674970882,3.278667497088202
3800,3989,634.0,-43.725,169.525,15.967723519046558,12.163723519046558
3801,3990,1156.0,-43.725,169.575,16.039022245444357,9.103022245444357
3802,3991,958.0,-43.725,169.625,16.110607682567206,10.362607682567205
3803,3992,580.0,-43.725,169.675,16.18345999934536,12.703459999345359
3804,3217,387.0,-43.875,169.725,16.885076290738652,14.563076290738653
3805,3218,1386.0,-43.875,169.775,16.9831745151605,8.6671745151605
3806,3219,1793.0,-43.875,169.825,17.0858075307915,6.3278075307915
3807,3424,1373.0,-43.775,169.725,16.500097510201158,8.262097510201158
3808,3431,1443.0,-43.775,169.775,16.591588623079588,7.933588623079588
3809,3438,1152.0,-43.775,169.825,16.68875676425523,9.776756764255232
3810,3662,1387.0,-43.825,169.725,16.709409569972195,8.387409569972196
3811,3667,798.0,-43.825,169.775,16.807323516361066,12.019323516361066
3812,3672,1397.0,-43.825,169.825,16.91091108911496,8.528911089114962
3813,3993,868.0,-43.725,169.725,16.25859168509487,11.050591685094872
3814,3994,1584.0,-43.725,169.775,16.33697436680086,6.83297436680086
3815,3995,946.0,-43.725,169.825,16.41939439215639,10.743394392156391
3816,3220,1465.0,-43.875,169.875,17.192025943950284,8.402025943950285
3817,3221,2094.0,-43.875,169.925,17.299058134871302,4.735058134871302
3818,3222,773.0,-43.875,169.975,17.40125792445906,12.76325792445906
3819,3223,2360.0,-43.875,170.025,17.489208027283894,3.3292080272838938
3820,3445,1029.0,-43.775,169.875,16.79173507739324,10.617735077393242
3821,3533,1810.0,-43.775,169.925,16.89926602767082,6.039266027670818
3822,3540,1930.0,-43.775,169.975,17.007316345043364,5.427316345043364
3823,3546,1506.0,-43.775,170.025,17.10609509848291,8.070095098482911
3824,3677,1618.0,-43.825,169.875,17.01973166980315,7.31173166980315
3825,3682,1118.0,-43.825,169.925,17.13154286025383,10.423542860253832
3826,3764,1034.0,-43.825,169.975,17.240803735607187,11.036803735607187
3827,3767,1940.0,-43.825,170.025,17.336251607033773,5.6962516070337745
3828,3996,1250.0,-43.725,169.875,16.506171098269988,9.006171098269988
3829,3997,1082.0,-43.725,169.925,16.596603536527255,10.104603536527254
3830,3998,1702.0,-43.725,169.975,16.687848717825545,6.475848717825546
3831,3999,2257.0,-43.725,170.025,16.772438385953137,3.2304383859531374
3832,3224,1456.0,-43.875,170.075,17.550855556095485,8.814855556095484
3833,3225,555.0,-43.875,170.125,17.57776387388003,14.24776387388003
3834,3226,570.0,-43.875,170.175,17.57294747672131,14.15294747672131
3835,3227,1036.0,-43.875,170.225,17.548689222989196,11.332689222989197
3836,3552,1459.0,-43.775,170.075,17.17230828601896,8.418308286018961
3837,3558,648.0,-43.775,170.125,17.165464390229317,13.277464390229317
3838,3564,1108.0,-43.775,170.175,17.100144605537935,10.452144605537935
3839,3643,1237.0,-43.775,170.225,17.021006496950577,9.599006496950578
3840,3771,1059.0,-43.825,170.075,17.39891254781105,11.044912547811052
3841,3775,588.0,-43.825,170.125,17.410867281600076,13.882867281600076
3842,3779,796.0,-43.825,170.175,17.37833285126544,12.602332851265441
3843,3783,988.0,-43.825,170.225,17.325215408774966,11.397215408774965
3844,4000,1230.0,-43.725,170.075,16.831007681998017,9.451007681998018
3845,4109,1318.0,-43.725,170.125,16.80375175014342,8.89575175014342
3846,4127,692.0,-43.725,170.175,16.71647574871895,12.564475748718948
3847,4137,1392.0,-43.725,170.225,16.626146784554294,8.274146784554294
3848,3228,1294.0,-43.875,170.275,17.517242409929167,9.753242409929168
3849,3229,1391.0,-43.875,170.325,17.485609822040715,9.139609822040715
3850,3230,1233.0,-43.875,170.375,17.45505826997396,10.057058269973961
3851,3646,1742.0,-43.775,170.275,16.949541420348396,6.497541420348396
3852,3651,1873.0,-43.775,170.325,16.893807370608556,5.6558073706085565
3853,3656,1877.0,-43.775,170.375,16.85471286383836,5.59271286383836
3854,3787,1843.0,-43.825,170.275,17.27017355064163,6.21217355064163
3855,3791,1990.0,-43.825,170.325,17.222082638341817,5.282082638341818
3856,3795,1561.0,-43.825,170.375,17.182744348530832,7.8167443485308326
3857,4144,1130.0,-43.725,170.275,16.552371849000338,9.772371849000336
3858,4153,1868.0,-43.725,170.325,16.50182092362229,5.29382092362229
3859,4162,1546.0,-43.725,170.375,16.474188525098725,7.198188525098725
3860,3231,816.0,-43.875,170.425,17.422733657243953,12.526733657243952
3861,3232,736.0,-43.875,170.475,17.38508080896281,12.969080808962811
3862,3233,710.0,-43.875,170.525,17.341653423951357,13.081653423951357
3863,3234,830.0,-43.875,170.575,17.29497822158737,12.31497822158737
3864,3661,1736.0,-43.775,170.425,16.82952709188976,6.41352709188976
3865,3666,1591.0,-43.775,170.475,16.814471239311388,7.268471239311388
3866,3671,715.0,-43.775,170.525,16.80644119639328,12.51644119639328
3867,3676,753.0,-43.775,170.575,16.80362394929398,12.285623949293978
3868,3799,1121.0,-43.825,170.425,17.149984221352497,10.423984221352498
3869,3803,1169.0,-43.825,170.475,17.12065208383865,10.10665208383865
3870,3804,710.0,-43.825,170.525,17.09290574786428,12.83290574786428
3871,3805,762.0,-43.825,170.575,17.066672042114078,12.494672042114079
3872,4266,1630.0,-43.725,170.425,16.46572341753199,6.685723417531991
3873,4279,1807.0,-43.725,170.475,16.471709259691124,5.629709259691124
3874,4287,736.0,-43.725,170.525,16.487993731214374,12.071993731214373
3875,4378,760.0,-43.725,170.575,16.511619455675827,11.951619455675829
3876,3235,1220.0,-43.875,170.625,17.247930717116105,9.927930717116105
3877,3236,1794.0,-43.875,170.675,17.202555871743243,6.438555871743242
3878,3237,1786.0,-43.875,170.725,17.16009804847272,6.4440980484727195
3879,3681,1188.0,-43.775,170.625,16.805263383044803,9.677263383044803
3880,3756,1635.0,-43.775,170.675,16.81118198329932,7.00118198329932
3881,3759,1581.0,-43.775,170.725,16.821429326846555,7.335429326846555
3882,3806,1007.0,-43.825,170.625,17.04276304456289,11.00076304456289
3883,3807,1883.0,-43.825,170.675,17.022060118011723,5.7240601180117245
3884,3808,2281.0,-43.825,170.725,17.005209526330873,3.3192095263308747
3885,4384,1101.0,-43.725,170.625,16.54080464461731,9.93480464461731
3886,4390,1920.0,-43.725,170.675,16.574633293581428,5.054633293581428
3887,4396,1437.0,-43.725,170.725,16.61272289368935,7.990722893689352
3888,3238,1941.0,-43.875,170.775,17.121241414286487,5.475241414286488
3889,3239,790.0,-43.875,170.825,17.086268292885507,12.346268292885506
3890,3240,750.0,-43.875,170.875,17.05512275602814,12.55512275602814
3891,3241,711.0,-43.875,170.925,17.027416108139732,12.761416108139732
3892,3762,1357.0,-43.775,170.775,16.836095379447215,8.694095379447216
3893,3768,2002.0,-43.775,170.825,16.8552126934228,4.843212693422801
3894,3772,1737.0,-43.775,170.875,16.878686522126372,6.456686522126372
3895,3776,1115.0,-43.775,170.925,16.906222742123646,10.216222742123644
3896,3809,2027.0,-43.825,170.775,16.992589724846766,4.830589724846767
3897,3810,1439.0,-43.825,170.825,16.984336059365887,8.350336059365887
3898,3811,809.0,-43.825,170.875,16.98034736437694,12.12634736437694
3899,3812,1340.0,-43.825,170.925,16.980265596343088,8.940265596343089
3900,4400,1539.0,-43.725,170.775,16.654971421696246,7.420971421696246
3901,4403,1144.0,-43.725,170.825,16.70138143865188,9.837381438651878
3902,4410,659.0,-43.725,170.875,16.7519283342408,12.797928334240801
3903,4412,1511.0,-43.725,170.925,16.80644095234311,7.740440952343111
3904,3242,547.0,-43.875,170.975,17.002415793009277,13.720415793009277
3905,3243,724.0,-43.875,171.025,16.979059385572327,12.635059385572326
3906,3244,973.0,-43.875,171.075,16.9560186627059,11.1180186627059
3907,3245,544.0,-43.875,171.125,16.93175122714456,13.66775122714456
3908,3780,1018.0,-43.775,170.975,16.93723766245239,10.829237662452389
3909,3784,1176.0,-43.775,171.025,16.97072987483989,9.914729874839889
3910,3788,1075.0,-43.775,171.075,17.005074053944554,10.555074053944555
3911,3792,1359.0,-43.775,171.125,17.037673388811527,8.883673388811527
3912,3813,1127.0,-43.825,170.975,16.983438373987156,10.221438373987155
3913,3814,644.0,-43.825,171.025,16.98886879519705,13.124868795197049
3914,3815,514.0,-43.825,171.075,16.995122609056125,13.911122609056125
3915,3816,546.0,-43.825,171.125,17.000072222690505,13.724072222690506
3916,4415,1444.0,-43.725,170.975,16.8644680912912,8.200468091291201
3917,4420,1076.0,-43.725,171.025,16.92510543626122,10.46910543626122
3918,4425,623.0,-43.725,171.075,16.986759680396062,13.248759680396063
3919,4432,420.0,-43.725,171.125,17.04685466614319,14.52685466614319
3920,3031,876.0,-43.875,171.175,16.904178054159274,11.648178054159274
3921,3110,914.0,-43.875,171.225,16.86863102750067,11.384631027500669
3922,3112,303.0,-43.875,171.275,16.810802885273006,14.992802885273006
3923,3796,635.0,-43.775,171.175,17.06446734432393,13.254467344323931
3924,3801,477.0,-43.775,171.225,17.07975648039428,14.21775648039428
3925,3817,984.0,-43.825,171.175,17.00018609266408,11.09618609266408
3926,3818,669.0,-43.825,171.225,16.989110727547086,12.975110727547086
3927,3819,364.0,-43.825,171.275,16.95823818228382,14.77423818228382
3928,3857,422.0,-43.775,171.275,17.077930613653734,14.545930613653734
3929,4439,481.0,-43.725,171.175,17.1015984509213,14.215598450921302
3930,4521,877.0,-43.725,171.225,17.146182993114053,11.884182993114052
3931,4523,814.0,-43.725,171.275,17.175895640459203,12.291895640459202
3932,3114,289.0,-43.875,171.325,16.72815659661137,14.99415659661137
3933,3116,260.0,-43.875,171.375,16.645262651371013,15.085262651371012
3934,3118,229.0,-43.875,171.425,16.573578361130785,15.199578361130785
3935,3120,199.0,-43.875,171.475,16.516899481975997,15.322899481975998
3936,3820,348.0,-43.825,171.325,16.90699786040932,14.818997860409318
3937,3821,299.0,-43.825,171.375,16.84620797111711,15.05220797111711
3938,3822,257.0,-43.825,171.425,16.785610815131804,15.243610815131804
3939,3823,236.0,-43.825,171.475,16.73097935642727,15.31497935642727
3940,3859,385.0,-43.775,171.325,17.05753529242793,14.747535292427928
3941,3899,317.0,-43.775,171.375,17.022225615364732,15.120225615364733
3942,3902,303.0,-43.775,171.425,16.976972102653235,15.158972102653236
3943,3904,279.0,-43.775,171.475,16.92603855823836,15.252038558238361
3944,4525,461.0,-43.725,171.325,17.187708591111004,14.421708591111004
3945,4527,373.0,-43.725,171.375,17.180650317648542,14.942650317648543
3946,4529,349.0,-43.725,171.425,17.154735227144556,15.060735227144557
3947,4531,306.0,-43.725,171.475,17.110468025101,15.274468025101
3948,3122,184.0,-43.875,171.525,16.47757372086926,15.37357372086926
3949,3125,159.0,-43.875,171.575,16.45942822388315,15.50542822388315
3950,3127,138.0,-43.875,171.625,16.46868884479045,15.64068884479045
3951,3824,216.0,-43.825,171.525,16.687210864503868,15.391210864503869
3952,3825,188.0,-43.825,171.575,16.660867926948413,15.532867926948413
3953,3826,167.0,-43.825,171.625,16.66055274198152,15.658552741981518
3954,3906,247.0,-43.775,171.525,16.87411576915474,15.392115769154742
3955,3908,214.0,-43.775,171.575,16.82795282178995,15.543952821789949
3956,3910,197.0,-43.775,171.625,16.79599973443692,15.613999734436918
3957,4533,262.0,-43.725,171.525,17.049918990298465,15.477918990298466
3958,4535,253.0,-43.725,171.575,16.97848572064686,15.460485720646858
3959,4537,239.0,-43.725,171.625,16.905853823140205,15.471853823140206
3960,3133,124.0,-43.875,171.675,16.51420247403439,15.770202474034392
3961,3144,116.0,-43.875,171.725,16.60708526121016,15.91108526121016
3962,3247,109.0,-43.875,171.775,16.634953968576156,15.980953968576156
3963,3252,102.0,-43.875,171.825,16.57278582915751,15.96078582915751
3964,3827,154.0,-43.825,171.675,16.692480072029866,15.768480072029867
3965,3828,147.0,-43.825,171.725,16.740307056345046,15.858307056345046
3966,3829,141.0,-43.825,171.775,16.74147165701288,15.89547165701288
3967,3830,134.0,-43.825,171.825,16.702332142282103,15.898332142282102
3968,3912,188.0,-43.775,171.675,16.783236980525544,15.655236980525544
3969,3914,183.0,-43.775,171.725,16.78078275086591,15.68278275086591
3970,3916,177.0,-43.775,171.775,16.770343183379737,15.708343183379737
3971,3959,161.0,-43.775,171.825,16.76780732502084,15.80180732502084
3972,4539,229.0,-43.725,171.675,16.844777491220157,15.470777491220156
3973,4541,222.0,-43.725,171.725,16.807330085226567,15.475330085226567
3974,4543,208.0,-43.725,171.775,16.801990127321915,15.553990127321915
3975,4545,192.0,-43.725,171.825,16.8334736781253,15.681473678125302
3976,3264,94.0,-43.875,171.875,16.532846255569893,15.968846255569893
3977,3266,86.0,-43.875,171.925,16.51770693279832,16.00170693279832
3978,3270,73.0,-43.875,171.975,16.519986684274045,16.081986684274046
3979,3831,124.0,-43.825,171.875,16.678039555074065,15.934039555074065
3980,3832,108.0,-43.825,171.925,16.67471484419366,16.02671484419366
3981,3833,92.0,-43.825,171.975,16.685737654654076,16.133737654654077
3982,3960,148.0,-43.775,171.875,16.785827838844853,15.897827838844853
3983,3961,131.0,-43.775,171.925,16.816119612609327,16.030119612609326
3984,3962,111.0,-43.775,171.975,16.85169556321489,16.18569556321489
3985,4547,169.0,-43.725,171.875,16.89341639104532,15.879416391045321
3986,4549,151.0,-43.725,171.925,16.964533183963795,16.058533183963796
3987,4551,132.0,-43.725,171.975,17.03290355399804,16.240903553998038
3988,3370,56.0,-43.875,172.025,16.532304938096786,16.196304938096787
3989,3376,43.0,-43.875,172.075,16.54884557086916,16.290845570869163
3990,3383,32.0,-43.875,172.125,16.56606681334233,16.37406681334233
3991,3391,16.0,-43.875,172.175,16.58311156824493,16.48711156824493
3992,3834,78.0,-43.825,172.025,16.70249247483298,16.23449247483298
3993,3835,63.0,-43.825,172.075,16.717756252808613,16.339756252808613
3994,3836,51.0,-43.825,172.125,16.72701813747699,16.421018137476988
3995,3837,40.0,-43.825,172.175,16.72907808893069,16.489078088930693
3996,3963,99.0,-43.775,172.025,16.884087653852475,16.290087653852474
3997,3964,86.0,-43.775,172.075,16.9058976031738,16.3898976031738
3998,3965,70.0,-43.775,172.125,16.912424553498568,16.492424553498566
3999,3966,52.0,-43.775,172.175,16.902616366773145,16.590616366773144
4000,4553,114.0,-43.725,172.025,17.088067865523044,16.404067865523043
4001,4555,102.0,-43.725,172.075,17.122144800312526,16.510144800312528
4002,4557,78.0,-43.725,172.125,17.130260386118607,16.662260386118607
4003,4560,62.0,-43.725,172.175,17.111619253504614,16.739619253504614
4004,3396,10.0,-43.875,172.225,16.60193633606832,16.54193633606832
4005,3402,3.0,-43.875,172.275,16.62712852981349,16.60912852981349
4006,3838,29.0,-43.825,172.225,16.726246100668504,16.552246100668505
4007,3839,17.0,-43.825,172.275,16.724165700463345,16.622165700463345
4008,3840,9.0,-43.825,172.325,16.73125537386659,16.67725537386659
4009,3841,1.0,-43.825,172.375,16.757659170325496,16.751659170325496
4010,3967,37.0,-43.775,172.225,16.879512872146734,16.657512872146732
4011,3968,23.0,-43.775,172.275,16.850122699295753,16.71212269929575
4012,3969,11.0,-43.775,172.325,16.824873424484394,16.758873424484396
4013,3970,1.0,-43.775,172.375,16.816772094556654,16.810772094556654
4014,4561,50.0,-43.725,172.225,17.07029053815495,16.77029053815495
4015,4562,32.0,-43.725,172.275,17.01499299704301,16.82299299704301
4016,4563,19.0,-43.725,172.325,16.958245126443217,16.844245126443216
4017,4564,10.0,-43.725,172.375,16.915866211351386,16.855866211351387
4018,3842,1.0,-43.825,172.425,16.813307434073067,16.807307434073067
4019,3843,1.0,-43.825,172.475,16.904810565771186,16.898810565771186
4020,3844,3.0,-43.825,172.525,17.03278453620078,17.01478453620078
4021,3971,1.0,-43.775,172.425,16.839549991258536,16.833549991258536
4022,3972,1.0,-43.775,172.475,16.90261782869493,16.89661782869493
4023,3973,1.0,-43.775,172.525,17.00337077641234,16.99737077641234
4024,4565,1.0,-43.725,172.425,16.906788558651897,16.900788558651897
4025,4566,1.0,-43.725,172.475,16.94806124050956,16.94206124050956
4026,4567,6.0,-43.725,172.525,17.034517068834248,16.998517068834246
4027,3845,7.0,-43.825,172.575,17.193518843519996,17.151518843519995
4028,3846,1.0,-43.825,172.625,17.385692557185394,17.379692557185393
4029,3847,9.0,-43.825,172.675,17.61543610584704,17.56143610584704
4030,3848,137.0,-43.825,172.725,17.892001293388603,17.070001293388604
4031,3974,1.0,-43.775,172.575,17.127910973485996,17.121910973485996
4032,3975,1.0,-43.775,172.625,17.267032696996466,17.261032696996466
4033,3976,144.0,-43.775,172.675,17.43167718125551,16.567677181255508
4034,3977,277.0,-43.775,172.725,17.64804775320954,15.98604775320954
4035,4568,10.0,-43.725,172.575,17.1299088048072,17.069908804807202
4036,4569,20.0,-43.725,172.625,17.203531591861974,17.083531591861973
4037,4570,287.0,-43.725,172.675,17.269324630662595,15.547324630662596
4038,4571,144.0,-43.725,172.725,17.3854085989733,16.5214085989733
4039,3026,617.0,-43.825,172.825,18.558459308296733,14.856459308296733
4040,3137,520.0,-43.825,172.875,18.870978115821345,15.750978115821344
4041,3409,164.0,-43.875,172.875,19.00618986765039,18.022189867650393
4042,3849,397.0,-43.825,172.775,18.214414675483567,15.832414675483568
4043,3978,169.0,-43.775,172.775,17.93045638889089,16.91645638889089
4044,3979,475.0,-43.775,172.825,18.25571133246558,15.40571133246558
4045,3980,397.0,-43.775,172.875,18.55972818547525,16.17772818547525
4046,4572,545.0,-43.725,172.775,17.595859310960805,14.325859310960805
4047,4573,378.0,-43.725,172.825,17.873063298786292,15.605063298786291
4048,4574,414.0,-43.725,172.875,18.127659227131517,15.643659227131517
4049,3146,243.0,-43.825,172.975,18.960856029247225,17.502856029247226
4050,3248,478.0,-43.825,173.025,18.39655171015329,15.52855171015329
4051,3254,267.0,-43.825,173.075,17.653115921068093,16.051115921068092
4052,3416,309.0,-43.875,172.975,18.99919411542578,17.14519411542578
4053,3981,186.0,-43.775,172.975,18.61551159395458,17.49951159395458
4054,3982,338.0,-43.775,173.025,18.04089812829625,16.01289812829625
4055,3983,399.0,-43.775,173.075,17.264679127947602,14.870679127947602
4056,4575,371.0,-43.725,172.925,18.23936289068297,16.01336289068297
4057,4576,533.0,-43.725,172.975,18.075805938329722,14.877805938329722
4058,4577,85.0,-43.725,173.025,17.587876856490766,17.077876856490764
4059,4578,150.0,-43.725,173.075,16.903593632534466,16.003593632534468
4060,4579,127.0,-43.675,169.375,15.5519638164551,14.7899638164551
4061,4580,120.0,-43.675,169.425,15.621019332422293,14.901019332422292
4062,4581,423.0,-43.675,169.475,15.68694275233429,13.148942752334289
4063,4582,320.0,-43.675,169.525,15.750255464634392,13.830255464634392
4064,4583,227.0,-43.675,169.575,15.811526159362984,14.449526159362984
4065,4584,890.0,-43.675,169.625,15.87136000469036,10.53136000469036
4066,4585,1136.0,-43.675,169.675,15.930379703422659,9.11437970342266
4067,4677,14.0,-43.625,169.525,15.522399556270102,15.438399556270102
4068,4756,18.0,-43.625,169.575,15.571796637639636,15.463796637639636
4069,4758,24.0,-43.625,169.625,15.617610698653152,15.473610698653152
4070,4760,198.0,-43.625,169.675,15.659978747440618,14.471978747440618
4071,4947,11.0,-43.575,169.675,15.379492883381317,15.313492883381317
4072,4065,160.0,-43.575,169.725,15.396885942449444,14.436885942449443
4073,4125,241.0,-43.575,169.775,15.40645640573348,13.96045640573348
4074,4131,86.0,-43.575,169.825,15.406923984563036,14.890923984563036
4075,4586,824.0,-43.675,169.725,15.989192032269784,11.045192032269785
4076,4587,1509.0,-43.675,169.775,16.048326577132684,6.994326577132684
4077,4588,186.0,-43.675,169.825,16.108118201838806,14.992118201838807
4078,4762,630.0,-43.625,169.725,15.698926857701736,11.918926857701736
4079,4764,1101.0,-43.625,169.775,15.734304629542748,9.128304629542749
4080,4766,102.0,-43.625,169.825,15.765679672927945,15.153679672927945
4081,4795,6.0,-43.525,169.725,15.093133710644906,15.057133710644907
4082,4948,15.0,-43.525,169.775,15.07764062329079,14.98764062329079
4083,4956,20.0,-43.525,169.825,15.048419925311464,14.928419925311465
4084,4149,1138.0,-43.575,169.875,15.39655284145556,8.56855284145556
4085,4158,1518.0,-43.575,169.925,15.373108611660427,6.265108611660429
4086,4263,984.0,-43.575,169.975,15.334003626572667,9.430003626572667
4087,4270,870.0,-43.575,170.025,15.277126125816721,10.057126125816723
4088,4589,732.0,-43.675,169.875,16.16846976330271,11.77646976330271
4089,4590,1244.0,-43.675,169.925,16.228347014774045,8.764347014774046
4090,4591,2254.0,-43.675,169.975,16.284642007449293,2.7606420074492934
4091,4592,2481.0,-43.675,170.025,16.32947192920983,1.4434719292098315
4092,4768,691.0,-43.625,169.875,15.792150243345532,11.64615024334553
4093,4770,512.0,-43.625,169.925,15.811983702420548,12.739983702420549
4094,4796,709.0,-43.625,169.975,15.821910632243089,11.56791063224309
4095,4868,1152.0,-43.625,170.025,15.816004406427965,8.904004406427966
4096,4958,304.0,-43.525,169.875,15.00310182775138,13.17910182775138
4097,4960,483.0,-43.525,169.925,14.939194717080682,12.041194717080682
4098,4962,711.0,-43.525,169.975,14.854903743529576,10.588903743529576
4099,4964,1063.0,-43.525,170.025,14.751119285581808,8.373119285581808
4100,4282,1208.0,-43.575,170.075,15.203512353582482,7.955512353582483
4101,4386,2133.0,-43.575,170.125,15.122326131684531,2.3243261316845327
4102,4387,2250.0,-43.575,170.175,15.052746947549167,1.552746947549167
4103,4388,1149.0,-43.575,170.225,15.014992365518992,8.120992365518992
4104,4593,2105.0,-43.675,170.075,16.344330239830015,3.714330239830014
4105,4594,1421.0,-43.675,170.125,16.304164852081158,7.778164852081158
4106,4595,715.0,-43.675,170.175,16.224310144891206,11.934310144891207
4107,4596,1600.0,-43.675,170.225,16.14396057052363,6.543960570523632
4108,4871,1999.0,-43.625,170.075,15.785715989914024,3.7917159899140263
4109,4873,2010.0,-43.625,170.125,15.727541069267318,3.667541069267317
4110,4874,1475.0,-43.625,170.175,15.656071446457645,6.806071446457645
4111,4876,1359.0,-43.625,170.225,15.59621785634954,7.44221785634954
4112,4966,1659.0,-43.525,170.075,14.63523375895602,4.6812337589560205
4113,4968,1834.0,-43.525,170.125,14.525763117300812,3.5217631173008126
4114,4970,2175.0,-43.525,170.175,14.45134913585207,1.4013491358520707
4115,4972,2440.0,-43.525,170.225,14.435266754837357,-0.20473324516264135
4116,4405,2218.0,-43.575,170.275,15.018223582468636,1.710223582468636
4117,4411,1872.0,-43.575,170.325,15.059209231061686,3.827209231061687
4118,4414,1200.0,-43.575,170.375,15.128978039923823,7.928978039923823
4119,4597,1986.0,-43.675,170.275,16.084833361666824,4.168833361666826
4120,4598,2223.0,-43.675,170.325,16.053743097589177,2.7157430975891774
4121,4599,1182.0,-43.675,170.375,16.049365976628906,8.957365976628907
4122,4878,1216.0,-43.625,170.275,15.564578193007037,8.268578193007038
4123,4880,1387.0,-43.625,170.325,15.56522392280749,7.243223922807491
4124,4882,1833.0,-43.625,170.375,15.594377455119684,4.5963774551196845
4125,4973,2181.0,-43.525,170.275,14.478149310139997,1.3921493101399989
4126,4974,2261.0,-43.525,170.325,14.56432859339111,0.9983285933911112
4127,4975,1946.0,-43.525,170.375,14.677276055670518,3.001276055670518
4128,4431,1534.0,-43.575,170.425,15.21834513021895,6.014345130218951
4129,4438,909.0,-43.575,170.475,15.320038038204075,9.866038038204074
4130,4520,1914.0,-43.575,170.525,15.428953346920025,3.944953346920025
4131,4522,1738.0,-43.575,170.575,15.54181303405494,5.113813034054941
4132,4600,1678.0,-43.675,170.425,16.06679949509271,5.99879949509271
4133,4601,1274.0,-43.675,170.475,16.100403862961684,8.456403862961684
4134,4602,774.0,-43.675,170.525,16.145298607909353,11.501298607909353
4135,4603,1357.0,-43.675,170.575,16.197911244125862,8.055911244125863
4136,4884,1740.0,-43.625,170.425,15.645415615363163,5.205415615363163
4137,4886,832.0,-43.625,170.475,15.711807965577464,10.719807965577463
4138,4888,1472.0,-43.625,170.525,15.788326025838614,6.956326025838614
4139,4890,1621.0,-43.625,170.575,15.871295922966965,6.145295922966964
4140,4976,2079.0,-43.525,170.425,14.805280783912167,2.3312807839121685
4141,4977,1040.0,-43.525,170.475,14.941009605114232,8.701009605114232
4142,4978,1117.0,-43.525,170.525,15.080092316718947,8.378092316718947
4143,4979,2134.0,-43.525,170.575,15.220063427805144,2.4160634278051436
4144,4524,1465.0,-43.575,170.625,15.656723620566481,6.866723620566482
4145,4526,1543.0,-43.575,170.675,15.772782750842453,6.514782750842453
4146,4528,2126.0,-43.575,170.725,15.889764808678592,3.133764808678592
4147,4604,837.0,-43.675,170.625,16.255959647751297,11.233959647751298
4148,4605,1629.0,-43.675,170.675,16.318180428315827,6.544180428315828
4149,4606,1860.0,-43.675,170.725,16.384008618268126,5.224008618268126
4150,4892,901.0,-43.625,170.625,15.95842351661122,10.55242351661122
4151,4894,1049.0,-43.625,170.675,16.04847642660752,9.754476426607521
4152,4896,1949.0,-43.625,170.725,16.14096275476186,4.446962754761859
4153,4980,1486.0,-43.525,170.625,15.359691732446663,6.4436917324466645
4154,4981,1774.0,-43.525,170.675,15.49855681029294,4.854556810292941
4155,4982,1117.0,-43.525,170.725,15.636774076825532,8.934774076825532
4156,4530,1127.0,-43.575,170.775,16.00788490571722,9.245884905717219
4157,4532,1389.0,-43.575,170.825,16.127628283866215,7.793628283866216
4158,4534,517.0,-43.575,170.875,16.249625754382578,13.147625754382577
4159,4536,508.0,-43.575,170.925,16.37455333541584,13.32655333541584
4160,4607,1044.0,-43.675,170.775,16.453303619236976,10.189303619236977
4161,4608,1639.0,-43.675,170.825,16.526139776877244,6.692139776877244
4162,4609,718.0,-43.675,170.875,16.602644228980353,12.294644228980353
4163,4610,540.0,-43.675,170.925,16.68285470056435,13.442854700564348
4164,4898,1266.0,-43.625,170.775,16.235863297588367,8.639863297588366
4165,4900,835.0,-43.625,170.825,16.333426161683747,11.323426161683747
4166,4902,557.0,-43.625,170.875,16.434008663993154,13.092008663993154
4167,4904,472.0,-43.625,170.925,16.53794274156826,13.705942741568258
4168,4983,1058.0,-43.525,170.775,15.774815373908496,9.426815373908497
4169,4984,579.0,-43.525,170.825,15.91339476221765,12.439394762217649
4170,4985,554.0,-43.525,170.875,16.053397112176754,12.729397112176754
4171,4986,1329.0,-43.525,170.925,16.195829477983352,8.221829477983352
4172,4538,603.0,-43.575,170.975,16.503035233501578,12.885035233501577
4173,4540,768.0,-43.575,171.025,16.635533073051192,12.027533073051192
4174,4542,859.0,-43.575,171.075,16.77220974201191,11.61820974201191
4175,4544,784.0,-43.575,171.125,16.912760168670502,12.208760168670501
4176,4611,456.0,-43.675,170.975,16.766570344014326,14.030570344014325
4177,4612,1299.0,-43.675,171.025,16.85317334062711,9.059173340627108
4178,4613,1368.0,-43.675,171.075,16.94141175319237,8.73341175319237
4179,4614,678.0,-43.675,171.125,17.029168709726946,12.961168709726946
4180,4906,1260.0,-43.625,170.975,16.64539991559286,9.085399915592863
4181,4908,1245.0,-43.625,171.025,16.756236942143005,9.286236942143006
4182,4910,685.0,-43.625,171.075,16.869814582045365,12.759814582045365
4183,4912,639.0,-43.625,171.125,16.984801666694693,13.150801666694694
4184,4987,971.0,-43.525,170.975,16.34177707220806,10.51577707220806
4185,4988,1320.0,-43.525,171.025,16.49234807692119,8.572348076921191
4186,4989,839.0,-43.525,171.075,16.648592605815793,11.614592605815794
4187,4990,978.0,-43.525,171.125,16.811375935278193,10.943375935278194
4188,4546,621.0,-43.575,171.175,17.05619504898641,13.330195048986411
4189,4548,1202.0,-43.575,171.225,17.200533551484114,9.988533551484114
4190,4550,1014.0,-43.575,171.275,17.342309104402375,11.258309104402375
4191,4615,1210.0,-43.675,171.175,17.11331277438876,9.85331277438876
4192,4616,684.0,-43.675,171.225,17.189794439858815,13.085794439858816
4193,4617,635.0,-43.675,171.275,17.254067234738613,13.444067234738615
4194,4914,969.0,-43.625,171.175,17.098999075373285,11.284999075373285
4195,4916,1080.0,-43.625,171.225,17.209214533038903,10.729214533038903
4196,4917,539.0,-43.625,171.275,17.311148304856033,14.077148304856033
4197,4991,681.0,-43.525,171.175,16.98116640086664,12.895166400866643
4198,4992,747.0,-43.525,171.225,17.15765557832492,12.675655578324921
4199,4993,1128.0,-43.525,171.275,17.339065815824142,10.571065815824142
4200,4036,453.0,-43.675,171.375,17.327666618330113,14.609666618330113
4201,4143,368.0,-43.675,171.425,17.327661093448114,15.119661093448114
4202,4152,334.0,-43.675,171.475,17.297114778179093,15.293114778179094
4203,4552,1110.0,-43.575,171.325,17.47578073450859,10.81578073450859
4204,4554,1453.0,-43.575,171.375,17.591916758981824,8.873916758981824
4205,4556,806.0,-43.575,171.425,17.677725372144778,12.841725372144777
4206,4558,804.0,-43.575,171.475,17.717275636605336,12.893275636605338
4207,4621,441.0,-43.675,171.325,17.301549654919654,14.655549654919653
4208,4918,955.0,-43.625,171.325,17.399156449901056,11.669156449901056
4209,4919,1284.0,-43.625,171.375,17.465864233694447,9.761864233694446
4210,4920,503.0,-43.625,171.425,17.50206066519604,14.48406066519604
4211,4921,407.0,-43.625,171.475,17.497771103458945,15.055771103458945
4212,4994,1653.0,-43.525,171.325,17.520957464636012,7.602957464636011
4213,4995,1860.0,-43.525,171.375,17.69444032235333,6.53444032235333
4214,4996,865.0,-43.525,171.425,17.84418995238957,12.654189952389569
4215,4997,1125.0,-43.525,171.475,17.948079673551547,11.198079673551547
4216,4161,329.0,-43.675,171.525,17.233792877821543,15.259792877821543
4217,4258,314.0,-43.675,171.575,17.140494874220167,15.256494874220166
4218,4264,287.0,-43.675,171.625,17.028290610898694,15.306290610898694
4219,4633,502.0,-43.575,171.525,17.696021748161,14.684021748161001
4220,4636,426.0,-43.575,171.575,17.608175921333896,15.052175921333896
4221,4638,397.0,-43.575,171.625,17.46350440002425,15.081504400024249
4222,4922,409.0,-43.625,171.525,17.445208667857514,14.991208667857514
4223,4923,378.0,-43.625,171.575,17.343241970629606,15.075241970629605
4224,4924,335.0,-43.625,171.625,17.20227081340272,15.19227081340272
4225,4998,748.0,-43.525,171.525,17.982487330278673,13.494487330278673
4226,4999,597.0,-43.525,171.575,17.935705501753546,14.353705501753545
4227,5000,416.0,-43.525,171.625,17.820537076695473,15.324537076695472
4228,4032,304.0,-43.525,171.675,17.676386887927947,15.852386887927947
4229,4133,397.0,-43.525,171.725,17.57309458018426,15.191094580184261
4230,4135,373.0,-43.525,171.775,17.591416834111442,15.353416834111442
4231,4141,310.0,-43.525,171.825,17.707135611548438,15.847135611548438
4232,4267,274.0,-43.675,171.675,16.920119963579054,15.276119963579054
4233,4286,257.0,-43.675,171.725,16.852072470865096,15.310072470865096
4234,4376,238.0,-43.675,171.775,16.85571066637931,15.427710666379308
4235,4377,220.0,-43.675,171.825,16.925557500202558,15.605557500202558
4236,4640,376.0,-43.575,171.675,17.291534842959663,15.035534842959663
4237,4642,344.0,-43.575,171.725,17.153040052129654,15.089040052129654
4238,4644,278.0,-43.575,171.775,17.190348967749742,15.522348967749743
4239,4649,268.0,-43.575,171.825,17.332792509630963,15.724792509630962
4240,4925,315.0,-43.625,171.675,17.050386555485602,15.160386555485601
4241,4926,295.0,-43.625,171.725,16.946267162493314,15.176267162493314
4242,4927,270.0,-43.625,171.775,16.96421517955605,15.344215179556048
4243,4928,203.0,-43.625,171.825,17.07806808413443,15.86006808413443
4244,4148,277.0,-43.525,171.875,17.857540119810437,16.19554011981044
4245,4157,220.0,-43.525,171.925,18.00980190705741,16.689801907057408
4246,4262,199.0,-43.525,171.975,18.14715579548647,16.95315579548647
4247,4379,174.0,-43.675,171.875,17.030678045492095,15.986678045492095
4248,4380,159.0,-43.675,171.925,17.1433802777683,16.1893802777683
4249,4381,161.0,-43.675,171.975,17.24557645640016,16.279576456400157
4250,4654,234.0,-43.575,171.875,17.499620271155436,16.095620271155436
4251,4659,205.0,-43.575,171.925,17.66215708800155,16.43215708800155
4252,4664,173.0,-43.575,171.975,17.805149793399323,16.767149793399323
4253,4929,220.0,-43.625,171.875,17.225064812373603,15.905064812373602
4254,4930,199.0,-43.625,171.925,17.37215588625986,16.178155886259862
4255,4931,174.0,-43.625,171.975,17.501819790581067,16.457819790581066
4256,4271,183.0,-43.525,172.025,18.259331986853795,17.161331986853796
4257,4278,176.0,-43.525,172.075,18.33724497482399,17.281244974823988
4258,4285,171.0,-43.525,172.125,18.36660675207895,17.34060675207895
4259,4382,161.0,-43.525,172.175,18.325293469093594,17.359293469093593
4260,4417,140.0,-43.675,172.025,17.325423121736094,16.485423121736094
4261,4424,118.0,-43.675,172.075,17.37438480779383,16.666384807793833
4262,4430,94.0,-43.675,172.125,17.38684797357564,16.82284797357564
4263,4437,72.0,-43.675,172.175,17.361862019351975,16.929862019351976
4264,4669,149.0,-43.575,172.025,17.918456517829327,17.02445651782933
4265,4674,142.0,-43.575,172.075,17.9926103265243,17.1406103265243
4266,4679,133.0,-43.575,172.125,18.01621025220811,17.21821025220811
4267,4771,124.0,-43.575,172.175,17.981643049828563,17.237643049828563
4268,4932,149.0,-43.625,172.025,17.602817644015886,16.708817644015888
4269,4933,125.0,-43.625,172.075,17.666088576981565,16.916088576981565
4270,4934,108.0,-43.625,172.125,17.68404152567382,17.03604152567382
4271,4935,90.0,-43.625,172.175,17.65422954504902,17.11422954504902
4272,4383,137.0,-43.525,172.225,18.233099849494465,17.411099849494466
4273,4385,122.0,-43.525,172.275,18.122856835736457,17.390856835736457
4274,4389,105.0,-43.525,172.325,18.018304562119738,17.38830456211974
4275,4391,88.0,-43.525,172.375,17.943063503247686,17.415063503247687
4276,4618,61.0,-43.675,172.225,17.304862331147888,16.938862331147888
4277,4622,45.0,-43.675,172.275,17.227028317560325,16.957028317560326
4278,4623,33.0,-43.675,172.325,17.143226104744826,16.945226104744826
4279,4624,21.0,-43.675,172.375,17.071197171491804,16.945197171491802
4280,4773,115.0,-43.575,172.225,17.89988694775093,17.209886947750928
4281,4775,96.0,-43.575,172.275,17.79370098083382,17.21770098083382
4282,4777,82.0,-43.575,172.325,17.685601870438404,17.193601870438403
4283,4779,64.0,-43.575,172.375,17.59889024115182,17.21489024115182
4284,4936,82.0,-43.625,172.225,17.584081043853075,17.092081043853074
4285,4937,66.0,-43.625,172.275,17.488988826677087,17.092988826677086
4286,4938,51.0,-43.625,172.325,17.387275909084565,17.081275909084564
4287,4939,38.0,-43.625,172.375,17.298930991721136,17.070930991721134
4288,4393,65.0,-43.525,172.425,17.925384844878863,17.535384844878863
4289,4394,50.0,-43.525,172.475,17.998651617705036,17.698651617705035
4290,4395,27.0,-43.525,172.525,18.1971336164861,18.0351336164861
4291,4625,8.0,-43.675,172.425,17.03373856071994,16.98573856071994
4292,4626,7.0,-43.675,172.475,17.063998759644164,17.021998759644163
4293,4627,6.0,-43.675,172.525,17.165723264603002,17.129723264603
4294,4781,47.0,-43.575,172.425,17.56401470502169,17.28201470502169
4295,4783,34.0,-43.575,172.475,17.627420128632366,17.423420128632365
4296,4785,19.0,-43.575,172.525,17.816507714804175,17.702507714804174
4297,4940,29.0,-43.625,172.425,17.248461807841522,17.074461807841523
4298,4941,16.0,-43.625,172.475,17.28053211571023,17.18453211571023
4299,4942,10.0,-43.625,172.525,17.432984446142655,17.372984446142656
4300,4397,15.0,-43.525,172.575,18.53985639927123,18.44985639927123
4301,4399,10.0,-43.525,172.625,18.792365464632894,18.732365464632895
4302,4401,9.0,-43.525,172.675,18.646392184858996,18.592392184858998
4303,4404,2.0,-43.525,172.725,18.203979404075653,18.191979404075653
4304,4628,106.0,-43.675,172.575,17.258581031808717,16.622581031808718
4305,4629,333.0,-43.675,172.625,17.267359159461193,15.269359159461194
4306,4630,61.0,-43.675,172.675,17.19655405930098,16.83055405930098
4307,4631,388.0,-43.675,172.725,17.164992687507038,14.836992687507038
4308,4787,18.0,-43.575,172.575,18.054852338071214,17.946852338071213
4309,4789,69.0,-43.575,172.625,18.123574211080268,17.709574211080266
4310,4791,274.0,-43.575,172.675,17.81003147001684,16.16603147001684
4311,4793,262.0,-43.575,172.725,17.289862176596216,15.717862176596217
4312,4943,70.0,-43.625,172.575,17.57039289664681,17.150392896646807
4313,4944,468.0,-43.625,172.625,17.55204440819216,14.74404440819216
4314,4647,438.0,-43.675,172.775,17.284982663361006,14.656982663361006
4315,4652,252.0,-43.675,172.825,17.510305505958968,15.998305505958967
4316,4657,49.0,-43.675,172.875,17.7127684724328,17.4187684724328
4317,4945,19.0,-43.625,172.825,17.293484032434208,17.179484032434207
4318,4946,218.0,-43.625,172.875,17.442014646610914,16.134014646610915
4319,4662,509.0,-43.675,172.925,17.77486362745185,14.72086362745185
4320,4667,299.0,-43.675,172.975,17.613954395637847,15.819954395637847
4321,4672,234.0,-43.675,173.025,17.219959944734,15.815959944734
4322,4418,20.0,-43.475,169.775,14.760246633079078,14.640246633079078
4323,4423,113.0,-43.475,169.825,14.705944440276653,14.027944440276652
4324,4844,25.0,-43.425,169.825,14.39232968606666,14.24232968606666
4325,4197,43.0,-43.375,169.975,13.746142391682952,13.488142391682953
4326,4198,65.0,-43.375,170.025,13.58237115288648,13.19237115288648
4327,4429,45.0,-43.475,169.875,14.631881530447572,14.361881530447572
4328,4436,72.0,-43.475,169.925,14.535494669740729,14.103494669740728
4329,4619,114.0,-43.475,169.975,14.415348908900341,13.731348908900342
4330,4645,253.0,-43.475,170.025,14.273359013372101,12.7553590133721
4331,4845,147.0,-43.425,169.875,14.298904073926678,13.416904073926679
4332,4846,201.0,-43.425,169.925,14.182065164590313,12.976065164590313
4333,4847,322.0,-43.425,169.975,14.040659991718712,12.108659991718712
4334,4848,436.0,-43.425,170.025,13.876389574987115,11.260389574987116
4335,4199,369.0,-43.375,170.075,13.406687315175077,11.192687315175077
4336,4200,92.0,-43.375,170.125,13.237244723350159,12.68524472335016
4337,4201,128.0,-43.375,170.175,13.12437325432984,12.356373254329839
4338,4202,616.0,-43.375,170.225,13.16813026348973,9.47213026348973
4339,4650,1431.0,-43.475,170.075,14.119041151599959,5.533041151599958
4340,4655,1019.0,-43.475,170.125,13.9764145185909,7.8624145185909
4341,4660,1846.0,-43.475,170.175,13.8891730871037,2.8131730871036993
4342,4665,2042.0,-43.475,170.225,13.8957209012151,1.643720901215099
4343,4849,190.0,-43.425,170.075,13.697222646675073,12.557222646675072
4344,4850,674.0,-43.425,170.125,13.524616077906103,9.480616077906102
4345,4851,220.0,-43.425,170.175,13.413422668163548,12.093422668163548
4346,4852,771.0,-43.425,170.225,13.44766846155835,8.821668461558351
4347,4203,1116.0,-43.375,170.275,13.303267765477358,6.607267765477358
4348,4204,1804.0,-43.375,170.325,13.471092535437492,2.6470925354374923
4349,4205,796.0,-43.375,170.375,13.652363251298084,8.876363251298084
4350,4670,1384.0,-43.475,170.275,13.982390053839481,5.678390053839481
4351,4675,2572.0,-43.475,170.325,14.113459175263415,-1.3185408247365835
4352,4680,1604.0,-43.475,170.375,14.265589751768857,4.6415897517688585
4353,4853,1314.0,-43.425,170.275,13.57634364689875,5.692343646898749
4354,4854,1492.0,-43.425,170.325,13.74061299754976,4.788612997549761
4355,4855,909.0,-43.425,170.375,13.918519559330889,8.464519559330888
4356,4206,273.0,-43.375,170.425,13.83861159641674,12.20061159641674
4357,4207,1044.0,-43.375,170.475,14.025614364276407,7.761614364276408
4358,4208,1547.0,-43.375,170.525,14.211185879437835,4.929185879437835
4359,4209,414.0,-43.375,170.575,14.394247003496275,11.910247003496275
4360,4797,2192.0,-43.475,170.425,14.42670701660245,1.2747070166024486
4361,4799,2012.0,-43.475,170.475,14.590665409159556,2.5186654091595546
4362,4800,1810.0,-43.475,170.525,14.754338240352808,3.8943382403528073
4363,4801,1996.0,-43.475,170.575,14.916223117623304,2.9402231176233027
4364,4856,1434.0,-43.425,170.425,14.100647846942593,5.496647846942594
4365,4857,1673.0,-43.425,170.475,14.282607752240438,4.244607752240437
4366,4858,2269.0,-43.425,170.525,14.462327004446706,0.8483270044467055
4367,4859,1975.0,-43.425,170.575,14.63892084100371,2.7889208410037103
4368,4210,1901.0,-43.375,170.625,14.574357448102091,3.168357448102091
4369,4211,1129.0,-43.375,170.675,14.751449343435524,7.977449343435525
4370,4212,2128.0,-43.375,170.725,14.925678214262007,2.157678214262006
4371,4802,1711.0,-43.475,170.625,15.075754557903565,4.809754557903565
4372,4803,1357.0,-43.475,170.675,15.232940814632457,7.090940814632457
4373,4804,724.0,-43.475,170.725,15.388160789894755,11.044160789894754
4374,4860,2242.0,-43.425,170.625,14.812166395087843,1.3601663950878429
4375,4861,1461.0,-43.425,170.675,14.982233166330843,6.216233166330843
4376,4862,1484.0,-43.425,170.725,15.149541168255382,6.245541168255382
4377,4034,1207.0,-43.425,170.775,15.314700669667218,8.072700669667217
4378,4120,867.0,-43.425,170.825,15.4785128291187,10.2765128291187
4379,4124,933.0,-43.425,170.875,15.642012835094647,10.044012835094648
4380,4132,1579.0,-43.425,170.925,15.806535001043812,6.332535001043814
4381,4213,932.0,-43.375,170.775,15.097369231945777,9.505369231945778
4382,4214,1749.0,-43.375,170.825,15.26704635664646,4.7730463566464625
4383,4215,1413.0,-43.375,170.875,15.435520399390953,6.957520399390953
4384,4216,1405.0,-43.375,170.925,15.604003520194965,7.174003520194965
4385,4805,1405.0,-43.475,170.775,15.542052741955558,7.112052741955559
4386,4806,1012.0,-43.475,170.825,15.695463235671923,9.623463235671924
4387,4807,1034.0,-43.475,170.875,15.849435631134838,9.645435631134838
4388,4808,1528.0,-43.475,170.925,16.00521970797854,6.837219707978541
4389,4140,1748.0,-43.425,170.975,15.973780846361478,5.485780846361479
4390,4147,1247.0,-43.425,171.025,16.145876190945273,8.663876190945274
4391,4156,1057.0,-43.425,171.075,16.325407279946376,9.983407279946377
4392,4165,1245.0,-43.425,171.125,16.51542402256746,9.04542402256746
4393,4217,1703.0,-43.375,170.975,15.774222124608059,5.556222124608059
4394,4218,1131.0,-43.375,171.025,15.948511991729902,9.1625119917299
4395,4219,1733.0,-43.375,171.075,16.129889791416645,5.731889791416647
4396,4220,978.0,-43.375,171.125,16.322099563672964,10.454099563672965
4397,4809,1190.0,-43.475,170.975,16.16428567661933,9.024285676619328
4398,4810,1775.0,-43.475,171.025,16.32832825202786,5.678328252027859
4399,4811,1282.0,-43.475,171.075,16.499247014638968,8.807247014638968
4400,4812,1121.0,-43.475,171.125,16.67908275204536,9.953082752045361
4401,4166,696.0,-43.425,171.175,16.719385071730358,12.543385071730357
4402,4167,865.0,-43.425,171.225,16.940985091976472,11.750985091976471
4403,4168,1898.0,-43.425,171.275,17.183726799921715,5.795726799921715
4404,4221,913.0,-43.375,171.175,16.52963001250464,11.051630012504639
4405,4222,1363.0,-43.375,171.225,16.757684866781346,8.579684866781346
4406,4223,1505.0,-43.375,171.275,17.01204652443994,7.982046524439939
4407,4813,691.0,-43.475,171.175,16.869868312744075,12.723868312744074
4408,4814,757.0,-43.475,171.225,17.073306742327986,12.531306742327986
4409,4815,1050.0,-43.475,171.275,17.290107717883075,10.990107717883074
4410,4169,1087.0,-43.425,171.325,17.449926496687112,10.927926496687114
4411,4170,1124.0,-43.425,171.375,17.73847418490186,10.994474184901861
4412,4171,1440.0,-43.425,171.425,18.040028161165537,9.400028161165537
4413,4172,1114.0,-43.425,171.475,18.327585291073774,11.643585291073773
4414,4224,1227.0,-43.375,171.325,17.298635923951224,9.936635923951226
4415,4225,1088.0,-43.375,171.375,17.62212530812394,11.09412530812394
4416,4226,1786.0,-43.375,171.425,17.981752001374844,7.265752001374844
4417,4227,430.0,-43.375,171.475,18.360416007395543,15.780416007395543
4418,4816,2170.0,-43.475,171.325,17.518688692296564,4.4986886922965645
4419,4817,1097.0,-43.475,171.375,17.752810201047396,11.170810201047395
4420,4818,1056.0,-43.475,171.425,17.977784557355335,11.641784557355335
4421,4819,1591.0,-43.475,171.475,18.166208618531527,8.620208618531528
4422,4173,1748.0,-43.425,171.525,18.543527309739147,8.055527309739148
4423,4174,339.0,-43.425,171.575,18.632062514865538,16.59806251486554
4424,4175,527.0,-43.425,171.625,18.627136484341463,15.465136484341464
4425,4228,355.0,-43.375,171.525,18.696605085977353,16.566605085977354
4426,4229,466.0,-43.375,171.575,18.857538763688353,16.061538763688354
4427,4230,685.0,-43.375,171.625,18.926952201218228,14.816952201218228
4428,4820,2060.0,-43.475,171.525,18.280282926476502,5.920282926476501
4429,4821,635.0,-43.475,171.575,18.296103992077406,14.486103992077407
4430,4822,463.0,-43.475,171.625,18.232370790545247,15.454370790545246
4431,4176,603.0,-43.425,171.675,18.590389789758774,14.972389789758774
4432,4177,825.0,-43.425,171.725,18.56517816609994,13.615178166099941
4433,4178,459.0,-43.425,171.775,18.576346571389877,15.822346571389877
4434,4179,493.0,-43.425,171.825,18.626174165641714,15.668174165641714
4435,4231,1132.0,-43.375,171.675,18.963986288195883,12.171986288195884
4436,4232,1357.0,-43.375,171.725,18.991032974074187,10.849032974074188
4437,4233,896.0,-43.375,171.775,19.020585885598848,13.644585885598847
4438,4234,507.0,-43.375,171.825,19.058060776667844,16.016060776667842
4439,4823,520.0,-43.475,171.675,18.138936260562332,15.01893626056233
4440,4824,892.0,-43.475,171.725,18.074584346242773,12.722584346242773
4441,4825,519.0,-43.475,171.775,18.082580955669982,14.968580955669982
4442,4826,425.0,-43.475,171.825,18.159235613478813,15.609235613478813
4443,4180,340.0,-43.425,171.875,18.701151620385644,16.661151620385645
4444,4181,324.0,-43.425,171.925,18.785071603022516,16.841071603022517
4445,4182,322.0,-43.425,171.975,18.864976897344604,16.932976897344606
4446,4235,492.0,-43.375,171.875,19.102678547209507,16.15067854720951
4447,4236,354.0,-43.375,171.925,19.149851511694578,17.02585151169458
4448,4237,328.0,-43.375,171.975,19.193321341543196,17.225321341543196
4449,4827,385.0,-43.475,171.875,18.272334452252835,15.962334452252835
4450,4828,333.0,-43.475,171.925,18.39442526378116,16.396425263781158
4451,4829,240.0,-43.475,171.975,18.508491543732816,17.068491543732815
4452,4183,279.0,-43.425,172.025,18.930688139869744,17.256688139869745
4453,4184,257.0,-43.425,172.075,18.97209503718841,17.43009503718841
4454,4185,225.0,-43.425,172.125,18.976016650311067,17.626016650311065
4455,4186,188.0,-43.425,172.175,18.931758839491522,17.803758839491522
4456,4238,312.0,-43.375,172.025,19.22589833246093,17.35389833246093
4457,4239,236.0,-43.375,172.075,19.239345766440238,17.823345766440237
4458,4240,254.0,-43.375,172.125,19.22523499079034,17.70123499079034
4459,4241,230.0,-43.375,172.175,19.180122076355474,17.800122076355475
4460,4830,223.0,-43.475,172.025,18.60364936512633,17.26564936512633
4461,4831,217.0,-43.475,172.075,18.67059622062152,17.36859622062152
4462,4832,208.0,-43.475,172.125,18.695278392737237,17.447278392737235
4463,4833,192.0,-43.475,172.175,18.649373819393077,17.497373819393076
4464,4187,188.0,-43.425,172.225,18.851916190415068,17.723916190415068
4465,4188,160.0,-43.425,172.275,18.762006238874164,17.802006238874164
4466,4189,133.0,-43.425,172.325,18.684637061553076,17.886637061553074
4467,4190,104.0,-43.425,172.375,18.639970581170928,18.01597058117093
4468,4242,198.0,-43.375,172.225,19.112206267916918,17.92420626791692
4469,4243,166.0,-43.375,172.275,19.03846928351777,18.04246928351777
4470,4244,140.0,-43.375,172.325,18.97746182831179,18.13746182831179
4471,4245,116.0,-43.375,172.375,18.946386886989785,18.250386886989784
4472,4834,167.0,-43.475,172.225,18.55689672841254,17.55489672841254
4473,4835,141.0,-43.475,172.275,18.45246952396701,17.60646952396701
4474,4836,118.0,-43.475,172.325,18.359108626162197,17.6511086261622
4475,4837,95.0,-43.475,172.375,18.298627346721332,17.728627346721332
4476,4191,78.0,-43.425,172.425,18.647081493767473,18.179081493767473
4477,4192,53.0,-43.425,172.475,18.724154472147347,18.406154472147346
4478,4193,33.0,-43.425,172.525,18.887990953342523,18.689990953342523
4479,4246,89.0,-43.375,172.425,18.960308775673184,18.426308775673185
4480,4247,63.0,-43.375,172.475,19.03044703033447,18.65244703033447
4481,4248,43.0,-43.375,172.525,19.157425781304482,18.899425781304483
4482,4838,70.0,-43.475,172.425,18.293718248678488,17.873718248678486
4483,4839,51.0,-43.475,172.475,18.366695132783207,18.060695132783206
4484,4840,35.0,-43.475,172.525,18.543405853619333,18.333405853619333
4485,4194,17.0,-43.425,172.575,19.122262423752545,19.020262423752545
4486,4195,10.0,-43.425,172.625,19.304242627837084,19.244242627837085
4487,4196,7.0,-43.425,172.675,19.298653223169822,19.25665322316982
4488,4249,22.0,-43.375,172.575,19.311828084111767,19.179828084111765
4489,4250,7.0,-43.375,172.625,19.42018972941878,19.37818972941878
4490,4251,3.0,-43.375,172.675,19.404500344011467,19.386500344011466
4491,4841,21.0,-43.475,172.575,18.868667441529396,18.742667441529395
4492,4842,10.0,-43.475,172.625,19.12788874864782,19.06788874864782
4493,4843,6.0,-43.475,172.675,19.106428155591857,19.070428155591856
4494,4099,19.0,-43.225,170.225,13.100942172226496,12.986942172226495
4495,4252,39.0,-43.325,170.075,13.249231210080325,13.015231210080325
4496,4253,54.0,-43.325,170.125,13.124140677275136,12.800140677275136
4497,4254,399.0,-43.325,170.175,13.051765012191026,10.657765012191026
4498,4255,289.0,-43.325,170.225,13.070762821967946,11.336762821967946
4499,4698,27.0,-43.275,170.125,13.11339735898946,12.951397358989459
4500,4699,144.0,-43.275,170.175,13.073138743638992,12.209138743638992
4501,4700,242.0,-43.275,170.225,13.071735472920409,11.619735472920409
4502,4750,22.0,-43.225,170.175,13.120408126524126,12.988408126524126
4503,4788,0.0,-43.175,170.225,13.112114331197517,13.112114331197517
4504,4067,1436.0,-43.325,170.375,13.468577282292244,4.852577282292245
4505,4119,117.0,-43.225,170.275,13.121269971081347,12.419269971081347
4506,4126,245.0,-43.225,170.325,13.186005149073026,11.716005149073025
4507,4136,46.0,-43.225,170.375,13.286434806526813,13.010434806526813
4508,4256,401.0,-43.325,170.275,13.167064600129379,10.76106460012938
4509,4257,768.0,-43.325,170.325,13.306472280390153,8.698472280390153
4510,4701,185.0,-43.275,170.275,13.123806655523367,12.013806655523368
4511,4702,72.0,-43.275,170.325,13.222659804749128,12.790659804749128
4512,4703,75.0,-43.275,170.375,13.353607593096967,12.903607593096968
4513,4790,10.0,-43.175,170.275,13.123772435850697,13.063772435850696
4514,4792,17.0,-43.175,170.325,13.169472877467342,13.067472877467342
4515,4794,34.0,-43.175,170.375,13.247644327580929,13.043644327580928
4516,4110,167.0,-43.325,170.425,13.64248220094305,12.64048220094305
4517,4111,678.0,-43.325,170.475,13.822028325485007,9.754028325485008
4518,4112,801.0,-43.325,170.525,14.003628766738984,9.197628766738983
4519,4113,1307.0,-43.325,170.575,14.185204165994946,6.343204165994947
4520,4142,51.0,-43.225,170.425,13.412421630368044,13.106421630368045
4521,4151,366.0,-43.225,170.475,13.555682589503704,11.359682589503704
4522,4160,479.0,-43.225,170.525,13.710198235821736,10.836198235821735
4523,4265,1471.0,-43.225,170.575,13.871835265686968,5.045835265686968
4524,4704,262.0,-43.275,170.425,13.504752917484439,11.93275291748444
4525,4705,1149.0,-43.275,170.475,13.668009079447074,6.774009079447074
4526,4706,1546.0,-43.275,170.525,13.838136402424425,4.562136402424425
4527,4707,1129.0,-43.275,170.575,14.011811196411145,7.237811196411146
4528,4798,30.0,-43.175,170.425,13.352064718252223,13.172064718252223
4529,4863,333.0,-43.175,170.475,13.476075117891014,11.478075117891015
4530,4864,145.0,-43.175,170.525,13.61407822444744,12.74407822444744
4531,4865,506.0,-43.175,170.575,13.761884107130754,10.725884107130755
4532,4115,1906.0,-43.325,170.625,14.365575019874086,2.929575019874088
4533,4116,1842.0,-43.325,170.675,14.54407347565575,3.492073475655749
4534,4118,1888.0,-43.325,170.725,14.720303963898914,3.3923039638989145
4535,4272,1444.0,-43.225,170.625,14.037802207974892,5.373802207974892
4536,4274,830.0,-43.225,170.675,14.206059533651569,9.226059533651569
4537,4277,312.0,-43.225,170.725,14.374785210879054,12.502785210879054
4538,4708,2088.0,-43.275,170.625,14.186926039968967,1.6589260399689678
4539,4709,1200.0,-43.275,170.675,14.362058021441044,7.1620580214410445
4540,4710,1676.0,-43.275,170.725,14.536093529568461,4.48009352956846
4541,4866,100.0,-43.175,170.625,13.916549346577085,13.316549346577085
4542,4867,919.0,-43.175,170.675,14.075836546704522,8.561836546704523
4543,4869,1009.0,-43.175,170.725,14.237412306698388,8.18341230669839
4544,4123,1470.0,-43.325,170.775,14.894047993409913,6.0740479934099145
4545,4130,1740.0,-43.325,170.825,15.065305129093758,4.625305129093759
4546,4150,1827.0,-43.325,170.875,15.234426259783504,4.272426259783504
4547,4159,1450.0,-43.325,170.925,15.402277581117232,6.702277581117233
4548,4283,548.0,-43.225,170.775,14.542127797780267,11.254127797780267
4549,4413,1466.0,-43.225,170.825,14.706365211357479,5.91036521135748
4550,4426,1697.0,-43.225,170.875,14.866271959239384,4.6842719592393856
4551,4433,1512.0,-43.225,170.925,15.021443284240377,5.9494432842403775
4552,4711,1055.0,-43.275,170.775,14.708064834485413,8.378064834485413
4553,4712,1698.0,-43.275,170.825,14.877215865642938,4.689215865642938
4554,4713,2167.0,-43.275,170.875,15.043210363241087,2.0412103632410865
4555,4714,1264.0,-43.275,170.925,15.206360633565055,7.622360633565055
4556,4870,1371.0,-43.175,170.775,14.39843507851765,6.172435078517649
4557,4872,1849.0,-43.175,170.825,14.55599198416894,3.4619919841689413
4558,4875,1449.0,-43.175,170.875,14.707803742756369,6.0138037427563695
4559,4877,1729.0,-43.175,170.925,14.852657147479476,4.478657147479478
4560,4273,1708.0,-43.325,170.975,15.570389389693446,5.322389389693447
4561,4276,1726.0,-43.325,171.025,15.741070343712636,5.385070343712636
4562,4281,1089.0,-43.325,171.075,15.917485676902288,9.38348567690229
4563,4406,749.0,-43.325,171.125,16.103705246358004,11.609705246358004
4564,4440,1325.0,-43.225,170.975,15.172497091814876,7.222497091814876
4565,4559,1685.0,-43.225,171.025,15.321176735727931,5.21117673572793
4566,4632,2018.0,-43.225,171.075,15.470381985476706,3.3623819854767074
4567,4634,1389.0,-43.225,171.125,15.624142366781598,7.290142366781598
4568,4715,820.0,-43.275,170.975,15.367806971065875,10.447806971065877
4569,4716,750.0,-43.275,171.025,15.529633547310368,11.029633547310368
4570,4717,1409.0,-43.275,171.075,15.694928513599734,7.240928513599735
4571,4718,895.0,-43.275,171.125,15.867798709950875,10.497798709950876
4572,4879,1093.0,-43.175,170.975,14.990595485389349,8.43259548538935
4573,4881,1727.0,-43.175,171.025,15.12299684512982,4.760996845129819
4574,4883,919.0,-43.175,171.075,15.252582764296676,9.738582764296677
4575,4885,694.0,-43.175,171.125,15.38336571038235,11.21936571038235
4576,4407,1427.0,-43.325,171.175,16.304729574840167,7.742729574840167
4577,4409,927.0,-43.325,171.225,16.526502793567488,10.964502793567489
4578,4419,888.0,-43.325,171.275,16.775919332532794,11.447919332532795
4579,4635,601.0,-43.225,171.175,15.787545401763055,12.181545401763055
4580,4637,648.0,-43.225,171.225,15.966636644261598,12.078636644261598
4581,4639,1214.0,-43.225,171.275,16.168316242386936,8.884316242386937
4582,4719,710.0,-43.275,171.175,16.05334873044194,11.79334873044194
4583,4720,529.0,-43.275,171.225,16.257634860456164,13.083634860456165
4584,4721,500.0,-43.275,171.275,16.48761205044866,13.48761205044866
4585,4887,1771.0,-43.175,171.175,15.520561068733514,4.894561068733514
4586,4889,1061.0,-43.175,171.225,15.670523652741394,9.304523652741395
4587,4891,1599.0,-43.175,171.275,15.840816658186668,6.246816658186669
4588,4422,778.0,-43.325,171.325,17.060799955419498,12.392799955419498
4589,4428,538.0,-43.325,171.375,17.389554131761543,14.161554131761543
4590,4435,400.0,-43.325,171.425,17.7686171902169,15.3686171902169
4591,4620,516.0,-43.325,171.475,18.18935826413508,15.09335826413508
4592,4641,1424.0,-43.225,171.325,16.400302691865363,7.856302691865363
4593,4643,599.0,-43.225,171.375,16.671512150176568,13.077512150176569
4594,4648,588.0,-43.225,171.425,16.99488325262064,13.466883252620638
4595,4653,666.0,-43.225,171.475,17.41047169464582,13.41447169464582
4596,4722,458.0,-43.275,171.325,16.751137845036283,14.003137845036283
4597,4723,507.0,-43.275,171.375,17.057303587345814,14.015303587345814
4598,4724,1098.0,-43.275,171.425,17.417843099072343,10.829843099072342
4599,4725,507.0,-43.275,171.475,17.844151569639507,14.802151569639507
4600,4893,1294.0,-43.175,171.325,16.040642517655215,8.276642517655215
4601,4895,550.0,-43.175,171.375,16.28231557059189,12.98231557059189
4602,4897,693.0,-43.175,171.425,16.586391329787148,12.428391329787148
4603,4899,1000.0,-43.175,171.475,16.99522014780814,10.99522014780814
4604,4646,507.0,-43.325,171.525,18.591543073009234,15.549543073009234
4605,4651,561.0,-43.325,171.575,18.878747464368644,15.512747464368644
4606,4656,1054.0,-43.325,171.625,19.075178050479735,12.751178050479737
4607,4658,1260.0,-43.225,171.525,17.92886774161161,10.368867741611613
4608,4663,876.0,-43.225,171.575,18.450431159115396,13.194431159115396
4609,4668,1748.0,-43.225,171.625,18.931898318543972,8.443898318543972
4610,4726,785.0,-43.275,171.525,18.303709629079094,13.593709629079093
4611,4727,661.0,-43.275,171.575,18.721424548093637,14.755424548093636
4612,4728,1889.0,-43.275,171.625,19.069142284155532,7.735142284155533
4613,4901,699.0,-43.175,171.525,17.519470656785415,13.325470656785416
4614,4903,659.0,-43.175,171.575,18.09280103657511,14.13880103657511
4615,4905,1668.0,-43.175,171.625,18.665992362708494,8.657992362708494
4616,4661,827.0,-43.325,171.675,19.218863317488285,14.256863317488286
4617,4666,900.0,-43.325,171.725,19.319110450160224,13.919110450160225
4618,4671,687.0,-43.325,171.775,19.38219782298256,15.260197822982562
4619,4673,1054.0,-43.225,171.675,19.340562080898962,13.016562080898964
4620,4676,539.0,-43.325,171.825,19.41964069761889,16.18564069761889
4621,4678,714.0,-43.225,171.725,19.62758696468154,15.343586964681542
4622,4729,944.0,-43.275,171.675,19.343645103130257,13.679645103130257
4623,4730,1438.0,-43.275,171.725,19.53397986845812,10.905979868458118
4624,4731,1148.0,-43.275,171.775,19.639819253618043,12.751819253618043
4625,4732,1264.0,-43.275,171.825,19.68472083360757,12.100720833607571
4626,4751,813.0,-43.225,171.775,19.7742424313401,14.896242431340099
4627,4752,1070.0,-43.225,171.825,19.829524672957632,13.409524672957634
4628,4907,1008.0,-43.175,171.675,19.192110267813405,13.144110267813405
4629,4909,753.0,-43.175,171.725,19.577207811740664,15.059207811740663
4630,4911,866.0,-43.175,171.775,19.75290526419849,14.55690526419849
4631,4913,596.0,-43.175,171.825,19.82878055528272,16.25278055528272
4632,4681,437.0,-43.325,171.875,19.44350700783616,16.82150700783616
4633,4682,387.0,-43.325,171.925,19.460815343150898,17.1388153431509
4634,4683,305.0,-43.325,171.975,19.472753027261206,17.642753027261207
4635,4733,706.0,-43.275,171.875,19.697040802191623,15.461040802191622
4636,4734,449.0,-43.275,171.925,19.69473444579853,17.000734445798532
4637,4735,435.0,-43.275,171.975,19.68516785122847,17.07516785122847
4638,4753,1127.0,-43.225,171.875,19.841029531758977,13.079029531758977
4639,4754,592.0,-43.225,171.925,19.833169761397585,16.281169761397585
4640,4755,764.0,-43.225,171.975,19.816187213698868,15.232187213698868
4641,4915,596.0,-43.175,171.875,19.858380445846706,16.282380445846705
4642,4949,779.0,-43.175,171.925,19.864398523859563,15.190398523859564
4643,4950,846.0,-43.175,171.975,19.857348825320514,14.781348825320514
4644,4684,340.0,-43.325,172.025,19.476391021744348,17.43639102174435
4645,4685,307.0,-43.325,172.075,19.466721377146314,17.624721377146315
4646,4686,269.0,-43.325,172.125,19.439136215394683,17.825136215394682
4647,4687,237.0,-43.325,172.175,19.392928610490344,17.970928610490343
4648,4736,396.0,-43.275,172.025,19.66915781651187,17.29315781651187
4649,4737,352.0,-43.275,172.075,19.644583482164307,17.532583482164306
4650,4738,321.0,-43.275,172.125,19.60933266066786,17.683332660667862
4651,4739,409.0,-43.275,172.175,19.563813135213422,17.10981313521342
4652,4757,795.0,-43.225,172.025,19.79312137868328,15.023121378683282
4653,4759,1087.0,-43.225,172.075,19.763919798770075,13.241919798770077
4654,4761,665.0,-43.225,172.125,19.728137050969963,15.738137050969963
4655,4763,451.0,-43.225,172.175,19.686773255270964,16.980773255270964
4656,4951,729.0,-43.175,172.025,19.84172218317326,15.467722183173262
4657,4952,657.0,-43.175,172.075,19.819231691395544,15.877231691395544
4658,4953,445.0,-43.175,172.125,19.79088343940748,17.12088343940748
4659,4954,446.0,-43.175,172.175,19.758299672939756,17.082299672939758
4660,4688,209.0,-43.325,172.225,19.334002940027858,18.080002940027857
4661,4689,181.0,-43.325,172.275,19.273868191776273,18.187868191776275
4662,4690,155.0,-43.325,172.325,19.226203828180587,18.296203828180587
4663,4691,128.0,-43.325,172.375,19.203994410552696,18.435994410552695
4664,4740,214.0,-43.275,172.225,19.512386182850605,18.228386182850606
4665,4741,187.0,-43.275,172.275,19.462918172284844,18.340918172284844
4666,4742,164.0,-43.275,172.325,19.42487705178064,18.440877051780642
4667,4743,185.0,-43.275,172.375,19.40705558094487,18.29705558094487
4668,4765,344.0,-43.225,172.225,19.643162445492635,17.579162445492635
4669,4767,250.0,-43.225,172.275,19.60272072551743,18.10272072551743
4670,4769,212.0,-43.225,172.325,19.5717478008155,18.299747800815503
4671,4772,164.0,-43.225,172.375,19.555736641952535,18.571736641952537
4672,4955,997.0,-43.175,172.225,19.724320928173256,13.742320928173257
4673,4957,641.0,-43.175,172.275,19.692858037356928,15.846858037356927
4674,4959,558.0,-43.175,172.325,19.668107612604217,16.320107612604218
4675,4961,393.0,-43.175,172.375,19.65337385040766,17.29537385040766
4676,4692,112.0,-43.325,172.425,19.217385456504417,18.545385456504416
4677,4693,71.0,-43.325,172.475,19.27065137574027,18.844651375740273
4678,4694,51.0,-43.325,172.525,19.35644258534012,19.050442585340118
4679,4744,146.0,-43.275,172.425,19.415251774036733,18.53925177403673
4680,4745,85.0,-43.275,172.475,19.449499629670754,18.939499629670753
4681,4746,72.0,-43.275,172.525,19.500836840088596,19.068836840088597
4682,4774,136.0,-43.225,172.425,19.557491001862218,18.74149100186222
4683,4776,127.0,-43.225,172.475,19.57519312302611,18.81319312302611
4684,4778,127.0,-43.225,172.525,19.600878926143196,18.838878926143195
4685,4963,179.0,-43.175,172.425,19.649752294477366,18.575752294477365
4686,4965,216.0,-43.175,172.475,19.654941940847493,18.358941940847494
4687,4967,284.0,-43.175,172.525,19.662577876384603,17.958577876384602
4688,4035,100.0,-43.175,172.675,19.59263543225461,18.99263543225461
4689,4114,31.0,-43.175,172.725,19.50620240178432,19.32020240178432
4690,4695,30.0,-43.325,172.575,19.449011980501382,19.269011980501382
4691,4696,10.0,-43.325,172.625,19.504885882262897,19.4448858822629
4692,4697,9.0,-43.325,172.675,19.4759215048216,19.4219215048216
4693,4747,49.0,-43.275,172.575,19.549904195482668,19.255904195482668
4694,4748,17.0,-43.275,172.625,19.568997817372292,19.46699781737229
4695,4749,11.0,-43.275,172.675,19.52883526023652,19.46283526023652
4696,4780,159.0,-43.225,172.575,19.620347384359775,18.666347384359774
4697,4782,85.0,-43.225,172.625,19.6151130623075,19.1051130623075
4698,4784,37.0,-43.225,172.675,19.56761285481116,19.345612854811158
4699,4786,15.0,-43.225,172.725,19.469010078028077,19.379010078028077
4700,4969,213.0,-43.175,172.575,19.66257468752883,18.384574687528833
4701,4971,161.0,-43.175,172.625,19.642854082703707,18.676854082703706
4702,4117,3.0,-43.175,172.775,19.38456210453296,19.36656210453296
4703,4122,6.0,-43.125,170.275,13.119868215180759,13.08386821518076
4704,4129,13.0,-43.125,170.325,13.159119368348911,13.081119368348912
4705,4139,70.0,-43.125,170.375,13.224417837744113,12.804417837744113
4706,4008,59.0,-43.025,170.575,13.582056220831873,13.228056220831874
4707,4146,53.0,-43.125,170.425,13.313306582938822,12.995306582938822
4708,4155,33.0,-43.125,170.475,13.42144416795054,13.22344416795054
4709,4164,66.0,-43.125,170.525,13.544399164515198,13.148399164515197
4710,4259,49.0,-43.125,170.575,13.678509227167524,13.384509227167523
4711,4475,11.0,-43.075,170.425,13.289699260159978,13.223699260159977
4712,4476,46.0,-43.075,170.475,13.38627235875174,13.11027235875174
4713,4477,29.0,-43.075,170.525,13.497053677754593,13.323053677754594
4714,4478,32.0,-43.075,170.575,13.619066440471215,13.427066440471215
4715,4009,64.0,-43.025,170.625,13.703690150563489,13.319690150563488
4716,4010,109.0,-43.025,170.675,13.83453533030115,13.18053533030115
4717,4011,38.0,-43.025,170.725,13.976178272103425,13.748178272103425
4718,4261,60.0,-43.125,170.625,13.82120972321718,13.46120972321718
4719,4268,628.0,-43.125,170.675,13.97071994887665,10.202719948876648
4720,4284,171.0,-43.125,170.725,14.124614753309288,13.098614753309288
4721,4479,32.0,-43.075,170.625,13.750276216109341,13.558276216109341
4722,4480,614.0,-43.075,170.675,13.890136695321416,10.206136695321417
4723,4481,77.0,-43.075,170.725,14.037067189688969,13.57506718968897
4724,4012,313.0,-43.025,170.775,14.118351295095636,12.240351295095635
4725,4013,521.0,-43.025,170.825,14.253848223095702,11.127848223095702
4726,4014,145.0,-43.025,170.875,14.377719144446019,13.50771914444602
4727,4015,891.0,-43.025,170.925,14.486534988711355,9.140534988711355
4728,4392,717.0,-43.125,170.775,14.278835103490565,9.976835103490565
4729,4398,1050.0,-43.125,170.825,14.428972805872036,8.128972805872035
4730,4402,1266.0,-43.125,170.875,14.571618914822466,6.975618914822466
4731,4408,1956.0,-43.125,170.925,14.70476208011678,2.9687620801167807
4732,4482,597.0,-43.075,170.775,14.184999045843142,10.602999045843141
4733,4483,634.0,-43.075,170.825,14.32772666773235,10.52372666773235
4734,4484,821.0,-43.075,170.875,14.460888304114633,9.534888304114633
4735,4485,1777.0,-43.075,170.925,14.581773810030427,3.919773810030428
4736,4016,1014.0,-43.025,170.975,14.5786327796377,8.494632779637701
4737,4017,309.0,-43.025,171.025,14.65450943743781,12.80050943743781
4738,4018,880.0,-43.025,171.075,14.7170198513777,9.437019851377698
4739,4019,1229.0,-43.025,171.125,14.771217055655143,7.397217055655144
4740,4416,809.0,-43.125,170.975,14.827890245032904,9.973890245032905
4741,4421,1274.0,-43.125,171.025,14.94205793049332,7.29805793049332
4742,4427,1666.0,-43.125,171.075,15.04990133724641,5.05390133724641
4743,4434,1916.0,-43.125,171.125,15.15557521511073,3.6595752151107295
4744,4486,824.0,-43.075,170.975,14.689342969999416,9.745342969999417
4745,4487,259.0,-43.075,171.025,14.784376555733616,13.230376555733615
4746,4488,1181.0,-43.075,171.075,14.869551180432609,7.7835511804326085
4747,4489,1576.0,-43.075,171.125,14.949354731194035,5.493354731194035
4748,4020,1306.0,-43.025,171.175,14.823952169208496,6.987952169208496
4749,4021,1206.0,-43.025,171.225,14.883540464557882,7.647540464557882
4750,4022,847.0,-43.025,171.275,14.959767121530604,9.877767121530603
4751,4441,1880.0,-43.125,171.175,15.264656991275842,3.984656991275843
4752,4442,1495.0,-43.125,171.225,15.384144884577836,6.414144884577837
4753,4443,875.0,-43.125,171.275,15.522759136467357,10.272759136467357
4754,4490,2013.0,-43.075,171.175,15.029914251244918,2.9519142512449186
4755,4491,1231.0,-43.075,171.225,15.118932489822328,7.7329324898223275
4756,4492,804.0,-43.075,171.275,15.225980956274725,10.401980956274727
4757,4023,759.0,-43.025,171.325,15.064310590205423,10.510310590205425
4758,4024,1703.0,-43.025,171.375,15.211340005647799,4.993340005647799
4759,4025,1506.0,-43.025,171.425,15.417609135507519,6.381609135507519
4760,4026,1234.0,-43.025,171.475,15.701548482429644,8.297548482429644
4761,4444,686.0,-43.125,171.325,15.691883780767967,11.575883780767967
4762,4445,818.0,-43.125,171.375,15.907683673380234,10.999683673380234
4763,4446,1504.0,-43.125,171.425,16.194383691552503,7.170383691552503
4764,4447,1126.0,-43.125,171.475,16.581360496697016,9.825360496697016
4765,4493,675.0,-43.075,171.325,15.363372067215096,11.313372067215095
4766,4494,1349.0,-43.075,171.375,15.54758174118615,7.4535817411861505
4767,4495,1451.0,-43.075,171.425,15.800009513513942,7.094009513513942
4768,4496,1358.0,-43.075,171.475,16.14316283060907,7.995162830609072
4769,4027,939.0,-43.025,171.525,16.082712062263454,10.448712062263454
4770,4028,905.0,-43.025,171.575,16.57672418852235,11.146724188522349
4771,4029,618.0,-43.025,171.625,17.15989736958727,13.45189736958727
4772,4448,1625.0,-43.125,171.525,17.076299293505144,7.326299293505144
4773,4449,1746.0,-43.125,171.575,17.650115215419646,7.174115215419645
4774,4450,832.0,-43.125,171.625,18.25771148407148,13.265711484071478
4775,4497,1501.0,-43.075,171.525,16.58980085028088,7.5838008502808805
4776,4498,1245.0,-43.075,171.575,17.13202668066151,9.662026680661512
4777,4499,1285.0,-43.075,171.625,17.7322773451815,10.022277345181502
4778,4030,577.0,-43.025,171.675,17.753406324489333,14.291406324489333
4779,4031,815.0,-43.025,171.725,18.27741326175601,13.38741326175601
4780,4033,950.0,-43.025,171.775,18.691125627716247,12.991125627716247
4781,4037,638.0,-43.025,171.825,18.99732718409723,15.16932718409723
4782,4451,1775.0,-43.125,171.675,18.83839003150206,8.188390031502058
4783,4452,1002.0,-43.125,171.725,19.28666199815416,13.274661998154158
4784,4453,630.0,-43.125,171.775,19.532932244448602,15.752932244448603
4785,4454,1523.0,-43.125,171.825,19.668070112573332,10.530070112573332
4786,4500,1407.0,-43.075,171.675,18.319627222510462,9.877627222510462
4787,4501,1117.0,-43.075,171.725,18.806520971080317,12.104520971080317
4788,4502,641.0,-43.075,171.775,19.147816221120593,15.301816221120593
4789,4503,921.0,-43.075,171.825,19.371806508850568,13.845806508850568
4790,4038,1198.0,-43.025,171.875,19.218555493203894,12.030555493203895
4791,4039,713.0,-43.025,171.925,19.37718865631905,15.09918865631905
4792,4040,1200.0,-43.025,171.975,19.490108636975492,12.290108636975493
4793,4455,596.0,-43.125,171.875,19.74499945032585,16.16899945032585
4794,4456,782.0,-43.125,171.925,19.787691038563935,15.095691038563935
4795,4457,693.0,-43.125,171.975,19.80870998113096,15.65070998113096
4796,4504,562.0,-43.075,171.875,19.519225790110795,16.147225790110795
4797,4505,451.0,-43.075,171.925,19.616682794930966,16.910682794930967
4798,4506,593.0,-43.075,171.975,19.68019930207447,16.12219930207447
4799,4041,934.0,-43.025,172.025,19.569269359079044,13.965269359079045
4800,4042,1149.0,-43.025,172.075,19.62318260441316,12.72918260441316
4801,4043,1283.0,-43.025,172.125,19.65815274632041,11.96015274632041
4802,4044,901.0,-43.025,172.175,19.67911751812062,14.273117518120621
4803,4458,1580.0,-43.125,172.025,19.814877736585913,10.334877736585913
4804,4459,1194.0,-43.125,172.075,19.810086670440796,12.646086670440797
4805,4460,679.0,-43.125,172.125,19.79702235462537,15.72302235462537
4806,4461,452.0,-43.125,172.175,19.77822401094454,17.06622401094454
4807,4507,1019.0,-43.075,172.025,19.71966417622025,13.605664176220248
4808,4508,1152.0,-43.075,172.075,19.741502520177164,12.829502520177165
4809,4509,699.0,-43.075,172.125,19.75029976073347,15.55629976073347
4810,4510,542.0,-43.075,172.175,19.74978292522428,16.497782925224282
4811,4045,1440.0,-43.025,172.225,19.690125543434988,11.050125543434987
4812,4046,761.0,-43.025,172.275,19.6945075337062,15.128507533706202
4813,4047,671.0,-43.025,172.325,19.694817781444726,15.668817781444726
4814,4048,498.0,-43.025,172.375,19.692647531472176,16.704647531472176
4815,4462,457.0,-43.125,172.225,19.756577385560377,17.014577385560376
4816,4463,939.0,-43.125,172.275,19.735275441464182,14.101275441464182
4817,4464,566.0,-43.125,172.325,19.71733851893805,16.32133851893805
4818,4465,373.0,-43.125,172.375,19.70485851452395,17.46685851452395
4819,4511,563.0,-43.075,172.225,19.743312372746004,16.365312372746004
4820,4512,493.0,-43.075,172.275,19.733963498398225,16.775963498398227
4821,4513,837.0,-43.075,172.325,19.72428993199719,14.702289931997193
4822,4514,488.0,-43.075,172.375,19.715897798276274,16.787897798276273
4823,4049,706.0,-43.025,172.425,19.688432924434892,15.452432924434891
4824,4050,393.0,-43.025,172.475,19.681389546520222,17.32338954652022
4825,4051,298.0,-43.025,172.525,19.66969445030736,17.88169445030736
4826,4466,640.0,-43.125,172.425,19.69817422529377,15.85817422529377
4827,4467,396.0,-43.125,172.475,19.69521660830287,17.31921660830287
4828,4468,444.0,-43.125,172.525,19.691298095152888,17.027298095152887
4829,4515,539.0,-43.075,172.425,19.70899357993767,16.47499357993767
4830,4516,417.0,-43.075,172.475,19.70208850659037,17.200088506590372
4831,4517,349.0,-43.075,172.525,19.692042192698864,17.598042192698863
4832,4001,126.0,-43.075,172.675,19.60083259789826,18.84483259789826
4833,4002,90.0,-43.075,172.725,19.539856958364908,18.99985695836491
4834,4052,443.0,-43.025,172.575,19.650990182037276,16.992990182037275
4835,4053,476.0,-43.025,172.625,19.623181218414175,16.767181218414173
4836,4054,308.0,-43.025,172.675,19.58529746777458,17.73729746777458
4837,4055,170.0,-43.025,172.725,19.53790426757223,18.51790426757223
4838,4469,327.0,-43.125,172.575,19.67960518263135,17.71760518263135
4839,4470,147.0,-43.125,172.625,19.652525686175068,18.770525686175066
4840,4471,83.0,-43.125,172.675,19.60363590738598,19.105635907385977
4841,4472,73.0,-43.125,172.725,19.529590772857773,19.091590772857774
4842,4518,220.0,-43.075,172.575,19.6745803706508,18.3545803706508
4843,4519,120.0,-43.075,172.625,19.645288515055654,18.925288515055655
4844,4003,60.0,-43.075,172.775,19.46301223201226,19.10301223201226
4845,4004,426.0,-43.075,172.825,19.372181533697585,16.816181533697584
4846,4005,278.0,-43.075,172.875,19.26958936975643,17.601589369756432
4847,4056,94.0,-43.025,172.775,19.482443995153517,18.918443995153517
4848,4057,81.0,-43.025,172.825,19.419866318407003,18.933866318407002
4849,4058,134.0,-43.025,172.875,19.350125020999258,18.54612502099926
4850,4473,21.0,-43.125,172.775,19.430852697716546,19.304852697716544
4851,4474,115.0,-43.125,172.825,19.310909500913112,18.62090950091311
4852,4006,216.0,-43.075,172.925,19.157225295119133,17.861225295119134
4853,4007,120.0,-43.075,172.975,19.036481618986727,18.316481618986728
4854,4059,235.0,-43.025,172.925,19.27271633259261,17.86271633259261
4855,4060,117.0,-43.025,172.975,19.18699134536655,18.484991345366552
4856,4061,60.0,-43.025,173.025,19.09194844162812,18.73194844162812
4857,4062,59.0,-43.025,173.075,18.985900348276118,18.63190034827612
4858,4063,17.0,-42.975,170.675,13.808355341257993,13.706355341257993
4859,4066,56.0,-42.975,170.725,13.94329096670117,13.60729096670117
4860,4068,557.0,-42.975,170.775,14.078880610999477,10.736880610999476
4861,4069,248.0,-42.975,170.825,14.207283485135122,12.719283485135122
4862,4070,328.0,-42.975,170.875,14.322578743413032,12.354578743413033
4863,4071,666.0,-42.975,170.925,14.420265037333593,10.424265037333592
4864,4269,36.0,-42.925,170.775,14.063244826167647,13.847244826167648
4865,4275,502.0,-42.925,170.825,14.185487792470667,11.173487792470667
4866,4280,85.0,-42.925,170.875,14.293768657917099,13.783768657917099
4867,4288,217.0,-42.925,170.925,14.382169658332714,13.080169658332714
4868,4335,8.0,-42.875,170.825,14.183412454272911,14.135412454272911
4869,4336,74.0,-42.875,170.875,14.287158159633691,13.84315815963369
4870,4337,69.0,-42.875,170.925,14.369131515624758,13.955131515624759
4871,5453,24.0,-42.825,170.875,14.296003666459,14.152003666459
4872,5456,24.0,-42.825,170.925,14.375268497140496,14.231268497140496
4873,4072,393.0,-42.975,170.975,14.497752712617512,12.139752712617511
4874,4073,143.0,-42.975,171.025,14.555143793753814,13.697143793753813
4875,4074,952.0,-42.975,171.075,14.595652764903207,8.883652764903207
4876,4075,1019.0,-42.975,171.125,14.625265915914497,8.511265915914496
4877,4289,107.0,-42.925,170.975,14.446680946748529,13.80468094674853
4878,4290,54.0,-42.925,171.025,14.486758320017543,14.162758320017543
4879,4291,107.0,-42.925,171.075,14.506282165406446,13.864282165406447
4880,4292,220.0,-42.925,171.125,14.512838412760175,13.192838412760175
4881,4338,40.0,-42.875,170.975,14.423104402376339,14.183104402376339
4882,4339,39.0,-42.875,171.025,14.447292334923986,14.213292334923986
4883,4340,38.0,-42.875,171.075,14.446818856136815,14.218818856136815
4884,4341,154.0,-42.875,171.125,14.432095325304545,13.508095325304545
4885,5462,71.0,-42.825,170.975,14.422044425817148,13.996044425817148
4886,5560,18.0,-42.825,171.025,14.431656700493477,14.323656700493476
4887,5563,156.0,-42.825,171.075,14.411714018526254,13.475714018526254
4888,5565,475.0,-42.825,171.125,14.377709310283535,11.527709310283536
4889,4076,1284.0,-42.975,171.175,14.651866326283198,6.947866326283198
4890,4077,887.0,-42.975,171.225,14.6844145756113,9.3624145756113
4891,4078,1731.0,-42.975,171.275,14.732562440258334,4.346562440258335
4892,4293,789.0,-42.925,171.175,14.515912083406874,9.781912083406874
4893,4294,957.0,-42.925,171.225,14.525374248951266,8.783374248951265
4894,4295,1360.0,-42.925,171.275,14.550820012722397,6.390820012722397
4895,4342,318.0,-42.875,171.175,14.415046222435194,12.507046222435195
4896,4343,791.0,-42.875,171.225,14.406764691237186,9.660764691237187
4897,4344,934.0,-42.875,171.275,14.416961152965087,8.812961152965087
4898,5567,602.0,-42.825,171.175,14.3447898938648,10.7327898938648
4899,5569,153.0,-42.825,171.225,14.325190308147285,13.407190308147285
4900,5571,797.0,-42.825,171.275,14.328580184333987,9.546580184333987
4901,4079,1204.0,-42.975,171.325,14.806676589068957,7.582676589068957
4902,4080,1635.0,-42.975,171.375,14.917989543020667,5.1079895430206665
4903,4081,1408.0,-42.975,171.425,15.07863478345098,6.630634783450979
4904,4082,1544.0,-42.975,171.475,15.302216427797248,6.0382164277972485
4905,4296,1025.0,-42.925,171.325,14.601533353041305,8.451533353041306
4906,4297,1487.0,-42.925,171.375,14.68672872512252,5.764728725122522
4907,4298,1387.0,-42.925,171.425,14.816008515914291,6.494008515914292
4908,4299,991.0,-42.925,171.475,15.00079787370123,9.054797873701231
4909,4345,1531.0,-42.875,171.325,14.45430392218259,5.268303922182589
4910,4346,734.0,-42.875,171.375,14.527180347944523,10.123180347944523
4911,4347,1027.0,-42.875,171.425,14.64498337605255,8.482983376052552
4912,4348,1260.0,-42.875,171.475,14.820788530902064,7.260788530902064
4913,5573,912.0,-42.825,171.325,14.363048404167785,8.891048404167785
4914,5575,1136.0,-42.825,171.375,14.436371268628136,7.620371268628136
4915,5577,1336.0,-42.825,171.425,14.557660341593873,6.541660341593873
4916,5579,717.0,-42.825,171.475,14.739442634341685,10.437442634341686
4917,4083,1034.0,-42.975,171.525,15.608961832109344,9.404961832109343
4918,4084,893.0,-42.975,171.575,16.046358872081328,10.688358872081327
4919,4085,738.0,-42.975,171.625,16.621601323266077,12.193601323266076
4920,4300,1733.0,-42.925,171.525,15.260124669097422,4.862124669097424
4921,4301,1604.0,-42.925,171.575,15.65121529181124,6.027215291811242
4922,4302,1064.0,-42.925,171.625,16.202522086674435,9.818522086674434
4923,4349,1053.0,-42.875,171.525,15.077271890619159,8.759271890619159
4924,4350,1462.0,-42.875,171.575,15.449487829471764,6.677487829471765
4925,4351,1134.0,-42.875,171.625,15.93718893080586,9.133188930805861
4926,5581,1175.0,-42.825,171.525,14.998823509929935,7.948823509929935
4927,5583,810.0,-42.825,171.575,15.350797323972074,10.490797323972075
4928,5659,759.0,-42.825,171.625,15.787725463211245,11.233725463211247
4929,4086,1271.0,-42.975,171.675,17.222675471944967,9.596675471944966
4930,4087,767.0,-42.975,171.725,17.772456051781774,13.170456051781773
4931,4088,1023.0,-42.975,171.775,18.234502292725665,12.096502292725665
4932,4089,1481.0,-42.975,171.825,18.601983027088863,9.715983027088864
4933,4303,1600.0,-42.925,171.675,16.788054744862166,7.188054744862166
4934,4304,1311.0,-42.925,171.725,17.33978517912692,9.47378517912692
4935,4305,1017.0,-42.925,171.775,17.823841664463544,11.721841664463543
4936,4306,786.0,-42.925,171.825,18.228198149929085,13.512198149929084
4937,4352,1236.0,-42.875,171.675,16.475230364369054,9.059230364369053
4938,4353,1194.0,-42.875,171.725,17.002769107508357,9.838769107508357
4939,4354,1138.0,-42.875,171.775,17.484013667475665,10.656013667475666
4940,4355,1284.0,-42.875,171.825,17.90214442065917,10.198144420659169
4941,5661,785.0,-42.825,171.675,16.272535372900165,11.562535372900165
4942,5662,819.0,-42.825,171.725,16.761680232353683,11.847680232353683
4943,5665,880.0,-42.825,171.775,17.222563094350335,11.942563094350334
4944,5669,1016.0,-42.825,171.825,17.636132158826513,11.540132158826513
4945,4090,977.0,-42.975,171.875,18.885254340188112,13.023254340188114
4946,4091,1226.0,-42.975,171.925,19.100008700763283,11.744008700763283
4947,4092,1478.0,-42.975,171.975,19.261054397327825,10.393054397327827
4948,4307,791.0,-42.925,171.875,18.55508739596189,13.809087395961892
4949,4308,838.0,-42.925,171.925,18.813764979477128,13.785764979477127
4950,4309,747.0,-42.925,171.975,19.01546805920225,14.53346805920225
4951,4356,697.0,-42.875,171.875,18.253196063327778,14.071196063327779
4952,4357,1374.0,-42.875,171.925,18.54083528571573,10.29683528571573
4953,4358,1381.0,-42.875,171.975,18.77236834879659,10.48636834879659
4954,5673,710.0,-42.825,171.875,17.994250272509817,13.734250272509817
4955,5677,1147.0,-42.825,171.925,18.296246361744124,11.414246361744123
4956,5681,1082.0,-42.825,171.975,18.54588088850869,12.05388088850869
4957,4093,975.0,-42.975,172.025,19.380509608723514,13.530509608723515
4958,4094,803.0,-42.975,172.075,19.46786441651784,14.649864416517842
4959,4095,1466.0,-42.975,172.125,19.530533836055838,10.734533836055839
4960,4096,1256.0,-42.975,172.175,19.574394242608832,12.038394242608833
4961,4310,799.0,-42.925,172.025,19.17089408899119,14.37689408899119
4962,4311,1308.0,-42.925,172.075,19.289319143230387,11.441319143230388
4963,4312,882.0,-42.925,172.125,19.378486191832053,14.086486191832053
4964,4313,1051.0,-42.925,172.175,19.44475657379371,13.13875657379371
4965,4359,1643.0,-42.875,172.025,18.9562126822384,9.098212682238403
4966,4360,1101.0,-42.875,172.075,19.100563033283834,12.494563033283834
4967,4361,1539.0,-42.875,172.125,19.212805098606623,9.978805098606623
4968,4362,1358.0,-42.875,172.175,19.299314952579152,11.151314952579153
4969,5685,952.0,-42.825,172.025,18.749107308227394,13.037107308227394
4970,5689,1686.0,-42.825,172.075,18.912623023541528,8.796623023541528
4971,5693,937.0,-42.825,172.125,19.043021165616665,13.421021165616665
4972,5697,712.0,-42.825,172.175,19.146332338925276,14.874332338925276
4973,4097,1095.0,-42.975,172.225,19.60415487201317,13.034154872013168
4974,4098,801.0,-42.975,172.275,19.623546831237036,14.817546831237035
4975,4100,1181.0,-42.975,172.325,19.635367010876507,12.549367010876507
4976,4101,756.0,-42.975,172.375,19.64144441566168,15.105444415661681
4977,4314,1326.0,-42.925,172.225,19.493292918148654,11.537292918148655
4978,4315,915.0,-42.925,172.275,19.52819105331946,14.03819105331946
4979,4316,599.0,-42.925,172.325,19.552553391044057,15.958553391044058
4980,4317,709.0,-42.925,172.375,19.568534296631697,15.314534296631697
4981,4363,1514.0,-42.875,172.225,19.365425921947462,10.281425921947463
4982,4364,1174.0,-42.875,172.275,19.41545586052962,12.371455860529618
4983,4365,561.0,-42.875,172.325,19.45275639420288,16.08675639420288
4984,4366,1063.0,-42.875,172.375,19.479783430151656,13.101783430151656
4985,5701,681.0,-42.825,172.225,19.227798154341144,15.141798154341146
4986,5785,745.0,-42.825,172.275,19.29178127187879,14.821781271878791
4987,5787,649.0,-42.825,172.325,19.341763367450767,15.447763367450767
4988,5789,821.0,-42.825,172.375,19.38041018232252,14.45441018232252
4989,4102,563.0,-42.975,172.425,19.64261364982667,16.26461364982667
4990,4103,482.0,-42.975,172.475,19.638784970957204,16.746784970957204
4991,4104,324.0,-42.975,172.525,19.62918965238532,17.685189652385322
4992,4318,520.0,-42.925,172.425,19.57740614020986,16.45740614020986
4993,4319,459.0,-42.925,172.475,19.579699171225002,16.825699171225
4994,4320,442.0,-42.925,172.525,19.57546115041623,16.92346115041623
4995,4367,508.0,-42.875,172.425,19.498206575093718,16.450206575093716
4996,4368,463.0,-42.875,172.475,19.509080958780032,16.731080958780034
4997,4369,401.0,-42.875,172.525,19.51310193788595,17.10710193788595
4998,5791,469.0,-42.825,172.425,19.409697414101174,16.595697414101174
4999,5793,571.0,-42.825,172.475,19.431098516457496,16.005098516457497
5000,5795,525.0,-42.825,172.525,19.44583888757552,16.29583888757552
5001,4105,303.0,-42.975,172.575,19.612850168345176,17.794850168345175
5002,4106,383.0,-42.975,172.625,19.589273980429425,17.291273980429423
5003,4107,297.0,-42.975,172.675,19.55927124554728,17.77727124554728
5004,4108,378.0,-42.975,172.725,19.525448660211623,17.257448660211622
5005,4321,300.0,-42.925,172.575,19.56466752918095,17.76466752918095
5006,4322,295.0,-42.925,172.625,19.547804540927245,17.777804540927246
5007,4323,330.0,-42.925,172.675,19.526692146246205,17.546692146246205
5008,4324,285.0,-42.925,172.725,19.50572856826693,17.79572856826693
5009,4370,303.0,-42.875,172.575,19.510955314566672,17.69295531456667
5010,4371,279.0,-42.875,172.625,19.503775078961553,17.829775078961553
5011,4372,239.0,-42.875,172.675,19.493772694302606,18.059772694302605
5012,4373,216.0,-42.875,172.725,19.485481984465878,18.18948198446588
5013,5797,319.0,-42.825,172.575,19.45522414253719,17.54122414253719
5014,5799,280.0,-42.825,172.625,19.461065956978928,17.781065956978928
5015,5801,261.0,-42.825,172.675,19.466310322790378,17.90031032279038
5016,5803,233.0,-42.825,172.725,19.476344951999636,18.078344951999636
5017,4064,257.0,-42.975,172.775,19.49095349668096,17.948953496680957
5018,4121,262.0,-42.975,172.825,19.45616723754938,17.88416723754938
5019,4128,119.0,-42.975,172.875,19.418458050931804,18.704458050931805
5020,4325,480.0,-42.925,172.775,19.49165536190776,16.61165536190776
5021,4326,273.0,-42.925,172.825,19.484431384791606,17.846431384791607
5022,4327,182.0,-42.925,172.875,19.477369568730865,18.385369568730866
5023,4374,283.0,-42.875,172.775,19.491070917027173,17.793070917027173
5024,4375,490.0,-42.875,172.825,19.50998290181451,16.56998290181451
5025,5215,295.0,-42.875,172.875,19.530186320083885,17.760186320083886
5026,5805,203.0,-42.825,172.775,19.500239919543674,18.282239919543674
5027,5807,172.0,-42.825,172.825,19.537666260512196,18.505666260512196
5028,5810,143.0,-42.825,172.875,19.579276196582214,18.721276196582213
5029,4134,194.0,-42.975,172.925,19.374909381840553,18.21090938184055
5030,4138,305.0,-42.975,172.975,19.32319966149771,17.493199661497712
5031,4145,359.0,-42.975,173.025,19.261115220395368,17.107115220395368
5032,4154,293.0,-42.975,173.075,19.185956600282225,17.427956600282226
5033,4328,149.0,-42.925,172.925,19.465560074324458,18.57156007432446
5034,4329,187.0,-42.925,172.975,19.44566080137338,18.32366080137338
5035,4330,383.0,-42.925,173.025,19.41464536836247,17.11664536836247
5036,4331,138.0,-42.925,173.075,19.3690815017344,18.5410815017344
5037,5323,228.0,-42.875,172.925,19.546426154320216,18.178426154320217
5038,5327,144.0,-42.875,172.975,19.55480516910393,18.69080516910393
5039,5333,112.0,-42.875,173.025,19.551591858800748,18.879591858800747
5040,5340,106.0,-42.875,173.075,19.532706820302337,18.896706820302338
5041,5813,243.0,-42.825,172.925,19.6187122305073,18.1607122305073
5042,5816,524.0,-42.825,172.975,19.650982765266235,16.506982765266237
5043,5819,383.0,-42.825,173.025,19.671287987448522,17.37328798744852
5044,5822,299.0,-42.825,173.075,19.67462661431273,17.880626614312728
5045,4163,126.0,-42.975,173.125,19.094101556795067,18.338101556795067
5046,4260,44.0,-42.975,173.175,18.98078137887569,18.71678137887569
5047,4332,425.0,-42.925,173.125,19.30459090529439,16.75459090529439
5048,4333,60.0,-42.925,173.175,19.215279245880083,18.855279245880084
5049,4334,45.0,-42.925,173.225,19.093267534724873,18.823267534724874
5050,5438,291.0,-42.875,173.125,19.493290985270505,17.747290985270507
5051,5443,58.0,-42.875,173.175,19.427012459773323,19.079012459773324
5052,5448,33.0,-42.875,173.225,19.324584120469808,19.126584120469808
5053,5824,196.0,-42.825,173.125,19.655519763933626,18.479519763933627
5054,5826,354.0,-42.825,173.175,19.60750141780045,17.48350141780045
5055,5828,72.0,-42.825,173.225,19.521788737025418,19.08978873702542
5056,5450,168.0,-42.875,173.275,19.171682786885867,18.163682786885868
5057,5830,81.0,-42.825,173.275,19.38162356999237,18.89562356999237
5058,5832,181.0,-42.825,173.325,19.1595624322199,18.0735624322199
5059,5834,20.0,-42.775,170.925,14.39075714306091,14.27075714306091
5060,5108,47.0,-42.625,171.125,14.25854998117211,13.97654998117211
5061,5221,19.0,-42.725,170.975,14.445628693712933,14.331628693712933
5062,5222,83.0,-42.725,171.025,14.426572400461737,13.928572400461738
5063,5223,174.0,-42.725,171.075,14.371292516450922,13.327292516450921
5064,5224,85.0,-42.725,171.125,14.311991753478651,13.801991753478651
5065,5270,13.0,-42.675,171.025,14.395840315610258,14.317840315610258
5066,5271,90.0,-42.675,171.075,14.340815746338194,13.800815746338195
5067,5272,81.0,-42.675,171.125,14.283820620381448,13.797820620381447
5068,5836,72.0,-42.775,170.975,14.434903067267442,14.002903067267441
5069,5838,20.0,-42.775,171.025,14.430537779582664,14.310537779582665
5070,5840,102.0,-42.775,171.075,14.391197796569031,13.779197796569031
5071,5842,160.0,-42.775,171.125,14.34105051404913,13.381050514049129
5072,5109,79.0,-42.625,171.175,14.234376858152245,13.760376858152245
5073,5110,80.0,-42.625,171.225,14.2485599652573,13.7685599652573
5074,5111,127.0,-42.625,171.275,14.307789159738604,13.545789159738604
5075,5225,144.0,-42.725,171.175,14.266612097133475,13.402612097133474
5076,5226,190.0,-42.725,171.225,14.247538104962587,13.107538104962586
5077,5227,59.0,-42.725,171.275,14.263017030480114,13.909017030480115
5078,5273,124.0,-42.675,171.175,14.245437501387642,13.501437501387642
5079,5274,68.0,-42.675,171.225,14.239333865338267,13.831333865338268
5080,5279,173.0,-42.675,171.275,14.273087446272257,13.235087446272257
5081,5844,148.0,-42.775,171.175,14.297942630859325,13.409942630859325
5082,5846,699.0,-42.775,171.225,14.274437620868412,10.080437620868413
5083,5848,725.0,-42.775,171.275,14.279646436381881,9.929646436381882
5084,5112,192.0,-42.625,171.325,14.411331582468847,13.259331582468848
5085,5113,144.0,-42.625,171.375,14.556095509135048,13.692095509135047
5086,5114,89.0,-42.625,171.425,14.73978937472566,14.20578937472566
5087,5115,89.0,-42.625,171.475,14.961218015796476,14.427218015796475
5088,5228,767.0,-42.725,171.325,14.318402275112021,9.71640227511202
5089,5229,700.0,-42.725,171.375,14.417849306042626,10.217849306042627
5090,5230,230.0,-42.725,171.425,14.565799663479993,13.185799663479994
5091,5231,152.0,-42.725,171.475,14.767359734563797,13.855359734563798
5092,5280,613.0,-42.675,171.325,14.34967965415126,10.671679654151259
5093,5281,710.0,-42.675,171.375,14.470109321267955,10.210109321267955
5094,5282,425.0,-42.675,171.425,14.63542583196977,12.085425831969768
5095,5283,420.0,-42.675,171.475,14.847109837675816,12.327109837675817
5096,5850,323.0,-42.775,171.325,14.32060308635846,12.38260308635846
5097,5852,541.0,-42.775,171.375,14.40375025042158,11.15775025042158
5098,5854,470.0,-42.775,171.425,14.53644532906037,11.71644532906037
5099,5856,216.0,-42.775,171.475,14.727878264926403,13.431878264926404
5100,5116,111.0,-42.625,171.525,15.219007788207819,14.553007788207818
5101,5117,120.0,-42.625,171.575,15.509887708409224,14.789887708409223
5102,5118,889.0,-42.625,171.625,15.827429520599253,10.493429520599253
5103,5232,409.0,-42.725,171.525,15.026778706043842,12.572778706043842
5104,5233,1041.0,-42.725,171.575,15.343836262574769,9.09783626257477
5105,5234,1055.0,-42.725,171.625,15.71001955295651,9.38001955295651
5106,5284,192.0,-42.675,171.525,15.10579697760113,13.953796977601131
5107,5285,354.0,-42.675,171.575,15.408988489631156,13.284988489631155
5108,5286,306.0,-42.675,171.625,15.749089498338435,13.913089498338435
5109,5858,966.0,-42.775,171.525,14.987857525778963,9.191857525778964
5110,5860,1102.0,-42.775,171.575,15.321115133145213,8.709115133145215
5111,5862,277.0,-42.775,171.625,15.718755935031368,14.056755935031369
5112,5119,443.0,-42.625,171.675,16.16194610974344,13.50394610974344
5113,5120,1107.0,-42.625,171.725,16.501659495297645,9.859659495297645
5114,5121,732.0,-42.625,171.775,16.83455951435826,12.442559514358262
5115,5122,720.0,-42.625,171.825,17.150155628234643,12.830155628234643
5116,5235,1126.0,-42.725,171.675,16.10817731502175,9.352177315021748
5117,5236,1171.0,-42.725,171.725,16.516744246982853,9.490744246982853
5118,5237,964.0,-42.725,171.775,16.915250240526802,11.131250240526803
5119,5238,942.0,-42.725,171.825,17.28787846252817,11.635878462528169
5120,5287,684.0,-42.675,171.675,16.113328613631893,12.009328613631894
5121,5288,1236.0,-42.675,171.725,16.485918850736198,9.069918850736197
5122,5289,976.0,-42.675,171.775,16.851182972706738,10.995182972706738
5123,5290,1014.0,-42.675,171.825,17.196079173609178,11.112079173609178
5124,5864,322.0,-42.775,171.675,16.15663115803909,14.22463115803909
5125,5866,398.0,-42.775,171.725,16.604463389168814,14.216463389168814
5126,5868,1163.0,-42.775,171.775,17.03583748858364,10.057837488583637
5127,5870,1307.0,-42.775,171.825,17.432525383333996,9.590525383333997
5128,5123,955.0,-42.625,171.875,17.44062139957532,11.71062139957532
5129,5124,380.0,-42.625,171.925,17.70124060452872,15.421240604528721
5130,5125,707.0,-42.625,171.975,17.930301911350398,13.688301911350397
5131,5239,1148.0,-42.725,171.875,17.624556645881967,10.736556645881967
5132,5240,995.0,-42.725,171.925,17.920481496119464,11.950481496119465
5133,5241,874.0,-42.725,171.975,18.174979028393864,12.930979028393864
5134,5291,833.0,-42.675,171.875,17.51146544486619,12.513465444866188
5135,5292,1406.0,-42.675,171.925,17.792263403538527,9.356263403538527
5136,5293,1367.0,-42.675,171.975,18.036952640242816,9.834952640242816
5137,5872,1104.0,-42.775,171.875,17.784526905423263,11.160526905423264
5138,5874,975.0,-42.775,171.925,18.088380440232868,12.238380440232868
5139,5876,1094.0,-42.775,171.975,18.345138112308632,11.781138112308632
5140,5126,1010.0,-42.625,172.025,18.128642225961812,12.068642225961813
5141,5127,1324.0,-42.625,172.075,18.29899739016946,10.354997390169462
5142,5128,1604.0,-42.625,172.125,18.445261472932543,8.821261472932544
5143,5129,1512.0,-42.625,172.175,18.57173445353692,9.49973445353692
5144,5242,1507.0,-42.725,172.025,18.390245759172103,9.348245759172103
5145,5243,1328.0,-42.725,172.075,18.570224269104074,10.602224269104074
5146,5244,1303.0,-42.725,172.125,18.719695631403738,10.901695631403738
5147,5245,764.0,-42.725,172.175,18.84359492365911,14.259594923659112
5148,5294,1294.0,-42.675,172.025,18.246765978561598,10.482765978561599
5149,5295,813.0,-42.675,172.075,18.42481500361646,13.546815003616459
5150,5296,1187.0,-42.675,172.125,18.57526340438926,11.453263404389261
5151,5297,884.0,-42.675,172.175,18.702610616786842,13.398610616786844
5152,5878,1367.0,-42.775,172.025,18.55859205818342,10.356592058183422
5153,5880,1511.0,-42.775,172.075,18.73392910853363,9.667929108533631
5154,5882,1385.0,-42.775,172.125,18.876795281299565,10.566795281299566
5155,5883,608.0,-42.775,172.175,18.992683938820846,15.344683938820847
5156,5130,963.0,-42.625,172.225,18.68246968472704,12.904469684727038
5157,5131,634.0,-42.625,172.275,18.780862322135363,14.976862322135363
5158,5132,1051.0,-42.625,172.325,18.86955389585637,12.56355389585637
5159,5133,1131.0,-42.625,172.375,18.950583440473565,12.164583440473564
5160,5246,1002.0,-42.725,172.225,18.94653709035265,12.934537090352649
5161,5247,546.0,-42.725,172.275,19.032540580978093,15.756540580978093
5162,5248,950.0,-42.725,172.325,19.104929448933035,13.404929448933036
5163,5249,1307.0,-42.725,172.375,19.166378847874512,11.324378847874513
5164,5298,768.0,-42.675,172.225,18.811138277516875,14.203138277516874
5165,5299,1473.0,-42.675,172.275,18.90456861772691,10.06656861772691
5166,5300,1720.0,-42.675,172.325,18.985949738069394,8.665949738069395
5167,5301,1475.0,-42.675,172.375,19.05772486240494,10.20772486240494
5168,5884,743.0,-42.775,172.225,19.086562998178124,14.628562998178126
5169,5885,590.0,-42.775,172.275,19.16268052943269,15.622680529432692
5170,5886,550.0,-42.775,172.325,19.224508104820416,15.924508104820415
5171,5887,1028.0,-42.775,172.375,19.274791331738015,13.106791331738016
5172,5134,656.0,-42.625,172.425,19.025633423078034,15.089633423078034
5173,5135,591.0,-42.625,172.475,19.096256888129574,15.550256888129574
5174,5136,876.0,-42.625,172.525,19.16404875018634,13.908048750186339
5175,5250,637.0,-42.725,172.425,19.21905912193688,15.39705912193688
5176,5251,1070.0,-42.725,172.475,19.264840302521407,12.844840302521408
5177,5252,868.0,-42.725,172.525,19.305536377987664,14.097536377987666
5178,5302,978.0,-42.675,172.425,19.121907085827843,13.253907085827844
5179,5303,1214.0,-42.675,172.475,19.180291539158134,11.896291539158135
5180,5304,1059.0,-42.675,172.525,19.234670364052363,12.880670364052364
5181,5888,764.0,-42.775,172.425,19.3156827178791,14.7316827178791
5182,5889,479.0,-42.775,172.475,19.348939488732867,16.47493948873287
5183,5890,592.0,-42.775,172.525,19.376179370405225,15.824179370405226
5184,5137,973.0,-42.625,172.575,19.230762976505503,13.392762976505502
5185,5138,1113.0,-42.625,172.625,19.298372128436313,12.620372128436312
5186,5139,995.0,-42.625,172.675,19.369043391130617,13.399043391130618
5187,5140,556.0,-42.625,172.725,19.445011315674492,16.109011315674493
5188,5253,574.0,-42.725,172.575,19.343183359407703,15.899183359407704
5189,5254,902.0,-42.725,172.625,19.380338633092833,13.968338633092834
5190,5255,410.0,-42.725,172.675,19.420312838845348,16.960312838845347
5191,5256,379.0,-42.725,172.725,19.466979442840966,17.192979442840965
5192,5305,754.0,-42.675,172.575,19.287037747113573,14.763037747113572
5193,5306,1355.0,-42.675,172.625,19.339761301085673,11.209761301085672
5194,5307,549.0,-42.675,172.675,19.395637529265514,16.101637529265513
5195,5308,498.0,-42.675,172.725,19.4576526710116,16.469652671011602
5196,5891,623.0,-42.775,172.575,19.399199589022828,15.661199589022829
5197,5892,386.0,-42.775,172.625,19.42037938933572,17.104379389335723
5198,5893,405.0,-42.775,172.675,19.443188921051842,17.013188921051842
5199,5894,264.0,-42.775,172.725,19.47257977323352,17.88857977323352
5200,5141,279.0,-42.625,172.775,19.52840900551746,17.85440900551746
5201,5142,573.0,-42.625,172.825,19.62105725328547,16.183057253285472
5202,5143,320.0,-42.625,172.875,19.723098434811618,17.803098434811616
5203,5257,423.0,-42.725,172.775,19.523475907248212,16.98547590724821
5204,5258,426.0,-42.725,172.825,19.59010322368522,17.034103223685218
5205,5259,219.0,-42.725,172.875,19.663654836449496,18.349654836449496
5206,5309,277.0,-42.675,172.775,19.528278204643357,17.866278204643358
5207,5310,274.0,-42.675,172.825,19.608421603836177,17.96442160383618
5208,5311,217.0,-42.675,172.875,19.696305190262137,18.394305190262138
5209,5895,213.0,-42.775,172.775,19.51347159105171,18.235471591051713
5210,5896,192.0,-42.775,172.825,19.565822119235236,18.413822119235235
5211,5897,175.0,-42.775,172.875,19.624345391155657,18.574345391155656
5212,5144,222.0,-42.625,172.925,19.829438786890023,18.497438786890022
5213,5145,185.0,-42.625,172.975,19.929631409258945,18.819631409258946
5214,5146,159.0,-42.625,173.025,20.012053162443408,19.058053162443407
5215,5147,201.0,-42.625,173.075,20.065837738946357,18.859837738946357
5216,5149,219.0,-42.775,172.975,19.734727652556103,18.420727652556103
5217,5208,616.0,-42.775,173.025,19.77415259647023,16.078152596470233
5218,5210,451.0,-42.775,173.075,19.794616356777624,17.088616356777624
5219,5260,188.0,-42.725,172.925,19.738429773155076,18.610429773155076
5220,5261,163.0,-42.725,172.975,19.807278109254185,18.829278109254183
5221,5262,143.0,-42.725,173.025,19.86237653351236,19.00437653351236
5222,5263,316.0,-42.725,173.075,19.89570841233399,17.999708412333987
5223,5312,184.0,-42.675,172.925,19.786617362264224,18.682617362264224
5224,5313,185.0,-42.675,172.975,19.871031262926408,18.76103126292641
5225,5314,234.0,-42.675,173.025,19.9399591552974,18.5359591552974
5226,5315,118.0,-42.675,173.075,19.983783878091344,19.275783878091346
5227,5898,171.0,-42.775,172.925,19.682713853577297,18.656713853577298
5228,5101,241.0,-42.675,173.125,19.993082644146853,18.54708264414685
5229,5102,308.0,-42.675,173.175,19.958397174301354,18.110397174301355
5230,5103,231.0,-42.675,173.225,19.87024769085292,18.48424769085292
5231,5148,181.0,-42.625,173.125,20.08091212659201,18.994912126592013
5232,5155,240.0,-42.625,173.175,20.047930875194652,18.60793087519465
5233,5156,246.0,-42.625,173.225,19.958773426127664,18.482773426127665
5234,5212,227.0,-42.775,173.125,19.789438682990294,18.427438682990296
5235,5216,189.0,-42.775,173.175,19.751095921143133,18.617095921143132
5236,5217,70.0,-42.775,173.225,19.669676869718387,19.249676869718385
5237,5264,245.0,-42.725,173.125,19.89907269221112,18.429072692211122
5238,5265,111.0,-42.725,173.175,19.863571293426503,19.197571293426503
5239,5266,51.0,-42.725,173.225,19.778597332622667,19.472597332622666
5240,5104,114.0,-42.675,173.275,19.720733585209018,19.036733585209017
5241,5105,101.0,-42.675,173.325,19.507936600208268,18.901936600208266
5242,5106,284.0,-42.675,173.375,19.23922966027021,17.53522966027021
5243,5107,54.0,-42.675,173.425,18.928380677130917,18.604380677130916
5244,5157,156.0,-42.625,173.275,19.80804795263066,18.87204795263066
5245,5158,129.0,-42.625,173.325,19.59538312164841,18.82138312164841
5246,5159,207.0,-42.625,173.375,19.326754761821576,18.084754761821575
5247,5160,258.0,-42.625,173.425,19.013405034913376,17.465405034913374
5248,5218,43.0,-42.775,173.275,19.52805053542943,19.27005053542943
5249,5219,218.0,-42.775,173.325,19.308871237006315,18.000871237006315
5250,5220,5.0,-42.775,173.375,19.033211541420314,19.003211541420313
5251,5267,37.0,-42.725,173.275,19.631839198762464,19.409839198762462
5252,5268,92.0,-42.725,173.325,19.41737469135296,18.86537469135296
5253,5269,338.0,-42.725,173.375,19.146028530305557,17.11802853030556
5254,5161,22.0,-42.575,171.125,14.246529633128375,14.114529633128376
5255,5162,115.0,-42.575,171.175,14.239273784813122,13.549273784813122
5256,5163,155.0,-42.575,171.225,14.278897033949761,13.348897033949761
5257,5164,238.0,-42.575,171.275,14.369853276395588,12.941853276395587
5258,5330,21.0,-42.525,171.175,14.271510027869226,14.145510027869227
5259,5337,142.0,-42.525,171.225,14.339972511297674,13.487972511297674
5260,5447,213.0,-42.525,171.275,14.46789901368902,13.18989901368902
5261,5733,155.0,-42.475,171.225,14.452200275627547,13.522200275627547
5262,5734,40.0,-42.475,171.275,14.616849259775336,14.376849259775335
5263,5165,301.0,-42.575,171.325,14.504701417899923,12.698701417899924
5264,5166,283.0,-42.575,171.375,14.67533500835998,12.97733500835998
5265,5167,164.0,-42.575,171.425,14.876824023696827,13.892824023696827
5266,5168,108.0,-42.575,171.475,15.106546051414625,14.458546051414626
5267,5449,161.0,-42.525,171.325,14.63543247340931,13.66943247340931
5268,5451,144.0,-42.525,171.375,14.830171432073257,13.966171432073256
5269,5454,147.0,-42.525,171.425,15.046268300615338,14.164268300615339
5270,5457,167.0,-42.525,171.475,15.280999639286165,14.278999639286164
5271,5735,162.0,-42.475,171.325,14.811239014386956,13.839239014386957
5272,5736,32.0,-42.475,171.375,15.023227181300172,14.831227181300171
5273,5737,155.0,-42.475,171.425,15.247472629896947,14.317472629896947
5274,5738,158.0,-42.475,171.475,15.481791452995822,14.533791452995821
5275,5169,143.0,-42.575,171.525,15.362436450126552,14.504436450126551
5276,5170,219.0,-42.575,171.575,15.641410838958109,14.327410838958109
5277,5171,429.0,-42.575,171.625,15.938354471680213,13.364354471680214
5278,5463,206.0,-42.525,171.525,15.532596372959233,14.296596372959232
5279,5644,220.0,-42.525,171.575,15.798753013237729,14.478753013237728
5280,5668,272.0,-42.525,171.625,16.075719149361248,14.443719149361248
5281,5739,177.0,-42.475,171.525,15.725177481686842,14.663177481686843
5282,5740,281.0,-42.475,171.575,15.976370334356034,14.290370334356034
5283,5741,309.0,-42.475,171.625,16.232927363445924,14.378927363445925
5284,5172,201.0,-42.575,171.675,16.245940821692784,15.039940821692785
5285,5173,202.0,-42.575,171.725,16.555283651978243,15.343283651978243
5286,5174,223.0,-42.575,171.775,16.85711650140729,15.519116501407291
5287,5175,436.0,-42.575,171.825,17.143055687200103,14.527055687200104
5288,5672,316.0,-42.525,171.675,16.358043015465228,14.462043015465227
5289,5676,482.0,-42.525,171.725,16.638944709135103,13.746944709135104
5290,5680,167.0,-42.525,171.775,16.911137985880487,15.909137985880486
5291,5684,331.0,-42.525,171.825,17.167825091568375,15.181825091568374
5292,5742,275.0,-42.475,171.675,16.49087127294115,14.840871272941149
5293,5743,271.0,-42.475,171.725,16.74489875870131,15.118898758701311
5294,5744,140.0,-42.475,171.775,16.98902768885091,16.14902768885091
5295,5745,858.0,-42.475,171.825,17.217487334455654,12.069487334455655
5296,5176,557.0,-42.575,171.875,17.406593573072314,14.064593573072314
5297,5177,543.0,-42.575,171.925,17.643662533766474,14.385662533766475
5298,5178,310.0,-42.575,171.975,17.85277227748702,15.99277227748702
5299,5688,383.0,-42.525,171.875,17.403600207548152,15.105600207548152
5300,5692,770.0,-42.525,171.925,17.615081762129194,12.995081762129193
5301,5696,1177.0,-42.525,171.975,17.801202179083703,10.739202179083703
5302,5746,937.0,-42.475,171.875,17.42562602831822,11.80362602831822
5303,5747,1171.0,-42.475,171.925,17.61062648721054,10.584626487210539
5304,5748,398.0,-42.475,171.975,17.77189620417994,15.383896204179939
5305,5179,1327.0,-42.575,172.025,18.03480317465437,10.072803174654371
5306,5180,888.0,-42.575,172.075,18.192543420474976,12.864543420474977
5307,5181,1181.0,-42.575,172.125,18.33002115731324,11.24402115731324
5308,5182,964.0,-42.575,172.175,18.4516743680706,12.6676743680706
5309,5700,1200.0,-42.525,172.025,17.963174815764432,10.763174815764433
5310,5704,1309.0,-42.525,172.075,18.104190905634823,10.250190905634824
5311,5705,743.0,-42.525,172.125,18.228840337109432,13.770840337109433
5312,5706,1203.0,-42.525,172.175,18.342160345038792,11.124160345038792
5313,5749,440.0,-42.475,172.025,17.911128940406343,15.271128940406342
5314,5750,1061.0,-42.475,172.075,18.032132127005752,11.666132127005753
5315,5751,1087.0,-42.475,172.125,18.140438267182617,11.618438267182619
5316,5752,1005.0,-42.475,172.175,18.242332792968227,12.212332792968226
5317,5183,922.0,-42.575,172.225,18.56151197518375,13.029511975183748
5318,5184,1602.0,-42.575,172.275,18.662579801100946,9.050579801100946
5319,5185,1388.0,-42.575,172.325,18.75694665566698,10.42894665566698
5320,5186,534.0,-42.575,172.375,18.846054500170794,15.642054500170794
5321,5707,723.0,-42.525,172.225,18.448402144842476,14.110402144842475
5322,5708,943.0,-42.525,172.275,18.550198773999,12.892198773999
5323,5709,1279.0,-42.525,172.325,18.648774578990924,10.974774578990925
5324,5710,559.0,-42.525,172.375,18.74474779151933,15.390747791519331
5325,5753,1555.0,-42.475,172.225,18.3428129109343,9.012812910934299
5326,5754,1218.0,-42.475,172.275,18.443881372460964,11.135881372460965
5327,5755,1169.0,-42.475,172.325,18.545405167107674,11.531405167107675
5328,5756,770.0,-42.475,172.375,18.6469464900365,14.026946490036497
5329,5187,1016.0,-42.575,172.425,18.931102771495716,12.835102771495716
5330,5188,657.0,-42.575,172.475,19.01329313363931,15.071293133639308
5331,5189,619.0,-42.575,172.525,19.093937654082765,15.379937654082765
5332,5711,996.0,-42.525,172.425,18.838733170425257,12.862733170425258
5333,5712,1471.0,-42.525,172.475,18.93156174392425,10.105561743924248
5334,5713,1351.0,-42.525,172.525,19.02428318542843,10.91828318542843
5335,5757,1656.0,-42.475,172.425,18.7485523752257,8.812552375225701
5336,5758,1263.0,-42.475,172.475,18.850778766773146,11.272778766773147
5337,5759,857.0,-42.475,172.525,18.954521492989443,13.812521492989443
5338,5190,589.0,-42.575,172.575,19.174480612780826,15.640480612780827
5339,5191,371.0,-42.575,172.625,19.256463227937274,17.030463227937275
5340,5192,589.0,-42.575,172.675,19.3414444222326,15.8074444222326
5341,5193,320.0,-42.575,172.725,19.43092536653421,17.51092536653421
5342,5714,699.0,-42.525,172.575,19.118086502787264,14.924086502787265
5343,5715,1189.0,-42.525,172.625,19.21419125031025,12.08019125031025
5344,5716,719.0,-42.525,172.675,19.313730680498338,14.999730680498338
5345,5717,492.0,-42.525,172.725,19.41767312054435,16.465673120544352
5346,5760,520.0,-42.475,172.575,19.06084350821766,15.940843508217657
5347,5761,985.0,-42.475,172.625,19.170826886100258,13.260826886100258
5348,5762,1414.0,-42.475,172.675,19.285459374639686,10.801459374639686
5349,5763,1655.0,-42.475,172.725,19.405604669256718,9.475604669256718
5350,5194,296.0,-42.575,172.775,19.52646581416775,17.75046581416775
5351,5195,382.0,-42.575,172.825,19.630486799769642,17.33848679976964
5352,5196,464.0,-42.575,172.875,19.74680643829197,16.96280643829197
5353,5718,337.0,-42.525,172.775,19.526925200279948,17.50492520027995
5354,5719,358.0,-42.525,172.825,19.643114412790965,17.495114412790965
5355,5720,396.0,-42.525,172.875,19.774074879303953,17.39807487930395
5356,5764,1205.0,-42.475,172.775,19.532216670126218,12.302216670126217
5357,5765,859.0,-42.475,172.825,19.66728043027797,14.51328043027797
5358,5766,900.0,-42.475,172.875,19.814866844784774,14.414866844784775
5359,5197,833.0,-42.575,172.925,19.870812016013588,14.872812016013587
5360,5198,487.0,-42.575,172.975,19.98765530332821,17.06565530332821
5361,5199,296.0,-42.575,173.025,20.083932614643345,18.307932614643345
5362,5200,290.0,-42.575,173.075,20.14822925392764,18.40822925392764
5363,5721,773.0,-42.525,172.925,19.916538950659742,15.278538950659742
5364,5722,615.0,-42.525,172.975,20.049517780553288,16.359517780553286
5365,5723,596.0,-42.525,173.025,20.15965618813061,16.58365618813061
5366,5724,427.0,-42.525,173.075,20.23539070146944,17.67339070146944
5367,5767,1309.0,-42.475,172.925,19.97008122387524,12.116081223875241
5368,5768,970.0,-42.475,172.975,20.116719991416176,14.296719991416175
5369,5769,757.0,-42.475,173.025,20.240451985173422,15.698451985173422
5370,5770,1185.0,-42.475,173.075,20.328882740990593,13.218882740990594
5371,5201,390.0,-42.575,173.125,20.17027844758013,17.83027844758013
5372,5202,356.0,-42.575,173.175,20.141001688980396,18.005001688980396
5373,5203,328.0,-42.575,173.225,20.05318056987744,18.08518056987744
5374,5725,367.0,-42.525,173.125,20.266240662096607,18.06424066209661
5375,5726,575.0,-42.525,173.175,20.243115100187424,16.793115100187425
5376,5727,638.0,-42.525,173.225,20.159089346554538,16.33108934655454
5377,5771,885.0,-42.475,173.125,20.3708387293118,15.0608387293118
5378,5772,617.0,-42.475,173.175,20.35669575209249,16.654695752092493
5379,5773,745.0,-42.475,173.225,20.27920623006139,15.809206230061392
5380,5151,170.0,-42.575,173.425,19.101843346601527,18.081843346601527
5381,5204,342.0,-42.575,173.275,19.902653367389576,17.850653367389576
5382,5205,139.0,-42.575,173.325,19.68964247420081,18.85564247420081
5383,5206,397.0,-42.575,173.375,19.41942128170922,17.037421281709218
5384,5728,387.0,-42.525,173.275,20.010424848034745,17.688424848034746
5385,5729,284.0,-42.525,173.325,19.79748993098019,18.09348993098019
5386,5730,370.0,-42.525,173.375,19.525167343925204,17.305167343925206
5387,5731,500.0,-42.525,173.425,19.202569106018927,16.202569106018927
5388,5774,329.0,-42.475,173.275,20.134492403261902,18.1604924032619
5389,5775,267.0,-42.475,173.325,19.922848507188974,18.320848507188973
5390,5776,295.0,-42.475,173.375,19.649032119001276,17.879032119001277
5391,5777,525.0,-42.475,173.425,19.321953948430746,16.171953948430748
5392,5277,115.0,-42.575,173.475,18.750196812343347,18.060196812343346
5393,5732,52.0,-42.525,173.475,18.842317253502188,18.530317253502187
5394,5778,700.0,-42.475,173.475,18.953992149101396,14.753992149101396
5395,5779,88.0,-42.475,173.525,18.560360887691786,18.032360887691787
5396,5498,234.0,-42.375,171.275,15.09182681729726,13.68782681729726
5397,5780,279.0,-42.425,171.225,14.64807413789822,12.97407413789822
5398,5781,67.0,-42.425,171.275,14.828641386262461,14.426641386262462
5399,5214,121.0,-42.425,171.425,15.476903369799402,14.750903369799403
5400,5318,95.0,-42.425,171.475,15.703781596275803,15.133781596275803
5401,5378,654.0,-42.275,171.325,15.868277190435037,11.944277190435038
5402,5379,1140.0,-42.275,171.375,16.0565848029255,9.2165848029255
5403,5380,944.0,-42.275,171.425,16.22943995714013,10.56543995714013
5404,5381,280.0,-42.275,171.475,16.39185362358694,14.71185362358694
5405,5499,560.0,-42.375,171.325,15.298865955654037,11.938865955654038
5406,5500,267.0,-42.375,171.375,15.512699261460511,13.910699261460511
5407,5501,74.0,-42.375,171.425,15.726358150488522,15.282358150488522
5408,5502,59.0,-42.375,171.475,15.938326774881716,15.584326774881717
5409,5547,343.0,-42.325,171.325,15.583605305466335,13.525605305466335
5410,5548,875.0,-42.325,171.375,15.786529645323753,10.536529645323753
5411,5549,576.0,-42.325,171.425,15.982815543276956,12.526815543276957
5412,5550,115.0,-42.325,171.475,16.172977023084968,15.482977023084969
5413,5782,286.0,-42.425,171.325,15.03526930665248,13.319269306652481
5414,5783,20.0,-42.425,171.375,15.25341173189372,15.133411731893721
5415,5320,125.0,-42.425,171.525,15.933886667076877,15.183886667076877
5416,5321,154.0,-42.425,171.575,16.16709407102462,15.243094071024622
5417,5325,287.0,-42.425,171.625,16.40216041320673,14.68016041320673
5418,5382,103.0,-42.275,171.525,16.550875183791504,15.932875183791504
5419,5383,165.0,-42.275,171.575,16.711753645799035,15.721753645799035
5420,5384,107.0,-42.275,171.625,16.87662891493528,16.234628914935282
5421,5503,126.0,-42.375,171.525,16.149642456017318,15.393642456017318
5422,5504,80.0,-42.375,171.575,16.361517383469618,15.881517383469617
5423,5505,142.0,-42.375,171.625,16.573847754661983,15.721847754661983
5424,5551,70.0,-42.325,171.525,16.36029414053337,15.94029414053337
5425,5552,79.0,-42.325,171.575,16.54776798380408,16.07376798380408
5426,5553,197.0,-42.325,171.625,16.73644739709016,15.55444739709016
5427,5153,180.0,-42.325,171.675,16.924841578191263,15.844841578191263
5428,5278,136.0,-42.325,171.725,17.108984797516314,16.292984797516315
5429,5324,251.0,-42.325,171.775,17.283000654988427,15.777000654988427
5430,5328,469.0,-42.325,171.825,17.44028147807512,14.626281478075121
5431,5329,293.0,-42.425,171.675,16.63622366954951,14.87822366954951
5432,5336,110.0,-42.425,171.725,16.86490157652588,16.20490157652588
5433,5385,105.0,-42.275,171.675,17.044366008824,16.414366008824
5434,5386,181.0,-42.275,171.725,17.210734358584887,16.124734358584888
5435,5387,342.0,-42.275,171.775,17.36881391870702,15.31681391870702
5436,5388,400.0,-42.275,171.825,17.510076491715154,15.110076491715153
5437,5437,281.0,-42.425,171.775,17.082873511382786,15.396873511382786
5438,5442,510.0,-42.425,171.825,17.284794883182258,14.224794883182259
5439,5506,215.0,-42.375,171.675,16.784579968618345,15.494579968618346
5440,5507,221.0,-42.375,171.725,16.989751143910325,15.663751143910325
5441,5508,261.0,-42.375,171.775,17.184067228206914,15.618067228206915
5442,5509,248.0,-42.375,171.825,17.36194095081919,15.87394095081919
5443,5334,365.0,-42.325,171.875,17.57535118760461,15.385351187604611
5444,5341,479.0,-42.325,171.925,17.685786010746597,14.811786010746596
5445,5342,479.0,-42.325,171.975,17.772927713935132,14.898927713935132
5446,5389,695.0,-42.275,171.875,17.627006495904425,13.457006495904425
5447,5390,714.0,-42.275,171.925,17.716747061374917,13.432747061374918
5448,5391,382.0,-42.275,171.975,17.78231268827767,15.49031268827767
5449,5458,1202.0,-42.425,171.875,17.466330525145167,10.254330525145168
5450,5464,514.0,-42.425,171.925,17.625023687378416,14.541023687378416
5451,5465,299.0,-42.425,171.975,17.76075608755309,15.96675608755309
5452,5510,686.0,-42.375,171.875,17.518820938234057,13.402820938234058
5453,5511,849.0,-42.375,171.925,17.652385092955228,12.558385092955227
5454,5512,760.0,-42.375,171.975,17.763077194362268,13.203077194362269
5455,5343,853.0,-42.325,172.025,17.8410671888214,12.7230671888214
5456,5344,1054.0,-42.325,172.075,17.896265205296004,11.572265205296006
5457,5345,675.0,-42.325,172.125,17.94597457481541,13.895974574815408
5458,5346,421.0,-42.325,172.175,18.00074674953612,15.47474674953612
5459,5392,1298.0,-42.275,172.025,17.830244894774296,10.042244894774296
5460,5393,1239.0,-42.275,172.075,17.868244078075804,10.434244078075803
5461,5394,1034.0,-42.275,172.125,17.90478054696723,11.70078054696723
5462,5395,571.0,-42.275,172.175,17.950087665563842,14.524087665563842
5463,5466,920.0,-42.425,172.025,17.875774239997554,12.355774239997555
5464,5467,637.0,-42.425,172.075,17.974519895826234,14.152519895826234
5465,5468,1036.0,-42.425,172.125,18.063563105743015,11.847563105743015
5466,5469,710.0,-42.425,172.175,18.151273410900103,13.891273410900103
5467,5513,839.0,-42.375,172.025,17.853886687438717,12.819886687438718
5468,5514,1013.0,-42.375,172.075,17.929857659410118,11.851857659410118
5469,5515,487.0,-42.375,172.125,17.998049900183105,15.076049900183104
5470,5516,499.0,-42.375,172.175,18.068995915589767,15.074995915589767
5471,5347,641.0,-42.325,172.225,18.07744775404899,14.23144775404899
5472,5348,709.0,-42.325,172.275,18.168525566168682,13.914525566168683
5473,5349,700.0,-42.325,172.325,18.267640489728365,14.067640489728365
5474,5350,970.0,-42.325,172.375,18.373166684375974,12.553166684375974
5475,5396,435.0,-42.275,172.225,18.013147650886822,15.403147650886822
5476,5397,946.0,-42.275,172.275,18.092618187818516,12.416618187818516
5477,5398,1051.0,-42.275,172.325,18.183827476457736,11.877827476457735
5478,5399,1193.0,-42.275,172.375,18.284514855271482,11.126514855271482
5479,5470,1436.0,-42.425,172.225,18.244530852740354,9.628530852740354
5480,5471,1129.0,-42.425,172.275,18.343989447237618,11.569989447237619
5481,5472,1387.0,-42.425,172.325,18.44721730841775,10.12521730841775
5482,5473,1202.0,-42.425,172.375,18.552711933789396,11.340711933789397
5483,5517,849.0,-42.375,172.225,18.1546040481644,13.0606040481644
5484,5518,519.0,-42.375,172.275,18.251688326326985,15.137688326326984
5485,5519,693.0,-42.375,172.325,18.35467698501452,14.196676985014522
5486,5520,945.0,-42.375,172.375,18.46178886771122,12.791788867711222
5487,5351,1015.0,-42.325,172.425,18.484891198255355,12.394891198255355
5488,5352,1273.0,-42.325,172.475,18.60331228484756,10.965312284847561
5489,5353,1256.0,-42.325,172.525,18.729335445830657,11.193335445830657
5490,5400,1165.0,-42.275,172.425,18.394046007904763,11.404046007904762
5491,5401,1876.0,-42.275,172.475,18.512672020706304,7.256672020706304
5492,5402,1171.0,-42.275,172.525,18.641166021699973,11.615166021699974
5493,5474,1433.0,-42.425,172.425,18.66019816687185,10.062198166871852
5494,5475,1085.0,-42.425,172.475,18.77014955292543,12.260149552925432
5495,5476,1566.0,-42.425,172.525,18.883443723672826,9.487443723672827
5496,5521,1590.0,-42.375,172.425,18.57282168362326,9.032821683623261
5497,5522,1390.0,-42.375,172.475,18.688312099138784,10.348312099138784
5498,5523,1307.0,-42.375,172.525,18.809184237188674,10.967184237188675
5499,5354,1092.0,-42.325,172.575,18.864085586006695,12.312085586006695
5500,5355,1148.0,-42.325,172.625,19.008755104987358,12.120755104987358
5501,5356,1210.0,-42.325,172.675,19.16445102914804,11.90445102914804
5502,5357,1738.0,-42.325,172.725,19.332001863656842,8.904001863656843
5503,5403,1191.0,-42.275,172.575,18.78060074662426,11.634600746624258
5504,5404,779.0,-42.275,172.625,18.932162879416865,14.258162879416865
5505,5405,1688.0,-42.275,172.675,19.09694923783536,8.968949237835362
5506,5406,1379.0,-42.275,172.725,19.27569723603301,11.001697236033012
5507,5477,1249.0,-42.425,172.575,19.00114229923929,11.507142299239291
5508,5478,881.0,-42.425,172.625,19.124339011388656,13.838339011388655
5509,5479,765.0,-42.425,172.675,19.254062232546858,14.664062232546858
5510,5480,1103.0,-42.425,172.725,19.391260852860796,12.773260852860798
5511,5524,1423.0,-42.375,172.575,18.936549176496555,10.398549176496555
5512,5525,969.0,-42.375,172.625,19.071563161540325,13.257563161540325
5513,5526,1521.0,-42.375,172.675,19.215317728692753,10.089317728692754
5514,5527,1097.0,-42.375,172.725,19.368748704331665,12.786748704331664
5515,5358,940.0,-42.325,172.775,19.511642977418887,13.871642977418887
5516,5359,1469.0,-42.325,172.825,19.70243495323848,10.88843495323848
5517,5360,1316.0,-42.325,172.875,19.901337867231632,12.005337867231631
5518,5407,996.0,-42.275,172.775,19.468394611789336,13.492394611789337
5519,5408,1368.0,-42.275,172.825,19.673724935681093,11.465724935681093
5520,5409,1375.0,-42.275,172.875,19.88839652253955,11.638396522539551
5521,5481,1050.0,-42.425,172.775,19.53692610250073,13.236926102500728
5522,5482,1172.0,-42.425,172.825,19.692189987981692,12.660189987981692
5523,5483,1544.0,-42.425,172.875,19.85692375083272,10.592923750832721
5524,5528,1114.0,-42.375,172.775,19.532498880163985,12.848498880163984
5525,5529,959.0,-42.375,172.825,19.706458454716994,13.952458454716995
5526,5530,1092.0,-42.375,172.875,19.8884543850545,13.336454385054502
5527,5361,1380.0,-42.325,172.925,20.102302963210605,11.822302963210605
5528,5362,793.0,-42.325,172.975,20.296101328031,15.538101328031
5529,5363,1153.0,-42.325,173.025,20.470990059573523,13.552990059573524
5530,5364,1057.0,-42.325,173.075,20.61359142985566,14.271591429855661
5531,5410,1144.0,-42.275,172.925,20.10657481999624,13.24257481999624
5532,5411,980.0,-42.275,172.975,20.31968731033703,14.439687310337032
5533,5412,988.0,-42.275,173.025,20.516617381341348,14.588617381341347
5534,5413,877.0,-42.275,173.075,20.68404264523815,15.42204264523815
5535,5484,812.0,-42.425,172.925,20.025348305602165,15.153348305602165
5536,5485,1461.0,-42.425,172.975,20.1854762488947,11.419476248894702
5537,5486,1230.0,-42.425,173.025,20.323695735518413,12.943695735518414
5538,5487,1070.0,-42.425,173.075,20.426908307668782,14.006908307668784
5539,5531,929.0,-42.375,172.925,20.072429999303495,14.498429999303497
5540,5532,1078.0,-42.375,172.975,20.24823378652036,13.780233786520359
5541,5533,1169.0,-42.375,173.025,20.403339552287434,13.389339552287435
5542,5534,842.0,-42.375,173.075,20.524428987648207,15.472428987648208
5543,5365,947.0,-42.325,173.125,20.709690064660208,15.027690064660208
5544,5366,1378.0,-42.325,173.175,20.74528187530268,12.477281875302682
5545,5367,994.0,-42.325,173.225,20.708386510606942,14.744386510606944
5546,5414,1144.0,-42.275,173.125,20.80678895168603,13.94278895168603
5547,5415,1220.0,-42.275,173.175,20.868535380419416,13.548535380419416
5548,5416,2088.0,-42.275,173.225,20.85380460385204,8.325804603852042
5549,5488,1334.0,-42.425,173.125,20.48294667646951,12.47894667646951
5550,5489,960.0,-42.425,173.175,20.48115067272647,14.721150672726472
5551,5490,871.0,-42.425,173.225,20.41336673699152,15.187366736991521
5552,5535,796.0,-42.375,173.125,20.598315313884086,15.822315313884086
5553,5536,696.0,-42.375,173.175,20.612884251115247,16.436884251115245
5554,5537,1314.0,-42.375,173.225,20.558468752386034,12.674468752386034
5555,5368,740.0,-42.325,173.275,20.591675816756833,16.151675816756832
5556,5369,992.0,-42.325,173.325,20.39486721936919,14.44286721936919
5557,5370,1090.0,-42.325,173.375,20.12523566357413,13.585235663574132
5558,5371,1262.0,-42.325,173.425,19.795931544096675,12.223931544096676
5559,5417,651.0,-42.275,173.275,20.752116275596563,16.846116275596565
5560,5418,679.0,-42.275,173.325,20.562748017262493,16.488748017262495
5561,5419,1194.0,-42.275,173.375,20.295737374859527,13.131737374859528
5562,5420,635.0,-42.275,173.425,19.96812486255658,16.15812486255658
5563,5491,489.0,-42.425,173.275,20.27512556606689,17.34112556606689
5564,5492,468.0,-42.425,173.325,20.066561114752403,17.258561114752403
5565,5493,425.0,-42.425,173.375,19.79266988346899,17.242669883468988
5566,5494,316.0,-42.425,173.425,19.462829279527796,17.566829279527795
5567,5538,904.0,-42.375,173.275,20.429530763944058,15.005530763944058
5568,5539,814.0,-42.375,173.325,20.226021391368704,15.342021391368704
5569,5540,792.0,-42.375,173.375,19.95369939986631,15.20169939986631
5570,5541,303.0,-42.375,173.425,19.62328153424096,17.805281534240958
5571,5372,1202.0,-42.325,173.475,19.42360021209788,12.211600212097881
5572,5373,759.0,-42.325,173.525,19.02681376592227,14.472813765922272
5573,5374,619.0,-42.325,173.575,18.6257972133335,14.911797213333498
5574,5375,863.0,-42.325,173.625,18.243263764361473,13.065263764361472
5575,5421,1240.0,-42.275,173.475,19.599602941529156,12.159602941529156
5576,5422,1430.0,-42.275,173.525,19.210379153659233,10.630379153659232
5577,5423,1215.0,-42.275,173.575,18.820855497211596,11.530855497211597
5578,5424,886.0,-42.275,173.625,18.451744813413825,13.135744813413826
5579,5495,525.0,-42.425,173.475,19.089887971103963,15.939887971103962
5580,5496,170.0,-42.425,173.525,18.68932636628051,17.66932636628051
5581,5497,21.0,-42.425,173.575,18.27896439754477,18.152964397544768
5582,5542,223.0,-42.375,173.475,19.24904964052621,17.91104964052621
5583,5543,136.0,-42.375,173.525,18.847734008735642,18.031734008735643
5584,5544,121.0,-42.375,173.575,18.4382591984413,17.712259198441302
5585,5545,61.0,-42.375,173.625,18.043010184996092,17.677010184996092
5586,5376,124.0,-42.325,173.675,17.9047749325764,17.160774932576402
5587,5377,20.0,-42.325,173.725,17.631477370028733,17.511477370028732
5588,5425,255.0,-42.275,173.675,18.122769003875874,16.592769003875873
5589,5426,428.0,-42.275,173.725,17.84798385018439,15.279983850184392
5590,5427,107.0,-42.275,173.775,17.63059822174546,16.98859822174546
5591,5546,10.0,-42.375,173.675,17.692459916226653,17.632459916226654
5592,5428,17.0,-42.225,171.325,16.131655040921032,16.029655040921032
5593,5429,570.0,-42.225,171.375,16.302483939267404,12.882483939267404
5594,5430,654.0,-42.225,171.425,16.446314772845653,12.522314772845654
5595,5431,726.0,-42.225,171.475,16.576247194048847,12.220247194048847
5596,5835,10.0,-42.175,171.325,16.350975420667964,16.290975420667966
5597,5837,327.0,-42.175,171.375,16.500636442448013,14.538636442448013
5598,5839,384.0,-42.175,171.425,16.60998797456523,14.305987974565229
5599,5841,631.0,-42.175,171.475,16.70547685510246,12.919476855102461
5600,5997,54.0,-42.125,171.375,16.617957688560637,16.293957688560635
5601,5998,197.0,-42.125,171.425,16.693374474092707,15.511374474092706
5602,5999,471.0,-42.125,171.475,16.759590587373168,13.933590587373168
5603,5150,375.0,-42.125,171.575,16.919044375474186,14.669044375474186
5604,5276,957.0,-42.125,171.625,17.02313942996625,11.281139429966249
5605,5432,295.0,-42.225,171.525,16.704363649398147,14.934363649398147
5606,5433,204.0,-42.225,171.575,16.837995458599835,15.613995458599835
5607,5434,222.0,-42.225,171.625,16.98000375207812,15.648003752078118
5608,5843,496.0,-42.175,171.525,16.80320191258761,13.827201912587611
5609,5845,830.0,-42.175,171.575,16.911251440553315,11.931251440553314
5610,5847,452.0,-42.175,171.625,17.032599775842755,14.320599775842755
5611,6000,1046.0,-42.125,171.525,16.832193170805112,10.556193170805113
5612,5154,294.0,-42.225,171.725,17.28176385138795,15.51776385138795
5613,5275,182.0,-42.225,171.775,17.429081685122583,16.337081685122584
5614,5316,402.0,-42.225,171.825,17.560141085547002,15.148141085547003
5615,5331,538.0,-42.125,171.675,17.143589854675156,13.915589854675156
5616,5338,250.0,-42.125,171.725,17.276034076192445,15.776034076192445
5617,5435,169.0,-42.225,171.675,17.129418331660418,16.11541833166042
5618,5436,234.0,-42.125,171.775,17.41259222655208,16.00859222655208
5619,5441,278.0,-42.125,171.825,17.54057641883992,15.87257641883992
5620,5849,212.0,-42.175,171.675,17.166307736490126,15.894307736490125
5621,5851,182.0,-42.175,171.725,17.30792508183731,16.215925081837312
5622,5853,258.0,-42.175,171.775,17.449243622011636,15.901243622011636
5623,5855,383.0,-42.175,171.825,17.57688631572637,15.27888631572637
5624,5317,695.0,-42.225,171.875,17.663345030417986,13.493345030417986
5625,5335,619.0,-42.225,171.925,17.73469700923124,14.02069700923124
5626,5440,857.0,-42.225,171.975,17.780666716509586,12.638666716509587
5627,5446,370.0,-42.125,171.875,17.63272623190096,15.41272623190096
5628,5452,384.0,-42.125,171.925,17.67298008972466,15.36898008972466
5629,5455,510.0,-42.125,171.975,17.691738545401677,14.631738545401678
5630,5857,568.0,-42.175,171.875,17.671579295041738,14.263579295041739
5631,5859,324.0,-42.175,171.925,17.726095995321884,15.782095995321885
5632,5861,732.0,-42.175,171.975,17.755040974305302,13.363040974305303
5633,5444,895.0,-42.225,172.025,17.8111698629873,12.4411698629873
5634,5460,979.0,-42.225,172.075,17.83532634697076,11.961326346970761
5635,5461,582.0,-42.125,172.025,17.701852341351696,14.209852341351695
5636,5554,870.0,-42.125,172.075,17.711095581005793,12.491095581005794
5637,5555,863.0,-42.125,172.125,17.725370382608162,12.547370382608161
5638,5556,745.0,-42.125,172.175,17.749278391564076,13.279278391564077
5639,5643,1395.0,-42.225,172.125,17.861503930884282,9.491503930884283
5640,5660,791.0,-42.225,172.175,17.897611374810367,13.151611374810368
5641,5863,845.0,-42.175,172.025,17.771961372887745,12.701961372887745
5642,5865,1295.0,-42.175,172.075,17.785987525516248,10.015987525516248
5643,5867,1121.0,-42.175,172.125,17.804303210847138,11.078303210847139
5644,5869,1016.0,-42.175,172.175,17.83281013229498,11.73681013229498
5645,5557,321.0,-42.125,172.225,17.78591529293226,15.859915292932259
5646,5558,538.0,-42.125,172.275,17.836711403046138,14.608711403046138
5647,5559,707.0,-42.125,172.325,17.901831219132873,13.659831219132872
5648,5561,553.0,-42.125,172.375,17.98092171486678,14.662921714866782
5649,5663,399.0,-42.225,172.225,17.94915347958522,15.55515347958522
5650,5666,587.0,-42.225,172.275,18.016801367461085,14.494801367461084
5651,5670,889.0,-42.225,172.325,18.098438106664616,12.764438106664617
5652,5674,800.0,-42.225,172.375,18.192201264180767,13.392201264180766
5653,5871,375.0,-42.175,172.225,17.87541003520164,15.62541003520164
5654,5873,460.0,-42.175,172.275,17.933333120421594,15.173333120421594
5655,5875,989.0,-42.175,172.325,18.005935079743722,12.07193507974372
5656,5877,612.0,-42.175,172.375,18.092156994925972,14.420156994925971
5657,5562,1455.0,-42.125,172.425,18.073716929497095,9.343716929497095
5658,5564,1140.0,-42.125,172.475,18.180330217110168,11.340330217110168
5659,5566,636.0,-42.125,172.525,18.30132464248527,14.48532464248527
5660,5678,1597.0,-42.225,172.425,18.297257448177334,8.715257448177333
5661,5682,997.0,-42.225,172.475,18.413626912906693,12.431626912906694
5662,5686,1559.0,-42.225,172.525,18.541925196304874,9.187925196304874
5663,5879,1829.0,-42.175,172.425,18.191362123194267,7.217362123194269
5664,5881,1605.0,-42.175,172.475,18.30353322755218,8.673533227552179
5665,5968,734.0,-42.175,172.525,18.429207810953812,14.025207810953813
5666,5568,2017.0,-42.125,172.575,18.437667940994288,6.335667940994288
5667,5570,1551.0,-42.125,172.625,18.590616382312874,9.284616382312874
5668,5572,1269.0,-42.125,172.675,18.761521387657922,11.147521387657923
5669,5574,1851.0,-42.125,172.725,18.951526276870936,7.845526276870936
5670,5690,1878.0,-42.225,172.575,18.68314755994834,7.415147559948338
5671,5694,1307.0,-42.225,172.625,18.838465653534513,10.996465653534514
5672,5698,1194.0,-42.225,172.675,19.008991454260467,11.844991454260468
5673,5702,1189.0,-42.225,172.725,19.195466408600623,12.061466408600623
5674,5969,991.0,-42.175,172.575,18.569337976707175,12.623337976707175
5675,5970,1456.0,-42.175,172.625,18.72511279398168,9.989112793981679
5676,5971,1340.0,-42.175,172.675,18.8977248827523,10.8577248827523
5677,5972,1567.0,-42.175,172.725,19.088048997533406,9.686048997533407
5678,5576,1874.0,-42.125,172.775,19.16112350730873,7.917123507308732
5679,5578,1738.0,-42.125,172.825,19.38959060288107,8.961590602881072
5680,5580,1304.0,-42.125,172.875,19.634413578335625,11.810413578335627
5681,5784,1527.0,-42.225,172.775,19.397845328456242,10.235845328456243
5682,5786,1640.0,-42.225,172.825,19.614780080706623,9.774780080706625
5683,5788,1434.0,-42.225,172.875,19.84307646369234,11.239076463692342
5684,5973,1456.0,-42.175,172.775,19.29621318644422,10.56021318644422
5685,5974,1440.0,-42.175,172.825,19.521085843308356,10.881085843308355
5686,5975,1339.0,-42.175,172.875,19.759765192152372,11.725765192152371
5687,5582,1045.0,-42.125,172.925,19.890874885251833,13.620874885251833
5688,5584,1040.0,-42.125,172.975,20.151925084770482,13.911925084770482
5689,5585,946.0,-42.125,173.025,20.408266403834205,14.732266403834204
5690,5586,1008.0,-42.125,173.075,20.64838209087793,14.60038209087793
5691,5790,1284.0,-42.225,172.925,20.077262842030905,12.373262842030904
5692,5792,1825.0,-42.225,172.975,20.30938374399193,9.35938374399193
5693,5794,1133.0,-42.225,173.025,20.528982934409214,13.730982934409214
5694,5796,822.0,-42.225,173.075,20.72308589453678,15.79108589453678
5695,5976,1066.0,-42.175,172.925,20.007195704329206,13.611195704329205
5696,5977,1054.0,-42.175,172.975,20.255988109489408,13.93198810948941
5697,5978,1353.0,-42.175,173.025,20.49638100966149,12.378381009661492
5698,5979,1013.0,-42.175,173.075,20.716122859976167,14.638122859976168
5699,5587,968.0,-42.125,173.125,20.858111957395522,15.050111957395522
5700,5588,1108.0,-42.125,173.175,21.01905314806936,14.371053148069361
5701,5589,928.0,-42.125,173.225,21.103404785384555,15.535404785384555
5702,5798,1309.0,-42.225,173.125,20.8759955182486,13.021995518248602
5703,5800,1124.0,-42.225,173.175,20.969054301045617,14.225054301045617
5704,5802,1197.0,-42.225,173.225,20.98174153711625,13.79974153711625
5705,5980,1384.0,-42.175,173.125,20.899924527733674,12.595924527733674
5706,5981,1214.0,-42.175,173.175,21.028034240576744,13.744034240576745
5707,5982,1242.0,-42.175,173.225,21.07415027521347,13.62215027521347
5708,5590,1074.0,-42.125,173.275,21.06197505117416,14.61797505117416
5709,5591,1228.0,-42.125,173.325,20.880836307600475,13.512836307600477
5710,5592,1497.0,-42.125,173.375,20.613899159061475,11.631899159061476
5711,5593,1800.0,-42.125,173.425,20.297457307806326,9.497457307806327
5712,5804,1243.0,-42.225,173.275,20.897610881218498,13.4396108812185
5713,5806,1199.0,-42.225,173.325,20.714891671061196,13.520891671061197
5714,5809,515.0,-42.225,173.375,20.448947915969256,17.358947915969257
5715,5812,707.0,-42.225,173.425,20.122792663109067,15.880792663109066
5716,5983,1539.0,-42.175,173.275,21.00994899030775,11.775948990307748
5717,5984,1160.0,-42.175,173.325,20.83078413943076,13.87078413943076
5718,5985,872.0,-42.175,173.375,20.563628961386712,15.331628961386713
5719,5986,1151.0,-42.175,173.425,20.239658299813527,13.333658299813528
5720,5594,1759.0,-42.125,173.475,19.954916523198335,9.400916523198335
5721,5595,780.0,-42.125,173.525,19.604416829926777,14.924416829926777
5722,5596,657.0,-42.125,173.575,19.261099897605163,15.319099897605163
5723,5597,542.0,-42.125,173.625,18.937640604908665,15.685640604908667
5724,5815,715.0,-42.225,173.475,19.759342299708806,15.469342299708806
5725,5818,909.0,-42.225,173.525,19.379553286900773,13.925553286900772
5726,5821,1220.0,-42.225,173.575,19.002771074170596,11.682771074170596
5727,5825,2202.0,-42.225,173.625,18.646885350794037,5.434885350794037
5728,5987,562.0,-42.175,173.475,19.88374459021361,16.51174459021361
5729,5988,769.0,-42.175,173.525,19.51609861180259,14.90209861180259
5730,5989,673.0,-42.175,173.575,19.154094913195877,15.116094913195877
5731,5990,1017.0,-42.175,173.625,18.812800844440062,12.710800844440062
5732,5598,850.0,-42.125,173.675,18.64397732672296,13.543977326722962
5733,5599,1287.0,-42.125,173.725,18.38675131644777,10.664751316447772
5734,5600,1014.0,-42.125,173.775,18.168987305856717,12.084987305856718
5735,5827,1394.0,-42.225,173.675,18.327247531557077,9.963247531557078
5736,5829,635.0,-42.225,173.725,18.054260651548248,14.244260651548249
5737,5831,684.0,-42.225,173.775,17.831401951978478,13.727401951978479
5738,5991,2140.0,-42.175,173.675,18.504410206016473,5.664410206016475
5739,5992,1421.0,-42.175,173.725,18.237074432137888,9.711074432137888
5740,5993,545.0,-42.175,173.775,18.01410402059264,14.74410402059264
5741,5601,530.0,-42.125,173.825,17.99039408175304,14.810394081753039
5742,5602,129.0,-42.125,173.875,17.848232321361138,17.074232321361137
5743,5603,2.0,-42.125,173.925,17.73836410675358,17.72636410675358
5744,5833,428.0,-42.225,173.825,17.655982026728452,15.087982026728453
5745,5994,856.0,-42.175,173.825,17.83440932341182,12.69840932341182
5746,5995,357.0,-42.175,173.875,17.69400363928071,15.55200363928071
5747,5996,3.0,-42.175,173.925,17.587635679625237,17.569635679625236
5748,5001,201.0,-42.025,171.425,16.563275533879278,15.357275533879278
5749,5002,241.0,-42.025,171.475,16.60803739228868,15.16203739228868
5750,5053,183.0,-41.975,171.425,16.379258579323505,15.281258579323504
5751,5054,230.0,-41.975,171.475,16.419475180333393,15.039475180333394
5752,5319,139.0,-41.925,171.425,16.147263631135502,15.313263631135502
5753,5322,87.0,-41.925,171.475,16.17974811221211,15.65774811221211
5754,5604,340.0,-42.075,171.375,16.6133752970145,14.5733752970145
5755,5605,181.0,-42.075,171.425,16.675887644161776,15.589887644161776
5756,5606,201.0,-42.075,171.475,16.72630206728718,15.52030206728718
5757,5003,320.0,-42.025,171.525,16.655988255384727,14.735988255384727
5758,5004,887.0,-42.025,171.575,16.718551766020028,11.396551766020028
5759,5005,866.0,-42.025,171.625,16.800812487868825,11.604812487868825
5760,5055,227.0,-41.975,171.525,16.4619705525256,15.0999705525256
5761,5056,641.0,-41.975,171.575,16.51886865022243,12.67286865022243
5762,5057,858.0,-41.975,171.625,16.596168018393655,11.448168018393655
5763,5326,149.0,-41.925,171.525,16.21597440342157,15.321974403421569
5764,5332,533.0,-41.925,171.575,16.26847007502147,13.070470075021468
5765,5339,1172.0,-41.925,171.625,16.34390057399105,9.31190057399105
5766,5607,868.0,-42.075,171.525,16.78273944996181,11.574739449961811
5767,5608,840.0,-42.075,171.575,16.85456925389917,11.814569253899172
5768,5609,707.0,-42.075,171.625,16.945599151698843,12.703599151698842
5769,5006,966.0,-42.025,171.675,16.90236646154517,11.106366461545171
5770,5007,928.0,-42.025,171.725,17.018003522787694,11.450003522787695
5771,5008,647.0,-42.025,171.775,17.13818908301073,13.25618908301073
5772,5009,257.0,-42.025,171.825,17.249264508307533,15.707264508307533
5773,5058,760.0,-41.975,171.675,16.693509538039507,12.133509538039508
5774,5059,957.0,-41.975,171.725,16.805074092466384,11.063074092466383
5775,5060,653.0,-41.975,171.775,16.92112020523018,13.003120205230182
5776,5061,417.0,-41.975,171.825,17.029882982829804,14.527882982829805
5777,5439,335.0,-41.925,171.675,16.441378400993926,14.431378400993927
5778,5445,786.0,-41.925,171.725,16.55390859986801,11.837908599868008
5779,5459,294.0,-41.925,171.775,16.671420683458564,14.907420683458565
5780,5610,871.0,-42.075,171.675,17.055148986513814,11.829148986513815
5781,5611,1066.0,-42.075,171.725,17.178553207122604,10.782553207122604
5782,5612,264.0,-42.075,171.775,17.30717908533552,15.72317908533552
5783,5613,159.0,-42.075,171.825,17.426973190429635,16.472973190429634
5784,5642,340.0,-41.925,171.825,16.783520957438668,14.743520957438669
5785,5010,141.0,-42.025,171.875,17.33612512673244,16.49012512673244
5786,5011,160.0,-42.025,171.925,17.393024131722996,16.433024131722995
5787,5012,625.0,-42.025,171.975,17.427708553745106,13.677708553745106
5788,5062,133.0,-41.975,171.875,17.120874660013214,16.322874660013213
5789,5063,120.0,-41.975,171.925,17.189632511241143,16.469632511241144
5790,5064,375.0,-41.975,171.975,17.23904318570021,14.989043185700211
5791,5614,196.0,-42.075,171.875,17.514537588938765,16.338537588938767
5792,5615,407.0,-42.075,171.925,17.559745439271865,15.117745439271864
5793,5616,848.0,-42.075,171.975,17.58189946911807,12.49389946911807
5794,5664,287.0,-41.925,171.875,16.881970835940592,15.159970835940593
5795,5667,104.0,-41.925,171.925,16.962816779374407,16.338816779374408
5796,5671,199.0,-41.925,171.975,17.026797984512086,15.832797984512087
5797,5013,583.0,-42.025,172.025,17.450488608188607,13.952488608188608
5798,5014,1279.0,-42.025,172.075,17.469154023743613,9.795154023743613
5799,5015,1245.0,-42.025,172.125,17.48930451288652,10.01930451288652
5800,5016,644.0,-42.025,172.175,17.51501713669677,13.651017136696769
5801,5065,1011.0,-41.975,172.025,17.275503870549073,11.209503870549074
5802,5066,1296.0,-41.975,172.075,17.305392813235812,9.529392813235813
5803,5067,1068.0,-41.975,172.125,17.33394092737217,10.925940927372169
5804,5068,424.0,-41.975,172.175,17.365180587990835,14.821180587990835
5805,5617,553.0,-42.075,172.025,17.59455281552073,14.276552815520729
5806,5618,858.0,-42.075,172.075,17.605595572496895,12.457595572496896
5807,5619,1043.0,-42.075,172.125,17.620571650597412,11.362571650597413
5808,5620,398.0,-42.075,172.175,17.643584824052596,15.255584824052596
5809,5675,717.0,-41.925,172.025,17.07768060433591,12.77568060433591
5810,5679,1243.0,-41.925,172.075,17.120197582375113,9.662197582375114
5811,5683,472.0,-41.925,172.125,17.15882919571777,14.326829195717771
5812,5687,400.0,-41.925,172.175,17.197353913637926,14.797353913637926
5813,5017,849.0,-42.025,172.225,17.549168574711075,12.455168574711074
5814,5018,1039.0,-42.025,172.275,17.593630257455516,11.359630257455516
5815,5019,647.0,-42.025,172.325,17.649504802404408,13.767504802404408
5816,5020,806.0,-42.025,172.375,17.717425848981293,12.881425848981293
5817,5069,500.0,-41.975,172.225,17.402099590091893,14.402099590091893
5818,5070,1479.0,-41.975,172.275,17.44681237383702,8.57281237383702
5819,5071,502.0,-41.975,172.325,17.50075447586096,14.488754475860958
5820,5072,1102.0,-41.975,172.375,17.564903495078397,10.952903495078399
5821,5621,526.0,-42.075,172.225,17.677461137147475,14.521461137147476
5822,5622,655.0,-42.075,172.275,17.723822970234323,13.793822970234324
5823,5623,432.0,-42.075,172.325,17.78336175683944,15.19136175683944
5824,5624,1035.0,-42.075,172.375,17.856275951029602,11.646275951029601
5825,5691,302.0,-41.925,172.225,17.238768655064632,15.426768655064633
5826,5695,438.0,-41.925,172.275,17.28535122305948,14.657351223059479
5827,5699,343.0,-41.925,172.325,17.338783712286386,15.280783712286386
5828,5703,613.0,-41.925,172.375,17.400305612709417,13.722305612709416
5829,5021,1378.0,-42.025,172.425,17.797855952630925,9.529855952630927
5830,5022,995.0,-42.025,172.475,17.89132187656469,11.92132187656469
5831,5023,452.0,-42.025,172.525,17.99857171714939,15.28657171714939
5832,5073,787.0,-41.975,172.425,17.64000064191532,12.918000641915322
5833,5074,565.0,-41.975,172.475,17.72674412167362,14.336744121673618
5834,5075,558.0,-41.975,172.525,17.825944279096802,14.477944279096803
5835,5625,1469.0,-42.075,172.425,17.94268641893177,9.128686418931771
5836,5626,935.0,-42.075,172.475,18.0429121761681,12.432912176168102
5837,5627,956.0,-42.075,172.525,18.15760522576602,12.421605225766019
5838,5808,965.0,-41.925,172.425,17.4708740628339,11.680874062833901
5839,5811,928.0,-41.925,172.475,17.55131420760881,11.983314207608812
5840,5814,780.0,-41.925,172.525,17.642454677811656,12.962454677811657
5841,5024,1714.0,-42.025,172.575,18.1206687167396,7.8366687167396005
5842,5025,1296.0,-42.025,172.625,18.25903758417644,10.48303758417644
5843,5026,1152.0,-42.025,172.675,18.415454223507368,11.503454223507369
5844,5027,1545.0,-42.025,172.725,18.591915794425404,9.321915794425404
5845,5076,1528.0,-41.975,172.575,17.938650197531388,8.770650197531388
5846,5077,963.0,-41.975,172.625,18.066266237568925,12.288266237568925
5847,5078,1309.0,-41.975,172.675,18.210667626653958,10.356667626653959
5848,5079,1635.0,-41.975,172.725,18.37427302364904,8.564273023649038
5849,5628,1987.0,-42.075,172.575,18.287786293953104,6.365786293953104
5850,5629,1300.0,-42.075,172.625,18.434808115465785,10.634808115465784
5851,5630,1837.0,-42.075,172.675,18.600237250682767,7.578237250682767
5852,5631,2250.0,-42.075,172.725,18.785606588580777,5.285606588580777
5853,5817,800.0,-41.925,172.575,17.745258549522077,12.945258549522077
5854,5820,894.0,-41.925,172.625,17.860975454626896,12.496975454626895
5855,5823,1157.0,-41.925,172.675,17.99135508092877,11.04935508092877
5856,5899,1498.0,-41.925,172.725,18.138963484012493,9.150963484012493
5857,5028,2047.0,-42.025,172.775,18.790244380121294,6.508244380121296
5858,5029,1985.0,-42.025,172.825,19.01124002151846,7.101240021518461
5859,5030,1566.0,-42.025,172.875,19.253444537793257,9.857444537793258
5860,5080,906.0,-41.975,172.775,18.559872287783946,13.123872287783946
5861,5081,1069.0,-41.975,172.825,18.769704766677023,12.355704766677023
5862,5082,1361.0,-41.975,172.875,19.003372115561433,10.837372115561434
5863,5632,1159.0,-42.075,172.775,18.991966830795718,12.037966830795717
5864,5633,906.0,-42.075,172.825,19.219205247499303,13.783205247499303
5865,5634,1794.0,-42.075,172.875,19.46525963249951,8.701259632499509
5866,5900,1847.0,-41.925,172.775,18.307526893237082,7.225526893237083
5867,5901,1260.0,-41.925,172.825,18.501528880351543,10.941528880351544
5868,5902,1226.0,-41.925,172.875,18.722860444058824,11.366860444058824
5869,5031,1550.0,-42.025,172.925,19.512159776821136,10.212159776821137
5870,5032,1422.0,-42.025,172.975,19.779453634328092,11.247453634328092
5871,5033,1693.0,-42.025,173.025,20.044918525089088,9.886918525089088
5872,5034,1706.0,-42.025,173.075,20.2962164492219,10.060216449221903
5873,5083,1443.0,-41.975,172.925,19.25578806269914,10.59778806269914
5874,5084,1796.0,-41.975,172.975,19.51743234784226,8.74143234784226
5875,5085,1307.0,-41.975,173.025,19.77626118498665,11.934261184986653
5876,5086,1294.0,-41.975,173.075,20.018826660785635,12.254826660785636
5877,5635,941.0,-42.075,172.925,19.725551461424402,14.079551461424401
5878,5636,1504.0,-42.075,172.975,19.992911295978047,10.968911295978048
5879,5637,1052.0,-42.075,173.025,20.257888224829003,13.945888224829003
5880,5638,1846.0,-42.075,173.075,20.5090065837976,9.4330065837976
5881,5903,822.0,-41.925,172.925,18.96568274600577,14.033682746005768
5882,5904,1665.0,-41.925,172.975,19.217557477517403,9.227557477517404
5883,5905,975.0,-41.925,173.025,19.464430794419968,13.614430794419969
5884,5906,1443.0,-41.925,173.075,19.692370026443314,11.034370026443314
5885,5035,1748.0,-42.025,173.125,20.51869622758204,10.030696227582041
5886,5036,1267.0,-42.025,173.175,20.693538601422915,13.091538601422915
5887,5037,1227.0,-42.025,173.225,20.793412154265752,13.431412154265754
5888,5087,1606.0,-41.975,173.125,20.229921637524967,10.593921637524968
5889,5088,1813.0,-41.975,173.175,20.391295638917654,9.513295638917656
5890,5089,1689.0,-41.975,173.225,20.481028504491405,10.347028504491405
5891,5639,1669.0,-42.075,173.125,20.732492851611823,10.718492851611822
5892,5640,1205.0,-42.075,173.175,20.910876750447642,13.680876750447641
5893,5641,1325.0,-42.075,173.225,21.018418045234284,13.068418045234285
5894,5907,1136.0,-41.925,173.125,19.88703599847031,13.071035998470311
5895,5908,919.0,-41.925,173.175,20.03309732094567,14.519097320945672
5896,5909,1882.0,-41.925,173.225,20.115241698524187,8.823241698524187
5897,5038,1421.0,-42.025,173.275,20.781565384233545,12.255565384233545
5898,5039,1458.0,-42.025,173.325,20.65059936419857,11.90259936419857
5899,5040,846.0,-42.025,173.375,20.437636546837894,15.361636546837893
5900,5041,962.0,-42.025,173.425,20.176689006999368,14.40468900699937
5901,5090,1648.0,-41.975,173.275,20.4792428976034,10.591242897603399
5902,5091,1746.0,-41.975,173.325,20.383855822889018,9.907855822889017
5903,5092,1339.0,-41.975,173.375,20.214440874198772,12.180440874198771
5904,5093,911.0,-41.975,173.425,19.996446545774234,14.530446545774234
5905,5645,900.0,-42.075,173.275,20.997638024853586,15.597638024853588
5906,5646,950.0,-42.075,173.325,20.82585743926211,15.12585743926211
5907,5647,1341.0,-42.075,173.375,20.57490648431849,12.52890648431849
5908,5648,941.0,-42.075,173.425,20.27879469189429,14.63279469189429
5909,5910,1570.0,-41.925,173.275,20.122626338747068,10.702626338747068
5910,5911,1529.0,-41.925,173.325,20.055290333406447,10.881290333406447
5911,5912,1424.0,-41.925,173.375,19.92525782427765,11.38125782427765
5912,5913,807.0,-41.925,173.425,19.750446172012744,14.908446172012745
5913,5042,1266.0,-42.025,173.475,19.890841068048758,12.294841068048758
5914,5043,1415.0,-42.025,173.525,19.597002252536186,11.107002252536185
5915,5044,1868.0,-42.025,173.575,19.308278795546357,8.100278795546357
5916,5045,2076.0,-42.025,173.625,19.034884034899733,6.5788840348997315
5917,5094,867.0,-41.975,173.475,19.751379152105073,14.549379152105073
5918,5095,783.0,-41.975,173.525,19.495868579539092,14.797868579539092
5919,5096,1323.0,-41.975,173.575,19.242688127302245,11.304688127302246
5920,5097,1948.0,-41.975,173.625,19.001550454369863,7.313550454369862
5921,5649,1263.0,-42.075,173.475,19.959327877400938,12.381327877400938
5922,5650,1560.0,-42.075,173.525,19.633251120769273,10.273251120769274
5923,5651,1339.0,-42.075,173.575,19.31418918520285,11.280189185202849
5924,5652,688.0,-42.075,173.625,19.013197896547354,14.885197896547353
5925,5914,1110.0,-41.925,173.475,19.548561697469268,12.888561697469267
5926,5915,747.0,-41.925,173.525,19.334574393764342,14.852574393764343
5927,5916,731.0,-41.925,173.575,19.120361670924467,14.734361670924468
5928,5917,988.0,-41.925,173.625,18.914984790229937,12.986984790229936
5929,5046,1687.0,-42.025,173.675,18.784425810925313,8.662425810925313
5930,5047,586.0,-42.025,173.725,18.56197464181969,15.045974641819688
5931,5048,261.0,-42.025,173.775,18.370152678013255,16.804152678013256
5932,5098,2188.0,-41.975,173.675,18.77954287175089,5.651542871750893
5933,5099,1457.0,-41.975,173.725,18.58137072014506,9.83937072014506
5934,5100,581.0,-41.975,173.775,18.409560879939818,14.923560879939817
5935,5653,331.0,-42.075,173.675,18.73873828541764,16.75273828541764
5936,5654,721.0,-42.075,173.725,18.496468696233933,14.170468696233932
5937,5655,826.0,-42.075,173.775,18.289166645365185,13.333166645365186
5938,5918,836.0,-41.925,173.675,18.7250200942035,13.709020094203503
5939,5919,1862.0,-41.925,173.725,18.55483652545081,7.382836525450809
5940,5920,961.0,-41.925,173.775,18.406845465702645,12.640845465702647
5941,5049,427.0,-42.025,173.825,18.20937281377701,15.64737281377701
5942,5050,364.0,-42.025,173.875,18.078242419731396,15.894242419731395
5943,5051,522.0,-42.025,173.925,17.97406080508881,14.842060805088812
5944,5052,67.0,-42.025,173.975,17.893321551695408,17.491321551695407
5945,5152,493.0,-41.975,173.825,18.264714830333105,15.306714830333105
5946,5207,682.0,-41.975,173.875,18.14583263356326,14.05383263356326
5947,5209,728.0,-41.975,173.925,18.050679707834206,13.682679707834206
5948,5211,302.0,-41.975,173.975,17.976157126155158,16.164157126155157
5949,5656,502.0,-42.075,173.825,18.116973198673804,15.104973198673804
5950,5657,216.0,-42.075,173.875,17.97795103702083,16.68195103702083
5951,5658,131.0,-42.075,173.925,17.868788381834747,17.082788381834746
5952,5921,620.0,-41.925,173.825,18.28175927214761,14.561759272147611
5953,5922,1033.0,-41.925,173.875,18.17886741732218,11.98086741732218
5954,5923,672.0,-41.925,173.925,18.096312080539064,14.064312080539064
5955,5924,640.0,-41.925,173.975,18.031340928326244,14.191340928326245
5956,5213,81.0,-41.975,174.025,17.918664319364325,17.432664319364324
5957,5925,809.0,-41.925,174.025,17.980546339182183,13.126546339182184
5958,5926,159.0,-41.925,174.075,17.940171638671018,16.986171638671017
5959,5927,61.0,-41.875,171.475,15.908470347410912,15.542470347410912
5960,6128,17.0,-41.825,171.475,15.625597171327172,15.523597171327172
5961,6184,27.0,-41.775,171.475,15.352249461357133,15.190249461357132
5962,5928,61.0,-41.875,171.525,15.935663723554171,15.569663723554171
5963,5929,244.0,-41.875,171.575,15.983287087012286,14.519287087012286
5964,5930,1102.0,-41.875,171.625,16.059398390460046,9.447398390460048
5965,6129,20.0,-41.825,171.525,15.640461159049664,15.520461159049665
5966,6130,111.0,-41.825,171.575,15.681386336447758,15.015386336447758
5967,6131,20.0,-41.825,171.625,15.760696343113523,15.640696343113524
5968,6185,20.0,-41.775,171.525,15.353533837112991,15.233533837112992
5969,6186,32.0,-41.775,171.575,15.384370413939905,15.192370413939905
5970,6187,6.0,-41.775,171.625,15.470284454200737,15.434284454200737
5971,5931,691.0,-41.875,171.675,16.161499154841295,12.015499154841294
5972,5932,167.0,-41.875,171.725,16.279899374865636,15.277899374865635
5973,5933,232.0,-41.875,171.775,16.403480432756623,15.011480432756624
5974,5934,119.0,-41.875,171.825,16.522597961527936,15.808597961527935
5975,6132,454.0,-41.825,171.675,15.871681952468862,13.147681952468862
5976,6133,550.0,-41.825,171.725,15.999313379252271,12.69931337925227
5977,6134,423.0,-41.825,171.775,16.131240116545086,13.593240116545086
5978,6135,256.0,-41.825,171.825,16.25864435841686,14.72264435841686
5979,6188,95.0,-41.775,171.675,15.592312798731655,15.022312798731654
5980,6189,667.0,-41.775,171.725,15.728698274571798,11.726698274571799
5981,6190,742.0,-41.775,171.775,15.867767345078391,11.415767345078391
5982,6191,913.0,-41.775,171.825,16.002042584037554,10.524042584037552
5983,5935,354.0,-41.875,171.875,16.630305697137373,14.506305697137373
5984,5936,62.0,-41.875,171.925,16.723047768586184,16.351047768586184
5985,5937,157.0,-41.875,171.975,16.800604933408977,15.858604933408976
5986,6136,142.0,-41.825,171.875,16.37567328832847,15.523673288328471
5987,6137,289.0,-41.825,171.925,16.47923221703786,14.745232217037861
5988,6138,334.0,-41.825,171.975,16.56871081396821,14.56471081396821
5989,6192,291.0,-41.775,171.875,16.126660444935624,14.380660444935623
5990,6193,146.0,-41.775,171.925,16.238926886153422,15.362926886153423
5991,6194,341.0,-41.775,171.975,16.338034942938975,14.292034942938976
5992,5938,337.0,-41.875,172.025,16.865180820741443,14.843180820741443
5993,5939,719.0,-41.875,172.075,16.920178557880718,12.606178557880718
5994,5940,1075.0,-41.875,172.125,16.96924900420163,10.51924900420163
5995,5941,632.0,-41.875,172.175,17.01576324229609,13.223763242296089
5996,6139,477.0,-41.825,172.025,16.645399127117344,13.783399127117343
5997,6140,438.0,-41.825,172.075,16.71173146878573,14.083731468785729
5998,6141,779.0,-41.825,172.125,16.770610637733625,12.096610637733626
5999,6142,291.0,-41.825,172.175,16.8249446267655,15.0789446267655
6000,6195,80.0,-41.775,172.025,16.424676349819492,15.944676349819492
6001,6196,719.0,-41.775,172.075,16.500559384197913,12.186559384197913
6002,6197,375.0,-41.775,172.125,16.56794289626123,14.31794289626123
6003,6198,183.0,-41.775,172.175,16.629271413448805,15.531271413448804
6004,5942,883.0,-41.875,172.225,17.062595603771115,11.764595603771115
6005,5943,369.0,-41.875,172.275,17.11207991707306,14.89807991707306
6006,5944,229.0,-41.875,172.325,17.166053807650314,15.792053807650314
6007,5945,863.0,-41.875,172.375,17.2259456721913,12.0479456721913
6008,6143,311.0,-41.825,172.225,16.877390348185145,15.011390348185145
6009,6144,463.0,-41.825,172.275,16.930243949876967,14.152243949876967
6010,6145,178.0,-41.825,172.325,16.985419871220074,15.917419871220075
6011,6146,288.0,-41.825,172.375,17.044478724511464,15.316478724511464
6012,6199,190.0,-41.775,172.225,16.68693352812079,15.546933528120789
6013,6200,158.0,-41.775,172.275,16.74312406397803,15.79512406397803
6014,6201,175.0,-41.775,172.325,16.799778714302192,15.749778714302192
6015,6202,182.0,-41.775,172.375,16.858554375302447,15.766554375302446
6016,5946,584.0,-41.875,172.425,17.29287839553399,13.78887839553399
6017,5947,371.0,-41.875,172.475,17.367775120548686,15.141775120548687
6018,5948,644.0,-41.875,172.525,17.451463217391392,13.587463217391392
6019,6147,715.0,-41.825,172.425,17.108679455048332,12.818679455048333
6020,6148,287.0,-41.825,172.475,17.179042407785346,15.457042407785346
6021,6149,639.0,-41.825,172.525,17.25641944549716,13.422419445497159
6022,6203,428.0,-41.775,172.425,16.92083719452239,14.352837194522392
6023,6204,505.0,-41.775,172.475,16.987768642778065,13.957768642778065
6024,6205,436.0,-41.775,172.525,17.060287586378763,14.444287586378763
6025,5949,793.0,-41.875,172.575,17.544785276755647,12.786785276755648
6026,5950,797.0,-41.875,172.625,17.64874246776344,12.86674246776344
6027,5951,664.0,-41.875,172.675,17.76472372792705,13.780723727927048
6028,5952,1247.0,-41.875,172.725,17.894937689889048,10.412937689889048
6029,6150,962.0,-41.825,172.575,17.341577356221023,11.569577356221025
6030,6151,454.0,-41.825,172.625,17.435314061276586,14.711314061276585
6031,6152,636.0,-41.825,172.675,17.53865027622851,13.72265027622851
6032,6153,910.0,-41.825,172.725,17.65319510840891,12.193195108408908
6033,6206,606.0,-41.775,172.575,17.139195180441675,13.503195180441676
6034,6207,877.0,-41.775,172.625,17.2252627106991,11.963262710699098
6035,6208,564.0,-41.775,172.675,17.319428247130418,13.935428247130417
6036,6209,568.0,-41.775,172.725,17.423192761627433,14.015192761627434
6037,5953,1571.0,-41.875,172.775,18.043312958083334,8.617312958083334
6038,5954,675.0,-41.875,172.825,18.217031646812757,14.167031646812756
6039,5955,1653.0,-41.875,172.875,18.42351437628531,8.50551437628531
6040,6154,1072.0,-41.825,172.775,17.78197533464845,11.34997533464845
6041,6155,734.0,-41.825,172.825,17.932149891032168,13.528149891032168
6042,6156,1255.0,-41.825,172.875,18.12289442979636,10.59289442979636
6043,6210,552.0,-41.775,172.775,17.539549268878545,14.227549268878546
6044,6211,808.0,-41.775,172.825,17.675853250704677,12.827853250704678
6045,6212,792.0,-41.775,172.875,17.84682954584423,13.094829545844231
6046,5956,658.0,-41.875,172.925,18.655180589397787,14.707180589397787
6047,5957,1671.0,-41.875,172.975,18.894109338387352,8.868109338387352
6048,5958,1445.0,-41.875,173.025,19.12476146534027,10.45476146534027
6049,5959,798.0,-41.875,173.075,19.33400481872195,14.54600481872195
6050,6082,1073.0,-41.775,173.075,18.58074590975957,12.142745909759572
6051,6157,806.0,-41.825,172.925,18.341588904513628,13.505588904513628
6052,6158,1115.0,-41.825,172.975,18.562964701093733,11.872964701093732
6053,6159,1407.0,-41.825,173.025,18.77261666290542,10.33061666290542
6054,6160,961.0,-41.825,173.075,18.959309685724293,13.193309685724294
6055,6213,700.0,-41.775,172.925,18.041834489236862,13.841834489236863
6056,6214,530.0,-41.775,172.975,18.23785275309274,15.057852753092739
6057,6215,1085.0,-41.775,173.025,18.420799379233358,11.910799379233358
6058,5960,1700.0,-41.875,173.125,19.509631476699724,9.309631476699725
6059,5961,1074.0,-41.875,173.175,19.64001683898823,13.196016838988232
6060,5962,1898.0,-41.875,173.225,19.71519694042945,8.32719694042945
6061,6094,498.0,-41.775,173.125,18.710333163358882,15.722333163358883
6062,6108,900.0,-41.775,173.175,18.80445947226326,13.404459472263262
6063,6118,541.0,-41.775,173.225,18.86042987332985,15.614429873329849
6064,6161,1112.0,-41.825,173.125,19.113441653487826,12.441441653487825
6065,6162,839.0,-41.825,173.175,19.226911632253177,14.192911632253178
6066,6163,1184.0,-41.825,173.225,19.2938243981298,12.189824398129801
6067,5963,1284.0,-41.875,173.275,19.72945111842273,12.02545111842273
6068,5964,819.0,-41.875,173.325,19.68401128349069,14.77001128349069
6069,5965,1354.0,-41.875,173.375,19.587302972067846,11.463302972067847
6070,5966,1087.0,-41.875,173.425,19.452164873502625,12.930164873502626
6071,6164,1667.0,-41.825,173.275,19.31175869098297,9.309758690982969
6072,6165,1033.0,-41.825,173.325,19.282829767282237,13.084829767282237
6073,6166,810.0,-41.825,173.375,19.213568838975334,14.353568838975335
6074,6167,637.0,-41.825,173.425,19.11344692503917,15.291446925039171
6075,6238,1029.0,-41.775,173.275,18.878278177042375,12.704278177042376
6076,6241,1412.0,-41.775,173.325,18.860921586663608,10.388921586663608
6077,6243,714.0,-41.775,173.375,18.81381372609394,14.529813726093941
6078,6254,1035.0,-41.775,173.425,18.74405861041305,12.534058610413048
6079,5967,1314.0,-41.875,173.475,19.292378839720186,11.408378839720186
6080,6061,1141.0,-41.875,173.525,19.120444349158788,12.274444349158788
6081,6072,612.0,-41.875,173.575,18.946698755127727,15.274698755127726
6082,6084,569.0,-41.875,173.625,18.779174417373724,15.365174417373725
6083,6168,1160.0,-41.825,173.475,18.992898423392035,12.032898423392034
6084,6169,933.0,-41.825,173.525,18.86176211414204,13.26376211414204
6085,6170,1022.0,-41.825,173.575,18.72843129787725,12.596431297877249
6086,6171,1450.0,-41.825,173.625,18.599548336220323,9.899548336220324
6087,6264,708.0,-41.775,173.475,18.659305091263377,14.411305091263376
6088,6273,1037.0,-41.775,173.525,18.56680668469926,12.34480668469926
6089,6274,612.0,-41.775,173.575,18.4728279292176,14.8008279292176
6090,6275,794.0,-41.775,173.625,18.38236863016209,13.618368630162092
6091,6096,495.0,-41.875,173.675,18.623734845961735,15.653734845961734
6092,6106,670.0,-41.875,173.725,18.48428953057737,14.464289530577371
6093,6112,927.0,-41.875,173.775,18.363029564530734,12.801029564530735
6094,6172,1419.0,-41.825,173.675,18.479996630478126,9.965996630478127
6095,6173,481.0,-41.825,173.725,18.373027499081218,15.487027499081218
6096,6174,617.0,-41.825,173.775,18.28044822235097,14.57844822235097
6097,6276,1049.0,-41.775,173.675,18.299097483402875,12.005097483402874
6098,6277,993.0,-41.775,173.725,18.225404345124844,12.267404345124845
6099,6278,1233.0,-41.775,173.775,18.162526894069742,10.764526894069743
6100,6121,989.0,-41.875,173.825,18.26067318974674,12.326673189746739
6101,6122,781.0,-41.875,173.875,18.17670831213036,13.490708312130359
6102,6123,507.0,-41.875,173.925,18.109603183795116,15.067603183795116
6103,6124,468.0,-41.875,173.975,18.056953196395625,15.248953196395625
6104,6175,359.0,-41.825,173.825,18.202841673359217,16.048841673359217
6105,6176,516.0,-41.825,173.875,18.13978859517738,15.043788595177379
6106,6177,541.0,-41.825,173.925,18.090042733078008,14.844042733078007
6107,6178,420.0,-41.825,173.975,18.05160054734006,15.531600547340059
6108,6279,439.0,-41.775,173.825,18.11073828156441,15.476738281564408
6109,6280,272.0,-41.775,173.875,18.069569493512972,16.43756949351297
6110,6281,520.0,-41.775,173.925,18.03798589449434,14.91798589449434
6111,6282,583.0,-41.775,173.975,18.014416339538002,14.516416339538003
6112,6125,235.0,-41.875,174.025,18.015559731356916,16.605559731356916
6113,6126,182.0,-41.875,174.075,17.98153106076643,16.88953106076643
6114,6127,44.0,-41.875,174.125,17.950735722813988,17.68673572281399
6115,6180,355.0,-41.825,174.025,18.021622641310387,15.891622641310388
6116,6181,200.0,-41.825,174.075,17.996197918553662,16.796197918553663
6117,6182,47.0,-41.825,174.125,17.97024299045006,17.68824299045006
6118,6283,659.0,-41.775,174.025,17.9965854516704,14.042585451670398
6119,6284,314.0,-41.775,174.075,17.98106585622736,16.09706585622736
6120,6285,82.0,-41.775,174.125,17.962105441001768,17.470105441001767
6121,6183,26.0,-41.825,174.175,17.939246958507283,17.783246958507284
6122,6286,113.0,-41.775,174.175,17.93142951351183,17.25342951351183
6123,6287,45.0,-41.775,174.225,17.89043756796309,17.62043756796309
6124,6288,6.0,-41.725,171.725,15.482195676850097,15.446195676850097
6125,6289,66.0,-41.725,171.775,15.623582499003533,15.227582499003532
6126,6290,741.0,-41.725,171.825,15.761032803653507,11.315032803653507
6127,6338,176.0,-41.675,171.825,15.540706604968364,14.484706604968363
6128,6022,207.0,-41.625,171.875,15.469946896118927,14.227946896118928
6129,6023,389.0,-41.625,171.925,15.590004357578437,13.256004357578437
6130,6024,245.0,-41.625,171.975,15.701021376777135,14.231021376777134
6131,6251,372.0,-41.575,171.925,15.40575908786559,13.17375908786559
6132,6257,252.0,-41.575,171.975,15.515599619631757,14.003599619631757
6133,6291,681.0,-41.725,171.875,15.890087219342604,11.804087219342605
6134,6292,223.0,-41.725,171.925,16.008130536860335,14.670130536860336
6135,6293,387.0,-41.725,171.975,16.11409589303912,13.792095893039122
6136,6339,782.0,-41.675,171.875,15.670478017109417,10.978478017109417
6137,6340,478.0,-41.675,171.925,15.791039425457711,12.923039425457711
6138,6341,345.0,-41.675,171.975,15.900915248896126,13.830915248896126
6139,6025,565.0,-41.625,172.025,15.802126622633295,12.412126622633295
6140,6026,1005.0,-41.625,172.075,15.893293364679266,9.863293364679265
6141,6027,936.0,-41.625,172.125,15.975154803762962,10.359154803762962
6142,6028,206.0,-41.625,172.175,16.048853418732506,14.812853418732505
6143,6266,329.0,-41.575,172.025,15.616766070532321,13.642766070532321
6144,6294,554.0,-41.725,172.025,16.208165782965807,12.884165782965807
6145,6295,513.0,-41.725,172.075,16.29143833017224,13.213438330172242
6146,6296,1202.0,-41.725,172.125,16.365599486380233,9.153599486380234
6147,6297,625.0,-41.725,172.175,16.432645759334264,12.682645759334264
6148,6342,359.0,-41.675,172.025,15.999764689451695,13.845764689451695
6149,6343,1133.0,-41.675,172.075,16.088114177264288,9.290114177264288
6150,6344,527.0,-41.675,172.125,16.1671132467618,13.005113246761802
6151,6345,927.0,-41.675,172.175,16.238325171860197,10.676325171860197
6152,6365,1182.0,-41.575,172.075,15.70871093678852,8.616710936788522
6153,6368,945.0,-41.575,172.125,15.791567918326109,10.121567918326111
6154,6372,314.0,-41.575,172.175,15.86606878027851,13.98206878027851
6155,6029,728.0,-41.625,172.225,16.115910249365697,11.747910249365697
6156,6030,1069.0,-41.625,172.275,16.17809837389086,9.764098373890862
6157,6031,962.0,-41.625,172.325,16.237315477257653,10.465315477257654
6158,6032,882.0,-41.625,172.375,16.29546485818355,11.00346485818355
6159,6298,539.0,-41.725,172.225,16.49467645329696,13.260676453296961
6160,6299,1225.0,-41.725,172.275,16.553750688739456,9.203750688739456
6161,6300,422.0,-41.725,172.325,16.611794570518214,14.079794570518214
6162,6301,551.0,-41.725,172.375,16.670544787560175,13.364544787560176
6163,6346,867.0,-41.675,172.225,16.303556366552584,11.101556366552584
6164,6347,667.0,-41.675,172.275,16.36471910770706,12.362719107707061
6165,6348,269.0,-41.675,172.325,16.42372060823618,14.80972060823618
6166,6349,707.0,-41.675,172.375,16.482375876244987,12.240375876244986
6167,6387,619.0,-41.575,172.225,15.9334649424909,12.2194649424909
6168,6392,1232.0,-41.575,172.275,15.995416094681786,8.603416094681787
6169,6489,1037.0,-41.575,172.325,16.053838890558836,9.831838890558837
6170,6492,477.0,-41.575,172.375,16.110745520836645,13.248745520836644
6171,6033,861.0,-41.625,172.425,16.354359491191644,11.188359491191644
6172,6034,638.0,-41.625,172.475,16.415658500125573,12.587658500125574
6173,6035,402.0,-41.625,172.525,16.480837890054318,14.068837890054319
6174,6302,521.0,-41.725,172.425,16.73151980532566,13.605519805325661
6175,6303,847.0,-41.725,172.475,16.79601479473422,11.714014794734219
6176,6304,808.0,-41.725,172.525,16.865121598733822,12.017121598733823
6177,6350,677.0,-41.675,172.425,16.54234587319661,12.48034587319661
6178,6351,383.0,-41.675,172.475,16.6051037009056,14.307103700905602
6179,6352,602.0,-41.675,172.525,16.671932189979998,13.059932189979998
6180,6494,1190.0,-41.575,172.425,16.168108287949508,9.028108287949507
6181,6497,788.0,-41.575,172.475,16.227765923737024,11.499765923737025
6182,6499,723.0,-41.575,172.525,16.291366336921783,11.953366336921782
6183,6036,628.0,-41.625,172.575,16.55119371447472,12.78319371447472
6184,6037,863.0,-41.625,172.625,16.627874397790947,11.449874397790946
6185,6038,471.0,-41.625,172.675,16.71192920100293,13.88592920100293
6186,6039,586.0,-41.625,172.725,16.80431596991002,13.288315969910022
6187,6305,359.0,-41.725,172.575,16.93978272997083,14.78578272997083
6188,6306,962.0,-41.725,172.625,17.02090249426692,11.248902494266922
6189,6307,557.0,-41.725,172.675,17.10956611162146,13.767566111621461
6190,6308,558.0,-41.725,172.725,17.20747285471589,13.85947285471589
6191,6353,1160.0,-41.675,172.575,16.743959798770447,9.783959798770447
6192,6354,381.0,-41.675,172.625,16.82224978465274,14.53624978465274
6193,6355,459.0,-41.675,172.675,16.907967086885037,14.153967086885038
6194,6356,562.0,-41.675,172.725,17.002635309174366,13.630635309174366
6195,6502,930.0,-41.575,172.575,16.3603301266794,10.7803301266794
6196,6505,1078.0,-41.575,172.625,16.4358133151527,9.9678133151527
6197,6508,446.0,-41.575,172.675,16.518634172607563,13.842634172607562
6198,6511,521.0,-41.575,172.725,16.60909689228356,13.48309689228356
6199,6040,381.0,-41.625,172.775,16.90568868052833,14.619688680528329
6200,6041,414.0,-41.625,172.825,17.015614596737578,14.531614596737578
6201,6042,441.0,-41.625,172.875,17.13110645382767,14.485106453827669
6202,6309,714.0,-41.725,172.775,17.31775675996323,13.033756759963232
6203,6310,695.0,-41.725,172.825,17.445872858115763,13.275872858115763
6204,6311,678.0,-41.725,172.875,17.596135134132055,13.528135134132055
6205,6357,501.0,-41.675,172.775,17.10835317903002,14.102353179030018
6206,6358,631.0,-41.675,172.825,17.227259480803696,13.441259480803696
6207,6359,486.0,-41.675,172.875,17.358869070176297,14.442869070176297
6208,6514,390.0,-41.575,172.775,16.70660156210579,14.366601562105789
6209,6517,619.0,-41.575,172.825,16.808953384541383,13.094953384541382
6210,6597,483.0,-41.575,172.875,16.911546552590153,14.013546552590153
6211,6043,710.0,-41.625,172.925,17.2455858081521,12.9855858081521
6212,6044,674.0,-41.625,172.975,17.349977923764527,13.305977923764527
6213,6045,1519.0,-41.625,173.025,17.435570487003133,8.321570487003134
6214,6046,1568.0,-41.625,173.075,17.496764969349897,8.088764969349898
6215,6312,1253.0,-41.725,172.925,17.761343317921273,10.243343317921275
6216,6313,979.0,-41.725,172.975,17.926256866572658,12.052256866572659
6217,6314,784.0,-41.725,173.025,18.07785619192873,13.37385619192873
6218,6315,440.0,-41.725,173.075,18.207192915429914,15.567192915429914
6219,6360,1006.0,-41.675,172.925,17.4967789878865,11.4607789878865
6220,6361,657.0,-41.675,172.975,17.630159827418538,13.688159827418538
6221,6362,1435.0,-41.675,173.025,17.748505029889202,9.138505029889203
6222,6363,1271.0,-41.675,173.075,17.84450496514546,10.21850496514546
6223,6603,503.0,-41.575,172.925,17.007079159924615,13.989079159924614
6224,6605,1157.0,-41.575,172.975,17.086550643820374,10.144550643820374
6225,6607,1215.0,-41.575,173.025,17.14161124228849,9.851611242288492
6226,6610,1544.0,-41.575,173.075,17.167567660824716,7.9035676608247165
6227,6001,561.0,-41.675,173.125,17.914829299374105,14.548829299374106
6228,6002,354.0,-41.675,173.175,17.959858003996487,15.835858003996487
6229,6003,420.0,-41.675,173.225,17.98273591195175,15.46273591195175
6230,6047,681.0,-41.625,173.125,17.532643733087752,13.446643733087754
6231,6048,607.0,-41.625,173.175,17.54699366551722,13.904993665517221
6232,6049,748.0,-41.625,173.225,17.546765254468482,13.058765254468483
6233,6316,836.0,-41.725,173.125,18.308821431066463,13.292821431066464
6234,6317,674.0,-41.725,173.175,18.380305929778842,14.336305929778842
6235,6318,818.0,-41.725,173.225,18.42177874196932,13.51377874196932
6236,6616,469.0,-41.575,173.125,17.16588965167466,14.35188965167466
6237,6622,780.0,-41.575,173.175,17.144713048535777,12.464713048535778
6238,6628,902.0,-41.575,173.225,17.116352912089496,11.704352912089497
6239,6004,520.0,-41.675,173.275,17.988062335374707,14.868062335374706
6240,6005,442.0,-41.675,173.325,17.980676216051506,15.328676216051507
6241,6006,854.0,-41.675,173.375,17.964898492820794,12.840898492820795
6242,6007,683.0,-41.675,173.425,17.944281964344555,13.846281964344556
6243,6050,332.0,-41.625,173.275,17.5396197929731,15.5476197929731
6244,6051,262.0,-41.625,173.325,17.531770643352502,15.959770643352503
6245,6052,248.0,-41.625,173.375,17.527026158601075,16.039026158601075
6246,6054,260.0,-41.625,173.425,17.52703207612649,15.967032076126488
6247,6319,903.0,-41.725,173.275,18.435457791918452,13.017457791918453
6248,6320,842.0,-41.725,173.325,18.42512355031431,13.373123550314311
6249,6321,1330.0,-41.725,173.375,18.395569307402184,10.415569307402183
6250,6322,664.0,-41.725,173.425,18.352047440130264,14.368047440130264
6251,6634,903.0,-41.575,173.275,17.092822781894938,11.674822781894939
6252,6640,1131.0,-41.575,173.325,17.082080928106734,10.296080928106733
6253,6641,634.0,-41.575,173.375,17.086989099127095,13.282989099127095
6254,6642,352.0,-41.575,173.425,17.106610940871178,14.994610940871178
6255,6008,519.0,-41.675,173.475,17.921673124525114,14.807673124525113
6256,6009,323.0,-41.675,173.525,17.89935575792333,15.96135575792333
6257,6010,354.0,-41.675,173.575,17.879144884253037,15.755144884253037
6258,6011,346.0,-41.675,173.625,17.862401486920135,15.786401486920134
6259,6055,435.0,-41.625,173.475,17.532077318453958,14.922077318453958
6260,6056,524.0,-41.625,173.525,17.541850922745652,14.397850922745652
6261,6062,285.0,-41.575,173.575,17.225183963168092,15.515183963168091
6262,6064,200.0,-41.575,173.625,17.27565008645979,16.07565008645979
6263,6075,421.0,-41.625,173.575,17.555886647154693,15.029886647154694
6264,6078,411.0,-41.625,173.625,17.5737073909404,15.107707390940398
6265,6323,508.0,-41.725,173.475,18.299764676728955,15.251764676728955
6266,6324,578.0,-41.725,173.525,18.243486169802054,14.775486169802054
6267,6325,606.0,-41.725,173.575,18.1872732210104,14.551273221010401
6268,6326,414.0,-41.725,173.625,18.134337297349703,15.650337297349703
6269,6643,178.0,-41.575,173.475,17.138190715581004,16.070190715581003
6270,6644,170.0,-41.575,173.525,17.178627171204425,16.158627171204426
6271,6012,427.0,-41.675,173.675,17.849988425063202,15.287988425063203
6272,6013,558.0,-41.675,173.725,17.84219813994423,14.494198139944231
6273,6014,463.0,-41.675,173.775,17.838689496238658,15.060689496238657
6274,6067,271.0,-41.575,173.675,17.32821676070307,15.702216760703072
6275,6070,122.0,-41.575,173.725,17.38124123221496,16.649241232214962
6276,6083,183.0,-41.625,173.675,17.594777677582897,16.496777677582898
6277,6085,128.0,-41.575,173.775,17.432954783173045,16.664954783173044
6278,6092,205.0,-41.625,173.725,17.61835723866534,16.38835723866534
6279,6099,468.0,-41.625,173.775,17.643299101255252,14.835299101255252
6280,6327,619.0,-41.725,173.675,18.086975389396684,14.372975389396684
6281,6328,544.0,-41.725,173.725,18.046561199986172,14.782561199986173
6282,6329,961.0,-41.725,173.775,18.013594075611763,12.247594075611765
6283,6015,401.0,-41.675,173.825,17.838527612351754,15.432527612351755
6284,6016,396.0,-41.675,173.875,17.84051005616493,15.464510056164931
6285,6017,442.0,-41.675,173.925,17.843632749463723,15.191632749463723
6286,6018,128.0,-41.675,173.975,17.846966871918994,17.078966871918993
6287,6098,108.0,-41.575,173.825,17.480993460419995,16.832993460419996
6288,6102,348.0,-41.625,173.825,17.667843261056987,15.579843261056986
6289,6104,164.0,-41.575,173.875,17.52175112682744,16.53775112682744
6290,6114,86.0,-41.575,173.925,17.55426960279874,17.038269602798742
6291,6115,721.0,-41.625,173.875,17.689916651550448,13.363916651550447
6292,6227,229.0,-41.625,173.925,17.7084348207718,16.3344348207718
6293,6230,308.0,-41.575,173.975,17.579088488091656,15.731088488091657
6294,6233,346.0,-41.625,173.975,17.72295503447822,15.646955034478218
6295,6330,840.0,-41.725,173.825,17.987841067515546,12.947841067515547
6296,6331,180.0,-41.725,173.875,17.968591536227905,16.888591536227906
6297,6332,220.0,-41.725,173.925,17.95489285190706,16.63489285190706
6298,6333,201.0,-41.725,173.975,17.945532163823373,16.739532163823373
6299,6019,105.0,-41.675,174.025,17.849010553894914,17.219010553894915
6300,6020,98.0,-41.675,174.075,17.847022683548857,17.259022683548856
6301,6021,61.0,-41.675,174.125,17.83598976509529,17.469989765095292
6302,6239,191.0,-41.625,174.025,17.73223311117181,16.586233111171808
6303,6242,281.0,-41.625,174.075,17.733800605405122,16.047800605405122
6304,6247,24.0,-41.625,174.125,17.724100272469514,17.580100272469515
6305,6248,183.0,-41.575,174.025,17.59520460227941,16.49720460227941
6306,6258,119.0,-41.575,174.075,17.60074267022719,16.886742670227193
6307,6267,238.0,-41.575,174.125,17.593623652108363,16.165623652108362
6308,6334,134.0,-41.725,174.025,17.938749156739505,17.134749156739506
6309,6335,115.0,-41.725,174.075,17.931770569273795,17.241770569273793
6310,6336,74.0,-41.725,174.125,17.919693647250824,17.475693647250825
6311,6337,1.0,-41.725,174.175,17.889961028908147,17.883961028908146
6312,6366,169.0,-41.575,175.275,19.112079828526475,18.098079828526476
6313,6375,295.0,-41.575,175.325,19.37797339836834,17.60797339836834
6314,6379,27.0,-41.525,171.975,15.344752587954645,15.182752587954644
6315,6439,272.0,-41.475,171.975,15.18779287241523,13.55579287241523
6316,6380,264.0,-41.425,172.075,15.221822515706663,13.637822515706663
6317,6381,559.0,-41.525,172.025,15.444233137651281,12.090233137651282
6318,6382,83.0,-41.425,172.125,15.29899585594103,14.80099585594103
6319,6383,199.0,-41.525,172.075,15.535252488816695,14.341252488816696
6320,6384,215.0,-41.425,172.175,15.367018857070434,14.077018857070435
6321,6386,343.0,-41.525,172.125,15.617455743349637,13.559455743349638
6322,6391,401.0,-41.525,172.175,15.691163532501378,13.285163532501379
6323,6440,189.0,-41.475,172.025,15.284311375100515,14.150311375100515
6324,6441,290.0,-41.475,172.075,15.37309482542878,13.63309482542878
6325,6442,522.0,-41.475,172.125,15.453288291957506,12.321288291957506
6326,6443,512.0,-41.475,172.175,15.52476680557993,12.45276680557993
6327,6556,43.0,-41.375,172.125,15.153999374930208,14.89599937493021
6328,6557,119.0,-41.375,172.175,15.21759200048109,14.50359200048109
6329,6388,964.0,-41.425,172.225,15.426436777242998,9.642436777242999
6330,6393,1094.0,-41.425,172.275,15.479054528215784,8.915054528215784
6331,6396,156.0,-41.525,172.225,15.75737821349685,14.82137821349685
6332,6397,542.0,-41.525,172.275,15.817694692765144,12.565694692765145
6333,6398,797.0,-41.525,172.325,15.87410159621868,11.09210159621868
6334,6399,715.0,-41.525,172.375,15.928751940418806,11.638751940418807
6335,6444,1073.0,-41.475,172.225,15.588302377040236,9.150302377040237
6336,6445,545.0,-41.475,172.275,15.64551152344211,12.37551152344211
6337,6446,763.0,-41.475,172.325,15.698543859429265,11.120543859429265
6338,6447,865.0,-41.475,172.375,15.749733490845756,10.559733490845755
6339,6496,1108.0,-41.425,172.325,15.527323047210302,8.879323047210303
6340,6498,761.0,-41.425,172.375,15.57378581246303,11.00778581246303
6341,6558,598.0,-41.375,172.225,15.271521369621041,11.68352136962104
6342,6559,628.0,-41.375,172.275,15.318151401230352,11.550151401230352
6343,6560,882.0,-41.375,172.325,15.360410190360199,10.068410190360199
6344,6561,847.0,-41.375,172.375,15.401001187286965,10.319001187286965
6345,6400,1163.0,-41.525,172.425,15.98378128427612,9.005781284276118
6346,6401,952.0,-41.525,172.475,16.041190583835487,10.329190583835487
6347,6402,1325.0,-41.525,172.525,16.102769940735016,8.152769940735016
6348,6448,1200.0,-41.475,172.425,15.80137237348572,8.60137237348572
6349,6449,556.0,-41.475,172.475,15.855593490103274,12.519593490103274
6350,6450,808.0,-41.475,172.525,15.914297024575717,11.066297024575718
6351,6500,1165.0,-41.425,172.425,15.620853852387881,8.630853852387881
6352,6503,897.0,-41.425,172.475,15.670741797493974,10.288741797493973
6353,6506,828.0,-41.425,172.525,15.725424099713564,10.757424099713564
6354,6562,569.0,-41.375,172.425,15.442360919661951,12.028360919661951
6355,6563,1254.0,-41.375,172.475,15.48671437129451,7.962714371294512
6356,6564,1047.0,-41.375,172.525,15.536072579219763,9.254072579219763
6357,6403,1220.0,-41.525,172.575,16.170029914825136,8.850029914825136
6358,6404,905.0,-41.525,172.625,16.244106773216117,10.814106773216118
6359,6405,732.0,-41.525,172.675,16.325602214838,11.933602214838
6360,6406,429.0,-41.525,172.725,16.414306410959398,13.840306410959398
6361,6451,421.0,-41.475,172.575,15.979067193327865,13.453067193327865
6362,6452,793.0,-41.475,172.625,16.05104324133572,11.29304324133572
6363,6453,495.0,-41.475,172.675,16.130712070949812,13.160712070949812
6364,6457,266.0,-41.475,172.725,16.21759017369186,14.62159017369186
6365,6509,691.0,-41.425,172.575,15.786554514335876,11.640554514335875
6366,6512,249.0,-41.425,172.625,15.855323094438063,14.361323094438063
6367,6515,907.0,-41.425,172.675,15.932231351474911,10.490231351474911
6368,6519,180.0,-41.425,172.725,16.016769057827332,14.936769057827332
6369,6565,1193.0,-41.375,172.575,15.592159440053365,8.434159440053365
6370,6566,826.0,-41.375,172.625,15.656264342753275,10.700264342753275
6371,6567,359.0,-41.375,172.675,15.729014125321555,13.575014125321555
6372,6568,159.0,-41.375,172.725,15.810059937859478,14.856059937859477
6373,6407,479.0,-41.525,172.775,16.508754304388276,13.634754304388276
6374,6408,642.0,-41.525,172.825,16.60562548346934,12.753625483469339
6375,6409,313.0,-41.525,172.875,16.699164897923765,14.821164897923765
6376,6458,600.0,-41.475,172.775,16.309773951696116,12.709773951696116
6377,6459,348.0,-41.475,172.825,16.403378799004713,14.315378799004712
6378,6460,339.0,-41.475,172.875,16.491968129248562,14.457968129248563
6379,6520,192.0,-41.425,172.775,16.10698395309737,14.95498395309737
6380,6521,285.0,-41.425,172.825,16.198949205183453,14.488949205183452
6381,6522,301.0,-41.425,172.875,16.286144539652014,14.480144539652015
6382,6569,213.0,-41.375,172.775,15.897680254242005,14.619680254242004
6383,6570,263.0,-41.375,172.825,15.988300034059648,14.410300034059649
6384,6571,388.0,-41.375,172.875,16.07589684065897,13.74789684065897
6385,6410,377.0,-41.525,172.925,16.781026899781864,14.519026899781863
6386,6411,398.0,-41.525,172.975,16.84106552285084,14.45306552285084
6387,6412,592.0,-41.525,173.025,16.869540865922318,13.317540865922318
6388,6413,781.0,-41.525,173.075,16.860927526664454,12.174927526664455
6389,6461,320.0,-41.475,172.925,16.56618614116087,14.64618614116087
6390,6462,181.0,-41.475,172.975,16.61398891419958,15.52798891419958
6391,6463,254.0,-41.475,173.025,16.62231161562522,15.09831161562522
6392,6464,285.0,-41.475,173.075,16.581733523275034,14.871733523275033
6393,6523,327.0,-41.425,172.925,16.358768905680336,14.396768905680336
6394,6524,260.0,-41.425,172.975,16.40306628995677,14.843066289956768
6395,6525,87.0,-41.425,173.025,16.40130560560283,15.879305605602829
6396,6526,122.0,-41.425,173.075,16.3354761600458,15.603476160045801
6397,6572,364.0,-41.375,172.925,16.151175894632615,13.967175894632614
6398,6573,212.0,-41.375,172.975,16.200204217308055,14.928204217308055
6399,6574,108.0,-41.375,173.025,16.201934829801758,15.553934829801758
6400,6575,55.0,-41.375,173.075,16.125634049782093,15.795634049782093
6401,6414,593.0,-41.525,173.125,16.818375844475668,13.260375844475668
6402,6415,1262.0,-41.525,173.175,16.75568466734694,9.183684667346942
6403,6416,1349.0,-41.525,173.225,16.693347856351465,8.599347856351466
6404,6465,671.0,-41.475,173.125,16.494817680279084,12.468817680279084
6405,6466,364.0,-41.475,173.175,16.38268163761677,14.198681637616769
6406,6467,809.0,-41.475,173.225,16.279249088209326,11.425249088209327
6407,6527,144.0,-41.425,173.125,16.20146806453704,15.337468064537038
6408,6528,258.0,-41.425,173.175,16.02901745695999,14.481017456959991
6409,6529,485.0,-41.425,173.225,15.875696740262356,12.965696740262356
6410,6579,26.0,-41.375,173.125,15.94598229001349,15.789982290013489
6411,6580,320.0,-41.375,173.175,15.699542805923556,13.779542805923557
6412,6581,292.0,-41.375,173.225,15.486480287709128,13.734480287709127
6413,6417,1011.0,-41.525,173.275,16.64996755748507,10.583967557485071
6414,6418,557.0,-41.525,173.325,16.635453543345648,13.293453543345647
6415,6419,437.0,-41.525,173.375,16.650462643199717,14.028462643199717
6416,6420,584.0,-41.525,173.425,16.690136977413204,13.186136977413204
6417,6468,1044.0,-41.475,173.275,16.21363742988251,9.949637429882511
6418,6469,889.0,-41.475,173.325,16.197054628461046,10.863054628461047
6419,6470,1272.0,-41.475,173.375,16.22495743937543,8.59295743937543
6420,6471,993.0,-41.475,173.425,16.286437853330426,10.328437853330428
6421,6530,771.0,-41.425,173.275,15.78828557725501,11.16228557725501
6422,6531,715.0,-41.425,173.325,15.775579554912838,11.485579554912839
6423,6532,470.0,-41.425,173.375,15.821534806811542,13.001534806811542
6424,6533,688.0,-41.425,173.425,15.906930688950524,11.778930688950524
6425,6582,756.0,-41.375,173.275,15.384781361946807,10.848781361946807
6426,6583,693.0,-41.375,173.325,15.387391768537782,11.229391768537782
6427,6584,443.0,-41.375,173.375,15.456607863659883,12.798607863659884
6428,6585,277.0,-41.375,173.425,15.565803766126919,13.90380376612692
6429,6421,471.0,-41.525,173.475,16.747962595876743,13.921962595876742
6430,6422,267.0,-41.525,173.525,16.817912654532847,15.215912654532847
6431,6423,136.0,-41.525,173.575,16.89514286834674,16.07914286834674
6432,6424,116.0,-41.525,173.625,16.975949392588518,16.279949392588517
6433,6472,871.0,-41.475,173.475,16.37061013541097,11.144610135410971
6434,6473,835.0,-41.475,173.525,16.468742474455212,11.458742474455212
6435,6474,617.0,-41.475,173.575,16.574338457503472,12.872338457503472
6436,6475,295.0,-41.475,173.625,16.682621708700026,14.912621708700026
6437,6534,858.0,-41.425,173.475,16.01687507051247,10.86887507051247
6438,6535,416.0,-41.425,173.525,16.140874725970207,13.644874725970206
6439,6536,503.0,-41.425,173.575,16.2715785023247,13.2535785023247
6440,6537,676.0,-41.425,173.625,16.403689196413325,12.347689196413324
6441,6586,391.0,-41.375,173.475,15.698543056809285,13.352543056809285
6442,6587,430.0,-41.375,173.525,15.844151243873057,13.264151243873057
6443,6588,320.0,-41.375,173.575,15.995280804381764,14.075280804381764
6444,6589,485.0,-41.375,173.625,16.146586206523352,13.236586206523352
6445,6425,89.0,-41.525,173.675,17.057458449729893,16.523458449729894
6446,6426,83.0,-41.525,173.725,17.13725965739286,16.63925965739286
6447,6427,78.0,-41.525,173.775,17.21303517607157,16.74503517607157
6448,6476,267.0,-41.475,173.675,16.789957236534974,15.187957236534974
6449,6477,137.0,-41.475,173.725,16.893343103758525,16.071343103758526
6450,6478,126.0,-41.475,173.775,16.98996719419665,16.23396719419665
6451,6538,765.0,-41.425,173.675,16.533173698982864,11.943173698982864
6452,6539,400.0,-41.425,173.725,16.65669414748845,14.256694147488451
6453,6540,109.0,-41.425,173.775,16.771204586329986,16.117204586329986
6454,6590,634.0,-41.375,173.675,16.293923217788688,12.489923217788688
6455,6591,351.0,-41.375,173.725,16.43382565813954,14.32782565813954
6456,6592,333.0,-41.375,173.775,16.563177020034345,14.565177020034346
6457,6058,22.0,-41.475,173.875,17.150804474142205,17.018804474142204
6458,6069,10.0,-41.475,173.925,17.21052100417728,17.150521004177282
6459,6081,4.0,-41.475,173.975,17.25583264897432,17.23183264897432
6460,6428,55.0,-41.525,173.825,17.282052056558314,16.952052056558315
6461,6429,28.0,-41.525,173.875,17.34013285228866,17.172132852288662
6462,6430,11.0,-41.525,173.925,17.386294517251372,17.320294517251373
6463,6431,10.0,-41.525,173.975,17.42133940070198,17.361339400701983
6464,6479,36.0,-41.475,173.825,17.076806896286143,16.860806896286142
6465,6541,601.0,-41.425,173.825,16.873762415147212,13.267762415147212
6466,6542,206.0,-41.425,173.875,16.96178013595636,15.72578013595636
6467,6543,232.0,-41.425,173.925,17.033607356141147,15.641607356141147
6468,6544,30.0,-41.425,173.975,17.08851704664994,16.90851704664994
6469,6593,795.0,-41.375,173.825,16.679094512866868,11.909094512866869
6470,6594,204.0,-41.375,173.875,16.779069759417325,15.555069759417325
6471,6595,101.0,-41.375,173.925,16.86124440779531,16.25524440779531
6472,6596,466.0,-41.375,173.975,16.92453521961579,14.128535219615792
6473,6057,245.0,-41.375,174.025,16.96857202695537,15.49857202695537
6474,6074,1.0,-41.375,174.075,16.99362442616257,16.98762442616257
6475,6090,2.0,-41.475,174.025,17.2864220871852,17.2744220871852
6476,6432,4.0,-41.525,174.025,17.44457461978891,17.42057461978891
6477,6545,6.0,-41.425,174.025,17.126204734202474,17.090204734202473
6478,6077,114.0,-41.375,174.875,16.81860151560977,16.13460151560977
6479,6080,223.0,-41.375,174.925,16.95464570687909,15.616645706879092
6480,6087,654.0,-41.375,174.975,17.054560872267757,13.130560872267758
6481,6097,495.0,-41.375,175.025,17.115316866271314,14.145316866271314
6482,6546,240.0,-41.425,174.925,17.186489729429013,15.746489729429014
6483,6100,117.0,-41.475,175.225,18.43289203722088,17.730892037220883
6484,6105,45.0,-41.375,175.075,17.181676905587665,16.911676905587665
6485,6111,,-41.375,175.125,17.30083497329906,
6486,6120,38.0,-41.375,175.175,17.508630472570076,17.280630472570074
6487,6218,110.0,-41.375,175.225,17.81579549171147,17.15579549171147
6488,6433,66.0,-41.525,175.225,18.666514259733958,18.270514259733957
6489,6547,124.0,-41.425,175.225,18.149595039896667,17.405595039896667
6490,6103,333.0,-41.475,175.275,18.74929475990939,16.75129475990939
6491,6113,509.0,-41.475,175.325,19.091512764556683,16.037512764556684
6492,6220,299.0,-41.375,175.275,18.205977153091226,16.411977153091225
6493,6222,332.0,-41.375,175.325,18.648528714009444,16.656528714009443
6494,6224,310.0,-41.375,175.375,19.104033871146385,17.244033871146385
6495,6231,305.0,-41.475,175.375,19.43368850518891,17.603688505188913
6496,6434,435.0,-41.525,175.275,18.951306244620355,16.341306244620355
6497,6435,393.0,-41.525,175.325,19.252131955494406,16.894131955494405
6498,6436,214.0,-41.525,175.375,19.549100156960776,18.265100156960777
6499,6548,166.0,-41.425,175.275,18.50168063736055,17.505680637360552
6500,6549,288.0,-41.425,175.325,18.891853444700246,17.163853444700244
6501,6550,617.0,-41.425,175.375,19.28722229108098,15.58522229108098
6502,6228,365.0,-41.375,175.425,19.52584723943437,17.33584723943437
6503,6234,322.0,-41.375,175.475,19.867682806303492,17.935682806303493
6504,6252,141.0,-41.475,175.425,19.747495072428137,18.901495072428137
6505,6253,98.0,-41.375,175.525,20.09816292641335,19.51016292641335
6506,6259,108.0,-41.375,175.575,20.208801507717,19.560801507717
6507,6260,317.0,-41.475,175.475,20.00696639844682,18.10496639844682
6508,6269,205.0,-41.475,175.525,20.193138382353936,18.963138382353936
6509,6378,12.0,-41.475,175.575,20.296648175863083,20.224648175863084
6510,6437,39.0,-41.525,175.425,19.8205350539356,19.5865350539356
6511,6438,182.0,-41.525,175.475,20.046517290800693,18.954517290800695
6512,6551,468.0,-41.425,175.425,19.65107165160589,16.84307165160589
6513,6552,105.0,-41.425,175.475,19.949179128569085,19.319179128569086
6514,6553,160.0,-41.425,175.525,20.15746169841441,19.197461698414408
6515,6554,42.0,-41.425,175.575,20.26613928406732,20.014139284067323
6516,6268,139.0,-41.375,175.625,20.20758582004055,19.37358582004055
6517,6377,227.0,-41.375,175.675,20.109978450171184,18.747978450171185
6518,6385,18.0,-41.375,175.725,19.935089094549767,19.827089094549766
6519,6555,179.0,-41.425,175.625,20.27790217178699,19.20390217178699
6520,6389,61.0,-41.325,172.125,15.01706461644062,14.651064616440621
6521,6394,105.0,-41.325,172.175,15.075554590937827,14.445554590937826
6522,6710,20.0,-41.225,172.125,14.755876416164028,14.63587641616403
6523,6711,144.0,-41.225,172.175,14.802436153551753,13.938436153551752
6524,6984,102.0,-41.275,172.125,14.885515770471102,14.273515770471102
6525,6985,65.0,-41.275,172.175,14.938526925678161,14.54852692567816
6526,6480,512.0,-41.325,172.225,15.122693579782208,12.050693579782209
6527,6481,645.0,-41.325,172.275,15.162298734721844,11.292298734721843
6528,6482,742.0,-41.325,172.325,15.197741802327073,10.745741802327073
6529,6483,1042.0,-41.325,172.375,15.231662914768094,8.979662914768095
6530,6712,307.0,-41.225,172.225,14.837275418110949,12.995275418110948
6531,6713,184.0,-41.225,172.275,14.864344307750798,13.760344307750799
6532,6714,1014.0,-41.225,172.325,14.88678974688446,8.80278974688446
6533,6715,509.0,-41.225,172.375,14.906994684501115,11.852994684501114
6534,6986,681.0,-41.275,172.225,14.978283484044368,10.89228348404437
6535,6987,133.0,-41.275,172.275,15.010927702071058,14.212927702071058
6536,6988,641.0,-41.275,172.325,15.039535875119327,11.193535875119327
6537,6989,1038.0,-41.275,172.375,15.066506602041045,8.838506602041043
6538,6484,720.0,-41.325,172.425,15.266393899768445,10.946393899768445
6539,6485,987.0,-41.325,172.475,15.304105236267787,9.382105236267787
6540,6486,841.0,-41.325,172.525,15.346817772708164,10.300817772708164
6541,6716,1039.0,-41.225,172.425,14.927093480800977,8.693093480800977
6542,6717,334.0,-41.225,172.475,14.949150594162347,12.945150594162348
6543,6718,482.0,-41.225,172.525,14.97520683464245,12.08320683464245
6544,6990,1116.0,-41.275,172.425,15.094029768075416,8.398029768075416
6545,6991,300.0,-41.275,172.475,15.124209169505775,13.324209169505774
6546,6992,688.0,-41.275,172.525,15.159072242888215,11.031072242888214
6547,6487,873.0,-41.325,172.575,15.396330175321054,10.158330175321055
6548,6488,677.0,-41.325,172.625,15.454069095885643,11.392069095885644
6549,6490,396.0,-41.325,172.675,15.52085856571648,13.144858565716481
6550,6491,197.0,-41.325,172.725,15.596610007887648,14.414610007887648
6551,6719,396.0,-41.225,172.575,15.007242036899697,12.631242036899698
6552,6720,999.0,-41.225,172.625,15.047047400214069,9.05304740021407
6553,6721,1603.0,-41.225,172.675,15.09598088383791,5.47798088383791
6554,6722,861.0,-41.225,172.725,15.15458338740791,9.98858338740791
6555,6993,1171.0,-41.275,172.575,15.200503054362343,8.174503054362344
6556,6994,710.0,-41.275,172.625,15.250095479848824,10.990095479848824
6557,6995,1261.0,-41.275,172.675,15.308914928958984,7.742914928958985
6558,6996,573.0,-41.275,172.725,15.377165953665099,11.939165953665098
6559,6493,303.0,-41.325,172.775,15.679945619576756,13.861945619576757
6560,6495,120.0,-41.325,172.825,15.76776980185241,15.047769801852409
6561,6501,269.0,-41.325,172.875,15.854767156626622,14.240767156626621
6562,6723,379.0,-41.225,172.775,15.222070425148559,12.948070425148558
6563,6724,105.0,-41.225,172.825,15.295774766444083,14.665774766444082
6564,6725,210.0,-41.225,172.875,15.370627934855293,14.110627934855293
6565,6997,257.0,-41.275,172.775,15.453786272075376,13.911786272075377
6566,6998,336.0,-41.275,172.825,15.536007571747177,13.520007571747177
6567,6999,119.0,-41.275,172.875,15.61889278164017,14.90489278164017
6568,6060,166.0,-41.275,172.975,15.751672553309618,14.755672553309617
6569,6066,90.0,-41.275,173.025,15.771062124073069,15.23106212407307
6570,6504,194.0,-41.325,172.925,15.932695209336089,14.768695209336089
6571,6507,327.0,-41.325,172.975,15.989097947443952,14.027097947443952
6572,6510,238.0,-41.325,173.025,16.004338259117503,14.576338259117502
6573,6513,81.0,-41.325,173.075,15.941994117718423,15.455994117718422
6574,6726,130.0,-41.225,172.925,15.438564920790668,14.658564920790669
6575,6727,90.0,-41.225,172.975,15.487094987285673,14.947094987285674
6576,6728,55.0,-41.225,173.025,15.495574523076357,15.165574523076357
6577,6729,74.0,-41.225,173.075,15.42941806836825,14.985418068368249
6578,7000,191.0,-41.275,172.925,15.694707867936813,14.548707867936812
6579,6071,3.0,-41.275,173.125,15.506701908765535,15.488701908765535
6580,6516,11.0,-41.325,173.125,15.730208389399195,15.664208389399194
6581,6601,22.0,-41.325,173.225,15.127758026781521,14.995758026781521
6582,6089,20.0,-41.275,173.275,14.799203632239369,14.67920363223937
6583,6093,69.0,-41.275,173.325,14.829435090076004,14.415435090076004
6584,6095,457.0,-41.275,173.375,14.923176161726587,12.181176161726587
6585,6107,968.0,-41.275,173.425,15.054694682497939,9.246694682497939
6586,6609,541.0,-41.325,173.275,15.033763017469028,11.787763017469027
6587,6615,667.0,-41.325,173.325,15.061245923039678,11.05924592303968
6588,6621,509.0,-41.325,173.375,15.151269909991242,12.097269909991242
6589,6627,691.0,-41.325,173.425,15.278089735031244,11.132089735031244
6590,6730,390.0,-41.225,173.375,14.773872357771324,12.433872357771325
6591,6731,260.0,-41.225,173.425,14.897147346920974,13.337147346920974
6592,6119,215.0,-41.275,173.475,15.208898272816441,13.918898272816442
6593,6217,204.0,-41.275,173.525,15.375723219520296,14.151723219520296
6594,6219,40.0,-41.275,173.575,15.547970268125937,15.307970268125937
6595,6221,93.0,-41.275,173.625,15.720207256410504,15.162207256410504
6596,6633,153.0,-41.325,173.475,15.426704895333387,14.508704895333388
6597,6639,240.0,-41.325,173.525,15.587191804064787,14.147191804064787
6598,6688,700.0,-41.325,173.575,15.752514185711334,11.552514185711335
6599,6693,601.0,-41.325,173.625,15.917404252366396,12.311404252366396
6600,6732,693.0,-41.225,173.475,15.046685179193446,10.888685179193446
6601,6733,594.0,-41.225,173.525,15.211354654849856,11.647354654849856
6602,6734,120.0,-41.225,173.575,15.383296472602524,14.663296472602523
6603,6735,140.0,-41.225,173.625,15.556649639940588,14.716649639940588
6604,6223,78.0,-41.275,173.675,15.888112717038894,15.420112717038894
6605,6225,20.0,-41.275,173.725,16.048043681868876,15.928043681868877
6606,6736,478.0,-41.225,173.675,15.726810600041063,12.858810600041062
6607,6737,769.0,-41.225,173.725,15.889957981955376,11.275957981955376
6608,6738,39.0,-41.225,173.775,16.042720071141957,15.808720071141957
6609,6778,75.0,-41.325,173.675,16.077685990690952,15.627685990690953
6610,6779,313.0,-41.325,173.725,16.229829619522206,14.351829619522206
6611,6780,204.0,-41.325,173.775,16.370668748902972,15.146668748902972
6612,6229,338.0,-41.275,173.825,16.33116038721346,14.303160387213458
6613,6232,383.0,-41.275,173.875,16.448381168360356,14.150381168360356
6614,6739,598.0,-41.225,173.825,16.181917201232864,12.593917201232863
6615,6740,79.0,-41.225,173.975,16.486055256864347,16.012055256864347
6616,6781,591.0,-41.325,173.825,16.49727592333511,12.95127592333511
6617,6782,711.0,-41.325,173.875,16.607007483187772,12.341007483187772
6618,6783,315.0,-41.325,173.925,16.69769314174482,14.80769314174482
6619,6784,43.0,-41.325,173.975,16.767901055594848,16.50990105559485
6620,6256,20.0,-41.275,174.075,16.70599945498543,16.58599945498543
6621,6262,244.0,-41.275,174.125,16.71785801920487,15.253858019204868
6622,6741,0.0,-41.225,174.025,16.5414642968899,16.5414642968899
6623,6742,0.0,-41.225,174.075,16.574490098784736,16.574490098784736
6624,6870,298.0,-41.325,174.025,16.817165695640142,15.029165695640142
6625,6880,498.0,-41.325,174.075,16.846014649170684,13.858014649170684
6626,6271,468.0,-41.275,174.175,16.712186123280844,13.904186123280844
6627,6370,286.0,-41.275,174.225,16.691170880774735,14.975170880774735
6628,6743,0.0,-41.225,174.225,16.56541840772843,16.56541840772843
6629,6881,355.0,-41.325,174.175,16.84813169357949,14.71813169357949
6630,6374,366.0,-41.275,174.625,16.221775897589396,14.025775897589396
6631,6455,284.0,-41.275,174.675,16.160989220341435,14.456989220341434
6632,6882,209.0,-41.325,174.675,16.337382774596335,15.083382774596336
6633,6577,149.0,-41.275,174.725,16.11429730400414,15.22029730400414
6634,6599,33.0,-41.275,174.775,16.097930552627076,15.899930552627076
6635,6744,79.0,-41.225,174.725,15.966200877730444,15.492200877730443
6636,6745,278.0,-41.225,174.775,15.918308251661074,14.250308251661075
6637,6746,201.0,-41.225,174.825,15.891632772109006,14.685632772109006
6638,6747,8.0,-41.225,174.875,15.882390845785267,15.834390845785267
6639,6883,296.0,-41.325,174.725,16.318281159808976,14.542281159808976
6640,6884,35.0,-41.325,174.775,16.339076145952276,16.129076145952276
6641,6885,20.0,-41.325,174.825,16.415033850891632,16.29503385089163
6642,6613,208.0,-41.275,174.925,16.337669342799927,15.089669342799928
6643,6619,101.0,-41.275,174.975,16.436824969539884,15.830824969539885
6644,6625,639.0,-41.275,175.025,16.473462027555797,12.639462027555798
6645,6748,20.0,-41.225,174.925,15.906707488116808,15.786707488116809
6646,6749,161.0,-41.225,174.975,16.030707197336596,15.064707197336597
6647,6750,275.0,-41.225,175.025,16.171313477898366,14.521313477898365
6648,6887,111.0,-41.325,174.925,16.69328711925482,16.02728711925482
6649,6888,403.0,-41.325,174.975,16.787319435505196,14.369319435505197
6650,6890,293.0,-41.325,175.025,16.809612077951897,15.051612077951898
6651,6631,434.0,-41.275,175.075,16.49912301787117,13.895123017871171
6652,6637,197.0,-41.275,175.125,16.54659255259321,15.36459255259321
6653,6691,1.0,-41.275,175.175,16.717447185947094,16.711447185947094
6654,6696,1.0,-41.275,175.225,17.043874801529455,17.037874801529455
6655,6751,522.0,-41.225,175.075,16.236065410324954,13.104065410324955
6656,6752,512.0,-41.225,175.125,16.26401943968085,13.192019439680852
6657,6753,20.0,-41.225,175.175,16.38413212391606,16.26413212391606
6658,6754,1.0,-41.225,175.225,16.66116422903724,16.65516422903724
6659,6968,183.0,-41.325,175.075,16.83802519600431,15.740025196004309
6660,6969,20.0,-41.325,175.125,16.921706577355508,16.801706577355507
6661,6970,15.0,-41.325,175.175,17.11631973934709,17.02631973934709
6662,6971,11.0,-41.325,175.225,17.439366778795375,17.373366778795376
6663,6697,4.0,-41.275,175.275,17.48230352056271,17.45830352056271
6664,6698,9.0,-41.275,175.325,18.0059300941939,17.9519300941939
6665,6699,53.0,-41.275,175.375,18.577440888955607,18.259440888955606
6666,6755,1.0,-41.225,175.275,17.073007362923818,17.067007362923817
6667,6756,4.0,-41.225,175.325,17.59125508516445,17.567255085164447
6668,6757,19.0,-41.225,175.375,18.183222288032994,18.069222288032993
6669,6972,122.0,-41.325,175.275,17.863756747203297,17.131756747203298
6670,6973,308.0,-41.325,175.325,18.35586178963422,16.50786178963422
6671,6974,295.0,-41.325,175.375,18.87394736445276,17.10394736445276
6672,6700,108.0,-41.275,175.425,19.13464132726949,18.486641327269492
6673,6701,97.0,-41.275,175.475,19.579236973033403,18.997236973033402
6674,6702,337.0,-41.275,175.525,19.842187479735003,17.820187479735004
6675,6703,198.0,-41.275,175.575,19.945094813389005,18.757094813389006
6676,6758,18.0,-41.225,175.425,18.795657434529858,18.687657434529857
6677,6759,47.0,-41.225,175.475,19.300377301158733,19.018377301158733
6678,6760,226.0,-41.225,175.525,19.56657937388809,18.210579373888088
6679,6761,183.0,-41.225,175.575,19.679187184330658,18.58118718433066
6680,6975,176.0,-41.325,175.425,19.36115524377965,18.305155243779648
6681,6976,131.0,-41.325,175.475,19.75165333309269,18.96565333309269
6682,6977,260.0,-41.325,175.525,20.001923100979184,18.441923100979185
6683,6978,329.0,-41.325,175.575,20.1100036065327,18.1360036065327
6684,6704,242.0,-41.275,175.625,19.91578382301668,18.463783823016684
6685,6705,80.0,-41.275,175.675,19.771839699955308,19.291839699955307
6686,6706,297.0,-41.275,175.725,19.535598270231276,17.753598270231276
6687,6707,258.0,-41.275,175.775,19.2374637357716,17.689463735771596
6688,6762,239.0,-41.225,175.625,19.655600643745856,18.221600643745855
6689,6763,167.0,-41.225,175.675,19.501467910595238,18.49946791059524
6690,6764,116.0,-41.225,175.725,19.239596617146162,18.54359661714616
6691,6765,453.0,-41.225,175.775,18.909509321238147,16.191509321238147
6692,6979,143.0,-41.325,175.625,20.093030182571965,19.235030182571965
6693,6980,165.0,-41.325,175.675,19.970518789690686,18.980518789690688
6694,6981,147.0,-41.325,175.725,19.76435518776998,18.882355187769978
6695,6982,327.0,-41.325,175.775,19.499920989459497,17.537920989459497
6696,6059,344.0,-41.225,175.875,18.21320366182772,16.14920366182772
6697,6073,194.0,-41.225,175.925,17.9092564292514,16.7452564292514
6698,6708,331.0,-41.275,175.825,18.910873457600246,16.924873457600246
6699,6709,17.0,-41.275,175.875,18.585713204709464,18.483713204709463
6700,6766,151.0,-41.225,175.825,18.55491136938508,17.648911369385083
6701,6983,319.0,-41.325,175.825,19.203910785217886,17.289910785217884
6702,6088,44.0,-41.175,172.125,14.631695240328554,14.367695240328555
6703,6109,397.0,-41.175,172.175,14.671908729644201,12.289908729644202
6704,6270,389.0,-41.075,172.125,14.413394084931497,12.079394084931497
6705,6364,894.0,-41.075,172.175,14.442518938572903,9.078518938572902
6706,6681,400.0,-41.025,172.125,14.322872348220699,11.922872348220698
6707,6682,1126.0,-41.025,172.175,14.347696286928112,7.591696286928113
6708,6927,437.0,-41.125,172.125,14.516815558212329,11.89481555821233
6709,6928,354.0,-41.125,172.175,14.55114534691893,12.427145346918929
6710,6117,374.0,-41.175,172.225,14.702197677168442,12.458197677168442
6711,6236,1212.0,-41.175,172.275,14.724582985705638,7.4525829857056385
6712,6255,435.0,-41.175,172.325,14.74157688201376,12.13157688201376
6713,6263,950.0,-41.175,172.375,14.755430641009298,9.055430641009298
6714,6367,700.0,-41.075,172.225,14.463720501313219,10.26372050131322
6715,6373,1126.0,-41.075,172.275,14.477603086666932,7.721603086666932
6716,6390,720.0,-41.075,172.325,14.48532524658367,10.16532524658367
6717,6395,1055.0,-41.075,172.375,14.488303307305614,8.158303307305614
6718,6683,900.0,-41.025,172.225,14.365232547479536,8.965232547479538
6719,6684,616.0,-41.025,172.275,14.375782083992817,10.679782083992817
6720,6685,1103.0,-41.025,172.325,14.380080325154267,7.762080325154268
6721,6687,1355.0,-41.025,172.375,14.379134810355026,6.2491348103550255
6722,6929,471.0,-41.125,172.225,14.57673521401739,11.75073521401739
6723,6930,514.0,-41.125,172.275,14.594685953343287,11.510685953343287
6724,6931,704.0,-41.125,172.325,14.606745584133023,10.382745584133023
6725,6932,774.0,-41.125,172.375,14.614782033251686,9.970782033251686
6726,6272,661.0,-41.175,172.425,14.768204469834018,10.802204469834017
6727,6369,511.0,-41.175,172.475,14.781906882355543,11.715906882355542
6728,6376,885.0,-41.175,172.525,14.798571964511211,9.488571964511213
6729,6518,1242.0,-41.075,172.425,14.488062680127769,7.036062680127769
6730,6602,860.0,-41.075,172.475,14.486226413926488,9.326226413926488
6731,6604,1291.0,-41.075,172.525,14.484581037602766,6.738581037602766
6732,6689,942.0,-41.025,172.425,14.374117072482477,8.722117072482476
6733,6694,1600.0,-41.025,172.475,14.366341325890971,4.766341325890972
6734,6767,632.0,-41.025,172.525,14.357325281362137,10.565325281362137
6735,6933,1170.0,-41.125,172.425,14.620643035304965,7.600643035304966
6736,6934,1101.0,-41.125,172.475,14.626195338696562,8.020195338696562
6737,6935,1216.0,-41.125,172.525,14.633399105325225,7.337399105325225
6738,6454,823.0,-41.175,172.575,14.8202677930567,9.882267793056702
6739,6578,1237.0,-41.175,172.625,14.849013313698379,7.42701331369838
6740,6600,1013.0,-41.175,172.675,14.886550568069651,8.808550568069652
6741,6606,1555.0,-41.075,172.575,14.485181657688372,5.155181657688372
6742,6608,1437.0,-41.075,172.625,14.49046344281669,5.86846344281669
6743,6611,1164.0,-41.075,172.675,14.503276741495938,7.519276741495938
6744,6612,906.0,-41.175,172.725,14.933903937297146,9.497903937297146
6745,6617,388.0,-41.075,172.725,14.52661992215144,12.19861992215144
6746,6768,1650.0,-41.025,172.575,14.348931207252463,4.448931207252462
6747,6769,1107.0,-41.025,172.625,14.343598027535336,7.7015980275353355
6748,6770,726.0,-41.025,172.675,14.344656197317818,9.988656197317818
6749,6771,669.0,-41.025,172.725,14.356548861142073,10.342548861142074
6750,6936,1504.0,-41.125,172.575,14.644364637686522,5.620364637686523
6751,6937,1084.0,-41.125,172.625,14.661348281984829,8.157348281984829
6752,6938,1124.0,-41.125,172.675,14.686603632017068,7.942603632017068
6753,6939,743.0,-41.125,172.725,14.721941104187863,10.263941104187865
6754,6618,614.0,-41.175,172.775,14.990700409936835,11.306700409936836
6755,6623,659.0,-41.075,172.775,14.562647544091305,10.608647544091305
6756,6624,562.0,-41.175,172.825,15.0543642661396,11.6823642661396
6757,6629,871.0,-41.075,172.825,14.610736329374049,9.38473632937405
6758,6630,264.0,-41.175,172.875,15.119469576220581,13.535469576220581
6759,6635,458.0,-41.075,172.875,14.665687489454285,11.917687489454286
6760,6772,513.0,-41.025,172.775,14.384182140256598,11.306182140256599
6761,6774,118.0,-41.025,172.825,14.42992638958458,13.72192638958458
6762,6775,666.0,-41.025,172.875,14.48941213258513,10.49341213258513
6763,6940,1053.0,-41.125,172.775,14.76784703588055,8.44984703588055
6764,6941,1030.0,-41.125,172.825,14.822253267459018,8.642253267459019
6765,6942,859.0,-41.125,172.875,14.879559545028314,9.725559545028315
6766,6636,62.0,-41.175,172.925,15.177502571765217,14.805502571765217
6767,6645,604.0,-41.075,172.925,14.71825736444589,11.094257364445891
6768,6646,135.0,-41.075,172.975,14.759295985699282,13.949295985699282
6769,6692,19.0,-41.175,172.975,15.216577827566653,15.102577827566652
6770,6773,22.0,-41.175,173.025,15.218849386743386,15.086849386743387
6771,6777,496.0,-41.025,172.925,14.552198259149009,11.57619825914901
6772,6786,106.0,-41.025,172.975,14.607391831508721,13.971391831508722
6773,6943,233.0,-41.125,172.925,14.930812482449255,13.532812482449255
6774,6944,17.0,-41.125,172.975,14.966129116324737,14.864129116324737
6775,6776,18.0,-41.175,173.425,14.797558609308908,14.689558609308907
6776,6647,84.0,-41.075,173.575,15.104666430350335,14.600666430350335
6777,6785,352.0,-41.175,173.475,14.93564957867784,12.82364957867784
6778,6871,398.0,-41.175,173.525,15.091596678139467,12.703596678139467
6779,6886,382.0,-41.175,173.575,15.257137440261431,12.965137440261431
6780,6889,526.0,-41.175,173.625,15.426047770677542,12.270047770677543
6781,6945,231.0,-41.125,173.525,15.01112136469601,13.62512136469601
6782,6946,487.0,-41.125,173.575,15.1658710645861,12.243871064586099
6783,6947,389.0,-41.125,173.625,15.325881932585617,12.991881932585617
6784,6648,263.0,-41.075,173.725,15.549781234309194,13.971781234309194
6785,6649,198.0,-41.075,173.775,15.69156224708422,14.50356224708422
6786,6788,240.0,-41.025,173.725,15.474158066877862,14.034158066877863
6787,6891,429.0,-41.175,173.675,15.59345302132715,13.01945302132715
6788,6895,596.0,-41.175,173.725,15.755355657747714,12.179355657747713
6789,6948,359.0,-41.125,173.675,15.486192678756197,13.332192678756197
6790,6949,357.0,-41.125,173.725,15.64271186022961,13.500711860229611
6791,6950,384.0,-41.125,173.775,15.79191819987318,13.48791819987318
6792,6650,58.0,-41.075,173.825,15.824324582499685,15.476324582499684
6793,6651,130.0,-41.075,173.875,15.944772131108039,15.16477213110804
6794,6896,52.0,-41.175,173.825,16.049028787798306,15.737028787798307
6795,6897,456.0,-41.175,173.925,16.28003086487297,13.544030864872969
6796,6898,28.0,-41.175,173.975,16.361794843163807,16.193794843163808
6797,6951,422.0,-41.125,173.825,15.930593167395273,13.398593167395273
6798,6952,24.0,-41.125,173.925,16.16282828147814,16.018828281478143
6799,6652,49.0,-41.075,174.025,16.185133954706544,15.891133954706543
6800,6653,526.0,-41.075,174.075,16.21969686592638,13.063696865926381
6801,6654,179.0,-41.075,174.125,16.238421052134072,15.164421052134072
6802,6790,315.0,-41.025,174.075,16.10921334642626,14.219213346426258
6803,6792,239.0,-41.025,174.125,16.131880290231493,14.697880290231494
6804,6899,100.0,-41.175,174.075,16.45094856723881,15.850948567238811
6805,6900,122.0,-41.175,174.125,16.465372915488842,15.733372915488843
6806,6953,297.0,-41.125,174.025,16.3003799355065,14.518379935506498
6807,6954,315.0,-41.125,174.075,16.333437955800036,14.443437955800036
6808,6955,174.0,-41.125,174.125,16.349359503248706,15.305359503248706
6809,6655,218.0,-41.075,174.175,16.24395602340519,14.93595602340519
6810,6794,330.0,-41.025,174.175,16.142527183154016,14.162527183154015
6811,6901,167.0,-41.175,174.175,16.463779974525096,15.461779974525095
6812,6956,10.0,-41.125,174.375,16.24869475601008,16.188694756010083
6813,6656,19.0,-41.075,174.875,15.906308100922615,15.792308100922614
6814,6902,123.0,-41.175,174.775,15.822594386161654,15.084594386161655
6815,6903,39.0,-41.175,174.825,15.76241285969445,15.52841285969445
6816,6904,382.0,-41.175,174.875,15.704231092255213,13.412231092255213
6817,6957,41.0,-41.125,174.825,15.775317556093796,15.529317556093796
6818,6958,98.0,-41.125,174.875,15.739139557495946,15.151139557495947
6819,6657,99.0,-41.075,174.925,15.94897282551392,15.35497282551392
6820,6658,340.0,-41.075,174.975,16.025577605323633,13.985577605323634
6821,6659,338.0,-41.075,175.025,16.079749878394068,14.051749878394068
6822,6796,269.0,-41.025,174.925,16.188794710542425,14.574794710542424
6823,6798,366.0,-41.025,174.975,16.23183330289612,14.03583330289612
6824,6800,231.0,-41.025,175.025,16.209531048167264,14.823531048167265
6825,6905,162.0,-41.175,174.925,15.675252234941581,14.703252234941582
6826,6906,129.0,-41.175,174.975,15.820635243901052,15.04663524390105
6827,6907,359.0,-41.175,175.025,16.025970214701374,13.871970214701374
6828,6959,38.0,-41.125,174.925,15.754261354755727,15.526261354755727
6829,6960,170.0,-41.125,174.975,15.872370208671782,14.852370208671783
6830,6961,177.0,-41.125,175.025,16.03026730613783,14.96826730613783
6831,6660,396.0,-41.075,175.075,16.021785870951135,13.645785870951135
6832,6661,353.0,-41.075,175.125,15.857606635297998,13.739606635297998
6833,6662,235.0,-41.075,175.175,15.708025662883301,14.298025662883301
6834,6663,234.0,-41.075,175.225,15.752788435376715,14.348788435376715
6835,6802,404.0,-41.025,175.075,16.08989016895066,13.66589016895066
6836,6804,269.0,-41.025,175.125,15.901532561911154,14.287532561911153
6837,6806,538.0,-41.025,175.175,15.736784106862615,12.508784106862615
6838,6808,676.0,-41.025,175.225,15.702363990509184,11.646363990509183
6839,6908,200.0,-41.175,175.075,16.10115476095234,14.901154760952341
6840,6909,691.0,-41.175,175.125,16.073351684040972,11.927351684040971
6841,6910,362.0,-41.175,175.175,16.107829480533837,13.935829480533837
6842,6911,261.0,-41.175,175.225,16.301089982516714,14.735089982516715
6843,6962,77.0,-41.125,175.075,16.051400950193056,15.589400950193056
6844,6963,169.0,-41.125,175.125,15.932468135666568,14.918468135666568
6845,6964,487.0,-41.125,175.175,15.863708475604653,12.941708475604653
6846,6965,531.0,-41.125,175.225,15.975835335731972,12.789835335731972
6847,6053,38.0,-41.125,175.375,17.112153991052764,16.884153991052763
6848,6664,543.0,-41.075,175.275,15.967514878182556,12.709514878182556
6849,6665,375.0,-41.075,175.325,16.26644252501137,14.016442525011371
6850,6666,92.0,-41.075,175.375,16.623804162212764,16.071804162212764
6851,6810,893.0,-41.025,175.275,15.804384658011259,10.446384658011258
6852,6812,602.0,-41.025,175.325,15.9887990039133,12.3767990039133
6853,6892,600.0,-41.025,175.375,16.221067720573046,12.621067720573047
6854,6912,1.0,-41.175,175.275,16.653233941004146,16.647233941004146
6855,6913,4.0,-41.175,175.325,17.12228236917872,17.09828236917872
6856,6914,14.0,-41.175,175.375,17.67507405062497,17.59107405062497
6857,6966,341.0,-41.125,175.275,16.263156547647668,14.217156547647669
6858,6967,27.0,-41.125,175.325,16.654117803656845,16.492117803656846
6859,6063,47.0,-41.125,175.425,17.640127033329918,17.358127033329918
6860,6065,42.0,-41.125,175.475,18.126675322913798,17.8746753229138
6861,6068,199.0,-41.125,175.525,18.503494523538393,17.309494523538394
6862,6076,79.0,-41.025,175.525,16.93965497847239,16.46565497847239
6863,6079,85.0,-41.025,175.575,17.188444945408264,16.678444945408263
6864,6091,130.0,-41.125,175.575,18.757867981737945,17.977867981737944
6865,6667,74.0,-41.075,175.425,17.026410144928377,16.582410144928378
6866,6668,52.0,-41.075,175.475,17.420586336098495,17.108586336098494
6867,6669,59.0,-41.075,175.525,17.774367128658923,17.420367128658924
6868,6670,73.0,-41.075,175.575,18.090937891203794,17.652937891203795
6869,6893,250.0,-41.025,175.425,16.47460730090097,14.97460730090097
6870,6894,76.0,-41.025,175.475,16.717830953130033,16.261830953130033
6871,6915,45.0,-41.175,175.425,18.27214620738232,18.00214620738232
6872,6916,39.0,-41.175,175.475,18.787579464362352,18.55357946436235
6873,6917,94.0,-41.175,175.525,19.113813599964487,18.549813599964487
6874,6918,186.0,-41.175,175.575,19.28392299845291,18.16792299845291
6875,6086,97.0,-41.025,175.625,17.50077168070129,16.91877168070129
6876,6101,121.0,-41.125,175.625,18.843501815426862,18.117501815426863
6877,6110,154.0,-41.025,175.675,17.407826149850735,16.483826149850735
6878,6116,227.0,-41.025,175.725,17.193910466739908,15.831910466739908
6879,6179,479.0,-41.125,175.675,18.71294711845985,15.838947118459851
6880,6216,223.0,-41.125,175.725,18.415337403464946,17.077337403464945
6881,6226,221.0,-41.125,175.775,18.039360458787996,16.713360458787996
6882,6237,270.0,-41.025,175.775,16.92543014587136,15.305430145871359
6883,6671,55.0,-41.075,175.625,18.276210632029688,17.94621063202969
6884,6672,119.0,-41.075,175.675,18.161621477207518,17.44762147720752
6885,6673,317.0,-41.075,175.725,17.861974839033792,15.959974839033793
6886,6674,201.0,-41.075,175.775,17.501558684860356,16.295558684860357
6887,6919,220.0,-41.175,175.625,19.299101624957984,17.979101624957984
6888,6920,281.0,-41.175,175.675,19.15091577055864,17.46491577055864
6889,6921,232.0,-41.175,175.725,18.86896884527232,17.47696884527232
6890,6922,379.0,-41.175,175.775,18.51075889718777,16.23675889718777
6891,6235,220.0,-41.125,175.825,17.652796902752016,16.332796902752015
6892,6240,238.0,-41.125,175.875,17.308438052539714,15.880438052539713
6893,6244,202.0,-41.025,175.825,16.634457652573474,15.422457652573474
6894,6245,287.0,-41.125,175.925,17.042784869423485,15.320784869423486
6895,6246,215.0,-41.025,175.875,16.369503386944416,15.079503386944417
6896,6249,291.0,-41.025,175.925,16.212794090854004,14.466794090854004
6897,6675,206.0,-41.075,175.825,17.134857295124675,15.898857295124674
6898,6676,233.0,-41.075,175.875,16.8125994814327,15.414599481432699
6899,6677,322.0,-41.075,175.925,16.596227236179402,14.664227236179402
6900,6923,302.0,-41.175,175.825,18.133802716911305,16.321802716911304
6901,6924,306.0,-41.175,175.875,17.784250545853865,15.948250545853865
6902,6925,322.0,-41.175,175.925,17.490898654941702,15.558898654941702
6903,6250,210.0,-41.125,175.975,16.854417630805983,15.594417630805983
6904,6261,20.0,-41.125,176.025,16.721255579948775,16.601255579948774
6905,6265,287.0,-41.025,175.975,16.134120069633354,14.412120069633355
6906,6371,178.0,-41.025,176.025,16.092537536780583,15.024537536780583
6907,6456,84.0,-41.025,176.075,16.073145750706317,15.569145750706317
6908,6678,278.0,-41.075,175.975,16.46603076401516,14.79803076401516
6909,6679,105.0,-41.075,176.025,16.382709423807682,15.752709423807682
6910,6680,22.0,-41.075,176.075,16.32835278956918,16.19635278956918
6911,6926,61.0,-41.175,175.975,17.26012253711815,16.89412253711815
6912,6576,46.0,-40.975,172.125,14.2462196135275,13.970219613527501
6913,6598,202.0,-40.975,172.175,14.26784012551434,13.05584012551434
6914,6834,381.0,-40.925,172.125,14.183994515096856,11.897994515096856
6915,6835,107.0,-40.925,172.175,14.203646142588696,13.561646142588696
6916,7001,761.0,-40.875,172.175,14.155341225665325,9.589341225665326
6917,6614,820.0,-40.975,172.225,14.282755466581875,9.362755466581877
6918,6620,571.0,-40.975,172.275,14.291076545017859,10.865076545017859
6919,6626,925.0,-40.975,172.325,14.293247355035419,8.743247355035418
6920,6632,904.0,-40.975,172.375,14.28995347729142,8.86595347729142
6921,6836,77.0,-40.925,172.225,14.217209475402342,13.755209475402342
6922,6837,802.0,-40.925,172.275,14.224691099054326,9.412691099054326
6923,6838,778.0,-40.925,172.325,14.226356238879816,9.558356238879817
6924,6839,1038.0,-40.925,172.375,14.222675866873033,7.994675866873032
6925,7002,782.0,-40.875,172.225,14.168938835169683,9.476938835169683
6926,7003,792.0,-40.875,172.275,14.177129050367512,9.425129050367513
6927,7004,732.0,-40.875,172.325,14.180099913544836,9.788099913544837
6928,7005,718.0,-40.875,172.375,14.178223036495183,9.870223036495183
6929,6638,908.0,-40.975,172.425,14.282050385987532,8.834050385987531
6930,6686,442.0,-40.975,172.475,14.270544614540995,11.618544614540996
6931,6690,1140.0,-40.975,172.525,14.256644884721027,7.416644884721027
6932,6840,347.0,-40.925,172.425,14.214280903739564,12.132280903739563
6933,6841,557.0,-40.925,172.475,14.201948614903813,10.859948614903812
6934,6842,900.0,-40.925,172.525,14.186641517764656,8.786641517764657
6935,7006,781.0,-40.875,172.425,14.172029190878675,9.486029190878675
6936,7007,162.0,-40.875,172.475,14.162206263914413,13.190206263914414
6937,7008,571.0,-40.875,172.525,14.14963860779244,10.72363860779244
6938,6695,1174.0,-40.975,172.575,14.241905722570664,7.197905722570664
6939,6787,1617.0,-40.975,172.625,14.228515679871634,4.526515679871634
6940,6789,1166.0,-40.975,172.675,14.219839199693524,7.223839199693525
6941,6791,314.0,-40.975,172.725,14.221362212567328,12.337362212567328
6942,6843,1327.0,-40.925,172.575,14.169625665861531,6.207625665861531
6943,6844,882.0,-40.925,172.625,14.152724190029403,8.860724190029403
6944,6845,335.0,-40.925,172.675,14.138843577220541,12.128843577220541
6945,6846,1028.0,-40.925,172.725,14.13316906648106,7.96516906648106
6946,7009,1167.0,-40.875,172.575,14.135513890680159,7.133513890680159
6947,7010,1324.0,-40.875,172.625,14.121546706221125,6.177546706221125
6948,7011,580.0,-40.875,172.675,14.110431367604178,10.630431367604178
6949,7012,295.0,-40.875,172.725,14.106836038848996,12.336836038848997
6950,6793,494.0,-40.975,172.775,14.24161590591757,11.27761590591757
6951,6795,58.0,-40.975,172.825,14.288834427046822,13.940834427046822
6952,6797,838.0,-40.975,172.875,14.359402824873541,9.33140282487354
6953,6847,81.0,-40.925,172.775,14.14637420256986,13.660374202569859
6954,6848,39.0,-40.925,172.825,14.198217528268287,13.964217528268287
6955,6849,861.0,-40.925,172.875,14.2858324449262,9.1198324449262
6956,7013,39.0,-40.875,172.775,14.120217170555406,13.886217170555406
6957,7014,42.0,-40.875,172.825,14.179367656382965,13.927367656382964
6958,7015,581.0,-40.875,172.875,14.282120811629284,10.796120811629283
6959,6799,914.0,-40.975,172.925,14.438069503987208,8.954069503987208
6960,6801,259.0,-40.975,172.975,14.510530661173107,12.956530661173106
6961,6803,286.0,-40.975,173.025,14.567301224662515,12.851301224662516
6962,6850,841.0,-40.925,172.925,14.382505626643251,9.336505626643252
6963,6851,569.0,-40.925,172.975,14.471725843483,11.057725843483
6964,6852,202.0,-40.925,173.025,14.544722477286996,13.332722477286996
6965,7016,612.0,-40.875,172.925,14.391690976859536,10.719690976859535
6966,7017,488.0,-40.875,172.975,14.49261855709483,11.564618557094828
6967,7018,202.0,-40.875,173.025,14.576697904041794,13.364697904041794
6968,6805,363.0,-40.975,173.825,15.644018651866645,13.466018651866644
6969,6853,0.0,-40.925,173.825,15.56952361267031,15.56952361267031
6970,7019,124.0,-40.875,173.825,15.504737778734125,14.760737778734125
6971,7020,62.0,-40.875,173.875,15.584316410313477,15.212316410313477
6972,6807,20.0,-40.975,174.975,16.47228040031041,16.35228040031041
6973,6809,309.0,-40.975,175.025,16.40505410102196,14.551054101021961
6974,6854,266.0,-40.925,175.025,16.605718119317316,15.009718119317316
6975,7021,14.0,-40.875,175.025,16.72415470497799,16.64015470497799
6976,6811,413.0,-40.975,175.075,16.241425916552544,13.763425916552544
6977,6813,362.0,-40.975,175.125,16.034130421467125,13.862130421467125
6978,6814,599.0,-40.975,175.175,15.85203342785826,12.25803342785826
6979,6815,806.0,-40.975,175.225,15.75388451560866,10.91788451560866
6980,6855,163.0,-40.925,175.075,16.413141253506183,15.435141253506183
6981,6856,247.0,-40.925,175.125,16.193810893848422,14.711810893848423
6982,6857,696.0,-40.925,175.175,15.995518454830744,11.819518454830744
6983,6858,496.0,-40.925,175.225,15.852158389185206,12.876158389185207
6984,7022,72.0,-40.875,175.075,16.543560425954638,16.11156042595464
6985,7023,221.0,-40.875,175.125,16.334863168929587,15.008863168929587
6986,7024,533.0,-40.875,175.175,16.136064152015024,12.938064152015023
6987,7025,189.0,-40.875,175.225,15.96994492340309,14.83594492340309
6988,6816,1037.0,-40.975,175.275,15.751265913015231,9.529265913015232
6989,6817,774.0,-40.975,175.325,15.817449744266924,11.173449744266923
6990,6818,480.0,-40.975,175.375,15.919481848264695,13.039481848264696
6991,6859,796.0,-40.925,175.275,15.772462481283583,10.996462481283583
6992,6860,742.0,-40.925,175.325,15.742107987432973,11.290107987432974
6993,6861,460.0,-40.925,175.375,15.736316174763488,12.976316174763488
6994,7026,443.0,-40.875,175.275,15.84315233019879,13.185152330198791
6995,7027,671.0,-40.875,175.325,15.748403471530764,11.722403471530765
6996,7028,563.0,-40.875,175.375,15.670897749863798,12.292897749863798
6997,6819,298.0,-40.975,175.425,16.025815027955105,14.237815027955104
6998,6820,318.0,-40.975,175.475,16.105345914445934,14.197345914445934
6999,6821,127.0,-40.975,175.525,16.13505015525152,15.37305015525152
7000,6822,120.0,-40.975,175.575,16.112543711380567,15.392543711380567
7001,6862,640.0,-40.925,175.425,15.728001592913643,11.888001592913643
7002,6863,246.0,-40.925,175.475,15.69218692004506,14.216186920045061
7003,6864,282.0,-40.925,175.525,15.615898754447699,13.923898754447698
7004,6865,181.0,-40.925,175.575,15.53206260537263,14.44606260537263
7005,7029,1131.0,-40.875,175.425,15.594566556756035,8.808566556756034
7006,7030,779.0,-40.875,175.475,15.508399873549934,10.834399873549934
7007,7031,502.0,-40.875,175.525,15.417621128159226,12.405621128159225
7008,7032,213.0,-40.875,175.575,15.361382142044022,14.083382142044021
7009,6823,111.0,-40.975,175.625,16.210575205928762,15.544575205928762
7010,6824,95.0,-40.975,175.675,16.465145827125525,15.895145827125525
7011,6825,106.0,-40.975,175.725,16.486737119805184,15.850737119805185
7012,6826,172.0,-40.975,175.775,16.37723617318261,15.34523617318261
7013,6866,131.0,-40.925,175.625,15.590936527951271,14.804936527951272
7014,6867,136.0,-40.925,175.675,15.803027030429803,14.987027030429802
7015,6868,138.0,-40.925,175.725,15.935341033808072,15.107341033808073
7016,6869,185.0,-40.925,175.775,15.94543495697144,14.83543495697144
7017,7033,167.0,-40.875,175.625,15.402136646036524,14.400136646036524
7018,7034,156.0,-40.875,175.675,15.52693001514126,14.59093001514126
7019,7035,292.0,-40.875,175.725,15.637711567163933,13.885711567163932
7020,7036,175.0,-40.875,175.775,15.681801076221745,14.631801076221745
7021,6827,200.0,-40.975,175.825,16.20775334155769,15.007753341557692
7022,6828,204.0,-40.975,175.875,16.04189182446862,14.81789182446862
7023,6829,268.0,-40.975,175.925,15.932952871866291,14.32495287186629
7024,6872,129.0,-40.925,175.825,15.880746607479523,15.106746607479522
7025,6873,187.0,-40.925,175.875,15.796637584178825,14.674637584178825
7026,6874,186.0,-40.925,175.925,15.734116493695183,14.618116493695183
7027,7037,274.0,-40.875,175.825,15.669910362397786,14.025910362397786
7028,7038,174.0,-40.875,175.875,15.634816553836572,14.590816553836572
7029,7039,320.0,-40.875,175.925,15.605348779863562,13.685348779863562
7030,6830,233.0,-40.975,175.975,15.882260687591042,14.484260687591043
7031,6831,80.0,-40.975,176.025,15.866676815363462,15.386676815363462
7032,6832,207.0,-40.975,176.075,15.87137326557422,14.629373265574221
7033,6833,98.0,-40.975,176.125,15.888141124989488,15.300141124989489
7034,6875,175.0,-40.925,175.975,15.7063046185649,14.6563046185649
7035,6876,89.0,-40.925,176.025,15.706964437500574,15.172964437500573
7036,6877,49.0,-40.925,176.075,15.726548921549693,15.432548921549692
7037,6878,272.0,-40.925,176.125,15.757716818901827,14.125716818901827
7038,7040,292.0,-40.875,175.975,15.595795891276794,13.843795891276793
7039,7041,121.0,-40.875,176.025,15.607539543154417,14.881539543154418
7040,7044,39.0,-40.875,176.075,15.636101396317827,15.402101396317827
7041,7045,82.0,-40.875,176.125,15.67599754636467,15.18399754636467
7042,6879,85.0,-40.925,176.175,15.795347593346378,15.285347593346378
7043,7046,143.0,-40.875,176.175,15.722440154160722,14.864440154160722
7044,7047,2.0,-40.875,176.225,15.771616121623083,15.759616121623083
7045,7048,292.0,-40.825,172.175,14.122684992122231,12.37068499212223
7046,7049,688.0,-40.825,172.225,14.13770683560142,10.00970683560142
7047,7050,592.0,-40.825,172.275,14.148168197723862,10.596168197723863
7048,7051,729.0,-40.825,172.325,14.15426792422295,9.78026792422295
7049,7056,453.0,-40.825,172.375,14.156385619793582,11.438385619793582
7050,7093,131.0,-40.775,172.275,14.136889054301719,13.35088905430172
7051,7094,85.0,-40.775,172.325,14.147768260896555,13.637768260896555
7052,7095,140.0,-40.775,172.375,14.155830047777272,13.315830047777272
7053,7324,86.0,-40.725,172.375,14.17425576831738,13.65825576831738
7054,7057,514.0,-40.825,172.425,14.155078500723903,11.071078500723903
7055,7058,160.0,-40.825,172.475,14.151099170812813,13.191099170812812
7056,7059,239.0,-40.825,172.525,14.145453994606214,12.711453994606215
7057,7096,844.0,-40.775,172.425,14.161753849119123,9.097753849119123
7058,7097,364.0,-40.775,172.475,14.166468018447631,11.98246801844763
7059,7098,355.0,-40.775,172.525,14.171230153046054,12.041230153046055
7060,7329,256.0,-40.725,172.425,14.189143059393245,12.653143059393246
7061,7337,183.0,-40.725,172.475,14.204545357672032,13.106545357672031
7062,7436,657.0,-40.725,172.525,14.22197977660835,10.27997977660835
7063,7614,192.0,-40.675,172.425,14.233494831310963,13.081494831310964
7064,7615,152.0,-40.675,172.475,14.260560751583398,13.348560751583399
7065,7616,389.0,-40.675,172.525,14.291555424493708,11.957555424493709
7066,7060,522.0,-40.825,172.575,14.139532861110638,11.007532861110638
7067,7061,624.0,-40.825,172.625,14.135370759220677,10.391370759220678
7068,7062,981.0,-40.825,172.675,14.136181626065081,8.250181626065082
7069,7063,342.0,-40.825,172.725,14.147537045653735,12.095537045653735
7070,7099,59.0,-40.775,172.575,14.177778122062591,13.823778122062592
7071,7100,294.0,-40.775,172.625,14.188601195110095,12.424601195110096
7072,7101,415.0,-40.775,172.675,14.207407148744096,11.717407148744096
7073,7102,60.0,-40.775,172.725,14.23980846775521,13.879808467755211
7074,7447,86.0,-40.725,172.575,14.243474507107749,13.727474507107749
7075,7449,32.0,-40.725,172.625,14.271756178481155,14.079756178481155
7076,7451,15.0,-40.725,172.675,14.310450675795437,14.220450675795437
7077,7617,459.0,-40.675,172.575,14.328623727320519,11.57462372732052
7078,7618,95.0,-40.675,172.625,14.37442768020992,13.804427680209919
7079,7064,44.0,-40.825,172.775,14.180039958424459,13.91603995842446
7080,7065,231.0,-40.825,172.925,14.464908722751716,13.078908722751716
7081,7066,300.0,-40.825,172.975,14.570364683153457,12.770364683153456
7082,7067,157.0,-40.825,173.825,15.448518519828212,14.506518519828212
7083,7068,164.0,-40.825,173.875,15.516478348959936,14.532478348959936
7084,7069,20.0,-40.825,175.075,16.61197646954679,16.49197646954679
7085,7070,119.0,-40.825,175.125,16.43622253963258,15.72222253963258
7086,7071,282.0,-40.825,175.175,16.256336916863802,14.564336916863802
7087,7072,323.0,-40.825,175.225,16.090358553745318,14.152358553745318
7088,7103,17.0,-40.775,175.125,16.49550241601537,16.39350241601537
7089,7104,32.0,-40.775,175.175,16.3483887166949,16.1563887166949
7090,7105,203.0,-40.775,175.225,16.201250584068475,14.983250584068475
7091,7453,19.0,-40.725,175.175,16.40712995697686,16.29312995697686
7092,7455,93.0,-40.725,175.225,16.29145679571957,15.733456795719569
7093,7619,20.0,-40.675,175.175,16.42544565128628,16.30544565128628
7094,7620,21.0,-40.675,175.225,16.346516510820948,16.220516510820946
7095,7073,669.0,-40.825,175.275,15.944299240436521,11.930299240436522
7096,7074,705.0,-40.825,175.325,15.816226064649527,11.586226064649527
7097,7075,746.0,-40.825,175.375,15.701349392242264,11.225349392242265
7098,7106,642.0,-40.775,175.275,16.05815339414403,12.206153394144028
7099,7108,711.0,-40.775,175.325,15.920401856885292,11.654401856885292
7100,7112,858.0,-40.775,175.375,15.79234231846931,10.64434231846931
7101,7459,426.0,-40.725,175.275,16.16677621692361,13.61077621692361
7102,7460,669.0,-40.725,175.325,16.03346190917364,12.01946190917364
7103,7463,800.0,-40.725,175.375,15.905372307170182,11.105372307170182
7104,7621,58.0,-40.675,175.275,16.250278620122117,15.902278620122116
7105,7622,146.0,-40.675,175.325,16.12692891374172,15.250928913741722
7106,7623,286.0,-40.675,175.375,16.006022749308613,14.290022749308614
7107,7076,1025.0,-40.825,175.425,15.59591907345748,9.445919073457482
7108,7077,565.0,-40.825,175.475,15.501265284008696,12.111265284008695
7109,7078,589.0,-40.825,175.525,15.428990835294826,11.894990835294827
7110,7079,400.0,-40.825,175.575,15.401174630780588,13.001174630780588
7111,7115,1134.0,-40.775,175.425,15.680936593504157,8.876936593504158
7112,7122,827.0,-40.775,175.475,15.595188005783712,10.633188005783712
7113,7131,555.0,-40.775,175.525,15.54670214401267,12.21670214401267
7114,7140,399.0,-40.775,175.575,15.54421854877728,13.15021854877728
7115,7469,930.0,-40.725,175.425,15.79811457672622,10.21811457672622
7116,7473,834.0,-40.725,175.475,15.723811135743745,10.719811135743745
7117,7476,448.0,-40.725,175.525,15.691711519059027,13.003711519059026
7118,7481,618.0,-40.725,175.575,15.703883532711188,11.995883532711188
7119,7624,994.0,-40.675,175.425,15.90721203602152,9.94321203602152
7120,7625,543.0,-40.675,175.475,15.841222846735036,12.583222846735037
7121,7626,749.0,-40.675,175.525,15.81303216307424,11.31903216307424
7122,7627,471.0,-40.675,175.575,15.81791398434143,12.99191398434143
7123,7080,220.0,-40.825,175.625,15.430986393475905,14.110986393475905
7124,7081,228.0,-40.825,175.675,15.494870441616513,14.126870441616513
7125,7082,347.0,-40.825,175.725,15.550461725360947,13.468461725360946
7126,7083,185.0,-40.825,175.775,15.574875174381305,14.464875174381305
7127,7149,376.0,-40.775,175.625,15.574696679002955,13.318696679002954
7128,7158,285.0,-40.775,175.675,15.594017833223916,13.884017833223915
7129,7167,509.0,-40.775,175.725,15.590568750631064,12.536568750631064
7130,7262,280.0,-40.775,175.775,15.576271172016277,13.896271172016277
7131,7488,334.0,-40.725,175.625,15.741402353465674,13.737402353465674
7132,7578,321.0,-40.725,175.675,15.726179254357703,13.800179254357703
7133,7582,240.0,-40.725,175.725,15.676903629631852,14.236903629631852
7134,7588,319.0,-40.725,175.775,15.630855111492565,13.716855111492565
7135,7628,420.0,-40.675,175.625,15.830740166391479,13.31074016639148
7136,7629,255.0,-40.675,175.675,15.806965620489791,14.276965620489792
7137,7630,375.0,-40.675,175.725,15.752449471285217,13.502449471285217
7138,7631,254.0,-40.675,175.775,15.69747245691542,14.17347245691542
7139,7084,260.0,-40.825,175.825,15.57062122564821,14.01062122564821
7140,7085,224.0,-40.825,175.875,15.553639365753043,14.209639365753043
7141,7086,194.0,-40.825,175.925,15.540687454049475,14.376687454049476
7142,7275,344.0,-40.775,175.825,15.55675680557033,13.49275680557033
7143,7289,391.0,-40.775,175.875,15.538837135347421,13.192837135347421
7144,7293,356.0,-40.775,175.925,15.530195845509297,13.394195845509298
7145,7594,224.0,-40.725,175.825,15.59420415601926,14.25020415601926
7146,7600,160.0,-40.725,175.875,15.569821766199311,14.60982176619931
7147,7606,283.0,-40.725,175.925,15.560468104318716,13.862468104318715
7148,7632,257.0,-40.675,175.825,15.654299006666406,14.112299006666406
7149,7633,205.0,-40.675,175.875,15.627235197505797,14.397235197505797
7150,7634,283.0,-40.675,175.925,15.618121280989726,13.920121280989726
7151,7087,257.0,-40.825,175.975,15.54209698663908,14.00009698663908
7152,7088,219.0,-40.825,176.025,15.560722723821527,14.246722723821527
7153,7089,60.0,-40.825,176.075,15.594537352633779,15.23453735263378
7154,7090,271.0,-40.825,176.125,15.63950111164013,14.01350111164013
7155,7299,284.0,-40.775,175.975,15.536192104860675,13.832192104860674
7156,7302,243.0,-40.775,176.025,15.558420402609045,14.100420402609045
7157,7304,234.0,-40.775,176.075,15.59528233121091,14.19128233121091
7158,7306,181.0,-40.775,176.125,15.643330559963943,14.557330559963942
7159,7607,302.0,-40.725,175.975,15.567975693425979,13.75597569342598
7160,7608,346.0,-40.725,176.025,15.59231319387618,13.51631319387618
7161,7609,270.0,-40.725,176.075,15.631490786807262,14.011490786807261
7162,7610,180.0,-40.725,176.125,15.6820779335103,14.6020779335103
7163,7635,267.0,-40.675,175.975,15.627469265193213,14.025469265193212
7164,7636,257.0,-40.675,176.025,15.65439787680225,14.11239787680225
7165,7637,262.0,-40.675,176.075,15.696566273923963,14.124566273923964
7166,7638,260.0,-40.675,176.125,15.750385555467801,14.1903855554678
7167,7091,259.0,-40.825,176.175,15.691267940797843,14.137267940797843
7168,7092,57.0,-40.825,176.225,15.74591601564316,15.40391601564316
7169,7311,199.0,-40.775,176.175,15.69843891725759,14.504438917257591
7170,7320,60.0,-40.775,176.225,15.756548481498612,15.396548481498613
7171,7611,174.0,-40.725,176.175,15.73989526562218,14.69589526562218
7172,7612,302.0,-40.725,176.225,15.800634865910979,13.98863486591098
7173,7613,67.0,-40.725,176.275,15.860347029098193,15.458347029098194
7174,7639,298.0,-40.675,176.175,15.811446735984646,14.023446735984646
7175,7640,334.0,-40.675,176.225,15.875052331670304,13.871052331670304
7176,7641,140.0,-40.675,176.275,15.936763172212522,15.096763172212523
7177,7642,164.0,-40.675,176.325,15.99288578024425,15.00888578024425
7178,7137,81.0,-40.575,172.675,14.688857213339361,14.20285721333936
7179,7643,265.0,-40.625,172.575,14.425369707445498,12.835369707445498
7180,7644,366.0,-40.625,172.625,14.48707071771787,12.29107071771787
7181,7645,23.0,-40.625,172.675,14.561191600994789,14.42319160099479
7182,7667,77.0,-40.525,172.675,14.808510909046163,14.346510909046163
7183,7670,57.0,-40.525,172.725,14.916571123656468,14.574571123656467
7184,7146,20.0,-40.575,175.225,16.289495114906458,16.169495114906457
7185,7646,20.0,-40.625,175.225,16.345702506398084,16.225702506398083
7186,7672,12.0,-40.525,175.225,16.199654952506535,16.127654952506536
7187,7155,20.0,-40.575,175.275,16.23822803425719,16.11822803425719
7188,7164,24.0,-40.575,175.325,16.16730461899715,16.02330461899715
7189,7281,38.0,-40.575,175.375,16.090994746191427,15.862994746191427
7190,7647,30.0,-40.625,175.275,16.274859098295565,16.094859098295565
7191,7648,53.0,-40.625,175.325,16.173201900237473,15.855201900237473
7192,7649,264.0,-40.625,175.375,16.07013367509353,14.48613367509353
7193,7673,18.0,-40.525,175.275,16.169145519670565,16.061145519670564
7194,7677,3.0,-40.525,175.325,16.12564825845766,16.107648258457658
7195,7682,4.0,-40.525,175.375,16.076833685554448,16.052833685554447
7196,7283,106.0,-40.575,175.425,16.023824632255128,15.387824632255128
7197,7286,312.0,-40.575,175.475,15.973312987640384,14.101312987640384
7198,7297,455.0,-40.575,175.525,15.940586206954322,13.210586206954321
7199,7308,482.0,-40.575,175.575,15.920639828866115,13.028639828866115
7200,7650,261.0,-40.625,175.425,15.984597614238737,14.418597614238738
7201,7651,463.0,-40.625,175.475,15.92537828400964,13.147378284009639
7202,7652,697.0,-40.625,175.525,15.894279477186501,11.712279477186502
7203,7653,470.0,-40.625,175.575,15.884037098148838,13.064037098148837
7204,7687,9.0,-40.525,175.425,16.03094811140909,15.976948111409088
7205,7692,40.0,-40.525,175.475,15.992623439873569,15.752623439873569
7206,7697,455.0,-40.525,175.525,15.962928721040953,13.232928721040953
7207,7702,522.0,-40.525,175.575,15.940585976073635,12.808585976073635
7208,7315,259.0,-40.575,175.625,15.903402949101292,14.349402949101291
7209,7327,199.0,-40.575,175.675,15.87945699285774,14.685456992857741
7210,7335,205.0,-40.575,175.725,15.84767998586176,14.61767998586176
7211,7343,286.0,-40.575,175.775,15.814732100407127,14.098732100407128
7212,7654,241.0,-40.625,175.625,15.876042514442815,14.430042514442816
7213,7655,255.0,-40.625,175.675,15.850020960657275,14.320020960657276
7214,7656,220.0,-40.625,175.725,15.80595735530369,14.48595735530369
7215,7657,174.0,-40.625,175.775,15.758880749475793,14.714880749475792
7216,7707,515.0,-40.525,175.625,15.922597526965546,12.832597526965547
7217,7712,161.0,-40.525,175.675,15.905363278929144,14.939363278929145
7218,7717,199.0,-40.525,175.725,15.887284774275031,14.693284774275032
7219,7722,160.0,-40.525,175.775,15.870424704567995,14.910424704567994
7220,7437,224.0,-40.575,175.825,15.788629885195405,14.444629885195406
7221,7442,299.0,-40.575,175.875,15.775247170997318,13.981247170997317
7222,7465,304.0,-40.575,175.925,15.778061816541594,13.954061816541595
7223,7658,209.0,-40.625,175.825,15.720782267861068,14.466782267861069
7224,7659,121.0,-40.625,175.875,15.697828040909371,14.971828040909372
7225,7660,282.0,-40.625,175.925,15.692758953548037,14.000758953548036
7226,7781,181.0,-40.525,175.825,15.859195780416485,14.773195780416485
7227,7783,135.0,-40.525,175.875,15.858245505543891,15.04824550554389
7228,7785,284.0,-40.525,175.925,15.871313141600695,14.167313141600694
7229,7470,514.0,-40.575,175.975,15.798621155961882,12.714621155961883
7230,7483,570.0,-40.575,176.025,15.836762150982395,12.416762150982395
7231,7490,330.0,-40.575,176.075,15.890593721996993,13.910593721996992
7232,7574,241.0,-40.575,176.125,15.956482907742611,14.510482907742611
7233,7661,280.0,-40.625,175.975,15.70632503159868,14.026325031598681
7234,7662,272.0,-40.625,176.025,15.737706872372655,14.105706872372656
7235,7663,270.0,-40.625,176.075,15.78459380089771,14.164593800897709
7236,7664,289.0,-40.625,176.125,15.843305886053713,14.109305886053713
7237,7786,393.0,-40.525,175.975,15.900821394650848,13.542821394650847
7238,7788,295.0,-40.525,176.025,15.947601902997121,14.177601902997122
7239,7791,693.0,-40.525,176.075,16.010522883880185,11.852522883880185
7240,7793,244.0,-40.525,176.125,16.08614646854403,14.62214646854403
7241,7054,230.0,-40.625,176.175,15.909110166307073,14.529110166307074
7242,7111,107.0,-40.625,176.225,15.976750008761883,15.334750008761883
7243,7114,79.0,-40.625,176.275,16.041115265426924,15.567115265426924
7244,7579,163.0,-40.575,176.175,16.02928239402536,15.051282394025359
7245,7583,85.0,-40.575,176.225,16.102927868952975,15.592927868952975
7246,7589,204.0,-40.575,176.275,16.171342313013156,14.947342313013156
7247,7795,175.0,-40.525,176.175,16.16876147626317,15.11876147626317
7248,7797,215.0,-40.525,176.225,16.25109042186523,14.96109042186523
7249,7800,96.0,-40.525,176.275,16.325608482104144,15.749608482104144
7250,7120,164.0,-40.625,176.325,16.097915673919488,15.113915673919488
7251,7128,41.0,-40.625,176.375,16.14420781582885,15.89820781582885
7252,7595,280.0,-40.575,176.325,16.229408665923984,14.549408665923984
7253,7601,210.0,-40.575,176.375,16.273733392066788,15.013733392066788
7254,7665,156.0,-40.575,176.425,16.303031004033983,15.367031004033983
7255,7802,44.0,-40.525,176.325,16.386016781267244,16.122016781267245
7256,7804,49.0,-40.525,176.375,16.428344217070844,16.134344217070844
7257,7806,91.0,-40.525,176.425,16.451418668802944,15.905418668802945
7258,7809,270.0,-40.525,176.475,16.456765355775133,14.836765355775132
7259,7813,10.0,-40.475,175.225,16.091751782718347,16.03175178271835
7260,7860,9.0,-40.425,175.225,15.977646043218556,15.923646043218556
7261,7340,9.0,-40.375,175.275,15.891679768261383,15.837679768261383
7262,7439,29.0,-40.375,175.325,15.913621355764917,15.739621355764918
7263,7444,40.0,-40.375,175.375,15.939948011946399,15.699948011946399
7264,7807,9.0,-40.325,175.275,15.811234201391926,15.757234201391926
7265,7810,30.0,-40.325,175.325,15.84597351202683,15.66597351202683
7266,7814,28.0,-40.325,175.375,15.890372556823422,15.722372556823423
7267,7817,10.0,-40.475,175.275,16.081342827441404,16.021342827441405
7268,7821,20.0,-40.475,175.325,16.062595031573437,15.942595031573438
7269,7825,11.0,-40.475,175.375,16.040131810019375,15.974131810019374
7270,7861,10.0,-40.425,175.275,15.985498825757531,15.925498825757531
7271,7862,27.0,-40.425,175.325,15.98894293246849,15.826942932468489
7272,7863,30.0,-40.425,175.375,15.99188527262595,15.81188527262595
7273,7462,20.0,-40.375,175.425,15.971050900028786,15.851050900028786
7274,7466,10.0,-40.375,175.475,15.99583082535537,15.935830825355369
7275,7480,15.0,-40.375,175.525,16.00246618600795,15.91246618600795
7276,7487,22.0,-40.375,175.575,16.002926524786744,15.870926524786745
7277,7818,18.0,-40.325,175.425,15.947109794913558,15.839109794913558
7278,7822,19.0,-40.325,175.475,16.00182234706881,15.88782234706881
7279,7826,18.0,-40.325,175.525,16.03556316923641,15.92756316923641
7280,7829,10.0,-40.475,175.425,16.01742270651448,15.95742270651448
7281,7830,24.0,-40.325,175.575,16.062856718242983,15.918856718242983
7282,7833,10.0,-40.475,175.475,15.995060067245504,15.935060067245503
7283,7837,47.0,-40.475,175.525,15.973056482776883,15.691056482776883
7284,7838,377.0,-40.475,175.575,15.953808828722686,13.691808828722685
7285,7864,12.0,-40.425,175.425,15.994805979265948,15.922805979265949
7286,7865,10.0,-40.425,175.475,15.992911512308638,15.932911512308637
7287,7866,14.0,-40.425,175.525,15.982776138713234,15.898776138713234
7288,7867,49.0,-40.425,175.575,15.970202398340916,15.676202398340916
7289,7573,37.0,-40.375,175.625,16.0134364219266,15.7914364219266
7290,7587,99.0,-40.375,175.675,16.04119244198955,15.447192441989552
7291,7593,337.0,-40.375,175.725,16.071920170274097,14.049920170274097
7292,7599,354.0,-40.375,175.775,16.101942176755983,13.977942176755983
7293,7834,43.0,-40.325,175.625,16.09544850383827,15.83744850383827
7294,7839,403.0,-40.475,175.625,15.941010272101266,13.523010272101267
7295,7840,471.0,-40.475,175.675,15.935015015973477,13.109015015973476
7296,7841,177.0,-40.475,175.725,15.932586578521295,14.870586578521296
7297,7842,171.0,-40.475,175.775,15.932439258162049,14.906439258162049
7298,7868,94.0,-40.425,175.625,15.9667948227725,15.4027948227725
7299,7869,241.0,-40.425,175.675,15.976665680616861,14.530665680616861
7300,7870,353.0,-40.425,175.725,15.991439831646858,13.873439831646857
7301,7871,173.0,-40.425,175.775,16.007484316607588,14.969484316607588
7302,7920,52.0,-40.325,175.675,16.136652682936983,15.824652682936984
7303,7925,49.0,-40.325,175.725,16.17979621278937,15.88579621278937
7304,7927,250.0,-40.325,175.775,16.22068384673912,14.72068384673912
7305,7043,158.0,-40.425,175.825,16.025723389946506,15.077723389946506
7306,7121,95.0,-40.425,175.875,16.049332350114128,15.479332350114127
7307,7130,121.0,-40.425,175.925,16.08250047158799,15.356500471587992
7308,7605,75.0,-40.375,175.825,16.13180968494271,15.68180968494271
7309,7671,79.0,-40.375,175.875,16.16443308684393,15.690433086843928
7310,7674,215.0,-40.375,175.925,16.204253313379013,14.914253313379014
7311,7843,136.0,-40.475,175.825,15.936546695797006,15.120546695797005
7312,7844,140.0,-40.475,175.875,15.94854003090586,15.10854003090586
7313,7845,168.0,-40.475,175.925,15.972326560804504,14.964326560804505
7314,7929,138.0,-40.325,175.825,16.25914515394834,15.43114515394834
7315,7930,101.0,-40.325,175.875,16.297681745054433,15.691681745054433
7316,7932,117.0,-40.325,175.925,16.34077686087403,15.63877686087403
7317,7139,225.0,-40.425,175.975,16.12964794023719,14.779647940237192
7318,7148,336.0,-40.425,176.025,16.19461392929952,14.178613929299521
7319,7157,688.0,-40.425,176.075,16.279304137307918,12.151304137307918
7320,7166,464.0,-40.425,176.125,16.38167044603324,13.597670446033241
7321,7678,146.0,-40.375,175.975,16.25674986395461,15.38074986395461
7322,7683,266.0,-40.375,176.025,16.327879341464723,14.731879341464722
7323,7688,379.0,-40.375,176.075,16.422559620186803,14.148559620186802
7324,7693,425.0,-40.375,176.125,16.541030504493392,13.991030504493391
7325,7846,509.0,-40.475,175.975,16.011267960828263,12.957267960828263
7326,7847,454.0,-40.475,176.025,16.06749849114567,13.34349849114567
7327,7848,352.0,-40.475,176.075,16.141060634166934,14.029060634166933
7328,7849,423.0,-40.475,176.125,16.22894301789347,13.69094301789347
7329,7933,143.0,-40.325,175.975,16.394676328636706,15.536676328636705
7330,7935,122.0,-40.325,176.025,16.467469479102874,15.735469479102875
7331,7936,254.0,-40.325,176.075,16.568555114776245,15.044555114776244
7332,7938,413.0,-40.325,176.125,16.70361465870519,14.225614658705192
7333,7265,317.0,-40.425,176.175,16.4941475821106,14.5921475821106
7334,7278,140.0,-40.425,176.225,16.60454380972078,15.76454380972078
7335,7285,186.0,-40.425,176.275,16.699621795283747,15.583621795283747
7336,7698,575.0,-40.375,176.175,16.674484440649394,13.224484440649395
7337,7703,461.0,-40.375,176.225,16.805649202142376,14.039649202142376
7338,7708,160.0,-40.375,176.275,16.915729627449764,15.955729627449763
7339,7850,181.0,-40.475,176.175,16.32464301554137,15.238643015541369
7340,7851,180.0,-40.475,176.225,16.41899647921673,15.33899647921673
7341,7852,103.0,-40.475,176.275,16.502253598475363,15.884253598475363
7342,7940,231.0,-40.325,176.175,16.86296704506094,15.476967045060942
7343,7942,318.0,-40.325,176.225,17.0201671270479,15.112167127047899
7344,7944,246.0,-40.325,176.275,17.147615022899117,15.671615022899118
7345,7290,147.0,-40.425,176.325,16.76905608267407,15.88705608267407
7346,7294,248.0,-40.425,176.375,16.807598545681685,15.319598545681686
7347,7310,399.0,-40.425,176.425,16.815131493101944,14.421131493101944
7348,7318,102.0,-40.425,176.475,16.795567889741505,16.183567889741507
7349,7713,235.0,-40.375,176.325,16.991388023496256,15.581388023496256
7350,7718,363.0,-40.375,176.375,17.027410058974056,14.849410058974055
7351,7723,182.0,-40.375,176.425,17.02550355005951,15.93350355005951
7352,7799,200.0,-40.375,176.475,16.99161771615036,15.791617716150359
7353,7853,41.0,-40.475,176.325,16.566427497935365,16.320427497935366
7354,7854,121.0,-40.475,176.375,16.60686654523306,15.880866545233062
7355,7855,114.0,-40.475,176.425,16.62269565713359,15.938695657133591
7356,7856,277.0,-40.475,176.475,16.616435035481118,14.954435035481119
7357,7946,340.0,-40.325,176.325,17.228705550340237,15.188705550340238
7358,7948,317.0,-40.325,176.375,17.260060614236863,15.358060614236864
7359,7949,144.0,-40.325,176.425,17.24737931783602,16.38337931783602
7360,7950,108.0,-40.325,176.475,17.19970344430476,16.55170344430476
7361,7325,81.0,-40.425,176.525,16.755728672636906,16.269728672636905
7362,7332,117.0,-40.425,176.575,16.704688549813,16.002688549813
7363,7801,197.0,-40.375,176.525,16.934036637365352,15.752036637365352
7364,7803,114.0,-40.375,176.575,16.863195183424978,16.179195183424977
7365,7805,222.0,-40.375,176.625,16.792562049406115,15.460562049406114
7366,7857,128.0,-40.475,176.525,16.593290911405347,15.825290911405347
7367,7858,127.0,-40.475,176.575,16.560341109900037,15.798341109900036
7368,7859,185.0,-40.475,176.625,16.525376022196724,15.415376022196725
7369,7951,181.0,-40.325,176.525,17.12628017863608,16.04028017863608
7370,7952,131.0,-40.325,176.575,17.03707496690913,16.25107496690913
7371,7953,48.0,-40.325,176.625,16.94630463415524,16.65830463415524
7372,7132,20.0,-40.225,175.225,15.702140816982137,15.582140816982138
7373,7681,20.0,-40.175,175.225,15.74768052266154,15.62768052266154
7374,7890,4.0,-40.125,175.175,15.747884857992176,15.723884857992177
7375,7921,40.0,-40.125,175.225,15.855971509357914,15.615971509357914
7376,7954,9.0,-40.275,175.225,15.715938036708394,15.661938036708394
7377,7141,15.0,-40.225,175.275,15.753597350732889,15.66359735073289
7378,7150,25.0,-40.225,175.325,15.796559175665607,15.646559175665606
7379,7159,35.0,-40.225,175.375,15.854930124798557,15.644930124798556
7380,7686,44.0,-40.175,175.275,15.812416136875981,15.548416136875982
7381,7691,73.0,-40.175,175.325,15.86604488924786,15.42804488924786
7382,7696,54.0,-40.175,175.375,15.934881231252803,15.610881231252803
7383,7922,78.0,-40.125,175.275,15.936382478059386,15.468382478059386
7384,7923,120.0,-40.125,175.325,16.007751385943266,15.287751385943265
7385,7924,120.0,-40.125,175.375,16.092994344304316,15.372994344304315
7386,7955,6.0,-40.275,175.275,15.758915708822315,15.722915708822315
7387,7956,30.0,-40.275,175.325,15.799644392332993,15.619644392332994
7388,7957,31.0,-40.275,175.375,15.854655582705163,15.668655582705163
7389,7168,51.0,-40.225,175.425,15.955759102012962,15.649759102012963
7390,7263,118.0,-40.225,175.475,16.067599314905237,15.359599314905237
7391,7269,80.0,-40.225,175.525,16.170573210023576,15.690573210023576
7392,7272,75.0,-40.225,175.575,16.26162980454683,15.811629804546829
7393,7701,81.0,-40.175,175.425,16.047267697547795,15.561267697547795
7394,7706,113.0,-40.175,175.475,16.175046395277604,15.497046395277604
7395,7711,110.0,-40.175,175.525,16.298525955484365,15.638525955484365
7396,7716,160.0,-40.175,175.575,16.411459035196458,15.451459035196457
7397,7926,100.0,-40.125,175.425,16.205950588089763,15.605950588089764
7398,7928,121.0,-40.125,175.475,16.336883007345023,15.610883007345024
7399,7931,152.0,-40.125,175.525,16.47055562688911,15.55855562688911
7400,7934,180.0,-40.125,175.575,16.597663915352314,15.517663915352314
7401,7958,31.0,-40.275,175.425,15.932294043392176,15.746294043392176
7402,7959,60.0,-40.275,175.475,16.01534690646804,15.65534690646804
7403,7960,40.0,-40.275,175.525,16.086522304583923,15.846522304583923
7404,7961,47.0,-40.275,175.575,16.147485242545372,15.865485242545372
7405,7274,92.0,-40.225,175.625,16.343228655896382,15.791228655896383
7406,7291,133.0,-40.225,175.675,16.41707471664995,15.61907471664995
7407,7312,180.0,-40.225,175.725,16.48280935297953,15.40280935297953
7408,7321,99.0,-40.225,175.775,16.539643880198128,15.945643880198128
7409,7721,129.0,-40.175,175.625,16.51250127014646,15.738501270146458
7410,7780,160.0,-40.175,175.675,16.601331815953017,15.641331815953016
7411,7782,220.0,-40.175,175.725,16.67736625687394,15.357366256873938
7412,7784,262.0,-40.175,175.775,16.740255527140107,15.168255527140108
7413,7937,213.0,-40.125,175.625,16.713278610928683,15.435278610928682
7414,7939,201.0,-40.125,175.675,16.814468322088942,15.608468322088942
7415,7941,231.0,-40.125,175.725,16.899247716981336,15.513247716981336
7416,7943,280.0,-40.125,175.775,16.966674921757658,15.286674921757658
7417,7962,55.0,-40.275,175.625,16.205184499471216,15.875184499471215
7418,7963,108.0,-40.275,175.675,16.26230804550869,15.61430804550869
7419,7964,118.0,-40.275,175.725,16.3168001332524,15.6088001332524
7420,7965,81.0,-40.275,175.775,16.36631819930335,15.88031819930335
7421,7331,389.0,-40.225,175.825,16.588079511202523,14.254079511202523
7422,7339,848.0,-40.225,175.875,16.630656873283442,11.542656873283441
7423,7432,368.0,-40.225,175.925,16.672128883350524,14.464128883350524
7424,7787,155.0,-40.175,175.825,16.79091777090798,15.860917770907982
7425,7789,404.0,-40.175,175.875,16.832333532889606,14.408333532889607
7426,7792,1022.0,-40.175,175.925,16.870021165901562,10.73802116590156
7427,7945,218.0,-40.125,175.825,17.01750975617324,15.70950975617324
7428,7947,204.0,-40.125,175.875,17.05494039953919,15.830940399539191
7429,7966,396.0,-40.275,175.825,16.41075120145979,14.03475120145979
7430,7967,261.0,-40.275,175.875,16.452403807008523,14.886403807008524
7431,7968,228.0,-40.275,175.925,16.495734292591806,15.127734292591805
7432,7982,384.0,-40.125,175.925,17.085207956741215,14.781207956741214
7433,7434,253.0,-40.225,175.975,16.719527003675466,15.201527003675466
7434,7438,215.0,-40.225,176.025,16.782557084647124,15.492557084647125
7435,7445,201.0,-40.225,176.075,16.875778352099587,15.669778352099588
7436,7464,196.0,-40.225,176.125,17.03374554005859,15.85774554005859
7437,7794,465.0,-40.175,175.975,16.91243242226483,14.12243242226483
7438,7796,302.0,-40.175,176.025,16.97174865048146,15.15974865048146
7439,7812,281.0,-40.175,176.075,17.06669220236654,15.38069220236654
7440,7816,249.0,-40.175,176.125,17.230379216722213,15.736379216722213
7441,7969,188.0,-40.275,175.975,16.547308191627963,15.419308191627962
7442,7970,153.0,-40.275,176.025,16.61639288411243,15.69839288411243
7443,7971,202.0,-40.275,176.075,16.716962782898918,15.504962782898918
7444,7972,216.0,-40.275,176.125,16.866764108737698,15.570764108737698
7445,7983,993.0,-40.125,175.975,17.118255143868737,11.160255143868739
7446,7984,568.0,-40.125,176.025,17.168722583533963,13.760722583533964
7447,7985,452.0,-40.125,176.075,17.25715135395876,14.545151353958762
7448,7986,318.0,-40.125,176.125,17.405492858524667,15.497492858524668
7449,7468,219.0,-40.225,176.175,17.260052727069706,15.946052727069706
7450,7477,253.0,-40.225,176.225,17.476082301931456,15.958082301931455
7451,7482,275.0,-40.225,176.275,17.63059251329105,15.980592513291048
7452,7820,319.0,-40.175,176.175,17.462494197752676,15.548494197752676
7453,7824,357.0,-40.175,176.225,17.691459021618357,15.549459021618357
7454,7828,450.0,-40.175,176.275,17.844233141149743,15.144233141149744
7455,7973,325.0,-40.275,176.175,17.057864258691552,15.107864258691553
7456,7974,189.0,-40.275,176.225,17.245550500942045,16.111550500942045
7457,7975,344.0,-40.275,176.275,17.389815075031947,15.325815075031947
7458,7987,350.0,-40.125,176.175,17.61278539824707,15.51278539824707
7459,7988,317.0,-40.125,176.225,17.835820981985307,15.933820981985308
7460,7989,241.0,-40.125,176.275,17.978932274418185,16.532932274418183
7461,7489,360.0,-40.225,176.325,17.702307176601607,15.542307176601607
7462,7570,320.0,-40.225,176.375,17.705247756864992,15.785247756864992
7463,7575,249.0,-40.225,176.425,17.666998726461316,16.172998726461316
7464,7584,216.0,-40.225,176.475,17.605601358023705,16.309601358023706
7465,7832,427.0,-40.175,176.325,17.88653566989524,15.324535669895239
7466,7836,358.0,-40.175,176.375,17.858131261746166,15.710131261746167
7467,7872,183.0,-40.175,176.425,17.81051195692271,16.71251195692271
7468,7874,179.0,-40.175,176.475,17.761182183981873,16.68718218398187
7469,7976,315.0,-40.275,176.325,17.471712380938698,15.581712380938697
7470,7977,459.0,-40.275,176.375,17.493400925493916,14.739400925493916
7471,7978,332.0,-40.275,176.425,17.468392029579263,15.476392029579264
7472,7979,122.0,-40.275,176.475,17.410133317054715,16.678133317054716
7473,7990,331.0,-40.125,176.325,17.96222021660651,15.97622021660651
7474,7991,547.0,-40.125,176.375,17.895342998817796,14.613342998817796
7475,7992,223.0,-40.125,176.425,17.858395384188043,16.520395384188042
7476,7993,183.0,-40.125,176.475,17.850185136892833,16.752185136892834
7477,7109,180.0,-40.275,176.625,17.125415174348745,16.045415174348747
7478,7590,76.0,-40.225,176.525,17.526948111102683,17.070948111102684
7479,7596,65.0,-40.225,176.575,17.43382509262301,17.04382509262301
7480,7602,48.0,-40.225,176.625,17.335543434950523,17.047543434950523
7481,7876,105.0,-40.175,176.525,17.70413335907506,17.07413335907506
7482,7878,61.0,-40.175,176.575,17.631250489881495,17.265250489881495
7483,7880,60.0,-40.175,176.625,17.54565643685055,17.18565643685055
7484,7980,59.0,-40.275,176.525,17.327828649169533,16.973828649169533
7485,7981,55.0,-40.275,176.575,17.229079729964724,16.899079729964726
7486,7994,120.0,-40.125,176.525,17.839641117316205,17.119641117316206
7487,7995,249.0,-40.125,176.575,17.800917066750117,16.306917066750117
7488,7996,207.0,-40.125,176.625,17.732411986333318,16.490411986333317
7489,7123,7.0,-40.275,176.675,17.045292537484784,17.003292537484782
7490,7668,89.0,-40.225,176.675,17.251204831758514,16.717204831758515
7491,7676,40.0,-40.225,176.725,17.189508719253354,16.949508719253355
7492,7882,98.0,-40.175,176.675,17.460116882866714,16.872116882866713
7493,7884,121.0,-40.175,176.725,17.38418520829873,16.658185208298733
7494,7886,100.0,-40.175,176.775,17.318381571792997,16.718381571792996
7495,7888,95.0,-40.175,176.825,17.260011957696406,16.690011957696406
7496,7997,220.0,-40.125,176.675,17.649108151206747,16.329108151206746
7497,7998,180.0,-40.125,176.725,17.565031219419325,16.485031219419326
7498,7999,193.0,-40.125,176.775,17.486653549829498,16.328653549829497
7499,8000,72.0,-40.125,176.825,17.41522924459423,16.98322924459423
7500,7053,40.0,-40.075,175.175,15.899834566487698,15.659834566487698
7501,7110,40.0,-40.075,175.225,16.0185814450233,15.7785814450233
7502,7196,20.0,-40.025,175.125,15.935628688108409,15.81562868810841
7503,7197,83.0,-40.025,175.175,16.1038197005837,15.6058197005837
7504,7198,32.0,-40.025,175.225,16.214922337123426,16.022922337123426
7505,7232,46.0,-39.975,175.075,15.968271829988225,15.692271829988226
7506,7233,80.0,-39.975,175.125,16.201285077433567,15.721285077433567
7507,7234,110.0,-39.975,175.175,16.323912011197535,15.663912011197535
7508,7235,38.0,-39.975,175.225,16.410230468871305,16.182230468871303
7509,7113,89.0,-40.075,175.275,16.108473184576724,15.574473184576723
7510,7118,140.0,-40.075,175.325,16.192030397549388,15.352030397549388
7511,7125,148.0,-40.075,175.375,16.287653182269423,15.399653182269423
7512,7199,65.0,-40.025,175.275,16.30362876491563,15.913628764915629
7513,7200,175.0,-40.025,175.325,16.392831359728007,15.342831359728006
7514,7201,208.0,-40.025,175.375,16.496293939169846,15.248293939169846
7515,7236,60.0,-39.975,175.275,16.49257130206388,16.13257130206388
7516,7237,80.0,-39.975,175.325,16.5868266968464,16.1068266968464
7517,7238,174.0,-39.975,175.375,16.700294139867765,15.656294139867764
7518,7134,159.0,-40.075,175.425,16.404085401271004,15.450085401271004
7519,7143,86.0,-40.075,175.475,16.537445002264576,16.021445002264578
7520,7152,194.0,-40.075,175.525,16.677572817498003,15.513572817498003
7521,7161,236.0,-40.075,175.575,16.81486195726029,15.39886195726029
7522,7202,210.0,-40.025,175.425,16.61915315919032,15.359153159190319
7523,7203,159.0,-40.025,175.475,16.758495200789184,15.804495200789184
7524,7204,100.0,-40.025,175.525,16.90645834998577,16.306458349985768
7525,7205,294.0,-40.025,175.575,17.053878128892393,15.289878128892394
7526,7239,310.0,-39.975,175.425,16.834122206288157,14.974122206288158
7527,7240,305.0,-39.975,175.475,16.984474312630482,15.154474312630482
7528,7241,220.0,-39.975,175.525,17.144119988195598,15.824119988195598
7529,7242,218.0,-39.975,175.575,17.3042207347753,15.9962207347753
7530,7170,276.0,-40.075,175.625,16.94203254241438,15.28603254241438
7531,7171,321.0,-40.075,175.675,17.05369161249837,15.127691612498369
7532,7172,360.0,-40.075,175.725,17.145918578346027,14.985918578346027
7533,7173,421.0,-40.075,175.775,17.216423925725394,14.690423925725394
7534,7206,351.0,-40.025,175.625,17.1922163432464,15.0862163432464
7535,7207,378.0,-40.025,175.675,17.31409175178851,15.04609175178851
7536,7208,350.0,-40.025,175.725,17.413497011526488,15.313497011526488
7537,7209,430.0,-40.025,175.775,17.4862730155146,14.906273015514598
7538,7243,151.0,-39.975,175.625,17.45556008897256,16.549560088972562
7539,7244,322.0,-39.975,175.675,17.58918578272278,15.65718578272278
7540,7245,405.0,-39.975,175.725,17.696960336412303,15.266960336412303
7541,7246,373.0,-39.975,175.775,17.77243097506289,15.53443097506289
7542,7174,421.0,-40.075,175.825,17.26512233640824,14.73912233640824
7543,7175,221.0,-40.075,175.875,17.294797844209825,15.968797844209824
7544,7176,353.0,-40.075,175.925,17.31164558933233,15.193645589332329
7545,7210,300.0,-40.025,175.825,17.530843239859678,15.730843239859677
7546,7211,508.0,-40.025,175.875,17.548896110325586,14.500896110325586
7547,7212,437.0,-40.025,175.925,17.54567918376415,14.92367918376415
7548,7247,491.0,-39.975,175.825,17.811983393417904,14.865983393417904
7549,7248,459.0,-39.975,175.875,17.815763054430136,15.061763054430136
7550,7249,499.0,-39.975,175.925,17.787739586623502,14.793739586623502
7551,7177,693.0,-40.075,175.975,17.325648366080713,13.167648366080714
7552,7178,909.0,-40.075,176.025,17.350699893635465,11.896699893635464
7553,7179,609.0,-40.075,176.075,17.403525839574286,13.749525839574286
7554,7180,460.0,-40.075,176.125,17.498511454614345,14.738511454614345
7555,7213,428.0,-40.025,175.975,17.52972447227512,14.96172447227512
7556,7214,1179.0,-40.025,176.025,17.511841683081002,10.437841683081004
7557,7215,957.0,-40.025,176.075,17.502839758017217,11.760839758017216
7558,7216,731.0,-40.025,176.125,17.509189525444526,13.123189525444527
7559,7250,520.0,-39.975,175.975,17.734684269496938,14.614684269496937
7560,7251,803.0,-39.975,176.025,17.664218606922077,12.846218606922077
7561,7252,1402.0,-39.975,176.075,17.582034770355676,9.170034770355677
7562,7253,779.0,-39.975,176.125,17.488327838873374,12.814327838873375
7563,7181,386.0,-40.075,176.175,17.637511556211393,15.321511556211394
7564,7182,364.0,-40.075,176.225,17.801079469631077,15.617079469631076
7565,7183,304.0,-40.075,176.275,17.915126942447387,16.09112694244739
7566,7217,470.0,-40.025,176.175,17.527074961413746,14.707074961413745
7567,7218,393.0,-40.025,176.225,17.53572403268481,15.17772403268481
7568,7219,318.0,-40.025,176.275,17.490609691711143,15.582609691711143
7569,7254,573.0,-39.975,176.175,17.374255096830893,13.936255096830893
7570,7255,398.0,-39.975,176.225,17.222214645560598,14.834214645560598
7571,7256,322.0,-39.975,176.275,17.028357500268612,15.096357500268612
7572,7184,305.0,-40.075,176.325,17.820547332667047,15.990547332667047
7573,7185,319.0,-40.075,176.375,17.75417921791086,15.84017921791086
7574,7186,285.0,-40.075,176.425,17.778453051432734,16.068453051432734
7575,7187,160.0,-40.075,176.475,17.855233099748148,16.895233099748147
7576,7220,255.0,-40.025,176.325,17.40717990777921,15.87717990777921
7577,7221,218.0,-40.025,176.375,17.432285801012767,16.124285801012768
7578,7222,184.0,-40.025,176.425,17.579032053763513,16.475032053763513
7579,7223,221.0,-40.025,176.475,17.776723414775915,16.450723414775915
7580,7257,255.0,-39.975,176.325,16.907524270936847,15.377524270936847
7581,7258,208.0,-39.975,176.375,17.058888757048408,15.810888757048408
7582,7259,172.0,-39.975,176.425,17.334457667951938,16.302457667951938
7583,7260,150.0,-39.975,176.475,17.63130334514426,16.731303345144262
7584,7042,156.0,-39.975,176.525,17.87794562827912,16.94194562827912
7585,7119,136.0,-39.975,176.575,17.984294641704764,17.168294641704765
7586,7127,136.0,-39.975,176.625,17.993220364733133,17.177220364733135
7587,7188,181.0,-40.075,176.525,17.92177917304798,16.83577917304798
7588,7189,182.0,-40.075,176.575,17.928851452830713,16.836851452830714
7589,7190,293.0,-40.075,176.625,17.879574266640702,16.121574266640703
7590,7224,126.0,-40.025,176.525,17.946219670353457,17.190219670353457
7591,7225,139.0,-40.025,176.575,18.000361207028618,17.16636120702862
7592,7226,181.0,-40.025,176.625,17.97090955893509,16.884909558935092
7593,7136,191.0,-39.975,176.675,17.95777495665243,16.811774956652428
7594,7145,141.0,-39.975,176.725,17.9002994990733,17.0542994990733
7595,7154,177.0,-39.975,176.775,17.83274661147152,16.77074661147152
7596,7163,180.0,-39.975,176.825,17.76167998663732,16.68167998663732
7597,7191,180.0,-40.075,176.675,17.80228712182725,16.72228712182725
7598,7192,200.0,-40.075,176.725,17.7169006561453,16.5169006561453
7599,7193,245.0,-40.075,176.775,17.6330493305868,16.1630493305868
7600,7194,168.0,-40.075,176.825,17.55430818881723,16.546308188817232
7601,7227,157.0,-40.025,176.675,17.90700214577373,16.96500214577373
7602,7228,160.0,-40.025,176.725,17.8296990491217,16.8696990491217
7603,7229,275.0,-40.025,176.775,17.749287689803168,16.09928768980317
7604,7230,164.0,-40.025,176.825,17.67061542114243,16.68661542114243
7605,7195,135.0,-40.075,176.875,17.48142437520437,16.67142437520437
7606,7231,158.0,-40.025,176.875,17.595657570665935,16.647657570665935
7607,7266,215.0,-39.975,176.875,17.69056302215904,16.40056302215904
7608,7509,20.0,-39.775,174.525,14.642207654906088,14.522207654906088
7609,7510,70.0,-39.775,174.575,14.687265378641314,14.267265378641314
7610,7511,60.0,-39.775,174.625,14.741075692945742,14.381075692945743
7611,7512,79.0,-39.775,174.675,14.80591628178081,14.33191628178081
7612,7771,20.0,-39.825,174.625,14.670679563991143,14.550679563991144
7613,7772,37.0,-39.825,174.675,14.729564603083418,14.507564603083418
7614,7513,20.0,-39.775,174.725,14.884894774993882,14.764894774993882
7615,7514,42.0,-39.775,174.775,14.981983355770353,14.729983355770353
7616,7515,173.0,-39.775,174.825,15.1017643778614,14.0637643778614
7617,7516,243.0,-39.775,174.875,15.24837780863163,13.79037780863163
7618,7728,39.0,-39.875,174.875,15.111686340853339,14.877686340853339
7619,7773,20.0,-39.825,174.725,14.804631715946016,14.684631715946017
7620,7774,86.0,-39.825,174.775,14.901481072753086,14.385481072753086
7621,7775,99.0,-39.825,174.825,15.027670486146235,14.433670486146235
7622,7776,122.0,-39.825,174.875,15.192700396190048,14.460700396190049
7623,7267,36.0,-39.925,174.975,15.484994785263552,15.268994785263553
7624,7268,21.0,-39.925,175.025,15.932646545974421,15.806646545974422
7625,7517,280.0,-39.775,174.925,15.422675122361397,13.742675122361398
7626,7518,221.0,-39.775,174.975,15.616972734802403,14.290972734802402
7627,7519,334.0,-39.775,175.025,15.812489339907188,13.808489339907188
7628,7729,37.0,-39.875,174.925,15.33949386140739,15.117493861407391
7629,7730,118.0,-39.875,174.975,15.651085714474902,14.943085714474902
7630,7731,142.0,-39.875,175.025,16.028106561949244,15.176106561949243
7631,7777,143.0,-39.825,174.925,15.405950806525652,14.547950806525652
7632,7778,80.0,-39.825,174.975,15.6673558667826,15.1873558667826
7633,7779,122.0,-39.825,175.025,15.945362025056966,15.213362025056966
7634,7107,136.0,-39.825,175.075,16.177579668699764,15.361579668699763
7635,7129,177.0,-39.825,175.125,16.345343679451616,15.283343679451617
7636,7138,158.0,-39.825,175.175,16.487525429940433,15.539525429940433
7637,7147,139.0,-39.825,175.225,16.635353846431826,15.801353846431827
7638,7270,39.0,-39.925,175.075,16.29944047004392,16.065440470043917
7639,7271,26.0,-39.925,175.125,16.417795697168913,16.261795697168914
7640,7273,157.0,-39.925,175.175,16.48984159473912,15.547841594739118
7641,7277,206.0,-39.925,175.225,16.56041855465446,15.32441855465446
7642,7520,68.0,-39.775,175.075,15.995048624288756,15.587048624288757
7643,7521,137.0,-39.775,175.125,16.179186923312955,15.357186923312955
7644,7522,165.0,-39.775,175.175,16.38196387728385,15.391963877283851
7645,7523,126.0,-39.775,175.225,16.598389805454644,15.842389805454644
7646,7732,141.0,-39.875,175.075,16.31671680297586,15.470716802975861
7647,7733,76.0,-39.875,175.125,16.4542648136121,15.9982648136121
7648,7734,228.0,-39.875,175.175,16.54181077388057,15.17381077388057
7649,7735,122.0,-39.875,175.225,16.63431947339268,15.90231947339268
7650,7156,92.0,-39.825,175.275,16.798610895042657,16.246610895042657
7651,7165,337.0,-39.825,175.325,16.977897657372523,14.955897657372523
7652,7261,187.0,-39.825,175.375,17.171322420661454,16.049322420661454
7653,7292,40.0,-39.925,175.275,16.646476970941876,16.406476970941878
7654,7313,60.0,-39.925,175.325,16.75429052769323,16.39429052769323
7655,7319,167.0,-39.925,175.375,16.884938907664036,15.882938907664036
7656,7524,244.0,-39.775,175.275,16.821831088527688,15.357831088527687
7657,7525,157.0,-39.775,175.325,17.04975242933142,16.10775242933142
7658,7526,181.0,-39.775,175.375,17.281222119898302,16.195222119898304
7659,7736,119.0,-39.875,175.275,16.74761316717195,16.03361316717195
7660,7737,232.0,-39.875,175.325,16.884090247927816,15.492090247927816
7661,7738,116.0,-39.875,175.375,17.04192141481326,16.345921414813258
7662,7276,250.0,-39.825,175.425,17.376264093036298,15.876264093036298
7663,7298,224.0,-39.825,175.475,17.589517839733162,16.24551783973316
7664,7300,294.0,-39.825,175.525,17.807010419506696,16.043010419506697
7665,7301,358.0,-39.825,175.575,18.023303872483666,15.875303872483666
7666,7322,240.0,-39.925,175.425,17.03620554228837,15.596205542288372
7667,7333,205.0,-39.925,175.475,17.2032495711901,15.973249571190099
7668,7341,318.0,-39.925,175.525,17.379158806434134,15.471158806434135
7669,7433,314.0,-39.925,175.575,17.555544954520883,15.671544954520883
7670,7527,420.0,-39.775,175.425,17.51556788945163,14.995567889451632
7671,7528,547.0,-39.775,175.475,17.751862928213086,14.469862928213086
7672,7529,214.0,-39.775,175.525,17.98854728929291,16.70454728929291
7673,7530,371.0,-39.775,175.575,18.22282498907589,15.99682498907589
7674,7739,131.0,-39.875,175.425,17.21760350718978,16.431603507189777
7675,7740,153.0,-39.875,175.475,17.40641681739362,16.48841681739362
7676,7741,206.0,-39.875,175.525,17.602396585207316,16.366396585207315
7677,7742,357.0,-39.875,175.575,17.798200005068793,15.656200005068794
7678,7303,483.0,-39.825,175.625,18.230835580441635,15.332835580441635
7679,7305,440.0,-39.825,175.675,18.418918087496422,15.778918087496422
7680,7307,348.0,-39.825,175.725,18.572935270989547,16.484935270989546
7681,7314,421.0,-39.825,175.775,18.67528178538487,16.14928178538487
7682,7435,281.0,-39.925,175.625,17.722980504317093,16.036980504317093
7683,7440,312.0,-39.925,175.675,17.871304984088056,15.999304984088056
7684,7443,327.0,-39.925,175.725,17.99018190863717,16.02818190863717
7685,7471,373.0,-39.925,175.775,18.070366551954066,15.832366551954067
7686,7531,436.0,-39.775,175.625,18.44959588861093,15.83359588861093
7687,7532,625.0,-39.775,175.675,18.659779233290465,14.909779233290465
7688,7533,551.0,-39.775,175.725,18.838039632537402,15.532039632537403
7689,7534,586.0,-39.775,175.775,18.960952947149053,15.444952947149053
7690,7743,317.0,-39.875,175.625,17.98485816626635,16.082858166266348
7691,7744,200.0,-39.875,175.675,18.151502858978347,16.951502858978348
7692,7745,318.0,-39.875,175.725,18.285537376519642,16.37753737651964
7693,7746,344.0,-39.875,175.775,18.374143746012123,16.310143746012123
7694,7328,591.0,-39.825,175.825,18.710874256197712,15.164874256197713
7695,7334,349.0,-39.825,175.875,18.6755854353396,16.581585435339598
7696,7342,569.0,-39.825,175.925,18.576992731061182,15.162992731061182
7697,7479,469.0,-39.925,175.825,18.105666641204152,15.291666641204152
7698,7486,510.0,-39.925,175.875,18.094608669242007,15.034608669242008
7699,7535,347.0,-39.775,175.825,19.003137260486255,16.921137260486255
7700,7536,457.0,-39.775,175.875,18.959099047031486,16.217099047031486
7701,7537,460.0,-39.775,175.925,18.84539506152214,16.085395061522142
7702,7572,564.0,-39.925,175.925,18.040445435326546,14.656445435326546
7703,7747,422.0,-39.875,175.825,18.407679253214155,15.875679253214155
7704,7748,509.0,-39.875,175.875,18.38324147304229,15.32924147304229
7705,7749,509.0,-39.875,175.925,18.30487199735944,15.250871997359441
7706,7441,687.0,-39.825,175.975,18.426645597428433,14.304645597428433
7707,7467,642.0,-39.825,176.025,18.234560116325156,14.382560116325156
7708,7484,1485.0,-39.825,176.075,18.00863830104936,9.098638301049359
7709,7491,1264.0,-39.825,176.125,17.75695671790163,10.17295671790163
7710,7538,637.0,-39.775,175.975,18.679700399035937,14.857700399035938
7711,7539,633.0,-39.775,176.025,18.47444556572009,14.676445565720089
7712,7540,1415.0,-39.775,176.075,18.239446317980764,9.749446317980764
7713,7541,1022.0,-39.775,176.125,17.985662084334763,11.853662084334761
7714,7576,692.0,-39.925,175.975,17.949275716149714,13.797275716149713
7715,7586,1216.0,-39.925,176.025,17.827314922906226,10.531314922906226
7716,7592,1016.0,-39.925,176.075,17.678292231663363,11.582292231663363
7717,7598,1020.0,-39.925,176.125,17.501554062895593,11.381554062895594
7718,7750,607.0,-39.875,175.975,18.18010072686593,14.538100726865931
7719,7751,1201.0,-39.875,176.025,18.016193123417906,10.810193123417907
7720,7752,1431.0,-39.875,176.075,17.818243781424826,9.232243781424826
7721,7753,1432.0,-39.875,176.125,17.589484957279637,8.997484957279637
7722,7492,717.0,-39.825,176.175,17.492467954405583,13.190467954405584
7723,7493,589.0,-39.825,176.225,17.24051335634431,13.70651335634431
7724,7494,505.0,-39.825,176.275,17.046084669564152,14.016084669564153
7725,7542,1200.0,-39.775,176.175,17.729278473561862,10.529278473561863
7726,7543,493.0,-39.775,176.225,17.495437979785493,14.537437979785492
7727,7544,438.0,-39.775,176.275,17.318260458356235,14.690260458356235
7728,7604,540.0,-39.925,176.175,17.292291635094443,14.052291635094443
7729,7669,475.0,-39.925,176.225,17.048581532668322,14.198581532668323
7730,7675,348.0,-39.925,176.275,16.797765825351235,14.709765825351234
7731,7754,790.0,-39.875,176.175,17.334859401540598,12.594859401540598
7732,7755,380.0,-39.875,176.225,17.071054547530366,14.791054547530367
7733,7756,455.0,-39.875,176.275,16.847025388589827,14.117025388589827
7734,7495,334.0,-39.825,176.325,16.96563091885764,14.961630918857642
7735,7496,291.0,-39.825,176.375,17.026152635138715,15.280152635138714
7736,7497,262.0,-39.825,176.425,17.194837833638303,15.622837833638304
7737,7498,217.0,-39.825,176.475,17.408881473646034,16.106881473646034
7738,7545,557.0,-39.775,176.325,17.23104884068016,13.889048840680159
7739,7546,371.0,-39.775,176.375,17.246936738520162,15.020936738520163
7740,7547,371.0,-39.775,176.425,17.347758707532194,15.121758707532194
7741,7548,275.0,-39.775,176.475,17.49490007958957,15.84490007958957
7742,7679,286.0,-39.925,176.325,16.674421962932684,14.958421962932684
7743,7684,224.0,-39.925,176.375,16.851882672082866,15.507882672082866
7744,7689,189.0,-39.925,176.425,17.15995265249512,16.02595265249512
7745,7694,171.0,-39.925,176.475,17.47986551633221,16.45386551633221
7746,7757,344.0,-39.875,176.325,16.759665895544458,14.695665895544458
7747,7758,280.0,-39.875,176.375,16.873226327297743,15.193226327297744
7748,7759,226.0,-39.875,176.425,17.119224601134192,15.763224601134192
7749,7760,194.0,-39.875,176.475,17.39888860253268,16.234888602532678
7750,7499,220.0,-39.825,176.525,17.612909427756676,16.292909427756676
7751,7500,272.0,-39.825,176.575,17.773025627422612,16.14102562742261
7752,7501,132.0,-39.825,176.625,17.878456132224528,17.086456132224527
7753,7549,293.0,-39.775,176.525,17.648615297017386,15.890615297017387
7754,7550,260.0,-39.775,176.575,17.780429719015956,16.220429719015957
7755,7551,227.0,-39.775,176.625,17.87671660890919,16.514716608909193
7756,7699,152.0,-39.925,176.525,17.741608743846882,16.829608743846883
7757,7704,237.0,-39.925,176.575,17.897981766727753,16.475981766727752
7758,7709,111.0,-39.925,176.625,17.960194910963764,17.294194910963764
7759,7761,168.0,-39.875,176.525,17.643389017146546,16.635389017146547
7760,7762,161.0,-39.875,176.575,17.815219494019402,16.8492194940194
7761,7763,113.0,-39.875,176.625,17.911243908922188,17.233243908922187
7762,7502,167.0,-39.825,176.675,17.934585716750007,16.93258571675001
7763,7503,272.0,-39.825,176.725,17.952907938422868,16.320907938422867
7764,7504,182.0,-39.825,176.775,17.944584252109053,16.852584252109054
7765,7505,193.0,-39.825,176.825,17.918111747625517,16.760111747625515
7766,7552,78.0,-39.775,176.675,17.936018305190373,17.468018305190373
7767,7553,40.0,-39.775,176.725,17.963667493342655,17.723667493342656
7768,7554,175.0,-39.775,176.775,17.967025161837228,16.917025161837227
7769,7555,83.0,-39.775,176.825,17.952536360855447,17.454536360855446
7770,7714,114.0,-39.925,176.675,17.964189424557844,17.280189424557843
7771,7719,100.0,-39.925,176.725,17.934904290479608,17.334904290479606
7772,7724,207.0,-39.925,176.775,17.887087724375306,16.645087724375305
7773,7725,193.0,-39.925,176.825,17.82942485428066,16.67142485428066
7774,7764,80.0,-39.875,176.675,17.948864942212822,17.46886494221282
7775,7765,80.0,-39.875,176.725,17.94729536390514,17.46729536390514
7776,7766,184.0,-39.875,176.775,17.920912797009805,16.816912797009806
7777,7767,225.0,-39.875,176.825,17.879241821996402,16.5292418219964
7778,7506,313.0,-39.825,176.875,17.87916289761779,16.00116289761779
7779,7507,371.0,-39.825,176.925,17.831471647892613,15.605471647892614
7780,7508,39.0,-39.825,176.975,17.778063595091226,17.544063595091224
7781,7556,145.0,-39.775,176.875,17.924463655857835,17.054463655857834
7782,7557,163.0,-39.775,176.925,17.88536157575436,16.907361575754358
7783,7558,151.0,-39.775,176.975,17.837942815880524,16.931942815880525
7784,7726,227.0,-39.925,176.875,17.766975592734525,16.404975592734527
7785,7727,128.0,-39.925,176.925,17.7027140276914,16.9347140276914
7786,7768,471.0,-39.875,176.875,17.82826028528507,15.002260285285068
7787,7769,336.0,-39.875,176.925,17.771746901300503,15.755746901300503
7788,7770,,-39.875,176.975,17.712391648325138,
7789,7428,79.0,-39.625,174.325,14.673238950868836,14.199238950868835
7790,7052,314.0,-39.625,174.525,14.904798887029756,13.020798887029756
7791,7373,71.0,-39.675,174.375,14.651239604776492,14.225239604776492
7792,7374,101.0,-39.675,174.425,14.695974089743686,14.089974089743686
7793,7375,122.0,-39.675,174.475,14.746148352423916,14.014148352423916
7794,7376,99.0,-39.675,174.525,14.801734886787017,14.207734886787017
7795,7429,65.0,-39.625,174.375,14.723011510635843,14.333011510635842
7796,7430,141.0,-39.625,174.425,14.778511851734947,13.932511851734947
7797,7431,179.0,-39.625,174.475,14.839219591362053,13.765219591362053
7798,7559,40.0,-39.725,174.425,14.627160606876714,14.387160606876714
7799,7560,20.0,-39.725,174.475,14.667669968417613,14.547669968417614
7800,7561,70.0,-39.725,174.525,14.714067651279038,14.294067651279038
7801,7116,276.0,-39.625,174.575,14.975104905795888,13.319104905795887
7802,7124,157.0,-39.625,174.625,15.050154869124526,14.108154869124526
7803,7133,225.0,-39.625,174.675,15.130047429847764,13.780047429847764
7804,7377,161.0,-39.675,174.575,14.862967501947423,13.896967501947424
7805,7378,326.0,-39.675,174.625,14.930342275518342,12.974342275518342
7806,7379,141.0,-39.675,174.675,15.004563707509078,14.158563707509078
7807,7562,102.0,-39.725,174.575,14.766991756245261,14.154991756245261
7808,7563,120.0,-39.725,174.625,14.827496076584794,14.107496076584793
7809,7564,80.0,-39.725,174.675,14.89707362135232,14.41707362135232
7810,7142,261.0,-39.625,174.725,15.214810810357449,13.64881081035745
7811,7151,218.0,-39.625,174.775,15.304169923445443,13.996169923445443
7812,7160,177.0,-39.625,174.825,15.397270054687397,14.335270054687397
7813,7169,342.0,-39.625,174.875,15.492531024297932,13.440531024297933
7814,7380,100.0,-39.675,174.725,15.08639516645053,14.48639516645053
7815,7381,119.0,-39.675,174.775,15.176352587732254,14.462352587732253
7816,7382,250.0,-39.675,174.825,15.27417798586248,13.77417798586248
7817,7383,173.0,-39.675,174.875,15.378117873930023,14.340117873930023
7818,7565,173.0,-39.725,174.725,14.97760153542913,13.93960153542913
7819,7566,170.0,-39.725,174.775,15.071113245197921,14.051113245197921
7820,7567,55.0,-39.725,174.825,15.179223251761869,14.849223251761869
7821,7568,155.0,-39.725,174.875,15.301958738549729,14.37195873854973
7822,7055,410.0,-39.725,174.975,15.57319435311365,13.11319435311365
7823,7117,240.0,-39.725,175.025,15.704928794133593,14.264928794133594
7824,7264,353.0,-39.625,174.925,15.58810358667688,13.47010358667688
7825,7279,281.0,-39.625,174.975,15.683889742635074,13.997889742635074
7826,7280,278.0,-39.625,175.025,15.786655622010585,14.118655622010586
7827,7384,269.0,-39.675,174.925,15.484387857155525,13.870387857155524
7828,7385,387.0,-39.675,174.975,15.588062625713064,13.266062625713065
7829,7386,253.0,-39.675,175.025,15.687907764542615,14.169907764542614
7830,7569,451.0,-39.725,174.925,15.435949466656893,12.729949466656894
7831,7126,176.0,-39.725,175.075,15.839026002475293,14.783026002475292
7832,7135,182.0,-39.725,175.125,16.030696124362294,14.938696124362293
7833,7144,371.0,-39.725,175.175,16.29320459238079,14.06720459238079
7834,7153,396.0,-39.725,175.225,16.57280063383223,14.19680063383223
7835,7282,302.0,-39.625,175.075,15.91959853215667,14.10759853215667
7836,7284,556.0,-39.625,175.125,16.123464297765167,12.787464297765167
7837,7288,135.0,-39.625,175.175,16.402118574114866,15.592118574114865
7838,7295,345.0,-39.625,175.225,16.71394024863548,14.64394024863548
7839,7387,381.0,-39.675,175.075,15.79957334548817,13.51357334548817
7840,7388,222.0,-39.675,175.125,15.995992810174357,14.663992810174356
7841,7389,182.0,-39.675,175.175,16.29054251445632,15.198542514456319
7842,7390,432.0,-39.675,175.225,16.604363879261655,14.012363879261654
7843,7162,288.0,-39.725,175.275,16.850055969232926,15.122055969232926
7844,7287,171.0,-39.725,175.325,17.120746766784578,16.094746766784578
7845,7296,593.0,-39.725,175.375,17.38469716392865,13.82669716392865
7846,7309,579.0,-39.625,175.275,17.029256583133247,13.555256583133247
7847,7317,281.0,-39.625,175.325,17.33439057416399,15.64839057416399
7848,7326,490.0,-39.625,175.375,17.623643040220486,14.683643040220486
7849,7391,362.0,-39.675,175.275,16.913717149334843,14.741717149334843
7850,7392,246.0,-39.675,175.325,17.211298835944035,15.735298835944036
7851,7393,549.0,-39.675,175.375,17.495412772186683,14.201412772186682
7852,7316,322.0,-39.725,175.425,17.642747346282704,15.710747346282703
7853,7323,379.0,-39.725,175.475,17.895917946923873,15.621917946923872
7854,7330,287.0,-39.625,175.425,17.895269822780392,16.17326982278039
7855,7336,324.0,-39.725,175.525,18.14505376944726,16.20105376944726
7856,7338,431.0,-39.625,175.475,18.149934858243796,15.563934858243796
7857,7344,482.0,-39.725,175.575,18.39024483159301,15.49824483159301
7858,7394,260.0,-39.675,175.425,17.76659150652995,16.20659150652995
7859,7395,627.0,-39.675,175.475,18.0264882939955,14.264488293995498
7860,7396,437.0,-39.675,175.525,18.277491846616613,15.655491846616613
7861,7397,472.0,-39.675,175.575,18.52220696362201,15.69020696362201
7862,7446,646.0,-39.625,175.525,18.39027791528497,14.51427791528497
7863,7448,501.0,-39.625,175.575,18.62064013595227,15.614640135952271
7864,7345,569.0,-39.725,175.625,18.629592636381858,15.215592636381858
7865,7346,499.0,-39.725,175.675,18.857082122034626,15.863082122034626
7866,7347,658.0,-39.725,175.725,19.059395403572125,15.111395403572125
7867,7348,741.0,-39.725,175.775,19.2101274838642,14.764127483864199
7868,7398,515.0,-39.675,175.625,18.76204581974889,15.672045819748892
7869,7399,530.0,-39.675,175.675,18.99438760834164,15.81438760834164
7870,7400,641.0,-39.675,175.725,19.208548991882708,15.362548991882708
7871,7401,581.0,-39.675,175.775,19.380245569569524,15.894245569569524
7872,7450,583.0,-39.625,175.625,18.8457074414182,15.3477074414182
7873,7452,623.0,-39.625,175.675,19.066371075459756,15.328371075459756
7874,7454,561.0,-39.625,175.725,19.272730045355274,15.906730045355275
7875,7456,532.0,-39.625,175.775,19.43769290279306,16.24569290279306
7876,7349,473.0,-39.725,175.825,19.26359238277655,16.42559238277655
7877,7350,508.0,-39.725,175.875,19.211657996609574,16.163657996609572
7878,7351,521.0,-39.725,175.925,19.09106388472719,15.965063884727192
7879,7402,489.0,-39.675,175.825,19.44843160554592,16.51443160554592
7880,7403,513.0,-39.675,175.875,19.401301010526367,16.323301010526368
7881,7404,361.0,-39.675,175.925,19.292088580084965,17.126088580084964
7882,7457,619.0,-39.625,175.825,19.520145478425547,15.806145478425547
7883,7458,622.0,-39.625,175.875,19.51039948593825,15.778399485938252
7884,7461,582.0,-39.625,175.925,19.435700292757247,15.943700292757246
7885,7352,705.0,-39.725,175.975,18.92326463892823,14.69326463892823
7886,7353,693.0,-39.725,176.025,18.720347375958227,14.562347375958227
7887,7354,1280.0,-39.725,176.075,18.492090559389908,10.812090559389908
7888,7355,805.0,-39.725,176.125,18.249857221060665,13.419857221060665
7889,7405,592.0,-39.675,175.975,19.13969811415882,15.587698114158819
7890,7406,457.0,-39.675,176.025,18.954937013913877,16.212937013913876
7891,7407,903.0,-39.675,176.075,18.74673836067086,13.328738360670862
7892,7408,763.0,-39.675,176.125,18.52539807019639,13.947398070196389
7893,7472,564.0,-39.625,175.975,19.316322558617685,15.932322558617685
7894,7474,542.0,-39.625,176.025,19.163858824729687,15.911858824729688
7895,7475,955.0,-39.625,176.075,18.98655708588194,13.25655708588194
7896,7478,1262.0,-39.625,176.125,18.792896060738713,11.220896060738713
7897,7356,1287.0,-39.725,176.175,18.009445750009036,10.287445750009036
7898,7357,912.0,-39.725,176.225,17.792353680357337,12.320353680357337
7899,7358,495.0,-39.725,176.275,17.62354780017631,14.65354780017631
7900,7409,1322.0,-39.675,176.175,18.30471306000254,10.37271306000254
7901,7410,978.0,-39.675,176.225,18.1023273691535,12.234327369153501
7902,7411,650.0,-39.675,176.275,17.9372575750167,14.037257575016701
7903,7485,1204.0,-39.625,176.175,18.594188776653027,11.370188776653027
7904,7571,1135.0,-39.625,176.225,18.40524232861935,11.595242328619353
7905,7577,1176.0,-39.625,176.275,18.24205378096667,11.18605378096667
7906,7359,753.0,-39.725,176.325,17.52423698664643,13.006236986646428
7907,7360,483.0,-39.725,176.375,17.50216640488361,14.60416640488361
7908,7361,390.0,-39.725,176.425,17.54684900029679,15.206849000296788
7909,7362,361.0,-39.725,176.475,17.634327411971753,15.468327411971753
7910,7412,494.0,-39.675,176.325,17.824765637604287,14.860765637604286
7911,7413,367.0,-39.675,176.375,17.77086079205037,15.568860792050371
7912,7414,431.0,-39.675,176.425,17.769887105969246,15.183887105969246
7913,7415,335.0,-39.675,176.475,17.80692249845015,15.796922498450149
7914,7580,499.0,-39.625,176.325,18.117552506388165,15.123552506388165
7915,7581,402.0,-39.625,176.375,18.037788505258504,15.625788505258505
7916,7585,296.0,-39.625,176.425,18.000489024329,16.224489024329
7917,7591,277.0,-39.625,176.475,17.99648047433584,16.33448047433584
7918,7363,345.0,-39.725,176.525,17.73722372582415,15.667223725824151
7919,7364,213.0,-39.725,176.575,17.833198853302747,16.55519885330275
7920,7365,240.0,-39.725,176.625,17.908839195384644,16.468839195384643
7921,7416,199.0,-39.675,176.525,17.863310050190194,16.669310050190195
7922,7417,136.0,-39.675,176.575,17.92212812116486,17.10612812116486
7923,7418,102.0,-39.675,176.625,17.971521559287794,17.359521559287796
7924,7597,171.0,-39.625,176.525,18.01301405581762,16.98701405581762
7925,7603,125.0,-39.625,176.575,18.037367559212726,17.287367559212726
7926,7666,84.0,-39.625,176.625,18.059469708736287,17.555469708736286
7927,7366,60.0,-39.725,176.675,17.95941379008582,17.59941379008582
7928,7367,98.0,-39.725,176.725,17.986316305177752,17.39831630517775
7929,7368,70.0,-39.725,176.775,17.99396241569775,17.57396241569775
7930,7369,146.0,-39.725,176.825,17.986959194298834,17.110959194298832
7931,7419,60.0,-39.675,176.675,18.005576077353908,17.64557607735391
7932,7420,20.0,-39.675,176.725,18.023484594363254,17.903484594363253
7933,7421,11.0,-39.675,176.775,18.027912514517084,17.961912514517085
7934,7422,10.0,-39.675,176.825,18.02285051502986,17.96285051502986
7935,7680,60.0,-39.625,176.675,18.073139778425684,17.713139778425685
7936,7685,34.0,-39.625,176.725,18.076220353046665,17.872220353046664
7937,7690,19.0,-39.625,176.775,18.070130685635377,17.956130685635376
7938,7695,14.0,-39.625,176.825,18.05907576638856,17.97507576638856
7939,7370,184.0,-39.725,176.875,17.96774580105557,16.863745801055572
7940,7371,73.0,-39.725,176.925,17.93624673760496,17.498246737604962
7941,7372,97.0,-39.725,176.975,17.893924267962575,17.311924267962574
7942,7423,21.0,-39.675,176.875,18.01014126528753,17.88414126528753
7943,7424,41.0,-39.675,176.925,17.985274173639482,17.739274173639483
7944,7425,77.0,-39.675,176.975,17.946372155769495,17.484372155769496
7945,7426,216.0,-39.675,177.025,17.902920709137106,16.606920709137107
7946,7700,9.0,-39.625,176.875,18.04769597167615,17.99369597167615
7947,7705,8.0,-39.625,176.925,18.029230521497084,17.981230521497086
7948,7427,,-39.675,177.075,17.8607287077175,
7949,8132,53.0,-39.525,173.975,14.56951167077932,14.25151167077932
7950,8315,21.0,-39.425,173.825,14.660600588686066,14.534600588686066
7951,8320,66.0,-39.425,173.875,14.635691902280087,14.239691902280086
7952,8325,126.0,-39.425,173.925,14.622393604979152,13.866393604979152
7953,8330,189.0,-39.425,173.975,14.62230288576393,13.488302885763929
7954,8678,21.0,-39.475,173.875,14.61296192642476,14.48696192642476
7955,8679,64.0,-39.475,173.925,14.596750921016792,14.212750921016791
7956,8680,113.0,-39.475,173.975,14.592541950958548,13.914541950958547
7957,7710,27.0,-39.575,174.075,14.557952465460403,14.395952465460402
7958,7715,42.0,-39.575,174.125,14.576442388279247,14.324442388279246
7959,8133,78.0,-39.525,174.025,14.572472886255127,14.104472886255127
7960,8138,74.0,-39.525,174.075,14.58748019322229,14.14348019322229
7961,8147,99.0,-39.525,174.125,14.61452222938533,14.02052222938533
7962,8423,259.0,-39.425,174.025,14.636715247179382,13.082715247179381
7963,8424,289.0,-39.425,174.075,14.666419827583013,12.932419827583013
7964,8425,281.0,-39.425,174.125,14.711520539814956,13.025520539814956
7965,8681,154.0,-39.475,174.025,14.601334236649564,13.677334236649564
7966,8682,156.0,-39.475,174.075,14.623696523209219,13.687696523209219
7967,8683,166.0,-39.475,174.125,14.659656966512557,13.663656966512557
7968,7720,39.0,-39.575,174.175,14.605229252003483,14.371229252003483
7969,7790,80.0,-39.575,174.225,14.643627395053045,14.163627395053044
7970,7798,100.0,-39.575,174.275,14.690724697429687,14.090724697429687
7971,7808,96.0,-39.575,174.325,14.745496557763545,14.169496557763544
7972,8155,106.0,-39.525,174.175,14.653136671709944,14.017136671709945
7973,8414,112.0,-39.525,174.225,14.702450334953028,14.030450334953027
7974,8426,271.0,-39.425,174.175,14.77135099649604,13.14535099649604
7975,8427,252.0,-39.425,174.225,14.84451847888704,13.332518478887039
7976,8428,243.0,-39.425,174.275,14.929059726171545,13.471059726171545
7977,8429,220.0,-39.425,174.325,15.022733534846338,13.702733534846338
7978,8431,120.0,-39.525,174.275,14.761284123524092,14.041284123524091
7979,8439,138.0,-39.525,174.325,14.828311322722584,14.000311322722585
7980,8684,181.0,-39.475,174.175,14.708656694376259,13.622656694376259
7981,8685,181.0,-39.475,174.225,14.769589259914937,13.683589259914937
7982,8686,181.0,-39.475,174.275,14.840931524217012,13.754931524217012
7983,8687,249.0,-39.475,174.325,14.920969444239745,13.426969444239745
7984,7811,117.0,-39.575,174.375,14.806923815107439,14.104923815107439
7985,7815,202.0,-39.575,174.425,14.874083511036588,13.662083511036588
7986,7819,207.0,-39.575,174.475,14.94620002467127,13.704200024671271
7987,7823,269.0,-39.575,174.525,15.02266456905636,13.40866456905636
7988,8432,240.0,-39.425,174.375,15.12351751854294,13.68351751854294
7989,8437,243.0,-39.425,174.425,15.229805390888941,13.771805390888941
7990,8441,103.0,-39.425,174.475,15.340229033419746,14.722229033419746
7991,8442,205.0,-39.525,174.375,14.90222528159211,13.672225281592109
7992,8446,196.0,-39.425,174.525,15.45363875410112,14.27763875410112
7993,8447,171.0,-39.525,174.425,14.981850743555697,13.955850743555697
7994,8454,176.0,-39.525,174.475,15.066182619571919,14.010182619571918
7995,8585,78.0,-39.525,174.525,15.154391868549283,14.686391868549283
7996,8688,127.0,-39.475,174.375,15.008066877140664,14.246066877140663
7997,8689,195.0,-39.475,174.425,15.100809383235173,13.930809383235173
7998,8690,181.0,-39.475,174.475,15.197996565693757,14.111996565693756
7999,8691,221.0,-39.475,174.525,15.2986276504962,13.9726276504962
8000,7827,149.0,-39.575,174.575,15.103030516402214,14.209030516402214
8001,7831,198.0,-39.575,174.625,15.18698146456154,13.99898146456154
8002,7835,162.0,-39.575,174.675,15.274265547675896,14.302265547675896
8003,8453,246.0,-39.425,174.575,15.569161624182016,14.093161624182017
8004,8527,264.0,-39.425,174.625,15.686241087998496,14.102241087998497
8005,8528,319.0,-39.425,174.675,15.804662187641952,13.890662187641952
8006,8623,160.0,-39.525,174.575,15.245822501427028,14.285822501427027
8007,8628,148.0,-39.525,174.625,15.339976121933432,14.451976121933432
8008,8633,189.0,-39.525,174.675,15.436481354932766,14.302481354932766
8009,8692,114.0,-39.475,174.575,15.401915023467154,14.717915023467155
8010,8693,295.0,-39.475,174.625,15.507296136318473,13.737296136318474
8011,8694,242.0,-39.475,174.675,15.614437874479336,14.162437874479336
8012,7873,457.0,-39.575,174.725,15.36459822175675,12.62259822175675
8013,7875,303.0,-39.575,174.775,15.457562037699972,13.639562037699973
8014,7877,41.0,-39.575,174.825,15.552590372986742,15.306590372986742
8015,7879,139.0,-39.575,174.875,15.649232203009888,14.815232203009888
8016,8529,448.0,-39.425,174.725,15.924583983272896,13.236583983272896
8017,8530,417.0,-39.425,174.775,16.046605072697275,13.544605072697276
8018,8531,377.0,-39.425,174.825,16.17188724465086,13.90988724465086
8019,8532,377.0,-39.425,174.875,16.30234292962996,14.040342929629958
8020,8634,255.0,-39.525,174.725,15.535062865295913,14.005062865295914
8021,8635,337.0,-39.525,174.775,15.635552784253377,13.613552784253377
8022,8636,391.0,-39.525,174.825,15.738030124106444,13.392030124106444
8023,8637,370.0,-39.525,174.875,15.84322673677525,13.62322673677525
8024,8695,155.0,-39.475,174.725,15.723252338648308,14.793252338648308
8025,8696,364.0,-39.475,174.775,15.83396265367628,13.64996265367628
8026,8697,341.0,-39.475,174.825,15.947275863654795,13.901275863654796
8027,8698,262.0,-39.475,174.875,16.064724302850664,14.492724302850664
8028,7881,206.0,-39.575,174.925,15.748055942138308,14.512055942138307
8029,7883,664.0,-39.575,174.975,15.852666342776502,11.868666342776502
8030,7885,471.0,-39.575,175.025,15.972958503072732,13.146958503072732
8031,8533,221.0,-39.425,174.925,16.440832380307256,15.114832380307256
8032,8534,341.0,-39.425,174.975,16.591199628586764,14.545199628586765
8033,8535,128.0,-39.425,175.025,16.757838872174034,15.989838872174033
8034,8638,280.0,-39.525,174.925,15.953361336913076,14.273361336913077
8035,8639,488.0,-39.525,174.975,16.07342543140112,13.145425431401119
8036,8640,459.0,-39.525,175.025,16.212345558262314,13.458345558262314
8037,8699,521.0,-39.475,174.925,16.189187103751465,13.063187103751465
8038,8700,428.0,-39.475,174.975,16.32542460146942,13.757424601469422
8039,8701,145.0,-39.475,175.025,16.480084342198097,15.610084342198098
8040,7887,252.0,-39.575,175.075,16.127365347667364,14.615365347667364
8041,7889,123.0,-39.575,175.125,16.335383622223162,15.597383622223163
8042,7891,275.0,-39.575,175.175,16.597345466376282,14.947345466376282
8043,7892,451.0,-39.575,175.225,16.891953410347924,14.185953410347924
8044,8536,398.0,-39.425,175.075,16.944502433107118,14.556502433107118
8045,8537,331.0,-39.425,175.125,17.152522955890163,15.166522955890162
8046,8538,599.0,-39.425,175.175,17.379417106174515,13.785417106174515
8047,8539,490.0,-39.425,175.225,17.618962172069587,14.678962172069587
8048,8641,389.0,-39.525,175.075,16.38207906439493,14.04807906439493
8049,8642,294.0,-39.525,175.125,16.591988410495105,14.827988410495106
8050,8643,404.0,-39.525,175.175,16.840886912774295,14.416886912774295
8051,8644,324.0,-39.525,175.225,17.116182231824496,15.172182231824497
8052,8702,262.0,-39.475,175.075,16.66025945454021,15.08825945454021
8053,8703,594.0,-39.475,175.125,16.870190607121913,13.306190607121913
8054,8704,607.0,-39.475,175.175,17.107893556370982,13.465893556370983
8055,8705,537.0,-39.475,175.225,17.364878501117346,14.142878501117346
8056,7893,291.0,-39.575,175.275,17.195782761758892,15.449782761758891
8057,7894,502.0,-39.575,175.325,17.49291136235115,14.48091136235115
8058,7895,638.0,-39.575,175.375,17.774162053174223,13.946162053174223
8059,8540,521.0,-39.425,175.275,17.86264308540558,14.73664308540558
8060,8541,537.0,-39.425,175.325,18.101213134548743,14.879213134548744
8061,8542,560.0,-39.425,175.375,18.3254441479221,14.9654441479221
8062,8645,556.0,-39.525,175.275,17.401182612215052,14.065182612215052
8063,8646,487.0,-39.525,175.325,17.6813570522354,14.759357052235398
8064,8647,571.0,-39.525,175.375,17.946078135617427,14.520078135617426
8065,8706,664.0,-39.475,175.275,17.629214269152726,13.645214269152726
8066,8707,552.0,-39.475,175.325,17.888884777275962,14.576884777275962
8067,8708,738.0,-39.475,175.375,18.13342638273025,13.705426382730248
8068,7896,532.0,-39.575,175.425,18.034825240494683,14.842825240494683
8069,7897,568.0,-39.575,175.475,18.27340695419116,14.86540695419116
8070,7898,444.0,-39.575,175.525,18.491447577936924,15.827447577936924
8071,7899,540.0,-39.575,175.575,18.693954229267547,15.453954229267547
8072,8062,681.0,-39.475,175.575,18.828703118648264,14.742703118648265
8073,8543,622.0,-39.425,175.425,18.52629557129694,14.794295571296942
8074,8544,680.0,-39.425,175.475,18.69549063514569,14.615490635145688
8075,8545,726.0,-39.425,175.525,18.827530516748084,14.471530516748084
8076,8546,740.0,-39.425,175.575,18.923489204069483,14.483489204069482
8077,8648,580.0,-39.525,175.425,18.188213819274097,14.708213819274096
8078,8649,577.0,-39.525,175.475,18.403699296119157,14.941699296119157
8079,8650,685.0,-39.525,175.525,18.591883879736997,14.481883879736998
8080,8651,700.0,-39.525,175.575,18.75683859435958,14.55683859435958
8081,8709,763.0,-39.475,175.425,18.354270945535973,13.776270945535973
8082,8710,651.0,-39.475,175.475,18.545019556535408,14.639019556535409
8083,8711,645.0,-39.475,175.525,18.702483483342803,14.832483483342802
8084,7900,579.0,-39.575,175.625,18.889285426659626,15.415285426659626
8085,7901,830.0,-39.575,175.675,19.084663526024087,14.104663526024087
8086,7902,792.0,-39.575,175.725,19.273796495544957,14.521796495544958
8087,7903,811.0,-39.575,175.775,19.43136944193975,14.565369441939751
8088,8121,720.0,-39.475,175.625,18.934352811149438,14.614352811149438
8089,8135,820.0,-39.475,175.675,19.052374771563336,14.132374771563338
8090,8139,1001.0,-39.475,175.725,19.206759252003394,13.200759252003394
8091,8144,1055.0,-39.475,175.775,19.34939413095708,13.01939413095708
8092,8547,801.0,-39.425,175.625,18.996348132466665,14.190348132466664
8093,8548,868.0,-39.425,175.675,19.078909774892963,13.870909774892965
8094,8549,891.0,-39.425,175.725,19.19102847549948,13.845028475499479
8095,8550,843.0,-39.425,175.775,19.304355573491193,14.246355573491194
8096,8652,872.0,-39.525,175.625,18.90991717245197,13.67791717245197
8097,8653,800.0,-39.525,175.675,19.070616248165607,14.270616248165606
8098,8654,925.0,-39.525,175.725,19.242073356057517,13.692073356057517
8099,8655,1080.0,-39.525,175.775,19.395044689124916,12.915044689124915
8100,7904,541.0,-39.575,175.825,19.528751602803823,16.282751602803824
8101,7905,623.0,-39.575,175.875,19.556258504337166,15.818258504337166
8102,7906,710.0,-39.575,175.925,19.524573528120527,15.264573528120527
8103,8151,771.0,-39.475,175.825,19.460025538079208,14.834025538079208
8104,8260,746.0,-39.475,175.875,19.532476960273925,15.056476960273926
8105,8261,651.0,-39.475,175.925,19.568510262441123,15.662510262441124
8106,8551,1124.0,-39.425,175.825,19.401383566553704,12.657383566553705
8107,8552,1185.0,-39.425,175.875,19.476192103291396,12.366192103291397
8108,8553,840.0,-39.425,175.925,19.528387031896273,14.488387031896274
8109,8656,861.0,-39.525,175.825,19.503979988308856,14.337979988308856
8110,8657,818.0,-39.525,175.875,19.559983473765897,14.651983473765897
8111,8658,760.0,-39.525,175.925,19.567189609719208,15.007189609719209
8112,7907,823.0,-39.575,175.975,19.448190264607547,14.510190264607548
8113,7908,716.0,-39.575,176.025,19.33745965908747,15.041459659087472
8114,7909,833.0,-39.575,176.075,19.19883157912409,14.200831579124088
8115,7910,1161.0,-39.575,176.125,19.037682041031076,12.071682041031076
8116,8262,807.0,-39.475,175.975,19.573175508965505,14.731175508965507
8117,8263,714.0,-39.475,176.025,19.550481635611504,15.266481635611505
8118,8264,843.0,-39.475,176.075,19.499765940126963,14.441765940126963
8119,8265,931.0,-39.475,176.125,19.412734696263215,13.826734696263214
8120,8554,1033.0,-39.425,175.975,19.559782954718685,13.361782954718684
8121,8555,879.0,-39.425,176.025,19.57153743939125,14.29753743939125
8122,8556,710.0,-39.425,176.075,19.561088674206985,15.301088674206985
8123,8557,899.0,-39.425,176.125,19.51502300600987,14.12102300600987
8124,8659,885.0,-39.525,175.975,19.534443660348188,14.22444366034819
8125,8660,559.0,-39.525,176.025,19.46889436186757,16.11489436186757
8126,8661,630.0,-39.525,176.075,19.37349139820435,15.593491398204351
8127,8662,734.0,-39.525,176.125,19.248110686661676,14.844110686661676
8128,7911,831.0,-39.575,176.175,18.862288058386184,13.876288058386184
8129,7912,889.0,-39.575,176.225,18.685958772723097,13.351958772723098
8130,7913,1021.0,-39.575,176.275,18.52431550610345,12.398315506103447
8131,8266,932.0,-39.475,176.175,19.283082445093896,13.691082445093897
8132,8267,792.0,-39.475,176.225,19.128626231045928,14.376626231045929
8133,8268,834.0,-39.475,176.275,18.973577013908653,13.969577013908653
8134,8558,941.0,-39.425,176.175,19.404195683193393,13.758195683193392
8135,8559,662.0,-39.425,176.225,19.26221270323731,15.29021270323731
8136,8560,644.0,-39.425,176.275,19.118177021300653,15.254177021300652
8137,8663,1251.0,-39.525,176.175,19.096258840581868,11.590258840581868
8138,8664,519.0,-39.525,176.225,18.931513329967856,15.817513329967856
8139,8665,768.0,-39.525,176.275,18.77202917006798,14.16402917006798
8140,7914,688.0,-39.575,176.325,18.390287905582227,14.262287905582227
8141,7915,634.0,-39.575,176.375,18.290789257298457,14.486789257298456
8142,7916,316.0,-39.575,176.425,18.22594721268979,16.329947212689788
8143,7917,215.0,-39.575,176.475,18.190274190477794,16.900274190477795
8144,8269,588.0,-39.475,176.325,18.833285280503333,15.305285280503332
8145,8270,419.0,-39.475,176.375,18.715516147087328,16.20151614708733
8146,8272,540.0,-39.475,176.425,18.622501192614436,15.382501192614436
8147,8274,321.0,-39.475,176.475,18.55241934809601,16.62641934809601
8148,8561,942.0,-39.425,176.325,18.98571743222419,13.33371743222419
8149,8562,860.0,-39.425,176.375,18.871844239358325,13.711844239358324
8150,8563,742.0,-39.425,176.425,18.779074885416776,14.327074885416776
8151,8564,329.0,-39.425,176.475,18.706603364786133,16.732603364786133
8152,8666,396.0,-39.525,176.325,18.632130949379643,16.256130949379642
8153,8667,241.0,-39.525,176.375,18.519596333469963,17.07359633346996
8154,8668,397.0,-39.525,176.425,18.43603530508699,16.054035305086988
8155,8669,282.0,-39.525,176.475,18.378246053587645,16.686246053587645
8156,7918,175.0,-39.575,176.525,18.174938518583076,17.124938518583075
8157,7919,141.0,-39.575,176.575,18.170250366587425,17.324250366587425
8158,8061,132.0,-39.575,176.625,18.16766140027903,17.37566140027903
8159,8277,245.0,-39.475,176.525,18.500756953581003,17.030756953581005
8160,8280,166.0,-39.475,176.575,18.461600620968966,17.465600620968967
8161,8286,190.0,-39.475,176.625,18.428748858423205,17.288748858423205
8162,8565,282.0,-39.425,176.525,18.651298563898308,16.959298563898308
8163,8566,264.0,-39.425,176.575,18.60864743689308,17.02464743689308
8164,8567,195.0,-39.425,176.625,18.573606338119134,17.403606338119133
8165,8670,280.0,-39.525,176.525,18.33996518049389,16.65996518049389
8166,8671,249.0,-39.525,176.575,18.313654621480964,16.819654621480964
8167,8672,159.0,-39.525,176.625,18.291996352287242,17.33799635228724
8168,8126,123.0,-39.575,176.675,18.160974276222987,17.422974276222988
8169,8127,40.0,-39.575,176.725,18.146854907565285,17.906854907565286
8170,8128,20.0,-39.575,176.775,18.12498849988333,18.00498849988333
8171,8129,12.0,-39.575,176.825,18.098279480356723,18.026279480356724
8172,8290,122.0,-39.475,176.675,18.396549185359618,17.66454918535962
8173,8295,165.0,-39.475,176.725,18.360476477217162,17.370476477217164
8174,8300,111.0,-39.475,176.775,18.317630360572366,17.651630360572366
8175,8305,78.0,-39.475,176.825,18.267685721250018,17.799685721250018
8176,8568,190.0,-39.425,176.675,18.541327844170155,17.401327844170154
8177,8569,160.0,-39.425,176.725,18.507817822537618,17.547817822537617
8178,8570,197.0,-39.425,176.775,18.470747919665882,17.288747919665884
8179,8571,19.0,-39.425,176.825,18.430973613838432,18.31697361383843
8180,8673,79.0,-39.525,176.675,18.268910655926447,17.794910655926447
8181,8674,97.0,-39.525,176.725,18.240112116764067,17.658112116764066
8182,8675,37.0,-39.525,176.775,18.203389292990323,17.981389292990322
8183,8676,41.0,-39.525,176.825,18.159012601914583,17.913012601914584
8184,8130,6.0,-39.575,176.875,18.072830859950045,18.036830859950044
8185,8131,1.0,-39.575,176.925,18.05172750056954,18.04572750056954
8186,8310,1.0,-39.475,176.875,18.216274554346455,18.210274554346455
8187,8572,3.0,-39.425,176.875,18.395606784528354,18.377606784528354
8188,8677,9.0,-39.525,176.875,18.111854816583218,18.05785481658322
8189,8451,27.0,-39.275,173.775,14.812013882678002,14.650013882678001
8190,8846,17.0,-39.325,173.775,14.762237644405104,14.660237644405104
8191,8573,58.0,-39.375,173.825,14.689991691077012,14.34199169107701
8192,8574,114.0,-39.375,173.875,14.66661972561269,13.982619725612691
8193,8575,202.0,-39.375,173.925,14.65568481394439,13.44368481394439
8194,8576,298.0,-39.375,173.975,14.659166209312389,12.871166209312388
8195,8588,117.0,-39.275,173.825,14.779307607808732,14.077307607808732
8196,8596,200.0,-39.275,173.875,14.757461285436875,13.557461285436876
8197,8600,288.0,-39.275,173.925,14.749126931477804,13.021126931477804
8198,8604,501.0,-39.275,173.975,14.757272201852174,11.751272201852174
8199,8849,87.0,-39.325,173.825,14.729119992553024,14.207119992553023
8200,8852,163.0,-39.325,173.875,14.706755721927038,13.728755721927039
8201,8855,288.0,-39.325,173.925,14.697498106965213,12.969498106965213
8202,8858,461.0,-39.325,173.975,14.703790879895678,11.937790879895678
8203,8895,74.0,-39.225,173.825,14.842128578020493,14.398128578020492
8204,8896,144.0,-39.225,173.875,14.82050928773242,13.95650928773242
8205,8897,220.0,-39.225,173.925,14.812433752362267,13.492433752362267
8206,8898,509.0,-39.225,173.975,14.82135989543167,11.76735989543167
8207,8577,428.0,-39.375,174.025,14.67876567543135,12.11076567543135
8208,8578,504.0,-39.375,174.075,14.715600067313062,11.691600067313061
8209,8579,470.0,-39.375,174.125,14.769903325737687,11.949903325737687
8210,8608,857.0,-39.275,174.025,14.784917130615213,9.642917130615213
8211,8612,1244.0,-39.275,174.075,14.83447683614213,7.370476836142131
8212,8616,746.0,-39.275,174.125,14.906800748358364,10.430800748358365
8213,8861,820.0,-39.325,174.025,14.727894760289928,9.80789476028993
8214,8864,1142.0,-39.325,174.075,14.771427326224511,7.919427326224512
8215,8867,736.0,-39.325,174.125,14.834841431686073,10.418841431686072
8216,8899,1047.0,-39.225,174.025,14.851271728373831,8.569271728373831
8217,8900,623.0,-39.225,174.075,14.905901049554814,11.167901049554814
8218,8901,471.0,-39.225,174.125,14.9868987192458,12.1608987192458
8219,8580,421.0,-39.375,174.175,14.84087656304473,12.31487656304473
8220,8581,340.0,-39.375,174.225,14.926765781347058,12.886765781347059
8221,8582,279.0,-39.375,174.275,15.025088217676966,13.351088217676967
8222,8583,241.0,-39.375,174.325,15.132858386772568,13.686858386772569
8223,8620,514.0,-39.275,174.175,15.000565477792406,11.916565477792407
8224,8625,380.0,-39.275,174.225,15.112616956364946,12.832616956364946
8225,8630,314.0,-39.275,174.275,15.238879263139097,13.354879263139097
8226,8715,274.0,-39.275,174.325,15.375162759766681,13.731162759766681
8227,8902,365.0,-39.225,174.175,15.092371129983803,12.902371129983804
8228,8903,294.0,-39.225,174.225,15.217762194472016,13.453762194472016
8229,8904,230.0,-39.225,174.275,15.357822043210035,13.977822043210036
8230,8905,220.0,-39.225,174.325,15.507774366706144,14.187774366706144
8231,8920,546.0,-39.325,174.175,14.917139314988162,11.641139314988163
8232,8922,417.0,-39.325,174.225,15.01603083126247,12.51403083126247
8233,8924,329.0,-39.325,174.275,15.128382300463272,13.154382300463272
8234,8925,264.0,-39.325,174.325,15.250470327635412,13.666470327635412
8235,8041,256.0,-39.375,174.375,15.247584046897828,13.711584046897828
8236,8109,194.0,-39.375,174.425,15.36759051604895,14.20359051604895
8237,8111,163.0,-39.375,174.475,15.49130819455604,14.513308194556041
8238,8113,220.0,-39.375,174.525,15.61742729062098,14.29742729062098
8239,8717,200.0,-39.275,174.375,15.518008073413512,14.318008073413512
8240,8719,217.0,-39.275,174.425,15.664883956385893,14.362883956385893
8241,8723,222.0,-39.275,174.475,15.813741957201273,14.481741957201272
8242,8727,187.0,-39.275,174.525,15.962991800290183,14.840991800290183
8243,8906,242.0,-39.225,174.375,15.663735277936212,14.211735277936212
8244,8907,120.0,-39.225,174.425,15.822699623618973,15.102699623618973
8245,8908,158.0,-39.225,174.475,15.98232533733244,15.03432533733244
8246,8909,228.0,-39.225,174.525,16.14084058246226,14.77284058246226
8247,8926,200.0,-39.325,174.375,15.379281100875232,14.179281100875233
8248,8927,200.0,-39.325,174.425,15.512946973947692,14.312946973947692
8249,8928,253.0,-39.325,174.475,15.649637969065225,14.131637969065224
8250,8929,213.0,-39.325,174.525,15.787892805121373,14.509892805121373
8251,8115,388.0,-39.375,174.575,15.74500856285158,13.417008562851581
8252,8117,470.0,-39.375,174.625,15.873530883764033,13.053530883764033
8253,8119,669.0,-39.375,174.675,16.002918699436123,11.988918699436123
8254,8731,179.0,-39.275,174.575,16.111576985596912,15.037576985596912
8255,8735,180.0,-39.275,174.625,16.259023907521623,15.179023907521623
8256,8739,266.0,-39.275,174.675,16.40546261749114,14.809462617491139
8257,8910,199.0,-39.225,174.575,16.297070986562176,15.103070986562177
8258,8911,291.0,-39.225,174.625,16.450490518356673,14.704490518356673
8259,8912,289.0,-39.225,174.675,16.601245930723962,14.867245930723962
8260,8930,217.0,-39.325,174.575,15.9267169629602,14.6247169629602
8261,8931,272.0,-39.325,174.625,16.06562618170574,14.433626181705739
8262,8932,180.0,-39.325,174.675,16.20466850361845,15.12466850361845
8263,8001,138.0,-39.225,174.825,17.04801475800923,16.22001475800923
8264,8003,309.0,-39.225,174.875,17.200630845618434,15.346630845618435
8265,8122,517.0,-39.375,174.725,16.133566392047214,13.031566392047214
8266,8141,423.0,-39.375,174.775,16.266370122742956,13.728370122742955
8267,8145,478.0,-39.375,174.825,16.40276885012281,13.534768850122811
8268,8153,647.0,-39.375,174.875,16.544773273562896,12.662773273562896
8269,8743,326.0,-39.275,174.725,16.551613247254863,14.595613247254864
8270,8747,235.0,-39.275,174.775,16.698730255200644,15.288730255200644
8271,8816,117.0,-39.275,174.825,16.848495342070237,16.14649534207024
8272,8817,179.0,-39.275,174.875,17.00284188600199,15.928841886001988
8273,8913,445.0,-39.225,174.725,16.750127936757053,14.080127936757053
8274,8914,373.0,-39.225,174.775,16.898475854977733,14.660475854977733
8275,8933,258.0,-39.325,174.725,16.34442959073931,14.79642959073931
8276,8934,367.0,-39.325,174.775,16.48601977979706,14.284019779797061
8277,8935,326.0,-39.325,174.825,16.63103346976277,14.67503346976277
8278,8936,265.0,-39.325,174.875,16.781454128198675,15.191454128198675
8279,8004,213.0,-39.225,174.925,17.358082685328554,16.080082685328556
8280,8005,285.0,-39.225,174.975,17.52160640717193,15.81160640717193
8281,8006,472.0,-39.225,175.025,17.691292415343923,14.859292415343923
8282,8415,691.0,-39.375,174.925,16.694918296678225,12.548918296678224
8283,8430,340.0,-39.375,174.975,16.856022988722543,14.816022988722544
8284,8438,174.0,-39.375,175.025,17.03063413851487,15.98663413851487
8285,8818,87.0,-39.275,174.925,17.163675679184962,16.641675679184964
8286,8819,88.0,-39.275,174.975,17.332435404721764,16.804435404721765
8287,8820,303.0,-39.275,175.025,17.509447100412217,15.691447100412217
8288,8937,311.0,-39.325,174.925,16.93945139036805,15.07345139036805
8289,8938,104.0,-39.325,174.975,17.10699768156337,16.482997681563372
8290,8939,373.0,-39.325,175.025,17.285267770042992,15.047267770042993
8291,8007,331.0,-39.225,175.075,17.86508330157085,15.879083301570848
8292,8008,608.0,-39.225,175.125,18.037654810017557,14.389654810017557
8293,8009,346.0,-39.225,175.175,18.200912535685347,16.124912535685347
8294,8010,588.0,-39.225,175.225,18.34905362104473,14.821053621044731
8295,8443,289.0,-39.375,175.075,17.220158589305356,15.486158589305356
8296,8450,250.0,-39.375,175.125,17.423990317780408,15.923990317780408
8297,8587,348.0,-39.375,175.175,17.639183832754497,15.551183832754496
8298,8589,605.0,-39.375,175.225,17.860973763556103,14.230973763556104
8299,8821,348.0,-39.275,175.075,17.693162417184794,15.605162417184793
8300,8822,403.0,-39.275,175.125,17.87975340950652,15.461753409506521
8301,8823,433.0,-39.275,175.175,18.064022637176095,15.466022637176096
8302,8841,416.0,-39.275,175.225,18.242118932132144,15.746118932132143
8303,8940,383.0,-39.325,175.075,17.473941522155656,15.175941522155656
8304,8941,361.0,-39.325,175.125,17.67080246040132,15.504802460401319
8305,8942,475.0,-39.325,175.175,17.872160674392944,15.022160674392945
8306,8943,428.0,-39.325,175.225,18.074145346297882,15.506145346297883
8307,8011,664.0,-39.225,175.275,18.48531897693465,14.50131897693465
8308,8012,612.0,-39.225,175.325,18.619825108879013,14.947825108879012
8309,8013,744.0,-39.225,175.375,18.76010269476683,14.296102694766828
8310,8591,561.0,-39.375,175.275,18.083689870181843,14.717689870181843
8311,8593,593.0,-39.375,175.325,18.30119174675201,14.74319174675201
8312,8595,644.0,-39.375,175.375,18.50645388138946,14.64245388138946
8313,8844,520.0,-39.275,175.275,18.414047163532814,15.294047163532813
8314,8847,715.0,-39.275,175.325,18.58260496998264,14.29260496998264
8315,8850,765.0,-39.275,175.375,18.749106996241608,14.159106996241608
8316,8944,474.0,-39.325,175.275,18.273847001953982,15.429847001953982
8317,8945,606.0,-39.325,175.325,18.468964410029002,14.832964410029003
8318,8946,763.0,-39.325,175.375,18.655890234411345,14.077890234411345
8319,8014,1195.0,-39.225,175.425,18.90502176944574,11.73502176944574
8320,8015,1142.0,-39.225,175.475,19.0425940133282,12.190594013328198
8321,8016,1307.0,-39.225,175.525,19.14398015421466,11.301980154214661
8322,8017,1489.0,-39.225,175.575,19.149768290226348,10.215768290226348
8323,8598,909.0,-39.375,175.425,18.690840686424053,13.236840686424053
8324,8602,860.0,-39.375,175.475,18.84427977829182,13.68427977829182
8325,8606,930.0,-39.375,175.525,18.958032114533125,13.378032114533125
8326,8610,944.0,-39.375,175.575,19.031133556069108,13.367133556069108
8327,8853,909.0,-39.275,175.425,18.90921657056606,13.455216570566058
8328,8856,1138.0,-39.275,175.475,19.04989703001047,12.22189703001047
8329,8859,1820.0,-39.275,175.525,19.147028511448298,8.227028511448298
8330,8862,2469.0,-39.275,175.575,19.175978086219402,4.361978086219402
8331,8947,881.0,-39.325,175.425,18.827447044517612,13.54144704451761
8332,8948,1074.0,-39.325,175.475,18.971603386627976,12.527603386627977
8333,8949,1478.0,-39.325,175.525,19.073434908001218,10.20543490800122
8334,8950,1706.0,-39.325,175.575,19.124911252700258,8.88891125270026
8335,8018,1295.0,-39.225,175.625,19.078569969598902,11.308569969598903
8336,8019,1140.0,-39.225,175.675,18.991459739074344,12.151459739074344
8337,8020,970.0,-39.225,175.725,18.917347594659077,13.097347594659077
8338,8021,911.0,-39.225,175.775,18.870711997151375,13.404711997151376
8339,8614,965.0,-39.375,175.625,19.07722474061302,13.28722474061302
8340,8618,943.0,-39.375,175.675,19.1220042379573,13.4640042379573
8341,8622,897.0,-39.375,175.725,19.181982897542184,13.799982897542183
8342,8627,879.0,-39.375,175.775,19.252182876953157,13.978182876953158
8343,8865,1590.0,-39.275,175.625,19.148457531700842,9.608457531700843
8344,8868,1225.0,-39.275,175.675,19.102418344147736,11.752418344147737
8345,8869,1077.0,-39.275,175.725,19.065542119002203,12.603542119002203
8346,8870,1094.0,-39.275,175.775,19.050383092137054,12.486383092137054
8347,8951,1350.0,-39.325,175.625,19.137844662793214,11.037844662793214
8348,8952,1086.0,-39.325,175.675,19.138622043974465,12.622622043974467
8349,8953,1054.0,-39.325,175.725,19.148300301952986,12.824300301952988
8350,8954,1125.0,-39.325,175.775,19.17363801653846,12.423638016538462
8351,8022,1106.0,-39.225,175.825,18.857051255734405,12.221051255734405
8352,8023,1211.0,-39.225,175.875,18.87490342865931,11.60890342865931
8353,8024,1635.0,-39.225,175.925,18.917464153899346,9.107464153899345
8354,8632,1109.0,-39.375,175.825,19.32273081855965,12.668730818559649
8355,8714,1056.0,-39.375,175.875,19.387618388835108,13.051618388835108
8356,8720,1137.0,-39.375,175.925,19.44395470066229,12.62195470066229
8357,8871,1459.0,-39.275,175.825,19.059538630011957,10.305538630011958
8358,8872,1243.0,-39.275,175.875,19.090112391888397,11.632112391888398
8359,8873,1402.0,-39.275,175.925,19.13611273188144,10.72411273188144
8360,8955,1228.0,-39.325,175.825,19.212568126735277,11.844568126735279
8361,8956,1107.0,-39.325,175.875,19.260611909645377,12.618611909645377
8362,8957,1244.0,-39.325,175.925,19.312991750397487,11.848991750397488
8363,8025,912.0,-39.225,175.975,18.9746226205898,13.502622620589799
8364,8026,1323.0,-39.225,176.025,19.034954391303472,11.096954391303473
8365,8027,1291.0,-39.225,176.075,19.087348532077158,11.34134853207716
8366,8028,1112.0,-39.225,176.125,19.12291877545067,12.45091877545067
8367,8724,1053.0,-39.375,175.975,19.489989522728138,13.171989522728138
8368,8728,778.0,-39.375,176.025,19.523082967090886,14.855082967090887
8369,8732,976.0,-39.375,176.075,19.53697239610483,13.68097239610483
8370,8736,880.0,-39.375,176.125,19.515203382557957,14.235203382557955
8371,8874,861.0,-39.275,175.975,19.18953630392207,14.023536303922068
8372,8875,1156.0,-39.275,176.025,19.240785135043552,12.304785135043552
8373,8876,1086.0,-39.275,176.075,19.27891305121011,12.762913051210113
8374,8877,1126.0,-39.275,176.125,19.293290770350723,12.537290770350722
8375,8958,1255.0,-39.325,175.975,19.364471328182844,11.834471328182843
8376,8959,1067.0,-39.325,176.025,19.408337330212817,13.006337330212816
8377,8960,1030.0,-39.325,176.075,19.4347104318731,13.2547104318731
8378,8961,891.0,-39.325,176.125,19.429596657602815,14.083596657602815
8379,8029,1327.0,-39.225,176.175,19.13754208170576,11.17554208170576
8380,8030,1253.0,-39.225,176.225,19.133224642835557,11.615224642835559
8381,8031,1346.0,-39.225,176.275,19.11639707471477,11.040397074714768
8382,8107,1075.0,-39.325,176.225,19.30777751407004,12.85777751407004
8383,8124,797.0,-39.325,176.275,19.219452182558598,14.437452182558598
8384,8740,911.0,-39.375,176.175,19.434873837133637,13.968873837133637
8385,8744,1147.0,-39.375,176.225,19.32055940714781,12.43855940714781
8386,8748,1186.0,-39.375,176.275,19.19940289540682,12.08340289540682
8387,8878,1061.0,-39.275,176.175,19.27877444017213,12.912774440172129
8388,8879,1108.0,-39.275,176.225,19.24005435401341,12.59205435401341
8389,8880,1062.0,-39.275,176.275,19.18787210879964,12.815872108799638
8390,8962,965.0,-39.325,176.175,19.38385760920937,13.593857609209373
8391,8032,1373.0,-39.225,176.325,19.094717442116234,10.856717442116235
8392,8033,1181.0,-39.225,176.375,19.07486953449552,11.98886953449552
8393,8034,932.0,-39.225,176.425,19.06175627655466,13.469756276554662
8394,8035,585.0,-39.225,176.475,19.05845637060702,15.548456370607019
8395,8140,1288.0,-39.325,176.325,19.13217330572661,11.40417330572661
8396,8146,1120.0,-39.325,176.375,19.053954872477334,12.333954872477335
8397,8154,769.0,-39.325,176.425,18.989007816038793,14.375007816038792
8398,8416,556.0,-39.325,176.475,18.938789075269597,15.602789075269596
8399,8825,688.0,-39.375,176.325,19.085044867213583,14.957044867213583
8400,8827,703.0,-39.375,176.375,18.984757113124942,14.766757113124942
8401,8829,460.0,-39.375,176.425,18.901755874365335,16.141755874365337
8402,8831,577.0,-39.375,176.475,18.83632037998177,15.374320379981771
8403,8881,933.0,-39.275,176.325,19.132728152297204,13.534728152297205
8404,8882,1568.0,-39.275,176.375,19.082342161389533,9.674342161389534
8405,8883,891.0,-39.275,176.425,19.041549764340743,13.695549764340743
8406,8884,641.0,-39.275,176.475,19.01280267952825,15.16680267952825
8407,8036,500.0,-39.225,176.525,19.06646762730088,16.06646762730088
8408,8037,665.0,-39.225,176.575,19.086031391401775,15.096031391401775
8409,8038,572.0,-39.225,176.625,19.116457174852258,15.684457174852257
8410,8417,559.0,-39.325,176.525,18.902767950523412,15.548767950523413
8411,8418,567.0,-39.325,176.575,18.879071969771758,15.477071969771758
8412,8419,361.0,-39.325,176.625,18.865072101238184,16.699072101238183
8413,8832,299.0,-39.375,176.525,18.786629661684856,16.992629661684855
8414,8833,260.0,-39.375,176.575,18.74951371413772,17.18951371413772
8415,8835,277.0,-39.375,176.625,18.721147635107627,17.059147635107628
8416,8885,610.0,-39.275,176.525,18.99671862105606,15.336718621056061
8417,8886,520.0,-39.275,176.575,18.992592690337915,15.872592690337914
8418,8887,414.0,-39.275,176.625,18.998864804627374,16.514864804627376
8419,8039,722.0,-39.225,176.675,19.15640051601804,14.824400516018038
8420,8040,476.0,-39.225,176.725,19.2040386343142,16.3480386343142
8421,8042,305.0,-39.225,176.775,19.257053465407807,17.42705346540781
8422,8043,242.0,-39.225,176.825,19.31229027043446,17.86029027043446
8423,8420,239.0,-39.325,176.675,18.857931100850692,17.42393110085069
8424,8421,350.0,-39.325,176.725,18.85513760629692,16.75513760629692
8425,8422,248.0,-39.325,176.775,18.855028346559266,17.367028346559266
8426,8433,296.0,-39.325,176.825,18.857153843564447,17.081153843564447
8427,8836,333.0,-39.375,176.675,18.697699125274085,16.699699125274083
8428,8837,200.0,-39.375,176.725,18.67598836083198,17.47598836083198
8429,8838,186.0,-39.375,176.775,18.65429538700846,17.53829538700846
8430,8840,234.0,-39.375,176.825,18.633432304370217,17.229432304370217
8431,8888,336.0,-39.275,176.675,19.013538448576583,16.997538448576584
8432,8889,378.0,-39.275,176.725,19.034528041287558,16.766528041287557
8433,8890,180.0,-39.275,176.775,19.059864386363188,17.97986438636319
8434,8891,460.0,-39.275,176.825,19.087589090428082,16.327589090428084
8435,8044,278.0,-39.225,176.875,19.364993511437206,17.696993511437206
8436,8045,283.0,-39.225,176.925,19.40781776449876,17.70981776449876
8437,8046,307.0,-39.225,176.975,19.43055663065752,17.58855663065752
8438,8047,267.0,-39.225,177.025,19.42235877813073,17.82035877813073
8439,8434,182.0,-39.325,176.875,18.86193102726247,17.769931027262473
8440,8444,54.0,-39.325,176.925,18.868740651843837,18.544740651843835
8441,8843,22.0,-39.375,176.875,18.617526781046763,18.48552678104676
8442,8892,381.0,-39.275,176.875,19.11508752775262,16.82908752775262
8443,8893,304.0,-39.275,176.925,19.137881511298474,17.313881511298476
8444,8894,132.0,-39.275,176.975,19.148881220724434,18.356881220724432
8445,8048,185.0,-39.225,177.875,18.79978072308586,17.68978072308586
8446,8049,61.0,-39.175,173.875,14.898055989004206,14.532055989004206
8447,8050,141.0,-39.175,173.925,14.889976280275732,14.043976280275732
8448,8051,453.0,-39.175,173.975,14.898781626354321,12.180781626354321
8449,8164,41.0,-39.125,173.975,14.99360413098475,14.74760413098475
8450,8052,358.0,-39.175,174.025,14.929414212238044,12.781414212238044
8451,8053,307.0,-39.175,174.075,14.987742007433553,13.145742007433553
8452,8054,281.0,-39.175,174.125,15.077244084211998,13.391244084211998
8453,8165,142.0,-39.125,174.025,15.023671014467254,14.171671014467254
8454,8166,160.0,-39.125,174.075,15.083642406170839,14.123642406170838
8455,8167,153.0,-39.125,174.125,15.181772012569127,14.263772012569127
8456,8232,25.0,-39.075,174.025,15.141782846461865,14.991782846461865
8457,8233,43.0,-39.075,174.075,15.20159638057521,14.943596380575212
8458,8234,80.0,-39.075,174.125,15.308538038181723,14.828538038181723
8459,8055,254.0,-39.175,174.175,15.194816142917261,13.67081614291726
8460,8056,207.0,-39.175,174.225,15.33347463242535,14.091474632425351
8461,8057,172.0,-39.175,174.275,15.486628762664623,14.454628762664623
8462,8058,184.0,-39.175,174.325,15.64902291407634,14.545022914076341
8463,8168,169.0,-39.125,174.175,15.311642668428249,14.29764266842825
8464,8169,177.0,-39.125,174.225,15.462401254553697,14.400401254553698
8465,8170,146.0,-39.125,174.275,15.626741194690112,14.750741194690113
8466,8171,117.0,-39.125,174.325,15.799384922036552,15.097384922036552
8467,8235,87.0,-39.075,174.175,15.447974168302608,14.925974168302607
8468,8236,109.0,-39.075,174.225,15.607057365603396,14.953057365603396
8469,8237,86.0,-39.075,174.275,15.779004138414166,15.263004138414166
8470,8238,144.0,-39.075,174.325,15.958678639653954,15.094678639653953
8471,8059,188.0,-39.175,174.375,15.81651043324382,14.68851043324382
8472,8060,122.0,-39.175,174.425,15.985786645367625,15.253786645367626
8473,8065,258.0,-39.175,174.475,16.154208208681666,14.606208208681666
8474,8066,110.0,-39.175,174.525,16.319733604817884,15.659733604817884
8475,8172,187.0,-39.125,174.375,15.976109733965131,14.854109733965132
8476,8173,162.0,-39.125,174.425,16.153372903732816,15.181372903732816
8477,8174,166.0,-39.125,174.475,16.328178698095144,15.332178698095143
8478,8175,187.0,-39.125,174.525,16.498087757689063,15.376087757689064
8479,8239,135.0,-39.075,174.375,16.141727269656258,15.331727269656257
8480,8240,266.0,-39.075,174.425,16.32426915204269,14.728269152042689
8481,8241,68.0,-39.075,174.475,16.502813662795234,16.094813662795232
8482,8242,247.0,-39.075,174.525,16.674334463197738,15.192334463197739
8483,8067,201.0,-39.175,174.575,16.480964185262565,15.274964185262565
8484,8068,235.0,-39.175,174.625,16.637218047704664,15.227218047704664
8485,8069,201.0,-39.175,174.675,16.78857062224415,15.582570622244152
8486,8176,196.0,-39.125,174.575,16.661322262094473,15.485322262094472
8487,8177,254.0,-39.125,174.625,16.8169009895646,15.2929009895646
8488,8178,347.0,-39.125,174.675,16.96472119310056,14.882721193100558
8489,8243,204.0,-39.075,174.575,16.83646419091383,15.61246419091383
8490,8244,198.0,-39.075,174.625,16.987735985210747,15.799735985210747
8491,8245,225.0,-39.075,174.675,17.12774888955755,15.777748889557552
8492,8070,217.0,-39.175,174.725,16.935815200165962,15.633815200165962
8493,8071,269.0,-39.175,174.775,17.080323837246397,15.466323837246396
8494,8072,314.0,-39.175,174.825,17.223819949664176,15.339819949664175
8495,8073,313.0,-39.175,174.875,17.368101823551115,15.490101823551115
8496,8179,229.0,-39.125,174.725,17.105515527699026,15.731515527699026
8497,8180,393.0,-39.125,174.775,17.240654549139435,14.882654549139435
8498,8181,224.0,-39.125,174.825,17.3718198522256,16.027819852225598
8499,8182,261.0,-39.125,174.875,17.500620366015937,15.934620366015938
8500,8246,351.0,-39.075,174.725,17.257134023559047,15.151134023559047
8501,8247,282.0,-39.075,174.775,17.37727249735326,15.68527249735326
8502,8248,188.0,-39.075,174.825,17.489814309810754,16.361814309810754
8503,8249,115.0,-39.075,174.875,17.59609880032076,16.90609880032076
8504,8074,372.0,-39.175,174.925,17.51477431236708,15.282774312367081
8505,8075,247.0,-39.175,174.975,17.66502017895982,16.183020178959822
8506,8076,433.0,-39.175,175.025,17.819263143028365,15.221263143028366
8507,8183,226.0,-39.125,174.925,17.62827786336129,16.27227786336129
8508,8184,138.0,-39.125,174.975,17.755584155907854,16.927584155907855
8509,8185,277.0,-39.125,175.025,17.883234732114943,16.221234732114944
8510,8250,232.0,-39.075,174.925,17.69660731156182,16.30460731156182
8511,8251,364.0,-39.075,174.975,17.790788913174765,15.606788913174764
8512,8252,281.0,-39.075,175.025,17.87810091211577,16.19210091211577
8513,8077,388.0,-39.175,175.075,17.976159447076498,15.648159447076498
8514,8078,410.0,-39.175,175.125,18.130142564914422,15.670142564914423
8515,8079,578.0,-39.175,175.175,18.26874191800016,14.80074191800016
8516,8080,559.0,-39.175,175.225,18.379327685877797,15.025327685877798
8517,8108,419.0,-39.075,175.075,17.960138159658527,15.446138159658528
8518,8123,371.0,-39.075,175.125,18.039565551880514,15.813565551880515
8519,8136,215.0,-39.075,175.175,18.110711129702395,16.820711129702396
8520,8152,200.0,-39.075,175.225,18.1212977305986,16.9212977305986
8521,8186,269.0,-39.125,175.075,18.01177843399637,16.39777843399637
8522,8187,142.0,-39.125,175.125,18.138861207844457,17.286861207844456
8523,8188,443.0,-39.125,175.175,18.250255904727965,15.592255904727965
8524,8189,371.0,-39.125,175.225,18.314755915955175,16.088755915955176
8525,8081,300.0,-39.175,175.275,18.4692454883334,16.6692454883334
8526,8082,565.0,-39.175,175.325,18.560794758421252,15.170794758421252
8527,8083,837.0,-39.175,175.375,18.66772871025023,13.645728710250232
8528,8190,392.0,-39.125,175.275,18.346814823831664,15.994814823831664
8529,8191,353.0,-39.125,175.325,18.391373226215364,16.273373226215366
8530,8192,636.0,-39.125,175.375,18.463875166111393,14.647875166111394
8531,8254,306.0,-39.075,175.275,18.098280111255008,16.26228011125501
8532,8259,415.0,-39.075,175.325,18.108025552442996,15.618025552442996
8533,8273,541.0,-39.075,175.375,18.158264255762333,14.912264255762333
8534,8084,846.0,-39.175,175.425,18.788871428492712,13.712871428492711
8535,8085,878.0,-39.175,175.475,18.90969801833853,13.64169801833853
8536,8086,997.0,-39.175,175.525,18.998487916775048,13.016487916775048
8537,8087,1175.0,-39.175,175.575,18.98963601986179,11.93963601986179
8538,8193,740.0,-39.125,175.425,18.557413532602368,14.117413532602367
8539,8194,782.0,-39.125,175.475,18.65054870120366,13.95854870120366
8540,8195,883.0,-39.125,175.525,18.7091307764058,13.4111307764058
8541,8196,1044.0,-39.125,175.575,18.69796621473506,12.433966214735062
8542,8276,960.0,-39.075,175.425,18.233855385507923,12.473855385507923
8543,8281,691.0,-39.075,175.475,18.308774529432412,14.162774529432411
8544,8283,805.0,-39.075,175.525,18.353481750615174,13.523481750615174
8545,8285,790.0,-39.075,175.575,18.346205592679325,13.606205592679325
8546,8088,1555.0,-39.175,175.625,18.900654359400505,9.570654359400505
8547,8089,1268.0,-39.175,175.675,18.79349547633319,11.185495476333191
8548,8090,1026.0,-39.175,175.725,18.698045122117037,12.542045122117038
8549,8091,806.0,-39.175,175.775,18.632256031763973,13.796256031763972
8550,8197,1595.0,-39.125,175.625,18.62211839633528,9.052118396335283
8551,8198,1554.0,-39.125,175.675,18.517972830100916,9.193972830100916
8552,8199,986.0,-39.125,175.725,18.417282754089683,12.501282754089683
8553,8200,710.0,-39.125,175.775,18.34404469159199,14.08404469159199
8554,8289,906.0,-39.075,175.625,18.287252341135172,12.851252341135172
8555,8294,789.0,-39.075,175.675,18.19667844325886,13.462678443258861
8556,8299,564.0,-39.075,175.725,18.10078983582207,14.71678983582207
8557,8304,581.0,-39.075,175.775,18.02718461601762,14.54118461601762
8558,8092,983.0,-39.175,175.825,18.605775050498778,12.707775050498778
8559,8093,1008.0,-39.175,175.875,18.619269380084006,12.571269380084006
8560,8094,1236.0,-39.175,175.925,18.66509900672827,11.249099006728269
8561,8201,644.0,-39.125,175.825,18.314965023833793,14.450965023833792
8562,8202,971.0,-39.125,175.875,18.334098266001092,12.508098266001092
8563,8203,1314.0,-39.125,175.925,18.39167765781167,10.50767765781167
8564,8309,496.0,-39.075,175.825,18.00309954158729,15.02709954158729
8565,8314,622.0,-39.075,175.875,18.03801252503763,14.30601252503763
8566,8319,1020.0,-39.075,175.925,18.11526834749384,11.99526834749384
8567,8095,1150.0,-39.175,175.975,18.731033303396543,11.831033303396545
8568,8096,1074.0,-39.175,176.025,18.80422027138411,12.360220271384112
8569,8097,1177.0,-39.175,176.075,18.87355255908915,11.811552559089149
8570,8098,1419.0,-39.175,176.125,18.931059673515847,10.417059673515848
8571,8204,1432.0,-39.125,175.975,18.472327917872462,9.880327917872462
8572,8205,1198.0,-39.125,176.025,18.56195494029089,11.37395494029089
8573,8206,1360.0,-39.125,176.075,18.649811262032017,10.489811262032017
8574,8207,1270.0,-39.125,176.125,18.728813330555568,11.108813330555568
8575,8324,1010.0,-39.075,175.975,18.214770314545603,12.154770314545605
8576,8329,1187.0,-39.075,176.025,18.32220863015391,11.20020863015391
8577,8334,942.0,-39.075,176.075,18.428060627833474,12.776060627833473
8578,8335,1071.0,-39.075,176.125,18.526476372644538,12.100476372644538
8579,8099,1006.0,-39.175,176.175,18.972952087409794,12.936952087409793
8580,8100,1095.0,-39.175,176.225,18.999873319728067,12.429873319728067
8581,8101,1279.0,-39.175,176.275,19.01584885799093,11.341848857990932
8582,8208,915.0,-39.125,176.175,18.79559096804587,13.305590968045871
8583,8209,823.0,-39.125,176.225,18.850231667951448,13.912231667951449
8584,8210,994.0,-39.125,176.275,18.89549237958272,12.931492379582721
8585,8336,1357.0,-39.075,176.175,18.6147602640267,10.4727602640267
8586,8337,1051.0,-39.075,176.225,18.692947453208035,12.386947453208034
8587,8338,620.0,-39.075,176.275,18.763194689177908,15.04319468917791
8588,8102,1236.0,-39.175,176.325,19.026466555253137,11.610466555253137
8589,8103,1002.0,-39.175,176.375,19.037289608764695,13.025289608764695
8590,8104,799.0,-39.175,176.425,19.052948641969124,14.258948641969123
8591,8105,597.0,-39.175,176.475,19.076802618830698,15.494802618830697
8592,8211,930.0,-39.125,176.325,18.935641121701337,13.355641121701337
8593,8212,571.0,-39.125,176.375,18.975338039570488,15.549338039570488
8594,8213,984.0,-39.125,176.425,19.018836580537027,13.114836580537027
8595,8214,794.0,-39.125,176.475,19.069542909186566,14.305542909186567
8596,8339,751.0,-39.075,176.325,18.828991017333465,14.322991017333464
8597,8340,991.0,-39.075,176.375,18.89435660134768,12.948356601347681
8598,8341,794.0,-39.075,176.425,18.963188093999634,14.199188093999634
8599,8342,943.0,-39.075,176.475,19.038812064332888,13.380812064332888
8600,8064,502.0,-39.175,176.575,19.156237965798937,16.144237965798936
8601,8106,453.0,-39.175,176.525,19.110925053595565,16.392925053595565
8602,8143,396.0,-39.175,176.625,19.212688735802658,16.836688735802657
8603,8215,605.0,-39.125,176.525,19.12984128476819,15.499841284768191
8604,8216,562.0,-39.125,176.575,19.201074937096564,15.829074937096564
8605,8217,541.0,-39.125,176.625,19.283593620260945,16.037593620260946
8606,8343,812.0,-39.075,176.525,19.123726082179928,14.251726082179928
8607,8344,582.0,-39.075,176.575,19.219472076860256,15.727472076860256
8608,8345,570.0,-39.075,176.625,19.326581993926084,15.906581993926084
8609,8148,503.0,-39.175,176.675,19.279399234306766,16.261399234306765
8610,8156,894.0,-39.175,176.725,19.354719104623655,13.990719104623654
8611,8157,442.0,-39.175,176.775,19.43609852794907,16.78409852794907
8612,8158,181.0,-39.175,176.825,19.519677546515595,18.433677546515597
8613,8218,374.0,-39.125,176.675,19.37679799925536,17.13279799925536
8614,8219,845.0,-39.125,176.725,19.479117005044827,14.409117005044827
8615,8220,879.0,-39.125,176.775,19.58785073502804,14.313850735028042
8616,8221,688.0,-39.125,176.825,19.69880446177558,15.57080446177558
8617,8346,674.0,-39.075,176.675,19.444540098513244,15.400540098513243
8618,8347,367.0,-39.075,176.725,19.571709253679728,17.36970925367973
8619,8348,527.0,-39.075,176.775,19.705169036838925,16.543169036838925
8620,8349,592.0,-39.075,176.825,19.840412487392314,16.288412487392314
8621,8159,292.0,-39.175,176.875,19.599500618845923,17.847500618845924
8622,8160,159.0,-39.175,176.925,19.666366428282345,18.712366428282344
8623,8161,93.0,-39.175,176.975,19.70678989929729,19.14878989929729
8624,8162,76.0,-39.175,177.025,19.704706804885063,19.248706804885064
8625,8222,487.0,-39.125,176.875,19.80562200921122,16.88362200921122
8626,8223,322.0,-39.125,176.925,19.898628997034393,17.966628997034395
8627,8224,148.0,-39.125,176.975,19.962581199244596,19.074581199244594
8628,8225,158.0,-39.125,177.025,19.973313850030536,19.025313850030535
8629,8350,464.0,-39.075,176.875,19.970835137966787,17.18683513796679
8630,8351,442.0,-39.075,176.925,20.08686412568204,17.43486412568204
8631,8352,295.0,-39.075,176.975,20.174106806109194,18.404106806109194
8632,8353,278.0,-39.075,177.025,20.20535206157365,18.53735206157365
8633,8226,141.0,-39.125,177.075,19.912927282392047,19.066927282392047
8634,8227,97.0,-39.125,177.125,19.797503389505437,19.215503389505436
8635,8228,60.0,-39.125,177.175,19.648258464760147,19.288258464760148
8636,8354,222.0,-39.075,177.075,20.140050377958687,18.808050377958686
8637,8355,121.0,-39.075,177.125,20.017880055733258,19.29188005573326
8638,8356,147.0,-39.075,177.175,19.86143144304515,18.979431443045147
8639,8357,94.0,-39.075,177.225,19.684817636822117,19.120817636822117
8640,8358,20.0,-39.075,177.275,19.500991989159957,19.380991989159956
8641,8359,20.0,-39.075,177.325,19.324162693781545,19.204162693781544
8642,8163,277.0,-39.175,177.875,18.981530180579284,17.319530180579285
8643,8229,183.0,-39.125,177.875,19.175219939817907,18.07721993981791
8644,8230,120.0,-39.125,177.925,19.176522127032513,18.456522127032514
8645,8360,22.0,-39.075,177.875,19.38030047499342,19.248300474993417
8646,8231,126.0,-39.125,177.975,19.16578770056367,18.40978770056367
8647,8361,30.0,-39.025,174.175,15.6064044340892,15.4264044340892
8648,8362,56.0,-39.025,174.225,15.767718490809784,15.431718490809784
8649,8363,69.0,-39.025,174.275,15.942593666521134,15.528593666521134
8650,8364,59.0,-39.025,174.325,16.125485927273985,15.771485927273986
8651,8365,50.0,-39.025,174.375,16.311630632102606,16.011630632102605
8652,8366,73.0,-39.025,174.425,16.496621580794454,16.058621580794455
8653,8367,149.0,-39.025,174.475,16.676284728833707,15.782284728833707
8654,8368,84.0,-39.025,174.525,16.84677164637833,16.342771646378328
8655,8629,24.0,-38.975,174.425,16.66771858741413,16.52371858741413
8656,8712,84.0,-38.975,174.475,16.84616136342811,16.342161363428108
8657,8716,54.0,-38.975,174.525,17.013373363559367,16.689373363559366
8658,8808,149.0,-38.925,174.525,17.171531424988643,16.277531424988645
8659,8369,146.0,-39.025,174.575,17.004854966682615,16.128854966682614
8660,8370,287.0,-39.025,174.625,17.14834276433976,15.42634276433976
8661,8371,193.0,-39.025,174.675,17.276407416458824,16.118407416458822
8662,8487,167.0,-38.875,174.575,17.451974758238066,16.449974758238067
8663,8488,49.0,-38.875,174.625,17.556875284819398,17.262875284819398
8664,8489,202.0,-38.875,174.675,17.629202753669233,16.417202753669233
8665,8718,78.0,-38.975,174.575,17.164931261824677,16.696931261824677
8666,8721,262.0,-38.975,174.625,17.297594637639122,15.725594637639123
8667,8725,210.0,-38.975,174.675,17.40997128249728,16.14997128249728
8668,8809,172.0,-38.925,174.575,17.31483285719878,16.28283285719878
8669,8810,144.0,-38.925,174.625,17.434328609713702,16.5703286097137
8670,8811,284.0,-38.925,174.675,17.527892294281628,15.823892294281627
8671,8372,298.0,-39.025,174.725,17.38958693612949,15.60158693612949
8672,8373,275.0,-39.025,174.775,17.48936826613499,15.839368266134988
8673,8374,189.0,-39.025,174.825,17.57747790994472,16.44347790994472
8674,8375,121.0,-39.025,174.875,17.65505654324079,16.92905654324079
8675,8490,97.0,-38.875,174.725,17.67093348960043,17.08893348960043
8676,8491,395.0,-38.875,174.775,17.68637629735167,15.31637629735167
8677,8492,428.0,-38.875,174.825,17.678965061350027,15.110965061350027
8678,8493,391.0,-38.875,174.875,17.649741438552155,15.303741438552155
8679,8729,348.0,-38.975,174.725,17.50261209200835,15.414612092008348
8680,8733,284.0,-38.975,174.775,17.57733648903377,15.873336489033768
8681,8737,153.0,-38.975,174.825,17.636145043783472,16.718145043783473
8682,8741,212.0,-38.975,174.875,17.68015014832781,16.408150148327813
8683,8812,280.0,-38.925,174.725,17.596399181784363,15.916399181784364
8684,8813,320.0,-38.925,174.775,17.64246409923362,15.72246409923362
8685,8814,467.0,-38.925,174.825,17.66862554094405,14.86662554094405
8686,8815,277.0,-38.925,174.875,17.675980306972633,16.013980306972634
8687,8002,304.0,-38.925,174.925,17.66323233359435,15.839232333594351
8688,8110,186.0,-38.925,174.975,17.625350014146534,16.509350014146534
8689,8112,140.0,-38.925,175.025,17.547942126198905,16.707942126198905
8690,8376,221.0,-39.025,174.925,17.721753897916642,16.39575389791664
8691,8377,307.0,-39.025,174.975,17.77475118174334,15.93275118174334
8692,8378,280.0,-39.025,175.025,17.80931391478225,16.12931391478225
8693,8494,481.0,-38.875,174.925,17.596691229584394,14.710691229584395
8694,8495,178.0,-38.875,174.975,17.513891926399083,16.44589192639908
8695,8496,179.0,-38.875,175.025,17.39161207053985,16.317612070539848
8696,8745,301.0,-38.975,174.925,17.70855090356781,15.902550903567812
8697,8749,174.0,-38.975,174.975,17.716998652540497,16.672998652540496
8698,8750,140.0,-38.975,175.025,17.693865346504026,16.853865346504026
8699,8114,254.0,-38.925,175.075,17.421534716835595,15.897534716835594
8700,8116,176.0,-38.925,175.125,17.263295094307978,16.207295094307977
8701,8118,323.0,-38.925,175.175,17.086308271245798,15.148308271245797
8702,8120,178.0,-38.925,175.225,16.92058117018314,15.852581170183141
8703,8379,162.0,-39.025,175.075,17.824966147542,16.852966147542
8704,8380,271.0,-39.025,175.125,17.82681770461204,16.20081770461204
8705,8381,479.0,-39.025,175.175,17.81266232409689,14.93866232409689
8706,8382,481.0,-39.025,175.225,17.76914913460496,14.88314913460496
8707,8497,197.0,-38.875,175.075,17.22644840978319,16.04444840978319
8708,8498,401.0,-38.875,175.125,17.02862983039813,14.622629830398132
8709,8499,371.0,-38.875,175.175,16.815150904934853,14.589150904934854
8710,8500,248.0,-38.875,175.225,16.618444198014913,15.130444198014914
8711,8751,230.0,-38.975,175.075,17.633255183609435,16.253255183609436
8712,8752,267.0,-38.975,175.125,17.547091315616854,15.945091315616853
8713,8753,397.0,-38.975,175.175,17.44320545977098,15.06120545977098
8714,8754,249.0,-38.975,175.225,17.339495201507816,15.845495201507816
8715,8125,210.0,-38.925,175.275,16.843152729357826,15.583152729357826
8716,8134,319.0,-38.925,175.325,16.89304487357731,14.97904487357731
8717,8137,238.0,-38.925,175.375,16.999589513317915,15.571589513317914
8718,8383,336.0,-39.025,175.275,17.725797955179587,15.709797955179587
8719,8384,415.0,-39.025,175.325,17.72843989552348,15.238439895523479
8720,8385,480.0,-39.025,175.375,17.77932924736524,14.899329247365241
8721,8501,267.0,-38.875,175.275,16.52786063955864,14.925860639558639
8722,8502,204.0,-38.875,175.325,16.5956266845169,15.371626684516901
8723,8503,251.0,-38.875,175.375,16.71590556955198,15.209905569551978
8724,8755,365.0,-38.975,175.275,17.28139841585653,15.09139841585653
8725,8756,339.0,-38.975,175.325,17.299559388979105,15.265559388979106
8726,8757,401.0,-38.975,175.375,17.373359571036417,14.967359571036418
8727,8150,373.0,-38.925,175.425,17.117959380178945,14.879959380178946
8728,8255,454.0,-38.925,175.475,17.223817929479992,14.499817929479992
8729,8258,549.0,-38.925,175.525,17.302160031656967,14.008160031656967
8730,8271,710.0,-38.925,175.575,17.345554950938094,13.085554950938095
8731,8386,660.0,-39.025,175.425,17.855887027195422,13.895887027195423
8732,8387,504.0,-39.025,175.475,17.930178099457407,14.906178099457406
8733,8388,550.0,-39.025,175.525,17.97733349786722,14.67733349786722
8734,8389,667.0,-39.025,175.575,17.9817512218724,13.979751221872402
8735,8504,257.0,-38.875,175.425,16.84562127609388,15.30362127609388
8736,8505,399.0,-38.875,175.475,16.962927834218135,14.568927834218135
8737,8506,751.0,-38.875,175.525,17.055328101094346,12.549328101094346
8738,8507,726.0,-38.875,175.575,17.1172841914522,12.7612841914522
8739,8758,432.0,-38.975,175.425,17.46820524422219,14.87620524422219
8740,8759,450.0,-38.975,175.475,17.556063181575155,14.856063181575156
8741,8760,616.0,-38.975,175.525,17.61686919775093,13.92086919775093
8742,8761,643.0,-38.975,175.575,17.639465776650468,13.781465776650467
8743,8275,654.0,-38.925,175.625,17.354308065318037,13.430308065318037
8744,8279,691.0,-38.925,175.675,17.336281485680956,13.190281485680956
8745,8288,562.0,-38.925,175.725,17.30641358642606,13.93441358642606
8746,8293,357.0,-38.925,175.775,17.28726729124901,15.14526729124901
8747,8390,636.0,-39.025,175.625,17.942119293526048,14.126119293526049
8748,8391,577.0,-39.025,175.675,17.870365132344887,14.408365132344887
8749,8392,642.0,-39.025,175.725,17.786304105597083,13.934304105597082
8750,8393,788.0,-39.025,175.775,17.715807034895988,12.987807034895988
8751,8508,595.0,-38.875,175.625,17.149783880333416,13.579783880333416
8752,8509,489.0,-38.875,175.675,17.1601229927619,14.2261229927619
8753,8510,453.0,-38.875,175.725,17.161479898320977,14.443479898320977
8754,8511,357.0,-38.875,175.775,17.17176112800371,15.02976112800371
8755,8762,640.0,-38.975,175.625,17.622905134456232,13.782905134456232
8756,8763,913.0,-38.975,175.675,17.575810664653545,12.097810664653544
8757,8764,792.0,-38.975,175.725,17.514230234432034,12.762230234432035
8758,8765,467.0,-38.975,175.775,17.461510366236325,14.659510366236326
8759,8298,357.0,-38.925,175.825,17.30768276413437,15.16568276413437
8760,8303,357.0,-38.925,175.875,17.380172618228244,15.238172618228244
8761,8308,400.0,-38.925,175.925,17.48810365854297,15.088103658542968
8762,8394,411.0,-39.025,175.825,17.699606733978726,15.233606733978725
8763,8395,457.0,-39.025,175.875,17.75945397018222,15.01745397018222
8764,8396,694.0,-39.025,175.925,17.859104801522335,13.695104801522335
8765,8512,357.0,-38.875,175.825,17.208914522780105,15.066914522780106
8766,8513,357.0,-38.875,175.875,17.280734174506506,15.138734174506506
8767,8514,357.0,-38.875,175.925,17.381068399059586,15.239068399059587
8768,8766,366.0,-38.975,175.825,17.45976812861045,15.26376812861045
8769,8767,435.0,-38.975,175.875,17.535102416179143,14.925102416179143
8770,8768,506.0,-38.975,175.925,17.64633391125244,14.610333911252441
8771,8313,585.0,-38.925,175.975,17.61343363916967,14.10343363916967
8772,8318,560.0,-38.925,176.025,17.745042955881217,14.385042955881218
8773,8323,683.0,-38.925,176.075,17.87635630898876,13.778356308988762
8774,8328,560.0,-38.925,176.125,18.00374092522543,14.64374092522543
8775,8397,669.0,-39.025,175.975,17.97632021427853,13.962320214278531
8776,8398,667.0,-39.025,176.025,18.098985232238192,14.096985232238193
8777,8399,874.0,-39.025,176.075,18.219506930094212,12.975506930094213
8778,8400,1092.0,-39.025,176.125,18.333369458006928,11.781369458006928
8779,8515,357.0,-38.875,175.975,17.498661750083556,15.356661750083557
8780,8516,505.0,-38.875,176.025,17.624116607476026,14.594116607476026
8781,8517,541.0,-38.875,176.075,17.751166141795693,14.505166141795693
8782,8518,526.0,-38.875,176.125,17.87620225638966,14.720202256389662
8783,8769,525.0,-38.975,175.975,17.772910675877938,14.622910675877938
8784,8770,639.0,-38.975,176.025,17.904131472634617,14.070131472634618
8785,8771,639.0,-38.975,176.075,18.033489667926915,14.199489667926915
8786,8772,674.0,-38.975,176.125,18.157248062314466,14.113248062314465
8787,8333,640.0,-38.925,176.175,18.125742840202292,14.285742840202293
8788,8401,1095.0,-39.025,176.175,18.43859922187403,11.868599221874028
8789,8402,739.0,-39.025,176.225,18.535386414296227,14.101386414296227
8790,8403,657.0,-39.025,176.275,18.62562754220562,14.68362754220562
8791,8436,757.0,-38.925,176.225,18.242631333734607,13.700631333734608
8792,8448,740.0,-38.925,176.275,18.356016959121916,13.916016959121915
8793,8519,605.0,-38.875,176.175,17.997721195191843,14.367721195191844
8794,8520,721.0,-38.875,176.225,18.115893102018163,13.789893102018162
8795,8521,781.0,-38.875,176.275,18.232194860756863,13.546194860756863
8796,8773,972.0,-38.975,176.175,18.2738738086191,12.4418738086191
8797,8774,1042.0,-38.975,176.225,18.383667051646626,12.131667051646627
8798,8775,710.0,-38.975,176.275,18.488378046051366,14.228378046051366
8799,8404,827.0,-39.025,176.325,18.712362111196853,13.750362111196853
8800,8405,805.0,-39.025,176.375,18.799178200482856,13.969178200482856
8801,8406,763.0,-39.025,176.425,18.8896770637366,14.3116770637366
8802,8407,944.0,-39.025,176.475,18.987050276395166,13.323050276395167
8803,8455,761.0,-38.925,176.325,18.46846042931429,13.902460429314292
8804,8456,721.0,-38.925,176.375,18.583059613680234,14.257059613680234
8805,8457,760.0,-38.925,176.425,18.70303111031535,14.143031110315352
8806,8458,722.0,-38.925,176.475,18.831310244480846,14.499310244480846
8807,8522,757.0,-38.875,176.325,18.34904920795816,13.80704920795816
8808,8523,720.0,-38.875,176.375,18.469444100599503,14.149444100599503
8809,8524,732.0,-38.875,176.425,18.59652912800084,14.20452912800084
8810,8525,778.0,-38.875,176.475,18.73320070313639,14.06520070313639
8811,8776,949.0,-38.975,176.325,18.590766114299186,12.896766114299187
8812,8777,789.0,-38.975,176.375,18.694126293150475,13.960126293150475
8813,8778,784.0,-38.975,176.425,18.801831649325322,14.097831649325322
8814,8779,720.0,-38.975,176.475,18.91693023769767,14.59693023769767
8815,8063,840.0,-38.875,176.575,19.043248640664387,14.003248640664388
8816,8142,1034.0,-38.875,176.625,19.21777247748105,13.013772477481048
8817,8408,684.0,-39.025,176.525,19.093778397829738,14.989778397829738
8818,8409,460.0,-39.025,176.575,19.211431036732392,16.451431036732394
8819,8410,520.0,-39.025,176.625,19.34053501082235,16.22053501082235
8820,8459,704.0,-38.925,176.525,18.970191085303668,14.746191085303668
8821,8460,728.0,-38.925,176.575,19.12102259384119,14.75302259384119
8822,8461,992.0,-38.925,176.625,19.28396871793666,13.33196871793666
8823,8526,711.0,-38.875,176.525,18.88169909795397,14.61569909795397
8824,8780,773.0,-38.975,176.525,19.041815716278506,14.403815716278507
8825,8781,584.0,-38.975,176.575,19.177972799312556,15.673972799312557
8826,8782,824.0,-38.975,176.625,19.325785731780343,14.381785731780344
8827,8149,885.0,-38.875,176.675,19.403699360816972,14.093699360816974
8828,8253,350.0,-39.025,176.825,19.938981944636907,17.838981944636906
8829,8256,1114.0,-38.875,176.725,19.59785389629542,12.913853896295418
8830,8282,564.0,-38.875,176.775,19.795397000503726,16.411397000503726
8831,8284,829.0,-38.875,176.825,19.98978056089254,15.01578056089254
8832,8411,759.0,-39.025,176.675,19.480471799586667,14.926471799586668
8833,8412,944.0,-39.025,176.725,19.629361408762634,13.965361408762634
8834,8413,361.0,-39.025,176.775,19.783884299657075,17.617884299657074
8835,8462,993.0,-38.925,176.675,19.457826976751676,13.499826976751677
8836,8463,846.0,-38.925,176.725,19.63988186029019,14.563881860290188
8837,8464,891.0,-38.925,176.775,19.825750480842544,14.479750480842544
8838,8465,496.0,-38.925,176.825,20.00916605431121,17.03316605431121
8839,8783,692.0,-38.975,176.675,19.484386997966794,15.332386997966793
8840,8784,929.0,-38.975,176.725,19.651511638599914,14.077511638599915
8841,8785,457.0,-38.975,176.775,19.823308383405674,17.081308383405673
8842,8786,744.0,-38.975,176.825,19.994039133453043,15.530039133453043
8843,8257,208.0,-39.025,176.875,20.087340502243023,18.839340502243022
8844,8278,409.0,-39.025,176.925,20.21842206196743,17.76442206196743
8845,8287,667.0,-38.875,176.875,20.172724445728818,16.17072444572882
8846,8291,375.0,-39.025,176.975,20.31622899416834,18.06622899416834
8847,8292,533.0,-38.875,176.925,20.33435117168119,17.13635117168119
8848,8296,306.0,-39.025,177.025,20.35399282653816,18.517992826538162
8849,8297,495.0,-38.875,176.975,20.463834059628425,17.493834059628426
8850,8302,339.0,-38.875,177.025,20.550951060431544,18.516951060431545
8851,8466,799.0,-38.925,176.875,20.181657943467144,15.387657943467143
8852,8467,358.0,-38.925,176.925,20.3321974381397,18.1841974381397
8853,8468,381.0,-38.925,176.975,20.44733071164228,18.16133071164228
8854,8469,205.0,-38.925,177.025,20.513338233315153,19.283338233315153
8855,8787,606.0,-38.975,176.875,20.15556425525574,16.51956425525574
8856,8788,439.0,-38.975,176.925,20.296467138483422,17.66246713848342
8857,8789,543.0,-38.975,176.975,20.400882336194627,17.142882336194628
8858,8790,348.0,-38.975,177.025,20.449500612798147,18.361500612798146
8859,8301,235.0,-39.025,177.075,20.309110767557286,18.899110767557286
8860,8306,276.0,-39.025,177.125,20.20162023193552,18.545620231935523
8861,8307,360.0,-38.875,177.075,20.58799345215084,18.42799345215084
8862,8311,303.0,-39.025,177.175,20.054378736880608,18.236378736880607
8863,8312,485.0,-38.875,177.125,20.570797449006932,17.66079744900693
8864,8317,281.0,-38.875,177.175,20.50352095757262,18.81752095757262
8865,8470,318.0,-38.925,177.075,20.521501782815903,18.613501782815902
8866,8471,250.0,-38.925,177.125,20.472469525353517,18.972469525353517
8867,8472,266.0,-38.925,177.175,20.376026344369166,18.780026344369166
8868,8791,496.0,-38.975,177.075,20.43049482232891,17.45449482232891
8869,8792,395.0,-38.975,177.125,20.350583537103375,17.980583537103374
8870,8793,366.0,-38.975,177.175,20.225729788391618,18.029729788391617
8871,8316,121.0,-39.025,177.225,19.883219247305533,19.157219247305534
8872,8321,196.0,-39.025,177.275,19.702474841906223,18.526474841906225
8873,8322,135.0,-38.875,177.225,20.40345485843136,19.59345485843136
8874,8326,69.0,-39.025,177.325,19.527348252158845,19.113348252158843
8875,8327,238.0,-38.875,177.275,20.291204298031516,18.863204298031516
8876,8331,20.0,-39.025,177.375,19.376821636484237,19.256821636484236
8877,8332,185.0,-38.875,177.325,20.185179590742337,19.075179590742337
8878,8440,220.0,-38.875,177.375,20.101312142971437,18.781312142971437
8879,8473,186.0,-38.925,177.225,20.248512030928396,19.132512030928396
8880,8474,90.0,-38.925,177.275,20.10880496617756,19.56880496617756
8881,8475,182.0,-38.925,177.325,19.97596420146874,18.883964201468743
8882,8476,255.0,-38.925,177.375,19.86894930890412,18.33894930890412
8883,8794,104.0,-38.975,177.225,20.072734418150503,19.448734418150504
8884,8795,227.0,-38.975,177.275,19.908458892110502,18.546458892110504
8885,8796,135.0,-38.975,177.325,19.750687583815306,18.940687583815308
8886,8797,42.0,-38.975,177.375,19.620289176586084,19.368289176586085
8887,8435,20.0,-39.025,177.425,19.28515511099249,19.16515511099249
8888,8445,135.0,-38.875,177.425,20.051321625185665,19.241321625185666
8889,8449,24.0,-39.025,177.475,19.27436651152675,19.130366511526752
8890,8452,92.0,-38.875,177.475,20.039512672577985,19.487512672577985
8891,8477,40.0,-38.925,177.425,19.804002427263185,19.564002427263187
8892,8478,263.0,-38.925,177.475,19.78679310210282,18.20879310210282
8893,8479,158.0,-38.925,177.525,19.80938626464922,18.86138626464922
8894,8584,237.0,-38.875,177.525,20.061864249641076,18.639864249641075
8895,8586,110.0,-39.025,177.525,19.306210783921415,18.646210783921415
8896,8798,19.0,-38.975,177.425,19.541689176519867,19.427689176519866
8897,8799,53.0,-38.975,177.475,19.524437347863568,19.206437347863567
8898,8800,189.0,-38.975,177.525,19.55152760577039,18.41752760577039
8899,8480,193.0,-38.925,177.575,19.858036927354988,18.700036927354986
8900,8481,392.0,-38.925,177.625,19.919367702357704,17.567367702357704
8901,8482,548.0,-38.925,177.675,19.98147583048558,16.69347583048558
8902,8483,553.0,-38.925,177.725,20.033601164555876,16.715601164555874
8903,8590,398.0,-38.875,177.575,20.109000300464686,17.721000300464688
8904,8592,276.0,-38.875,177.625,20.169619823718676,18.513619823718678
8905,8594,403.0,-38.875,177.675,20.232060770882526,17.814060770882527
8906,8597,508.0,-38.875,177.725,20.2845659480663,17.2365659480663
8907,8599,20.0,-39.025,177.575,19.359738144034054,19.239738144034053
8908,8603,138.0,-39.025,177.625,19.422277903737267,18.594277903737268
8909,8607,37.0,-39.025,177.675,19.484182724001585,19.262182724001583
8910,8611,156.0,-39.025,177.725,19.537609730672557,18.601609730672557
8911,8801,270.0,-38.975,177.575,19.60356753965607,17.983567539656068
8912,8802,263.0,-38.975,177.625,19.666386730328668,18.08838673032867
8913,8803,374.0,-38.975,177.675,19.728913768514758,17.484913768514758
8914,8804,256.0,-38.975,177.725,19.781875096145086,18.245875096145085
8915,8484,211.0,-38.925,177.775,20.066123049211456,18.800123049211457
8916,8485,399.0,-38.925,177.825,20.07141786068678,17.67741786068678
8917,8486,466.0,-38.925,177.875,20.045638428098755,17.249638428098756
8918,8601,512.0,-38.875,177.775,20.315399488812545,17.243399488812546
8919,8605,381.0,-38.875,177.825,20.313872660248308,18.027872660248306
8920,8609,402.0,-38.875,177.875,20.2732926318713,17.8612926318713
8921,8615,48.0,-39.025,177.775,19.576361909974366,19.288361909974366
8922,8619,156.0,-39.025,177.825,19.59621581627289,18.66021581627289
8923,8624,18.0,-39.025,177.875,19.595415036019403,19.487415036019403
8924,8805,167.0,-38.975,177.775,19.817594166001072,18.815594166001073
8925,8806,170.0,-38.975,177.825,19.83053741097683,18.81053741097683
8926,8807,240.0,-38.975,177.875,19.81827858023462,18.378278580234618
8927,8613,20.0,-38.825,174.625,17.662280368691427,17.542280368691426
8928,8617,125.0,-38.825,174.675,17.711491815542104,16.961491815542104
8929,8994,53.0,-38.775,174.625,17.744801264241687,17.426801264241686
8930,8995,144.0,-38.775,174.675,17.769067955116043,16.905067955116042
8931,9649,111.0,-38.725,174.625,17.790804975185893,17.124804975185892
8932,9650,192.0,-38.725,174.675,17.790337162674405,16.638337162674404
8933,8621,224.0,-38.825,174.725,17.724952982345712,16.38095298234571
8934,8626,266.0,-38.825,174.775,17.710112369066337,16.114112369066337
8935,8631,435.0,-38.825,174.825,17.671505190373864,15.061505190373865
8936,8713,418.0,-38.825,174.875,17.610209479840705,15.102209479840706
8937,8996,182.0,-38.775,174.725,17.754757648683153,16.662757648683154
8938,8997,267.0,-38.775,174.775,17.713267231360078,16.111267231360078
8939,8998,401.0,-38.775,174.825,17.649481971398927,15.243481971398928
8940,8999,418.0,-38.775,174.875,17.564510969634284,15.056510969634285
8941,9651,196.0,-38.725,174.725,17.75451115409669,16.57851115409669
8942,9652,193.0,-38.725,174.775,17.694445287183044,16.536445287183042
8943,9653,69.0,-38.725,174.825,17.614624046094832,17.20062404609483
8944,9654,345.0,-38.725,174.875,17.5165225728706,15.446522572870599
8945,8722,186.0,-38.825,174.925,17.524243000065326,16.408243000065326
8946,8726,170.0,-38.825,174.975,17.409161052521085,16.389161052521086
8947,8730,177.0,-38.825,175.025,17.260325080598705,16.198325080598703
8948,9000,282.0,-38.775,174.925,17.457114421587903,15.765114421587903
8949,9042,180.0,-38.775,174.975,17.325029340659967,16.24502934065997
8950,9157,267.0,-38.775,175.025,17.16724272436113,15.56524272436113
8951,9655,241.0,-38.725,174.925,17.400051945383893,15.954051945383894
8952,9656,324.0,-38.725,174.975,17.2649404797412,15.3209404797412
8953,9657,318.0,-38.725,175.025,17.112575654464308,15.204575654464309
8954,8734,452.0,-38.825,175.075,17.078316554572666,14.366316554572666
8955,8738,372.0,-38.825,175.125,16.87302486342378,14.64102486342378
8956,8742,441.0,-38.825,175.175,16.665012721379753,14.019012721379752
8957,8746,180.0,-38.825,175.225,16.492203894100385,15.412203894100385
8958,9197,160.0,-38.775,175.075,16.987313344783615,16.027313344783614
8959,9283,203.0,-38.775,175.125,16.796329801378306,15.578329801378306
8960,9291,236.0,-38.775,175.175,16.614941767184064,15.198941767184063
8961,9299,242.0,-38.775,175.225,16.474192203138955,15.022192203138955
8962,9658,321.0,-38.725,175.075,16.948188091570046,15.022188091570046
8963,9659,342.0,-38.725,175.125,16.78269628758426,14.730696287584259
8964,9660,366.0,-38.725,175.175,16.633387363370275,14.437387363370275
8965,9661,353.0,-38.725,175.225,16.52191947796382,14.40391947796382
8966,8824,202.0,-38.825,175.275,16.413860867207404,15.201860867207404
8967,8826,217.0,-38.825,175.325,16.45031163969543,15.148311639695429
8968,8828,346.0,-38.825,175.375,16.55148046434624,14.47548046434624
8969,9466,233.0,-38.775,175.275,16.406944301154,15.008944301154
8970,9542,488.0,-38.775,175.325,16.422275355434977,13.494275355434976
8971,9568,378.0,-38.775,175.375,16.4969191053533,14.228919105353299
8972,9662,218.0,-38.725,175.275,16.466913514974294,15.158913514974294
8973,9663,207.0,-38.725,175.325,16.47300078952685,15.23100078952685
8974,9664,324.0,-38.725,175.375,16.527899959939532,14.583899959939533
8975,8830,358.0,-38.825,175.425,16.67296975106001,14.52496975106001
8976,8834,455.0,-38.825,175.475,16.789806673768908,14.059806673768907
8977,8839,560.0,-38.825,175.525,16.888465443451423,13.528465443451424
8978,8842,996.0,-38.825,175.575,16.963102858659113,10.987102858659114
8979,9571,739.0,-38.775,175.425,16.59951964521315,12.16551964521315
8980,9573,923.0,-38.775,175.475,16.706523040746106,11.168523040746106
8981,9575,791.0,-38.775,175.525,16.80360201006988,12.057602010069882
8982,9578,841.0,-38.775,175.575,16.883884398441296,11.837884398441297
8983,9665,682.0,-38.725,175.425,16.611385884898482,12.519385884898483
8984,9666,709.0,-38.725,175.475,16.704821846826235,12.450821846826235
8985,9667,862.0,-38.725,175.525,16.7950763720728,11.623076372072799
8986,9668,673.0,-38.725,175.575,16.874913153937086,12.836913153937086
8987,8845,791.0,-38.825,175.625,17.014133118937025,12.268133118937026
8988,8848,540.0,-38.825,175.675,17.047435274114832,13.807435274114832
8989,8851,527.0,-38.825,175.725,17.073374916799366,13.911374916799367
8990,8854,498.0,-38.825,175.775,17.104872182680992,14.116872182680993
8991,9581,728.0,-38.775,175.625,16.9464698479278,12.578469847927801
8992,9587,560.0,-38.775,175.675,16.995259168208577,13.635259168208577
8993,9592,505.0,-38.775,175.725,17.03763199254172,14.00763199254172
8994,9597,357.0,-38.775,175.775,17.082532508065924,14.940532508065925
8995,9669,606.0,-38.725,175.625,16.94224825571291,13.306248255712912
8996,9670,571.0,-38.725,175.675,16.99909526706324,13.57309526706324
8997,9671,527.0,-38.725,175.725,17.050269072235096,13.888269072235097
8998,9672,357.0,-38.725,175.775,17.101774031791138,14.959774031791138
8999,8857,357.0,-38.825,175.825,17.153600573627045,15.011600573627046
9000,8860,357.0,-38.825,175.875,17.225207960407715,15.083207960407716
9001,8863,357.0,-38.825,175.925,17.3177701762761,15.1757701762761
9002,9602,357.0,-38.775,175.825,17.13783994622645,14.99583994622645
9003,9607,357.0,-38.775,175.875,17.207843356445665,15.065843356445665
9004,9608,357.0,-38.775,175.925,17.29239922692068,15.15039922692068
9005,9673,357.0,-38.725,175.825,17.15899443803937,15.016994438039372
9006,9674,357.0,-38.725,175.875,17.225186217809096,15.083186217809097
9007,9675,357.0,-38.725,175.925,17.300914290564833,15.158914290564834
9008,8866,357.0,-38.825,175.975,17.4250235997024,15.2830235997024
9009,8915,357.0,-38.825,176.025,17.54028845418361,15.39828845418361
9010,8916,474.0,-38.825,176.075,17.658386183407856,14.814386183407857
9011,8917,486.0,-38.825,176.125,17.776069884188473,14.860069884188473
9012,9609,357.0,-38.775,175.975,17.388234920799732,15.246234920799733
9013,9610,357.0,-38.775,176.025,17.491039440734312,15.349039440734312
9014,9611,357.0,-38.775,176.075,17.59699494089,15.45499494089
9015,9612,461.0,-38.775,176.125,17.703500162402634,14.937500162402634
9016,9676,357.0,-38.725,175.975,17.384593733062502,15.242593733062503
9017,9677,376.0,-38.725,176.025,17.47361007455038,15.217610074550379
9018,9678,372.0,-38.725,176.075,17.565364958543796,15.333364958543797
9019,9679,499.0,-38.725,176.125,17.657968473387882,14.663968473387882
9020,8918,681.0,-38.825,176.175,17.891905979602598,13.8059059796026
9021,8919,737.0,-38.825,176.225,18.006018489133567,13.584018489133566
9022,8921,751.0,-38.825,176.275,18.119803629931994,13.613803629931994
9023,9613,545.0,-38.775,176.175,17.809374955191743,14.539374955191743
9024,9614,720.0,-38.775,176.225,17.914807945489883,13.594807945489883
9025,9615,720.0,-38.775,176.275,18.021197910245974,13.701197910245973
9026,9680,591.0,-38.725,176.175,17.75060241750907,14.204602417509072
9027,9681,475.0,-38.725,176.225,17.843604007503018,14.993604007503018
9028,9682,694.0,-38.725,176.275,17.938441956735915,13.774441956735915
9029,8923,702.0,-38.825,176.325,18.235622204316314,14.023622204316315
9030,8963,701.0,-38.825,176.375,18.3564538777282,14.1504538777282
9031,8964,720.0,-38.825,176.425,18.485501349612605,14.165501349612605
9032,8965,742.0,-38.825,176.475,18.625746874022298,14.173746874022298
9033,9616,665.0,-38.775,176.325,18.13093395080068,14.140933950800681
9034,9617,661.0,-38.775,176.375,18.247105646063574,14.281105646063573
9035,9618,670.0,-38.775,176.425,18.37312359549105,14.353123595491052
9036,9619,682.0,-38.775,176.475,18.512239387928275,14.420239387928277
9037,9683,674.0,-38.725,176.325,18.03761121694697,13.99361121694697
9038,9684,668.0,-38.725,176.375,18.144427799794357,14.136427799794358
9039,9685,620.0,-38.725,176.425,18.262690399889834,14.542690399889835
9040,9686,640.0,-38.725,176.475,18.396167602040805,14.556167602040805
9041,8966,797.0,-38.825,176.525,18.77948621811811,13.997486218118109
9042,8967,821.0,-38.825,176.575,18.947891555842943,14.021891555842943
9043,8968,920.0,-38.825,176.625,19.13066988188075,13.61066988188075
9044,9001,688.0,-38.725,176.625,18.910343592084246,14.782343592084246
9045,9620,801.0,-38.775,176.525,18.66698720116983,13.86098720116983
9046,9621,780.0,-38.775,176.575,18.838624921569135,14.158624921569135
9047,9622,814.0,-38.775,176.625,19.026700011076173,14.142700011076172
9048,9687,714.0,-38.725,176.525,18.54790812652209,14.26390812652209
9049,9688,721.0,-38.725,176.575,18.719476667582057,14.393476667582057
9050,8969,742.0,-38.825,176.675,19.32586938107852,14.873869381078519
9051,8970,817.0,-38.825,176.725,19.52984287563595,14.627842875635949
9052,8971,958.0,-38.825,176.775,19.737332988879643,13.989332988879642
9053,8972,728.0,-38.825,176.825,19.94163524211035,15.57363524211035
9054,9002,495.0,-38.725,176.675,19.11766889502178,16.14766889502178
9055,9003,917.0,-38.725,176.725,19.336543853773037,13.834543853773038
9056,9004,849.0,-38.725,176.775,19.560531165043358,14.466531165043357
9057,9005,934.0,-38.725,176.825,19.78228033852065,14.17828033852065
9058,9623,748.0,-38.775,176.675,19.228854125598446,14.740854125598446
9059,9624,1013.0,-38.775,176.725,19.440896519110538,13.362896519110539
9060,9625,648.0,-38.775,176.775,19.65707933998783,15.769079339987831
9061,9626,796.0,-38.775,176.825,19.87047685176367,15.09447685176367
9062,8973,717.0,-38.825,176.875,20.1348415556713,15.832841555671301
9063,8974,481.0,-38.825,176.925,20.30825384313357,17.42225384313357
9064,8975,868.0,-38.825,176.975,20.453112442657584,15.245112442657586
9065,8976,1015.0,-38.825,177.025,20.561604692658875,14.471604692658875
9066,9006,510.0,-38.725,176.875,19.994091792526888,16.93409179252689
9067,9007,775.0,-38.725,176.925,20.188410174363526,15.538410174363527
9068,9008,950.0,-38.725,176.975,20.358233476319583,14.658233476319584
9069,9009,826.0,-38.725,177.025,20.49730402987916,15.54130402987916
9070,9627,692.0,-38.775,176.875,20.07341893640114,15.921418936401139
9071,9628,811.0,-38.775,176.925,20.25799870499759,15.39199870499759
9072,9629,620.0,-38.775,176.975,20.416675986751216,16.696675986751217
9073,9630,582.0,-38.775,177.025,20.54283074644627,17.05083074644627
9074,8977,633.0,-38.825,177.075,20.627374400850385,16.829374400850384
9075,8978,399.0,-38.825,177.125,20.642505384545075,18.248505384545076
9076,8979,433.0,-38.825,177.175,20.60174833916244,18.003748339162442
9077,9010,880.0,-38.725,177.075,20.599794323643437,15.319794323643436
9078,9011,950.0,-38.725,177.125,20.6601566192694,14.960156619269402
9079,9012,953.0,-38.725,177.175,20.67871291769552,14.96071291769552
9080,9631,582.0,-38.775,177.075,20.63062432021252,17.138624320212518
9081,9632,582.0,-38.775,177.125,20.67171749449335,17.17971749449335
9082,9633,857.0,-38.775,177.175,20.660066289216047,15.518066289216048
9083,8980,327.0,-38.825,177.225,20.528922636120114,18.566922636120115
9084,8981,298.0,-38.825,177.275,20.444971071585314,18.656971071585314
9085,8982,120.0,-38.825,177.325,20.36596566121443,19.645965661214433
9086,8983,286.0,-38.825,177.375,20.304986295610433,18.588986295610432
9087,9013,679.0,-38.725,177.225,20.667769673542352,16.593769673542354
9088,9014,673.0,-38.725,177.275,20.642877940816106,16.604877940816106
9089,9015,610.0,-38.725,177.325,20.61708411006839,16.95708411006839
9090,9016,430.0,-38.725,177.375,20.600483283255016,18.020483283255018
9091,9634,510.0,-38.775,177.225,20.617398500762647,17.55739850076265
9092,9635,313.0,-38.775,177.275,20.56294276911649,18.68494276911649
9093,9636,505.0,-38.775,177.325,20.510942446882837,17.480942446882835
9094,9637,371.0,-38.775,177.375,20.47258486773353,18.24658486773353
9095,8984,242.0,-38.825,177.425,20.271168966282858,18.81916896628286
9096,8985,180.0,-38.825,177.475,20.268250684952363,19.188250684952365
9097,8986,150.0,-38.825,177.525,20.294230826955754,19.394230826955756
9098,9017,459.0,-38.725,177.425,20.600026359054027,17.846026359054026
9099,9018,498.0,-38.725,177.475,20.619227814197075,17.631227814197075
9100,9019,192.0,-38.725,177.525,20.65813861496281,19.506138614962808
9101,9638,205.0,-38.775,177.425,20.455581322312355,19.225581322312355
9102,9639,334.0,-38.775,177.475,20.46347524659359,18.459475246593588
9103,9640,172.0,-38.775,177.525,20.49550567989354,19.46350567989354
9104,8987,643.0,-38.825,177.575,20.34266027616104,16.48466027616104
9105,8988,279.0,-38.825,177.625,20.40443000837695,18.73043000837695
9106,8989,480.0,-38.825,177.675,20.468885600887006,17.588885600887007
9107,8990,417.0,-38.825,177.725,20.52405382829602,18.02205382829602
9108,9020,140.0,-38.725,177.575,20.71370059697074,19.87370059697074
9109,9022,419.0,-38.725,177.625,20.78029521778808,18.26629521778808
9110,9023,536.0,-38.725,177.675,20.850164609553758,17.634164609553757
9111,9025,362.0,-38.725,177.725,20.913393125898438,18.741393125898437
9112,9641,367.0,-38.775,177.575,20.54723528426257,18.34523528426257
9113,9642,636.0,-38.775,177.625,20.611502598389052,16.795502598389053
9114,9643,576.0,-38.775,177.675,20.67909228152712,17.22309228152712
9115,9644,598.0,-38.775,177.725,20.73875292603043,17.150752926030428
9116,8991,326.0,-38.825,177.775,20.556399251683615,18.600399251683616
9117,8992,460.0,-38.825,177.825,20.55117292769137,17.79117292769137
9118,8993,190.0,-38.825,177.875,20.496046406391542,19.356046406391542
9119,9027,158.0,-38.725,177.775,20.957035457802704,20.009035457802703
9120,9029,36.0,-38.725,177.825,20.96220122493105,20.74620122493105
9121,9032,37.0,-38.725,177.875,20.895357600675197,20.673357600675196
9122,9037,1.0,-38.725,177.925,20.718203335418366,20.712203335418366
9123,9645,292.0,-38.775,177.775,20.776368061633548,19.02436806163355
9124,9646,310.0,-38.775,177.825,20.77332547059632,18.91332547059632
9125,9647,87.0,-38.775,177.875,20.707178204553202,20.185178204553203
9126,9648,20.0,-38.775,177.925,20.568929061759263,20.448929061759262
9127,9045,117.0,-38.675,174.625,17.77372847139486,17.071728471394863
9128,9147,28.0,-38.675,174.675,17.76558877773641,17.597588777736412
9129,9357,274.0,-38.575,174.675,17.62798219025717,15.983982190257171
9130,9461,15.0,-38.625,174.625,17.719884769481723,17.629884769481723
9131,9462,83.0,-38.625,174.675,17.706166749965632,17.20816674996563
9132,9808,235.0,-38.525,174.675,17.54105779028032,16.13105779028032
9133,9039,366.0,-38.625,174.825,17.51227110659238,15.31627110659238
9134,9148,60.0,-38.625,174.875,17.418459516600706,17.058459516600706
9135,9155,102.0,-38.675,174.725,17.7214319378254,17.109431937825402
9136,9161,309.0,-38.675,174.775,17.65369064663537,15.79969064663537
9137,9194,237.0,-38.675,174.825,17.56821139709791,16.14621139709791
9138,9268,109.0,-38.675,174.875,17.467690051271347,16.813690051271347
9139,9358,184.0,-38.575,174.725,17.58402031476726,16.48002031476726
9140,9359,196.0,-38.575,174.775,17.522674282168737,16.34667428216874
9141,9360,169.0,-38.575,174.825,17.44964219466783,16.43564219466783
9142,9361,98.0,-38.575,174.875,17.369132549181813,16.781132549181812
9143,9463,223.0,-38.625,174.725,17.66128706195741,16.32328706195741
9144,9464,178.0,-38.625,174.775,17.594504180684453,16.52650418068445
9145,9811,395.0,-38.525,174.725,17.498022339772433,15.128022339772432
9146,9814,468.0,-38.525,174.775,17.443870865448844,14.635870865448844
9147,9817,342.0,-38.525,174.825,17.383264900621725,15.331264900621726
9148,9820,124.0,-38.525,174.875,17.32006967268535,16.57606967268535
9149,9153,74.0,-38.625,174.925,17.315590992337093,16.871590992337094
9150,9163,58.0,-38.625,174.975,17.206032399873948,16.85803239987395
9151,9164,161.0,-38.625,175.025,17.09309806182864,16.12709806182864
9152,9271,104.0,-38.675,174.925,17.353436386183603,16.729436386183604
9153,9274,239.0,-38.675,174.975,17.226761906786123,15.792761906786124
9154,9277,383.0,-38.675,175.025,17.090430103242397,14.792430103242397
9155,9362,44.0,-38.575,174.925,17.28427418760839,17.02027418760839
9156,9363,141.0,-38.575,174.975,17.19788088221685,16.35188088221685
9157,9364,133.0,-38.575,175.025,17.113187906419626,16.315187906419624
9158,9823,141.0,-38.525,174.925,17.257376000721706,16.411376000721706
9159,9826,220.0,-38.525,174.975,17.197889870905783,15.877889870905783
9160,9829,148.0,-38.525,175.025,17.144333098374773,16.25633309837477
9161,9166,211.0,-38.625,175.075,16.981936102733016,15.715936102733016
9162,9168,397.0,-38.625,175.125,16.879902897315333,14.497902897315333
9163,9170,329.0,-38.625,175.175,16.796024843817577,14.822024843817577
9164,9280,277.0,-38.675,175.075,16.950072301464388,15.28807230146439
9165,9284,469.0,-38.625,175.225,16.739234079781454,13.925234079781454
9166,9286,346.0,-38.675,175.125,16.815116598183522,14.739116598183521
9167,9294,375.0,-38.675,175.175,16.698541641468182,14.448541641468182
9168,9365,161.0,-38.575,175.075,17.034361307916697,16.068361307916696
9169,9366,161.0,-38.575,175.125,16.966593107616063,16.000593107616062
9170,9367,201.0,-38.575,175.175,16.915604920621263,15.709604920621263
9171,9368,366.0,-38.575,175.225,16.886497835977934,14.690497835977935
9172,9390,392.0,-38.675,175.225,16.614585633884417,14.262585633884417
9173,9832,160.0,-38.525,175.075,17.09966098208679,16.139660982086788
9174,9835,245.0,-38.525,175.125,17.06700881847064,15.59700881847064
9175,9838,300.0,-38.525,175.175,17.049347916414263,15.249347916414262
9176,9841,424.0,-38.525,175.225,17.04886323554092,14.50486323554092
9177,9292,354.0,-38.625,175.275,16.715616458270233,14.591616458270233
9178,9300,260.0,-38.625,175.325,16.72594373015454,15.16594373015454
9179,9301,263.0,-38.625,175.375,16.76519635540899,15.18719635540899
9180,9369,323.0,-38.575,175.275,16.882212811760837,14.944212811760837
9181,9370,381.0,-38.575,175.325,16.902305702416925,14.616305702416925
9182,9371,375.0,-38.575,175.375,16.942811864661053,14.692811864661053
9183,9392,447.0,-38.675,175.275,16.574044233799214,13.892044233799213
9184,9393,376.0,-38.675,175.325,16.579222061525797,14.323222061525797
9185,9395,425.0,-38.675,175.375,16.622763677616604,14.072763677616603
9186,9844,338.0,-38.525,175.275,17.0661588574294,15.0381588574294
9187,9845,301.0,-38.525,175.325,17.099667815171415,15.293667815171416
9188,9846,369.0,-38.525,175.375,17.1457279867318,14.931727986731799
9189,9302,414.0,-38.625,175.425,16.82448973035207,14.34048973035207
9190,9303,517.0,-38.625,175.475,16.894037815596676,13.792037815596675
9191,9304,600.0,-38.625,175.525,16.965557326795533,13.365557326795534
9192,9305,702.0,-38.625,175.575,17.033497679425636,12.821497679425637
9193,9372,415.0,-38.575,175.425,16.997366792260436,14.507366792260436
9194,9373,480.0,-38.575,175.475,17.0589736548136,14.1789736548136
9195,9374,468.0,-38.575,175.525,17.12159247524687,14.313592475246871
9196,9375,683.0,-38.575,175.575,17.181075572123518,13.08307557212352
9197,9397,343.0,-38.675,175.425,16.691524519148516,14.633524519148516
9198,9399,614.0,-38.675,175.475,16.771834587620106,13.087834587620106
9199,9401,740.0,-38.675,175.525,16.852902876737062,12.41290287673706
9200,9403,903.0,-38.675,175.575,16.928041836392367,11.510041836392368
9201,9847,478.0,-38.525,175.425,17.199397330725333,14.331397330725332
9202,9848,480.0,-38.525,175.475,17.255626478407066,14.375626478407067
9203,9849,554.0,-38.525,175.525,17.310286806256045,13.986286806256045
9204,9850,612.0,-38.525,175.575,17.360743596451357,13.688743596451356
9205,9306,801.0,-38.625,175.625,17.09526493345038,12.28926493345038
9206,9307,646.0,-38.625,175.675,17.150802615942666,13.274802615942667
9207,9308,533.0,-38.625,175.725,17.201815970940515,14.003815970940515
9208,9309,507.0,-38.625,175.775,17.250844371097628,14.208844371097628
9209,9376,838.0,-38.575,175.625,17.235405938961776,12.207405938961776
9210,9377,597.0,-38.575,175.675,17.284419057978084,13.702419057978084
9211,9378,499.0,-38.575,175.725,17.329228440416045,14.335228440416046
9212,9379,480.0,-38.575,175.775,17.371546948328614,14.491546948328615
9213,9405,670.0,-38.675,175.625,16.994589458830887,12.974589458830888
9214,9407,547.0,-38.675,175.675,17.05319736833917,13.77119736833917
9215,9409,540.0,-38.675,175.725,17.106778915855102,13.866778915855102
9216,9411,483.0,-38.675,175.775,17.159257365536178,14.261257365536178
9217,9851,708.0,-38.525,175.625,17.405933433561586,13.157933433561585
9218,9852,728.0,-38.525,175.675,17.446075843909057,13.078075843909057
9219,9853,488.0,-38.525,175.725,17.482194853539113,14.554194853539112
9220,9854,398.0,-38.525,175.775,17.515606475033564,15.127606475033565
9221,9310,516.0,-38.625,175.825,17.300368825148325,14.204368825148325
9222,9311,532.0,-38.625,175.875,17.352144994976697,14.160144994976697
9223,9312,496.0,-38.625,175.925,17.406901611044304,14.430901611044305
9224,9380,540.0,-38.575,175.825,17.41306520134094,14.173065201340941
9225,9381,629.0,-38.575,175.875,17.455014538922114,13.681014538922113
9226,9382,582.0,-38.575,175.925,17.497979436302558,14.005979436302557
9227,9413,357.0,-38.675,175.825,17.214298461854924,15.072298461854924
9228,9415,437.0,-38.675,175.875,17.274325394508196,14.652325394508196
9229,9417,492.0,-38.675,175.925,17.340104901057202,14.388104901057202
9230,9855,475.0,-38.525,175.825,17.547496867307927,14.697496867307928
9231,9856,560.0,-38.525,175.875,17.578678822465008,14.218678822465009
9232,9857,462.0,-38.525,175.925,17.609544738428667,14.837544738428667
9233,9313,524.0,-38.625,175.975,17.464417021663394,14.320417021663394
9234,9314,539.0,-38.625,176.025,17.52385442869854,14.289854428698542
9235,9315,452.0,-38.625,176.075,17.58419014728861,14.87219014728861
9236,9316,391.0,-38.625,176.125,17.644628554407973,15.298628554407973
9237,9383,633.0,-38.575,175.975,17.541937820031308,13.743937820031308
9238,9384,550.0,-38.575,176.025,17.586447758745635,14.286447758745634
9239,9385,559.0,-38.575,176.075,17.63090166859911,14.276901668599109
9240,9386,470.0,-38.575,176.125,17.674806358554633,14.854806358554633
9241,9419,431.0,-38.675,175.975,17.41096093930537,14.824960939305369
9242,9420,577.0,-38.675,176.025,17.485384119441733,14.023384119441733
9243,9421,383.0,-38.675,176.075,17.561708256369457,15.263708256369457
9244,9422,475.0,-38.675,176.125,17.63865786648239,14.78865786648239
9245,9858,460.0,-38.525,175.975,17.640142355608987,14.880142355608987
9246,9859,767.0,-38.525,176.025,17.670274677948328,13.068274677948327
9247,9860,569.0,-38.525,176.075,17.69960348022869,14.285603480228689
9248,9861,498.0,-38.525,176.125,17.72779999213526,14.73979999213526
9249,9317,360.0,-38.625,176.175,17.704949641571147,15.544949641571147
9250,9318,319.0,-38.625,176.225,17.765740968781756,15.851740968781757
9251,9319,316.0,-38.625,176.275,17.8285835434217,15.9325835434217
9252,9387,405.0,-38.575,176.175,17.718064450571546,15.288064450571547
9253,9388,342.0,-38.575,176.225,17.76124081853777,15.709240818537772
9254,9389,314.0,-38.575,176.275,17.805822948372224,15.921822948372224
9255,9423,493.0,-38.675,176.175,17.715773815551074,14.757773815551074
9256,9424,472.0,-38.675,176.225,17.793549376510782,14.961549376510781
9257,9425,469.0,-38.675,176.275,17.873537101550028,15.059537101550028
9258,9862,332.0,-38.525,176.175,17.75476639001863,15.762766390018632
9259,9863,303.0,-38.525,176.225,17.780915751878638,15.962915751878638
9260,9864,351.0,-38.525,176.275,17.80749266388011,15.701492663880112
9261,9041,325.0,-38.575,176.325,17.85447734122863,15.904477341228631
9262,9150,503.0,-38.575,176.375,17.91128812188981,14.89328812188981
9263,9162,607.0,-38.575,176.425,17.981929652305553,14.339929652305553
9264,9195,577.0,-38.575,176.475,18.073582975455793,14.611582975455793
9265,9320,486.0,-38.625,176.325,17.89619485824369,14.980194858243689
9266,9321,640.0,-38.625,176.375,17.972496768721612,14.132496768721612
9267,9322,642.0,-38.625,176.425,18.06253386021126,14.21053386021126
9268,9323,580.0,-38.625,176.475,18.17206781927962,14.692067819279618
9269,9426,647.0,-38.675,176.325,17.95836759789381,14.076367597893812
9270,9427,639.0,-38.675,176.375,18.051662823621882,14.217662823621882
9271,9428,606.0,-38.675,176.425,18.157786928670248,14.521786928670249
9272,9429,596.0,-38.675,176.475,18.281334925763076,14.705334925763076
9273,9865,295.0,-38.525,176.325,17.836922665301245,16.066922665301245
9274,9866,363.0,-38.525,176.375,17.87319149603718,15.695191496037179
9275,9867,536.0,-38.525,176.425,17.922280166938435,14.706280166938434
9276,9868,558.0,-38.525,176.475,17.99264770472655,14.644647704726552
9277,9269,458.0,-38.575,176.525,18.19402944817557,15.44602944817557
9278,9270,416.0,-38.575,176.575,18.349069756426616,15.853069756426615
9279,9272,367.0,-38.575,176.625,18.538959463709034,16.336959463709036
9280,9324,498.0,-38.625,176.525,18.306571613124106,15.318571613124107
9281,9325,480.0,-38.625,176.575,18.469517427874962,15.589517427874963
9282,9326,495.0,-38.625,176.625,18.66062789093121,15.690627890931209
9283,9430,569.0,-38.675,176.525,18.426274695957545,15.012274695957545
9284,9431,622.0,-38.675,176.575,18.594829213107005,14.862829213107005
9285,9432,624.0,-38.675,176.625,18.786506797885522,15.042506797885522
9286,9869,482.0,-38.525,176.525,18.095210601517465,15.203210601517466
9287,9870,441.0,-38.525,176.575,18.240220767242135,15.594220767242135
9288,9871,420.0,-38.525,176.625,18.429183125437703,15.909183125437703
9289,9275,579.0,-38.575,176.675,18.757425719551975,15.283425719551975
9290,9278,500.0,-38.575,176.725,18.99443805325427,15.994438053254271
9291,9281,323.0,-38.575,176.775,19.239303404203383,17.301303404203384
9292,9288,585.0,-38.575,176.825,19.48213559013675,15.97213559013675
9293,9327,540.0,-38.625,176.675,18.87540684035048,15.635406840350479
9294,9328,341.0,-38.625,176.725,19.106316924939165,17.060316924939166
9295,9329,579.0,-38.625,176.775,19.34449948463589,15.87049948463589
9296,9330,474.0,-38.625,176.825,19.581027830659878,16.737027830659876
9297,9433,420.0,-38.675,176.675,18.997816554794554,16.477816554794554
9298,9434,516.0,-38.675,176.725,19.222809581377078,16.126809581377078
9299,9435,819.0,-38.675,176.775,19.45404327835422,14.54004327835422
9300,9436,798.0,-38.675,176.825,19.683487774484092,14.895487774484092
9301,9872,379.0,-38.525,176.675,18.652199029165786,16.378199029165785
9302,9873,362.0,-38.525,176.725,18.895416487706825,16.723416487706825
9303,9874,615.0,-38.525,176.775,19.14621807364165,15.456218073641649
9304,9875,815.0,-38.525,176.825,19.394014912628336,14.504014912628335
9305,9296,806.0,-38.575,176.875,19.714283548499225,14.878283548499224
9306,9331,573.0,-38.625,176.875,19.80757134090527,16.36957134090527
9307,9332,522.0,-38.625,176.925,20.016724167915527,16.88472416791553
9308,9333,528.0,-38.625,176.975,20.202198990882607,17.034198990882608
9309,9334,840.0,-38.625,177.025,20.359007181134075,15.319007181134076
9310,9437,823.0,-38.675,176.875,19.90318192349514,14.965181923495141
9311,9438,932.0,-38.675,176.925,20.10566943694721,14.513669436947211
9312,9439,815.0,-38.675,176.975,20.28427611326333,15.39427611326333
9313,9440,784.0,-38.675,177.025,20.433248786110198,15.729248786110197
9314,9465,743.0,-38.575,176.925,19.928456739522517,15.470456739522518
9315,9538,374.0,-38.575,176.975,20.11883253583801,17.87483253583801
9316,9585,724.0,-38.575,177.025,20.281231397209922,15.93723139720992
9317,9876,435.0,-38.525,176.875,19.63001998211257,17.020019982112572
9318,9877,530.0,-38.525,176.925,19.847133826522622,16.667133826522623
9319,9878,371.0,-38.525,176.975,20.040000392560614,17.814000392560615
9320,9879,656.0,-38.525,177.025,20.205159552337136,16.269159552337136
9321,9335,904.0,-38.625,177.075,20.48380929834093,15.05980929834093
9322,9336,907.0,-38.625,177.125,20.575729908392532,15.133729908392532
9323,9337,795.0,-38.625,177.175,20.637501028744737,15.867501028744737
9324,9441,1002.0,-38.675,177.075,20.547907244297676,14.535907244297675
9325,9442,1137.0,-38.675,177.125,20.625625962595223,13.803625962595223
9326,9443,1039.0,-38.675,177.175,20.66856928143534,14.434569281435339
9327,9590,558.0,-38.575,177.075,20.413425755308708,17.06542575530871
9328,9595,989.0,-38.575,177.125,20.51560388735379,14.58160388735379
9329,9600,879.0,-38.575,177.175,20.590762635227293,15.316762635227294
9330,9880,573.0,-38.525,177.075,20.341254020197084,16.903254020197085
9331,9881,620.0,-38.525,177.125,20.44922503878479,16.72922503878479
9332,9882,721.0,-38.525,177.175,20.532332376635168,16.206332376635167
9333,9338,678.0,-38.625,177.225,20.675690302276053,16.607690302276055
9334,9339,740.0,-38.625,177.275,20.69917643466033,16.25917643466033
9335,9340,626.0,-38.625,177.325,20.71702533448115,16.96102533448115
9336,9341,825.0,-38.625,177.375,20.73699131779722,15.78699131779722
9337,9444,940.0,-38.675,177.225,20.685147673386382,15.045147673386381
9338,9445,565.0,-38.675,177.275,20.686900429136585,17.296900429136585
9339,9446,369.0,-38.675,177.325,20.684881828929065,18.470881828929066
9340,9447,713.0,-38.675,177.375,20.688081861735554,16.410081861735556
9341,9605,843.0,-38.575,177.225,20.64452687650919,15.58652687650919
9342,9690,822.0,-38.575,177.275,20.68416086694924,15.752160866949241
9343,9693,688.0,-38.575,177.325,20.717191005154746,16.589191005154746
9344,9695,468.0,-38.575,177.375,20.750211989856325,17.942211989856325
9345,9883,1018.0,-38.525,177.225,20.5957877082692,14.487787708269199
9346,9884,928.0,-38.525,177.275,20.6459501805366,15.077950180536602
9347,9885,937.0,-38.525,177.325,20.689296302909497,15.067296302909497
9348,9886,835.0,-38.525,177.375,20.731467655539745,15.721467655539746
9349,9342,363.0,-38.625,177.425,20.764722289604833,18.586722289604833
9350,9343,407.0,-38.625,177.475,20.803393351234263,18.361393351234263
9351,9344,261.0,-38.625,177.525,20.853609088808298,19.2876090888083
9352,9448,529.0,-38.675,177.425,20.702844961866504,17.528844961866504
9353,9449,582.0,-38.675,177.475,20.732606421748642,17.24060642174864
9354,9450,448.0,-38.675,177.525,20.77786767401267,18.08986767401267
9355,9696,440.0,-38.575,177.425,20.788099988742033,18.148099988742032
9356,9700,547.0,-38.575,177.475,20.833588928857353,17.551588928857353
9357,9705,590.0,-38.575,177.525,20.887104388617445,17.347104388617446
9358,9887,539.0,-38.525,177.425,20.77657877173624,17.542578771736242
9359,9888,657.0,-38.525,177.475,20.826811450213427,16.884811450213427
9360,9889,401.0,-38.525,177.525,20.882235947821755,18.476235947821756
9361,9345,320.0,-38.625,177.575,20.91348416658002,18.993484166580018
9362,9346,481.0,-38.625,177.625,20.978791553498013,18.092791553498014
9363,9347,424.0,-38.625,177.675,21.04302006107173,18.49902006107173
9364,9348,391.0,-38.625,177.725,21.097110567236086,18.751110567236086
9365,9451,373.0,-38.675,177.575,20.836400786298327,18.598400786298328
9366,9452,254.0,-38.675,177.625,20.90357040122035,19.37957040122035
9367,9453,263.0,-38.675,177.675,20.972582172282273,19.394582172282274
9368,9454,333.0,-38.675,177.725,21.034430365049047,19.036430365049046
9369,9708,391.0,-38.575,177.575,20.946751726267394,18.600751726267394
9370,9712,276.0,-38.575,177.625,21.00834660109831,19.35234660109831
9371,9716,279.0,-38.575,177.675,21.065351964498404,19.391351964498405
9372,9720,140.0,-38.575,177.725,21.108550164906774,20.268550164906774
9373,9890,456.0,-38.525,177.575,20.940771230700193,18.204771230700192
9374,9891,260.0,-38.525,177.625,20.99819237535121,19.43819237535121
9375,9892,244.0,-38.525,177.675,21.048104614019394,19.584104614019395
9376,9893,118.0,-38.525,177.725,21.08185743019567,20.37385743019567
9377,9046,155.0,-38.525,177.775,21.08858400443569,20.15858400443569
9378,9154,83.0,-38.525,177.825,21.056257013173308,20.558257013173307
9379,9158,55.0,-38.525,177.875,20.976107247173786,20.646107247173788
9380,9199,56.0,-38.525,177.925,20.852002030296717,20.51600203029672
9381,9349,296.0,-38.625,177.775,21.128429767646594,19.352429767646594
9382,9350,39.0,-38.625,177.825,21.117817483958788,20.883817483958786
9383,9351,25.0,-38.625,177.875,21.032770985679235,20.882770985679237
9384,9352,12.0,-38.625,177.925,20.842867165483767,20.770867165483768
9385,9455,443.0,-38.675,177.775,21.07720026661991,18.41920026661991
9386,9456,283.0,-38.675,177.825,21.083761062356643,19.385761062356643
9387,9457,19.0,-38.675,177.875,21.022588611318497,20.908588611318496
9388,9458,10.0,-38.675,177.925,20.812962068681372,20.752962068681374
9389,9724,180.0,-38.575,177.775,21.12526665898622,20.045266658986222
9390,9791,114.0,-38.575,177.825,21.09838462350308,20.41438462350308
9391,9792,40.0,-38.575,177.875,21.008693363168277,20.76869336316828
9392,9794,19.0,-38.575,177.925,20.852401650103275,20.738401650103274
9393,9287,96.0,-38.525,177.975,20.706232868076768,20.130232868076767
9394,9295,264.0,-38.525,178.025,20.567368635704042,18.983368635704043
9395,9353,10.0,-38.625,177.975,20.60404136235593,20.54404136235593
9396,9354,139.0,-38.625,178.025,20.418410698941443,19.584410698941443
9397,9355,90.0,-38.625,178.075,20.29147565161111,19.75147565161111
9398,9459,5.0,-38.675,177.975,20.541598241165048,20.511598241165046
9399,9460,53.0,-38.675,178.075,20.217067763675004,19.899067763675003
9400,9469,194.0,-38.525,178.075,20.451041799824452,19.28704179982445
9401,9795,98.0,-38.575,177.975,20.665547693002736,20.077547693002735
9402,9797,101.0,-38.575,178.025,20.500204085663427,19.894204085663425
9403,9799,86.0,-38.575,178.075,20.37390430769301,19.857904307693012
9404,9356,49.0,-38.625,178.125,20.19545268136426,19.90145268136426
9405,9470,206.0,-38.525,178.125,20.358050305891084,19.122050305891083
9406,9471,171.0,-38.525,178.175,20.283707212365698,19.2577072123657
9407,9472,99.0,-38.525,178.225,20.223308412532788,19.629308412532787
9408,9473,119.0,-38.525,178.275,20.173279766982887,19.45927976698289
9409,9802,108.0,-38.575,178.125,20.27764491259586,19.62964491259586
9410,9805,40.0,-38.575,178.175,20.201710134133464,19.961710134133465
9411,9474,20.0,-38.475,174.675,17.451866598246852,17.33186659824685
9412,9552,109.0,-38.425,174.675,17.36521045374684,16.71121045374684
9413,9749,236.0,-38.375,174.675,17.28530142485397,15.869301424853969
9414,9475,189.0,-38.475,174.725,17.409239904372953,16.275239904372953
9415,9476,630.0,-38.475,174.775,17.362594039936084,13.582594039936085
9416,9477,405.0,-38.475,174.825,17.315682903223205,14.885682903223206
9417,9478,308.0,-38.475,174.875,17.271673198993085,15.423673198993086
9418,9553,231.0,-38.425,174.725,17.32205553923268,15.93605553923268
9419,9554,268.0,-38.425,174.775,17.282364681363106,15.674364681363105
9420,9555,505.0,-38.425,174.825,17.24908948331722,14.219089483317221
9421,9556,261.0,-38.425,174.875,17.224478034564527,15.658478034564528
9422,9750,113.0,-38.375,174.725,17.240239729202585,16.562239729202584
9423,9751,293.0,-38.375,174.775,17.20637522713514,15.448375227135141
9424,9752,452.0,-38.375,174.825,17.185755710612284,14.473755710612284
9425,9753,320.0,-38.375,174.875,17.1794357150211,15.2594357150211
9426,9479,233.0,-38.475,174.925,17.233152437431272,15.835152437431272
9427,9480,245.0,-38.475,174.975,17.202333761611953,15.732333761611953
9428,9481,160.0,-38.475,175.025,17.181200555467512,16.22120055546751
9429,9557,161.0,-38.425,174.925,17.210325866093626,16.244325866093625
9430,9558,296.0,-38.425,174.975,17.208169966819696,15.432169966819696
9431,9559,248.0,-38.425,175.025,17.219249233574374,15.731249233574374
9432,9754,339.0,-38.375,174.925,17.188239798211725,15.154239798211727
9433,9755,383.0,-38.375,174.975,17.21303313615499,14.91503313615499
9434,9756,264.0,-38.375,175.025,17.254499182017753,15.670499182017753
9435,9482,269.0,-38.475,175.075,17.17146860284265,15.55746860284265
9436,9483,156.0,-38.475,175.125,17.17438712142757,16.23838712142757
9437,9484,179.0,-38.475,175.175,17.190543604257982,16.11654360425798
9438,9485,183.0,-38.475,175.225,17.21973972421256,16.12173972421256
9439,9560,154.0,-38.425,175.075,17.244212998222793,16.320212998222793
9440,9561,236.0,-38.425,175.125,17.282663326885086,15.866663326885085
9441,9562,268.0,-38.425,175.175,17.33295366956736,15.724953669567359
9442,9563,214.0,-38.425,175.225,17.39279214211274,16.10879214211274
9443,9757,255.0,-38.375,175.075,17.312602732970845,15.782602732970846
9444,9758,80.0,-38.375,175.125,17.38579256113735,16.90579256113735
9445,9759,180.0,-38.375,175.175,17.470113078597933,16.390113078597935
9446,9760,268.0,-38.375,175.225,17.56129999179393,15.95329999179393
9447,9486,279.0,-38.475,175.275,17.260673103359295,15.586673103359296
9448,9487,352.0,-38.475,175.325,17.310602499288507,15.198602499288507
9449,9488,508.0,-38.475,175.375,17.365598851902178,14.317598851902178
9450,9564,316.0,-38.425,175.275,17.45927239060984,15.56327239060984
9451,9565,258.0,-38.425,175.325,17.52826582256239,15.980265822562389
9452,9566,456.0,-38.425,175.375,17.594966487726197,14.858966487726196
9453,9761,297.0,-38.375,175.275,17.655276531440904,15.873276531440904
9454,9762,306.0,-38.375,175.325,17.74594676643028,15.909946766430279
9455,9763,255.0,-38.375,175.375,17.826795990986284,16.296795990986283
9456,9047,545.0,-38.425,175.475,17.705915430298774,14.435915430298774
9457,9151,581.0,-38.425,175.525,17.746595308039105,14.260595308039104
9458,9160,540.0,-38.425,175.575,17.77793866561842,14.537938665618421
9459,9489,416.0,-38.475,175.425,17.421374803991057,14.925374803991057
9460,9490,492.0,-38.475,175.475,17.47423379617976,14.52223379617976
9461,9491,565.0,-38.475,175.525,17.52172419949784,14.131724199497839
9462,9492,539.0,-38.475,175.575,17.56282687850762,14.328826878507622
9463,9567,489.0,-38.425,175.425,17.655096535454504,14.721096535454505
9464,9764,581.0,-38.375,175.425,17.89289700810332,14.406897008103318
9465,9765,655.0,-38.375,175.475,17.9422480656649,14.012248065664899
9466,9766,630.0,-38.375,175.525,17.975863214058336,14.195863214058337
9467,9767,488.0,-38.375,175.575,17.996775195671944,15.068775195671943
9468,9200,456.0,-38.425,175.625,17.801734461216256,15.065734461216255
9469,9289,318.0,-38.425,175.675,17.82008818545728,15.91208818545728
9470,9297,265.0,-38.425,175.725,17.834903352253605,16.244903352253605
9471,9391,243.0,-38.425,175.775,17.847540481656324,16.389540481656326
9472,9493,540.0,-38.475,175.625,17.597745296661742,14.357745296661742
9473,9494,304.0,-38.475,175.675,17.627479948743712,15.803479948743712
9474,9495,360.0,-38.475,175.725,17.653354141599266,15.493354141599266
9475,9496,361.0,-38.475,175.775,17.67660048053949,15.510600480539491
9476,9768,351.0,-38.375,175.625,18.00872234129929,15.90272234129929
9477,9769,281.0,-38.375,175.675,18.015153329848545,16.329153329848545
9478,9770,305.0,-38.375,175.725,18.018700400338275,16.188700400338277
9479,9771,217.0,-38.375,175.775,18.02096764210728,16.71896764210728
9480,9394,276.0,-38.425,175.825,17.85864357513492,16.20264357513492
9481,9396,230.0,-38.425,175.875,17.86821317282738,16.488213172827383
9482,9398,322.0,-38.425,175.925,17.876057171670254,15.944057171670254
9483,9497,417.0,-38.475,175.825,17.69808550554444,15.196085505544442
9484,9498,514.0,-38.475,175.875,17.718244021612918,14.634244021612918
9485,9499,489.0,-38.475,175.925,17.737230636557797,14.803230636557798
9486,9772,226.0,-38.375,175.825,18.022442056710133,16.66644205671013
9487,9773,455.0,-38.375,175.875,18.02253981429385,15.29253981429385
9488,9774,378.0,-38.375,175.925,18.02041614628979,15.75241614628979
9489,9400,304.0,-38.425,175.975,17.882301114761503,16.058301114761505
9490,9402,572.0,-38.425,176.025,17.887288301018998,14.455288301018998
9491,9404,352.0,-38.425,176.075,17.8911445842823,15.779144584282301
9492,9406,294.0,-38.425,176.125,17.893641464121174,16.129641464121175
9493,9500,399.0,-38.475,175.975,17.755117379740113,15.361117379740113
9494,9501,649.0,-38.475,176.025,17.77192156293313,13.87792156293313
9495,9502,665.0,-38.475,176.075,17.787520496203797,13.797520496203797
9496,9503,587.0,-38.475,176.125,17.80166191983153,14.27966191983153
9497,9775,407.0,-38.375,175.975,18.01640072753071,15.574400727530708
9498,9776,406.0,-38.375,176.025,18.01148587319767,15.575485873197671
9499,9777,375.0,-38.375,176.075,18.006103888328653,15.756103888328653
9500,9778,489.0,-38.375,176.125,17.999990279757185,15.065990279757186
9501,9408,480.0,-38.425,176.175,17.894379287346965,15.014379287346966
9502,9410,608.0,-38.425,176.225,17.893140116008,14.245140116007999
9503,9412,397.0,-38.425,176.275,17.890351401583757,15.508351401583758
9504,9504,403.0,-38.475,176.175,17.814140873320866,15.396140873320867
9505,9505,447.0,-38.475,176.225,17.825101846567122,15.143101846567122
9506,9506,346.0,-38.475,176.275,17.835419984679902,15.759419984679901
9507,9779,300.0,-38.375,176.175,17.992478070606012,16.19247807060601
9508,9780,464.0,-38.375,176.225,17.98290759525844,15.19890759525844
9509,9781,754.0,-38.375,176.275,17.97119015583303,13.447190155833027
9510,9414,299.0,-38.425,176.325,17.887623062793864,16.093623062793863
9511,9416,309.0,-38.425,176.375,17.888288503221702,16.034288503221703
9512,9418,496.0,-38.425,176.425,17.897912699263543,14.921912699263544
9513,9507,300.0,-38.475,176.325,17.847128696128493,16.047128696128492
9514,9508,324.0,-38.475,176.375,17.86387617571745,15.919876175717452
9515,9509,442.0,-38.475,176.425,17.89146389925736,15.23946389925736
9516,9510,542.0,-38.475,176.475,17.93873326998437,14.68673326998437
9517,9540,519.0,-38.425,176.475,17.92497412848752,14.81097412848752
9518,9782,346.0,-38.375,176.325,17.958543537475634,15.882543537475634
9519,9783,359.0,-38.375,176.375,17.94826937149628,15.79426937149628
9520,9784,358.0,-38.375,176.425,17.94639324612217,15.79839324612217
9521,9785,510.0,-38.375,176.475,17.962349711859133,14.902349711859134
9522,9511,560.0,-38.475,176.525,18.01939116520225,14.659391165202251
9523,9512,492.0,-38.475,176.575,18.152115851349663,15.200115851349663
9524,9513,375.0,-38.475,176.625,18.341762159921927,16.091762159921927
9525,9576,540.0,-38.425,176.525,17.982819285272853,14.742819285272853
9526,9579,514.0,-38.425,176.575,18.100404548458755,15.016404548458755
9527,9582,404.0,-38.425,176.625,18.292333903053077,15.868333903053077
9528,9786,530.0,-38.375,176.525,18.01104411846609,14.831044118466089
9529,9787,480.0,-38.375,176.575,18.119041091849795,15.239041091849796
9530,9788,440.0,-38.375,176.625,18.296842970419675,15.656842970419675
9531,9033,165.0,-38.375,176.775,19.00774178170832,18.01774178170832
9532,9038,244.0,-38.375,176.825,19.252787759236526,17.788787759236527
9533,9514,265.0,-38.475,176.675,18.56993490207242,16.97993490207242
9534,9515,201.0,-38.475,176.725,18.81815744715277,17.61215744715277
9535,9516,326.0,-38.475,176.775,19.07285714833415,17.11685714833415
9536,9517,762.0,-38.475,176.825,19.323293852678034,14.751293852678035
9537,9586,240.0,-38.425,176.675,18.522148636489874,17.082148636489872
9538,9591,180.0,-38.425,176.725,18.770916517678415,17.690916517678417
9539,9596,184.0,-38.425,176.775,19.02555716430652,17.92155716430652
9540,9601,680.0,-38.425,176.825,19.275222413998563,15.195222413998563
9541,9789,356.0,-38.375,176.675,18.516564998222748,16.38056499822275
9542,9790,191.0,-38.375,176.725,18.75828296385589,17.61228296385589
9543,9048,678.0,-38.375,176.875,19.483189679769566,15.415189679769567
9544,9049,697.0,-38.375,176.925,19.691195206483826,15.509195206483827
9545,9050,529.0,-38.375,176.975,19.871847310481826,16.697847310481826
9546,9051,225.0,-38.375,177.025,20.022931037208764,18.672931037208762
9547,9518,669.0,-38.475,176.875,19.560678849869873,15.546678849869874
9548,9519,721.0,-38.475,176.925,19.778057251678547,15.452057251678546
9549,9520,262.0,-38.475,176.975,19.97043024460436,18.39843024460436
9550,9521,615.0,-38.475,177.025,20.134907449712045,16.444907449712044
9551,9606,505.0,-38.425,176.875,19.510824379016412,16.48082437901641
9552,9689,338.0,-38.425,176.925,19.725256224541226,17.697256224541228
9553,9691,247.0,-38.425,176.975,19.91365502096596,18.431655020965962
9554,9707,316.0,-38.425,177.025,20.07352974411333,18.17752974411333
9555,9052,339.0,-38.375,177.075,20.144828053715173,18.110828053715174
9556,9053,282.0,-38.375,177.125,20.240407068253262,18.548407068253262
9557,9054,458.0,-38.375,177.175,20.314691246690927,17.566691246690926
9558,9522,687.0,-38.475,177.075,20.270823883911362,16.148823883911362
9559,9523,643.0,-38.475,177.125,20.379761157906614,16.521761157906614
9560,9524,1015.0,-38.475,177.175,20.46535965995281,14.37535965995281
9561,9711,406.0,-38.425,177.075,20.204782794462517,17.768782794462517
9562,9715,624.0,-38.425,177.125,20.30962461992749,16.56562461992749
9563,9719,680.0,-38.425,177.175,20.39226297813002,16.312262978130022
9564,9055,851.0,-38.375,177.225,20.374032822874142,15.268032822874142
9565,9056,832.0,-38.375,177.275,20.424962740013143,15.432962740013142
9566,9057,689.0,-38.375,177.325,20.47312917560339,16.33912917560339
9567,9058,607.0,-38.375,177.375,20.522588258929318,16.88058825892932
9568,9525,1122.0,-38.475,177.225,20.53282032191055,13.80082032191055
9569,9526,606.0,-38.475,177.275,20.58812063545338,16.95212063545338
9570,9527,757.0,-38.475,177.325,20.63711495429743,16.09511495429743
9571,9528,649.0,-38.475,177.375,20.68472840715549,16.79072840715549
9572,9723,458.0,-38.425,177.225,20.458264821994817,17.710264821994816
9573,9727,888.0,-38.425,177.275,20.51366887439508,15.18566887439508
9574,9728,360.0,-38.425,177.325,20.564071131142555,18.404071131142555
9575,9729,628.0,-38.425,177.375,20.61388990379055,16.84588990379055
9576,9059,586.0,-38.375,177.425,20.575493088923395,17.059493088923396
9577,9060,635.0,-38.375,177.475,20.632101309194695,16.822101309194696
9578,9061,616.0,-38.375,177.525,20.6909734858491,16.9949734858491
9579,9529,628.0,-38.475,177.425,20.7343780293304,16.9663780293304
9580,9530,748.0,-38.475,177.475,20.787646897661034,16.299646897661034
9581,9531,734.0,-38.475,177.525,20.844163137342548,16.440163137342548
9582,9730,857.0,-38.425,177.425,20.66590743281995,15.52390743281995
9583,9731,618.0,-38.425,177.475,20.721078584436327,17.01307858443633
9584,9732,732.0,-38.425,177.525,20.778536287660245,16.386536287660245
9585,9062,659.0,-38.375,177.575,20.74925218525459,16.79525218525459
9586,9063,306.0,-38.375,177.625,20.802973465877585,18.966973465877587
9587,9064,372.0,-38.375,177.675,20.847434622293804,18.615434622293805
9588,9065,405.0,-38.375,177.725,20.877701414894545,18.447701414894546
9589,9532,753.0,-38.475,177.575,20.901609095715685,16.383609095715684
9590,9533,478.0,-38.475,177.625,20.95579612412257,18.087796124122573
9591,9534,251.0,-38.475,177.675,21.000783319293987,19.494783319293987
9592,9535,183.0,-38.475,177.725,21.02911592531018,19.93111592531018
9593,9733,586.0,-38.425,177.575,20.835713883425342,17.319713883425344
9594,9734,515.0,-38.425,177.625,20.888535826758016,17.798535826758016
9595,9735,389.0,-38.425,177.675,20.93168809375493,18.59768809375493
9596,9736,79.0,-38.425,177.725,20.959065917064436,20.485065917064436
9597,9066,209.0,-38.375,177.775,20.889363179448992,19.63536317944899
9598,9067,100.0,-38.375,177.825,20.879580255044857,20.279580255044856
9599,9068,168.0,-38.375,177.875,20.848231158743147,19.840231158743148
9600,9069,230.0,-38.375,177.925,20.798589795216685,19.418589795216686
9601,9536,196.0,-38.475,177.775,21.032466266828123,19.856466266828125
9602,9537,101.0,-38.475,177.825,21.00329555798089,20.39729555798089
9603,9539,80.0,-38.475,177.875,20.93821444589412,20.458214445894118
9604,9544,136.0,-38.475,177.925,20.842163528315723,20.026163528315724
9605,9737,236.0,-38.425,177.775,20.964602160442155,19.548602160442154
9606,9738,82.0,-38.425,177.825,20.943723350646906,20.451723350646905
9607,9739,167.0,-38.425,177.875,20.895400341163622,19.893400341163623
9608,9740,158.0,-38.425,177.925,20.823882200405933,19.875882200405933
9609,9070,285.0,-38.375,177.975,20.73682534773252,19.02682534773252
9610,9071,241.0,-38.375,178.025,20.67021842201939,19.224218422019387
9611,9072,307.0,-38.375,178.075,20.60502417598036,18.763024175980362
9612,9545,196.0,-38.475,177.975,20.729208174161613,19.553208174161615
9613,9546,360.0,-38.475,178.025,20.616435217350954,18.456435217350954
9614,9547,179.0,-38.475,178.075,20.515654291491956,19.441654291491954
9615,9741,340.0,-38.425,177.975,20.738347348436946,18.698347348436947
9616,9742,441.0,-38.425,178.025,20.649699126777705,18.003699126777704
9617,9743,345.0,-38.425,178.075,20.56654674897436,18.49654674897436
9618,9073,190.0,-38.375,178.125,20.545201918226667,19.405201918226666
9619,9074,222.0,-38.375,178.175,20.49238827713998,19.16038827713998
9620,9075,186.0,-38.375,178.225,20.44659416694776,19.330594166947762
9621,9076,18.0,-38.375,178.275,20.40698138141306,20.29898138141306
9622,9548,185.0,-38.475,178.125,20.430830071185483,19.320830071185483
9623,9549,201.0,-38.475,178.175,20.360973534348886,19.154973534348887
9624,9550,41.0,-38.475,178.225,20.303421887598233,20.057421887598235
9625,9551,109.0,-38.475,178.275,20.255466701026307,19.601466701026308
9626,9744,210.0,-38.425,178.125,20.49330798079609,19.233307980796088
9627,9745,315.0,-38.425,178.175,20.430883157037897,18.540883157037896
9628,9746,67.0,-38.425,178.225,20.37825669461745,19.976256694617447
9629,9747,105.0,-38.425,178.275,20.333740175905405,19.703740175905406
9630,9748,66.0,-38.425,178.325,20.295617210358614,19.899617210358613
9631,9077,20.0,-38.325,174.725,17.167786002886714,17.047786002886713
9632,9078,292.0,-38.325,174.775,17.13827423163457,15.386274231634568
9633,9079,295.0,-38.325,174.825,17.12866101975669,15.358661019756692
9634,9080,222.0,-38.325,174.875,17.13834186361055,15.806341863610548
9635,9159,144.0,-38.275,174.725,17.109782007115427,16.245782007115427
9636,9196,63.0,-38.275,174.775,17.083109141152818,16.705109141152818
9637,9217,20.0,-38.175,174.725,17.07367358976626,16.953673589766257
9638,9218,34.0,-38.175,174.775,17.04675267537823,16.84275267537823
9639,9219,174.0,-38.175,174.825,17.0487259523361,16.0047259523361
9640,9220,164.0,-38.175,174.875,17.075725496397354,16.091725496397355
9641,9273,121.0,-38.275,174.825,17.082227680657525,16.356227680657526
9642,9276,239.0,-38.275,174.875,17.104266807669774,15.670266807669774
9643,9950,42.0,-38.225,174.725,17.073744928027736,16.821744928027737
9644,9951,128.0,-38.225,174.775,17.048662739427527,16.280662739427527
9645,9952,100.0,-38.225,174.825,17.052929163299268,16.452929163299267
9646,9953,273.0,-38.225,174.875,17.081677649228368,15.443677649228368
9647,9081,265.0,-38.325,174.925,17.167110693757422,15.577110693757422
9648,9082,349.0,-38.325,174.975,17.215364082629094,15.121364082629094
9649,9083,230.0,-38.325,175.025,17.28355023622862,15.903550236228622
9650,9221,239.0,-38.175,174.925,17.127957118442282,15.693957118442283
9651,9222,408.0,-38.175,174.975,17.20723079959862,14.759230799598619
9652,9223,301.0,-38.175,175.025,17.315631340577966,15.509631340577966
9653,9279,195.0,-38.275,174.925,17.148271969956113,15.978271969956113
9654,9282,301.0,-38.275,174.975,17.214633863477502,15.408633863477503
9655,9290,277.0,-38.275,175.025,17.30398749600863,15.641987496008632
9656,9954,383.0,-38.225,174.925,17.134174993057968,14.836174993057968
9657,9955,529.0,-38.225,174.975,17.211421385902213,14.037421385902213
9658,9956,298.0,-38.225,175.025,17.314678421913413,15.526678421913413
9659,9084,168.0,-38.325,175.075,17.371361958008492,16.363361958008493
9660,9085,69.0,-38.325,175.125,17.476763767859666,17.062763767859664
9661,9086,101.0,-38.325,175.175,17.59419567801524,16.988195678015238
9662,9087,188.0,-38.325,175.225,17.717611308937194,16.589611308937194
9663,9224,162.0,-38.175,175.075,17.454388642305275,16.482388642305274
9664,9225,177.0,-38.175,175.125,17.62284725808422,16.56084725808422
9665,9226,76.0,-38.175,175.175,17.817603965406306,17.361603965406307
9666,9227,59.0,-38.175,175.225,18.031642269401345,17.677642269401346
9667,9298,113.0,-38.275,175.075,17.416119011322735,16.738119011322734
9668,9467,54.0,-38.275,175.125,17.548826512036612,17.22482651203661
9669,9543,60.0,-38.275,175.175,17.69700722626294,17.33700722626294
9670,9583,111.0,-38.275,175.225,17.85369478110806,17.18769478110806
9671,9957,173.0,-38.225,175.075,17.444302902091295,16.406302902091294
9672,9958,54.0,-38.225,175.125,17.598697897046804,17.274697897046803
9673,9959,61.0,-38.225,175.175,17.77356593296281,17.40756593296281
9674,9960,42.0,-38.225,175.225,17.961541756405495,17.709541756405496
9675,9088,290.0,-38.325,175.275,17.84145856901887,16.10145856901887
9676,9089,377.0,-38.325,175.325,17.956712594779674,15.694712594779674
9677,9090,265.0,-38.325,175.375,18.054085550655145,16.464085550655145
9678,9228,62.0,-38.175,175.275,18.252803114271956,17.880803114271956
9679,9229,91.0,-38.175,175.325,18.46099620030145,17.914996200301452
9680,9230,100.0,-38.175,175.375,18.62578637714614,18.02578637714614
9681,9588,129.0,-38.275,175.275,18.009875756979454,17.235875756979453
9682,9593,319.0,-38.275,175.325,18.1529739490652,16.238973949065198
9683,9598,185.0,-38.275,175.375,18.26938759634504,17.15938759634504
9684,9961,80.0,-38.225,175.275,18.15115723616327,17.67115723616327
9685,9962,81.0,-38.225,175.325,18.325480230501853,17.839480230501852
9686,9963,130.0,-38.225,175.375,18.463937557447935,17.683937557447933
9687,9091,426.0,-38.325,175.425,18.127196782123065,15.571196782123065
9688,9092,543.0,-38.325,175.475,18.17477135671652,14.91677135671652
9689,9093,576.0,-38.325,175.525,18.20032414988964,14.74432414988964
9690,9094,518.0,-38.325,175.575,18.209840202267515,15.101840202267514
9691,9231,110.0,-38.175,175.425,18.718916278827237,18.058916278827237
9692,9232,160.0,-38.175,175.475,18.746513224876253,17.786513224876252
9693,9233,132.0,-38.175,175.525,18.73697028250899,17.94497028250899
9694,9234,200.0,-38.175,175.575,18.711575785157038,17.51157578515704
9695,9603,240.0,-38.275,175.425,18.349924474285217,16.909924474285216
9696,9692,333.0,-38.275,175.475,18.394306364818476,16.396306364818475
9697,9710,415.0,-38.275,175.525,18.410022540716454,15.920022540716454
9698,9714,437.0,-38.275,175.575,18.40714961953927,15.785149619539268
9699,9964,176.0,-38.225,175.425,18.551531527773477,17.495531527773476
9700,9965,273.0,-38.225,175.475,18.58983499338501,16.951834993385013
9701,9966,235.0,-38.225,175.525,18.59347912936937,17.18347912936937
9702,9967,261.0,-38.225,175.575,18.578047741320916,17.012047741320917
9703,9095,392.0,-38.325,175.625,18.209395234036492,15.857395234036492
9704,9096,197.0,-38.325,175.675,18.203846044489183,17.021846044489184
9705,9097,213.0,-38.325,175.725,18.19648271400365,16.918482714003652
9706,9098,331.0,-38.325,175.775,18.18912307987921,16.20312307987921
9707,9235,233.0,-38.175,175.625,18.681369668251136,17.283369668251137
9708,9236,154.0,-38.175,175.675,18.651164649054408,17.72716464905441
9709,9237,260.0,-38.175,175.725,18.62264776637312,17.06264776637312
9710,9238,260.0,-38.175,175.775,18.596111351798754,17.036111351798755
9711,9718,300.0,-38.275,175.625,18.39434639227693,16.59434639227693
9712,9722,225.0,-38.275,175.675,18.377581292181276,17.027581292181274
9713,9726,283.0,-38.275,175.725,18.36038988243672,16.66238988243672
9714,9801,424.0,-38.275,175.775,18.34449879429303,15.80049879429303
9715,9968,342.0,-38.225,175.625,18.55438036439591,16.50238036439591
9716,9969,117.0,-38.225,175.675,18.528646881546592,17.826646881546594
9717,9970,320.0,-38.225,175.725,18.503870643122355,16.583870643122353
9718,9971,353.0,-38.225,175.775,18.481193970830645,16.363193970830647
9719,9021,340.0,-38.225,175.875,18.440576773806242,16.400576773806243
9720,9024,387.0,-38.225,175.925,18.419492413988337,16.097492413988338
9721,9099,327.0,-38.325,175.825,18.182219252048526,16.220219252048526
9722,9100,345.0,-38.325,175.875,18.174619944998994,16.104619944998994
9723,9101,620.0,-38.325,175.925,18.16397923437762,14.443979234377622
9724,9239,280.0,-38.175,175.825,18.571201084181666,16.891201084181667
9725,9240,297.0,-38.175,175.875,18.547222251450876,16.765222251450876
9726,9241,369.0,-38.175,175.925,18.523827308090404,16.309827308090405
9727,9804,364.0,-38.275,175.825,18.330266844452126,16.146266844452125
9728,9807,377.0,-38.275,175.875,18.31657652906142,16.05457652906142
9729,9810,421.0,-38.275,175.925,18.299213866499485,15.773213866499486
9730,9972,348.0,-38.225,175.825,18.46052887273254,16.372528872732538
9731,9026,500.0,-38.225,175.975,18.39842580386903,15.398425803869031
9732,9028,549.0,-38.225,176.025,18.379735889378935,15.085735889378935
9733,9030,632.0,-38.225,176.075,18.364496095717186,14.572496095717186
9734,9035,654.0,-38.225,176.125,18.35269263194641,14.428692631946411
9735,9102,404.0,-38.325,175.975,18.151341786637204,15.727341786637204
9736,9103,296.0,-38.325,176.025,18.138874841999495,16.362874841999496
9737,9104,298.0,-38.325,176.075,18.127184159558965,16.339184159558965
9738,9105,341.0,-38.325,176.125,18.115897295996547,16.069897295996547
9739,9242,414.0,-38.175,175.975,18.50199895282276,16.01799895282276
9740,9243,563.0,-38.175,176.025,18.483472795021953,15.105472795021953
9741,9244,659.0,-38.175,176.075,18.469524169544457,14.515524169544456
9742,9245,640.0,-38.175,176.125,18.460561086802045,14.620561086802045
9743,9813,522.0,-38.275,175.975,18.280531325523043,15.148531325523043
9744,9816,517.0,-38.275,176.025,18.263454389962135,15.161454389962135
9745,9819,587.0,-38.275,176.075,18.248598013771698,14.726598013771698
9746,9822,462.0,-38.275,176.125,18.23560356211965,15.46360356211965
9747,9043,376.0,-38.225,176.175,18.343365707289195,16.087365707289194
9748,9106,341.0,-38.325,176.175,18.10406128282193,16.05806128282193
9749,9107,321.0,-38.325,176.225,18.090510760928737,16.16451076092874
9750,9108,359.0,-38.325,176.275,18.074490673287073,15.920490673287073
9751,9165,365.0,-38.225,176.225,18.334536551235942,16.14453655123594
9752,9167,400.0,-38.225,176.275,18.323234400886577,15.923234400886576
9753,9246,526.0,-38.175,176.175,18.456024156388594,15.300024156388595
9754,9247,410.0,-38.175,176.225,18.454101584415184,15.994101584415185
9755,9248,354.0,-38.175,176.275,18.45089974734583,16.32689974734583
9756,9825,380.0,-38.275,176.175,18.223367560858605,15.943367560858606
9757,9828,380.0,-38.275,176.225,18.21022199600702,15.930221996007022
9758,9831,420.0,-38.275,176.275,18.194454030075576,15.674454030075577
9759,9109,501.0,-38.325,176.325,18.056697143503698,15.050697143503697
9760,9110,407.0,-38.325,176.375,18.040533738036174,15.598533738036174
9761,9111,400.0,-38.325,176.425,18.033004094817443,15.633004094817442
9762,9112,465.0,-38.325,176.475,18.04511072920286,15.255110729202862
9763,9169,426.0,-38.225,176.325,18.306871942651924,15.750871942651925
9764,9171,525.0,-38.225,176.375,18.287494309130125,15.137494309130124
9765,9172,299.0,-38.225,176.425,18.274271656468045,16.480271656468044
9766,9173,531.0,-38.225,176.475,18.27984794860822,15.093847948608222
9767,9249,468.0,-38.175,176.325,18.439804827416083,15.631804827416083
9768,9250,388.0,-38.175,176.375,18.419709576759487,16.091709576759488
9769,9251,302.0,-38.175,176.425,18.403290393413045,16.591290393413043
9770,9252,530.0,-38.175,176.475,18.404674691846594,15.224674691846594
9771,9834,571.0,-38.275,176.325,18.175698260456556,14.749698260456556
9772,9837,481.0,-38.275,176.375,18.157119295588927,15.271119295588928
9773,9840,392.0,-38.275,176.425,18.146640708931955,15.794640708931954
9774,9843,360.0,-38.275,176.475,18.156070985656697,15.996070985656697
9775,9113,436.0,-38.325,176.525,18.092235448333668,15.476235448333668
9776,9114,393.0,-38.325,176.575,18.19158745376626,15.83358745376626
9777,9115,423.0,-38.325,176.625,18.348341455392074,15.810341455392074
9778,9174,900.0,-38.225,176.525,18.31645884233876,12.916458842338763
9779,9175,560.0,-38.225,176.575,18.39359631037223,15.033596310372232
9780,9176,356.0,-38.225,176.625,18.5159458265407,16.379945826540702
9781,9253,326.0,-38.175,176.525,18.43460603998392,16.47860603998392
9782,9254,143.0,-38.175,176.575,18.500803249218734,17.642803249218733
9783,9255,166.0,-38.175,176.625,18.608206621313002,17.612206621313003
9784,9901,478.0,-38.275,176.525,18.19912777002901,15.331127770029008
9785,9903,455.0,-38.275,176.575,18.287790115660755,15.557790115660755
9786,9905,440.0,-38.275,176.625,18.42637331126025,15.786373311260249
9787,9116,377.0,-38.325,176.675,18.549648366170004,16.287648366170004
9788,9117,305.0,-38.325,176.725,18.77841412113048,16.948414121130483
9789,9118,179.0,-38.325,176.775,19.01879895912134,17.94479895912134
9790,9119,261.0,-38.325,176.825,19.256236806424567,17.69023680642457
9791,9177,439.0,-38.225,176.675,18.68247024642187,16.04847024642187
9792,9178,396.0,-38.225,176.725,18.88571178764687,16.509711787646868
9793,9179,281.0,-38.225,176.775,19.1095314254635,17.4235314254635
9794,9180,154.0,-38.225,176.825,19.331128563324455,18.407128563324456
9795,9256,140.0,-38.175,176.675,18.759783399495063,17.919783399495063
9796,9257,338.0,-38.175,176.725,18.955041878012707,16.92704187801271
9797,9258,310.0,-38.175,176.775,19.17844594104099,17.31844594104099
9798,9259,168.0,-38.175,176.825,19.39615067388513,18.388150673885132
9799,9907,396.0,-38.275,176.675,18.60919880977599,16.23319880977599
9800,9909,275.0,-38.275,176.725,18.823982394533232,17.173982394533233
9801,9911,221.0,-38.275,176.775,19.05462132798857,17.72862132798857
9802,9913,259.0,-38.275,176.825,19.28345430913032,17.729454309130322
9803,9120,571.0,-38.325,176.875,19.478419361112174,16.052419361112175
9804,9121,608.0,-38.325,176.925,19.676552045712015,16.028552045712015
9805,9122,120.0,-38.325,176.975,19.84559901506873,19.12559901506873
9806,9123,262.0,-38.325,177.025,19.983678206510376,18.411678206510377
9807,9181,452.0,-38.225,176.875,19.530742349656066,16.818742349656066
9808,9182,575.0,-38.225,176.925,19.698405625211308,16.24840562521131
9809,9183,525.0,-38.225,176.975,19.832073351950385,16.682073351950386
9810,9184,504.0,-38.225,177.025,19.932603090128396,16.908603090128395
9811,9260,391.0,-38.175,176.875,19.580942113359924,17.234942113359924
9812,9261,258.0,-38.175,176.925,19.72565041523194,18.177650415231938
9813,9262,83.0,-38.175,176.975,19.8340259748511,19.3360259748511
9814,9263,163.0,-38.175,177.025,19.910613805113826,18.932613805113824
9815,9914,478.0,-38.275,176.875,19.49520842701895,16.627208427018953
9816,9916,574.0,-38.275,176.925,19.680075854674214,16.236075854674215
9817,9917,528.0,-38.275,176.975,19.83359934517648,16.66559934517648
9818,9919,301.0,-38.275,177.025,19.954683350311825,18.148683350311824
9819,9124,575.0,-38.325,177.075,20.09156302260817,16.64156302260817
9820,9125,252.0,-38.325,177.125,20.172760751243914,18.660760751243913
9821,9126,487.0,-38.325,177.175,20.233432271983474,17.311432271983474
9822,9185,237.0,-38.225,177.075,20.000642519647954,18.578642519647953
9823,9186,320.0,-38.225,177.125,20.03903374465881,18.119033744658807
9824,9187,326.0,-38.225,177.175,20.058066920057172,18.102066920057172
9825,9264,97.0,-38.175,177.075,19.95579322357662,19.37379322357662
9826,9265,145.0,-38.175,177.125,19.96723452230799,19.09723452230799
9827,9266,89.0,-38.175,177.175,19.960594834235962,19.426594834235964
9828,9920,368.0,-38.275,177.075,20.04428578543593,17.836285785435933
9829,9921,273.0,-38.275,177.125,20.106239980144892,18.468239980144894
9830,9923,531.0,-38.275,177.175,20.148304866947,16.962304866947
9831,9031,179.0,-38.175,177.275,19.9556441125751,18.8816441125751
9832,9036,385.0,-38.175,177.325,19.97732928476762,17.66732928476762
9833,9044,486.0,-38.175,177.375,20.01937304943567,17.10337304943567
9834,9127,798.0,-38.325,177.225,20.281256907241186,15.493256907241186
9835,9128,775.0,-38.325,177.275,20.323721768683754,15.673721768683755
9836,9129,158.0,-38.325,177.325,20.366777748713503,19.418777748713502
9837,9130,724.0,-38.325,177.375,20.41415936415433,16.07015936415433
9838,9188,634.0,-38.225,177.225,20.070814179460285,16.266814179460287
9839,9189,599.0,-38.225,177.275,20.087956534844125,16.493956534844123
9840,9190,519.0,-38.225,177.325,20.116400478902506,17.002400478902505
9841,9191,425.0,-38.225,177.375,20.15878780197818,17.608787801978178
9842,9267,461.0,-38.175,177.225,19.952641317388043,17.186641317388045
9843,9924,663.0,-38.275,177.225,20.18027950153919,16.202279501539188
9844,9926,184.0,-38.275,177.275,20.211094228725415,19.107094228725416
9845,9928,307.0,-38.275,177.325,20.247155421267962,18.405155421267963
9846,9930,386.0,-38.275,177.375,20.291773208096856,17.975773208096857
9847,9131,486.0,-38.325,177.425,20.467287009727443,17.551287009727442
9848,9132,588.0,-38.325,177.475,20.525564687763108,16.99756468776311
9849,9133,589.0,-38.325,177.525,20.58684479619842,17.05284479619842
9850,9146,170.0,-38.175,177.425,20.078510851570172,19.058510851570173
9851,9156,222.0,-38.175,177.475,20.149421448499197,18.817421448499196
9852,9192,490.0,-38.225,177.425,20.214089996006805,17.274089996006804
9853,9193,542.0,-38.225,177.475,20.27904550085077,17.02704550085077
9854,9198,488.0,-38.175,177.525,20.22672080359189,17.298720803591888
9855,9201,458.0,-38.225,177.525,20.349490613793023,17.601490613793022
9856,9931,572.0,-38.275,177.425,20.345375346252695,16.913375346252696
9857,9932,634.0,-38.275,177.475,20.406236840877682,16.602236840877683
9858,9933,506.0,-38.275,177.525,20.4713070805592,17.4353070805592
9859,9134,577.0,-38.325,177.575,20.647889126470545,17.185889126470546
9860,9135,899.0,-38.325,177.625,20.704774336249102,15.310774336249102
9861,9136,1011.0,-38.325,177.675,20.75328420542064,14.687284205420642
9862,9137,500.0,-38.325,177.725,20.789366781973513,17.789366781973513
9863,9202,629.0,-38.225,177.575,20.42113939463161,16.64713939463161
9864,9203,682.0,-38.225,177.625,20.489949675567914,16.397949675567915
9865,9204,566.0,-38.225,177.675,20.552323991054436,17.156323991054435
9866,9205,821.0,-38.225,177.725,20.605293795961188,15.679293795961188
9867,9285,411.0,-38.175,177.575,20.305649337125942,17.83964933712594
9868,9293,678.0,-38.175,177.625,20.38217204803368,16.314172048033683
9869,9468,581.0,-38.175,177.675,20.452963645366253,16.966963645366253
9870,9541,1035.0,-38.175,177.725,20.5154310920625,14.305431092062499
9871,9934,532.0,-38.275,177.575,20.536856286926195,17.344856286926195
9872,9935,770.0,-38.275,177.625,20.598916712595383,15.978916712595382
9873,9936,953.0,-38.275,177.675,20.653621647303225,14.935621647303226
9874,9937,498.0,-38.275,177.725,20.697545163769973,17.709545163769974
9875,9138,287.0,-38.325,177.775,20.809714325354435,19.087714325354433
9876,9139,247.0,-38.325,177.825,20.812442175956676,19.330442175956676
9877,9140,285.0,-38.325,177.875,20.797697616828373,19.087697616828372
9878,9141,248.0,-38.325,177.925,20.767888791888254,19.279888791888254
9879,9206,439.0,-38.225,177.775,20.64672998522292,18.01272998522292
9880,9207,583.0,-38.225,177.825,20.675549088744447,17.177549088744446
9881,9208,463.0,-38.225,177.875,20.69183791213436,17.913837912134362
9882,9209,870.0,-38.225,177.925,20.69680885822163,15.47680885822163
9883,9569,775.0,-38.175,177.775,20.567784805898555,15.917784805898556
9884,9570,908.0,-38.175,177.825,20.60911751294043,15.161117512940429
9885,9572,439.0,-38.175,177.875,20.63943185613607,18.00543185613607
9886,9574,460.0,-38.175,177.925,20.65956381385331,17.899563813853312
9887,9938,380.0,-38.275,177.775,20.728088793664938,18.448088793664937
9888,9939,344.0,-38.275,177.825,20.743882730603218,18.679882730603218
9889,9940,412.0,-38.275,177.875,20.745086124079535,18.273086124079533
9890,9941,424.0,-38.275,177.925,20.733424308156827,18.189424308156827
9891,9142,399.0,-38.325,177.975,20.727253856079187,18.33325385607919
9892,9143,200.0,-38.325,178.025,20.680807281605667,19.480807281605667
9893,9144,362.0,-38.325,178.075,20.63311399857048,18.46111399857048
9894,9210,627.0,-38.225,177.975,20.6925398564199,16.930539856419898
9895,9211,564.0,-38.225,178.025,20.68153944052756,17.297539440527558
9896,9212,431.0,-38.225,178.075,20.666261420206865,18.080261420206867
9897,9577,592.0,-38.175,177.975,20.670980149152456,17.118980149152456
9898,9580,491.0,-38.175,178.025,20.67547650189954,17.729476501899537
9899,9584,528.0,-38.175,178.075,20.674845685309265,17.506845685309266
9900,9942,379.0,-38.275,177.975,20.711851803702302,18.4378518037023
9901,9943,247.0,-38.275,178.025,20.6838934335683,19.2018934335683
9902,9944,370.0,-38.275,178.075,20.652894632454263,18.432894632454264
9903,9034,61.0,-38.325,178.175,20.54558602932957,20.17958602932957
9904,9040,237.0,-38.325,178.225,20.508063165383646,19.086063165383646
9905,9145,262.0,-38.325,178.125,20.587449019018095,19.015449019018096
9906,9149,19.0,-38.325,178.275,20.47462615222321,20.360626152223208
9907,9213,381.0,-38.225,178.125,20.64871623768704,18.36271623768704
9908,9214,457.0,-38.225,178.175,20.63027283627889,17.88827283627889
9909,9215,276.0,-38.225,178.225,20.611658680369146,18.955658680369147
9910,9216,83.0,-38.225,178.275,20.593100950180087,20.095100950180086
9911,9589,580.0,-38.175,178.125,20.670599254750414,17.190599254750413
9912,9594,287.0,-38.175,178.175,20.663804021751275,18.941804021751274
9913,9599,188.0,-38.175,178.225,20.655055654409807,19.527055654409807
9914,9604,121.0,-38.175,178.275,20.644574208330596,19.918574208330597
9915,9945,301.0,-38.275,178.125,20.621457500295946,18.815457500295945
9916,9946,333.0,-38.275,178.175,20.59121253740159,18.593212537401588
9917,9947,188.0,-38.275,178.225,20.562894423143007,19.434894423143007
9918,9948,71.0,-38.275,178.275,20.536586900707334,20.110586900707336
9919,9152,136.0,-38.325,178.325,20.44463208480738,19.628632084807382
9920,9694,117.0,-38.175,178.325,20.632376236171694,19.930376236171696
9921,9949,92.0,-38.275,178.325,20.512002549687168,19.960002549687168
9922,9697,113.0,-38.125,174.725,17.13101758484845,16.45301758484845
9923,9698,5.0,-38.125,174.775,17.087495440471685,17.057495440471683
9924,9699,20.0,-38.125,174.825,17.075539153564023,16.955539153564022
9925,9701,23.0,-38.125,174.875,17.09058535771328,16.95258535771328
9926,10904,30.0,-38.025,174.825,17.22102944314247,17.04102944314247
9927,10907,61.0,-38.025,174.875,17.190078611922218,16.824078611922218
9928,9702,84.0,-38.125,174.925,17.132770451018587,16.628770451018585
9929,9703,252.0,-38.125,174.975,17.204330267966725,15.692330267966724
9930,9704,334.0,-38.125,175.025,17.308105219039135,15.304105219039135
9931,9995,22.0,-38.075,174.925,17.15154156408971,17.01954156408971
9932,9996,181.0,-38.075,174.975,17.205958599603036,16.119958599603038
9933,9997,318.0,-38.075,175.025,17.295236102101626,15.387236102101626
9934,10775,85.0,-37.975,174.925,17.245746769709513,16.73574676970951
9935,10781,262.0,-37.975,174.975,17.24448712816229,15.672487128162292
9936,10785,338.0,-37.975,175.025,17.280057082796702,15.252057082796702
9937,10934,378.0,-38.025,174.925,17.18760698742699,14.919606987426988
9938,10935,91.0,-38.025,174.975,17.216947263717884,16.670947263717885
9939,10936,308.0,-38.025,175.025,17.282840729691088,15.43484072969109
9940,9706,217.0,-38.125,175.075,17.446250681590755,16.144250681590755
9941,9709,125.0,-38.125,175.125,17.619025861116825,16.869025861116825
9942,9713,111.0,-38.125,175.175,17.82378469206742,17.15778469206742
9943,9717,89.0,-38.125,175.225,18.054110938159283,17.520110938159284
9944,9998,161.0,-38.075,175.075,17.422507158393273,16.456507158393272
9945,9999,130.0,-38.075,175.125,17.588769375521224,16.808769375521223
9946,10000,40.0,-38.075,175.175,17.79156532770139,17.551565327701393
9947,10029,40.0,-38.075,175.225,18.024212231015554,17.784212231015555
9948,10790,495.0,-37.975,175.075,17.359206583932973,14.389206583932973
9949,10794,421.0,-37.975,175.125,17.485131010005716,14.959131010005716
9950,10798,39.0,-37.975,175.175,17.653715528344037,17.419715528344035
9951,10802,20.0,-37.975,175.225,17.854158239555545,17.734158239555544
9952,10937,504.0,-38.025,175.075,17.38976147622452,14.36576147622452
9953,10938,362.0,-38.025,175.125,17.53946267743595,15.367462677435949
9954,10939,139.0,-38.025,175.175,17.728957438957877,16.894957438957878
9955,10940,39.0,-38.025,175.225,17.949974972230848,17.715974972230846
9956,9721,51.0,-38.125,175.275,18.298555688437773,17.992555688437772
9957,9725,79.0,-38.125,175.325,18.537670230405638,18.063670230405638
9958,9793,76.0,-38.125,175.375,18.734712212521117,18.278712212521118
9959,10037,42.0,-38.075,175.275,18.274964135576738,18.02296413557674
9960,10046,40.0,-38.075,175.325,18.524611149303382,18.284611149303384
9961,10154,40.0,-38.075,175.375,18.737631360971136,18.497631360971138
9962,10806,60.0,-37.975,175.275,18.071281157666817,17.711281157666818
9963,10810,83.0,-37.975,175.325,18.284711934131337,17.786711934131336
9964,10814,61.0,-37.975,175.375,18.468118785327533,18.102118785327534
9965,10941,36.0,-38.025,175.275,18.188682413718197,17.972682413718196
9966,10942,53.0,-38.025,175.325,18.42314561313833,18.10514561313833
9967,10943,64.0,-38.025,175.375,18.618060808832524,18.234060808832524
9968,9796,209.0,-38.125,175.425,18.829713970946614,17.575713970946612
9969,9798,78.0,-38.125,175.475,18.84295238534105,18.37495238534105
9970,9800,171.0,-38.125,175.525,18.825377889937954,17.799377889937954
9971,9803,181.0,-38.125,175.575,18.7984342656855,17.712434265685502
9972,10163,82.0,-38.075,175.425,18.837883411208168,18.345883411208167
9973,10169,125.0,-38.075,175.475,18.855664513248485,18.105664513248485
9974,10178,169.0,-38.075,175.525,18.848694930726197,17.834694930726197
9975,10181,260.0,-38.075,175.575,18.835634327173466,17.275634327173467
9976,10818,80.0,-37.975,175.425,18.600253078417154,18.120253078417154
9977,10822,75.0,-37.975,175.475,18.685791301337304,18.235791301337304
9978,10823,153.0,-37.975,175.525,18.75266503158491,17.834665031584912
9979,10824,122.0,-37.975,175.575,18.81187073039473,18.07987073039473
9980,10944,67.0,-38.025,175.425,18.736131712881615,18.334131712881614
9981,10945,259.0,-38.025,175.475,18.788777870911872,17.234777870911874
9982,10946,325.0,-38.025,175.525,18.81456809901283,16.864568099012832
9983,10947,621.0,-38.025,175.575,18.832311898528133,15.106311898528133
9984,9806,111.0,-38.125,175.625,18.77007979285554,18.10407979285554
9985,9809,162.0,-38.125,175.675,18.742405168595724,17.770405168595723
9986,9812,205.0,-38.125,175.725,18.71542755558039,17.48542755558039
9987,9815,208.0,-38.125,175.775,18.688819015660556,17.440819015660555
9988,10190,119.0,-38.075,175.625,18.82102712779306,18.10702712779306
9989,10198,137.0,-38.075,175.675,18.804324916593032,17.982324916593033
9990,10299,140.0,-38.075,175.725,18.784462576761143,17.944462576761143
9991,10306,180.0,-38.075,175.775,18.76129482118995,17.68129482118995
9992,10825,108.0,-37.975,175.625,18.85449349481496,18.20649349481496
9993,10826,184.0,-37.975,175.675,18.876322160242125,17.772322160242126
9994,10827,154.0,-37.975,175.725,18.878360559872817,17.954360559872818
9995,10828,140.0,-37.975,175.775,18.864430963410996,18.024430963410996
9996,10948,232.0,-38.025,175.625,18.843210435297806,17.451210435297806
9997,10949,142.0,-38.025,175.675,18.84464561045752,17.99264561045752
9998,10950,247.0,-38.025,175.725,18.835769434808753,17.353769434808754
9999,10951,139.0,-38.025,175.775,18.817838551360182,17.983838551360183
10000,9818,240.0,-38.125,175.825,18.662456079444382,17.22245607944438
10001,9821,312.0,-38.125,175.875,18.636546163412277,16.764546163412277
10002,9824,272.0,-38.125,175.925,18.611810633767163,16.979810633767162
10003,10334,235.0,-38.075,175.825,18.735637518635485,17.325637518635485
10004,10340,249.0,-38.075,175.875,18.708969977713423,17.214969977713423
10005,10348,279.0,-38.075,175.925,18.68318250629818,17.00918250629818
10006,10829,111.0,-37.975,175.825,18.839663134596776,18.173663134596776
10007,10830,173.0,-37.975,175.875,18.809428860549815,17.771428860549815
10008,10831,240.0,-37.975,175.925,18.778628218278755,17.338628218278753
10009,10952,144.0,-38.025,175.825,18.793467779556522,17.92946777955652
10010,10953,261.0,-38.025,175.875,18.765891296090558,17.19989129609056
10011,10954,304.0,-38.025,175.925,18.738416422740556,16.91441642274056
10012,9827,427.0,-38.125,175.975,18.589624068379635,16.027624068379634
10013,9830,540.0,-38.125,176.025,18.571665222436422,15.331665222436422
10014,9833,594.0,-38.125,176.075,18.559304894326488,14.995304894326487
10015,9836,455.0,-38.125,176.125,18.55321668635588,15.823216686355881
10016,10434,486.0,-38.075,175.975,18.660356280044653,15.744356280044652
10017,10438,540.0,-38.075,176.025,18.642446613841457,15.402446613841457
10018,10443,572.0,-38.075,176.075,18.630917902337387,15.198917902337387
10019,10458,495.0,-38.075,176.125,18.626468268892495,15.656468268892494
10020,10832,495.0,-37.975,175.975,18.751246251136763,15.781246251136762
10021,10833,537.0,-37.975,176.025,18.730090280179866,15.508090280179866
10022,10834,537.0,-37.975,176.075,18.71668509344454,15.49468509344454
10023,10835,537.0,-37.975,176.125,18.711300144175766,15.489300144175767
10024,10955,468.0,-38.025,175.975,18.714036234800005,15.906036234800006
10025,10956,560.0,-38.025,176.025,18.69512741357903,15.33512741357903
10026,10957,560.0,-38.025,176.075,18.68321958987508,15.32321958987508
10027,10958,528.0,-38.025,176.125,18.67884147859877,15.51084147859877
10028,9839,451.0,-38.125,176.175,18.55318866833113,15.847188668331132
10029,9842,290.0,-38.125,176.225,18.557854356855387,16.81785435685539
10030,9894,282.0,-38.125,176.275,18.56381533469539,16.87181533469539
10031,10464,320.0,-38.075,176.175,18.628827191190794,16.708827191190792
10032,10556,282.0,-38.075,176.225,18.63641453103628,16.94441453103628
10033,10558,282.0,-38.075,176.275,18.645286287763156,16.953286287763156
10034,10836,469.0,-37.975,176.175,18.713000421063043,15.899000421063043
10035,10837,386.0,-37.975,176.225,18.719652338710148,16.40365233871015
10036,10838,315.0,-37.975,176.275,18.72813128613052,16.83813128613052
10037,10959,441.0,-38.025,176.175,18.681370801175945,16.035370801175944
10038,10960,426.0,-38.025,176.225,18.68872560223099,16.132725602230988
10039,10961,387.0,-38.025,176.275,18.69680221111048,16.37480221111048
10040,9895,337.0,-38.125,176.325,18.560920203803107,16.53892020380311
10041,9896,520.0,-38.125,176.375,18.539431559853256,15.419431559853255
10042,9897,464.0,-38.125,176.425,18.52172371695633,15.737723716956332
10043,9898,837.0,-38.125,176.475,18.521459535171743,13.499459535171745
10044,10559,286.0,-38.075,176.325,18.645788026886294,16.929788026886293
10045,10570,335.0,-38.075,176.375,18.632046300481306,16.62204630048131
10046,10576,398.0,-38.075,176.425,18.620388862880645,16.232388862880647
10047,10583,559.0,-38.075,176.475,18.623919934150763,15.269919934150764
10048,10839,279.0,-37.975,176.325,18.735623010637937,17.061623010637938
10049,10840,281.0,-37.975,176.375,18.74248958969838,17.05648958969838
10050,10841,280.0,-37.975,176.425,18.7536356272758,17.0736356272758
10051,10842,259.0,-37.975,176.475,18.776138390094275,17.222138390094276
10052,10962,360.0,-38.025,176.325,18.699973583599785,16.539973583599785
10053,10963,278.0,-38.025,176.375,18.697256531042513,17.029256531042513
10054,10964,278.0,-38.025,176.425,18.69687874504598,17.02887874504598
10055,10965,358.0,-38.025,176.475,18.709030365862418,16.56103036586242
10056,9899,262.0,-38.125,176.525,18.54735726196668,16.975357261966682
10057,9900,271.0,-38.125,176.575,18.60553889287985,16.979538892879848
10058,9902,185.0,-38.125,176.625,18.700377772707725,17.590377772707726
10059,10653,620.0,-38.075,176.525,18.650754100905033,14.930754100905034
10060,10655,439.0,-38.075,176.575,18.706487329181982,16.072487329181982
10061,10664,257.0,-38.075,176.625,18.795294612209545,17.253294612209544
10062,10843,261.0,-37.975,176.525,18.81673362426227,17.25073362426227
10063,10844,245.0,-37.975,176.575,18.88117952956236,17.41117952956236
10064,10845,263.0,-37.975,176.625,18.974675133038545,17.396675133038546
10065,10966,295.0,-38.025,176.525,18.741613759251777,16.971613759251778
10066,10967,317.0,-38.025,176.575,18.800593332300195,16.898593332300194
10067,10968,377.0,-38.025,176.625,18.891275403031614,16.629275403031613
10068,9904,166.0,-38.125,176.675,18.836841306678252,17.840841306678254
10069,9906,155.0,-38.125,176.725,19.02580657415092,18.09580657415092
10070,9908,185.0,-38.125,176.775,19.25894358509686,18.14894358509686
10071,9910,199.0,-38.125,176.825,19.4760012239567,18.2820012239567
10072,10030,302.0,-38.025,176.675,19.02085534625803,17.20885534625803
10073,10038,20.0,-38.025,176.725,19.201689459267072,19.08168945926707
10074,10048,20.0,-38.025,176.775,19.425059869128745,19.305059869128744
10075,10166,17.0,-38.025,176.825,19.612296422972577,19.510296422972576
10076,10669,77.0,-38.075,176.675,18.921947152237408,18.459947152237408
10077,10674,34.0,-38.075,176.725,19.10307284683222,18.89907284683222
10078,10679,58.0,-38.075,176.775,19.350895548035624,19.002895548035625
10079,10684,63.0,-38.075,176.825,19.56300183213898,19.18500183213898
10080,10846,481.0,-37.975,176.675,19.10210338703473,16.21610338703473
10081,10847,188.0,-37.975,176.725,19.264011857419973,18.136011857419973
10082,10848,14.0,-37.975,176.775,19.441039175493643,19.357039175493643
10083,10849,7.0,-37.975,176.825,19.58502009738004,19.543020097380037
10084,9912,257.0,-38.125,176.875,19.639125702960882,18.09712570296088
10085,9915,68.0,-38.125,176.925,19.75256784123485,19.34456784123485
10086,9918,55.0,-38.125,176.975,19.82964510549209,19.499645105492093
10087,9922,74.0,-38.125,177.025,19.87781566864578,19.43381566864578
10088,10171,191.0,-38.025,176.875,19.70332716414123,18.557327164141228
10089,10184,147.0,-38.025,176.925,19.749471755319973,18.867471755319972
10090,10193,23.0,-38.025,176.975,19.769631404516986,19.631631404516984
10091,10202,318.0,-38.025,177.025,19.768324495322304,17.860324495322303
10092,10689,214.0,-38.075,176.875,19.690080103988294,18.406080103988295
10093,10694,74.0,-38.075,176.925,19.76555354334414,19.32155354334414
10094,10699,20.0,-38.075,176.975,19.809816001245053,19.689816001245052
10095,10778,28.0,-38.075,177.025,19.829018630029168,19.66101863002917
10096,10850,10.0,-37.975,176.875,19.665373146010097,19.6053731460101
10097,10851,10.0,-37.975,176.925,19.700718863867223,19.640718863867225
10098,10852,8.0,-37.975,176.975,19.71104856717284,19.66304856717284
10099,10853,99.0,-37.975,177.025,19.700880569114815,19.106880569114814
10100,9925,80.0,-38.125,177.075,19.89747448952403,19.41747448952403
10101,9927,40.0,-38.125,177.125,19.884221089683706,19.644221089683708
10102,9929,153.0,-38.125,177.175,19.854859099083114,18.936859099083115
10103,10297,60.0,-38.025,177.075,19.745629396406002,19.385629396406003
10104,10303,38.0,-38.025,177.175,19.646748185827164,19.418748185827162
10105,10782,160.0,-38.075,177.075,19.822908469097456,18.862908469097455
10106,10786,140.0,-38.075,177.125,19.79187346730032,18.95187346730032
10107,10789,95.0,-38.075,177.175,19.746124914468965,19.176124914468964
10108,9973,617.0,-38.125,177.225,19.827511441719253,16.125511441719254
10109,9974,202.0,-38.125,177.275,19.817310043727048,18.605310043727048
10110,9975,84.0,-38.125,177.325,19.834534339723177,19.330534339723176
10111,9976,290.0,-38.125,177.375,19.879453223431483,18.139453223431484
10112,10320,63.0,-38.025,177.225,19.591644618602004,19.213644618602004
10113,10332,17.0,-38.025,177.275,19.557498355949065,19.455498355949064
10114,10336,20.0,-38.025,177.325,19.577089199592592,19.45708919959259
10115,10344,182.0,-38.025,177.375,19.637961083761184,18.545961083761185
10116,10793,343.0,-38.075,177.225,19.702276008174522,17.644276008174522
10117,10797,20.0,-38.075,177.275,19.679885015822947,19.559885015822946
10118,10801,87.0,-38.075,177.325,19.696084638650063,19.174084638650065
10119,10805,218.0,-38.075,177.375,19.747991852113046,18.439991852113046
10120,9977,109.0,-38.125,177.425,19.94508964382112,19.29108964382112
10121,9978,581.0,-38.125,177.475,20.023600176296895,16.537600176296895
10122,9979,686.0,-38.125,177.525,20.108627152454574,15.992627152454574
10123,10446,52.0,-38.025,177.425,19.719077242800267,19.407077242800266
10124,10449,264.0,-38.025,177.475,19.81127647147514,18.22727647147514
10125,10451,410.0,-38.025,177.525,19.908848397550173,17.448848397550172
10126,10809,380.0,-38.075,177.425,19.822114820417482,17.54211482041748
10127,10813,182.0,-38.075,177.475,19.90858357422985,18.816583574229853
10128,10817,515.0,-38.075,177.525,20.000945851148572,16.910945851148572
10129,10854,94.0,-37.975,177.475,19.73660028082668,19.17260028082668
10130,10855,318.0,-37.975,177.525,19.835907660017256,17.927907660017254
10131,9980,406.0,-38.125,177.575,20.19526086995029,17.75926086995029
10132,9981,615.0,-38.125,177.625,20.279667255090317,16.589667255090315
10133,9982,424.0,-38.125,177.675,20.358851540338947,17.814851540338946
10134,9983,442.0,-38.125,177.725,20.430562473280588,17.778562473280587
10135,10457,402.0,-38.025,177.575,20.00770858861506,17.59570858861506
10136,10465,354.0,-38.025,177.625,20.10476833343273,17.98076833343273
10137,10563,205.0,-38.025,177.675,20.19766732203425,18.96766732203425
10138,10568,987.0,-38.025,177.725,20.284653863316635,14.362653863316634
10139,10821,397.0,-38.075,177.575,20.09462236071704,17.712622360717038
10140,10856,276.0,-37.975,177.575,19.93724944218411,18.281249442184112
10141,10857,448.0,-37.975,177.625,20.037611302017467,17.34961130201747
10142,10858,836.0,-37.975,177.675,20.134713529754663,15.118713529754665
10143,10859,745.0,-37.975,177.725,20.226866083568893,15.756866083568895
10144,10878,518.0,-38.075,177.625,20.186166825908003,17.078166825908003
10145,10879,484.0,-38.075,177.675,20.272945058328332,17.368945058328332
10146,10880,591.0,-38.075,177.725,20.35300395239028,16.807003952390282
10147,9984,360.0,-38.125,177.775,20.49327730204095,18.33327730204095
10148,9985,586.0,-38.125,177.825,20.546209017833462,17.030209017833464
10149,9986,762.0,-38.125,177.875,20.589285883208504,16.017285883208505
10150,9987,687.0,-38.125,177.925,20.62306764573441,16.50106764573441
10151,10573,629.0,-38.025,177.775,20.36452809983166,16.59052809983166
10152,10579,695.0,-38.025,177.825,20.436603718670085,16.266603718670083
10153,10658,1175.0,-38.025,177.875,20.50066061556572,13.45066061556572
10154,10660,831.0,-38.025,177.925,20.556872439250583,15.570872439250582
10155,10860,439.0,-37.975,177.775,20.312889959051972,17.678889959051972
10156,10861,881.0,-37.975,177.825,20.392062269325834,15.106062269325832
10157,10862,564.0,-37.975,177.875,20.464061144855805,17.080061144855804
10158,10863,1058.0,-37.975,177.925,20.528897322394187,14.180897322394188
10159,10881,1031.0,-38.075,177.775,20.425023788004182,14.239023788004182
10160,10882,1070.0,-38.075,177.825,20.488294082897482,14.068294082897484
10161,10883,1033.0,-38.075,177.875,20.542673843970988,14.344673843970988
10162,10884,777.0,-38.075,177.925,20.58851213316666,15.92651213316666
10163,9988,558.0,-38.125,177.975,20.648586030263687,17.300586030263688
10164,9989,565.0,-38.125,178.025,20.66712555216509,17.27712555216509
10165,9990,340.0,-38.125,178.075,20.67998423409881,18.63998423409881
10166,10665,635.0,-38.025,177.975,20.60570374832605,16.79570374832605
10167,10670,627.0,-38.025,178.025,20.64778153464431,16.88578153464431
10168,10675,368.0,-38.025,178.075,20.683752694545547,18.475752694545548
10169,10864,989.0,-37.975,177.975,20.5868275842804,14.652827584280399
10170,10865,931.0,-37.975,178.025,20.638251815573312,15.052251815573312
10171,10866,869.0,-37.975,178.075,20.683599262847565,15.469599262847566
10172,10887,594.0,-38.075,177.975,20.626521167811006,17.062521167811006
10173,10890,596.0,-38.075,178.025,20.657611074566375,17.081611074566375
10174,10892,428.0,-38.075,178.075,20.682708418607945,18.114708418607943
10175,9991,536.0,-38.125,178.125,20.68826279626228,17.472262796262278
10176,9992,222.0,-38.125,178.175,20.692724567546975,19.360724567546974
10177,9993,154.0,-38.125,178.225,20.69375581710483,19.76975581710483
10178,9994,175.0,-38.125,178.275,20.691444310185034,19.641444310185033
10179,10680,495.0,-38.025,178.125,20.714140496740583,17.744140496740584
10180,10685,340.0,-38.025,178.175,20.739209974883124,18.699209974883125
10181,10690,287.0,-38.025,178.225,20.758854752319166,19.036854752319165
10182,10695,202.0,-38.025,178.275,20.772567238193005,19.560567238193006
10183,10867,345.0,-37.975,178.125,20.723208841256564,18.653208841256564
10184,10868,314.0,-37.975,178.175,20.757200847321656,18.873200847321655
10185,10869,265.0,-37.975,178.225,20.785320316208526,19.195320316208527
10186,10870,279.0,-37.975,178.275,20.80672395339934,19.132723953399342
10187,10894,338.0,-38.075,178.125,20.702585887134774,18.674585887134775
10188,10896,432.0,-38.075,178.175,20.717729701689677,18.12572970168968
10189,10898,332.0,-38.075,178.225,20.728274982771836,18.736274982771835
10190,10900,212.0,-38.075,178.275,20.734061360912165,19.462061360912166
10191,10700,98.0,-38.025,178.325,20.77971434185747,20.19171434185747
10192,10871,329.0,-37.975,178.325,20.81999260536395,18.84599260536395
10193,10902,314.0,-38.075,178.325,20.734874111629324,18.850874111629324
10194,10206,84.0,-37.825,174.825,17.848370165156666,17.344370165156665
10195,10815,255.0,-37.875,174.775,17.77293641027063,16.24293641027063
10196,10819,255.0,-37.875,174.825,17.649586609360995,16.119586609360994
10197,10872,21.0,-37.925,174.825,17.478444284788566,17.352444284788564
10198,10873,90.0,-37.925,174.875,17.39412060606992,16.85412060606992
10199,10886,134.0,-37.875,174.875,17.543563863058807,16.73956386305881
10200,10207,51.0,-37.825,174.925,17.624953922000714,17.318953922000713
10201,10208,21.0,-37.825,174.975,17.54147210199153,17.41547210199153
10202,10209,60.0,-37.825,175.025,17.482836852344917,17.122836852344918
10203,10874,230.0,-37.925,174.925,17.332746208965546,15.952746208965547
10204,10875,217.0,-37.925,174.975,17.298723743238952,15.996723743238952
10205,10876,137.0,-37.925,175.025,17.29977934146882,16.47777934146882
10206,10888,99.0,-37.875,174.925,17.45680881786393,16.86280881786393
10207,10889,414.0,-37.875,174.975,17.3928916908917,14.908891690891702
10208,10891,92.0,-37.875,175.025,17.359437956882175,16.807437956882175
10209,10019,60.0,-37.925,175.125,17.445916964730714,17.085916964730714
10210,10023,20.0,-37.925,175.175,17.59155533183366,17.47155533183366
10211,10026,39.0,-37.925,175.225,17.768464373628376,17.534464373628374
10212,10210,130.0,-37.825,175.075,17.463849180494435,16.683849180494434
10213,10211,38.0,-37.825,175.125,17.52482004914782,17.29682004914782
10214,10212,42.0,-37.825,175.175,17.637134349672124,17.385134349672125
10215,10213,41.0,-37.825,175.225,17.766993869125145,17.520993869125146
10216,10877,169.0,-37.925,175.075,17.34656010949402,16.332560109494022
10217,10893,143.0,-37.875,175.075,17.372074248589342,16.514074248589342
10218,10895,40.0,-37.875,175.125,17.447670202644076,17.207670202644078
10219,10897,20.0,-37.875,175.175,17.57411872499506,17.45411872499506
10220,10899,37.0,-37.875,175.225,17.727694414032158,17.505694414032156
10221,10033,41.0,-37.925,175.275,17.962257740233326,17.716257740233328
10222,10042,60.0,-37.925,175.325,18.159049351525027,17.799049351525028
10223,10052,62.0,-37.925,175.375,18.34096480871085,17.96896480871085
10224,10214,50.0,-37.825,175.275,17.90890234251856,17.608902342518558
10225,10215,40.0,-37.825,175.325,18.07995854257024,17.83995854257024
10226,10216,48.0,-37.825,175.375,18.28566823338042,17.99766823338042
10227,10901,60.0,-37.875,175.275,17.897500439343276,17.537500439343276
10228,10903,44.0,-37.875,175.325,18.08195416929084,17.81795416929084
10229,10905,48.0,-37.875,175.375,18.272314769012155,17.984314769012155
10230,10156,60.0,-37.925,175.425,18.490145296644187,18.130145296644187
10231,10161,71.0,-37.925,175.475,18.602946077415254,18.176946077415256
10232,10167,89.0,-37.925,175.525,18.708637360017747,18.174637360017748
10233,10174,105.0,-37.925,175.575,18.808153930382105,18.178153930382106
10234,10217,56.0,-37.825,175.425,18.489595262799412,18.153595262799413
10235,10218,71.0,-37.825,175.475,18.671515224967152,18.245515224967154
10236,10219,282.0,-37.825,175.525,18.826894365658518,17.134894365658518
10237,10220,197.0,-37.825,175.575,18.948451491683954,17.766451491683956
10238,10908,63.0,-37.875,175.425,18.447885944886366,18.069885944886366
10239,10969,71.0,-37.875,175.475,18.59817656161613,18.17217656161613
10240,10970,88.0,-37.875,175.525,18.733904028282268,18.20590402828227
10241,10971,118.0,-37.875,175.575,18.851333492522826,18.143333492522828
10242,10186,171.0,-37.925,175.625,18.877740897412878,17.851740897412878
10243,10194,101.0,-37.925,175.675,18.91452249014401,18.308522490144007
10244,10203,100.0,-37.925,175.725,18.922113787091803,18.3221137870918
10245,10221,185.0,-37.825,175.625,19.024961967836134,17.914961967836135
10246,10222,179.0,-37.825,175.675,19.05290538762347,17.978905387623467
10247,10223,80.0,-37.825,175.725,19.039134361140896,18.559134361140895
10248,10224,69.0,-37.825,175.775,18.99662746663671,18.58262746663671
10249,10301,80.0,-37.925,175.775,18.907295807643095,18.427295807643095
10250,10972,314.0,-37.875,175.625,18.932098196266452,17.04809819626645
10251,10973,179.0,-37.875,175.675,18.97161239795969,17.897612397959687
10252,10974,82.0,-37.875,175.725,18.974743847094942,18.48274384709494
10253,10975,78.0,-37.875,175.775,18.950987271906342,18.482987271906342
10254,10225,73.0,-37.825,175.825,18.939124897005968,18.50112489700597
10255,10226,125.0,-37.825,175.875,18.877905563073,18.127905563073
10256,10227,565.0,-37.825,175.925,18.82118380194879,15.43118380194879
10257,10304,100.0,-37.925,175.825,18.87798460837803,18.277984608378027
10258,10316,107.0,-37.925,175.875,18.841788784367964,18.199788784367964
10259,10326,394.0,-37.925,175.925,18.805168688704725,16.441168688704725
10260,10976,70.0,-37.875,175.825,18.911025492474437,18.491025492474435
10261,10977,67.0,-37.875,175.875,18.864511666062754,18.462511666062753
10262,10978,343.0,-37.875,175.925,18.819150115712546,16.761150115712546
10263,10228,296.0,-37.825,175.975,18.77475382378907,16.99875382378907
10264,10229,180.0,-37.825,176.025,18.741669834707864,17.661669834707865
10265,10230,224.0,-37.825,176.075,18.72170535143232,17.37770535143232
10266,10231,161.0,-37.825,176.125,18.713363309914712,17.74736330991471
10267,10330,458.0,-37.925,175.975,18.77301944917417,16.02501944917417
10268,10335,444.0,-37.925,176.025,18.748457959940424,16.084457959940423
10269,10343,463.0,-37.925,176.075,18.732847775158007,15.954847775158006
10270,10440,486.0,-37.925,176.125,18.726109539915342,15.810109539915342
10271,10979,416.0,-37.875,175.975,18.780494197359076,16.284494197359077
10272,10980,322.0,-37.875,176.025,18.75173489039298,16.819734890392983
10273,10981,346.0,-37.875,176.075,18.733752101223217,16.657752101223217
10274,10982,346.0,-37.875,176.125,18.725909861095715,16.649909861095715
10275,10232,241.0,-37.825,176.175,18.71498008299386,17.26898008299386
10276,10233,346.0,-37.825,176.225,18.724904420756502,16.6489044207565
10277,10234,160.0,-37.825,176.275,18.74174742086325,17.781747420863248
10278,10454,394.0,-37.925,176.175,18.727088549203472,16.36308854920347
10279,10461,346.0,-37.925,176.225,18.733864710782655,16.657864710782654
10280,10468,250.0,-37.925,176.275,18.744245192589005,17.244245192589005
10281,10983,368.0,-37.875,176.175,18.72681468675728,16.51881468675728
10282,10984,441.0,-37.875,176.225,18.73473429773003,16.088734297730028
10283,10985,292.0,-37.875,176.275,18.748037796700373,16.996037796700374
10284,10235,75.0,-37.825,176.325,18.764753876545,18.314753876545
10285,10236,40.0,-37.825,176.375,18.79412015824346,18.55412015824346
10286,10237,20.0,-37.825,176.425,18.83103804590064,18.71103804590064
10287,10238,16.0,-37.825,176.475,18.87736914458219,18.78136914458219
10288,10557,171.0,-37.925,176.325,18.75678459982737,17.73078459982737
10289,10560,216.0,-37.925,176.375,18.772120039036963,17.476120039036964
10290,10566,201.0,-37.925,176.425,18.793464248388773,17.587464248388773
10291,10571,162.0,-37.925,176.475,18.825657729321392,17.85365772932139
10292,10986,235.0,-37.875,176.325,18.765840862732148,17.355840862732148
10293,10987,78.0,-37.875,176.375,18.788652941409964,18.320652941409964
10294,10988,61.0,-37.875,176.425,18.818560097162845,18.452560097162845
10295,10989,72.0,-37.875,176.475,18.858737033297075,18.426737033297076
10296,10239,20.0,-37.825,176.525,18.935045365447877,18.815045365447876
10297,10240,20.0,-37.825,176.575,19.005327178630978,18.885327178630977
10298,10577,175.0,-37.925,176.525,18.87380300273071,17.82380300273071
10299,10582,159.0,-37.925,176.575,18.942411995347356,17.988411995347356
10300,10652,85.0,-37.925,176.625,19.034849411953473,18.524849411953472
10301,10990,78.0,-37.875,176.525,18.9126024050056,18.4446024050056
10302,10991,101.0,-37.875,176.575,18.98296552404645,18.376965524046447
10303,10992,104.0,-37.875,176.625,19.07108067261288,18.44708067261288
10304,10654,206.0,-37.925,176.675,19.15195462552947,17.91595462552947
10305,10661,174.0,-37.925,176.725,19.288056584715378,18.244056584715377
10306,10666,8.0,-37.925,176.775,19.425217833544593,19.377217833544595
10307,10671,5.0,-37.925,176.825,19.536128981329966,19.506128981329965
10308,10993,99.0,-37.875,176.675,19.175158346188255,18.581158346188253
10309,10676,6.0,-37.925,176.875,19.60376744333189,19.56776744333189
10310,10681,4.0,-37.925,176.925,19.634502613684162,19.61050261368416
10311,10241,80.0,-37.825,177.625,19.9259334836388,19.4459334836388
10312,10242,391.0,-37.825,177.675,20.024317036411958,17.678317036411958
10313,10243,179.0,-37.825,177.725,20.121285189321497,19.047285189321496
10314,10686,139.0,-37.925,177.575,19.884337809256976,19.050337809256977
10315,10691,264.0,-37.925,177.625,19.98567046035896,18.40167046035896
10316,10696,187.0,-37.925,177.675,20.084933337406255,18.962933337406255
10317,10701,145.0,-37.925,177.725,20.18037595669739,19.31037595669739
10318,10994,189.0,-37.875,177.625,19.948787607369013,18.814787607369013
10319,10995,573.0,-37.875,177.675,20.04835038384772,16.61035038384772
10320,10996,383.0,-37.875,177.725,20.145310947322287,17.847310947322285
10321,10244,894.0,-37.825,177.775,20.21538304918795,14.851383049187948
10322,10245,811.0,-37.825,177.825,20.305553166923346,15.439553166923346
10323,10246,712.0,-37.825,177.875,20.391062823618995,16.119062823618997
10324,10247,276.0,-37.825,177.925,20.47143604067969,18.815436040679693
10325,10769,896.0,-37.925,177.775,20.270754207711434,14.894754207711433
10326,10771,241.0,-37.925,177.825,20.35525438436889,18.90925438436889
10327,10773,363.0,-37.925,177.875,20.433427697542356,18.255427697542356
10328,10776,740.0,-37.925,177.925,20.5051219232555,16.0651219232555
10329,10997,339.0,-37.875,177.775,20.238316464907257,18.204316464907258
10330,10998,575.0,-37.875,177.825,20.326431450346718,16.87643145034672
10331,10999,581.0,-37.875,177.875,20.409064482722897,16.923064482722896
10332,11000,720.0,-37.875,177.925,20.485898711514892,16.16589871151489
10333,10040,738.0,-37.875,177.975,20.556820100202458,16.128820100202457
10334,10051,560.0,-37.875,178.025,20.621841329411836,17.261841329411837
10335,10157,491.0,-37.875,178.075,20.681021253898507,17.735021253898505
10336,10248,656.0,-37.825,177.975,20.54638576848083,16.610385768480832
10337,10249,694.0,-37.825,178.025,20.615743693168042,16.45174369316804
10338,10250,616.0,-37.825,178.075,20.679385822062613,16.983385822062615
10339,10779,1115.0,-37.925,177.975,20.570404449506896,13.880404449506894
10340,10783,1212.0,-37.925,178.025,20.629476233618334,13.357476233618335
10341,10787,1277.0,-37.925,178.075,20.68257897227886,13.020578972278862
10342,10160,469.0,-37.875,178.125,20.734379063011147,17.920379063011147
10343,10175,218.0,-37.875,178.175,20.781796723720618,19.473796723720618
10344,10183,116.0,-37.875,178.225,20.822884630819317,20.126884630819315
10345,10195,72.0,-37.875,178.275,20.856705209123902,20.424705209123903
10346,10251,496.0,-37.825,178.125,20.73715036577778,17.76115036577778
10347,10252,764.0,-37.825,178.175,20.78873818437569,16.20473818437569
10348,10253,415.0,-37.825,178.225,20.833570451301057,18.343570451301055
10349,10254,142.0,-37.825,178.275,20.87056371930521,20.01856371930521
10350,10791,869.0,-37.925,178.125,20.729897202778375,15.515897202778376
10351,10795,329.0,-37.925,178.175,20.771450852102134,18.797450852102134
10352,10799,104.0,-37.925,178.225,20.806953481165692,20.182953481165693
10353,10803,112.0,-37.925,178.275,20.835527829418425,20.163527829418424
10354,10204,50.0,-37.875,178.325,20.88075575273251,20.58075575273251
10355,10205,173.0,-37.875,178.375,20.89310699759517,19.85510699759517
10356,10255,93.0,-37.825,178.325,20.89808411040576,20.340084110405762
10357,10256,33.0,-37.825,178.375,20.915580516390037,20.717580516390036
10358,10257,200.0,-37.825,178.425,20.924878251506016,19.724878251506016
10359,10807,462.0,-37.925,178.325,20.854759585345164,18.082759585345165
10360,10811,69.0,-37.925,178.375,20.862909289833624,20.448909289833622
10361,10258,103.0,-37.775,174.875,17.94472960618441,17.32672960618441
10362,10300,103.0,-37.725,174.825,18.305907626607222,17.687907626607224
10363,10305,79.0,-37.725,174.875,18.183784577820916,17.709784577820916
10364,10722,64.0,-37.675,174.825,18.540638574049808,18.156638574049808
10365,10723,44.0,-37.675,174.875,18.428161181131145,18.164161181131146
10366,10764,95.0,-37.625,174.825,18.75591808836907,18.18591808836907
10367,10765,22.0,-37.625,174.875,18.6557687309396,18.523768730939597
10368,10001,84.0,-37.625,175.025,18.603159133839654,18.099159133839652
10369,10259,22.0,-37.775,174.975,17.7518543577753,17.6198543577753
10370,10260,161.0,-37.775,175.025,17.691509586788015,16.725509586788014
10371,10333,80.0,-37.725,174.925,18.085399958770722,17.60539995877072
10372,10341,38.0,-37.725,174.975,18.013140454131644,17.785140454131643
10373,10349,104.0,-37.725,175.025,17.971133213490248,17.34713321349025
10374,10724,117.0,-37.675,174.925,18.347169615415623,17.645169615415625
10375,10725,116.0,-37.675,174.975,18.29957067419309,17.60357067419309
10376,10726,209.0,-37.675,175.025,18.286060858285055,17.032060858285053
10377,10766,109.0,-37.625,174.925,18.597160885343328,17.943160885343328
10378,10767,117.0,-37.625,174.975,18.580904350325,17.878904350325
10379,10002,97.0,-37.625,175.075,18.65548855342786,18.073488553427858
10380,10003,113.0,-37.625,175.125,18.726010928396136,18.048010928396135
10381,10004,18.0,-37.625,175.175,18.803317414742196,18.695317414742195
10382,10005,20.0,-37.625,175.225,18.88248947923421,18.76248947923421
10383,10261,81.0,-37.775,175.075,17.671377272548852,17.185377272548852
10384,10262,26.0,-37.775,175.125,17.717033070832258,17.56103307083226
10385,10263,23.0,-37.775,175.175,17.80835799293709,17.670357992937088
10386,10264,41.0,-37.775,175.225,17.915446153463563,17.669446153463564
10387,10445,209.0,-37.725,175.075,17.967534187453566,16.713534187453565
10388,10447,20.0,-37.725,175.125,18.008390039001824,17.888390039001823
10389,10448,40.0,-37.725,175.175,18.083010513306363,17.843010513306364
10390,10450,24.0,-37.725,175.225,18.175463054241845,18.031463054241847
10391,10727,131.0,-37.675,175.075,18.306280979624717,17.520280979624715
10392,10728,191.0,-37.675,175.125,18.356469718390144,17.210469718390144
10393,10729,27.0,-37.675,175.175,18.427807283238508,18.26580728323851
10394,10730,33.0,-37.675,175.225,18.51275533469743,18.31475533469743
10395,10006,33.0,-37.625,175.275,18.967669336067047,18.769669336067047
10396,10007,30.0,-37.625,175.325,19.067194140225183,18.887194140225184
10397,10008,31.0,-37.625,175.375,19.184470566222444,18.998470566222444
10398,10265,20.0,-37.775,175.275,18.03222561016446,17.91222561016446
10399,10266,49.0,-37.775,175.325,18.185634589288384,17.891634589288383
10400,10267,41.0,-37.775,175.375,18.400528534228215,18.154528534228216
10401,10456,40.0,-37.725,175.275,18.284571449563373,18.044571449563374
10402,10463,40.0,-37.725,175.325,18.42949549452169,18.18949549452169
10403,10555,45.0,-37.725,175.375,18.61762837297283,18.34762837297283
10404,10731,32.0,-37.675,175.275,18.613421203859616,18.421421203859616
10405,10732,30.0,-37.675,175.325,18.73991904887953,18.55991904887953
10406,10733,40.0,-37.675,175.375,18.894699933269294,18.654699933269296
10407,10009,38.0,-37.625,175.425,19.313358762621647,19.085358762621645
10408,10010,30.0,-37.625,175.475,19.44099762229598,19.26099762229598
10409,10011,37.0,-37.625,175.525,19.55072046283749,19.328720462837488
10410,10012,20.0,-37.625,175.575,19.619642451551044,19.499642451551043
10411,10268,52.0,-37.775,175.425,18.6168867542292,18.304886754229198
10412,10269,158.0,-37.775,175.475,18.812115659355186,17.864115659355186
10413,10270,164.0,-37.775,175.525,18.974359948100755,17.990359948100757
10414,10271,156.0,-37.775,175.575,19.09167709943722,18.15567709943722
10415,10562,47.0,-37.725,175.425,18.818591411953093,18.536591411953093
10416,10565,86.0,-37.725,175.475,19.006252579099964,18.490252579099966
10417,10569,60.0,-37.725,175.525,19.162239680881612,18.802239680881613
10418,10575,48.0,-37.725,175.575,19.26787020516349,18.97987020516349
10419,10734,46.0,-37.675,175.425,19.063760961580556,18.787760961580556
10420,10735,42.0,-37.675,175.475,19.22751262487145,18.975512624871453
10421,10736,53.0,-37.675,175.525,19.36623045761371,19.04823045761371
10422,10737,33.0,-37.675,175.575,19.455890160403214,19.257890160403214
10423,10013,24.0,-37.625,175.625,19.604114481655415,19.460114481655417
10424,10014,31.0,-37.625,175.675,19.449762981501408,19.263762981501408
10425,10015,30.0,-37.625,175.725,19.243415519304108,19.063415519304108
10426,10016,20.0,-37.625,175.775,19.062791555625154,18.942791555625153
10427,10272,62.0,-37.775,175.625,19.152793403773103,18.780793403773103
10428,10273,78.0,-37.775,175.675,19.155692678352352,18.687692678352352
10429,10274,79.0,-37.775,175.725,19.111960328911664,18.637960328911664
10430,10275,52.0,-37.775,175.775,19.04075722050038,18.72875722050038
10431,10581,40.0,-37.725,175.625,19.305105982959503,19.065105982959505
10432,10656,57.0,-37.725,175.675,19.270042933902005,18.928042933902006
10433,10659,42.0,-37.725,175.725,19.18315143621294,18.93115143621294
10434,10663,47.0,-37.725,175.775,19.07490349933505,18.79290349933505
10435,10738,43.0,-37.675,175.625,19.464891776791774,19.206891776791775
10436,10739,30.0,-37.675,175.675,19.37823809593101,19.19823809593101
10437,10740,32.0,-37.675,175.725,19.23517791304039,19.043177913040388
10438,10741,31.0,-37.675,175.775,19.086355874547735,18.900355874547735
10439,10017,449.0,-37.625,175.825,18.918842121434864,16.224842121434865
10440,10018,232.0,-37.625,175.875,18.80536139398464,17.41336139398464
10441,10020,42.0,-37.625,175.925,18.718187462509377,18.466187462509378
10442,10276,47.0,-37.775,175.825,18.95971622504294,18.67771622504294
10443,10277,154.0,-37.775,175.875,18.880918322392972,17.956918322392973
10444,10278,482.0,-37.775,175.925,18.81167968697264,15.91967968697264
10445,10668,40.0,-37.725,175.825,18.96733617244172,18.72733617244172
10446,10673,480.0,-37.725,175.875,18.871340787998633,15.991340787998634
10447,10678,440.0,-37.725,175.925,18.79159334648284,16.15159334648284
10448,10742,58.0,-37.675,175.825,18.955044836795423,18.607044836795424
10449,10743,690.0,-37.675,175.875,18.84637682524044,14.70637682524044
10450,10744,243.0,-37.675,175.925,18.760495305323275,17.302495305323276
10451,10279,460.0,-37.775,175.975,18.757136284781154,15.997136284781154
10452,10280,215.0,-37.775,176.025,18.720525322773028,17.43052532277303
10453,10281,50.0,-37.775,176.075,18.699279451509938,18.399279451509937
10454,10282,80.0,-37.775,176.125,18.69110544049181,18.21110544049181
10455,10683,301.0,-37.725,175.975,18.73102314589778,16.92502314589778
10456,10688,210.0,-37.725,176.025,18.691289127105847,17.431289127105845
10457,10693,122.0,-37.725,176.075,18.669111809984315,17.937111809984316
10458,10698,37.0,-37.725,176.125,18.661664141487563,18.43966414148756
10459,10745,121.0,-37.675,175.975,18.697173496882897,17.971173496882898
10460,10746,24.0,-37.675,176.025,18.655601630511228,18.51160163051123
10461,10747,20.0,-37.675,176.075,18.633288029028336,18.513288029028335
10462,10748,3.0,-37.675,176.125,18.62733180518262,18.60933180518262
10463,10283,163.0,-37.775,176.175,18.694152931770077,17.716152931770075
10464,10284,286.0,-37.775,176.225,18.706739634857513,16.990739634857512
10465,10285,21.0,-37.775,176.275,18.727484285016544,18.601484285016543
10466,10703,19.0,-37.725,176.225,18.682544003037037,18.568544003037037
10467,10704,56.0,-37.725,176.275,18.70743471366586,18.371434713665863
10468,10749,9.0,-37.675,176.225,18.654661763779586,18.600661763779588
10469,10021,45.0,-37.625,176.425,18.806687853502808,18.53668785350281
10470,10286,15.0,-37.775,176.325,18.75551935637486,18.665519356374862
10471,10287,7.0,-37.775,176.375,18.79064255845151,18.748642558451508
10472,10288,6.0,-37.775,176.425,18.8332912826736,18.797291282673598
10473,10705,9.0,-37.725,176.325,18.74032426654594,18.68632426654594
10474,10289,389.0,-37.775,177.725,20.1075473765668,17.7735473765668
10475,10706,171.0,-37.725,177.725,20.103140155493747,19.077140155493748
10476,10022,55.0,-37.625,177.925,20.46198752638884,20.13198752638884
10477,10290,480.0,-37.775,177.775,20.201467313163448,17.32146731316345
10478,10291,292.0,-37.775,177.825,20.29235200874973,18.540352008749732
10479,10292,552.0,-37.775,177.875,20.379346569243353,17.06734656924335
10480,10293,192.0,-37.775,177.925,20.46183285166626,19.309832851666258
10481,10707,298.0,-37.725,177.775,20.195897736848565,18.407897736848565
10482,10708,703.0,-37.725,177.825,20.28640537962201,16.06840537962201
10483,10709,399.0,-37.725,177.875,20.37371810132754,17.979718101327542
10484,10710,289.0,-37.725,177.925,20.457103341643233,18.72310334164323
10485,10750,96.0,-37.675,177.825,20.287202582578175,19.711202582578174
10486,10751,22.0,-37.675,177.875,20.373898864578223,20.24189886457822
10487,10752,234.0,-37.675,177.925,20.457192545494763,19.053192545494763
10488,10025,350.0,-37.625,177.975,20.540743154706433,18.440743154706432
10489,10028,213.0,-37.625,178.025,20.61518951348262,19.33718951348262
10490,10035,242.0,-37.625,178.075,20.684747348190285,19.232747348190287
10491,10294,377.0,-37.775,177.975,20.539367242745357,18.277367242745356
10492,10295,837.0,-37.775,178.025,20.611616225389298,15.5896162253893
10493,10296,1099.0,-37.775,178.075,20.678287982125767,14.084287982125765
10494,10711,357.0,-37.725,177.975,20.535987373325042,18.393987373325043
10495,10712,211.0,-37.725,178.025,20.60989914694801,19.34389914694801
10496,10713,391.0,-37.725,178.075,20.67841171368491,18.33241171368491
10497,10753,367.0,-37.675,177.975,20.53641320456518,18.33441320456518
10498,10754,328.0,-37.675,178.025,20.610987482359633,18.642987482359633
10499,10755,185.0,-37.675,178.075,20.680393501592334,19.570393501592335
10500,10031,1036.0,-37.775,178.125,20.73905741231283,14.523057412312832
10501,10039,752.0,-37.775,178.175,20.79348111525178,16.28148111525178
10502,10045,171.0,-37.625,178.125,20.748871999850962,19.722871999850963
10503,10049,397.0,-37.775,178.225,20.840906237834133,18.45890623783413
10504,10155,167.0,-37.775,178.275,20.880432731006294,19.878432731006296
10505,10165,659.0,-37.625,178.175,20.807042580738198,16.853042580738197
10506,10172,341.0,-37.625,178.225,20.85877794091357,18.81277794091357
10507,10185,498.0,-37.625,178.275,20.903689814149402,17.915689814149403
10508,10714,770.0,-37.725,178.125,20.741082291293424,16.121082291293423
10509,10715,262.0,-37.725,178.175,20.79739652806893,19.22539652806893
10510,10716,619.0,-37.725,178.225,20.846737858257256,17.132737858257258
10511,10717,176.0,-37.725,178.275,20.88843927939888,19.83243927939888
10512,10756,415.0,-37.675,178.125,20.74411911610514,18.254119116105137
10513,10757,446.0,-37.675,178.175,20.8016333032283,18.1256333032283
10514,10758,334.0,-37.675,178.225,20.85238988942001,18.84838988942001
10515,10759,67.0,-37.675,178.275,20.895892795175314,20.493892795175313
10516,10162,139.0,-37.775,178.325,20.911170914478134,20.077170914478135
10517,10170,144.0,-37.775,178.375,20.93299286108231,20.06899286108231
10518,10179,45.0,-37.775,178.425,20.94689585751621,20.67689585751621
10519,10192,9.0,-37.625,178.325,20.941567254951224,20.887567254951225
10520,10718,149.0,-37.725,178.325,20.922002136998344,20.028002136998346
10521,10719,106.0,-37.725,178.375,20.947432174929418,20.31143217492942
10522,10720,235.0,-37.725,178.425,20.965363535447977,19.555363535447977
10523,10760,72.0,-37.675,178.325,20.93183684296673,20.499836842966733
10524,10761,121.0,-37.675,178.375,20.960265896457713,20.234265896457714
10525,10762,204.0,-37.675,178.425,20.981620578619186,19.757620578619186
10526,10199,9.0,-37.775,178.475,20.954328027146403,20.900328027146404
10527,10721,175.0,-37.725,178.475,20.976803146942984,19.926803146942984
10528,10763,211.0,-37.675,178.475,20.996623063576408,19.73062306357641
10529,10201,58.0,-37.575,174.775,19.06696003160323,18.71896003160323
10530,10309,189.0,-37.575,174.825,18.930637263605604,17.796637263605604
10531,10311,101.0,-37.575,174.875,18.841735001362395,18.235735001362393
10532,10774,21.0,-37.525,174.775,19.185330517124385,19.059330517124383
10533,10777,193.0,-37.525,174.825,19.042630674754037,17.884630674754035
10534,10780,135.0,-37.525,174.875,18.9603621972783,18.1503621972783
10535,10920,75.0,-37.475,174.775,19.229090231499868,18.77909023149987
10536,10921,20.0,-37.475,174.825,19.06999501620885,18.94999501620885
10537,10922,80.0,-37.475,174.875,18.98734027237515,18.50734027237515
10538,10313,61.0,-37.575,174.925,18.806963471812196,18.440963471812196
10539,10315,67.0,-37.575,174.975,18.826120171375806,18.424120171375804
10540,10318,197.0,-37.575,175.025,18.89081256656209,17.70881256656209
10541,10784,105.0,-37.525,174.925,18.94770727874129,18.317707278741292
10542,10788,53.0,-37.525,174.975,19.003816453012405,18.685816453012404
10543,10792,28.0,-37.525,175.025,19.116483032150427,18.948483032150428
10544,10923,144.0,-37.475,174.925,18.992600971163483,18.128600971163483
10545,10924,79.0,-37.475,174.975,19.083697125694016,18.609697125694016
10546,10925,20.0,-37.475,175.025,19.245708902715705,19.125708902715704
10547,10328,61.0,-37.575,175.075,18.984335163549986,18.618335163549986
10548,10339,11.0,-37.575,175.125,19.084672313241754,19.018672313241755
10549,10347,112.0,-37.575,175.175,19.173349133430747,18.501349133430747
10550,10436,20.0,-37.575,175.225,19.24539610472857,19.12539610472857
10551,10796,25.0,-37.525,175.075,19.260912196798017,19.11091219679802
10552,10800,20.0,-37.525,175.125,19.40116138951271,19.281161389512707
10553,10804,21.0,-37.525,175.175,19.50478831655346,19.378788316553457
10554,10808,102.0,-37.525,175.225,19.56669129538932,18.95469129538932
10555,10926,19.0,-37.475,175.075,19.448844108905178,19.334844108905177
10556,10927,14.0,-37.475,175.125,19.641641325870296,19.557641325870296
10557,10928,10.0,-37.475,175.175,19.76264205056941,19.702642050569413
10558,10929,17.0,-37.475,175.225,19.810596026072744,19.708596026072744
10559,10444,12.0,-37.575,175.275,19.308954177540727,19.236954177540728
10560,10453,20.0,-37.575,175.325,19.375498993496876,19.255498993496875
10561,10460,41.0,-37.575,175.375,19.451255551510258,19.20525555151026
10562,10812,28.0,-37.525,175.275,19.604500834393548,19.43650083439355
10563,10816,20.0,-37.525,175.325,19.635925388138276,19.515925388138275
10564,10820,24.0,-37.525,175.375,19.669650944240857,19.52565094424086
10565,10930,40.0,-37.475,175.275,19.82388144172728,19.583881441727282
10566,10931,156.0,-37.475,175.325,19.825288194377208,18.889288194377208
10567,10932,442.0,-37.475,175.375,19.82336822641082,17.17136822641082
10568,10043,76.0,-37.475,175.475,19.799884475942235,19.343884475942236
10569,10053,9.0,-37.475,175.525,19.756358433311107,19.702358433311108
10570,10054,11.0,-37.475,175.575,19.668078387941932,19.602078387941933
10571,10467,58.0,-37.575,175.425,19.53421126268222,19.18621126268222
10572,10554,74.0,-37.575,175.475,19.615217482001754,19.171217482001754
10573,10561,11.0,-37.575,175.525,19.679464592511067,19.613464592511068
10574,10574,12.0,-37.575,175.575,19.704715039028088,19.63271503902809
10575,10885,30.0,-37.525,175.425,19.705207963415887,19.525207963415887
10576,10906,120.0,-37.525,175.475,19.73440972508979,19.01440972508979
10577,10909,11.0,-37.525,175.525,19.742021885263966,19.676021885263967
10578,10910,11.0,-37.525,175.575,19.70397558194236,19.63797558194236
10579,10933,199.0,-37.475,175.425,19.817525973834563,18.623525973834564
10580,10055,11.0,-37.475,175.625,19.51791052191402,19.45191052191402
10581,10056,20.0,-37.475,175.675,19.31096187719959,19.190961877199587
10582,10057,336.0,-37.475,175.725,19.091707764106104,17.075707764106106
10583,10058,230.0,-37.475,175.775,18.90574234709493,17.52574234709493
10584,10580,16.0,-37.575,175.625,19.646855456434423,19.550855456434423
10585,10657,20.0,-37.575,175.675,19.43742742270115,19.317427422701147
10586,10662,20.0,-37.575,175.725,19.190804286830826,19.070804286830825
10587,10667,85.0,-37.575,175.775,19.006275123625528,18.496275123625527
10588,10911,12.0,-37.525,175.625,19.584958798630396,19.512958798630397
10589,10912,11.0,-37.525,175.675,19.368527304002782,19.302527304002783
10590,10913,290.0,-37.525,175.725,19.127242641698103,17.387242641698105
10591,10914,495.0,-37.525,175.775,18.94752647090354,15.97752647090354
10592,10059,352.0,-37.475,175.825,18.759230535826646,16.647230535826644
10593,10060,189.0,-37.475,175.875,18.646826670330483,17.512826670330483
10594,10061,58.0,-37.475,175.925,18.56534736743197,18.21734736743197
10595,10672,608.0,-37.575,175.825,18.864485201833304,15.216485201833304
10596,10677,102.0,-37.575,175.875,18.752944540668977,18.14094454066898
10597,10682,,-37.575,175.925,18.668057598551968,
10598,10915,679.0,-37.525,175.825,18.80766465869965,14.73366465869965
10599,10916,337.0,-37.525,175.875,18.69771863427013,16.675718634270133
10600,10917,40.0,-37.525,175.925,18.615315488219494,18.375315488219496
10601,10687,1.0,-37.575,176.075,18.552281534299254,18.546281534299254
10602,10918,10.0,-37.525,176.025,18.524739529850194,18.464739529850196
10603,10919,15.0,-37.525,177.175,19.51201312849298,19.42201312849298
10604,10692,23.0,-37.575,178.025,20.622709896822926,20.484709896822924
10605,10697,21.0,-37.575,178.075,20.691841835679952,20.56584183567995
10606,10702,79.0,-37.575,178.125,20.755845955049153,20.281845955049153
10607,10768,111.0,-37.575,178.175,20.814221367938444,20.148221367938444
10608,10770,69.0,-37.575,178.225,20.86653665517224,20.45253665517224
10609,10772,86.0,-37.575,178.275,20.912467655260116,20.396467655260118
10610,10137,121.0,-37.275,174.675,19.13839836817351,18.412398368173513
10611,10062,124.0,-37.425,174.725,19.43032126929029,18.68632126929029
10612,10063,249.0,-37.425,174.775,19.178861091670115,17.684861091670115
10613,10064,160.0,-37.425,174.825,18.992242500273278,18.032242500273277
10614,10065,79.0,-37.425,174.875,18.90320891342708,18.42920891342708
10615,10087,20.0,-37.375,174.725,19.318514907208737,19.198514907208736
10616,10088,107.0,-37.375,174.775,19.011072105378844,18.369072105378844
10617,10089,169.0,-37.375,174.825,18.792276852880605,17.778276852880605
10618,10090,118.0,-37.375,174.875,18.69924858000013,17.991248580000132
10619,10112,30.0,-37.325,174.725,19.053516857733484,18.873516857733485
10620,10113,16.0,-37.325,174.775,18.697395053401124,18.601395053401124
10621,10114,20.0,-37.325,174.825,18.46537382112001,18.34537382112001
10622,10115,119.0,-37.325,174.875,18.386883818660863,17.672883818660864
10623,10138,20.0,-37.275,174.725,18.639671986573376,18.519671986573375
10624,10139,20.0,-37.275,174.775,18.25337515922729,18.13337515922729
10625,10140,17.0,-37.275,174.825,18.039165968250018,17.937165968250017
10626,10141,16.0,-37.275,174.875,18.007907761086244,17.911907761086244
10627,10066,78.0,-37.425,174.925,18.922125321492786,18.454125321492786
10628,10067,36.0,-37.425,174.975,19.042350241885288,18.826350241885287
10629,10068,33.0,-37.425,175.025,19.245562183350557,19.047562183350557
10630,10091,43.0,-37.375,174.925,18.732636196509702,18.474636196509703
10631,10092,121.0,-37.375,174.975,18.875322603911627,18.149322603911628
10632,10093,20.0,-37.375,175.025,19.102041175647173,18.982041175647172
10633,10116,156.0,-37.325,174.925,18.44612272953964,17.51012272953964
10634,10117,158.0,-37.325,174.975,18.60977402329445,17.66177402329445
10635,10118,66.0,-37.325,175.025,18.844071886211168,18.448071886211167
10636,10142,17.0,-37.275,174.925,18.116806885314872,18.014806885314872
10637,10143,121.0,-37.275,174.975,18.30740598833654,17.58140598833654
10638,10144,20.0,-37.275,175.025,18.53906105417991,18.41906105417991
10639,10069,20.0,-37.425,175.075,19.50157032776042,19.381570327760418
10640,10070,19.0,-37.425,175.125,19.75694653278333,19.64294653278333
10641,10071,7.0,-37.425,175.175,19.895806787535548,19.853806787535547
10642,10072,46.0,-37.425,175.225,19.935333314031595,19.659333314031596
10643,10094,25.0,-37.375,175.075,19.37943928781897,19.22943928781897
10644,10095,22.0,-37.375,175.125,19.651797219907166,19.519797219907165
10645,10096,11.0,-37.375,175.175,19.827872353664134,19.761872353664135
10646,10097,22.0,-37.375,175.225,19.908878394635394,19.776878394635393
10647,10119,20.0,-37.325,175.075,19.116329071403015,18.996329071403014
10648,10120,15.0,-37.325,175.125,19.38405831277487,19.29405831277487
10649,10121,21.0,-37.325,175.175,19.6001432032499,19.4741432032499
10650,10122,47.0,-37.325,175.225,19.75000387307955,19.46800387307955
10651,10145,32.0,-37.275,175.075,18.793449330085423,18.601449330085423
10652,10146,20.0,-37.275,175.125,19.055076781718526,18.935076781718525
10653,10147,38.0,-37.275,175.175,19.299862178537296,19.071862178537295
10654,10148,51.0,-37.275,175.225,19.50508557964349,19.19908557964349
10655,10073,128.0,-37.425,175.275,19.940048458316596,19.172048458316596
10656,10074,154.0,-37.425,175.325,19.92750722967321,19.00350722967321
10657,10075,226.0,-37.425,175.375,19.904656669416,18.548656669415998
10658,10098,32.0,-37.375,175.275,19.939849574962864,19.747849574962864
10659,10099,98.0,-37.375,175.325,19.93789004039718,19.349890040397177
10660,10100,272.0,-37.375,175.375,19.914677039836533,18.282677039836532
10661,10123,75.0,-37.325,175.275,19.835221110464772,19.385221110464773
10662,10124,115.0,-37.325,175.325,19.865990034188144,19.175990034188143
10663,10125,102.0,-37.325,175.375,19.86414298816817,19.25214298816817
10664,10149,127.0,-37.275,175.275,19.650630227959482,18.88863022795948
10665,10150,137.0,-37.275,175.325,19.734781813021982,18.912781813021983
10666,10151,19.0,-37.275,175.375,19.773658792313654,19.659658792313653
10667,10036,7.0,-37.275,175.425,19.772690945363138,19.730690945363136
10668,10047,3.0,-37.275,175.475,19.732192495517666,19.714192495517665
10669,10076,337.0,-37.425,175.425,19.871299995080335,17.849299995080337
10670,10077,20.0,-37.425,175.475,19.8208545265079,19.7008545265079
10671,10078,10.0,-37.425,175.525,19.7424519197084,19.682451919708402
10672,10079,9.0,-37.425,175.575,19.624461882252945,19.570461882252946
10673,10101,40.0,-37.375,175.425,19.87284591147909,19.63284591147909
10674,10102,7.0,-37.375,175.475,19.80808974590036,19.76608974590036
10675,10103,8.0,-37.375,175.525,19.713282212120248,19.66528221212025
10676,10104,7.0,-37.375,175.575,19.58250073387171,19.54050073387171
10677,10126,9.0,-37.325,175.425,19.834071946970653,19.780071946970654
10678,10127,6.0,-37.325,175.475,19.773659704922466,19.737659704922464
10679,10128,4.0,-37.325,175.525,19.679176522331545,19.655176522331544
10680,10129,8.0,-37.325,175.575,19.54867163216113,19.500671632161133
10681,10158,7.0,-37.275,175.525,19.651432236336404,19.609432236336403
10682,10176,7.0,-37.275,175.575,19.53128982987255,19.489289829872547
10683,10080,12.0,-37.425,175.625,19.46124111118843,19.38924111118843
10684,10081,21.0,-37.425,175.675,19.262767192762112,19.13676719276211
10685,10082,158.0,-37.425,175.725,19.05650600741501,18.10850600741501
10686,10083,144.0,-37.425,175.775,18.870757609896827,18.006757609896827
10687,10105,7.0,-37.375,175.625,19.415782207623124,19.373782207623123
10688,10106,20.0,-37.375,175.675,19.223249874950852,19.10324987495085
10689,10107,391.0,-37.375,175.725,19.024292215530295,16.678292215530295
10690,10108,128.0,-37.375,175.775,18.8400510524516,18.0720510524516
10691,10130,5.0,-37.325,175.625,19.38503331693937,19.35503331693937
10692,10131,14.0,-37.325,175.675,19.19793303508777,19.113933035087772
10693,10132,361.0,-37.325,175.725,19.003171515389113,16.837171515389112
10694,10133,452.0,-37.325,175.775,18.819326951808762,16.107326951808762
10695,10180,10.0,-37.275,175.625,19.37631137642893,19.31631137642893
10696,10197,141.0,-37.275,175.675,19.19586549125961,18.34986549125961
10697,10302,95.0,-37.275,175.725,19.00405241214321,18.43405241214321
10698,10317,551.0,-37.275,175.775,18.818741056340514,15.512741056340515
10699,10084,106.0,-37.425,175.825,18.718904112523887,18.082904112523888
10700,10085,104.0,-37.425,175.875,18.6033691248158,17.9793691248158
10701,10086,20.0,-37.425,175.925,18.522730821190635,18.402730821190634
10702,10109,248.0,-37.375,175.825,18.685812405252364,17.197812405252364
10703,10110,135.0,-37.375,175.875,18.56912455460406,17.75912455460406
10704,10111,202.0,-37.375,175.925,18.491050232056295,17.279050232056296
10705,10134,282.0,-37.325,175.825,18.66360108423396,16.97160108423396
10706,10135,218.0,-37.325,175.875,18.547819761530263,17.239819761530264
10707,10136,92.0,-37.325,175.925,18.475053198169917,17.923053198169917
10708,10327,111.0,-37.275,175.825,18.660230520617915,17.994230520617915
10709,10337,66.0,-37.275,175.875,18.546497469302267,18.150497469302266
10710,10345,79.0,-37.275,176.275,18.703349136951147,18.229349136951146
10711,10439,81.0,-37.225,174.625,19.4899716633372,19.0039716633372
10712,10442,45.0,-37.225,174.675,18.7871256613289,18.5171256613289
10713,10490,118.0,-37.175,174.625,19.313368739531143,18.605368739531144
10714,10491,41.0,-37.175,174.675,18.46178025152767,18.215780251527672
10715,10512,134.0,-37.125,174.575,20.144198407710064,19.340198407710066
10716,10513,62.0,-37.125,174.625,19.196097188047133,18.824097188047133
10717,10455,80.0,-37.225,174.775,17.74952511524316,17.26952511524316
10718,10462,60.0,-37.225,174.825,17.57757870524074,17.21757870524074
10719,10469,120.0,-37.225,174.875,17.637636868777918,16.91763686877792
10720,10492,11.0,-37.175,174.725,17.728559540293645,17.662559540293646
10721,10493,22.0,-37.175,174.775,17.262979033141164,17.130979033141163
10722,10494,34.0,-37.175,174.825,17.166215532430215,16.962215532430214
10723,10495,47.0,-37.175,174.875,17.381666165427305,17.099666165427305
10724,10514,20.0,-37.125,174.775,16.894471999199595,16.774471999199594
10725,10515,23.0,-37.125,174.825,16.917138801829424,16.779138801829422
10726,10516,20.0,-37.125,174.875,17.376667395379627,17.256667395379626
10727,10470,60.0,-37.225,174.925,17.832870884769363,17.472870884769364
10728,10471,116.0,-37.225,174.975,18.05978769910871,17.36378769910871
10729,10472,73.0,-37.225,175.025,18.27249551413115,17.834495514131152
10730,10496,78.0,-37.175,174.925,17.71520070065162,17.24720070065162
10731,10497,96.0,-37.175,174.975,17.984146894770674,17.408146894770674
10732,10498,192.0,-37.175,175.025,18.138314589188667,16.986314589188666
10733,10517,24.0,-37.125,174.925,17.90848965162877,17.76448965162877
10734,10518,29.0,-37.125,174.975,18.21367069671396,18.039670696713962
10735,10519,228.0,-37.125,175.025,18.235061578598106,16.867061578598108
10736,10473,18.0,-37.225,175.075,18.48786168405786,18.37986168405786
10737,10474,19.0,-37.225,175.125,18.731577755213948,18.617577755213947
10738,10475,21.0,-37.225,175.175,18.99340532673523,18.867405326735227
10739,10476,71.0,-37.225,175.225,19.239669902657624,18.813669902657626
10740,10499,194.0,-37.175,175.075,18.26923687296221,17.10523687296221
10741,10500,157.0,-37.175,175.125,18.475603545142803,17.533603545142803
10742,10501,132.0,-37.175,175.175,18.745932973572053,17.95393297357205
10743,10502,107.0,-37.175,175.225,19.023048401460983,18.381048401460983
10744,10520,185.0,-37.125,175.075,18.201317974249832,17.091317974249833
10745,10521,115.0,-37.125,175.125,18.35463612349122,17.664636123491217
10746,10522,201.0,-37.125,175.175,18.620743069215678,17.414743069215678
10747,10523,174.0,-37.125,175.225,18.906665930204326,17.862665930204326
10748,10477,119.0,-37.225,175.275,19.44046730050468,18.72646730050468
10749,10478,88.0,-37.225,175.325,19.58395526674576,19.055955266745762
10750,10479,3.0,-37.225,175.375,19.672857940895483,19.654857940895482
10751,10503,22.0,-37.175,175.275,19.266773919342086,19.134773919342084
10752,10524,17.0,-37.125,175.275,19.170597390650073,19.068597390650073
10753,10480,3.0,-37.225,175.425,19.71111127117183,19.69311127117183
10754,10481,2.0,-37.225,175.475,19.700615406909492,19.68861540690949
10755,10482,3.0,-37.225,175.525,19.642782935494324,19.624782935494324
10756,10483,8.0,-37.225,175.575,19.54040267734672,19.49240267734672
10757,10504,4.0,-37.175,175.525,19.66571827905136,19.64171827905136
10758,10505,59.0,-37.175,175.575,19.585831274831435,19.231831274831436
10759,10525,365.0,-37.125,175.575,19.67474415578181,17.484744155781808
10760,10484,17.0,-37.225,175.625,19.39908505906351,19.29708505906351
10761,10485,202.0,-37.225,175.675,19.22805322118802,18.01605322118802
10762,10486,338.0,-37.225,175.725,19.040308727970114,17.012308727970115
10763,10487,242.0,-37.225,175.775,18.852835076482734,17.400835076482736
10764,10506,335.0,-37.175,175.625,19.462421292322688,17.45242129232269
10765,10507,601.0,-37.175,175.675,19.3048330253514,15.6988330253514
10766,10508,304.0,-37.175,175.725,19.125623863365036,17.301623863365037
10767,10509,152.0,-37.175,175.775,18.94081731780898,18.02881731780898
10768,10526,45.0,-37.125,175.625,19.572137011709856,19.302137011709856
10769,10527,515.0,-37.125,175.675,19.431991498655407,16.341991498655407
10770,10528,265.0,-37.125,175.725,19.26750286965398,17.67750286965398
10771,10529,233.0,-37.125,175.775,19.095718953758478,17.69771895375848
10772,10488,55.0,-37.225,175.825,18.688507979211863,18.358507979211865
10773,10489,11.0,-37.225,175.875,18.576843866467243,18.510843866467244
10774,10510,121.0,-37.175,175.825,18.771921219071373,18.045921219071374
10775,10511,100.0,-37.175,175.875,18.661491530918283,18.061491530918282
10776,10530,175.0,-37.125,175.825,18.94002068278496,17.89002068278496
10777,10308,132.0,-36.975,174.475,20.835486304480582,20.04348630448058
10778,10310,356.0,-36.975,174.525,20.2568614804768,18.1208614804768
10779,10359,241.0,-36.925,174.475,20.552852179214824,19.106852179214822
10780,10360,311.0,-36.925,174.525,19.972760551667307,18.106760551667307
10781,10549,43.0,-37.025,174.525,20.68129693387891,20.423296933878913
10782,10312,212.0,-36.975,174.575,19.44259485238581,18.17059485238581
10783,10361,233.0,-36.925,174.575,19.17077376419911,17.772773764199112
10784,10362,63.0,-36.925,174.625,18.27761763636954,17.89961763636954
10785,10363,60.0,-36.925,174.675,17.7122502172424,17.3522502172424
10786,10531,143.0,-37.075,174.575,20.120741563732736,19.262741563732735
10787,10532,93.0,-37.075,174.625,19.114269540965324,18.556269540965324
10788,10314,19.0,-36.975,174.775,20.91972478068783,20.80572478068783
10789,10321,19.0,-36.975,174.825,20.4512626400101,20.3372626400101
10790,10322,19.0,-36.975,174.875,20.381075602635974,20.267075602635973
10791,10364,45.0,-36.925,174.725,18.492730218858924,18.222730218858924
10792,10365,6.0,-36.925,174.825,21.412,21.375999999999998
10793,10366,1.0,-36.925,174.875,21.407646820880473,21.401646820880472
10794,10550,21.0,-37.025,174.875,18.855867634061724,18.729867634061723
10795,10323,40.0,-36.975,174.925,20.416260464699008,20.17626046469901
10796,10324,109.0,-36.975,174.975,20.257556973199826,19.603556973199826
10797,10325,120.0,-36.975,175.025,19.84962070840993,19.12962070840993
10798,10367,40.0,-36.925,174.925,21.0344536168559,20.7944536168559
10799,10368,27.0,-36.925,174.975,20.61301640002057,20.45101640002057
10800,10369,86.0,-36.925,175.025,20.14177761191968,19.62577761191968
10801,10533,19.0,-37.075,174.925,18.528869666653918,18.414869666653917
10802,10534,38.0,-37.075,174.975,18.839099984412314,18.611099984412313
10803,10535,210.0,-37.075,175.025,18.65787264885148,17.39787264885148
10804,10551,20.0,-37.025,174.925,19.480293773085577,19.360293773085576
10805,10552,40.0,-37.025,174.975,19.66891539673088,19.428915396730883
10806,10553,26.0,-37.025,175.025,19.311655898345634,19.155655898345636
10807,10024,29.0,-37.025,175.075,18.938311770558357,18.764311770558358
10808,10027,336.0,-37.025,175.125,18.807731955079362,16.791731955079364
10809,10034,369.0,-37.025,175.175,18.874823767284397,16.6608237672844
10810,10044,518.0,-37.025,175.225,19.04391375364503,15.935913753645028
10811,10329,27.0,-36.975,175.075,19.431410211138427,19.26941021113843
10812,10342,101.0,-36.975,175.125,19.18637099067564,18.58037099067564
10813,10350,137.0,-36.975,175.175,19.134831478644628,18.31283147864463
10814,10351,47.0,-36.975,175.225,19.222882242727792,18.940882242727792
10815,10536,121.0,-37.075,175.075,18.39352723772754,17.66752723772754
10816,10537,345.0,-37.075,175.125,18.46260769723449,16.39260769723449
10817,10538,232.0,-37.075,175.175,18.668784453329863,17.276784453329864
10818,10539,402.0,-37.075,175.225,18.918603480764432,16.506603480764433
10819,10153,114.0,-37.025,175.275,19.256946371489903,18.572946371489902
10820,10540,77.0,-37.075,175.275,19.170668375008972,18.708668375008973
10821,10164,49.0,-37.025,175.525,19.996458631096175,19.702458631096174
10822,10168,578.0,-37.025,175.575,19.988511533359997,16.520511533359997
10823,10352,154.0,-36.975,175.525,20.191365425591357,19.267365425591358
10824,10353,491.0,-36.975,175.575,20.203544513351517,17.257544513351515
10825,10370,176.0,-36.925,175.475,20.317969182418892,19.26196918241889
10826,10371,122.0,-36.925,175.525,20.414248759450857,19.682248759450857
10827,10372,396.0,-36.925,175.575,20.443534185993485,18.067534185993484
10828,10541,122.0,-37.075,175.525,19.840528257831465,19.108528257831466
10829,10542,536.0,-37.075,175.575,19.80980681645451,16.59380681645451
10830,10177,311.0,-37.025,175.625,19.927814953174675,18.061814953174675
10831,10182,574.0,-37.025,175.675,19.82536826733849,16.38136826733849
10832,10189,488.0,-37.025,175.725,19.69600276395795,16.76800276395795
10833,10196,218.0,-37.025,175.775,19.5571415022132,18.2491415022132
10834,10354,399.0,-36.975,175.625,20.15988323080819,17.765883230808193
10835,10355,339.0,-36.975,175.675,20.072271708893823,18.038271708893824
10836,10356,275.0,-36.975,175.725,19.956110956787597,18.3061109567876
10837,10357,172.0,-36.975,175.775,19.828059267048957,18.796059267048957
10838,10373,252.0,-36.925,175.625,20.412540373567026,18.900540373567026
10839,10374,100.0,-36.925,175.675,20.335160846094368,19.735160846094367
10840,10375,49.0,-36.925,175.725,20.227805523667485,19.933805523667484
10841,10376,58.0,-36.925,175.775,20.106581137981266,19.758581137981267
10842,10543,254.0,-37.075,175.625,19.72885437941295,18.20485437941295
10843,10544,284.0,-37.075,175.675,19.60809650659212,17.90409650659212
10844,10545,150.0,-37.075,175.725,19.461717352445703,18.561717352445704
10845,10546,19.0,-37.075,175.775,19.307591653545387,19.193591653545386
10846,10298,18.0,-37.025,175.825,19.42702702493989,19.31902702493989
10847,10358,133.0,-36.975,175.825,19.703930388466688,18.905930388466686
10848,10377,146.0,-36.925,175.825,19.98563038164866,19.10963038164866
10849,10547,146.0,-37.075,175.825,19.16720813867869,18.291208138678687
10850,10548,70.0,-37.075,175.875,19.061298495158553,18.64129849515855
10851,10378,102.0,-36.875,174.475,20.428991014894564,19.816991014894565
10852,10379,116.0,-36.875,174.525,19.98570445398218,19.28970445398218
10853,10394,80.0,-36.825,174.475,20.45123889585375,19.971238895853748
10854,10395,101.0,-36.825,174.525,20.259766171104275,19.653766171104273
10855,10406,95.0,-36.775,174.425,20.558056435984327,19.988056435984326
10856,10407,62.0,-36.775,174.475,20.53154554104549,20.15954554104549
10857,10408,31.0,-36.775,174.525,20.566240006068256,20.380240006068256
10858,10423,21.0,-36.725,174.375,20.685653246415313,20.559653246415312
10859,10424,41.0,-36.725,174.425,20.587145433295518,20.34114543329552
10860,10425,160.0,-36.725,174.475,20.627609894931084,19.667609894931083
10861,10426,87.0,-36.725,174.525,20.7342263359169,20.212226335916903
10862,10032,153.0,-36.725,174.575,20.810061824711738,19.89206182471174
10863,10041,34.0,-36.725,174.625,20.737907917646226,20.533907917646225
10864,10050,70.0,-36.725,174.675,20.476240067597246,20.056240067597244
10865,10380,96.0,-36.875,174.575,19.350291888520587,18.774291888520587
10866,10381,21.0,-36.875,174.625,18.539839152770583,18.41383915277058
10867,10396,79.0,-36.825,174.575,19.997559824521886,19.523559824521886
10868,10397,20.0,-36.825,174.625,19.60689310921589,19.486893109215888
10869,10409,40.0,-36.775,174.575,20.606713265471626,20.366713265471628
10870,10410,,-36.775,174.625,20.550477807730203,
10871,10411,30.0,-36.775,174.675,20.231765474251006,20.051765474251006
10872,10152,84.0,-36.725,174.725,20.207062437722925,19.703062437722924
10873,10382,23.0,-36.875,174.725,18.281841156538576,18.143841156538574
10874,10383,66.0,-36.875,174.775,20.62551460240502,20.22951460240502
10875,10384,38.0,-36.875,174.825,21.412,21.183999999999997
10876,10385,20.0,-36.875,174.875,21.412,21.291999999999998
10877,10412,56.0,-36.775,174.725,20.237313611403806,19.901313611403808
10878,10413,5.0,-36.775,174.775,20.475296316639287,20.445296316639286
10879,10414,38.0,-36.775,174.875,20.2760588254896,20.048058825489598
10880,10415,70.0,-36.775,174.925,19.91741968068527,19.49741968068527
10881,10386,22.0,-36.875,175.175,19.420852897135774,19.288852897135772
10882,10398,25.0,-36.825,175.075,19.554401863657404,19.404401863657405
10883,10399,42.0,-36.825,175.125,19.392304617067566,19.140304617067567
10884,10416,41.0,-36.775,175.125,19.118872877385,18.872872877385003
10885,10417,56.0,-36.775,175.175,19.197202363517135,18.861202363517137
10886,10159,95.0,-36.725,175.475,21.002937883109553,20.432937883109553
10887,10173,392.0,-36.725,175.525,21.20332402069471,18.851324020694708
10888,10187,200.0,-36.725,175.575,21.273145619168645,20.073145619168645
10889,10387,81.0,-36.875,175.425,20.340637310640886,19.854637310640886
10890,10388,85.0,-36.875,175.475,20.530636056617368,20.020636056617366
10891,10389,190.0,-36.875,175.525,20.650459109834628,19.510459109834628
10892,10390,459.0,-36.875,175.575,20.693439431139268,17.939439431139267
10893,10400,136.0,-36.825,175.475,20.736354698688956,19.920354698688957
10894,10401,244.0,-36.825,175.525,20.88159536526655,19.41759536526655
10895,10402,311.0,-36.825,175.575,20.933810352900764,19.067810352900764
10896,10418,215.0,-36.775,175.525,21.082220494310604,19.792220494310605
10897,10419,207.0,-36.775,175.575,21.138152116618585,19.896152116618584
10898,10188,82.0,-36.725,175.775,21.06338825041894,20.571388250418938
10899,10391,54.0,-36.875,175.625,20.67021531856153,20.34621531856153
10900,10392,40.0,-36.875,175.725,20.49682656285586,20.25682656285586
10901,10393,37.0,-36.875,175.775,20.380100915470393,20.158100915470392
10902,10403,341.0,-36.825,175.625,20.91398317203857,18.86798317203857
10903,10404,12.0,-36.825,175.675,20.846145473828074,20.774145473828074
10904,10405,80.0,-36.825,175.775,20.63693023045198,20.15693023045198
10905,10420,106.0,-36.775,175.625,21.12175344064599,20.48575344064599
10906,10421,107.0,-36.775,175.675,21.060445308714407,20.418445308714407
10907,10422,60.0,-36.775,175.725,20.97133570598089,20.611335705980892
10908,10191,13.0,-36.675,174.325,20.854617116972804,20.776617116972805
10909,10431,160.0,-36.625,174.325,20.903462763351854,19.943462763351853
10910,10572,81.0,-36.575,174.275,21.039448266499676,20.553448266499675
10911,10578,37.0,-36.575,174.325,20.960950316948583,20.738950316948582
10912,10200,52.0,-36.675,174.375,20.744987564365147,20.432987564365146
10913,10307,8.0,-36.675,174.425,20.6920509468182,20.6440509468182
10914,10319,70.0,-36.675,174.475,20.719265423336765,20.299265423336763
10915,10331,63.0,-36.675,174.525,20.77878547750879,20.40078547750879
10916,10432,39.0,-36.625,174.475,20.77438432868803,20.540384328688027
10917,10433,39.0,-36.625,174.525,20.760013024904765,20.526013024904763
10918,10584,19.0,-36.575,174.375,20.89562318069511,20.78162318069511
10919,10585,39.0,-36.575,174.475,20.800553510751342,20.56655351075134
10920,10586,88.0,-36.575,174.525,20.722400793107226,20.194400793107228
10921,10338,93.0,-36.675,174.575,20.779658758314326,20.221658758314327
10922,10346,50.0,-36.675,174.625,20.63298752348055,20.33298752348055
10923,10427,68.0,-36.675,174.675,20.309933738288237,19.901933738288236
10924,10435,59.0,-36.625,174.575,20.66948915887042,20.31548915887042
10925,10437,60.0,-36.625,174.625,20.435634766792646,20.075634766792646
10926,10441,33.0,-36.625,174.675,20.02684667878202,19.82884667878202
10927,10587,113.0,-36.575,174.575,20.558979137655115,19.880979137655114
10928,10588,58.0,-36.575,174.625,20.257487733877497,19.909487733877498
10929,10589,56.0,-36.575,174.675,19.786281299660914,19.450281299660915
10930,10428,,-36.675,174.725,19.86453144616098,
10931,10452,44.0,-36.625,174.725,19.457459266472142,19.193459266472143
10932,10429,152.0,-36.675,175.475,20.988744315429358,20.07674431542936
10933,10430,245.0,-36.675,175.525,21.212992170243524,19.742992170243525
10934,10459,14.0,-36.625,175.475,20.925402691646013,20.841402691646014
10935,10466,295.0,-36.625,175.525,21.171266411198303,19.401266411198304
10936,10564,187.0,-36.625,175.575,21.323604916600743,20.201604916600743
10937,10590,140.0,-36.575,175.425,20.50806418491993,19.66806418491993
10938,10591,79.0,-36.575,175.475,20.849470971443225,20.375470971443224
10939,10567,102.0,-36.625,175.825,21.283410022879252,20.671410022879254
10940,10618,10.0,-36.375,174.075,21.295653854031116,21.235653854031117
10941,10619,101.0,-36.375,174.125,21.279998023208464,20.673998023208462
10942,10592,64.0,-36.525,174.225,21.147220121027203,20.763220121027203
10943,10593,44.0,-36.525,174.275,21.080044134432683,20.816044134432683
10944,10602,16.0,-36.475,174.175,21.225527577713365,21.129527577713365
10945,10603,120.0,-36.475,174.225,21.174131201056298,20.4541312010563
10946,10620,10.0,-36.375,174.275,21.17848825256806,21.11848825256806
10947,10621,28.0,-36.375,174.325,21.123742070194567,20.955742070194567
10948,10594,,-36.525,174.425,20.89065291165025,
10949,10595,153.0,-36.525,174.475,20.813503453100566,19.895503453100567
10950,10596,54.0,-36.525,174.525,20.691657997318543,20.367657997318542
10951,10604,13.0,-36.475,174.425,20.921775448223343,20.843775448223344
10952,10605,257.0,-36.475,174.475,20.822458589682356,19.280458589682354
10953,10606,100.0,-36.475,174.525,20.675350154167973,20.07535015416797
10954,10611,59.0,-36.425,174.475,20.829957487032516,20.475957487032517
10955,10612,190.0,-36.425,174.525,20.668786799069494,19.528786799069493
10956,10622,59.0,-36.375,174.375,21.05359602571116,20.69959602571116
10957,10623,49.0,-36.375,174.475,20.836618200468365,20.542618200468365
10958,10624,98.0,-36.375,174.525,20.66658370877849,20.07858370877849
10959,10597,75.0,-36.525,174.575,20.484937961911783,20.034937961911783
10960,10598,119.0,-36.525,174.625,20.15075604233425,19.436756042334252
10961,10599,30.0,-36.525,174.675,19.65690702298889,19.47690702298889
10962,10607,64.0,-36.475,174.575,20.45163681160193,20.06763681160193
10963,10608,140.0,-36.475,174.625,20.119300161022693,19.279300161022693
10964,10609,67.0,-36.475,174.675,19.64130580323399,19.23930580323399
10965,10613,98.0,-36.425,174.575,20.440638718922855,19.852638718922854
10966,10614,97.0,-36.425,174.625,20.123690000211354,19.541690000211354
10967,10615,72.0,-36.425,174.675,19.68410296557704,19.25210296557704
10968,10625,160.0,-36.375,174.575,20.435717159765773,19.47571715976577
10969,10626,142.0,-36.375,174.625,20.125973875517957,19.273973875517957
10970,10627,47.0,-36.375,174.675,19.71595110616181,19.43395110616181
10971,10616,22.0,-36.425,174.725,19.098148918739753,18.96614891873975
10972,10617,50.0,-36.425,174.875,17.424948829197092,17.12494882919709
10973,10628,36.0,-36.375,174.775,18.67022853193339,18.45422853193339
10974,10629,45.0,-36.375,174.825,18.169166133651743,17.899166133651743
10975,10600,798.0,-36.525,175.375,20.032714825792937,15.244714825792936
10976,10610,183.0,-36.475,175.375,19.99406725130393,18.896067251303933
10977,10601,247.0,-36.525,175.425,20.4368308117555,18.9548308117555
10978,11005,8.0,-36.225,173.975,21.234267153136898,21.1862671531369
10979,10630,8.0,-36.325,174.025,21.289258996548597,21.2412589965486
10980,10631,73.0,-36.325,174.075,21.291577209485695,20.853577209485696
10981,10632,43.0,-36.325,174.125,21.284638988407096,21.026638988407097
10982,10643,89.0,-36.275,174.025,21.276101651514182,20.742101651514183
10983,10644,89.0,-36.275,174.075,21.28690188319888,20.75290188319888
10984,10645,60.0,-36.275,174.125,21.287987514951965,20.927987514951965
10985,11006,86.0,-36.225,174.025,21.262145047920058,20.74614504792006
10986,11007,57.0,-36.225,174.075,21.281154451484326,20.939154451484328
10987,10633,3.0,-36.325,174.275,21.200929000158794,21.182929000158794
10988,10646,55.0,-36.275,174.325,21.166750911535928,20.83675091153593
10989,11008,80.0,-36.225,174.225,21.270147616334725,20.790147616334725
10990,11009,95.0,-36.225,174.275,21.237497687892755,20.667497687892755
10991,10634,55.0,-36.325,174.375,21.07380164269125,20.743801642691253
10992,10635,58.0,-36.325,174.425,20.97589369735215,20.62789369735215
10993,10636,40.0,-36.325,174.475,20.844692657206906,20.604692657206908
10994,10637,56.0,-36.325,174.525,20.66992396808928,20.33392396808928
10995,10647,10.0,-36.275,174.375,21.092384488525568,21.03238448852557
10996,10648,20.0,-36.275,174.475,20.857743134867633,20.73774313486763
10997,10649,40.0,-36.275,174.525,20.68322236754466,20.44322236754466
10998,11010,64.0,-36.225,174.375,21.112084766442422,20.72808476644242
10999,11011,38.0,-36.225,174.425,21.011315386596834,20.783315386596833
11000,11012,,-36.225,174.475,20.878744088229723,
11001,11013,40.0,-36.225,174.525,20.70933218288701,20.469332182887012
11002,10638,63.0,-36.325,174.575,20.439937842980726,20.061937842980726
11003,10639,182.0,-36.325,174.625,20.142891781550134,19.050891781550135
11004,10640,182.0,-36.325,174.675,19.772014883346856,18.680014883346857
11005,10650,41.0,-36.275,174.575,20.460418451024452,20.214418451024454
11006,10651,187.0,-36.275,174.625,20.183798062091228,19.061798062091228
11007,11001,96.0,-36.275,174.675,19.85456588526722,19.27856588526722
11008,11014,107.0,-36.225,174.575,20.49902750502224,19.85702750502224
11009,11016,80.0,-36.225,174.625,20.246712402033154,19.766712402033153
11010,11017,139.0,-36.225,174.675,19.957146800647024,19.123146800647024
11011,10641,28.0,-36.325,174.725,19.34032400691649,19.17232400691649
11012,11002,91.0,-36.275,174.725,19.487129309913144,18.941129309913144
11013,11003,284.0,-36.275,174.775,19.11038253986044,17.406382539860438
11014,11018,67.0,-36.225,175.075,18.673571740830084,18.271571740830083
11015,11020,61.0,-36.225,175.375,20.34917335040518,19.98317335040518
11016,10642,191.0,-36.325,175.525,21.009799629624467,19.863799629624467
11017,11004,38.0,-36.275,175.475,20.808922314812662,20.58092231481266
11018,11022,112.0,-36.225,175.425,20.63021345747984,19.95821345747984
11019,11023,33.0,-36.225,175.475,20.88154620944988,20.68354620944988
11020,11024,40.0,-36.175,173.975,21.210798354208237,20.970798354208238
11021,11038,68.0,-36.125,173.925,21.133958015969256,20.725958015969255
11022,11039,20.0,-36.125,173.975,21.185779403022025,21.065779403022024
11023,11052,81.0,-36.075,173.875,21.033619156398345,20.547619156398344
11024,11053,20.0,-36.075,173.925,21.098749186639907,20.978749186639906
11025,11054,16.0,-36.075,173.975,21.158904272626387,21.062904272626387
11026,11068,82.0,-36.025,173.825,20.912845870276215,20.420845870276214
11027,11069,20.0,-36.025,173.875,20.98827715255902,20.86827715255902
11028,11070,20.0,-36.025,173.925,21.061284095601877,20.941284095601876
11029,11071,117.0,-36.025,173.975,21.12986752539291,20.427867525392912
11030,11025,18.0,-36.175,174.025,21.24698786091176,21.138987860911758
11031,11040,2.0,-36.125,174.025,21.23037558302167,21.21837558302167
11032,11041,9.0,-36.125,174.075,21.265839064639295,21.211839064639296
11033,11042,60.0,-36.125,174.125,21.290114238800015,20.930114238800016
11034,11055,19.0,-36.075,174.025,21.212088107859017,21.098088107859017
11035,11056,96.0,-36.075,174.075,21.256136544630863,20.680136544630862
11036,11057,89.0,-36.075,174.125,21.288721140124835,20.754721140124836
11037,11072,36.0,-36.025,174.025,21.19184504408622,20.97584504408622
11038,11073,31.0,-36.025,174.075,21.244836851226864,21.058836851226864
11039,11074,41.0,-36.025,174.125,21.286272386059863,21.040272386059865
11040,11026,124.0,-36.175,174.175,21.294262880721362,20.550262880721363
11041,11027,39.0,-36.175,174.325,21.20641488255933,20.972414882559328
11042,11043,28.0,-36.125,174.175,21.300992993812542,21.132992993812543
11043,11044,29.0,-36.125,174.225,21.296122538711643,21.122122538711643
11044,11045,20.0,-36.125,174.275,21.273030402051518,21.153030402051517
11045,11046,43.0,-36.125,174.325,21.22917169961147,20.97117169961147
11046,11058,81.0,-36.075,174.175,21.307378609111765,20.821378609111765
11047,11059,107.0,-36.075,174.225,21.30957863162621,20.66757863162621
11048,11060,80.0,-36.075,174.275,21.292832839972107,20.812832839972106
11049,11061,59.0,-36.075,174.325,21.254834034276428,20.90083403427643
11050,11075,79.0,-36.025,174.175,21.31344305278617,20.83944305278617
11051,11076,51.0,-36.025,174.225,21.32362509710947,21.01762509710947
11052,11077,40.0,-36.025,174.275,21.314278716483386,21.074278716483388
11053,11078,108.0,-36.025,174.325,21.28329170504003,20.63529170504003
11054,11028,32.0,-36.175,174.375,21.134919290052494,20.942919290052494
11055,11029,51.0,-36.175,174.425,21.036936672986485,20.730936672986484
11056,11030,70.0,-36.175,174.475,20.909099384007277,20.489099384007275
11057,11031,91.0,-36.175,174.525,20.748575597739546,20.202575597739546
11058,11047,83.0,-36.125,174.425,21.06917072145734,20.57117072145734
11059,11048,59.0,-36.125,174.475,20.948698271095054,20.594698271095055
11060,11049,69.0,-36.125,174.525,20.799528999836184,20.385528999836183
11061,11062,140.0,-36.075,174.375,21.19360958150355,20.35360958150355
11062,11063,245.0,-36.075,174.425,21.10769027940114,19.63769027940114
11063,11064,244.0,-36.075,174.475,20.996329825982684,19.532329825982686
11064,11065,124.0,-36.075,174.525,20.859829643770354,20.115829643770354
11065,11079,58.0,-36.025,174.375,21.229203929164214,20.881203929164215
11066,11080,20.0,-36.025,174.425,21.15136718028225,21.03136718028225
11067,11081,37.0,-36.025,174.475,21.05006390120252,20.82806390120252
11068,11032,100.0,-36.175,174.575,20.554011088388506,19.954011088388505
11069,11033,40.0,-36.175,174.625,20.32694390695542,20.086943906955423
11070,11050,11.0,-36.125,174.575,20.622192235285183,20.556192235285184
11071,11066,21.0,-36.075,174.575,20.699997076328145,20.573997076328144
11072,11034,96.0,-36.175,175.325,20.203354494995438,19.627354494995437
11073,11035,164.0,-36.175,175.375,20.48422932982794,19.500229329827942
11074,11051,79.0,-36.125,175.375,20.6069289042498,20.1329289042498
11075,11067,442.0,-36.075,175.375,20.72299600293627,18.07099600293627
11076,11036,432.0,-36.175,175.425,20.73479137738468,18.142791377384683
11077,11037,21.0,-36.175,175.475,20.961570986139122,20.83557098613912
11078,11369,,-35.825,173.625,20.32511442055693,
11079,11082,59.0,-35.975,173.775,20.775828684534645,20.421828684534646
11080,11097,55.0,-35.925,173.725,20.627838976448402,20.297838976448404
11081,11098,54.0,-35.925,173.775,20.712882501393324,20.388882501393322
11082,11112,57.0,-35.875,173.725,20.558872861525742,20.216872861525744
11083,11113,51.0,-35.875,173.775,20.64846723791561,20.34246723791561
11084,11370,44.0,-35.825,173.675,20.402996141201584,20.138996141201584
11085,11371,70.0,-35.825,173.725,20.489819446200272,20.06981944620027
11086,11372,20.0,-35.825,173.775,20.583374758338323,20.463374758338322
11087,11083,20.0,-35.975,173.825,20.858020918851253,20.73802091885125
11088,11084,19.0,-35.975,173.875,20.940492881345563,20.826492881345562
11089,11085,37.0,-35.975,173.925,21.021295212354744,20.799295212354743
11090,11086,56.0,-35.975,173.975,21.09831244504312,20.762312445043122
11091,11099,20.0,-35.925,173.825,20.80097070656484,20.68097070656484
11092,11100,20.0,-35.925,173.875,20.890193114813883,20.770193114813882
11093,11101,32.0,-35.925,173.925,20.978526798513485,20.786526798513485
11094,11102,70.0,-35.925,173.975,21.063801690848777,20.643801690848775
11095,11114,45.0,-35.875,173.825,20.741978088626638,20.47197808862664
11096,11115,21.0,-35.875,173.875,20.83741724237916,20.71141724237916
11097,11116,16.0,-35.875,173.925,20.932748126942897,20.836748126942897
11098,11117,82.0,-35.875,173.975,21.025818588939728,20.533818588939727
11099,11373,142.0,-35.825,173.825,20.681551588291768,19.829551588291768
11100,11374,61.0,-35.825,173.875,20.782349557586713,20.416349557586713
11101,11375,20.0,-35.825,173.925,20.883790203923127,20.763790203923126
11102,11376,312.0,-35.825,173.975,20.98381052791956,19.11181052791956
11103,11087,27.0,-35.975,174.025,21.16923090897035,21.00723090897035
11104,11088,53.0,-35.975,174.075,21.23150640775566,20.91350640775566
11105,11089,35.0,-35.975,174.125,21.282356895157136,21.072356895157135
11106,11103,82.0,-35.925,174.025,21.143643527495442,20.65164352749544
11107,11104,80.0,-35.925,174.075,21.215412792458665,20.735412792458664
11108,11105,80.0,-35.925,174.125,21.276162489957642,20.79616248995764
11109,11118,20.0,-35.875,174.025,21.114276189851807,20.994276189851806
11110,11119,98.0,-35.875,174.075,21.19547617371427,20.607476173714268
11111,11120,178.0,-35.875,174.125,21.266389825294027,20.198389825294026
11112,11377,16.0,-35.825,174.025,21.080157397751464,20.984157397751463
11113,11378,119.0,-35.825,174.075,21.170277596102096,20.456277596102098
11114,11379,40.0,-35.825,174.125,21.251187258720165,21.011187258720167
11115,11090,57.0,-35.975,174.175,21.318817378021777,20.976817378021778
11116,11091,56.0,-35.975,174.225,21.337904282292584,21.001904282292585
11117,11092,57.0,-35.975,174.275,21.33691834571073,20.99491834571073
11118,11093,141.0,-35.975,174.325,21.313837126537692,20.46783712653769
11119,11106,104.0,-35.925,174.175,21.322658829158172,20.698658829158173
11120,11107,158.0,-35.925,174.225,21.351548117614584,20.403548117614584
11121,11108,101.0,-35.925,174.275,21.359771634161007,20.753771634161005
11122,11109,202.0,-35.925,174.325,21.345208022394218,20.133208022394218
11123,11121,298.0,-35.875,174.175,21.323542863770854,19.535542863770853
11124,11122,60.0,-35.875,174.225,21.36309116499615,21.00309116499615
11125,11123,100.0,-35.875,174.275,21.38129027604009,20.78129027604009
11126,11124,95.0,-35.875,174.325,21.37557451511384,20.80557451511384
11127,11380,126.0,-35.825,174.175,21.3193034058786,20.5633034058786
11128,11381,109.0,-35.825,174.225,21.370278811402386,20.716278811402386
11129,11382,121.0,-35.825,174.275,21.399224868800957,20.673224868800958
11130,11383,57.0,-35.825,174.325,21.402412699826527,21.06041269982653
11131,11094,46.0,-35.975,174.375,21.267645701183937,20.991645701183938
11132,11095,19.0,-35.975,174.425,21.198464328277623,21.084464328277623
11133,11096,,-35.975,174.475,21.10750022146385,
11134,11110,141.0,-35.925,174.375,21.307224286021665,20.461224286021665
11135,11111,85.0,-35.925,174.425,21.246743932162644,20.736743932162643
11136,11125,42.0,-35.875,174.375,21.345658455917146,21.093658455917147
11137,11126,20.0,-35.875,174.425,21.293482121109264,21.173482121109263
11138,11384,8.0,-35.825,174.525,21.197409697808325,21.149409697808327
11139,11385,42.0,-35.775,173.625,20.25335008164984,20.001350081649843
11140,11401,370.0,-35.725,173.575,20.119945264974376,17.899945264974377
11141,11402,147.0,-35.725,173.625,20.18651585408952,19.30451585408952
11142,11420,76.0,-35.675,173.525,20.018515623814892,19.562515623814893
11143,11421,215.0,-35.675,173.575,20.06256283982657,18.77256283982657
11144,11422,398.0,-35.675,173.625,20.128804216044955,17.740804216044957
11145,11386,191.0,-35.775,173.675,20.33283194480464,19.186831944804638
11146,11387,70.0,-35.775,173.725,20.422149720514426,20.002149720514424
11147,11388,280.0,-35.775,173.775,20.518736475001788,18.838736475001788
11148,11403,167.0,-35.725,173.675,20.267104074300732,19.265104074300734
11149,11404,599.0,-35.725,173.725,20.35780958592659,16.763809585926587
11150,11405,480.0,-35.725,173.775,20.45596586118336,17.57596586118336
11151,11423,469.0,-35.675,173.675,20.208949053048855,17.394949053048855
11152,11424,516.0,-35.675,173.725,20.298956750659272,17.202956750659272
11153,11425,362.0,-35.675,173.775,20.39652665806352,18.22452665806352
11154,11389,156.0,-35.775,173.825,20.620438921498135,19.684438921498135
11155,11390,101.0,-35.775,173.875,20.725343692611204,20.119343692611203
11156,11391,305.0,-35.775,173.925,20.83160046537523,19.001600465375233
11157,11392,100.0,-35.775,173.975,20.93728406066657,20.33728406066657
11158,11406,331.0,-35.725,173.825,20.5595765610924,18.5735765610924
11159,11407,168.0,-35.725,173.875,20.66691552050179,19.65891552050179
11160,11408,61.0,-35.725,173.925,20.776299475721316,20.410299475721317
11161,11409,69.0,-35.725,173.975,20.88594457722502,20.471944577225017
11162,11426,101.0,-35.675,173.825,20.499944123846944,19.893944123846943
11163,11427,51.0,-35.675,173.875,20.607686518720584,20.301686518720583
11164,11428,364.0,-35.675,173.925,20.718214894935954,18.534214894935953
11165,11429,140.0,-35.675,173.975,20.829839533369523,19.989839533369523
11166,11393,72.0,-35.775,174.025,21.040283560549142,20.608283560549143
11167,11394,56.0,-35.775,174.075,21.138197861611843,20.802197861611845
11168,11395,100.0,-35.775,174.125,21.228206893021706,20.628206893021705
11169,11410,55.0,-35.725,174.025,20.99386412059539,20.66386412059539
11170,11411,61.0,-35.725,174.075,21.0977821064007,20.7317821064007
11171,11412,69.0,-35.725,174.125,21.19503429555334,20.78103429555334
11172,11430,96.0,-35.675,174.025,20.940623993141344,20.364623993141343
11173,11431,99.0,-35.675,174.075,21.048306118958862,20.45430611895886
11174,11432,100.0,-35.675,174.125,21.15020667904173,20.55020667904173
11175,11396,150.0,-35.775,174.175,21.306858257186832,20.406858257186833
11176,11397,74.0,-35.775,174.225,21.369637761003105,20.925637761003106
11177,11398,25.0,-35.775,174.275,21.410249968903372,21.260249968903373
11178,11413,147.0,-35.725,174.175,21.282403079036158,20.400403079036156
11179,11414,218.0,-35.725,174.225,21.35573664327967,20.04773664327967
11180,11415,343.0,-35.725,174.275,21.408645707299,19.350645707299
11181,11416,20.0,-35.725,174.325,21.412,21.291999999999998
11182,11433,173.0,-35.675,174.175,21.243065520946402,20.205065520946402
11183,11434,160.0,-35.675,174.225,21.32263708798564,20.36263708798564
11184,11435,180.0,-35.675,174.275,21.38233293275698,20.302332932756983
11185,11436,80.0,-35.675,174.325,21.411219167493982,20.931219167493982
11186,11399,63.0,-35.775,174.425,21.368582111870637,20.990582111870637
11187,11400,127.0,-35.775,174.525,21.250296137994155,20.488296137994155
11188,11417,35.0,-35.725,174.375,21.412,21.201999999999998
11189,11418,214.0,-35.725,174.425,21.388805869646603,20.104805869646604
11190,11419,45.0,-35.725,174.475,21.345302093483042,21.075302093483042
11191,11437,99.0,-35.675,174.375,21.41147937462665,20.81747937462665
11192,11438,93.0,-35.675,174.425,21.393022174510406,20.835022174510407
11193,11439,99.0,-35.675,174.475,21.361300444114022,20.76730044411402
11194,11138,22.0,-35.475,173.325,19.947538804233773,19.81553880423377
11195,11139,3.0,-35.475,173.375,19.943775511957938,19.925775511957937
11196,11140,47.0,-35.475,173.425,19.942719651997322,19.660719651997322
11197,11462,19.0,-35.575,173.425,19.93857550364919,19.82457550364919
11198,11484,228.0,-35.525,173.425,19.936351649084827,18.56835164908483
11199,11141,93.0,-35.475,173.475,19.947273423924344,19.389273423924344
11200,11142,51.0,-35.475,173.525,19.96050894749351,19.654508947493508
11201,11143,116.0,-35.475,173.575,19.985009544790955,19.289009544790954
11202,11144,60.0,-35.475,173.625,20.022091784514487,19.662091784514487
11203,11440,152.0,-35.625,173.475,19.962688351632096,19.050688351632097
11204,11441,301.0,-35.625,173.525,19.983894188393606,18.177894188393605
11205,11442,354.0,-35.625,173.575,20.023656158387894,17.899656158387895
11206,11443,558.0,-35.625,173.625,20.085213300422765,16.737213300422766
11207,11463,314.0,-35.575,173.475,19.94728474805015,18.06328474805015
11208,11464,167.0,-35.575,173.525,19.966809941251995,18.964809941251996
11209,11465,289.0,-35.575,173.575,20.00234827498207,18.268348274982067
11210,11466,539.0,-35.575,173.625,20.055663801991614,16.821663801991615
11211,11485,354.0,-35.525,173.475,19.94327968248399,17.81927968248399
11212,11486,616.0,-35.525,173.525,19.96020615240559,16.264206152405592
11213,11487,319.0,-35.525,173.575,19.990556991193444,18.076556991193442
11214,11488,628.0,-35.525,173.625,20.03571995976381,16.26771995976381
11215,11145,20.0,-35.475,173.675,20.0716374887852,19.9516374887852
11216,11146,60.0,-35.475,173.725,20.1327000548481,19.7727000548481
11217,11147,65.0,-35.475,173.775,20.204161691799527,19.814161691799526
11218,11444,516.0,-35.625,173.675,20.161063304782147,17.065063304782147
11219,11445,207.0,-35.625,173.725,20.247232114634244,19.005232114634243
11220,11446,161.0,-35.625,173.775,20.341526114265434,19.375526114265433
11221,11467,571.0,-35.575,173.675,20.12364872219041,16.69764872219041
11222,11468,355.0,-35.575,173.725,20.20296056487132,18.07296056487132
11223,11469,192.0,-35.575,173.775,20.29136548936367,19.13936548936367
11224,11489,301.0,-35.525,173.675,20.094609264226165,18.288609264226164
11225,11490,107.0,-35.525,173.725,20.165220823022537,19.523220823022537
11226,11491,323.0,-35.525,173.775,20.24576738246833,18.30776738246833
11227,11015,125.0,-35.525,173.825,20.33482018930954,19.58482018930954
11228,11019,230.0,-35.525,173.875,20.43109704341623,19.05109704341623
11229,11127,155.0,-35.525,173.925,20.533209259447176,19.603209259447176
11230,11128,88.0,-35.525,173.975,20.63945148541825,20.11145148541825
11231,11148,97.0,-35.475,173.825,20.284989973559277,19.702989973559276
11232,11149,140.0,-35.475,173.875,20.37416933113127,19.53416933113127
11233,11150,131.0,-35.475,173.925,20.47048232963425,19.68448232963425
11234,11151,125.0,-35.475,173.975,20.57227644257364,19.82227644257364
11235,11447,63.0,-35.625,173.825,20.442350277036894,20.064350277036894
11236,11448,171.0,-35.625,173.875,20.548287945712218,19.52228794571222
11237,11449,333.0,-35.625,173.925,20.657872621610295,18.659872621610294
11238,11450,231.0,-35.625,173.975,20.769437557231868,19.38343755723187
11239,11470,99.0,-35.575,173.825,20.387264636869077,19.793264636869075
11240,11471,226.0,-35.575,173.875,20.489273650804535,19.133273650804533
11241,11472,141.0,-35.575,173.925,20.59594833178562,19.74994833178562
11242,11473,81.0,-35.575,173.975,20.705597594438586,20.219597594438586
11243,11129,175.0,-35.525,174.025,20.747668220748892,19.69766822074889
11244,11130,79.0,-35.525,174.075,20.85520561703015,20.38120561703015
11245,11131,128.0,-35.525,174.125,20.958929729327792,20.19092972932779
11246,11152,141.0,-35.475,174.025,20.677326968841953,19.831326968841953
11247,11153,81.0,-35.475,174.075,20.78285028511891,20.29685028511891
11248,11154,158.0,-35.475,174.125,20.885640228865668,19.937640228865668
11249,11451,40.0,-35.625,174.025,20.881009649834596,20.641009649834597
11250,11452,73.0,-35.625,174.075,20.99022546314518,20.55222546314518
11251,11453,122.0,-35.625,174.125,21.09423436500947,20.36223436500947
11252,11474,107.0,-35.575,174.025,20.81615908673848,20.17415908673848
11253,11475,243.0,-35.575,174.075,20.925119728723075,19.467119728723077
11254,11476,120.0,-35.575,174.125,21.029452181828674,20.309452181828675
11255,11132,136.0,-35.525,174.175,21.055298760300502,20.239298760300503
11256,11133,97.0,-35.525,174.225,21.140554628538666,20.558554628538666
11257,11134,126.0,-35.525,174.275,21.21122617396759,20.45522617396759
11258,11135,100.0,-35.525,174.325,21.265062538790517,20.665062538790515
11259,11155,203.0,-35.475,174.175,20.982277669158066,19.764277669158066
11260,11156,268.0,-35.475,174.225,21.06942149461247,19.46142149461247
11261,11157,246.0,-35.475,174.275,21.144239154091338,19.66823915409134
11262,11158,157.0,-35.475,174.325,21.20494529118878,20.262945291188778
11263,11454,120.0,-35.625,174.175,21.189524196117418,20.46952419611742
11264,11455,121.0,-35.625,174.225,21.271566587209236,20.545566587209237
11265,11456,126.0,-35.625,174.275,21.334399034734815,20.578399034734815
11266,11457,140.0,-35.625,174.325,21.37240373378154,20.53240373378154
11267,11477,122.0,-35.575,174.175,21.125538495281944,20.393538495281945
11268,11478,97.0,-35.575,174.225,21.209128120273817,20.627128120273817
11269,11479,152.0,-35.575,174.275,21.27569363938528,20.363693639385282
11270,11480,148.0,-35.575,174.325,21.32197132089641,20.433971320896408
11271,11136,120.0,-35.525,174.375,21.301881317049265,20.581881317049266
11272,11137,43.0,-35.525,174.425,21.32344349945197,21.06544349945197
11273,11159,242.0,-35.475,174.375,21.251188916066894,19.799188916066896
11274,11160,41.0,-35.475,174.425,21.283990722644376,21.037990722644377
11275,11458,253.0,-35.625,174.375,21.386205533577595,19.868205533577594
11276,11459,154.0,-35.625,174.425,21.381408302433556,20.457408302433556
11277,11460,56.0,-35.625,174.475,21.363185927213635,21.027185927213637
11278,11461,46.0,-35.625,174.525,21.335517367173452,21.059517367173452
11279,11481,203.0,-35.575,174.375,21.348042943602195,20.130042943602195
11280,11482,221.0,-35.575,174.425,21.356984270911198,20.030984270911198
11281,11483,75.0,-35.575,174.475,21.352718420734163,20.902718420734164
11282,11203,37.0,-35.325,173.175,20.01376815783442,19.79176815783442
11283,11204,16.0,-35.325,173.225,20.01756610214943,19.92156610214943
11284,11161,59.0,-35.425,173.275,19.968379810394254,19.614379810394254
11285,11162,205.0,-35.425,173.325,19.96370087141986,18.73370087141986
11286,11163,19.0,-35.425,173.375,19.95860825528507,19.84460825528507
11287,11182,359.0,-35.375,173.275,19.990373608918162,17.836373608918162
11288,11183,401.0,-35.375,173.325,19.985094554460375,17.579094554460376
11289,11184,30.0,-35.375,173.375,19.978436980978586,19.798436980978586
11290,11185,36.0,-35.375,173.425,19.972750753338914,19.756750753338913
11291,11205,54.0,-35.325,173.275,20.01604723339551,19.69204723339551
11292,11206,94.0,-35.325,173.325,20.010094471886987,19.446094471886987
11293,11207,82.0,-35.325,173.375,20.00157565009431,19.50957565009431
11294,11208,106.0,-35.325,173.425,19.992977177840658,19.35697717784066
11295,11164,61.0,-35.425,173.475,19.956940221920377,19.590940221920377
11296,11165,,-35.425,173.525,19.965701196255395,
11297,11166,19.0,-35.425,173.575,19.983929453155724,19.869929453155724
11298,11167,34.0,-35.425,173.625,20.01295455379295,19.80895455379295
11299,11186,45.0,-35.375,173.525,19.974432084709406,19.704432084709406
11300,11187,123.0,-35.375,173.575,19.986225743748946,19.248225743748947
11301,11188,188.0,-35.375,173.625,20.00733603569097,18.87933603569097
11302,11209,115.0,-35.325,173.475,19.98689488801756,19.296894888017558
11303,11210,,-35.325,173.525,19.985668001841987,
11304,11211,10.0,-35.325,173.625,20.00476634458755,19.944766344587553
11305,11168,118.0,-35.425,173.675,20.053184494929155,19.345184494929157
11306,11169,126.0,-35.425,173.725,20.10439532570308,19.34839532570308
11307,11170,157.0,-35.425,173.775,20.16611268982524,19.22411268982524
11308,11189,175.0,-35.375,173.675,20.038468624989036,18.988468624989036
11309,11190,128.0,-35.375,173.725,20.079870335990563,19.311870335990562
11310,11191,247.0,-35.375,173.775,20.131593389756745,18.649593389756745
11311,11212,146.0,-35.325,173.675,20.0272898960975,19.1512898960975
11312,11213,129.0,-35.325,173.725,20.05926913942676,19.28526913942676
11313,11214,248.0,-35.325,173.775,20.101124370703474,18.613124370703474
11314,11171,162.0,-35.425,173.825,20.237828675366472,19.26582867536647
11315,11172,217.0,-35.425,173.875,20.31897212957847,19.01697212957847
11316,11173,134.0,-35.425,173.925,20.40866872287006,19.604668722870063
11317,11174,58.0,-35.425,173.975,20.50542623369256,20.15742623369256
11318,11192,279.0,-35.375,173.825,20.193688624247443,18.519688624247443
11319,11193,192.0,-35.375,173.875,20.266193404619116,19.114193404619115
11320,11194,156.0,-35.375,173.925,20.348808173002908,19.412808173002908
11321,11195,121.0,-35.375,173.975,20.44035012353561,19.71435012353561
11322,11215,202.0,-35.325,173.825,20.153406476369128,18.941406476369128
11323,11216,203.0,-35.325,173.875,20.21689050938585,18.99889050938585
11324,11217,80.0,-35.325,173.925,20.29219828560599,19.81219828560599
11325,11218,73.0,-35.325,173.975,20.378708832053235,19.940708832053236
11326,11175,93.0,-35.425,174.025,20.60696599961375,20.04896599961375
11327,11176,39.0,-35.425,174.075,20.710335717332782,20.47633571733278
11328,11177,146.0,-35.425,174.125,20.812216176331276,19.936216176331275
11329,11196,86.0,-35.375,174.025,20.53844950115308,20.022449501153083
11330,11197,17.0,-35.375,174.075,20.63984960707603,20.53784960707603
11331,11198,21.0,-35.375,174.125,20.74100969565916,20.615009695659158
11332,11219,80.0,-35.325,174.025,20.473794954828918,19.993794954828918
11333,11220,24.0,-35.325,174.075,20.573597259179223,20.429597259179225
11334,11221,18.0,-35.325,174.125,20.674221849127207,20.566221849127206
11335,11178,168.0,-35.425,174.175,20.90925919477013,19.90125919477013
11336,11179,159.0,-35.425,174.225,20.9984020034899,20.0444020034899
11337,11180,302.0,-35.425,174.275,21.07718421856407,19.26518421856407
11338,11181,41.0,-35.425,174.325,21.144050798669923,20.898050798669924
11339,11199,31.0,-35.375,174.175,20.83857761020772,20.65257761020772
11340,11200,130.0,-35.375,174.225,20.929669175093295,20.149669175093294
11341,11201,182.0,-35.375,174.275,21.012058621592587,19.920058621592588
11342,11202,20.0,-35.375,174.325,21.08432488294784,20.96432488294784
11343,11222,56.0,-35.325,174.175,20.77229126333259,20.436291263332592
11344,11223,30.0,-35.325,174.225,20.865077452501282,20.685077452501282
11345,11224,87.0,-35.325,174.275,20.950542298553046,20.428542298553047
11346,11225,19.0,-35.325,174.325,21.02736950205872,20.913369502058718
11347,11263,93.0,-35.175,173.075,20.041465863585472,19.483465863585472
11348,11226,226.0,-35.275,173.175,20.038484819378937,18.682484819378935
11349,11227,89.0,-35.275,173.225,20.04443095048191,19.51043095048191
11350,11245,26.0,-35.225,173.125,20.047159234876744,19.891159234876746
11351,11246,272.0,-35.225,173.175,20.06231800976093,18.430318009760928
11352,11247,324.0,-35.225,173.225,20.071004210796673,18.127004210796674
11353,11264,19.0,-35.175,173.175,20.082473234040663,19.968473234040662
11354,11265,283.0,-35.175,173.225,20.09440284714219,18.39640284714219
11355,11282,20.0,-35.125,173.175,20.095717529562535,19.975717529562534
11356,11283,8.0,-35.125,173.225,20.109764667548006,20.061764667548008
11357,11021,74.0,-35.225,173.275,20.071394046739442,19.627394046739443
11358,11228,40.0,-35.275,173.275,20.04371948953485,19.803719489534853
11359,11229,79.0,-35.275,173.325,20.036946436041035,19.562946436041035
11360,11230,112.0,-35.275,173.375,20.026265779568348,19.354265779568347
11361,11231,132.0,-35.275,173.425,20.01454750454286,19.22254750454286
11362,11248,64.0,-35.225,173.325,20.063549351791153,19.679549351791152
11363,11249,412.0,-35.225,173.375,20.05047500488581,17.57847500488581
11364,11250,533.0,-35.225,173.425,20.03574084941647,16.83774084941647
11365,11266,278.0,-35.175,173.275,20.096362920303363,18.428362920303364
11366,11267,71.0,-35.175,173.325,20.08702616233495,19.661026162334952
11367,11268,131.0,-35.175,173.375,20.071746536472347,19.285746536472345
11368,11269,209.0,-35.175,173.425,20.054717834776966,18.800717834776965
11369,11284,20.0,-35.125,173.275,20.113356472895248,19.993356472895247
11370,11285,43.0,-35.125,173.325,20.103358317457605,19.845358317457606
11371,11286,92.0,-35.125,173.375,20.087562113360036,19.535562113360037
11372,11287,122.0,-35.125,173.425,20.069865935249254,19.337865935249255
11373,11232,43.0,-35.275,173.475,20.004531105951173,19.746531105951174
11374,11233,49.0,-35.275,173.575,19.998247772833565,19.704247772833565
11375,11234,216.0,-35.275,173.625,20.00505820021499,18.70905820021499
11376,11251,331.0,-35.225,173.475,20.02221183574875,18.036211835748748
11377,11252,39.0,-35.225,173.525,20.012070165830664,19.778070165830663
11378,11253,189.0,-35.225,173.575,20.006967023480684,18.872967023480683
11379,11254,265.0,-35.225,173.625,20.008127064240398,18.418127064240398
11380,11270,288.0,-35.175,173.475,20.038647366833175,18.310647366833173
11381,11271,401.0,-35.175,173.525,20.025521125848172,17.619521125848173
11382,11272,189.0,-35.175,173.575,20.01685916626593,18.88285916626593
11383,11273,125.0,-35.175,173.625,20.01383154670475,19.26383154670475
11384,11288,135.0,-35.125,173.475,20.052765106316656,19.242765106316657
11385,11289,214.0,-35.125,173.525,20.038131443230668,18.75413144323067
11386,11290,314.0,-35.125,173.575,20.027436712465715,18.143436712465714
11387,11291,121.0,-35.125,173.625,20.02186405673274,19.29586405673274
11388,11235,188.0,-35.275,173.675,20.0198342295771,18.8918342295771
11389,11236,56.0,-35.275,173.725,20.043221003958024,19.707221003958026
11390,11237,254.0,-35.275,173.775,20.075825266656466,18.551825266656465
11391,11255,263.0,-35.225,173.675,20.01644559437409,18.43844559437409
11392,11256,284.0,-35.225,173.725,20.03261376466253,18.328613764662528
11393,11257,350.0,-35.225,173.775,20.05729559494648,17.95729559494648
11394,11274,243.0,-35.175,173.675,20.017348737368593,18.559348737368595
11395,11275,122.0,-35.175,173.725,20.02816801518202,19.29616801518202
11396,11276,293.0,-35.175,173.775,20.047040473436937,18.289040473436938
11397,11292,80.0,-35.125,173.675,20.02239845893928,19.542398458939278
11398,11293,150.0,-35.125,173.725,20.029933105572127,19.12993310557213
11399,11294,171.0,-35.125,173.775,20.045421414484736,19.019421414484736
11400,11238,327.0,-35.275,173.825,20.11850829224568,18.15650829224568
11401,11239,200.0,-35.275,173.875,20.172746910364367,18.972746910364368
11402,11240,88.0,-35.275,173.925,20.240608222753508,19.71260822275351
11403,11241,60.0,-35.275,173.975,20.32263030842296,19.96263030842296
11404,11258,295.0,-35.225,173.825,20.091402102814754,18.321402102814755
11405,11259,178.0,-35.225,173.875,20.13663115169038,19.06863115169038
11406,11260,77.0,-35.225,173.925,20.196762166684493,19.734762166684494
11407,11261,41.0,-35.225,173.975,20.275295023806393,20.029295023806394
11408,11277,228.0,-35.175,173.825,20.074938860023394,18.706938860023396
11409,11278,162.0,-35.175,173.875,20.11350514550577,19.141505145505768
11410,11279,88.0,-35.175,173.925,20.166692499798955,19.638692499798957
11411,11280,18.0,-35.175,173.975,20.241957865393488,20.133957865393487
11412,11295,265.0,-35.125,173.825,20.070129756612005,18.480129756612005
11413,11296,200.0,-35.125,173.875,20.106135461421218,18.90613546142122
11414,11297,100.0,-35.125,173.925,20.1571056683606,19.5571056683606
11415,11298,40.0,-35.125,173.975,20.22562304433086,19.98562304433086
11416,11242,81.0,-35.275,174.025,20.415402116806945,19.929402116806944
11417,11262,19.0,-35.225,174.025,20.36631211466738,20.25231211466738
11418,11281,46.0,-35.175,174.075,20.423910366982454,20.147910366982455
11419,11299,40.0,-35.125,174.025,20.307271786325146,20.067271786325147
11420,11300,71.0,-35.125,174.075,20.396364707761677,19.97036470776168
11421,11243,53.0,-35.275,174.225,20.80621252200217,20.48821252200217
11422,11244,77.0,-35.275,174.275,20.89403416996356,20.43203416996356
11423,11301,10.0,-35.075,173.225,20.113909717125352,20.053909717125354
11424,11315,22.0,-35.025,173.175,20.09851108744624,19.96651108744624
11425,11316,13.0,-35.025,173.225,20.11100154844462,20.03300154844462
11426,11329,40.0,-34.975,173.175,20.091953106835717,19.85195310683572
11427,11302,35.0,-35.075,173.275,20.117483253008686,19.907483253008685
11428,11303,87.0,-35.075,173.325,20.11042686289875,19.58842686289875
11429,11304,79.0,-35.075,173.375,20.096788704104256,19.622788704104256
11430,11305,40.0,-35.075,173.425,20.080431238544406,19.840431238544408
11431,11317,2.0,-35.025,173.275,20.11512655846309,20.10312655846309
11432,11318,19.0,-35.025,173.325,20.11086275812704,19.99686275812704
11433,11319,60.0,-35.025,173.375,20.100439588393783,19.740439588393784
11434,11320,20.0,-35.025,173.425,20.086769968591398,19.966769968591397
11435,11330,6.0,-34.975,173.375,20.10028153163148,20.06428153163148
11436,11306,41.0,-35.075,173.475,20.063991755072493,19.817991755072494
11437,11307,100.0,-35.075,173.525,20.049416918802308,19.449416918802306
11438,11308,190.0,-35.075,173.575,20.038241765316343,18.898241765316342
11439,11309,102.0,-35.075,173.625,20.031733777344925,19.419733777344927
11440,11321,107.0,-35.025,173.525,20.0591932037496,19.4171932037496
11441,11322,114.0,-35.025,173.575,20.048898097593337,19.364898097593336
11442,11323,86.0,-35.025,173.625,20.042840915790293,19.526840915790295
11443,11331,48.0,-34.975,173.575,20.05913526387303,19.77113526387303
11444,11332,217.0,-34.975,173.625,20.054585697653238,18.752585697653238
11445,11310,70.0,-35.075,173.675,20.03099982891581,19.61099982891581
11446,11311,20.0,-35.075,173.775,20.05119204777293,19.931192047772928
11447,11324,144.0,-35.025,173.675,20.04224847702426,19.17824847702426
11448,11325,236.0,-35.025,173.725,20.04830846641562,18.63230846641562
11449,11326,10.0,-35.025,173.775,20.06227821248467,20.002278212484672
11450,11333,144.0,-34.975,173.675,20.055167615035316,19.191167615035315
11451,11312,257.0,-35.075,173.825,20.074738959548995,18.532738959548993
11452,11313,160.0,-35.075,173.875,20.109711770463036,19.149711770463036
11453,11314,133.0,-35.075,173.925,20.158340743277222,19.36034074327722
11454,11327,140.0,-35.025,173.825,20.08557631765143,19.24557631765143
11455,11328,23.0,-35.025,173.875,20.119749801553553,19.98174980155355
11456,11337,16.0,-34.875,173.075,20.030243653600337,19.934243653600337
11457,11342,6.0,-34.825,173.025,19.99070702434983,19.95470702434983
11458,11343,40.0,-34.825,173.075,20.01743456508848,19.77743456508848
11459,11345,58.0,-34.775,173.025,19.97665450256318,19.62865450256318
11460,11346,22.0,-34.775,173.075,20.003316118207294,19.871316118207293
11461,11334,40.0,-34.925,173.125,20.06437751412159,19.82437751412159
11462,11335,20.0,-34.925,173.175,20.082475965376943,19.962475965376942
11463,11336,9.0,-34.925,173.225,20.094847492990084,20.040847492990085
11464,11338,40.0,-34.875,173.125,20.05304092876031,19.813040928760312
11465,11339,10.0,-34.875,173.175,20.0711132454162,20.0111132454162
11466,11344,17.0,-34.825,173.125,20.040158074174542,19.93815807417454
11467,11347,7.0,-34.775,173.125,20.026222891407087,19.984222891407086
11468,11340,10.0,-34.875,173.325,20.09471146389842,20.03471146389842
11469,11341,9.0,-34.875,173.375,20.093676466902252,20.039676466902254
11470,11354,50.0,-34.625,172.875,19.829075599613134,19.529075599613133
11471,11357,80.0,-34.575,172.825,19.772693963808706,19.292693963808706
11472,11358,59.0,-34.575,172.875,19.811118135228753,19.457118135228754
11473,11348,78.0,-34.725,172.975,19.931370406382484,19.463370406382484
11474,11349,58.0,-34.725,173.025,19.96146169572603,19.61346169572603
11475,11350,20.0,-34.725,173.075,19.988258868135745,19.868258868135744
11476,11351,121.0,-34.675,172.925,19.882059078401653,19.156059078401654
11477,11352,51.0,-34.675,172.975,19.915201154071838,19.609201154071837
11478,11353,13.0,-34.675,173.025,19.945410250104032,19.867410250104033
11479,11355,59.0,-34.625,172.925,19.864975489210337,19.510975489210338
11480,11356,13.0,-34.625,172.975,19.898230334569234,19.820230334569235
11481,11361,22.0,-34.475,172.675,19.605658047716133,19.473658047716132
11482,11362,33.0,-34.475,172.725,19.65056605497375,19.45256605497375
11483,11359,35.0,-34.525,172.775,19.713131781929405,19.503131781929405
11484,11360,44.0,-34.525,172.825,19.753889357089065,19.489889357089066
11485,11363,124.0,-34.475,172.775,19.69349774107104,18.949497741071042
11486,11364,50.0,-34.475,172.825,19.734370524209226,19.434370524209225
11487,11365,67.0,-34.475,172.875,19.773105300351745,19.371105300351743
11488,11368,142.0,-34.425,172.875,19.75322605186375,18.90122605186375
11489,11366,,-34.475,172.925,19.809631548268953,
11490,11367,100.0,-34.475,172.975,19.8438940551423,19.2438940551423
